商品采价地区名称,商品主键,商品价格,商品采价日期,商品采价地区编码,主键ID
舟山市,0000002U0000007X000000070000000X,4.3,2019/1/25,330900,a94f525b-9b97-4062-be69-707934edc370
台州市,0000001700000031000000070000000X,2.17,2018/8/25,331000,639205dc-8181-4ee3-adfd-29a82239bcba
温州市,0000000H0000003P000000070000000X,25.67,2017/12/15,330300,082dd835-cd5c-4141-b911-d960c621398c
金华市,0000000H0000003P000000070000000X,20.67,2017/8/5,330700,bdee9dec-e9c9-46d7-b781-d694e6f8eee0
台州市,0000000C0000002Q000000030000000X,63.33,2017/5/25,331000,1cffc1f2-b6af-4a41-8c97-9fa7fb372011
湖州市,0000000S0000002Z000000070000000X,9.67,2018/9/5,330500,d1d5db4a-bd58-4bd8-8c9c-4376d0653c74
台州市,0000000G0000003F0000000700000010,10.2,2017/12/26,331000,09c16961-8ff0-435a-9954-ad2929d3a4f5
衢州市,0000000G0000003F0000000700000010,10.4,2019/1/29,330800,6bf3084a-d65d-449f-a92f-2442268427e7
温州市,0000002200000038000000070000000X,3.33,2017/5/5,330300,d8a444d9-7b83-40e0-afb0-be1e749f4f57
绍兴市,0000000P0000003E0000000700000010,4,2019/2/19,330600,f52593dc-7caf-453c-bfc9-8ee0caca569d
丽水市,0000000G0000003F0000000700000010,6.9,2018/5/15,331100,5b47e771-0c20-421a-b47c-fb9e62fad696
绍兴市,0000001Z00000036000000070000000X,3.83,2018/3/15,330600,8100c55a-9a2a-4368-9ade-f49845891d1e
绍兴市,0000003100000081000000130000000X,66,2017/5/15,330600,a1f7e618-040a-454e-a991-5010cb3ed315
绍兴市,0000001A00000031000000070000000X,3.83,2017/10/5,330600,5cc80d8f-565e-4853-975d-ad8f371f9e17
杭州市,0000000Z00000031000000070000000X,5,2017/2/5,330100,00cf013d-579e-40dd-a1c2-3131d8f579e8
丽水市,0000001200000031000000070000000X,3.17,2017/12/5,331100,9d3336b3-352e-4c15-8c98-cd3b7088ca14
金华市,0000001200000031000000070000000X,4,2018/2/5,330700,80042ccd-8f72-43cc-9bda-872f70d8c688
绍兴市,0000001200000031000000070000000X,4,2018/1/5,330600,ae67727b-17fd-4b81-afaf-3a22898ffbc4
浙江省,0000000G0000003F0000000700000010,10.68,2018/12/11,330000,b6c374dd-a4c0-4016-9980-99b49b2b1f16
丽水市,0000000H0000003N000000070000000X,13.83,2017/3/25,331100,2ba8ebd2-0665-4ebf-bcbd-e88bba631298
浙江省,0000000P0000003E0000000700000010,3.09,2017/4/4,330000,de9f86fb-f360-48f4-8cca-90faa33cec85
金华市,0000000D0000002R000000030000000X,42,2018/11/15,330700,10ff4512-2e48-4f31-b951-8f7f9fbd2760
浙江省,0000000C0000002Q000000030000000X,63.84,2017/9/15,330000,900c0b4a-2c5d-4885-a69d-2ba620e69c46
衢州市,0000000S0000002Z000000070000000X,9.33,2018/2/15,330800,f219c9a6-5464-4acc-b1cb-93e3973a2df9
杭州市,0000000D0000002R000000030000000X,46.33,2017/1/25,330100,11c25ac6-0306-47b2-a378-8825bf10fb68
宁波市,0000000H0000002T000000070000000X,16.07,2016/12/15,330200,0d0e6a8a-578e-4490-8e1a-f3f3d285815c
嘉兴市,0000001Z00000036000000070000000X,5,2018/5/25,330400,b6f31b3c-f6e2-4dc0-a3ed-58eafd0614b4
温州市,0000000C0000002Q000000030000000X,60,2018/10/5,330300,bc0375aa-6091-4975-b2f9-761d7891db54
湖州市,0000000P0000003E0000000700000010,5,2019/1/15,330500,869e68ef-79f9-4cff-b676-789a6eef2b76
湖州市,0000002200000038000000070000000X,4.17,2017/4/15,330500,2349559a-24ab-423e-8496-55180342b373
湖州市,0000000P0000003E0000000700000010,3.3,2017/7/18,330500,3608f000-5df2-4de5-a9d2-5e4ff4c229cd
衢州市,0000000H0000002T000000070000000X,18,2017/5/5,330800,f42295e5-adbe-4305-8913-8cc1bbe7394d
杭州市,0000000H0000003N000000070000000X,14.33,2018/4/25,330100,45b2e43d-65c2-4bc9-a6b8-1b53d013b6c5
湖州市,0000000Z00000031000000070000000X,4.67,2019/1/25,330500,deb55c33-dfc6-49b2-82bc-ad11194cf661
衢州市,0000000H0000003P000000070000000X,22,2017/5/15,330800,72bae9f3-e095-4ad9-a920-d975a726f484
湖州市,0000001E00000031000000070000000X,4.17,2019/1/15,330500,cddcc2b0-76bd-44a5-8ae4-2684e205562a
台州市,0000001Z00000036000000070000000X,6.33,2017/3/5,331000,299ad645-ba9c-41ac-8c4b-45225577c4cd
杭州市,0000000J0000003S000000070000000X,35.83,2018/3/25,330100,1978ee6b-b695-4817-a0f7-6c514b8bd3be
丽水市,0000000J0000003S000000070000000X,35.33,2016/12/15,331100,55b9bff1-ca85-4f23-80f0-3f1f755de1ad
金华市,0000001E00000031000000070000000X,3.67,2016/12/25,330700,ed4b66ff-ef20-4937-965c-cbd23a54d909
金华市,0000000P0000003E0000000700000010,4.3,2018/12/4,330700,17017bfb-1357-4f0a-b0ce-c6388dc92590
嘉兴市,0000002P0000007W000000070000000X,3.2,2018/4/25,330400,a70cf2d2-511f-4854-960f-74c900985d1e
绍兴市,0000000M0000003V000000070000000X,9.67,2017/5/15,330600,c5193d53-20e9-4a5a-a8cd-9c66b9693029
台州市,0000002U0000007X000000070000000X,4.5,2018/10/15,331000,b2766cea-0362-4df7-ab4b-0ac735c9b87d
台州市,0000000P0000003E0000000700000010,5.02,2017/9/12,331000,474d9f88-c5f1-4c90-8180-67c736da88a8
宁波市,0000000S0000002Z000000070000000X,9.83,2018/9/15,330200,f789cde0-a921-403f-af58-6daf86b1b1d0
舟山市,0000000D0000002R000000030000000X,43.63,2017/3/25,330900,977c0928-6554-4780-aef9-83f6cf4ef48d
宁波市,0000000C0000002Q000000030000000X,73,2019/1/15,330200,02c78160-d8b7-4a3a-9fea-a80ce5e36ffd
宁波市,0000000K0000003U000000070000000X,33,2017/4/5,330200,e929b0aa-2739-4375-84dd-728a98b9949a
绍兴市,0000000X0000007T000000070000000X,56,2018/4/5,330600,ac8a3e4e-4215-4ef5-be61-122e8a4141a5
台州市,0000000Z00000031000000070000000X,2.67,2017/3/25,331000,42894544-d527-41bd-ad58-78684bdfcc56
浙江省,0000000S0000002Z000000070000000X,9.59,2017/5/25,330000,3134b446-28dc-4b26-a573-a83a564e435a
杭州市,0000001200000031000000070000000X,4,2017/8/15,330100,948ed354-f796-469e-af8f-bb8e3b23e7c8
嘉兴市,0000002U0000007X000000070000000X,4,2017/5/5,330400,7b3a5555-5e41-4a49-9707-3ea9d26270ae
嘉兴市,0000001Z00000036000000070000000X,5.83,2018/1/5,330400,d41ee856-43b1-492b-ba59-93908a39f105
金华市,0000000Z00000031000000070000000X,6.67,2018/9/25,330700,6dca2b96-c85b-4a41-9ab2-d812e68d5cd2
嘉兴市,0000000P0000003E0000000700000010,3.33,2017/4/11,330400,e587c2a5-95e2-4e8b-b0bf-c1618f1b835f
浙江省,0000000D0000002R000000030000000X,44.47,2017/1/25,330000,f377a400-8e57-4f88-b897-b5b2044f4353
温州市,0000001200000031000000070000000X,4,2018/11/25,330300,f927aa59-9b95-4d2f-80db-112d84476974
衢州市,0000000K0000003U000000070000000X,32.33,2017/9/15,330800,e7c34cd8-1c78-49e4-bf02-c0a249f5c755
绍兴市,0000000P0000003E0000000700000010,4.9,2018/8/14,330600,302e8c00-d4bc-401b-9385-741bc84cca2c
湖州市,0000000H0000002T000000070000000X,16.33,2017/11/15,330500,48781729-eaae-4812-ac66-fe24f9ceaa06
浙江省,0000000D0000002R000000030000000X,43.14,2018/8/5,330000,ae453fb4-cada-4941-97c7-3592a42ea828
杭州市,0000000D0000002R000000030000000X,46.67,2019/3/15,330100,efb7200d-07ee-402c-9cf0-b2e751484e92
衢州市,0000001400000031000000070000000X,5,2017/12/15,330800,94823bbc-41e6-42fb-bc3d-c0058a279702
衢州市,0000000X0000007T000000070000000X,26.67,2017/4/5,330800,e42a1f35-a601-4060-b916-4b71c0158609
嘉兴市,0000000S0000002Z000000070000000X,9.33,2018/5/5,330400,fd1419f4-882c-4e76-8630-350cd789dcff
金华市,0000000H0000002T000000070000000X,15.83,2017/1/5,330700,13d0c6ef-6743-40c6-8298-01ef40d73eb3
浙江省,0000000J0000003Q000000070000000X,43.27,2018/12/25,330000,9d59d2d4-1789-44b2-9d8a-ee96c640149d
温州市,0000000S0000002Z000000070000000X,9.33,2018/12/5,330300,d9ae92e0-b320-44b6-9178-3429cb45c3bf
温州市,0000002U0000007X000000070000000X,4.17,2018/2/5,330300,b2e3574d-f3ec-4c20-9609-f8b4c86a81f4
宁波市,0000003100000081000000130000000X,170.33,2016/12/15,330200,1e1b5aed-a417-463e-b309-7c5a1ae97222
金华市,0000001200000031000000070000000X,2.83,2017/7/15,330700,2eee27da-13af-4e99-b445-ff8ced6c26b1
舟山市,0000001E00000031000000070000000X,3.33,2017/1/15,330900,5e9c3fc1-22c9-4bba-b110-fd9881a64017
台州市,0000000H0000003P000000070000000X,24.33,2017/11/15,331000,a8a94976-e922-4328-8cb5-ac3c6104da32
台州市,0000000J0000003S000000070000000X,33.33,2017/2/25,331000,34748664-2118-4053-ad94-d61a11055383
浙江省,0000000Z00000031000000070000000X,5.12,2017/8/5,330000,aa638f16-3880-47f2-b7c0-e35c7d003d8c
温州市,0000000H0000003P000000070000000X,25.67,2018/1/15,330300,df3a14c1-69c7-4ca1-9608-a508b25d7d65
湖州市,0000000Z00000031000000070000000X,7.5,2017/8/25,330500,4e009853-10b2-4a45-a069-a36cc073f3d5
湖州市,0000002U0000007X000000070000000X,3.87,2018/1/15,330500,4396fc6c-f10b-482a-89f9-250c9df9d2ec
丽水市,0000000D0000002R000000030000000X,54.6,2017/2/15,331100,4400b3b7-c2cb-48ad-9b49-0542a6da9352
台州市,0000000D0000002R000000030000000X,39,2017/11/5,331000,cd390566-5f9b-48ce-afc8-c0bb65708fba
宁波市,0000000D0000002R000000030000000X,46.43,2017/3/5,330200,14881908-c73b-41d3-b831-1e3b07f29369
嘉兴市,0000000P0000003E0000000700000010,5.33,2019/1/29,330400,0d5b620c-f087-410b-b2f5-93e84b827e0a
金华市,0000000P0000002W000000070000000X,3.87,2017/5/5,330700,77502006-799a-4bf7-b5b9-f7232b8733f1
湖州市,0000000M0000003V000000070000000X,17,2018/5/25,330500,4bc90c58-a96f-465f-8f6a-b6a8f6334889
嘉兴市,0000000P0000003E0000000700000010,5,2017/9/26,330400,f98a3d52-e2ea-44fd-b410-9c8822959a97
舟山市,0000002P0000007W000000070000000X,3.1,2017/9/25,330900,3c3d4f9d-6f97-4e86-bc41-10b07e1c4015
浙江省,0000001Z00000036000000070000000X,5.85,2018/7/5,330000,0be8f7cd-a876-40a4-8723-3bbb0e74ff35
丽水市,0000001A00000031000000070000000X,5.67,2018/10/25,331100,bac68f74-0746-4a8f-a4aa-5a8ebad32361
温州市,0000003100000081000000130000000X,63,2017/8/5,330300,1e3be513-a3e1-4cb9-8403-a4019061228c
绍兴市,0000001200000031000000070000000X,2.5,2017/6/15,330600,995d0eaa-4f18-40a3-acb2-a849ac2aaa59
舟山市,0000001500000031000000070000000X,4.33,2018/4/5,330900,b3c0fd4b-2410-4b23-8df1-bbda1f2af209
杭州市,0000000H0000003P000000070000000X,21.17,2017/3/25,330100,cce5416c-74d1-4437-a944-47ebd644a1c4
温州市,0000002P0000007W000000070000000X,2.17,2017/4/5,330300,7be56edb-cb48-44d1-a049-d3bf949c0994
浙江省,0000000G0000003F0000000700000010,11.15,2019/1/8,330000,d90d7a44-2c13-41fd-9347-4a4c1a3bada6
衢州市,0000000J0000003Q000000070000000X,42.67,2019/2/25,330800,93443c2e-b1d8-4ef2-9002-0cd0f7cb57bb
湖州市,0000001Z00000036000000070000000X,5.33,2017/4/5,330500,184ca138-df3c-4c9b-909c-ab7cb8876c0b
舟山市,0000001200000031000000070000000X,3.5,2017/4/15,330900,8191cb10-2b4b-40d8-a16b-ddbedb1c7f8e
舟山市,0000000H0000002T000000070000000X,15.67,2017/4/25,330900,51f69db3-bce0-43fc-9a75-5ff673b6152f
台州市,0000000X0000007T000000070000000X,26,2018/8/15,331000,2a5e5842-5b56-4db1-a871-d10d54865476
丽水市,0000000D0000002R000000030000000X,51.27,2016/12/25,331100,f5707f1b-6a7c-40dd-81ee-626cc85e9bd8
台州市,0000000M0000003V000000070000000X,10.67,2017/11/15,331000,9e703a6a-b899-4a6e-a723-bc582e01a745
台州市,0000001200000031000000070000000X,3.33,2018/10/25,331000,947c1b3f-3bc1-42db-97e0-fa75d7c7e610
浙江省,0000000C0000002Q000000030000000X,64.7,2017/2/25,330000,8922c166-40ed-4be4-85a5-32c3991c1b68
温州市,0000000P0000002W000000070000000X,5.77,2019/2/5,330300,9730d4ed-01d4-4899-ae17-f530fb5d4388
湖州市,0000000S0000002Z000000070000000X,8.67,2017/12/15,330500,8cd5c124-4fb0-4b11-a57f-5e7a1badff0b
湖州市,0000000G0000003F0000000700000010,7.3,2018/5/1,330500,b31a6527-56d7-4a42-8cc9-7df5a42f5680
金华市,0000002U0000007X000000070000000X,3.93,2017/7/5,330700,b174460e-cffb-4502-8c95-af8c9ea2215d
宁波市,0000000H0000003P000000070000000X,25.33,2018/3/15,330200,11d86795-9df8-4b86-bd23-e4d205a30ff2
绍兴市,0000000K0000003U000000070000000X,32,2017/1/15,330600,2024cd9f-1e83-4c41-b2ae-c57dedb59594
金华市,0000000H0000002T000000070000000X,15,2017/11/25,330700,f123c670-8f5d-40be-9b5d-63548e5fcfeb
宁波市,0000000S0000002Z000000070000000X,9.47,2017/6/5,330200,2c44dec5-4831-4398-a3d5-9656c9b548aa
嘉兴市,0000001700000031000000070000000X,3.17,2017/5/5,330400,c75a8c9f-6729-4a98-ba02-17a83a0c679b
丽水市,0000003100000081000000130000000X,84,2019/2/25,331100,29c6f51e-4fb2-4872-9842-debafebe1edf
舟山市,0000001K00000031000000070000000X,5,2018/9/5,330900,0272a28f-decf-4531-821a-62e29f029580
温州市,0000001700000031000000070000000X,2.5,2017/7/15,330300,03fe2fdf-1cda-4d42-beee-50094c38abd7
温州市,0000000S0000002Z000000070000000X,9.67,2017/10/15,330300,9acc1829-3651-4721-a787-3490b95c5d40
宁波市,0000000K0000003U000000070000000X,33.33,2017/3/5,330200,85b9049a-25e7-4b06-91e8-24bb13e94038
台州市,0000000Z00000031000000070000000X,5,2018/9/5,331000,a129063f-d24d-45b6-8d8f-642568674169
温州市,0000001E00000031000000070000000X,5,2017/11/25,330300,b3ebd30e-688f-4447-bcdb-79af170dab96
温州市,0000000Z00000031000000070000000X,3.17,2017/3/15,330300,a6a1b838-7fc6-403a-b430-44f7a8bcf7e0
金华市,0000000G0000003F0000000700000010,8,2018/4/3,330700,6e5cf8cb-1282-4072-b86f-e6b1317446a6
丽水市,0000001400000031000000070000000X,6.5,2017/4/5,331100,6bb6a9ac-9673-4c64-988a-858e441e18e4
湖州市,0000000G0000003F0000000700000010,9.2,2019/2/26,330500,782e6aea-65b1-4bbc-9781-ddb98168dd64
金华市,0000001700000031000000070000000X,2.67,2018/12/15,330700,da0d391a-ccc2-4d57-bb50-37997951a6e9
舟山市,0000000H0000003N000000070000000X,16,2018/2/25,330900,90b5ded8-e5b8-4a00-824c-0b17c6917097
绍兴市,0000000G0000003F0000000700000010,9.77,2017/10/17,330600,9e766e39-e159-4216-9fa6-69535877340e
杭州市,0000000K0000003U000000070000000X,36,2019/2/15,330100,4c49a4b0-0237-4bd7-b72b-805152c42917
台州市,0000000Z00000031000000070000000X,4.33,2018/11/15,331000,31c33db7-5ec5-4570-8aaf-e90403d9ef04
杭州市,0000000G0000003F0000000700000010,12,2018/10/9,330100,7cbf9319-d143-4eae-adb4-5e3f7e037de5
绍兴市,0000002200000038000000070000000X,3.27,2018/6/15,330600,37315b22-6e23-43fa-9f18-4cf6672be821
温州市,0000001A00000031000000070000000X,5.67,2018/1/25,330300,645a2b1a-eb81-4983-8488-7fd6b25ed070
金华市,0000000Z00000031000000070000000X,3.33,2017/11/25,330700,477225e2-2761-45b4-aab7-818d87a5733a
台州市,0000000H0000003P000000070000000X,25.33,2017/5/5,331000,3b9143b4-b9d2-47bc-a0be-b28291d347a1
温州市,0000001A00000031000000070000000X,4.33,2017/5/5,330300,772861a6-aa17-4e68-accc-99e3934e2154
宁波市,0000000G0000003F0000000700000010,12.58,2017/1/3,330200,93cba244-b979-4017-9c52-c30e75428eea
舟山市,0000000H0000003P000000070000000X,23.33,2018/5/15,330900,d7481882-f18d-4c22-a907-8cba4f12240d
杭州市,0000001500000031000000070000000X,4.33,2018/5/15,330100,8417c9a5-458b-4e0a-af05-a3ced79ce04a
舟山市,0000000J0000003S000000070000000X,34.33,2016/12/25,330900,5f036789-b43f-42e7-952d-29e7d06bd1e5
湖州市,0000001400000031000000070000000X,6,2017/4/15,330500,37fe0852-88ce-4786-af6d-8c31a6726ac6
湖州市,0000001400000031000000070000000X,5.67,2017/1/5,330500,80910637-a5fe-42a9-9e39-f2d07e9b1d20
湖州市,0000000P0000003E0000000700000010,3,2017/4/4,330500,08b3f196-67aa-418a-bcce-4306ee62af82
浙江省,0000001Z00000036000000070000000X,5.99,2017/3/5,330000,cf7890f6-b2f6-44a3-bc96-b054825971bf
浙江省,0000000X0000007T000000070000000X,34.63,2018/9/5,330000,031cb925-16a9-4442-893d-04f5d0446e49
台州市,0000001A00000031000000070000000X,4.17,2018/6/5,331000,173533f7-631d-4c31-ba95-e3e75898823a
温州市,0000001A00000031000000070000000X,5.5,2019/1/15,330300,7b145e82-4c1c-4245-a05c-13609a11a14e
台州市,0000000C0000002Q000000030000000X,63.33,2017/8/15,331000,edcb3809-3ca5-4c2b-ad72-a29a6d0ba0c7
舟山市,0000001E00000031000000070000000X,5.5,2018/6/5,330900,64936498-dd2b-4cc0-8615-b1665cd52477
嘉兴市,0000000J0000003S000000070000000X,32.33,2017/7/15,330400,5b946a73-94e2-4ef8-8139-a66ee0447f4c
台州市,0000001500000031000000070000000X,4.33,2017/8/25,331000,a447a13a-3eb1-43d5-ba6a-dd7bab10f896
杭州市,0000001400000031000000070000000X,6.33,2017/4/25,330100,f25fa28b-4585-40bd-aeee-8400023e4be0
金华市,0000000H0000002T000000070000000X,14.83,2018/1/5,330700,aab5f8f2-5ec6-4057-93a6-80a8b4f383bf
金华市,0000000D0000002R000000030000000X,42,2018/12/15,330700,e023a14c-f11c-4a5f-897a-fb5546a40a90
丽水市,0000000S0000002Z000000070000000X,9.33,2018/4/5,331100,1b8cacc0-1664-4c6b-bc12-8cd18b8be6ea
台州市,0000001700000031000000070000000X,2.33,2018/3/25,331000,8948b36c-39b7-42ea-b063-4a8a82514039
金华市,0000002200000038000000070000000X,3,2018/2/5,330700,f0167c35-3ed5-4434-92e7-3d9fe2a74ff5
嘉兴市,0000000H0000003P000000070000000X,22.33,2017/11/5,330400,26f97bf8-7c4f-49db-8490-7098040085f3
温州市,0000001700000031000000070000000X,3,2018/7/5,330300,783fd199-c6fa-4ec8-944b-71ed11b2d4fc
温州市,0000000P0000002W000000070000000X,3.83,2017/6/25,330300,c7d3fc77-b229-4742-84cd-e396ba20c487
舟山市,0000001200000031000000070000000X,3.17,2018/7/5,330900,3eb9ff38-51f1-40b6-97fa-48651c46cb90
杭州市,0000000Z00000031000000070000000X,6.17,2019/2/15,330100,07cfcc33-b7ed-4f28-b577-bb9f0eff5cdc
杭州市,0000002200000038000000070000000X,2.67,2017/4/25,330100,16642933-96f5-4b66-93ad-d94e36baf14e
丽水市,0000002200000038000000070000000X,2.76,2017/3/25,331100,fbf5522e-e101-448c-8481-933f688ec1cf
温州市,0000000P0000003E0000000700000010,3.85,2017/8/8,330300,f45a1b91-e4fb-41aa-aebc-602bbc44ea65
嘉兴市,0000000X0000007T000000070000000X,31.67,2019/1/5,330400,15ab95fc-c4c8-4f9e-9293-aa70bf32d17c
绍兴市,0000000H0000003P000000070000000X,24,2017/11/25,330600,1a97f761-0daf-4e9f-b206-d6267818abcd
金华市,0000001500000031000000070000000X,4.67,2018/2/15,330700,1494f520-11d6-4175-a3f9-33bf2c5ec505
绍兴市,0000001400000031000000070000000X,4.33,2017/7/25,330600,45e02863-3067-4e76-ac43-88ddabd20448
宁波市,0000001E00000031000000070000000X,4.83,2018/1/5,330200,cd2dd885-6161-4081-9120-158760e27496
嘉兴市,0000003100000081000000130000000X,79,2017/7/5,330400,8938a1c6-8eeb-4ef7-94ce-118805115cd8
浙江省,0000002P0000007W000000070000000X,3.14,2018/9/25,330000,009687e8-e161-49de-b8d5-e3e60c834cb8
丽水市,0000001A00000031000000070000000X,5.67,2019/2/15,331100,42f21811-8885-4972-9729-66b199668029
舟山市,0000000C0000002Q000000030000000X,51.6,2017/2/15,330900,2153a87c-1ae2-4118-bb34-8a265a89bf4f
宁波市,0000000P0000002W000000070000000X,6,2019/1/25,330200,8804bf24-8d12-43b4-990e-16c4f030f907
舟山市,0000000P0000003E0000000700000010,4,2017/1/10,330900,f25cccc3-f1c9-466d-94e5-7ebfc98d9e8a
宁波市,0000000J0000003Q000000070000000X,43.33,2018/12/5,330200,62b17f74-9c50-4c86-a50b-109a15eb2934
温州市,0000001400000031000000070000000X,6,2017/10/15,330300,dadff7f0-a5b1-4d8c-84fb-9c024d1a2334
衢州市,0000000G0000003F0000000700000010,9.3,2017/6/6,330800,7eb36d65-0efc-4344-9a29-b5813facac06
绍兴市,0000000P0000002W000000070000000X,5.17,2018/4/25,330600,5745f7e6-a594-4bbd-9ced-a7490e8e22f4
绍兴市,0000000S0000002Z000000070000000X,8.33,2018/3/5,330600,5b4aba91-b9e2-4deb-9f1f-bf790846fd41
温州市,0000001400000031000000070000000X,6.83,2017/11/5,330300,9652e20d-da72-4f5e-81ab-14c8aa13c47c
绍兴市,0000000P0000003E0000000700000010,5.3,2018/9/25,330600,c8626f8e-e3cd-4c15-9cc7-cace34957faa
台州市,0000000J0000003S000000070000000X,33.33,2017/2/5,331000,6b7cf195-5174-487e-863f-17eb6dd0b2ed
丽水市,0000000H0000002T000000070000000X,14.33,2017/4/25,331100,d1a2b947-26b7-4928-9c8c-f609b3b1a02e
丽水市,0000001K00000031000000070000000X,3.33,2018/7/5,331100,3b8f2058-6f49-4491-b9b7-0b85e72c4a79
丽水市,0000000X0000007T000000070000000X,44.33,2018/6/5,331100,55bdb6bf-e206-4a3d-b190-4633a9ed850c
舟山市,0000001200000031000000070000000X,6.5,2017/1/25,330900,a16a15e4-34bb-40e5-8963-93a6ea664975
温州市,0000001E00000031000000070000000X,5,2018/3/25,330300,496a478c-2d65-4582-92ed-0c0c2c9dbf9c
湖州市,0000000X0000007T000000070000000X,35,2017/7/25,330500,027d1b3e-12b9-42f2-80d1-33b9e6b6a370
嘉兴市,0000003100000081000000130000000X,79,2017/8/25,330400,a98ec480-b779-4faf-8675-0068b5412bda
杭州市,0000002P0000007W000000070000000X,3,2018/8/25,330100,18ce426b-dc85-4ed8-b4cc-ae7a67c92538
湖州市,0000000M0000003V000000070000000X,17,2017/12/25,330500,e59afe43-dbe9-4db5-90c8-1cfb44e80cb1
嘉兴市,0000002U0000007X000000070000000X,3.93,2017/9/25,330400,1b595d6a-0b6f-41df-aaff-65410e2e2fb4
浙江省,0000000M0000003V000000070000000X,12.82,2018/10/15,330000,9586ba43-4f57-49a6-9cec-335e54015c62
衢州市,0000000S0000002Z000000070000000X,8.17,2017/3/25,330800,789ea1c5-c588-4b63-89f7-5816c1275533
杭州市,0000000H0000003P000000070000000X,20,2017/7/15,330100,c968ada7-b0e7-4e4e-b2cf-35479ae1ce5a
浙江省,0000000Z00000031000000070000000X,4.12,2017/11/25,330000,e4749215-b8f3-4ad8-b824-a0b5ae1b5fe3
绍兴市,0000000H0000002T000000070000000X,15,2019/2/25,330600,7feb2bd6-d7ff-47ff-90c8-ab73ae0cd287
舟山市,0000000H0000002T000000070000000X,15.33,2018/1/5,330900,5c916ee5-cdc6-4538-9bce-2158cc23ce1b
金华市,0000001A00000031000000070000000X,7.33,2018/9/25,330700,91e48ade-b1c5-4f93-9ecb-4b8062dda4cd
舟山市,0000001500000031000000070000000X,4.33,2017/5/15,330900,9ad974e9-c6fa-428e-ab68-b9aa7b52ce64
浙江省,0000001K00000031000000070000000X,4.06,2018/8/25,330000,01a4f35a-1a20-479e-bd1a-b1a2b9e4820d
金华市,0000000S0000002Z000000070000000X,7.83,2018/11/5,330700,b55ff007-3fe7-4403-931c-b94a42b6934a
杭州市,0000000J0000003S000000070000000X,36.17,2018/2/5,330100,9851c637-5525-4476-8263-0ba4f8f5b26b
嘉兴市,0000002P0000007W000000070000000X,3.2,2017/9/15,330400,f270273c-623b-47f0-8a65-3c7fbf36f470
金华市,0000000Z00000031000000070000000X,4,2019/1/5,330700,22ea0e76-f3b2-4c56-9c86-8ebc1aad25dc
台州市,0000000H0000003N000000070000000X,12.33,2018/8/25,331000,4d658b1e-1d99-4669-abee-2009a5140e50
嘉兴市,0000000Z00000031000000070000000X,4,2018/5/15,330400,ba18ff7d-7953-4f62-9cee-d6b72ea715c8
金华市,0000000S0000002Z000000070000000X,7.67,2018/11/25,330700,590e4ed2-d571-4d05-ace3-45f6cc395205
浙江省,0000000H0000003N000000070000000X,12.7,2018/6/15,330000,db68802f-9799-4867-b48e-7475341e78d7
台州市,0000001K00000031000000070000000X,3.17,2018/6/25,331000,ff8a26bd-0b86-4d15-97aa-bc0cdcd4d744
绍兴市,0000000Z00000031000000070000000X,3.17,2017/2/15,330600,2d6d6084-a7fa-4126-9174-b630c159becd
杭州市,0000002U0000007X000000070000000X,4.47,2017/12/15,330100,72d59896-47f1-4624-abac-47d414230be9
绍兴市,0000002U0000007X000000070000000X,4.5,2017/9/5,330600,fb38e90b-4f17-4283-ba0d-948c35ac8bc0
丽水市,0000000P0000002W000000070000000X,3.83,2017/7/25,331100,8509d2c1-ad56-4b2a-8f21-211b83149a38
丽水市,0000000J0000003Q000000070000000X,38.67,2018/6/25,331100,6ec506cb-3da4-48c3-80d3-d1a9abecd9c3
湖州市,0000000K0000003U000000070000000X,0,2017/2/25,330500,23466bad-704f-42be-b86b-7bb8a80ca7e9
温州市,0000000D0000002R000000030000000X,46.67,2017/10/15,330300,4f0882a0-6699-483b-b054-32aa63d64dfa
浙江省,0000000C0000002Q000000030000000X,64.36,2017/4/5,330000,ad819e7c-4abc-42f2-a01e-788d8c2fe52b
舟山市,0000001A00000031000000070000000X,4.33,2016/12/25,330900,3192b8d1-3cfd-4fe8-af07-295c56ea89cd
湖州市,0000002200000038000000070000000X,4.5,2018/12/15,330500,ed1b3834-334e-4ed1-9a8f-42471610fe88
台州市,0000001Z00000036000000070000000X,5.83,2017/2/15,331000,730ae578-e888-4b0c-a56c-adc913851cd7
温州市,0000000C0000002Q000000030000000X,60,2016/12/25,330300,ffb39d92-d288-4e29-87fc-43bdeedfdf9d
湖州市,0000000K0000003U000000070000000X,0,2018/2/25,330500,fb8a4579-0ce1-4ff0-b548-4d2ab9a6296b
台州市,0000001200000031000000070000000X,4.5,2018/12/15,331000,7b3c0101-259c-4289-9267-fea410cbf697
绍兴市,0000003100000081000000130000000X,66,2018/4/25,330600,4d471082-f32e-4dc0-809a-b98c11d18d14
杭州市,0000000S0000002Z000000070000000X,8.27,2018/12/5,330100,239b2b83-47d8-4bf0-b015-099cbffd34d7
舟山市,0000002P0000007W000000070000000X,3.1,2017/4/5,330900,14e5eaa5-da77-4352-aa02-f97b4b1b0791
宁波市,0000000H0000002T000000070000000X,14.53,2018/7/5,330200,9eb11fd2-982b-4c03-82f7-e788a5f8f099
湖州市,0000000H0000002T000000070000000X,15.67,2018/12/15,330500,ffe0d24d-d595-4b73-b110-7d5f0093811e
丽水市,0000000C0000002Q000000030000000X,70.23,2018/12/25,331100,8317b2ed-079b-448f-a753-8a1564b4caa0
衢州市,0000000P0000002W000000070000000X,5,2016/12/25,330800,6387837a-9e0e-435a-a2d5-4a2ea66d295a
台州市,0000001A00000031000000070000000X,4.17,2017/7/25,331000,e1c10096-4915-405c-ab23-05145898bd48
金华市,0000001E00000031000000070000000X,4.33,2017/10/5,330700,3405e325-ff1d-4189-960d-7927774996ae
温州市,0000000G0000003F0000000700000010,8.1,2017/5/30,330300,2412f3ea-1bca-43c4-814d-786ebd9fecfc
舟山市,0000000P0000002W000000070000000X,5.33,2017/10/5,330900,e6902d62-f71d-49ab-92ff-5d3cc7ba8d8c
金华市,0000000S0000002Z000000070000000X,7.5,2019/2/5,330700,3b1faa83-0862-4fed-b0be-76cab7292cdf
绍兴市,0000000M0000003V000000070000000X,9.5,2018/9/5,330600,884f3f6b-c49b-4e6b-bc26-f1ab6e714107
丽水市,0000000Z00000031000000070000000X,3.5,2018/11/5,331100,2148398d-9028-42cf-b5c8-28e96d870ba2
台州市,0000001A00000031000000070000000X,5.67,2018/10/15,331000,0c668e8a-1c2e-4a08-8f7e-8212c565a416
衢州市,0000001Z00000036000000070000000X,5,2017/5/5,330800,0db7ed23-710e-458f-8af0-552d00b96374
丽水市,0000000P0000002W000000070000000X,4.67,2016/12/15,331100,eb9306e8-f30b-435e-97d1-dd6347677423
温州市,0000001200000031000000070000000X,3.83,2017/5/15,330300,844ee438-2ba8-406b-8464-639a1db11d00
舟山市,0000001K00000031000000070000000X,3,2017/3/5,330900,1f2457ab-b78f-49bb-8f87-cbc46806e05e
金华市,0000001700000031000000070000000X,2.33,2017/9/15,330700,6efab3c0-c675-40da-8db1-ad411956f1b3
温州市,0000000G0000003F0000000700000010,9.6,2018/11/13,330300,36350772-ab12-4a8d-bfec-16718dbe8fc0
湖州市,0000002200000038000000070000000X,4,2017/10/15,330500,58f8bcf0-4066-4492-bb58-133c797a269a
舟山市,0000000P0000002W000000070000000X,5.17,2017/11/5,330900,0a191883-7c3b-4da1-b210-94ee951574c7
浙江省,0000000C0000002Q000000030000000X,63.94,2017/7/15,330000,5d296ce8-39c3-42b9-a15d-47fa3bc70587
舟山市,0000001A00000031000000070000000X,4.5,2017/4/15,330900,11ac9d5f-6727-4257-bdd3-826d00fad5b1
金华市,0000001K00000031000000070000000X,2.83,2017/11/15,330700,0afab048-010a-45ad-ba0a-5af9f3070768
金华市,0000001400000031000000070000000X,4.33,2017/11/25,330700,2a4a1fdd-ba84-4e6b-9ee7-62746b150fb0
金华市,0000000H0000003N000000070000000X,14.33,2018/12/5,330700,f448dcc8-7077-4326-86d7-51ccff7df131
杭州市,0000000J0000003S000000070000000X,39,2019/2/5,330100,f3542326-b4a3-474e-aca9-44dac12b24c8
宁波市,0000002200000038000000070000000X,4.27,2018/8/15,330200,489c5572-5c46-4808-aa78-5921e181335c
温州市,0000000K0000003U000000070000000X,48,2017/11/5,330300,4b6f6619-64ef-4f5b-9f1a-82273a138ddd
湖州市,0000000J0000003S000000070000000X,34,2017/10/25,330500,cef6b9d3-8990-46e0-afd6-869d7d8310f7
丽水市,0000002U0000007X000000070000000X,3.66,2019/1/5,331100,42fec4c9-cea7-48a7-8667-2c9a3a691d42
衢州市,0000000H0000002T000000070000000X,20,2018/2/15,330800,d2b74e38-5a0d-472a-b82b-26265b2a7a6e
杭州市,0000000C0000002Q000000030000000X,62.67,2018/5/25,330100,0a3575c1-0435-4ca8-b739-0775abfd89c2
绍兴市,0000000D0000002R000000030000000X,49.33,2018/4/25,330600,7a6f59c0-198e-4231-9d63-9a4257eb8347
绍兴市,0000001700000031000000070000000X,2.17,2017/10/5,330600,1b81418f-46fd-4eaf-b547-5809412b2681
浙江省,0000000P0000003E0000000700000010,4.2,2017/8/8,330000,0d6d33ef-95ac-4e2e-a44c-258739ae4379
衢州市,0000000H0000002T000000070000000X,23.67,2018/11/5,330800,06d2d0d1-8b70-4376-971e-37038be50d67
宁波市,0000002U0000007X000000070000000X,4.7,2017/12/15,330200,8831ed00-2fb1-4e36-b06b-f56769fe53aa
温州市,0000000P0000002W000000070000000X,4.17,2017/5/15,330300,95767335-1d51-4586-bffb-800752b1767e
浙江省,0000001400000031000000070000000X,6.24,2017/2/15,330000,32b7665b-235a-4e61-a4bc-be3823114012
宁波市,0000000J0000003S000000070000000X,30.33,2017/10/5,330200,3be8ae1d-30e7-4386-a37e-714f6a983fee
嘉兴市,0000000H0000003P000000070000000X,24,2018/10/15,330400,f031271a-a4e4-4f52-a980-264b27a5859c
宁波市,0000001200000031000000070000000X,3.73,2017/5/5,330200,02f056b0-4521-4f51-8947-f5a957167276
衢州市,0000002200000038000000070000000X,2.67,2016/12/15,330800,e332374e-25ce-4763-876e-74099e7151a6
宁波市,0000000X0000007T000000070000000X,42.67,2018/11/25,330200,8da808da-10e8-4aa8-8fd6-1eafd0d31f27
舟山市,0000000G0000003F0000000700000010,8.95,2018/7/3,330900,46e02ec2-a05c-4d16-b4ec-65495fa0d493
衢州市,0000000K0000003U000000070000000X,35,2018/1/15,330800,ca4d9d7e-223c-4a80-b1b3-ab468f91ef55
浙江省,0000000S0000002Z000000070000000X,9.07,2018/11/25,330000,0f937d61-be73-4f77-8cf6-d940bb22e931
湖州市,0000000Z00000031000000070000000X,3.83,2017/1/5,330500,dcf8c97d-a9fa-4f45-a016-9007aa6ebaa6
杭州市,0000001700000031000000070000000X,2.6,2017/10/5,330100,8066435b-458c-4702-83e3-5ddd7860175c
舟山市,0000000C0000002Q000000030000000X,50.3,2018/12/25,330900,545c7c82-5366-48d6-9f66-ada7db0bc03f
温州市,0000001Z00000036000000070000000X,7.83,2017/6/15,330300,b4a919bd-31f4-43a6-b146-3dff41203a30
台州市,0000000P0000002W000000070000000X,5.5,2017/9/15,331000,697d7c23-6abe-4f71-8f7f-8d166d6b745f
金华市,0000000H0000003P000000070000000X,20.33,2017/3/25,330700,2a2c1a9c-a8c8-49d2-9171-f582165f354b
温州市,0000001K00000031000000070000000X,3,2017/2/25,330300,abb16a35-3b07-4924-a99c-2c8ef3bafa58
宁波市,0000001400000031000000070000000X,5.67,2018/6/15,330200,7ac2163b-35d8-494f-9d88-ed203ed284a1
绍兴市,0000001700000031000000070000000X,2.43,2018/1/15,330600,4f084065-952c-4f75-97dc-1da07efb27b0
绍兴市,0000000M0000003V000000070000000X,9.67,2018/3/25,330600,95ebde41-11ba-4890-9214-286e7850b7b0
金华市,0000000P0000003E0000000700000010,3.6,2018/5/1,330700,c8c86bf5-b5b7-449e-a036-4149b7c4ddcb
嘉兴市,0000000Z00000031000000070000000X,5.5,2018/8/15,330400,859b55be-48e2-4784-b759-328a0f199331
宁波市,0000000H0000003N000000070000000X,15,2018/9/25,330200,44b3bb92-57c9-4fe6-a337-a25a5c6e7331
金华市,0000001400000031000000070000000X,4.5,2017/12/15,330700,01955966-62f8-478a-a0fe-ca2bc7802726
浙江省,0000000H0000003P000000070000000X,23.21,2017/4/5,330000,2af37eea-ba92-4060-bd4f-fa719ea22ebe
绍兴市,0000001Z00000036000000070000000X,4.33,2017/2/15,330600,2ed46e49-26a2-41dc-a3d5-567de2528612
浙江省,0000000Z00000031000000070000000X,2.86,2017/4/25,330000,0213eb5c-0d9b-4f1a-862c-b73773ebbc70
丽水市,0000001500000031000000070000000X,5.5,2019/2/25,331100,013c1204-1d83-4fa6-939e-dfa732a59e0f
湖州市,0000000P0000002W000000070000000X,5.83,2018/10/5,330500,23d08447-aa8b-45c9-8a0f-b37f951d0c9d
杭州市,0000000J0000003Q000000070000000X,42,2018/5/15,330100,134193d9-fc97-46d6-ad6d-e2a1ca0ab7e6
浙江省,0000000D0000002R000000030000000X,43.29,2019/2/25,330000,95b7e695-4f0a-4d6f-b074-f0ffa0bfe7fd
湖州市,0000000K0000003U000000070000000X,0,2017/2/15,330500,eafb7de9-3f4f-4f47-a367-97caabfff7e8
台州市,0000000J0000003S000000070000000X,32.67,2017/4/25,331000,a30eb11e-2e00-4ee2-99c4-b251ed41a0d0
宁波市,0000000G0000003F0000000700000010,7.27,2018/5/1,330200,4b5ce1fd-d70a-4f31-b487-3ed6c2915ff4
浙江省,0000000H0000003N000000070000000X,15.75,2018/10/25,330000,4175600e-3c45-440d-88e6-6f20c96d4f6f
湖州市,0000002P0000007W000000070000000X,3.89,2019/1/25,330500,d8124b7b-be00-49b6-8d79-5e5c79b562f0
宁波市,0000000G0000003F0000000700000010,9.93,2018/2/13,330200,468ad11f-60bb-4b2c-ac29-b68bac907dbc
台州市,0000000P0000002W000000070000000X,4.93,2018/7/15,331000,5f851ac5-6c2e-4b52-88b3-4e7b697b0561
绍兴市,0000001A00000031000000070000000X,3.5,2017/6/25,330600,1709afbc-fbcf-49ab-9ba9-d08565848f9a
湖州市,0000001A00000031000000070000000X,7.33,2018/9/25,330500,444781a5-881d-4c1c-9a11-b5f76e735a2d
温州市,0000000H0000003P000000070000000X,30.67,2018/11/5,330300,0ecd23da-65e3-436e-a4d0-6549dce06710
衢州市,0000000J0000003S000000070000000X,38,2018/12/5,330800,f1e1a6d4-748c-4830-a27a-87b6d66b78ff
衢州市,0000001700000031000000070000000X,2.67,2017/8/5,330800,7178e527-3df2-419b-a221-5b029c3c419a
绍兴市,0000001Z00000036000000070000000X,5.17,2018/12/5,330600,1aeacc90-f968-4c35-814e-b385d7d2c217
台州市,0000001400000031000000070000000X,5.17,2017/5/5,331000,9ba1d025-3ed8-4672-abd4-d2b04345a32c
丽水市,0000002200000038000000070000000X,3.83,2019/1/25,331100,e34f676e-3ef4-44d5-9224-f8dbd0e546a2
浙江省,0000001500000031000000070000000X,5.82,2019/2/15,330000,75925384-2e8d-460f-8cb8-90e5a78e7c06
台州市,0000001A00000031000000070000000X,4.33,2016/12/25,331000,6f14f474-62d9-40ab-bd52-9551c15145ac
台州市,0000001A00000031000000070000000X,5,2018/11/25,331000,fa4511f8-1757-4624-be39-e8731bf506e9
金华市,0000001200000031000000070000000X,4.33,2018/3/15,330700,641c4565-4d4c-430c-bd58-6198f6907c54
杭州市,0000002U0000007X000000070000000X,4.5,2018/10/25,330100,e1e0ec8a-bb66-4643-8516-d3285e7cd2fa
宁波市,0000000H0000003N000000070000000X,15.5,2017/3/25,330200,8e26af25-3b61-4322-8522-1f110a788723
浙江省,0000000P0000003E0000000700000010,4.09,2018/3/27,330000,64e32713-62c4-41af-8809-ca0cb94b6f71
舟山市,0000000P0000003E0000000700000010,4.5,2018/8/14,330900,5937830b-79a6-40f9-97b3-635a1c6749c5
嘉兴市,0000000G0000003F0000000700000010,9.8,2019/3/12,330400,7ff7b54f-4085-4d9b-9408-452a281a4188
宁波市,0000000Z00000031000000070000000X,5.37,2018/12/15,330200,ba2e311a-c650-4564-861b-e775853c6991
宁波市,0000001400000031000000070000000X,6.1,2017/11/5,330200,b6df0b0f-e927-4164-ac18-2548b7d1dfe9
舟山市,0000000P0000003E0000000700000010,5,2017/10/31,330900,3ede34c5-cbfe-4f50-8857-a2de63e5cdda
舟山市,0000002200000038000000070000000X,4.67,2019/3/15,330900,eea8a4ac-3cda-4acf-9172-a283ff7426df
绍兴市,0000000K0000003U000000070000000X,41.67,2019/3/15,330600,28ee09a7-af4e-4046-a925-2a7e6a8bab45
温州市,0000001Z00000036000000070000000X,7.67,2017/7/5,330300,1bdf9beb-1535-4663-9e29-0b3e4b6b9a90
金华市,0000001K00000031000000070000000X,2.17,2017/3/15,330700,11cc4709-2099-4a1e-b909-f56ad51acc5c
宁波市,0000000K0000003U000000070000000X,32.5,2017/7/15,330200,21c5c905-3b61-49be-9a92-e30adb0b41d6
丽水市,0000000H0000002T000000070000000X,14,2017/11/5,331100,c9ac754c-5b89-4c72-9ffa-55bca87f6f50
温州市,0000001200000031000000070000000X,3.5,2017/6/25,330300,375eeb4c-c739-42d9-8564-fb3b7cc5d31f
杭州市,0000002200000038000000070000000X,3.67,2018/12/15,330100,eedf511a-4ddf-4390-8b06-14828b673227
衢州市,0000002P0000007W000000070000000X,3.06,2017/5/25,330800,d5b40107-5517-4d0a-97fc-2eabfa4ff097
浙江省,0000000H0000003P000000070000000X,23.47,2019/3/5,330000,3adc6e15-448c-4a22-8350-06aac8ea9bb9
衢州市,0000000G0000003F0000000700000010,9.1,2017/11/28,330800,9db16512-3484-471e-9a6e-4fdf5c29053c
衢州市,0000001200000031000000070000000X,3.33,2017/8/25,330800,78fb6a76-619c-49ee-979e-c3f5dabe94eb
衢州市,0000000G0000003F0000000700000010,9.3,2017/10/10,330800,f1262192-de55-4654-8063-7eccebe804f7
杭州市,0000000M0000003V000000070000000X,11.67,2018/12/25,330100,6f8dba02-a919-43e9-b423-34417247be02
嘉兴市,0000000P0000003E0000000700000010,5.33,2018/8/14,330400,8def2e23-0bb7-44ea-b4ad-7a483b86b89f
台州市,0000000J0000003Q000000070000000X,38.33,2018/6/5,331000,494dbeee-882f-4c07-9585-0cbe842626d1
嘉兴市,0000000P0000003E0000000700000010,4.43,2017/1/3,330400,ee7b05ca-900a-43c3-8afa-af5138151205
宁波市,0000000H0000003N000000070000000X,14.8,2018/9/15,330200,76dd0398-45b7-4502-aef3-a45772324da5
湖州市,0000001E00000031000000070000000X,5.67,2017/8/15,330500,68b6f0c5-1580-4d13-9fe5-fab645192248
嘉兴市,0000001Z00000036000000070000000X,5.67,2017/1/15,330400,32b5cd02-f519-4169-a8fd-a3af23de07e9
浙江省,0000000P0000003E0000000700000010,4.96,2018/1/16,330000,fdfa870b-277c-4f57-afd9-4d07a82c2640
杭州市,0000000H0000002T000000070000000X,17,2017/9/15,330100,4e9e6a85-a5ad-48d7-a35b-0ea1871f27c5
温州市,0000002P0000007W000000070000000X,2.33,2017/12/5,330300,93aa532e-ee7b-464c-934d-9c7de1fa4152
温州市,0000001E00000031000000070000000X,4.5,2017/8/5,330300,15f7b4d2-8280-41b9-9e0d-70c593192414
杭州市,0000002U0000007X000000070000000X,4.33,2017/3/25,330100,7faafb15-7ad4-464f-8862-6e76683ddaa5
湖州市,0000000H0000002T000000070000000X,17,2017/2/15,330500,ff854c2e-420c-47c9-801a-b6de27661bc0
金华市,0000002U0000007X000000070000000X,3.83,2017/7/25,330700,f081d73d-f065-4466-9bc4-9a6535faef9a
温州市,0000001500000031000000070000000X,4.5,2017/6/5,330300,b294dc75-62da-4cc7-a19b-4ed2d4245f8d
台州市,0000001A00000031000000070000000X,4.17,2017/12/25,331000,22c5fdd2-0a7d-410f-aa0f-92ec1d7c4fa8
舟山市,0000000H0000002T000000070000000X,15.33,2017/12/25,330900,2fb0c398-673a-46d7-b867-e6e0abe5e7df
湖州市,0000001E00000031000000070000000X,4.17,2017/4/25,330500,4a90ad57-839d-4429-9760-4699eeede69f
衢州市,0000003100000081000000130000000X,86.27,2018/11/15,330800,0142d621-5afe-4f26-904b-fedd609299b3
舟山市,0000000C0000002Q000000030000000X,50.3,2017/7/15,330900,98d0606d-96d7-4a70-8903-8108672b12eb
衢州市,0000000Z00000031000000070000000X,3.5,2018/5/15,330800,72c2e9a8-2779-472c-a86c-9a874d1f36df
金华市,0000000J0000003S000000070000000X,34.33,2018/8/5,330700,250332d6-cb90-4134-83d5-66aa9c98d207
台州市,0000000G0000003F0000000700000010,9.25,2019/2/26,331000,e6e10468-7312-4d54-a0b3-607ca6a638e5
金华市,0000000Z00000031000000070000000X,2.17,2017/1/25,330700,549f7603-ad43-4d22-91e8-b14a9e2242a1
台州市,0000002U0000007X000000070000000X,4.5,2018/6/5,331000,fe2e32a7-66e0-4f55-8d58-68981bb2bd5f
宁波市,0000001Z00000036000000070000000X,6.87,2018/2/25,330200,8a299159-0164-4dfb-88a6-43a379ba8e50
宁波市,0000001700000031000000070000000X,3.33,2018/12/25,330200,f1555324-89b1-4876-b458-497f4bb03059
舟山市,0000000M0000003V000000070000000X,13.33,2017/8/5,330900,106c5c47-5280-4feb-93f2-cb93ebdb1c6f
浙江省,0000001K00000031000000070000000X,3.66,2018/7/15,330000,318998c0-9111-4aac-a4fc-fd8b3b9cc8a2
杭州市,0000001700000031000000070000000X,2.83,2018/5/5,330100,a2e52a6c-a0ba-4d77-9d8d-9dd893c820e2
绍兴市,0000000C0000002Q000000030000000X,57.67,2018/6/25,330600,69e0b6f5-9f4c-44e6-9305-15ceea2171b9
丽水市,0000000G0000003F0000000700000010,10.5,2019/2/5,331100,1d0a8f0d-e9e2-4859-ab96-ed19f8019d92
丽水市,0000003100000081000000130000000X,84,2017/11/25,331100,b52903c6-8e34-4287-baee-8383f00e4b40
金华市,0000001Z00000036000000070000000X,6,2017/5/25,330700,893bbc0f-d5ba-46a6-b328-6a17c7e77be8
台州市,0000000J0000003Q000000070000000X,39.33,2017/12/5,331000,fa304a45-ab9e-4df6-bb5d-48f1743d754e
绍兴市,0000003100000081000000130000000X,66,2016/12/15,330600,d2a91a2f-a38c-4f50-bd45-fbb8ae9a75d6
舟山市,0000000X0000007T000000070000000X,43.67,2018/1/25,330900,383b5315-2af9-4f4c-a71d-e24b0047295b
金华市,0000000J0000003S000000070000000X,34.33,2017/11/25,330700,f1d4c8d7-cb8f-4bb2-992d-237c9aa8db4f
浙江省,0000000P0000003E0000000700000010,4.95,2018/1/9,330000,019be4ff-f398-4732-93e6-15b8b689c577
丽水市,0000000J0000003Q000000070000000X,39,2018/3/25,331100,32bf38c3-ec4d-4435-bbad-6738742f920b
舟山市,0000000P0000002W000000070000000X,6,2018/9/15,330900,a9bbc69a-17a9-4ee3-8c4f-01c623e0415a
舟山市,0000000D0000002R000000030000000X,44.97,2018/9/15,330900,c9d170d3-e9a5-45b9-855e-86476152248f
金华市,0000000S0000002Z000000070000000X,7.83,2018/5/25,330700,2a78e3a8-e41e-40c8-ba7d-e2f68ea2f7e9
杭州市,0000001700000031000000070000000X,2.87,2017/5/25,330100,03f202b1-d93e-403c-bc64-90fc6b31cc6d
浙江省,0000000H0000002T000000070000000X,15.8,2017/12/5,330000,0e9afd02-12ad-4613-99e3-f82c1856c764
绍兴市,0000000H0000003N000000070000000X,12.67,2018/6/5,330600,45f2ff6a-fc1d-423c-a2e4-5c4565f25a17
嘉兴市,0000002200000038000000070000000X,4.5,2018/3/5,330400,9eb75947-2d00-4a93-97a6-cc3fdb2de259
台州市,0000002P0000007W000000070000000X,3.45,2018/5/25,331000,c166ac71-b4b6-4c31-8249-24613c38d96b
温州市,0000000D0000002R000000030000000X,46.67,2017/4/25,330300,ded3b992-56fa-4a33-bc3d-17c1f009cba0
浙江省,0000001200000031000000070000000X,3.7,2017/9/25,330000,08b3d095-ce64-4fac-b5f3-b18de2ecba55
浙江省,0000003100000081000000130000000X,94.57,2017/11/5,330000,9b005e6d-6140-4737-88cb-174b124b2408
舟山市,0000000P0000002W000000070000000X,5.17,2018/6/5,330900,03f6cff9-06da-44f0-8381-218a71978e2e
绍兴市,0000000J0000003S000000070000000X,33,2017/5/5,330600,b6549001-bae5-4370-9c7a-8946c7f65b96
金华市,0000000D0000002R000000030000000X,42,2018/11/5,330700,439d2f4f-89a1-4bf4-af5b-2d912927e526
杭州市,0000001200000031000000070000000X,4.17,2017/4/5,330100,b9e205a7-47bb-4f1a-9caf-dfe16fa02c39
嘉兴市,0000000Z00000031000000070000000X,5,2018/3/5,330400,b7049893-0eb5-4670-bc36-ee289c164674
金华市,0000001200000031000000070000000X,2.5,2017/6/25,330700,b4990d36-b07c-4070-8acc-7e38ce05ac14
湖州市,0000000P0000002W000000070000000X,5.83,2018/1/15,330500,80d490aa-18ca-4b36-a16e-efdc8525e6c3
台州市,0000000X0000007T000000070000000X,34.33,2017/7/15,331000,1428457f-c3b3-4b02-af3d-050fa104a58a
嘉兴市,0000000P0000002W000000070000000X,5.5,2018/1/5,330400,03eb4034-07c1-4a7e-917f-de6a36265d45
台州市,0000000H0000003N000000070000000X,14.17,2017/3/5,331000,1ad740cf-2eaf-4df9-9482-3fb06bfef12f
舟山市,0000001A00000031000000070000000X,4,2017/5/25,330900,9c2acde7-e988-4b0a-bfc2-47b40e999748
温州市,0000000X0000007T000000070000000X,37.33,2017/9/25,330300,ad516487-fee8-4f92-a72c-3001a8967ad5
湖州市,0000000H0000002T000000070000000X,15.33,2018/4/15,330500,fab926dd-ed94-4df7-ab19-02358cd5cf6f
温州市,0000000P0000002W000000070000000X,6.17,2018/12/25,330300,08160a59-ae02-4869-b19a-c5d34117816a
台州市,0000000J0000003S000000070000000X,34.33,2018/8/5,331000,ecff55ce-2c34-408d-991e-98b2225aefe1
宁波市,0000000H0000003N000000070000000X,14.43,2018/1/5,330200,31a89e8b-b57b-465a-9710-e673fc9daaea
舟山市,0000000M0000003V000000070000000X,13.67,2018/12/25,330900,115fffe4-319e-48ee-b1f5-340803fe8e65
丽水市,0000000S0000002Z000000070000000X,9.67,2019/2/5,331100,0ffeaa65-c604-478a-93c9-59dd0d534b91
嘉兴市,0000003100000081000000130000000X,79,2017/9/5,330400,112aeaa3-e38d-43bf-bc71-395499c0235c
衢州市,0000001500000031000000070000000X,4.67,2016/12/25,330800,6064cf48-771a-4e29-87c6-246b4acac936
舟山市,0000002P0000007W000000070000000X,3.1,2017/8/5,330900,9517ddee-fe17-4313-acb2-7f6854eeb7d1
杭州市,0000000H0000003P000000070000000X,19.83,2018/8/25,330100,53748a1e-8107-49fd-a9ad-30b21556794f
台州市,0000002U0000007X000000070000000X,4.5,2018/12/25,331000,e104bfc1-68b5-4945-b561-b341fb41dd10
嘉兴市,0000001200000031000000070000000X,4.17,2018/5/5,330400,c6d10fad-d193-4538-95de-83f9883580f3
绍兴市,0000002P0000007W000000070000000X,2.33,2017/10/25,330600,1db48ca0-da7d-47a7-a27b-a97d6dea0161
湖州市,0000000M0000003V000000070000000X,17.33,2019/2/25,330500,66fa7c65-dbd8-42ca-99aa-638c9be94584
嘉兴市,0000001E00000031000000070000000X,4.83,2018/3/15,330400,bf0884a2-0a34-4b03-80c5-ac2efc75c346
金华市,0000000C0000002Q000000030000000X,68.87,2019/1/25,330700,e8dd184a-7436-4558-b3fb-bbabe8490969
浙江省,0000001K00000031000000070000000X,3.73,2018/2/5,330000,4fbe52fb-6c96-49bf-9268-e95f436158ea
嘉兴市,0000000X0000007T000000070000000X,30.33,2017/7/5,330400,ce89cf12-1d02-494e-a7cf-e4a8becfd037
杭州市,0000001500000031000000070000000X,5,2017/2/25,330100,d4501fcc-de7a-4e11-842c-0c2eb5cec81d
浙江省,0000001700000031000000070000000X,3.05,2018/2/15,330000,efeb911c-61f9-46b4-9991-fb8027bdb146
舟山市,0000001K00000031000000070000000X,3.67,2019/3/5,330900,693bdc15-4e87-4877-947e-c40360a2736f
台州市,0000000J0000003Q000000070000000X,39.33,2017/12/25,331000,1ba768bd-2ad7-48e9-9561-fcebfe7ec366
丽水市,0000002200000038000000070000000X,3.83,2018/12/15,331100,0f8d0bde-1240-414d-980c-e44cf479db57
丽水市,0000000D0000002R000000030000000X,54.6,2018/12/25,331100,6e6237da-c8f9-4540-8e96-41c39153ff62
温州市,0000000H0000003P000000070000000X,24.33,2017/5/5,330300,ca97474f-5240-4d7d-84c9-6e680b62862d
金华市,0000000P0000003E0000000700000010,2.6,2017/3/14,330700,9f921477-0f5d-4ab8-841a-ddc7c3de7fd2
绍兴市,0000000P0000002W000000070000000X,5.67,2017/8/25,330600,f2b3d0f8-0010-4699-ae0c-4e007de3b87b
舟山市,0000000H0000002T000000070000000X,14.33,2018/5/25,330900,e28ee505-776d-468a-8e38-8d76f583820e
温州市,0000000C0000002Q000000030000000X,60,2018/11/5,330300,2e8e71c3-23f2-4391-8fac-e8def81826be
宁波市,0000002U0000007X000000070000000X,4.5,2018/12/25,330200,f15e8ad6-c7d3-4ac8-b1be-14642016a706
杭州市,0000000H0000003P000000070000000X,21.33,2017/12/5,330100,1740566c-edad-4bae-b3ed-cc439e02ef1e
宁波市,0000001E00000031000000070000000X,8.23,2018/10/5,330200,08b6171e-1633-41c7-a743-e2fb59ea0d7f
衢州市,0000000K0000003U000000070000000X,36,2018/3/5,330800,43abed22-8070-480c-ace4-06c9eff518f3
绍兴市,0000001Z00000036000000070000000X,4.43,2018/1/15,330600,78f9aa63-90bd-42ad-bf07-b620e6620a84
宁波市,0000001400000031000000070000000X,8.67,2019/3/5,330200,a19ef5ab-8dc6-4994-93b1-b57884a7487f
宁波市,0000000C0000002Q000000030000000X,73.17,2018/7/25,330200,76fd2391-36c1-4def-b5ea-cc2566728a55
杭州市,0000000D0000002R000000030000000X,46,2017/8/25,330100,5440802b-785d-452c-881f-d41f93d17357
舟山市,0000000H0000003P000000070000000X,24.33,2018/4/5,330900,f651a684-95e9-4dbc-9a9a-0981c145a28b
宁波市,0000000C0000002Q000000030000000X,80.33,2017/7/15,330200,f7c972a2-9667-442e-873f-7154a8e18950
金华市,0000000J0000003S000000070000000X,37.67,2019/2/25,330700,ceeff24f-c1b1-4ce4-b409-086c5daf2e5b
宁波市,0000000C0000002Q000000030000000X,81.67,2017/3/5,330200,66281cc3-2552-4b29-8788-fb7e421906ae
宁波市,0000000H0000003N000000070000000X,14.83,2017/4/25,330200,59c03f17-3629-4342-8ee2-c308f7d28797
台州市,0000001A00000031000000070000000X,4.67,2018/4/25,331000,283f9d87-e093-44fa-86c6-24778ae6e1fd
台州市,0000000H0000002T000000070000000X,13.17,2017/5/25,331000,fd0f7f89-5ebb-4b2c-8b3a-e72b9afdb487
衢州市,0000001400000031000000070000000X,6.67,2019/1/25,330800,3f0187d5-2c8e-48e6-b850-42a54e814b33
台州市,0000000J0000003S000000070000000X,35.67,2018/10/25,331000,4e1e4dc9-b306-455d-8d26-76d75eb57dd3
浙江省,0000000X0000007T000000070000000X,35.63,2018/7/25,330000,d0b02cd6-5a4f-411a-a7d4-da4248b33e3c
丽水市,0000001Z00000036000000070000000X,5.33,2016/12/25,331100,1bb5bb25-1b0f-4563-833f-dd6b45409f4b
绍兴市,0000000P0000003E0000000700000010,4.4,2017/10/31,330600,0f927da9-e057-49a0-b15e-577ffc018922
衢州市,0000001K00000031000000070000000X,3.67,2018/10/5,330800,e5278de8-9092-404e-b626-39e03c4ba99a
温州市,0000002200000038000000070000000X,3.17,2017/4/5,330300,7f426351-f8f8-4653-bbab-e3a988d162fe
浙江省,0000002200000038000000070000000X,2.96,2017/11/25,330000,128a35dd-0e70-4667-9455-cfcb73008a7f
宁波市,0000001E00000031000000070000000X,4.27,2017/3/25,330200,29aec1ed-4d18-4df5-af99-c6ead1cdc878
杭州市,0000000H0000003N000000070000000X,15.67,2017/7/15,330100,d1d20848-8e45-4647-b3e4-db1cc7205fd5
台州市,0000002200000038000000070000000X,2.5,2017/9/5,331000,3e1e3608-33b2-4f4c-8244-9eeab86e3c9e
金华市,0000000H0000003N000000070000000X,12.83,2017/8/25,330700,969f6470-cc07-47b0-8fee-b82f537576d9
湖州市,0000000H0000002T000000070000000X,16.33,2018/2/5,330500,7efd6a75-296a-4921-902e-4669e15610d3
湖州市,0000001200000031000000070000000X,5.17,2017/2/15,330500,725c341f-065c-4b44-8059-f17da959daf6
丽水市,0000000M0000003V000000070000000X,11.33,2018/12/25,331100,51d2660a-2da8-4cd7-876c-4e24dbacc410
温州市,0000000P0000003E0000000700000010,4.25,2017/11/21,330300,c86d05ef-55e7-4765-beab-ce47199b82ff
温州市,0000000G0000003F0000000700000010,8.55,2017/6/6,330300,e2993f98-0b68-47f8-bd61-d7ab8f758a3f
杭州市,0000000P0000003E0000000700000010,5.1,2017/12/26,330100,b9ce0960-1c70-4d8e-84d5-f24baaaa9feb
温州市,0000000C0000002Q000000030000000X,60,2018/6/5,330300,779fc840-1232-4b33-8596-0c675a23e78d
绍兴市,0000003100000081000000130000000X,66,2019/2/5,330600,5ccecb77-e85a-4df2-bb97-e1df6471a111
绍兴市,0000000H0000003N000000070000000X,13.83,2017/5/15,330600,c2f5e82c-562d-4edd-81a2-55f346bf5a23
湖州市,0000000D0000002R000000030000000X,37.67,2018/1/25,330500,c23280f0-dd86-4ad9-9496-cc50dd1a2be9
杭州市,0000002U0000007X000000070000000X,4.5,2019/2/15,330100,15dbd8b6-bf13-4f0f-9302-b7f5e118edf6
温州市,0000001K00000031000000070000000X,3.5,2017/8/5,330300,9ec32e87-c7ab-4bfd-b63c-1d4d69b359a3
宁波市,0000000Z00000031000000070000000X,6.03,2018/1/5,330200,92c0b138-6c18-4d73-b418-e076779915fb
湖州市,0000000X0000007T000000070000000X,30,2017/1/5,330500,f95bbdce-5d0c-4492-ac6d-51a5431b3e0e
湖州市,0000001500000031000000070000000X,4.67,2018/1/15,330500,77023e82-0579-4100-a690-39b652a4ee18
金华市,0000002U0000007X000000070000000X,4.1,2018/5/5,330700,521f3e59-8cf5-431b-9449-d89370d1192c
衢州市,0000001K00000031000000070000000X,3.5,2018/8/25,330800,14ce8ce8-94b6-4bb3-890a-52539d4567e4
宁波市,0000001A00000031000000070000000X,6.03,2018/2/5,330200,feb42997-19fa-40e4-8739-988502864874
衢州市,0000000H0000003N000000070000000X,13.67,2017/5/5,330800,4fb6c391-3463-4d72-ae08-07a6548220b6
金华市,0000002U0000007X000000070000000X,3.93,2019/1/5,330700,2a341dfe-568b-4790-ae0a-383865639d3a
金华市,0000000H0000002T000000070000000X,16.33,2018/11/15,330700,aa8da0aa-7d5a-4b21-a472-2a37a68a5a43
宁波市,0000001200000031000000070000000X,4.03,2018/6/25,330200,4b8bdc8e-db3a-4d54-a531-7441119c2173
浙江省,0000003100000081000000130000000X,86.35,2019/2/25,330000,13cfb2ad-bae4-4278-8c69-5cb6a5cf2ffe
舟山市,0000000G0000003F0000000700000010,13.6,2018/10/9,330900,043c254f-136c-4647-b75a-ab7a06626c7e
衢州市,0000000H0000002T000000070000000X,16,2018/7/5,330800,a5d2f824-1b87-4e95-ba8f-62ea4d30e80e
舟山市,0000001200000031000000070000000X,5.67,2017/2/15,330900,b5bbdf82-5c80-449a-b457-90543bd8f22c
湖州市,0000000P0000003E0000000700000010,5,2018/11/6,330500,7ab48b88-3610-4534-9eca-3abd1522a3e8
浙江省,0000000G0000003F0000000700000010,8.49,2018/7/17,330000,5dfe06f3-c46e-4479-b1ca-7f0da5eb07e3
金华市,0000001700000031000000070000000X,2,2016/12/15,330700,8d861a48-41c7-4cd4-b543-bae57c9b2824
舟山市,0000001200000031000000070000000X,4.33,2018/1/15,330900,da43025a-1fc1-489f-8318-83d416be8f80
衢州市,0000000S0000002Z000000070000000X,8.5,2018/12/5,330800,0606be3f-d0eb-4bde-a087-2da18a36eeb5
杭州市,0000001K00000031000000070000000X,3.1,2017/6/5,330100,5b4860f3-76f2-4ac1-a505-261df071633f
绍兴市,0000000Z00000031000000070000000X,3.5,2017/11/25,330600,b3cc35ec-b0c5-4b22-9e64-0ca33082a9a1
丽水市,0000000H0000003N000000070000000X,16,2018/12/5,331100,77002be5-ed9f-4a6a-824a-04745106c53a
杭州市,0000001200000031000000070000000X,4.17,2017/4/5,330100,cac956a4-ed56-4dc9-bdd2-be86d6760ab8
湖州市,0000000J0000003S000000070000000X,37,2019/2/15,330500,99978f0a-a0ab-41e9-8349-a81795d9c311
宁波市,0000000M0000003V000000070000000X,15.4,2018/2/25,330200,0681f8ec-3195-48b0-afd7-4569c32cfefa
浙江省,0000001200000031000000070000000X,4.85,2018/12/25,330000,a7bbf351-b11b-4f78-bf04-765e8f9e6704
舟山市,0000000Z00000031000000070000000X,3.83,2017/12/25,330900,d419b9d7-6413-41ef-8f43-9055e44eb8e9
宁波市,0000000Z00000031000000070000000X,4.5,2018/4/5,330200,f3d8f8a7-4599-4ad8-947c-cb9d996ccb2e
湖州市,0000002U0000007X000000070000000X,3.6,2017/3/25,330500,23e75b42-935b-47cf-a94b-fb87013e26ae
金华市,0000001K00000031000000070000000X,2.5,2017/6/25,330700,3540ca78-7697-4802-a416-a8d29345eb46
金华市,0000001500000031000000070000000X,4,2017/3/25,330700,c62333fe-39dc-42b6-845c-cb7346d5bd92
绍兴市,0000001200000031000000070000000X,4.67,2018/3/25,330600,709313fb-90df-4ac0-83e1-4013f8d5068f
宁波市,0000001Z00000036000000070000000X,6.67,2017/6/15,330200,3a9540a8-cada-474a-bd37-62266f745b1c
宁波市,0000001Z00000036000000070000000X,6.5,2018/1/15,330200,abc18c10-1767-4451-aec9-da4188d0a211
丽水市,0000001700000031000000070000000X,2.5,2018/11/15,331100,d97cc9cb-1400-4085-91b1-b47c34d94191
温州市,0000001200000031000000070000000X,4.17,2017/2/25,330300,18216dd1-915d-49f5-bbd0-f71467b22577
衢州市,0000000Z00000031000000070000000X,3.83,2017/9/15,330800,9858d72b-de51-45fa-8538-21b9950b5197
绍兴市,0000000C0000002Q000000030000000X,62,2017/3/15,330600,731ca829-028b-48b7-818a-b685434eaf4f
湖州市,0000000H0000003P000000070000000X,18.67,2019/3/5,330500,8e64fe3f-a981-4dcd-9cc1-9cf48a190321
丽水市,0000001400000031000000070000000X,4.17,2018/5/15,331100,42a71af6-faf1-4aa1-b93b-5ccd0475cf44
台州市,0000001500000031000000070000000X,3.67,2018/7/25,331000,ff1ba01a-7ede-49a2-8a7a-b4835e92734c
湖州市,0000001200000031000000070000000X,5.67,2019/3/15,330500,4205d0e2-f8f6-4b51-adc1-6f8c226f5f31
宁波市,0000001E00000031000000070000000X,4.87,2017/12/15,330200,4c451d7a-0f09-4eb6-b5a0-688da085d5fa
金华市,0000001200000031000000070000000X,4.17,2019/1/15,330700,9c1cc0cd-0df6-494b-baec-0e06364dd758
嘉兴市,0000001400000031000000070000000X,3.67,2018/7/5,330400,558cb6c5-754d-4560-b635-47e91d763706
嘉兴市,0000000J0000003Q000000070000000X,40.67,2019/1/5,330400,5dab84e8-9e5f-4553-8913-8efa81bd9d14
杭州市,0000000P0000002W000000070000000X,4.4,2017/4/5,330100,a8433ccc-a7c2-4bc4-bfbe-5a012e5d5449
丽水市,0000000C0000002Q000000030000000X,70.23,2018/9/25,331100,bec48314-0c34-4bfb-af49-856cb0d18400
台州市,0000000S0000002Z000000070000000X,10,2018/2/5,331000,4c7b1337-c043-4a98-831b-3543be727320
丽水市,0000001K00000031000000070000000X,3,2017/1/5,331100,db9cb82b-331f-40d8-a290-5c351a841d22
绍兴市,0000000X0000007T000000070000000X,38,2017/12/25,330600,9f4eae2e-c25d-4471-a7b0-2db31fc58083
杭州市,0000000P0000003E0000000700000010,3.7,2017/7/4,330100,8ca08560-d8de-4260-9c27-44217c61e034
温州市,0000000C0000002Q000000030000000X,60,2018/7/25,330300,747cb2e4-8323-4df5-9192-4e3f3444890f
金华市,0000000H0000002T000000070000000X,14.83,2017/8/25,330700,474aaa53-5a04-4c11-8d19-470b60bc15ac
温州市,0000001200000031000000070000000X,4.83,2017/2/5,330300,a28ed5e8-e1fc-4fa1-9da4-4d5c645d2957
温州市,0000000K0000003U000000070000000X,48,2017/12/5,330300,88d926bb-846e-45b6-b1c5-19e8ce38b50e
丽水市,0000000S0000002Z000000070000000X,9,2016/12/25,331100,b9b2751b-eec3-4396-b114-3664d7a63f9c
嘉兴市,0000000Z00000031000000070000000X,4.17,2017/12/15,330400,66bb20e2-b8ca-4281-ad95-195eee88577b
温州市,0000001500000031000000070000000X,4.67,2017/4/15,330300,ea6d0d00-2dd0-4a55-8514-2a82fc2f161c
宁波市,0000000J0000003S000000070000000X,32,2018/8/15,330200,dc9a19d6-b9f6-448e-bb95-50a4c780a900
湖州市,0000000C0000002Q000000030000000X,56.67,2017/4/15,330500,4c8008d4-e1c1-465f-b6ea-7ea2d2ee150e
温州市,0000001Z00000036000000070000000X,6.5,2018/1/15,330300,16367d90-e214-464d-8252-c28b8c2ec716
杭州市,0000000H0000002T000000070000000X,18.5,2018/10/5,330100,2f9d4680-bdcb-44b0-b75e-fdc2012690d6
宁波市,0000000S0000002Z000000070000000X,9.6,2017/9/5,330200,be57f016-9fef-4730-961e-806be7fdc39f
宁波市,0000000J0000003S000000070000000X,30.33,2017/11/15,330200,99f66b42-7509-40a9-bc0f-ce832a74c91b
温州市,0000000Z00000031000000070000000X,6,2019/3/15,330300,e8eb117f-301c-46e9-8699-442d5c3d3792
宁波市,0000002200000038000000070000000X,3.83,2017/10/25,330200,cf302d4d-6aea-401e-b9fd-858912a67273
杭州市,0000001A00000031000000070000000X,5.33,2018/7/15,330100,7af737fb-4424-4b32-95c6-7014f86306c6
丽水市,0000000G0000003F0000000700000010,12,2017/2/14,331100,d8d8be95-b5df-483e-9d3d-f63f7f9f45dc
浙江省,0000002P0000007W000000070000000X,3.07,2017/4/15,330000,91ce28ce-e186-49c0-a76f-70cf4d23cfca
湖州市,0000000M0000003V000000070000000X,17.33,2017/9/15,330500,86094a62-fdda-4c78-a20d-0ba5594a4527
衢州市,0000001200000031000000070000000X,5,2018/10/5,330800,114b62ee-b872-4b0e-91af-a7c199304f36
金华市,0000002200000038000000070000000X,2.33,2017/1/15,330700,58308f7f-e5da-431f-a284-3eea2d3da209
温州市,0000000P0000003E0000000700000010,2.85,2017/6/20,330300,44366fb8-ba3d-4838-8060-20f02e0422b7
金华市,0000002U0000007X000000070000000X,3.93,2019/2/15,330700,271c08c7-7b3f-4647-9980-209e1f95a51b
浙江省,0000000D0000002R000000030000000X,44.79,2017/4/15,330000,6bc97e4c-1b68-4678-8866-be7d791d1375
舟山市,0000000J0000003S000000070000000X,33.67,2017/7/5,330900,2766703e-08e5-4b9f-8315-9c6a8d314f55
丽水市,0000000C0000002Q000000030000000X,70.23,2018/3/25,331100,17473e8b-9918-48c9-8ad5-b6080c4a686b
金华市,0000000C0000002Q000000030000000X,68.87,2018/2/5,330700,bde2ffc2-6435-4d0e-abb2-461aba525c93
金华市,0000000J0000003Q000000070000000X,40.67,2017/11/5,330700,f97f93d0-fede-4f21-b63f-7bee3b8d6990
丽水市,0000001200000031000000070000000X,3.5,2017/9/5,331100,9b264544-df20-437e-abb0-af1de3856f7b
浙江省,0000000P0000002W000000070000000X,5.81,2018/2/15,330000,3c6d8512-d2de-44b7-9ee1-71060a26232d
宁波市,0000001E00000031000000070000000X,5.67,2018/4/25,330200,a0f0f517-b1e6-4e21-be21-a0304dec4eea
舟山市,0000000P0000003E0000000700000010,3,2017/7/25,330900,0ebdaa8c-15b2-4b5e-b407-77eb9b8086f6
金华市,0000001700000031000000070000000X,2.5,2018/11/15,330700,a1dba148-9df6-441f-a9c4-531f4751cd88
嘉兴市,0000000M0000003V000000070000000X,11.17,2017/5/25,330400,bd43bb80-8ff2-4fcb-8ac5-08fa459cf471
杭州市,0000001200000031000000070000000X,4.67,2017/3/5,330100,c37a2a49-a786-4d19-87be-d41dcac6f5ea
杭州市,0000002P0000007W000000070000000X,3,2017/11/25,330100,e0d469cf-1619-4ce5-9d0b-2c135aa81d21
湖州市,0000001400000031000000070000000X,6.5,2017/4/5,330500,c63030b2-820a-460f-ae17-996f4ba25154
金华市,0000002P0000007W000000070000000X,3.7,2018/6/15,330700,bdd448ac-87c9-427e-b793-559d5d7336e8
湖州市,0000001200000031000000070000000X,3.67,2018/7/25,330500,c2619c1a-1ddc-453f-affb-4e86413d6c0e
丽水市,0000000X0000007T000000070000000X,42.67,2018/8/15,331100,70254545-6ac8-4bd7-8796-17797a9eecef
温州市,0000003100000081000000130000000X,63,2018/12/5,330300,fa6e712b-9226-47e7-abbb-3cb7283d841e
杭州市,0000000X0000007T000000070000000X,38.67,2017/12/5,330100,21c8faf6-9dd8-44eb-a871-09e658164129
丽水市,0000001500000031000000070000000X,3.5,2018/6/15,331100,7e142097-b541-45d6-ad47-a5a6f4b0fd8d
杭州市,0000001200000031000000070000000X,3.43,2017/7/5,330100,9d4cafa3-0708-453a-8466-ef86b91e4ad0
宁波市,0000000G0000003F0000000700000010,8.69,2017/5/30,330200,c8d535b3-bd9d-4133-9aab-ca9842a33649
杭州市,0000000G0000003F0000000700000010,13.28,2018/9/18,330100,b290f9ee-2a6c-420a-95d9-41d594df2eb3
温州市,0000001500000031000000070000000X,6,2019/1/5,330300,0c5c1b99-4884-42ca-a14c-8b96c1a031e5
湖州市,0000000H0000003N000000070000000X,13.83,2019/3/15,330500,f09ca50c-e914-402d-8e09-ade4935e08e6
浙江省,0000001400000031000000070000000X,5.51,2017/11/5,330000,94435eb4-c39b-4868-a90f-3fa92410f7f3
杭州市,0000001200000031000000070000000X,4.37,2018/4/15,330100,d85a46f0-e63f-46e1-ba07-cfc3dfb198c5
嘉兴市,0000002200000038000000070000000X,3,2018/12/25,330400,57b25d53-c6d6-40a4-9c07-3983989b2fab
绍兴市,0000000S0000002Z000000070000000X,7.83,2018/11/15,330600,42daf344-b3cf-46ed-b4b9-db670e6b28f6
绍兴市,0000001K00000031000000070000000X,3,2018/11/25,330600,0189c4c2-0d5a-4085-9721-bbda5c118dd9
杭州市,0000000X0000007T000000070000000X,39,2017/7/25,330100,0177afaa-009f-4c04-8d6e-de8e37da0028
宁波市,0000001500000031000000070000000X,5.93,2019/2/5,330200,25bc7abc-4158-4a45-94c1-a5b549e67e4f
绍兴市,0000000X0000007T000000070000000X,47.67,2018/2/5,330600,314d2d9d-1ec3-4b44-845d-7434a4380464
舟山市,0000000M0000003V000000070000000X,13.67,2017/10/5,330900,0702012f-110e-4b65-ba3e-566f983e44e1
杭州市,0000000H0000003N000000070000000X,14.33,2018/5/5,330100,5e1556b0-7209-418f-ba8e-681021dd979d
绍兴市,0000001500000031000000070000000X,4,2017/4/25,330600,6e927e74-ba7d-4f97-b30a-dec9d7ec5c29
杭州市,0000000H0000003P000000070000000X,22.67,2018/11/15,330100,56ec3cb0-adde-4385-8ba9-21caebf5b542
绍兴市,0000000S0000002Z000000070000000X,8,2018/7/15,330600,19b1ab49-3ed6-459f-997a-5bbc52fe743a
金华市,0000000H0000002T000000070000000X,15.17,2017/6/25,330700,7892ce4b-5d15-4563-9685-b27107653728
嘉兴市,0000002200000038000000070000000X,3.5,2018/2/5,330400,9a4f7110-d6f2-4393-9255-44182887c7ff
嘉兴市,0000001200000031000000070000000X,3.67,2017/5/15,330400,7137ca06-6260-4b00-973d-b66d2e1fcee6
湖州市,0000001200000031000000070000000X,5.33,2018/9/25,330500,65540bb3-478b-498a-9465-be5f768adc9d
台州市,0000002P0000007W000000070000000X,3.45,2019/2/15,331000,c716f69f-d965-4edb-979f-2df6a6b1e65d
金华市,0000000S0000002Z000000070000000X,7.83,2018/3/25,330700,a56e3c7e-7f31-47f8-b13c-d68ff8f04461
衢州市,0000000Z00000031000000070000000X,4.33,2017/7/25,330800,cf04c480-2b88-4aa7-bfd7-f72fe0ba8e3a
绍兴市,0000000G0000003F0000000700000010,12.3,2019/1/22,330600,46e7e3c3-6334-42e1-a18f-a815997e1a38
湖州市,0000000S0000002Z000000070000000X,8.83,2017/10/25,330500,d98c7d13-4cc6-4c87-beb7-d2e23038f28d
湖州市,0000000X0000007T000000070000000X,35,2018/8/5,330500,457ced3a-1e88-465f-8789-0f0aaf54cb07
温州市,0000000J0000003Q000000070000000X,48.67,2018/12/5,330300,c703ae04-9233-40ad-a2af-668101e6a244
宁波市,0000000C0000002Q000000030000000X,81.67,2017/4/5,330200,3f45f8a9-643b-4584-b6fb-86bbd3ca444c
嘉兴市,0000000G0000003F0000000700000010,10.3,2017/4/25,330400,750e6eed-504c-4265-b1fe-9bbac1f6a49c
杭州市,0000000D0000002R000000030000000X,46.33,2017/1/5,330100,030816c9-4713-4e50-a931-9f73c1090a9a
台州市,0000001400000031000000070000000X,5.33,2017/4/5,331000,e7a1a619-fde0-4af2-a46a-9b6835314a34
浙江省,0000000H0000003P000000070000000X,22.59,2017/5/15,330000,4d366233-6bd0-435f-a816-c67065f10d6d
衢州市,0000001700000031000000070000000X,3.17,2019/2/25,330800,bbf1479a-916c-4aa3-839f-0b5c4825cf23
绍兴市,0000000G0000003F0000000700000010,12.5,2018/10/16,330600,1f377baa-d3b5-4c4d-877a-445f237bfbd9
湖州市,0000000G0000003F0000000700000010,8.2,2018/7/10,330500,68052a26-a514-4ee7-8dae-f3ad80bcf651
杭州市,0000001700000031000000070000000X,2.83,2018/4/25,330100,67d7a8eb-ea89-410b-a646-07d24b0a1115
嘉兴市,0000000M0000003V000000070000000X,11.17,2017/5/5,330400,a5ee1460-adda-4442-b8c9-b65f8df99716
湖州市,0000001E00000031000000070000000X,4.33,2017/6/5,330500,8ffe3b22-c94a-4a13-9ae3-04f101030ca4
绍兴市,0000000H0000002T000000070000000X,16,2017/1/25,330600,c41b77a1-9a32-473d-99fc-ecf56a7c0dd2
丽水市,0000001200000031000000070000000X,3.67,2018/8/25,331100,e91247b4-5416-419b-a84d-41f59d4c75ae
杭州市,0000000K0000003U000000070000000X,33,2017/5/15,330100,cd44ed18-dcd1-449b-828e-32a18275e21d
衢州市,0000001E00000031000000070000000X,5.33,2017/7/25,330800,11d4b0a2-1a58-43b0-86d6-5c2894fa5413
丽水市,0000002P0000007W000000070000000X,2.6,2017/8/5,331100,cce92a33-2c70-416f-8395-5b45e3ed9033
杭州市,0000000M0000003V000000070000000X,11.6,2017/11/5,330100,1dd81bd1-c412-48e2-a090-eba5694bb72e
浙江省,0000002200000038000000070000000X,3.61,2018/3/5,330000,05aa1c9a-d63f-4384-b721-8810596554bf
嘉兴市,0000000D0000002R000000030000000X,38.33,2018/2/5,330400,934cec03-3c93-4520-8eb6-4d301da88e1d
绍兴市,0000001A00000031000000070000000X,4.33,2018/6/5,330600,fe59d4e7-4819-4b47-982f-e24c2e6037c3
舟山市,0000000M0000003V000000070000000X,13.67,2017/5/25,330900,cc94d1dc-62bd-49f5-b745-91214715f766
绍兴市,0000002200000038000000070000000X,2.67,2017/3/15,330600,46269ad1-6b15-4928-b809-87dd502c54b3
台州市,0000000P0000002W000000070000000X,4.33,2017/7/5,331000,796bd9f2-c7be-4055-bdc9-edfa9cb94f96
丽水市,0000000D0000002R000000030000000X,54.6,2017/12/15,331100,0a34d922-e360-4cca-9820-9560fdd24ec7
绍兴市,0000001400000031000000070000000X,5.67,2017/4/5,330600,48ea0cad-1496-4a5a-acfa-a029b66cddb7
台州市,0000000H0000003P000000070000000X,22.33,2018/7/5,331000,d94fab4a-fd2e-47a2-a69b-9a4e06a2768e
浙江省,0000001A00000031000000070000000X,5.81,2018/4/15,330000,b5d4a6e2-7454-46d2-99fd-1d9c84c971a1
台州市,0000001Z00000036000000070000000X,6.33,2017/3/25,331000,35e1253e-9bfe-48a9-827c-d185eceea415
宁波市,0000001400000031000000070000000X,6.73,2017/3/15,330200,a9c4d96d-33e3-4b13-b04e-f049874ad48b
浙江省,0000000H0000003P000000070000000X,22.42,2018/1/15,330000,57e7c4f3-2487-4e1b-b2fc-fca682e03fd0
金华市,0000000P0000003E0000000700000010,4.5,2018/10/23,330700,3afef1c1-975e-4a65-a140-a8873da5733c
衢州市,0000000H0000003N000000070000000X,15.67,2016/12/25,330800,f05454cd-1a4b-4ca2-bd4c-6b1f3fd47212
衢州市,0000001A00000031000000070000000X,6.33,2017/3/5,330800,88a0923c-97a3-4120-8802-c6d4774272dc
杭州市,0000001700000031000000070000000X,2.87,2017/4/5,330100,dc7f14f0-e7f8-4e8e-beea-545740bbb88b
湖州市,0000000X0000007T000000070000000X,35,2017/3/25,330500,98dda93d-9666-46f4-8e0d-d9907db61cea
丽水市,0000000P0000003E0000000700000010,3.9,2018/5/29,331100,0ef6f009-fbe1-4692-9a35-5c6c93dba58d
宁波市,0000000D0000002R000000030000000X,46.43,2017/2/25,330200,173149b1-0ec9-4e85-92f5-749af289d79f
浙江省,0000000H0000002T000000070000000X,16.98,2018/9/15,330000,9425d6b6-1568-4bdb-b736-34ddf306b937
绍兴市,0000000J0000003S000000070000000X,39.67,2019/3/5,330600,65a65aa3-7380-4532-ae03-91a5aa513a97
温州市,0000000M0000003V000000070000000X,15,2017/1/25,330300,66585d3e-1009-48e0-8aa6-c74391d89e82
衢州市,0000002U0000007X000000070000000X,5,2018/6/15,330800,2974fe06-75b9-4c97-a314-8222a305e369
杭州市,0000000M0000003V000000070000000X,10.33,2017/4/5,330100,dafb7ebb-77a0-4123-8b21-c9e9c8426d76
宁波市,0000000S0000002Z000000070000000X,10,2018/5/25,330200,62b20380-2ce1-4e22-a1ff-76159f99708e
湖州市,0000001K00000031000000070000000X,3.5,2017/6/15,330500,d91efe4e-78bb-4159-9719-149bd048e8bb
杭州市,0000001E00000031000000070000000X,5.17,2018/12/15,330100,bfeb5dac-92f1-4d95-a184-d29152dbc9b7
湖州市,0000000P0000002W000000070000000X,5.33,2018/7/25,330500,0d022926-c67b-469b-86bf-2e123477543b
舟山市,0000001400000031000000070000000X,6.67,2017/1/25,330900,9f94fe0e-f303-4824-a2a4-9f9ccf3e9904
台州市,0000001700000031000000070000000X,2.17,2018/9/25,331000,44c02d56-b279-4cbf-abd1-d75c0efa9ff0
衢州市,0000001K00000031000000070000000X,3.83,2017/10/25,330800,a5c6bec9-439f-4d92-9243-e7d1154bc0fa
金华市,0000000J0000003Q000000070000000X,41,2018/7/5,330700,cce73fcd-3cb6-49cd-bbfe-ea15f2f6e73b
杭州市,0000000H0000002T000000070000000X,17.5,2018/3/15,330100,f392a0a0-fb29-47e5-abdc-5916602a96d7
杭州市,0000000H0000003P000000070000000X,21.33,2018/2/5,330100,c8e4596d-b1e4-4312-8bb1-91ffc8de4fd2
台州市,0000000H0000003N000000070000000X,10.83,2018/7/5,331000,28d352fb-9ee2-4249-998e-380ab1399cac
湖州市,0000000C0000002Q000000030000000X,57.67,2018/8/5,330500,757c00a8-012e-40b3-8703-5a07145c8ef1
浙江省,0000003100000081000000130000000X,86.4,2018/7/15,330000,d30ac6b7-5092-4dac-9305-a861b8109415
湖州市,0000001K00000031000000070000000X,4.83,2017/9/5,330500,79fd7fdd-0466-4f5f-a3f1-0df1b30e8712
温州市,0000000Z00000031000000070000000X,6.33,2018/9/5,330300,fb0d49eb-d874-4391-95ea-cf6024cc2d7e
湖州市,0000002200000038000000070000000X,4.33,2018/10/25,330500,d6ca19d1-6605-4194-a66a-a202f4ffbf58
杭州市,0000000Z00000031000000070000000X,4.17,2017/2/25,330100,332a430e-b2df-49f5-8504-6df0cbc222ba
绍兴市,0000000K0000003U000000070000000X,36.67,2017/11/15,330600,9a191e23-c4ba-4979-aa3d-95fc9b6322f2
浙江省,0000000D0000002R000000030000000X,44.5,2017/2/5,330000,cfc1ae2d-bdf1-482d-825b-d1032034766d
湖州市,0000000M0000003V000000070000000X,17.33,2018/11/5,330500,55ed7734-7ae2-410b-aff1-aabf54cf8f7d
浙江省,0000001500000031000000070000000X,4.17,2018/4/25,330000,b586162e-f608-491e-aac4-7ab973965237
衢州市,0000000Z00000031000000070000000X,3.67,2017/12/25,330800,cab40b66-a379-425a-b5d6-e87c7f23b365
温州市,0000001Z00000036000000070000000X,7.33,2019/3/15,330300,c1888641-9db8-4bd7-a914-6ede8be6b11d
衢州市,0000000P0000003E0000000700000010,5.3,2018/9/11,330800,6a2347ec-2784-47c6-9420-6dd053cdf89b
绍兴市,0000001Z00000036000000070000000X,4.17,2017/12/5,330600,c5b503c0-e771-4989-b8de-0ddb67ef08cb
舟山市,0000000C0000002Q000000030000000X,50.3,2018/10/15,330900,09421174-834d-4b75-923d-745e112b1342
宁波市,0000002200000038000000070000000X,3.67,2017/3/15,330200,e8055779-f480-4451-8c8b-466bbe98d12b
台州市,0000001500000031000000070000000X,4.33,2017/9/25,331000,dc3c730a-0a59-45cf-b932-2e955a500a87
衢州市,0000000P0000003E0000000700000010,3.75,2018/3/27,330800,fb3b4f62-e8fe-46ea-b8a5-3bc286caa65f
杭州市,0000002200000038000000070000000X,2.87,2017/6/5,330100,ccd64c6e-ad62-43f2-9360-b12263646adc
绍兴市,0000002U0000007X000000070000000X,4.5,2017/6/25,330600,de049b7b-f0ec-4b0e-b015-f6f5145a594c
金华市,0000000H0000003P000000070000000X,17.33,2018/5/25,330700,ad5b75d6-6b38-4098-8b15-c54e70092be8
宁波市,0000000X0000007T000000070000000X,38.33,2017/9/15,330200,64263fe9-76f4-4e0d-bd6f-7ef355832648
金华市,0000000P0000003E0000000700000010,3.6,2018/7/10,330700,b9429beb-633d-43d6-b10b-07b68757c309
金华市,0000000H0000002T000000070000000X,14.83,2018/1/25,330700,2f9b1f5f-7f23-4053-946f-29f9e17ba5cf
温州市,0000000G0000003F0000000700000010,8.83,2017/5/23,330300,40d4e6d9-2bb2-4262-b3d0-59a5290234dc
舟山市,0000000P0000003E0000000700000010,5,2017/9/19,330900,6b92b88b-a6d7-4217-82ea-e8158b327329
绍兴市,0000000P0000003E0000000700000010,2.8,2017/6/27,330600,fe95e0a7-29fb-470f-a3bf-383bd12cd2de
浙江省,0000000M0000003V000000070000000X,12.57,2018/9/5,330000,5a04bbbb-2ed1-4a6e-ab9e-6a9f849348fb
舟山市,0000001E00000031000000070000000X,5.67,2018/4/25,330900,538ae969-3cc3-4531-a9e7-80462a6f7f8b
衢州市,0000001A00000031000000070000000X,7,2017/11/5,330800,7eed4261-502a-4fbe-8a0c-67de85631ecf
绍兴市,0000000J0000003Q000000070000000X,39.67,2018/1/15,330600,d1117571-8a27-406a-b5de-ebbeee3d531f
宁波市,0000000Z00000031000000070000000X,5.97,2018/2/5,330200,44a49a68-8499-43e2-8494-535f12f09a42
嘉兴市,0000000P0000003E0000000700000010,5,2019/1/1,330400,030055ec-013c-444c-b885-bf192b173011
丽水市,0000000M0000003V000000070000000X,11,2018/7/15,331100,b442d679-01bf-440a-83bc-963f9ed1fd8e
宁波市,0000000X0000007T000000070000000X,40.67,2017/7/25,330200,68f9614a-73cb-491d-96aa-0e8c27c99608
绍兴市,0000000P0000002W000000070000000X,5.5,2017/11/25,330600,089a7b69-9084-45f5-a958-25358238c809
湖州市,0000000J0000003S000000070000000X,34.67,2018/7/5,330500,a2c4f139-9a3a-4665-a795-936633e5944d
金华市,0000001E00000031000000070000000X,5,2018/3/5,330700,f3ca037a-5220-437f-ab92-9118c286c606
杭州市,0000001200000031000000070000000X,4.83,2017/2/5,330100,1a8b802e-1534-41d4-98b2-2abf8db5d5fe
台州市,0000000X0000007T000000070000000X,28.67,2018/2/5,331000,0c3b49a5-fe3c-405a-8f26-821d337dfc0f
绍兴市,0000001E00000031000000070000000X,4.5,2017/7/15,330600,70490bd0-6323-471b-9759-d880e388f3bb
舟山市,0000000H0000003P000000070000000X,26,2017/3/15,330900,9aa5b07e-6c55-46a7-9784-21845afc4852
浙江省,0000000Z00000031000000070000000X,5.64,2018/8/25,330000,b05e9513-f182-4e34-8e5f-6b1e1baf91f1
台州市,0000001K00000031000000070000000X,3,2018/7/15,331000,8e92b82b-1155-42aa-ac30-4a5e24991b84
温州市,0000000S0000002Z000000070000000X,9.17,2018/1/15,330300,3f9bb48c-edb1-4ef3-a846-a2fb2b213194
台州市,0000001Z00000036000000070000000X,6.33,2017/6/15,331000,a6984c02-b0c8-433e-92d1-9df2f72ad504
湖州市,0000001A00000031000000070000000X,6.67,2018/5/5,330500,557e05af-14e2-4502-8ff9-cd0663e98cda
金华市,0000000S0000002Z000000070000000X,7,2016/12/25,330700,1c8d2fd3-c72a-4df5-8f0b-92d63334ab2f
衢州市,0000000H0000003P000000070000000X,23,2018/1/15,330800,a7159cfd-d9e4-4a66-8c14-6f22ba3c3112
衢州市,0000000H0000002T000000070000000X,18.33,2017/9/5,330800,743b5afe-985f-47f6-b297-e56f969b9f4c
嘉兴市,0000001500000031000000070000000X,5.17,2017/4/5,330400,369ef490-fb57-438d-bd73-f719d182499c
湖州市,0000001A00000031000000070000000X,7.33,2017/12/15,330500,cef03892-774c-4d4c-9925-7890eb527383
绍兴市,0000001200000031000000070000000X,3.33,2017/4/15,330600,7f6cb3b2-a196-446a-9dbe-fcd4fa1dfaaa
杭州市,0000000Z00000031000000070000000X,8,2018/9/25,330100,edb16d10-fdc3-428f-a0ff-eb995da4f831
衢州市,0000001400000031000000070000000X,5.67,2018/1/25,330800,cd13c34c-4ea4-4305-af1c-92fdd3f03875
湖州市,0000000J0000003S000000070000000X,36.33,2018/11/15,330500,5d10c33b-0c03-42fc-b844-bfa1959b5351
嘉兴市,0000000H0000003N000000070000000X,15.33,2017/3/25,330400,7c8d4f6c-fb9e-40f6-90ca-360585fd4d83
绍兴市,0000000H0000002T000000070000000X,14.67,2018/1/15,330600,81125a65-7bbf-43f1-8174-dd1bcea530b4
衢州市,0000000G0000003F0000000700000010,9.6,2017/9/26,330800,5163c575-9d1d-4042-a14c-8640ae1b46e6
浙江省,0000000D0000002R000000030000000X,44.97,2017/3/25,330000,adf12a8d-82c8-4e5e-ab2b-9cd27a2a7bb7
绍兴市,0000000G0000003F0000000700000010,11.39,2017/3/7,330600,7936e4b3-5b1f-4d6f-83c7-42d73588bc35
浙江省,0000000H0000003N000000070000000X,14.74,2019/2/25,330000,17940d50-de19-4dc9-9421-632a7afce695
衢州市,0000000J0000003S000000070000000X,35.67,2018/9/5,330800,dfb6b126-f5f7-49a8-8193-6e035f49add4
浙江省,0000001500000031000000070000000X,6.14,2018/10/5,330000,cb6cbd66-3b38-41b7-ad83-9fb85438f5e3
嘉兴市,0000000P0000002W000000070000000X,5.07,2017/1/15,330400,edb0a572-0c77-46dc-b1e3-490a6a2f54bc
宁波市,0000000Z00000031000000070000000X,3.7,2017/5/5,330200,529a39b9-5070-46bc-aa2f-93486f5af018
衢州市,0000001E00000031000000070000000X,4.83,2018/4/25,330800,3e90cf8d-62ef-43f0-b760-805463069329
湖州市,0000000H0000003P000000070000000X,18.67,2017/11/25,330500,fde49e7b-924e-46b6-8cf6-84ce0d593e2a
金华市,0000000C0000002Q000000030000000X,68.17,2017/10/15,330700,4de674be-f549-4e19-ad15-871a9d7472f8
金华市,0000000P0000002W000000070000000X,5.43,2019/2/5,330700,1fd3869e-673d-4cd3-84e8-b711bd564860
衢州市,0000000H0000003N000000070000000X,15.33,2017/3/5,330800,e03e7b6e-fca6-4107-bf34-388309968920
浙江省,0000000H0000003N000000070000000X,14.03,2017/10/15,330000,e7859113-e5eb-47ac-b124-35b3a2de1647
舟山市,0000001500000031000000070000000X,5.33,2018/12/15,330900,014c7de1-644d-4fb9-bb07-b70f2193eefa
衢州市,0000001200000031000000070000000X,5.33,2019/3/15,330800,d3ae8cf1-5bab-431d-a89e-1aa0b547b155
舟山市,0000000P0000003E0000000700000010,4.5,2018/5/15,330900,0980df4b-6ad8-4fca-940a-585abbe7a7cd
浙江省,0000000H0000003N000000070000000X,15.52,2016/12/15,330000,9b6205ed-5274-41e6-8749-c91d818956c7
绍兴市,0000001A00000031000000070000000X,4.33,2018/7/25,330600,1005522c-d1d0-4211-b784-545bfaafcdce
杭州市,0000000S0000002Z000000070000000X,8.27,2018/11/15,330100,4220c24e-e9e9-4247-a973-31d5cde84781
衢州市,0000002U0000007X000000070000000X,5,2019/1/5,330800,02ea4f65-8885-45bf-a0b9-c50a99f6f632
嘉兴市,0000001400000031000000070000000X,5.67,2017/4/25,330400,bfd92cb9-0257-4997-8b2e-be42274f91fa
台州市,0000000G0000003F0000000700000010,8.75,2019/2/19,331000,e764ac47-3b44-41ce-aa68-4f88d7654005
浙江省,0000000X0000007T000000070000000X,35.7,2018/7/15,330000,4cfacf16-e4df-4d1f-98b4-07cbfe6777d6
温州市,0000002200000038000000070000000X,3.33,2018/3/15,330300,451efec2-95b5-4727-b22d-f3028b773b9e
衢州市,0000000G0000003F0000000700000010,7.5,2018/6/26,330800,02d3cabb-9eef-4b26-838c-ee4deb60db7f
台州市,0000000J0000003S000000070000000X,34.33,2018/8/25,331000,31638a1a-25c8-4703-9ea2-ee40228fa5f6
湖州市,0000000P0000003E0000000700000010,3.3,2017/7/25,330500,8dfe9f23-c041-4456-99cc-9c3e0c7684a3
浙江省,0000000S0000002Z000000070000000X,8.95,2017/4/15,330000,e69dfcb5-6760-46f6-9d82-3e3857ba92d2
衢州市,0000001K00000031000000070000000X,2,2017/5/5,330800,ad3882f9-e649-475f-bbb9-60ac4eadf9b6
湖州市,0000002U0000007X000000070000000X,3.77,2018/11/15,330500,cc438400-7b7c-477e-9961-42423d52b18f
嘉兴市,0000000H0000003N000000070000000X,15.33,2018/2/25,330400,cac704cc-b911-4818-8de7-3c1d3c2e208c
宁波市,0000000C0000002Q000000030000000X,80.33,2017/7/25,330200,b2b4d6de-bc3e-4f35-84d0-81fa218b4f75
宁波市,0000002P0000007W000000070000000X,2.93,2018/6/5,330200,fed42800-210d-46ab-b391-d4e912197d93
杭州市,0000000K0000003U000000070000000X,33,2017/3/5,330100,ef2a17f7-5bd6-4cfd-9d22-76d7b5f00455
浙江省,0000002P0000007W000000070000000X,3.06,2018/2/25,330000,5f0d8e44-85be-49c1-9faf-1143f0104b6e
丽水市,0000001A00000031000000070000000X,4.67,2017/12/25,331100,e0627f3e-6247-4ae3-9e9d-0b70453dbe31
湖州市,0000000Z00000031000000070000000X,4.67,2019/2/25,330500,3a28a2e3-5fa7-4c7a-acdf-94dc73703abf
台州市,0000000G0000003F0000000700000010,10,2017/12/12,331000,c9d7b926-059c-4f2f-a371-0c45f29ca7c3
绍兴市,0000002U0000007X000000070000000X,4.67,2018/6/25,330600,8d72f6ab-9244-4b43-a7b5-5b977388f75c
湖州市,0000001K00000031000000070000000X,3.5,2017/3/5,330500,8d30c42e-e5a0-4695-bbdc-8a91a19f4942
杭州市,0000001K00000031000000070000000X,3.17,2017/3/25,330100,0c73562b-1e1e-419a-a9bd-2a2b79c554f8
台州市,0000000M0000003V000000070000000X,10.33,2017/10/15,331000,822dae81-d6f9-4145-80f7-c9e3ab2bdcff
绍兴市,0000000J0000003S000000070000000X,34.33,2018/6/5,330600,429d3a0f-0039-4950-aabb-4d5822e38e2b
温州市,0000000J0000003Q000000070000000X,46.67,2017/11/15,330300,a56e0893-0c81-4a5f-9324-7e9e89a390ed
湖州市,0000000H0000002T000000070000000X,16.67,2017/4/15,330500,67b0d561-1ab8-483c-9546-2805194d2048
丽水市,0000001200000031000000070000000X,3.17,2018/10/25,331100,f1887250-912a-43b8-9336-4919f845d021
丽水市,0000000K0000003U000000070000000X,33.67,2017/8/5,331100,d200ab62-7989-4cb3-a1fd-cc3d236fce6e
温州市,0000001E00000031000000070000000X,4.67,2017/11/15,330300,bb8976c4-8c3a-41c5-ba57-7391cfe4ec1a
金华市,0000001A00000031000000070000000X,5.17,2017/5/25,330700,47ab1348-a9a9-4e01-81bd-b422d3b0bfcc
浙江省,0000000K0000003U000000070000000X,34.59,2017/8/5,330000,82c25b71-0902-4e21-922d-4528336434d0
浙江省,0000000S0000002Z000000070000000X,9.1,2019/1/5,330000,188f1ed7-4449-4e8c-975a-ec7718f82110
嘉兴市,0000002P0000007W000000070000000X,3.2,2018/8/15,330400,b9ffa3a8-c049-440b-89e5-972cc77873b6
浙江省,0000001K00000031000000070000000X,3.86,2017/11/5,330000,8d665d83-640f-45a8-b527-3083b3f12b2b
衢州市,0000000H0000002T000000070000000X,23.33,2018/10/25,330800,49dca715-7fe7-4986-b5b0-d96dce57c063
绍兴市,0000001E00000031000000070000000X,4.83,2018/6/15,330600,3d176333-cb5e-4a9b-9663-9209238a680a
杭州市,0000000C0000002Q000000030000000X,62.67,2017/9/5,330100,97770572-0a08-498a-85d9-5ef30ac82eba
温州市,0000001K00000031000000070000000X,3.83,2018/4/5,330300,be6707fa-ca5c-43da-8e79-e67900d7d682
浙江省,0000000S0000002Z000000070000000X,9.24,2017/12/5,330000,c4bef20d-dd98-474e-9441-54d2707dc906
温州市,0000000H0000003N000000070000000X,15,2018/5/5,330300,8699e713-1d91-4f85-9a6e-d84bb7edc5de
金华市,0000002200000038000000070000000X,2.43,2017/2/15,330700,45dc2d9e-cace-42ac-8f55-28c0d2f47559
温州市,0000000X0000007T000000070000000X,35,2017/12/5,330300,f1b1f979-08ff-49e8-a187-3284e7c90fe6
衢州市,0000000X0000007T000000070000000X,25.67,2017/1/15,330800,0ab5c225-9f5c-41df-bc44-9af3c1c8f5ee
绍兴市,0000000P0000003E0000000700000010,4.5,2017/11/7,330600,d3db443e-23c2-4707-b7ce-423be7dd9219
浙江省,0000000X0000007T000000070000000X,40.03,2019/2/15,330000,9baae7af-a2e8-43cf-9cf1-25ccba43f593
浙江省,0000003100000081000000130000000X,91.16,2017/3/25,330000,52866186-921a-4696-8d01-95c88b81ff88
浙江省,0000000H0000002T000000070000000X,15.53,2017/7/5,330000,66b3aa87-8193-42fb-bd8e-77453b3159ee
丽水市,0000000D0000002R000000030000000X,51.27,2017/1/25,331100,d1a5f832-3344-4128-a791-3ff449af2d30
台州市,0000000H0000003N000000070000000X,14.5,2018/11/15,331000,c6ad5e98-4de1-465c-812b-acfb80468364
台州市,0000001E00000031000000070000000X,2.83,2019/1/5,331000,7ffec7bf-5f19-4dcd-a6e9-8ae538c1f7fd
温州市,0000000C0000002Q000000030000000X,60,2017/5/5,330300,23ac6c7e-0d2b-4ab0-9427-a60936d1a59e
绍兴市,0000001700000031000000070000000X,2.5,2017/5/15,330600,1bd238eb-6851-482a-ad81-1bea85b3db62
金华市,0000001K00000031000000070000000X,4.33,2018/9/5,330700,cd09fa3f-b58e-4247-ad68-9b569415a051
杭州市,0000002U0000007X000000070000000X,4.47,2018/4/15,330100,67c3ff29-53ae-41df-b4d2-4deacecfaf4a
绍兴市,0000001500000031000000070000000X,3.67,2018/1/15,330600,c92766dd-c8e9-48d9-af80-71f0c2b51dde
湖州市,0000000D0000002R000000030000000X,37.67,2018/2/15,330500,30562f0e-d8da-452f-9306-c49765fbe728
衢州市,0000001A00000031000000070000000X,7.67,2018/10/5,330800,466b09d8-8f3a-4afc-8b6c-5bede4e6591b
衢州市,0000000X0000007T000000070000000X,22.67,2018/1/15,330800,dc4a5803-2edc-4f16-b807-330bd764b109
金华市,0000002200000038000000070000000X,2.67,2017/9/15,330700,0487f1f3-9df9-4a76-b6bc-efd2ed4c82c9
杭州市,0000001A00000031000000070000000X,5.33,2017/9/25,330100,97a568f6-b606-4d4b-a86b-918c88cda524
台州市,0000000Z00000031000000070000000X,4.67,2017/10/25,331000,d54f2822-bd89-404c-9007-aea8085203c4
嘉兴市,0000001A00000031000000070000000X,5.33,2018/5/25,330400,a3ab0945-8026-406d-9a06-cfc7b581fe0f
衢州市,0000003100000081000000130000000X,86.27,2019/2/15,330800,de3057a8-56fd-46f1-8f61-69305fd23f17
金华市,0000000M0000003V000000070000000X,12.33,2017/2/15,330700,7f0add16-4f0f-4ddb-ad95-96c8b00326c7
金华市,0000001E00000031000000070000000X,4.67,2017/7/15,330700,2cab81de-55e0-434f-9f95-2639f615f024
金华市,0000000J0000003Q000000070000000X,41.67,2018/1/25,330700,d1d33c0f-ebc2-4f82-b1c2-7459871c9dfa
湖州市,0000000H0000002T000000070000000X,15,2018/4/25,330500,cc9a2eea-2d5a-44b0-9079-d7dfaa022930
丽水市,0000000G0000003F0000000700000010,13.5,2018/10/2,331100,521e4b43-1a67-4402-ae5a-7a0c1247ba47
宁波市,0000001E00000031000000070000000X,6,2018/7/15,330200,872b2721-91e1-48a0-b6d2-10404a592ee4
舟山市,0000000Z00000031000000070000000X,3.33,2017/1/15,330900,8094f6eb-b289-4e46-8d2b-179a2d8c388c
杭州市,0000000M0000003V000000070000000X,11.67,2018/12/15,330100,3ca57adb-4c51-4401-a0fd-e770e7e42067
嘉兴市,0000001E00000031000000070000000X,4.67,2019/3/15,330400,bcd48ae1-53d6-49cb-8bc2-515233bef310
浙江省,0000000J0000003Q000000070000000X,40.8,2018/3/25,330000,f9c952c8-0cf0-4eae-a376-3a01aa4591f1
金华市,0000001200000031000000070000000X,3,2018/11/15,330700,e358cf80-77f7-4396-b074-7f44e4afa610
丽水市,0000000H0000003P000000070000000X,19,2017/8/5,331100,8e9bddf7-1e73-4c86-9327-6609ffdeb91e
湖州市,0000000C0000002Q000000030000000X,56.67,2017/4/15,330500,47ebf97c-b53d-459c-9bc2-f6a432347d43
台州市,0000000P0000002W000000070000000X,5.57,2018/1/5,331000,ead98061-9994-43b0-8fa5-497f817c6302
舟山市,0000000S0000002Z000000070000000X,14.33,2016/12/25,330900,5e6cbdf5-9429-4b0a-a93c-edc0891a3a3d
台州市,0000000P0000002W000000070000000X,4.03,2017/3/25,331000,9c9c603d-6d14-4854-8988-9737bee79b7b
温州市,0000000P0000003E0000000700000010,4.75,2018/10/23,330300,4fd48f34-90c5-4d36-91d7-e341a9fdc5cf
丽水市,0000000D0000002R000000030000000X,54.6,2018/12/15,331100,a992965a-b5c3-413a-8f17-51adf5bc9e15
温州市,0000000D0000002R000000030000000X,46.67,2018/1/15,330300,7cef9317-2480-4ac1-8b04-1f552e0a0b43
衢州市,0000001K00000031000000070000000X,2.17,2018/4/25,330800,58391f5d-8acf-4186-bea6-4dafbf48f477
湖州市,0000001Z00000036000000070000000X,5.67,2018/4/25,330500,ab51565e-90ef-4bdf-a5a6-581fc9000020
宁波市,0000001Z00000036000000070000000X,7.47,2019/2/15,330200,8e391ee3-945c-4fac-a29e-e5f396b68aa8
舟山市,0000000J0000003Q000000070000000X,44.67,2019/2/25,330900,133dc947-dfab-44ec-a5c0-38f13f9125dd
舟山市,0000001400000031000000070000000X,5.33,2017/11/15,330900,628390da-a185-496a-8f32-67eeff53a9bf
湖州市,0000000K0000003U000000070000000X,0,2017/4/5,330500,d4669809-487d-4bc1-b4f3-817d266b2279
湖州市,0000000J0000003S000000070000000X,35,2018/9/25,330500,a057ef72-c812-47cf-9962-9151034bca50
温州市,0000001400000031000000070000000X,6.33,2018/11/25,330300,c46cf9b8-afe2-462b-bc1c-d099fd1716cd
浙江省,0000001700000031000000070000000X,2.95,2017/3/15,330000,ae98acd5-74f5-4280-9a30-85722219af2d
嘉兴市,0000000D0000002R000000030000000X,39.33,2017/6/5,330400,f510f387-d6e1-4c57-9d3a-5ab8b8b5e948
台州市,0000001E00000031000000070000000X,4.67,2017/9/5,331000,276c93ca-25ee-4c10-880a-782b253a9488
温州市,0000003100000081000000130000000X,63,2017/9/25,330300,d4d0e869-3603-4c88-804f-8aafd153d49c
温州市,0000000J0000003Q000000070000000X,47,2018/1/15,330300,a6a3721f-0d7f-4ecc-a4f2-62d5c87c8516
金华市,0000000J0000003S000000070000000X,37.67,2019/1/5,330700,7698faba-a38d-47a7-838a-62f8b22770a9
台州市,0000001K00000031000000070000000X,2.33,2017/3/25,331000,13e25b21-0c0a-4d14-8d78-a6ff46bc66c4
浙江省,0000001Z00000036000000070000000X,5.89,2017/3/25,330000,a52affc0-53b8-4359-b086-c414967b0c30
绍兴市,0000000G0000003F0000000700000010,11.66,2017/2/14,330600,9b39bb80-90af-4697-9ad8-20967298e616
金华市,0000002P0000007W000000070000000X,3.7,2018/7/5,330700,7e841a5d-0622-451d-84d1-24eb9fb399d6
湖州市,0000002200000038000000070000000X,4.5,2018/12/25,330500,4a53430f-d3d7-407a-ae45-89606fc4c4ec
嘉兴市,0000001400000031000000070000000X,4,2017/6/15,330400,3812cd60-d393-458d-b53d-bbbed1a8e36a
浙江省,0000001K00000031000000070000000X,4.32,2018/10/5,330000,97528f83-a726-4f52-85ca-2a40016aaf7c
金华市,0000001Z00000036000000070000000X,5.83,2017/11/25,330700,0e7f6d5b-7bc4-43df-b8a0-f44b0e3b63ef
浙江省,0000000X0000007T000000070000000X,39.63,2018/4/5,330000,5952799d-f3d3-4119-933b-3570c85f05dc
杭州市,0000000H0000003N000000070000000X,15,2019/2/5,330100,c04df95a-a622-4fa3-bd8b-5c385e674fd9
台州市,0000000H0000002T000000070000000X,17.33,2018/10/5,331000,a9a4f2a0-bc4f-465f-8985-47f9e46f3e01
衢州市,0000000J0000003Q000000070000000X,40.67,2017/2/5,330800,9b0001fb-aad3-4dfc-b8a5-9d2ee1b0f217
浙江省,0000000C0000002Q000000030000000X,63.76,2017/10/25,330000,9b8ab5cf-2280-4672-b972-a45188274edd
湖州市,0000002P0000007W000000070000000X,3.89,2017/12/5,330500,1e96b3f2-80b0-4661-a2b3-69811f6a969e
丽水市,0000001700000031000000070000000X,2.5,2017/10/15,331100,99ea571e-3d29-4af2-b23b-f592b76cd068
杭州市,0000000Z00000031000000070000000X,4.43,2017/7/15,330100,0be985bd-0c32-4147-bd86-d78396144239
衢州市,0000000X0000007T000000070000000X,24.33,2018/3/15,330800,7b6af0de-a140-46e7-82a0-17e6dd30dfdb
台州市,0000001K00000031000000070000000X,2,2017/4/15,331000,6ed3537a-c886-4720-a292-86ccafb5dd1c
丽水市,0000000J0000003S000000070000000X,34.33,2017/3/25,331100,f4daad25-9979-42df-805e-b2065cb933a0
丽水市,0000001700000031000000070000000X,2,2017/6/25,331100,5ed52a52-a0c2-4c8f-9af5-bfbb78553634
衢州市,0000003100000081000000130000000X,93.27,2017/9/5,330800,07aa4195-0376-4ecd-bae2-361db8e68322
金华市,0000001200000031000000070000000X,3.67,2018/1/25,330700,9edc3735-08e4-45f2-94ae-22484c318a83
舟山市,0000000J0000003S000000070000000X,37.67,2018/11/25,330900,d16b4a72-a406-4fe8-80cd-ce08f0fd7761
台州市,0000000Z00000031000000070000000X,2.33,2017/4/15,331000,3a425b8a-0eae-4a95-a592-4b531d07c44c
嘉兴市,0000000H0000003N000000070000000X,14.33,2019/1/15,330400,8ce07caf-2739-49a1-ab54-0a0f60607ac3
衢州市,0000000D0000002R000000030000000X,37,2018/5/25,330800,48d24fb6-6d7d-45d6-9435-4b5966079b0d
台州市,0000000H0000003N000000070000000X,14.17,2016/12/25,331000,7f665fee-eb44-44ee-b88a-ab7e5fcaaab6
丽水市,0000001K00000031000000070000000X,3.5,2017/2/15,331100,bf489b5e-153a-403e-9137-81eaecc48a57
嘉兴市,0000000G0000003F0000000700000010,9.85,2017/12/5,330400,1fc5d188-b065-48e3-a225-bc09d82d5357
温州市,0000001Z00000036000000070000000X,6.33,2018/9/15,330300,28aa12c4-d2c4-435d-8a4a-206c3cbebc0c
嘉兴市,0000000M0000003V000000070000000X,11,2017/1/5,330400,e883567b-b2f4-4833-86f0-b6e1e89eb766
衢州市,0000000G0000003F0000000700000010,6.8,2018/5/29,330800,065e62c2-0b44-4603-8861-cffc138ff2a1
湖州市,0000000K0000003U000000070000000X,0,2018/8/5,330500,47b0d627-b222-49d3-bca9-65f4641a1b7b
湖州市,0000000K0000003U000000070000000X,0,2018/1/25,330500,73b10c91-7e79-4462-9681-51e779aa4774
湖州市,0000001A00000031000000070000000X,7.67,2017/4/5,330500,73e087b4-5db7-4f9a-b40e-d4ebcab8668c
杭州市,0000000J0000003S000000070000000X,36.17,2018/2/15,330100,344a3fa2-0c0e-4cff-948b-f3d321d2ca5b
金华市,0000000H0000003P000000070000000X,20.67,2017/7/25,330700,a4595571-1f14-402b-907a-b22382df64bf
衢州市,0000001K00000031000000070000000X,5,2017/9/5,330800,3eb80b2b-e685-4a0a-b975-12cbf2b3490c
衢州市,0000002200000038000000070000000X,2.6,2018/1/5,330800,6a53e3e8-670b-43cd-8d84-3c58891ec817
温州市,0000000K0000003U000000070000000X,48,2018/9/25,330300,76f95528-ce42-4893-bc69-b2d7def8d4da
嘉兴市,0000000P0000003E0000000700000010,5,2017/11/21,330400,26b47d2d-6c12-456d-adea-ba9b994c6d9e
绍兴市,0000001E00000031000000070000000X,4,2017/6/5,330600,a5d1b9d2-c892-4c7a-89ea-8c49b243bbf5
温州市,0000000G0000003F0000000700000010,7.28,2018/6/5,330300,0d84234c-04aa-4347-a9d4-b8028a103e22
金华市,0000000J0000003Q000000070000000X,41.67,2017/4/5,330700,073d6cde-e6c0-4b77-8542-e9829a5ef389
衢州市,0000002U0000007X000000070000000X,4.33,2016/12/25,330800,d915732b-9cdf-4703-bbd3-c84dd77ed671
宁波市,0000000H0000003P000000070000000X,27.83,2019/3/5,330200,85db44d9-6743-4b71-91dd-26662db5cefb
杭州市,0000000H0000003P000000070000000X,20.33,2018/5/15,330100,616889f6-4a96-4a21-9c0f-ac0fddef5e75
嘉兴市,0000000H0000003P000000070000000X,24,2017/9/15,330400,d138c315-cc0f-4d64-afdc-d32de5730e98
衢州市,0000001500000031000000070000000X,5.5,2018/10/25,330800,37841717-51e7-4bc4-9c4d-3a563d2b0020
嘉兴市,0000003100000081000000130000000X,79,2016/12/15,330400,9b1e6cc9-4edf-4d34-8a35-309463a1a241
宁波市,0000000H0000003N000000070000000X,13.27,2018/4/25,330200,0cb75bf1-465d-49ce-b525-24e1772e29fd
嘉兴市,0000000H0000002T000000070000000X,17.33,2017/9/25,330400,08bb1fdd-762b-499b-93e6-6be50aad48bf
舟山市,0000001E00000031000000070000000X,5.83,2017/8/15,330900,57f67834-b443-4af5-92ff-2f43cfbf3a42
杭州市,0000000K0000003U000000070000000X,33,2017/10/15,330100,c46b2b97-b1e4-440a-b483-ed0c8791aaf2
嘉兴市,0000000P0000003E0000000700000010,5.33,2017/12/5,330400,f1a5c48d-6fb3-4e45-821b-c3f1b0e26cda
宁波市,0000001E00000031000000070000000X,4.5,2019/2/15,330200,27c52b14-bf1f-4e18-b566-f57d11c54aea
衢州市,0000002P0000007W000000070000000X,3.07,2017/4/5,330800,c851c18e-6128-42b4-85a2-ad4b0ef4280b
温州市,0000001E00000031000000070000000X,4.33,2017/7/25,330300,e097fede-fbf6-49b9-92e9-af544b0b5d47
舟山市,0000001Z00000036000000070000000X,7.33,2018/5/5,330900,68c88542-547f-42bb-8b3b-20a8d21e1675
杭州市,0000002U0000007X000000070000000X,4.5,2018/2/15,330100,9fb9813f-d935-4880-ad15-d5c3b264a9f0
湖州市,0000001500000031000000070000000X,4.83,2016/12/15,330500,68a06f1a-4a8d-4960-9ca0-000ae86fda6f
丽水市,0000000J0000003S000000070000000X,39.33,2018/11/15,331100,28b3e615-9ddb-4a91-b3f0-ec85a8400295
杭州市,0000000J0000003S000000070000000X,36,2018/4/5,330100,6fa3abd4-7732-4a26-956d-d771d25d2209
台州市,0000001E00000031000000070000000X,3,2017/12/5,331000,df86ed56-9a2c-4255-83a3-c76ee3301ed8
宁波市,0000001E00000031000000070000000X,6.2,2018/11/15,330200,a6dccb69-29db-40d0-a56c-3a1182b4af0a
台州市,0000000G0000003F0000000700000010,10.5,2018/12/4,331000,162eea18-986e-4701-9103-5f7183de0484
丽水市,0000000G0000003F0000000700000010,9.4,2017/8/22,331100,8cb7d02b-8952-42b2-9f25-b7d760e5b302
宁波市,0000001700000031000000070000000X,3.63,2017/4/15,330200,75525d14-9168-4baa-bb3b-a7e6205c9d89
金华市,0000000P0000003E0000000700000010,3.5,2019/2/19,330700,d8520f14-dece-4e16-a986-04b437d5e682
宁波市,0000000C0000002Q000000030000000X,73,2018/10/5,330200,8d42f8cf-c158-4172-a998-82fd667a4adb
湖州市,0000000Z00000031000000070000000X,5.33,2018/1/15,330500,fd165bf1-a116-48a7-b86c-6e507a0ee536
衢州市,0000001200000031000000070000000X,4,2017/1/15,330800,b7d98615-42a8-4193-ae46-6b74ef9500b4
舟山市,0000000X0000007T000000070000000X,51.67,2017/5/5,330900,0561559b-c02b-4d50-bed1-2dbdb743ffff
宁波市,0000000H0000003P000000070000000X,25.67,2017/12/15,330200,8fefc084-1978-416a-b68a-09382f25158f
丽水市,0000001500000031000000070000000X,4.5,2017/5/15,331100,ca54665a-bbc9-4dca-ad77-a8df5692881a
舟山市,0000000H0000003P000000070000000X,25.33,2017/9/25,330900,07b4111c-733f-4944-9f7b-b9bea1384fd6
丽水市,0000002U0000007X000000070000000X,4.66,2017/3/15,331100,3370eda5-88b9-46b9-b504-ccb2d712d2d0
金华市,0000001200000031000000070000000X,3,2017/4/15,330700,8f4aabf4-65f3-4896-b7cf-978c041ab321
台州市,0000000D0000002R000000030000000X,40.33,2017/4/15,331000,9f55aa46-7f62-4c7e-91de-ae73573b92a0
金华市,0000001A00000031000000070000000X,6.17,2019/1/25,330700,aee21589-c5a2-4d76-9db8-6394b02a8b6f
嘉兴市,0000000D0000002R000000030000000X,39.33,2017/5/25,330400,9dd5f970-5106-4c30-86d1-0f443f265897
浙江省,0000000C0000002Q000000030000000X,63.71,2016/3/5,330000,11f92067-c8b5-455d-adb8-bad8c303cc81
舟山市,0000000G0000003F0000000700000010,10.4,2017/8/22,330900,8d60ba3f-e55b-466b-8462-3cd451cc5ea7
金华市,0000000P0000003E0000000700000010,4.7,2018/8/7,330700,c9f341a6-96dc-4ad7-9029-fa6328208668
丽水市,0000000M0000003V000000070000000X,10,2017/4/25,331100,6d409170-9e53-4579-9602-8483e28a4fa6
湖州市,0000000D0000002R000000030000000X,36.33,2019/3/15,330500,01bad751-f16d-488d-8adb-334db8380f23
绍兴市,0000000P0000003E0000000700000010,3.2,2017/4/18,330600,a562f8e9-3ccb-4147-bee5-f9befcca8fb7
舟山市,0000001700000031000000070000000X,3.17,2017/3/5,330900,bea945a5-80e2-417c-b7ea-22ea8be94266
台州市,0000000H0000003N000000070000000X,12.33,2017/11/15,331000,e916bfbd-11a0-4d5b-b6e7-1de992ff09f0
湖州市,0000000C0000002Q000000030000000X,57.67,2017/7/5,330500,e82ff7b9-ba9b-4525-ad34-2ac1becff4d4
嘉兴市,0000002P0000007W000000070000000X,3.2,2017/12/5,330400,774c19d2-27f6-4da9-a611-a624de87fb55
金华市,0000000P0000002W000000070000000X,4.83,2017/3/5,330700,69e8026d-149a-4eae-96d1-3224ff61e34a
杭州市,0000000M0000003V000000070000000X,13,2018/2/15,330100,105af052-1338-4a91-a515-68754401971d
温州市,0000000H0000002T000000070000000X,17.5,2017/3/15,330300,491086eb-d073-4ee7-bc3d-ce9f4505479c
湖州市,0000000G0000003F0000000700000010,10.4,2018/10/23,330500,dc283bb9-f62d-4f64-8665-e447730386ee
温州市,0000003100000081000000130000000X,63,2017/6/25,330300,6e07fb54-77ba-464b-a4d3-59a7babd700b
湖州市,0000000X0000007T000000070000000X,35,2018/11/5,330500,6be1de45-da67-4a38-a3c6-a304c9fd25ef
丽水市,0000002P0000007W000000070000000X,2.43,2017/3/15,331100,1bb74929-c645-4c55-9c57-df337c462d72
舟山市,0000001500000031000000070000000X,5,2017/3/25,330900,ea7c5ab6-84b2-4080-88bb-c749ac017cd9
台州市,0000000P0000003E0000000700000010,4.28,2019/2/5,331000,54b1a863-98c5-41cf-a16c-fa2ff48323f9
杭州市,0000001E00000031000000070000000X,4.83,2017/12/25,330100,bedf3876-bf4f-415b-878d-0126c9619d48
温州市,0000002U0000007X000000070000000X,4.33,2018/6/25,330300,80ae9bf6-ed0c-4125-b7db-816246ec545a
温州市,0000001K00000031000000070000000X,3.5,2017/2/5,330300,1ea9efd3-40e3-46b5-8cd4-b07faf63b847
丽水市,0000001K00000031000000070000000X,4.17,2018/7/25,331100,336589f3-aa18-4747-8f47-88f27568c695
嘉兴市,0000000J0000003Q000000070000000X,40.67,2017/7/25,330400,69b9f454-0c87-4566-b91c-f2f2ea1042cf
杭州市,0000000G0000003F0000000700000010,9.08,2017/11/21,330100,e2ac25cc-a14d-40c4-a8ef-0377cdcb67a7
温州市,0000002U0000007X000000070000000X,4,2017/6/25,330300,0eaae20f-7dde-4398-856c-7fdb773982ee
绍兴市,0000001Z00000036000000070000000X,4.67,2017/8/15,330600,99970fef-97da-4eac-963f-d8e0b4f1d88b
杭州市,0000001Z00000036000000070000000X,6.5,2017/8/25,330100,070e6b2b-7074-433b-896b-599a1e0dcb6a
杭州市,0000002200000038000000070000000X,2.87,2017/7/5,330100,0dfab53a-9820-4fa7-9cbc-c6cd6d64ebd6
嘉兴市,0000001500000031000000070000000X,5.67,2017/2/5,330400,c9693a19-330b-4f70-86f8-e33e6cb581fa
丽水市,0000001A00000031000000070000000X,4.5,2016/12/25,331100,e98377b1-a024-48dc-87a6-0f15f55cfa3f
绍兴市,0000000D0000002R000000030000000X,49.33,2018/6/25,330600,2501ca40-810a-4c6e-a87f-5454b98aa67b
温州市,0000000S0000002Z000000070000000X,9.33,2016/12/15,330300,eb2c604c-32e9-47ef-a9f1-ecc0935d16cb
台州市,0000000P0000003E0000000700000010,3.92,2018/5/1,331000,f6154655-5029-4bfe-ad7e-32c520d16d75
衢州市,0000000P0000003E0000000700000010,3.95,2019/2/12,330800,52e3393c-8fe5-4e93-bf3c-abf5a71b77df
浙江省,0000000P0000003E0000000700000010,4.1,2018/5/15,330000,65ed8bbf-e5e7-4b0f-9b1c-be122bfbd40b
台州市,0000000H0000003N000000070000000X,13.83,2017/3/25,331000,e92b4cec-00a2-420c-9781-ac10f3f5f52f
衢州市,0000000H0000002T000000070000000X,17.33,2017/7/25,330800,5f86e099-c297-4c80-9450-9277a87009d0
浙江省,0000000H0000003P000000070000000X,24.2,2017/1/25,330000,f008e2e6-6f40-40b3-8a53-8fea9f826b32
嘉兴市,0000000Z00000031000000070000000X,3.17,2017/4/25,330400,f53a99ca-a2ea-4ab8-828e-5a7df2162346
嘉兴市,0000001A00000031000000070000000X,4.67,2017/6/25,330400,e801cd28-eeec-416e-ae52-4d5b85f99a0f
舟山市,0000001700000031000000070000000X,3,2017/3/15,330900,fa89423d-d909-4493-9b3e-fc709df9fec0
绍兴市,0000002200000038000000070000000X,3.83,2018/12/5,330600,7570b798-4189-4b24-b14a-852529739468
绍兴市,0000000G0000003F0000000700000010,11,2019/2/5,330600,78dd2fa9-cca3-4e9e-ac59-1847c8893bdb
绍兴市,0000001E00000031000000070000000X,3,2017/5/15,330600,7d32f78d-37d9-447f-aad0-2362463f4d85
宁波市,0000000H0000002T000000070000000X,14.4,2018/7/25,330200,42c6939c-5b11-4b47-9905-bdef84c4ca28
温州市,0000001E00000031000000070000000X,4,2019/3/5,330300,8de2aa23-5529-4002-8aea-53f4709cc2a6
嘉兴市,0000001A00000031000000070000000X,5.33,2018/7/15,330400,7d5c189a-88af-4e96-bab2-bed02921cfba
绍兴市,0000000K0000003U000000070000000X,37.67,2017/5/25,330600,edadba45-f6df-47cc-9a3a-16d29ada17e5
台州市,0000000P0000002W000000070000000X,5,2018/5/25,331000,e3a47edb-e466-4d46-bb04-a3980d6237b0
舟山市,0000000J0000003S000000070000000X,33.67,2017/12/5,330900,5540e66b-ce30-4903-b8b1-13adbe2462c2
湖州市,0000000H0000003N000000070000000X,13.67,2018/11/15,330500,b58a12d6-e2b7-43a4-936d-3062943ab1b9
温州市,0000002U0000007X000000070000000X,3.83,2016/12/25,330300,9ec606fa-8209-46b5-a028-6c6c81b0a313
杭州市,0000001E00000031000000070000000X,4.83,2019/1/5,330100,a774e0d0-d3eb-44f8-aa86-516fc7b77c41
舟山市,0000001A00000031000000070000000X,5.67,2018/4/25,330900,2e6d809c-6d62-4bc3-9608-0d47845991e7
湖州市,0000002U0000007X000000070000000X,3.87,2018/6/15,330500,4854803c-4c64-4522-95e7-04618fcdd785
台州市,0000000G0000003F0000000700000010,9.2,2017/11/21,331000,9c858705-f38d-43e3-a932-26c8f9406f2f
台州市,0000000S0000002Z000000070000000X,10.33,2017/5/25,331000,1f5d97e8-5e9a-4293-8194-bd5e20e35d36
杭州市,0000001400000031000000070000000X,7.77,2018/4/5,330100,44b74e32-9ed6-4c93-95a0-fb4a1f0ca825
衢州市,0000001K00000031000000070000000X,2.83,2018/12/5,330800,5063ccdc-853e-45f6-b866-014c09498101
舟山市,0000002200000038000000070000000X,4.5,2018/9/5,330900,f85d806c-ff5b-4fdc-a46e-65419cc40ff7
浙江省,0000000P0000002W000000070000000X,4.52,2017/3/5,330000,ad1b8e61-e348-430e-9061-db47b86ae5ce
温州市,0000000H0000003P000000070000000X,26,2017/3/5,330300,c459b457-3288-4239-b863-de73cbeb96a1
绍兴市,0000001K00000031000000070000000X,3.67,2017/9/5,330600,2b77f6c2-9bfa-4ec7-ac28-49429e6a19bd
丽水市,0000002U0000007X000000070000000X,3.66,2019/3/5,331100,218e99cf-5bb9-465c-8964-306c99619a52
浙江省,0000001K00000031000000070000000X,3.06,2017/6/25,330000,e08f9880-0881-41d8-a9f4-f86c2b7a38de
丽水市,0000000C0000002Q000000030000000X,70.23,2017/8/25,331100,7f9d69ee-089d-4182-8620-3e98032dff9e
浙江省,0000002P0000007W000000070000000X,2.88,2016/12/15,330000,c9aacc67-0233-4aca-b5f7-94137126fd8b
衢州市,0000001A00000031000000070000000X,5.33,2018/6/25,330800,5da0e243-20ca-43ab-853a-1d2630443dda
舟山市,0000001Z00000036000000070000000X,7.33,2018/6/15,330900,2c25b886-a981-4f6a-bf8e-8707dacf0b3c
台州市,0000001A00000031000000070000000X,5.83,2018/9/25,331000,c71ccbdd-fc22-487f-a94f-42e67fcd6782
浙江省,0000000G0000003F0000000700000010,9.87,2017/8/29,330000,681e27de-919a-40a3-9a92-f5506c4a2214
嘉兴市,0000003100000081000000130000000X,79,2018/2/15,330400,525c99c8-3f86-40b0-96bd-ea56053de3bd
浙江省,0000000P0000003E0000000700000010,4.79,2017/11/28,330000,0a4c1584-4a41-4ff4-b035-159ebaa77c9f
杭州市,0000001400000031000000070000000X,6.5,2017/2/15,330100,977327f0-b7c6-48a6-950f-c298ac293802
温州市,0000000P0000002W000000070000000X,4.6,2017/2/15,330300,2cef5f5d-7da7-4815-88d4-d3999e038bf5
湖州市,0000001K00000031000000070000000X,3.33,2017/4/15,330500,a13fae01-10e2-414d-8d3c-f7acb805b6cf
嘉兴市,0000001Z00000036000000070000000X,5.33,2018/10/15,330400,52b67027-07ea-40a8-9f64-a7c632216f72
嘉兴市,0000001Z00000036000000070000000X,5.67,2017/12/25,330400,fa74f660-e1eb-4ceb-8452-343105f3888e
嘉兴市,0000001500000031000000070000000X,4.67,2018/4/25,330400,b6570b9a-32e6-43b2-a426-bdc1aa1fa33c
嘉兴市,0000003100000081000000130000000X,79,2018/5/5,330400,7f344b46-d53a-46fd-a7c6-4d4b557d9594
湖州市,0000001200000031000000070000000X,4.33,2017/1/5,330500,ab451147-ecc9-48a3-b514-024765256f1f
衢州市,0000001700000031000000070000000X,2.67,2017/1/25,330800,5b38b781-becc-4d73-bca9-552f14a9c8b7
丽水市,0000000J0000003S000000070000000X,36,2018/1/5,331100,0283e417-fe05-4aa6-8c61-80586a9bb132
衢州市,0000001200000031000000070000000X,5,2019/1/25,330800,bb1d8627-3dc1-41be-b4ce-b7f6104adc6c
浙江省,0000001Z00000036000000070000000X,6.37,2018/11/15,330000,8595e327-949a-4614-812e-a55897451963
舟山市,0000001E00000031000000070000000X,5.33,2017/7/25,330900,7a5eeb7d-e73b-42a0-844f-5c299973b33a
舟山市,0000001K00000031000000070000000X,3.83,2018/1/25,330900,48affa87-1b63-4f40-875e-75720e54da21
舟山市,0000000H0000002T000000070000000X,14.33,2018/5/5,330900,627b98f6-2dcf-4e5a-b52a-6a189751060e
丽水市,0000000H0000003N000000070000000X,14,2017/4/5,331100,af2ef44e-1183-48c2-a369-5f46a8a4bdf8
浙江省,0000000Z00000031000000070000000X,5.32,2017/10/25,330000,9b5b3475-53ec-4d41-b456-6b017245ffba
宁波市,0000000M0000003V000000070000000X,14.5,2017/4/5,330200,47bbbb5d-7e63-44a2-bc22-c003fb778b51
湖州市,0000000P0000003E0000000700000010,5.2,2017/8/22,330500,1251f432-cf7a-43b4-a640-3a8902d99f32
台州市,0000000P0000002W000000070000000X,5.03,2018/6/15,331000,f26fc400-f94e-474b-adb6-b5e98b208df0
嘉兴市,0000001E00000031000000070000000X,4.83,2018/4/25,330400,f0582b77-92e5-47c4-8722-d1655e08168a
丽水市,0000001200000031000000070000000X,2.67,2017/7/25,331100,3b47abc1-7fdc-4312-978f-f50ed498f95e
宁波市,0000001A00000031000000070000000X,6.57,2018/2/25,330200,3b046f9c-c8a0-44e5-a93c-8bc2cb3674db
杭州市,0000000P0000002W000000070000000X,5.67,2018/8/25,330100,94590e08-ed09-4a46-bda3-ff03ce4769a7
杭州市,0000000H0000002T000000070000000X,17.93,2017/4/25,330100,61d89e6f-8e27-483a-bbd5-0deda523d23d
嘉兴市,0000000C0000002Q000000030000000X,66,2017/4/25,330400,d040eaa7-a9f7-4e7a-8143-dd75f6c9ffd0
嘉兴市,0000000Z00000031000000070000000X,4,2016/12/25,330400,b1591aa6-b1f8-46b3-aa50-4327c65048ae
浙江省,0000000X0000007T000000070000000X,35.12,2017/8/25,330000,b8947db9-d599-469c-b89f-41d228635c8b
衢州市,0000000H0000003P000000070000000X,24.67,2018/12/15,330800,bfc73d8d-46e1-4239-a656-da168077e007
衢州市,0000000H0000003P000000070000000X,22.67,2017/12/15,330800,4fe3ca2f-0474-47f2-912d-a2a3e4f149e8
丽水市,0000000M0000003V000000070000000X,11.33,2018/2/25,331100,a60868bd-bde8-47cc-badd-48bb1b491177
浙江省,0000000C0000002Q000000030000000X,64.09,2017/5/5,330000,74ada748-c844-450f-8447-129d3f4b996e
温州市,0000001400000031000000070000000X,7.5,2018/12/25,330300,3fd12f9e-831e-4591-9135-73f0bc27acd3
浙江省,0000000H0000003N000000070000000X,15.2,2018/12/5,330000,131b4f89-b6ee-475f-a467-8322674d8542
温州市,0000000M0000003V000000070000000X,14.67,2017/6/15,330300,4a60e0c7-8e8f-4165-b551-e2c336db585d
杭州市,0000000P0000002W000000070000000X,5.5,2017/9/15,330100,2ecfdb4b-0152-4d0f-ace3-135111c02759
湖州市,0000001K00000031000000070000000X,3.33,2018/12/15,330500,e00abc50-29d8-4ccb-a7ec-813deb409a91
绍兴市,0000003100000081000000130000000X,66,2017/4/15,330600,bfc24b72-919d-4bc1-b4e0-1f8f64514237
台州市,0000001Z00000036000000070000000X,6.33,2017/9/15,331000,fe982432-8760-434b-a0ff-3d093c5288d6
绍兴市,0000001400000031000000070000000X,4.17,2017/8/5,330600,df5c0fa3-dff5-4107-8333-8a7504ab3a31
杭州市,0000002P0000007W000000070000000X,3,2018/8/5,330100,0c7e809b-20d5-47f5-bb5f-445745a6983c
浙江省,0000002200000038000000070000000X,3.42,2018/6/15,330000,3dac0cac-80b2-43a1-9b80-8f01efcb2003
衢州市,0000000G0000003F0000000700000010,11.15,2018/11/27,330800,9494b2df-9c1d-433f-a657-3dcadefb4dee
宁波市,0000000H0000002T000000070000000X,16.17,2017/1/5,330200,f27457ce-be55-4c73-8678-7ccceae12d4e
金华市,0000001K00000031000000070000000X,1.83,2017/1/15,330700,fe99c30b-5c84-4007-a5e0-50df8fab7d5e
浙江省,0000000C0000002Q000000030000000X,63.92,2019/1/25,330000,7827d4e9-aa4a-4907-9290-5f33cfd5c8ed
绍兴市,0000001700000031000000070000000X,2.5,2018/12/25,330600,eeb4f07f-3c17-4685-ad89-5aa37205700c
杭州市,0000001200000031000000070000000X,4.17,2017/4/15,330100,a56ecc27-ec85-4225-9b02-d2724c092ab7
嘉兴市,0000000M0000003V000000070000000X,12,2019/1/15,330400,0426c637-b6d8-4d84-b7d1-c015e6fe3a2a
温州市,0000000D0000002R000000030000000X,50.33,2018/5/15,330300,6e5280cd-bb34-43bb-80b6-08598887a490
丽水市,0000001Z00000036000000070000000X,6.6,2019/2/25,331100,abb428d6-4967-4948-9406-f20057d0a564
嘉兴市,0000002P0000007W000000070000000X,3.2,2017/11/5,330400,8479eb08-c357-4418-9d05-fcd8f71b94e5
舟山市,0000000J0000003Q000000070000000X,39.67,2017/5/5,330900,820cdc01-45f2-40a1-94db-c4e6f7c47842
衢州市,0000000P0000002W000000070000000X,6,2019/1/5,330800,8c56dd6c-a2b7-4a0b-a233-47bc1201b35d
金华市,0000000C0000002Q000000030000000X,68.17,2017/1/15,330700,17d68627-dfd9-40b1-ac4d-0bb046e9924f
金华市,0000000H0000003N000000070000000X,15,2017/2/5,330700,4856ba57-3987-4be5-ac4e-e0943a607f3c
温州市,0000000S0000002Z000000070000000X,9.5,2018/3/15,330300,97c48431-0691-4774-92bb-c4245c2e96c3
舟山市,0000002200000038000000070000000X,4.17,2017/7/5,330900,1879f7c1-cb91-41d5-9b95-31e099acb9bc
绍兴市,0000002U0000007X000000070000000X,4.5,2017/7/5,330600,9329bf9a-17f0-4b96-b418-348181d6abb2
绍兴市,0000001500000031000000070000000X,4.33,2017/3/15,330600,5a300e79-ce3f-477c-bd83-47624d6eec8e
嘉兴市,0000000P0000003E0000000700000010,4,2017/2/7,330400,91ea9c1f-0d99-4a0e-aedc-496348ffc59d
金华市,0000001400000031000000070000000X,5.33,2017/4/25,330700,b29ec180-6dcf-43d9-a495-5ad069747894
绍兴市,0000001E00000031000000070000000X,3.17,2017/1/25,330600,5ac036af-89df-4047-a05f-7b8dba38f048
宁波市,0000000P0000002W000000070000000X,5.77,2018/4/15,330200,5ffcf159-4bbb-4708-960b-4bc1a499d83a
杭州市,0000001200000031000000070000000X,3.7,2017/5/5,330100,33d4771c-7109-46bb-8bdd-f759bba7f2dd
湖州市,0000000J0000003Q000000070000000X,40.33,2019/2/25,330500,954a61ea-ee87-4c93-8a19-d99aa85c2b98
温州市,0000001K00000031000000070000000X,3.33,2019/2/15,330300,8197d8be-b60d-44b0-8f91-b8c947d4a64d
绍兴市,0000000H0000003P000000070000000X,24.67,2018/2/5,330600,434be9fe-87a3-4fe3-9856-1c355d2d3aee
杭州市,0000000G0000003F0000000700000010,11.42,2017/1/17,330100,3abe0a4f-e366-41d0-9b39-0ec3ef385d77
台州市,0000001700000031000000070000000X,2.5,2017/4/15,331000,6bae4ba0-9929-43d5-b7f3-b1fed6688891
衢州市,0000000Z00000031000000070000000X,2.67,2017/1/25,330800,98895245-7554-490c-a633-07f878ab4785
丽水市,0000001400000031000000070000000X,5,2017/5/5,331100,e4483bfa-b483-41dc-be0c-35e3cafd21f0
杭州市,0000000H0000002T000000070000000X,17.93,2017/3/25,330100,8963828d-82ba-4e2e-a2d9-40e7c8586ea1
温州市,0000001200000031000000070000000X,4.33,2017/4/5,330300,ca1cca56-3e48-4ba0-9a93-5f6dc2e3d82a
宁波市,0000002200000038000000070000000X,3.67,2018/1/25,330200,c18fd2e7-19ac-407d-b330-9f2ab7ffcfeb
衢州市,0000000K0000003U000000070000000X,32.33,2018/6/15,330800,a612c1a8-6dce-4a2e-90b3-b9ad2149af3e
舟山市,0000001K00000031000000070000000X,3.5,2017/12/5,330900,e536ef99-1198-4d50-a549-92b8f0de5bf2
丽水市,0000000M0000003V000000070000000X,11.67,2019/3/5,331100,aeaacb77-ca24-447f-8894-1da0c5e7046b
宁波市,0000001500000031000000070000000X,4.5,2018/8/25,330200,056b2237-e809-4934-a8f9-8d90e423b150
丽水市,0000000M0000003V000000070000000X,11.33,2017/11/5,331100,7a631d8f-106a-460b-b662-c82086059223
湖州市,0000002200000038000000070000000X,4.5,2018/12/5,330500,9a3dab07-08c6-45ed-9a8a-a6a76e65da96
绍兴市,0000001Z00000036000000070000000X,4.33,2017/5/15,330600,77340670-b2b4-4fc5-9723-32701507edb2
宁波市,0000000M0000003V000000070000000X,13.83,2018/5/25,330200,55273ebd-c248-454a-a71b-2d49da3bcd28
杭州市,0000001700000031000000070000000X,2.83,2017/2/25,330100,b4f7ed5d-c7cc-47e6-99da-7adac1202fbb
绍兴市,0000000S0000002Z000000070000000X,8.33,2018/1/5,330600,79d07385-787d-406e-9cf0-031f40c35f2d
衢州市,0000000P0000002W000000070000000X,4.67,2018/4/5,330800,540d380e-bedf-4b3f-b70e-6a700265c4a5
金华市,0000000S0000002Z000000070000000X,7.5,2018/8/15,330700,9d99d515-1ac7-4898-825b-e9d053c46b9f
绍兴市,0000000H0000003P000000070000000X,24.67,2018/8/5,330600,0d4af22e-7f15-420f-83ab-4568214f8b4e
绍兴市,0000000D0000002R000000030000000X,49.33,2018/10/5,330600,1875fb79-f154-4bca-8d4f-c0ac9d4972d9
杭州市,0000000S0000002Z000000070000000X,8.5,2017/4/5,330100,6428f197-1f23-4bc5-ba30-2bacb8078445
浙江省,0000003100000081000000130000000X,86.31,2018/8/25,330000,6737accf-fced-4cfe-95b5-e2dd805b702c
绍兴市,0000000H0000002T000000070000000X,15.33,2017/4/5,330600,7a64778f-94c7-4ad9-819e-9238772edcc4
温州市,0000002U0000007X000000070000000X,4.67,2019/3/5,330300,aa604094-8243-438a-ba78-1f1e62e8320e
嘉兴市,0000002200000038000000070000000X,3.1,2017/8/25,330400,88cd0579-6165-4484-b5d5-10c14f440be4
舟山市,0000002200000038000000070000000X,4.5,2018/6/5,330900,6c8cec88-568d-4017-aa89-8713ae4706d1
宁波市,0000001400000031000000070000000X,6.23,2016/12/15,330200,6ad1051a-ea08-4c1b-8afc-bec519be400a
温州市,0000001400000031000000070000000X,6.33,2017/2/15,330300,0fc6baaa-0b9c-4313-a5b6-5142b2ef1e3a
湖州市,0000000C0000002Q000000030000000X,57.67,2018/4/5,330500,937fb8ef-3593-44da-aaff-0379ef590fa1
宁波市,0000003100000081000000130000000X,175.33,2017/8/15,330200,cc218606-2d9a-4e62-83b2-587448afbcdf
舟山市,0000000J0000003Q000000070000000X,41.67,2018/3/5,330900,6022095d-587e-4557-9c72-3a0ea19d764b
湖州市,0000000H0000002T000000070000000X,15,2018/6/15,330500,d22e4b06-b752-41c1-b9dd-0e563f5f7e1f
浙江省,0000000K0000003U000000070000000X,37.31,2018/10/25,330000,ec1058a9-8df4-442d-ba5c-4599a403df31
浙江省,0000000H0000003P000000070000000X,22.71,2018/2/5,330000,baa331ee-14da-460d-a45a-34499902bdba
衢州市,0000001Z00000036000000070000000X,4.67,2017/4/15,330800,5ac3fb38-3fe4-4e95-bfdb-b94eb4b73ec5
台州市,0000002200000038000000070000000X,3.1,2017/5/25,331000,2daa8f7a-3c1b-42ab-a8cf-b3ff046a9e9b
湖州市,0000000D0000002R000000030000000X,37,2018/5/25,330500,75359a35-c13a-4576-9a94-ffc8944a97ed
湖州市,0000000P0000003E0000000700000010,3.8,2018/7/10,330500,bdc7afc0-5c26-40f3-92f4-e4087a29359d
杭州市,0000000H0000003N000000070000000X,16,2017/1/15,330100,382be870-3f3c-4685-b6c8-7d6ddb275410
台州市,0000001200000031000000070000000X,3.33,2017/5/5,331000,e750ff43-c3a5-495b-b2f1-30722a97d247
嘉兴市,0000001200000031000000070000000X,3.33,2017/7/5,330400,9cdfab9d-b38b-4271-b6c6-6003782a1317
杭州市,0000002U0000007X000000070000000X,4.47,2018/3/15,330100,d9c57bb0-2ea8-406f-bc45-a7fc8fd1ad9c
温州市,0000000J0000003S000000070000000X,43.33,2018/2/5,330300,5d183607-4de4-454c-ac53-d97cb1f96b2d
台州市,0000000P0000003E0000000700000010,3.86,2018/4/3,331000,d78eb0ec-f556-4dc2-92e6-484a14a87e9a
浙江省,0000001700000031000000070000000X,2.73,2017/11/25,330000,42f2673a-d037-4809-be49-814954c35859
丽水市,0000003100000081000000130000000X,84,2017/8/15,331100,a233bb30-3527-48b4-85e6-15e9fd856cda
衢州市,0000001500000031000000070000000X,3.5,2018/5/5,330800,cfdfef96-4fa6-4b2c-90a1-e2a717be2bb6
杭州市,0000001K00000031000000070000000X,3.17,2017/4/5,330100,ef9fe3a3-44a7-410d-9304-c6fdae8b60fe
丽水市,0000003100000081000000130000000X,84,2017/9/15,331100,d35adc06-4f16-4a09-a0bf-a97ebde2bfe4
衢州市,0000001500000031000000070000000X,4.33,2017/4/5,330800,1d3f93ce-8e44-448a-8151-0f5f43f6df5f
台州市,0000001200000031000000070000000X,3.33,2018/7/25,331000,de0d5608-9754-4f08-9cc6-524ce32b50af
丽水市,0000003100000081000000130000000X,84,2017/7/15,331100,32c1ea9f-7bef-4af9-aa39-dbb27da5b372
丽水市,0000000G0000003F0000000700000010,10.2,2018/1/23,331100,9ddb4525-fcd7-41f9-9ba5-2c13e2373780
舟山市,0000000M0000003V000000070000000X,14,2018/1/15,330900,29ad6dfd-8a6e-4029-98cd-60805112daa6
衢州市,0000003100000081000000130000000X,93.27,2017/11/5,330800,1ebec1d9-c885-4198-9441-87437e6d7171
台州市,0000001K00000031000000070000000X,3,2017/12/5,331000,cd919480-47ab-4bf4-9c7f-0caf09218cab
衢州市,0000001K00000031000000070000000X,2.83,2018/1/15,330800,8a7b7be2-41f2-457e-a54b-7bd790b8137c
浙江省,0000000K0000003U000000070000000X,34.59,2017/6/15,330000,576e3feb-cd06-4a12-a40e-8951b0a95282
台州市,0000000H0000003N000000070000000X,10.5,2018/5/25,331000,4771ec91-44c2-40be-b51f-64d7126f9631
杭州市,0000001400000031000000070000000X,5.83,2017/12/15,330100,9a475e93-ae3d-45d9-bc9d-be2c8c2a01da
丽水市,0000000P0000003E0000000700000010,4.1,2018/5/15,331100,dc0121e2-17e0-4467-b8dd-daadb45bfa21
金华市,0000000P0000002W000000070000000X,4.2,2017/7/15,330700,15d3391e-e611-4e8f-bed9-f8a0a40e4d2a
衢州市,0000000P0000003E0000000700000010,2.5,2017/6/6,330800,1c0335a2-2719-4785-8219-a542e3cad499
温州市,0000000P0000003E0000000700000010,4.88,2018/9/11,330300,acc27a31-b8be-4d1b-b749-4d37b1fef9d2
绍兴市,0000000J0000003S000000070000000X,33.67,2017/3/25,330600,073a59cd-c836-44ac-a59b-46fdea05ec81
温州市,0000000M0000003V000000070000000X,14.67,2017/5/25,330300,1b52ac44-7bd1-4140-bd52-84243f7b6eff
台州市,0000002U0000007X000000070000000X,4.33,2017/4/5,331000,26f5be32-4663-42b5-8492-362b3a6dab1c
绍兴市,0000000X0000007T000000070000000X,37.33,2018/10/5,330600,4612bd9c-047d-4b89-97ea-8439f4cffe1c
丽水市,0000000G0000003F0000000700000010,11.5,2018/12/18,331100,c004b248-8d67-4db4-a3ee-e5b2c6931e36
台州市,0000000P0000003E0000000700000010,4.55,2017/11/14,331000,6a1f9518-898d-4f29-8be4-1cb78771ea20
丽水市,0000000J0000003S000000070000000X,37.67,2018/3/5,331100,a160f22b-cd9e-4d91-9d3f-f6cb22c7b732
嘉兴市,0000003100000081000000130000000X,79,2018/3/25,330400,f3cb5b7e-0373-4f25-a49a-2f19c46e6a4b
台州市,0000002U0000007X000000070000000X,4.5,2018/3/15,331000,a06cd399-f9e5-4bf4-b5ee-7502503b8c37
台州市,0000002200000038000000070000000X,3,2018/9/25,331000,d0e33c6b-5c94-4b38-aa08-ffa10138a9be
嘉兴市,0000001Z00000036000000070000000X,5.67,2017/4/5,330400,a766b094-a1ac-473a-beb1-5ecfe67af427
温州市,0000001500000031000000070000000X,5.83,2018/12/25,330300,85707fe1-a1b8-4c85-943a-49fb9aa1821e
台州市,0000000X0000007T000000070000000X,35,2018/4/25,331000,b50aba9c-e0e3-49b4-8b43-e0f9a5050c91
杭州市,0000000X0000007T000000070000000X,38.67,2017/12/15,330100,a56e1760-6808-4f7d-9d7f-f5340f1ccf81
绍兴市,0000001Z00000036000000070000000X,4.17,2018/2/5,330600,56de2462-de6f-4272-ab6b-5c284f2ed6fc
丽水市,0000001E00000031000000070000000X,3.33,2017/4/5,331100,3af89401-ecf8-4c53-b1b2-e5c52343faa9
丽水市,0000000S0000002Z000000070000000X,9.67,2018/10/5,331100,3dc32bdf-5a71-4595-8c96-1b45369676fc
台州市,0000000G0000003F0000000700000010,8.9,2019/3/12,331000,c77ae2dc-6d65-4c01-8d2e-77f39a04c38a
舟山市,0000000Z00000031000000070000000X,5,2017/9/15,330900,b313b2c8-b739-4b0c-a710-005d39e31f60
浙江省,0000000X0000007T000000070000000X,36,2018/8/5,330000,7cd28c44-5cfb-46c3-854c-ff3cd9ac6ce1
舟山市,0000001700000031000000070000000X,3,2018/6/5,330900,0d3ab494-202a-4258-838b-da418117b067
舟山市,0000000X0000007T000000070000000X,41,2017/11/5,330900,6ad608d4-c7f6-4479-8ce1-fce335711de8
绍兴市,0000000M0000003V000000070000000X,9.5,2018/7/15,330600,f251be14-4ae3-4510-a01d-9ae1882b4b50
杭州市,0000001A00000031000000070000000X,5.77,2018/8/15,330100,25823be9-7343-4e94-b47b-357d3207ff77
温州市,0000000H0000003P000000070000000X,25,2017/10/25,330300,257fe532-9848-4bb0-b9c4-d85054c4d404
舟山市,0000000X0000007T000000070000000X,45,2018/5/5,330900,d78b50c6-8df4-4682-be81-f38162812ea5
温州市,0000000M0000003V000000070000000X,15,2018/3/5,330300,0fdf763e-0afc-4807-af5b-f93d390a2246
嘉兴市,0000001Z00000036000000070000000X,5.67,2016/12/25,330400,99197e7b-7758-4674-b485-dc1349606f78
绍兴市,0000001Z00000036000000070000000X,4.83,2017/7/25,330600,cd4ee0c8-18ce-4add-a2ce-137d92143b38
湖州市,0000001K00000031000000070000000X,4.83,2017/8/15,330500,3b744336-6431-434d-bbef-a1121d4768f1
嘉兴市,0000001500000031000000070000000X,3.67,2017/6/5,330400,370cd7c1-9aeb-45d4-a3ab-17aca61b36f7
湖州市,0000001K00000031000000070000000X,4,2017/11/15,330500,76846578-bad8-43ad-a79f-fd55ffc061ae
湖州市,0000000P0000002W000000070000000X,5,2016/12/25,330500,e4bb1f42-a247-4ffe-944b-a1ebb891d7e7
舟山市,0000000P0000003E0000000700000010,3.5,2017/4/18,330900,47dd74fb-d794-4adf-8a7f-ebbf08169637
衢州市,0000001700000031000000070000000X,2.5,2018/5/5,330800,f84f8dbd-d94a-4117-9bd0-6522ae63e598
嘉兴市,0000000G0000003F0000000700000010,10.75,2018/1/2,330400,1040e891-8c03-435f-b75f-20d4abd6aad9
杭州市,0000002U0000007X000000070000000X,4.5,2019/1/15,330100,9e7bbead-ae0c-494a-840f-5fcff849e0bc
衢州市,0000000J0000003S000000070000000X,35.67,2017/9/5,330800,40bb7f1f-20d5-4b46-8604-39b717006855
绍兴市,0000001Z00000036000000070000000X,3.77,2017/10/5,330600,4721cfc7-f90d-4700-99ed-0bf636a31738
杭州市,0000000X0000007T000000070000000X,39.67,2019/3/15,330100,20a1b4cf-5c77-42b9-8726-381ac7fb80e5
宁波市,0000000G0000003F0000000700000010,9.93,2017/8/1,330200,27da6db0-0c6f-46b4-bd9f-bc40df3e685f
金华市,0000000P0000002W000000070000000X,4.17,2017/3/25,330700,b6ab98a6-6212-4809-a19c-5b63e632da83
绍兴市,0000000J0000003Q000000070000000X,42,2018/7/25,330600,4a3115c6-a198-44fc-9486-8f348daf56e5
嘉兴市,0000000D0000002R000000030000000X,39.33,2017/5/5,330400,1e132e89-8e1b-4376-b8d0-df7be2b07390
丽水市,0000001400000031000000070000000X,3.5,2018/6/25,331100,92748cb7-147a-432f-9ea9-53a03eaf042c
衢州市,0000000S0000002Z000000070000000X,8.67,2018/5/5,330800,881125cc-4343-4bab-b38e-2a83e60fea08
杭州市,0000000Z00000031000000070000000X,6.17,2018/11/15,330100,46424444-0ec3-48d9-a421-1e67f2f477e5
丽水市,0000000H0000002T000000070000000X,14.67,2017/3/25,331100,11a92679-54a2-472c-a3da-d67004ba0cab
丽水市,0000001Z00000036000000070000000X,6.5,2019/2/5,331100,5597bb0b-0546-4474-9224-9a784b14d8a0
丽水市,0000000K0000003U000000070000000X,37.33,2018/7/25,331100,860859aa-8006-4c9b-b459-783f9f31e50d
舟山市,0000001700000031000000070000000X,2.33,2018/11/15,330900,96764d39-095a-471e-bf85-6001e8a5deda
浙江省,0000002200000038000000070000000X,3.13,2017/9/15,330000,35852835-2eb0-4388-9333-9092d55af4e0
金华市,0000000Z00000031000000070000000X,5.17,2018/8/25,330700,68dc140b-cf03-4f30-994c-f3a339658fea
嘉兴市,0000000H0000002T000000070000000X,17,2018/1/5,330400,fe3f291c-1cbd-4cfb-a29d-489b67166595
舟山市,0000000D0000002R000000030000000X,44.97,2017/9/15,330900,af342a82-97c0-487a-8f3a-8cd9a9fef0dd
湖州市,0000001400000031000000070000000X,5.33,2018/1/5,330500,9365350f-fb26-4940-be83-59f38c57cd06
宁波市,0000000X0000007T000000070000000X,43,2017/2/5,330200,43fcea9f-e188-4f93-9d1b-0675c920daec
金华市,0000001700000031000000070000000X,2.33,2017/7/15,330700,a509bf56-d3ba-4ad8-809e-a43a05a9e819
湖州市,0000001E00000031000000070000000X,6.17,2018/2/25,330500,6e5a3187-e242-42d8-bf1b-f0c2aada4e50
衢州市,0000001500000031000000070000000X,4,2018/3/5,330800,2baa2b48-9185-4a7e-90a2-b165c4bdfb55
湖州市,0000001500000031000000070000000X,4.83,2018/2/5,330500,de15e0fc-23d3-4556-9d59-ce6339e7f7a0
浙江省,0000001700000031000000070000000X,2.79,2018/7/25,330000,ef973d6f-1bc6-4e8a-8158-e8366dce99ba
宁波市,0000000M0000003V000000070000000X,14.1,2019/1/25,330200,06ef35db-b195-428a-bbd0-8ddf2bf6d138
杭州市,0000000M0000003V000000070000000X,10.5,2017/8/15,330100,c34ff005-0fe8-4f15-a3be-3bbea98893ee
金华市,0000002U0000007X000000070000000X,4.17,2018/2/25,330700,3f7ad71b-f7a1-4a14-8cf8-ec8e64d29d46
衢州市,0000002P0000007W000000070000000X,3.06,2017/11/5,330800,fc3b7cea-7f2a-4b14-a18e-c1a268a8dbd6
浙江省,0000000J0000003S000000070000000X,37.44,2018/11/5,330000,9742be9a-a9e9-4289-b534-a0913e1cc77d
衢州市,0000000S0000002Z000000070000000X,7.83,2016/12/25,330800,92acd7d8-5f10-4ce0-8cfb-3fda5fdbf198
浙江省,0000000M0000003V000000070000000X,13.05,2019/2/25,330000,ec561ba3-5223-426e-8041-088bce83fbc0
金华市,0000002200000038000000070000000X,2.83,2017/8/5,330700,400bde4d-7527-4d2e-8fe4-71fc3034eb02
浙江省,0000000C0000002Q000000030000000X,63.95,2018/10/5,330000,13f1f533-b234-4c13-9fc1-faa2234a7759
杭州市,0000000J0000003S000000070000000X,35.5,2017/4/25,330100,628bbad6-5242-4eba-90cf-59aa886aba7c
湖州市,0000000H0000002T000000070000000X,16.67,2018/9/15,330500,522c0d25-404b-4a97-a5b3-3e46c434dc90
台州市,0000000J0000003Q000000070000000X,38.33,2016/12/25,331000,efe9f12f-1c6c-49cd-96e4-4a9dd52c5a2a
温州市,0000000M0000003V000000070000000X,14.67,2016/12/25,330300,5e9d3192-2772-4064-88e5-cf5f29401684
杭州市,0000001400000031000000070000000X,6.33,2017/4/25,330100,63bc5ccd-13fe-44e4-bc43-416ae7d8b5f3
杭州市,0000001Z00000036000000070000000X,6.77,2017/1/5,330100,673215e8-4d5d-48a8-b69c-cdeaef140b26
宁波市,0000002U0000007X000000070000000X,4.57,2018/9/25,330200,a0d126e1-957f-4b4e-838a-866be85d05f7
宁波市,0000000S0000002Z000000070000000X,10.17,2019/1/25,330200,ff04c5dc-3605-4b6e-96c5-2119782c05fc
台州市,0000000J0000003S000000070000000X,34.33,2017/12/25,331000,179ae0be-40d1-44e6-b6a5-fae5182fa26f
舟山市,0000000P0000003E0000000700000010,5,2017/12/19,330900,2f19c426-5ac6-4059-9e17-ce0d997d6298
衢州市,0000000P0000003E0000000700000010,3.5,2019/3/5,330800,58171dcd-17a4-4c98-a389-d1116439b6e3
绍兴市,0000000S0000002Z000000070000000X,8.17,2018/4/15,330600,505e2c1f-1117-49a5-90b5-8a8359ecd946
温州市,0000000K0000003U000000070000000X,48,2018/12/25,330300,8ebd265f-8973-432f-895e-140f5af0eb4f
宁波市,0000000P0000002W000000070000000X,4.97,2017/8/15,330200,50da527d-4cbe-4077-b39b-45c3274c2fd0
温州市,0000001Z00000036000000070000000X,7.33,2019/3/5,330300,81665b5f-a64c-418e-ac02-ac7655a63428
宁波市,0000000D0000002R000000030000000X,46.43,2017/5/5,330200,30fec22a-a140-45cd-9b2b-0b2e0382d833
湖州市,0000000S0000002Z000000070000000X,8.83,2017/4/25,330500,4ee9ac92-bdd5-42a0-ac93-324bdfb2596f
丽水市,0000001200000031000000070000000X,3,2017/6/25,331100,438cda52-8bbf-48a0-a6d8-9526b11019de
绍兴市,0000001400000031000000070000000X,5.33,2018/6/15,330600,0c18d982-79c0-4ea4-8df5-1f8c92953168
温州市,0000001E00000031000000070000000X,3.5,2019/1/5,330300,b89fd052-02fc-455e-a602-14b575c20376
丽水市,0000001400000031000000070000000X,4.83,2017/11/5,331100,4f37edda-a550-4f10-bfcc-25199e930479
绍兴市,0000002200000038000000070000000X,4,2019/1/25,330600,4fdb816c-5998-4372-a8b7-eb822bf8db8f
丽水市,0000001500000031000000070000000X,4.5,2017/12/25,331100,869ff14c-e9ae-41d9-81ab-35210da518c9
舟山市,0000001700000031000000070000000X,2.83,2018/7/25,330900,9f39baec-d201-4c8e-9a70-faf683f4d49c
金华市,0000000G0000003F0000000700000010,10.2,2017/5/9,330700,012d36bb-5608-44e1-997c-424b7d35adee
衢州市,0000001200000031000000070000000X,4.67,2018/10/15,330800,3d7782a9-c62c-410b-8dfa-909dd55f01db
衢州市,0000001K00000031000000070000000X,3.83,2019/3/15,330800,51538df6-cddd-4008-a35b-3d602903fbbe
杭州市,0000001E00000031000000070000000X,5.17,2017/9/15,330100,1b3d9141-89fe-4913-8abd-0cc652ca03f1
杭州市,0000002200000038000000070000000X,3.67,2018/11/25,330100,26112fb0-adb0-43e0-b0f0-bce537b3eca8
浙江省,0000000J0000003Q000000070000000X,41.7,2018/3/5,330000,ef0becb6-7429-4edc-8124-1d29cd07023e
绍兴市,0000000Z00000031000000070000000X,6.67,2018/9/5,330600,9483826c-259b-4644-969e-a1362a3b4904
宁波市,0000000G0000003F0000000700000010,9.5,2017/7/11,330200,9602670e-f71c-4b07-b915-d3ae3898caf9
金华市,0000001K00000031000000070000000X,2.83,2018/11/15,330700,52ca7226-f35a-4038-97ea-9b766516fcca
嘉兴市,0000002P0000007W000000070000000X,3.2,2018/5/15,330400,f404f290-6e4c-43e1-b4f9-a8c1d542857a
温州市,0000001700000031000000070000000X,3,2018/5/5,330300,f1517e9e-91b6-4a9b-a971-772832f59d0c
台州市,0000001K00000031000000070000000X,3,2017/7/25,331000,e7770390-c8ec-4758-96bd-e8f36241959c
杭州市,0000000D0000002R000000030000000X,46,2018/8/25,330100,9f59b221-33a3-4efa-95f2-b10fca262132
宁波市,0000000Z00000031000000070000000X,9.4,2018/9/25,330200,5b7e12ff-5838-4707-8664-3641d03af278
衢州市,0000002P0000007W000000070000000X,3.06,2017/6/25,330800,d87585de-ae01-4e00-98d5-a3dfd30bd52e
温州市,0000000P0000003E0000000700000010,4.45,2018/11/27,330300,003e8e05-aa4d-4ecc-88d2-3770caec16ff
温州市,0000000G0000003F0000000700000010,10.58,2017/2/14,330300,6bc41cf0-b0b9-4eef-9e07-c786f4291132
湖州市,0000000M0000003V000000070000000X,17.33,2017/8/5,330500,f25ffe42-fb84-4801-a366-ca4be34870e7
衢州市,0000000K0000003U000000070000000X,34.67,2016/12/15,330800,3d65d121-7713-48a1-a046-1d71a60b1823
杭州市,0000000D0000002R000000030000000X,46,2017/4/5,330100,70a0a56b-46cf-4cbf-bab8-0bbc081b7f9b
绍兴市,0000001700000031000000070000000X,2.17,2017/9/25,330600,45072066-a248-4a4e-8c63-37f2fc2063bd
宁波市,0000001A00000031000000070000000X,4.7,2018/6/25,330200,c8902fe6-1169-42e4-94cb-77d77703941c
浙江省,0000001E00000031000000070000000X,5.14,2018/4/15,330000,aac0c6f7-13d7-4792-bdfc-1d4e96ea5be7
宁波市,0000000H0000003P000000070000000X,28,2017/1/15,330200,ba44d407-9e36-4810-bb5f-65ba66ffdd9c
杭州市,0000000K0000003U000000070000000X,35.33,2018/3/15,330100,1fc37d68-e51c-44e0-843b-290f2a42fe11
衢州市,0000000G0000003F0000000700000010,10.2,2018/8/28,330800,906d595a-9b8d-4de3-b65b-c7e57fbe197d
杭州市,0000000P0000003E0000000700000010,3.8,2017/2/21,330100,20c7afdd-f225-4aba-b1f5-3e34ea2bf3f6
湖州市,0000000G0000003F0000000700000010,9.9,2017/9/12,330500,b4993ca0-1d8b-48b4-82d0-526ca449e741
舟山市,0000000Z00000031000000070000000X,5,2018/10/25,330900,c44a6c91-4556-4e0f-af96-38a750e9d195
宁波市,0000000X0000007T000000070000000X,39.5,2017/12/15,330200,e92e98ed-e5a8-4b13-9cdb-995f1d98ead9
湖州市,0000000S0000002Z000000070000000X,9.17,2018/11/15,330500,68082e71-4250-4210-a91b-6caed26b4019
湖州市,0000000Z00000031000000070000000X,3.83,2018/3/15,330500,d37ee432-07d0-49c5-ad7e-e5963c6fc306
温州市,0000001Z00000036000000070000000X,7,2018/5/5,330300,7a656e9e-5867-4fba-b1b8-e3971db0df1d
台州市,0000000S0000002Z000000070000000X,9.33,2019/3/5,331000,4fdce9a9-d3d6-4451-9719-00e50385021c
温州市,0000001A00000031000000070000000X,4.5,2017/9/5,330300,c6719e10-5c9a-4edd-8190-63e7058b6699
金华市,0000000P0000002W000000070000000X,3.87,2017/5/5,330700,076f2420-80f3-4683-a4b8-df96edde7853
杭州市,0000000C0000002Q000000030000000X,63.33,2018/12/25,330100,e12800a8-514c-409b-bff5-9b9b09f44eb7
杭州市,0000001500000031000000070000000X,5.5,2019/3/5,330100,5c7408fc-62b2-480e-b22b-938185d930ec
湖州市,0000000D0000002R000000030000000X,36.33,2019/1/15,330500,d711dcbc-d9e0-41d0-b747-6269aacd13a6
绍兴市,0000001500000031000000070000000X,3.67,2018/5/25,330600,cc6fa567-41e7-400c-9923-afd32d327f64
金华市,0000000H0000002T000000070000000X,15.83,2017/3/15,330700,59c194d6-2460-4ab0-bc3c-92a61bf06046
浙江省,0000000H0000003N000000070000000X,15.55,2018/11/5,330000,3917a9f8-02c0-4873-a3ca-0a91b07c2721
浙江省,0000000G0000003F0000000700000010,12.09,2017/1/10,330000,9950830a-b06f-4c98-b157-7f925bcac8a6
温州市,0000000C0000002Q000000030000000X,60,2018/8/25,330300,0dd7e746-cc3b-4dfe-8733-789df16dbb74
嘉兴市,0000000D0000002R000000030000000X,39.33,2017/4/5,330400,c4dd042c-a565-4569-a2e0-101fb23c1c3b
衢州市,0000001200000031000000070000000X,3.5,2017/4/25,330800,ff77414f-6cd7-4063-96aa-fe7876a4da89
温州市,0000000P0000003E0000000700000010,4.15,2018/12/25,330300,dcfb64ec-e0bb-4d81-ae15-0fc422a574c3
绍兴市,0000001A00000031000000070000000X,3.83,2017/4/15,330600,8a14a483-9ce3-4b9b-9622-bcb1ab2ee0fd
衢州市,0000001500000031000000070000000X,4.33,2017/11/15,330800,e4b08bd0-4bbc-43a0-aca5-8053272f791e
衢州市,0000000P0000003E0000000700000010,3.85,2017/1/31,330800,e20f9349-c972-4655-b445-51ce6f96fbb1
丽水市,0000001A00000031000000070000000X,4.83,2017/3/25,331100,505a4522-0eb9-4b9b-b19e-52aed1280e81
宁波市,0000000Z00000031000000070000000X,6.2,2016/12/25,330200,1e1d8eae-a3ee-47bc-a1cb-dc06148bd54c
绍兴市,0000000J0000003Q000000070000000X,46,2018/12/25,330600,4a884c70-e810-42d5-bffe-fca90d47102a
湖州市,0000001400000031000000070000000X,6.17,2018/4/15,330500,cf9a254e-fc7d-4558-bede-03b32fbc63d1
丽水市,0000000S0000002Z000000070000000X,9,2017/1/5,331100,24e50e16-15fe-4b07-b98a-31ed45bd1644
舟山市,0000001A00000031000000070000000X,5,2018/5/5,330900,4787d027-2f09-422f-87ff-c6d2e767e867
湖州市,0000000C0000002Q000000030000000X,57.67,2018/12/15,330500,d9110857-ecbd-48ff-b3f6-c258e6552514
舟山市,0000000G0000003F0000000700000010,11,2017/4/18,330900,778c1a0e-88b7-484b-a350-18d7617f03c1
浙江省,0000001E00000031000000070000000X,3.66,2017/5/25,330000,741f0247-8b52-42b8-86b2-907f63222bd6
丽水市,0000000J0000003S000000070000000X,39.33,2018/12/5,331100,0a6cf297-265f-4715-9b0d-382bee8b95fb
宁波市,0000000H0000003N000000070000000X,14.4,2017/12/15,330200,69b9de32-6bdd-4a58-a8b2-bb92ffbb5376
台州市,0000000S0000002Z000000070000000X,9.17,2017/2/15,331000,4a65e97b-3a4e-4958-a85d-0d27686b8531
嘉兴市,0000002P0000007W000000070000000X,3.2,2018/7/5,330400,f4db60ca-8d28-4171-a75d-74ac88485059
宁波市,0000001E00000031000000070000000X,4.67,2017/3/5,330200,6df5d820-ece1-4cd3-b34b-51e88fd6f89b
宁波市,0000000H0000003N000000070000000X,15.67,2018/10/5,330200,f533dcdc-01e7-42d9-adc7-78e17699048a
湖州市,0000000H0000002T000000070000000X,15,2018/7/25,330500,e96d60c6-9ced-4ac3-bd6a-3ef50eaf8ccb
杭州市,0000000M0000003V000000070000000X,11.67,2019/1/15,330100,a3042478-aa91-415b-b662-ec286eac5b40
衢州市,0000000S0000002Z000000070000000X,8.83,2018/8/25,330800,ce8a21af-20f8-4024-a7f8-afa4df82c94e
绍兴市,0000000K0000003U000000070000000X,36.67,2018/7/15,330600,5ab8a3a4-0cc8-444d-9fe2-930216b7d323
湖州市,0000003100000081000000130000000X,77,2017/3/5,330500,3e1d6a63-fbed-43e2-b0c5-f60a5b3f88ca
衢州市,0000003100000081000000130000000X,86.27,2018/6/5,330800,ef652b26-eb93-40c0-aabd-5bcaeea51e84
浙江省,0000000H0000002T000000070000000X,16.32,2018/2/15,330000,5e8de394-34b5-4e3d-9f83-829c2a375617
宁波市,0000001A00000031000000070000000X,5.7,2018/4/25,330200,58af8a4a-b521-47a8-9208-2d76ed67b7f3
金华市,0000000G0000003F0000000700000010,9.7,2017/8/29,330700,cf0193b6-f980-4182-a21d-a79e7341a899
温州市,0000001A00000031000000070000000X,4.83,2017/2/5,330300,4ba7a6be-3961-40b8-b7f2-a1a224773f91
嘉兴市,0000000H0000003P000000070000000X,22.67,2018/3/5,330400,d2d6c326-fa0b-4047-8ad9-f03713069fe6
温州市,0000000D0000002R000000030000000X,51.33,2019/3/15,330300,16f670a4-e5ab-4bba-85d7-1acb962d4f71
湖州市,0000000S0000002Z000000070000000X,8,2017/2/15,330500,c643d3cc-5e29-405e-b4f3-34f1a7d737ea
金华市,0000000H0000002T000000070000000X,15,2018/2/5,330700,d348b1de-ab5c-4446-8406-f4a4b05cbba7
丽水市,0000000K0000003U000000070000000X,35.67,2017/1/25,331100,43b93e7e-0513-43c4-8ebb-f09192f59a1c
杭州市,0000001Z00000036000000070000000X,6.67,2017/4/25,330100,17ef3407-1d9d-4ccf-9e27-597707a7603e
绍兴市,0000002U0000007X000000070000000X,4.67,2018/4/5,330600,99ce2aad-6691-441f-b15e-68a2c7cb2d6b
衢州市,0000000H0000003P000000070000000X,21.33,2018/4/5,330800,14332b3a-ba8d-4fdc-abc8-00921c3f2787
衢州市,0000001Z00000036000000070000000X,4.67,2017/2/25,330800,9f386fd8-efb8-4c7b-ba3e-4b6508d765c8
绍兴市,0000001400000031000000070000000X,4.83,2018/10/25,330600,78f74d7b-5931-4bbd-a679-b3722f45ac6c
温州市,0000001A00000031000000070000000X,4.5,2017/12/5,330300,b75e8536-06b3-4223-8ab2-0fbaae503339
衢州市,0000000Z00000031000000070000000X,4.17,2018/7/25,330800,17a71321-789f-44c2-9771-66f6d4d56046
金华市,0000002P0000007W000000070000000X,3.9,2017/6/5,330700,afa78ac8-af74-474f-841b-4a9d820129d9
杭州市,0000000P0000003E0000000700000010,2.6,2017/5/9,330100,56be3345-41ee-4847-8efd-e0234045d298
丽水市,0000000J0000003Q000000070000000X,37.33,2017/7/15,331100,78a46179-527f-4ebd-aea2-b9f5d2c3ccb5
温州市,0000000M0000003V000000070000000X,15,2017/10/15,330300,5ba5253b-b3d9-4191-9d50-3b1942efbcc1
绍兴市,0000000H0000002T000000070000000X,14,2017/9/5,330600,31a9979a-1eb6-4236-b3ef-189878953143
丽水市,0000000D0000002R000000030000000X,49.57,2016/12/15,331100,08b4736f-e44a-48e5-8385-38c2bd56d2ea
浙江省,0000000G0000003F0000000700000010,12.88,2018/9/18,330000,de690b37-195d-4b68-9e81-f2bfccdf6e96
金华市,0000000H0000003P000000070000000X,18.67,2018/7/15,330700,ce3f1993-ff30-4b09-920e-75f3b7ab287d
舟山市,0000000H0000003N000000070000000X,15.33,2017/10/25,330900,c5326b34-8dc8-4474-80ef-42dc0f083c84
衢州市,0000000S0000002Z000000070000000X,8.83,2018/7/15,330800,7fbd2a0b-5fe2-4cc6-b896-60ae2344f032
金华市,0000002200000038000000070000000X,3.57,2018/10/5,330700,fa4ec282-a4f4-4eb5-9ad6-9dc1141b5b85
绍兴市,0000000J0000003Q000000070000000X,38.33,2017/5/25,330600,9d48962e-9cc4-40d8-b7e4-8e3a330dc081
丽水市,0000001500000031000000070000000X,4.83,2018/9/25,331100,c7eb6754-cef6-4a57-b262-856e9acc2bb9
湖州市,0000000C0000002Q000000030000000X,57.67,2017/8/25,330500,71299835-afd5-46aa-a091-617fc1430e07
嘉兴市,0000003100000081000000130000000X,79,2019/3/15,330400,c480f50d-d3d6-4d7a-aa68-71313e47465e
舟山市,0000001A00000031000000070000000X,6.77,2018/2/25,330900,aa07c989-df20-4234-8603-3b03adf3c913
嘉兴市,0000000J0000003Q000000070000000X,40.67,2017/9/15,330400,583a77bd-a836-4b43-8bcc-4a25830ab67f
嘉兴市,0000001200000031000000070000000X,5.33,2019/3/5,330400,bd85d3f9-cedb-43bd-9464-296384e07993
衢州市,0000001A00000031000000070000000X,5,2018/7/15,330800,32d05a89-9e5b-4023-a0a7-811ec5c4aafa
温州市,0000000P0000002W000000070000000X,4.83,2016/12/25,330300,a6fa1dc3-45e4-469a-ade7-cb913c7ccebe
台州市,0000000J0000003Q000000070000000X,38.33,2017/10/15,331000,01ca84f3-14c3-49b0-8593-5c3ad0d46bb8
台州市,0000000G0000003F0000000700000010,10.2,2017/12/19,331000,b74e0cca-f1d1-4a9f-ac83-d9a5fc7da562
嘉兴市,0000000H0000003N000000070000000X,14.33,2019/2/15,330400,3c1e7a8a-c1e8-423d-841b-bc8cce486646
衢州市,0000001200000031000000070000000X,5.17,2017/2/25,330800,362b0319-6750-46ed-8df7-82db3cdb6530
湖州市,0000000H0000002T000000070000000X,16.33,2018/2/15,330500,0f27d1f4-83c2-4509-9229-1288699439ae
浙江省,0000001E00000031000000070000000X,5.63,2018/8/15,330000,a1e6f27d-7e42-419c-b78d-c49e613d2305
温州市,0000000H0000002T000000070000000X,17.33,2017/4/5,330300,d54eacbe-cd99-406b-895d-794a93a6b4c7
浙江省,0000000P0000003E0000000700000010,4.56,2017/10/24,330000,cd6b73c0-0d4d-4b88-a084-e5146d74d6f2
台州市,0000000J0000003Q000000070000000X,38.33,2018/4/25,331000,595cfd14-8611-453d-8ad0-e2ca7c8aa2f8
温州市,0000002P0000007W000000070000000X,2.33,2018/4/15,330300,d7e2126c-e22d-4c00-8dc8-6e0b6416772b
衢州市,0000002P0000007W000000070000000X,3.06,2018/5/15,330800,704c6eec-34e2-425d-9614-65d42f504e9f
丽水市,0000000Z00000031000000070000000X,4.17,2018/7/25,331100,79cda7d9-e46c-4e45-85ad-2a3f0a3d86ee
丽水市,0000001400000031000000070000000X,6.17,2017/3/5,331100,c470f32c-d0fa-4492-8a47-a6d1a0f7d038
绍兴市,0000000C0000002Q000000030000000X,57.67,2018/4/25,330600,a6398583-3778-4e27-afe0-1a7775692bb6
丽水市,0000000G0000003F0000000700000010,13.5,2018/10/16,331100,38a3ac3b-e5c3-4d15-b3ef-658a115f5bbf
金华市,0000000G0000003F0000000700000010,9.6,2017/10/24,330700,0e85deda-0761-4f5c-8180-5fff1d2fe830
浙江省,0000002200000038000000070000000X,3.39,2018/7/15,330000,eb37f73c-563a-43fa-980d-aa871fab3079
舟山市,0000001500000031000000070000000X,4.33,2018/6/15,330900,4d2a3b51-a5a5-40f9-bfb1-61d070142f25
杭州市,0000000X0000007T000000070000000X,38.33,2017/11/15,330100,5c8ff537-4427-4163-990d-68868c23e6ca
杭州市,0000000K0000003U000000070000000X,33,2017/3/15,330100,912c0263-ac36-4f15-8363-1b9ac342f098
绍兴市,0000000D0000002R000000030000000X,49.33,2018/8/25,330600,f1127fe6-a669-4320-8f98-ea35256f8bad
绍兴市,0000000G0000003F0000000700000010,9.46,2017/7/25,330600,19585bdd-d977-4b33-9b50-7f358c17ef83
丽水市,0000001Z00000036000000070000000X,5.66,2017/9/15,331100,89ca22c8-d744-4e61-a72b-be2e8597c85c
丽水市,0000002200000038000000070000000X,3.33,2018/8/5,331100,fd35272f-dbd0-4016-9486-1da14bc0b6bf
浙江省,0000000D0000002R000000030000000X,43.26,2018/7/5,330000,6ec3880d-fee6-45b5-a038-81f72efa416b
浙江省,0000002P0000007W000000070000000X,3.13,2019/1/25,330000,58570176-2e7b-460e-a663-b9090fe89c75
温州市,0000000H0000002T000000070000000X,17,2017/8/25,330300,677a773b-f819-420f-8e1b-f5579c64546f
金华市,0000002P0000007W000000070000000X,3.9,2017/3/25,330700,7b5de8c2-fcc6-46ae-adb5-7d65e4fde5e1
金华市,0000001A00000031000000070000000X,5.33,2018/12/5,330700,5b4bc76c-dd0f-4aed-9bbc-114a3488fe20
丽水市,0000002U0000007X000000070000000X,3.66,2019/2/5,331100,f17ea311-a348-4fc7-9def-8cb274122f2a
湖州市,0000000J0000003S000000070000000X,34.67,2018/5/25,330500,669271f7-e6ba-4a27-a79b-f5d76ab4bc33
台州市,0000000J0000003Q000000070000000X,38.33,2017/7/25,331000,34ff2548-1959-45ec-9d86-77ccc1faaa37
杭州市,0000000P0000002W000000070000000X,5.67,2018/10/5,330100,2199440e-24b5-4c8e-96e4-1b9a0004fb96
丽水市,0000001500000031000000070000000X,4.33,2016/12/15,331100,56972a8d-e49a-49ef-80c6-ece9af7efe95
浙江省,0000001E00000031000000070000000X,5.75,2018/9/5,330000,9cd10237-ad49-4a42-af9e-8c45a5e0d807
舟山市,0000001200000031000000070000000X,4.83,2018/10/15,330900,75bd6b68-b163-424f-9d2a-8d001d6dde20
衢州市,0000001Z00000036000000070000000X,5,2017/5/5,330800,84e697d5-2c0f-4d8f-b147-3864a271722d
衢州市,0000000M0000003V000000070000000X,13,2018/2/15,330800,dbcfe6ca-f561-4a21-93dc-b6970e3df6de
嘉兴市,0000000H0000002T000000070000000X,16.83,2018/3/15,330400,d25aaf7b-0d96-432d-88ad-1da1b194ecb1
湖州市,0000000J0000003S000000070000000X,34,2017/9/5,330500,7859c066-783a-4be0-99e8-a1adea67178b
浙江省,0000001500000031000000070000000X,4.11,2018/5/25,330000,6e970d93-1ca3-46e8-879b-ba8da7c88401
衢州市,0000000P0000002W000000070000000X,6,2018/11/5,330800,8edb6438-39bc-46e7-bcc6-a7b4e9235d32
衢州市,0000001A00000031000000070000000X,9.67,2019/2/15,330800,ade01d31-1fbf-4eae-b04b-8cf7d7cdf644
嘉兴市,0000000J0000003S000000070000000X,31.67,2018/5/5,330400,fc1b8d96-110f-4561-b77a-46197232e888
舟山市,0000000S0000002Z000000070000000X,11.67,2018/2/15,330900,95eeccf6-2278-42f0-85bb-d5982ac57033
绍兴市,0000002P0000007W000000070000000X,2.33,2017/9/5,330600,d83ec35e-0b6c-4147-9a51-50d8db9e2ac9
衢州市,0000000X0000007T000000070000000X,27,2018/10/5,330800,024b6d02-29b5-48f6-b01f-c44ce12ece79
杭州市,0000000H0000003P000000070000000X,20.5,2017/5/25,330100,f989f47a-8bfc-4e98-818d-781cbec6daab
温州市,0000001400000031000000070000000X,6.5,2018/12/5,330300,13eaecef-a7b8-4f5d-9b3d-9cce4b70e6a3
金华市,0000002U0000007X000000070000000X,4.17,2017/4/15,330700,4196f6db-2b08-4240-a90e-3b4dc6cb9443
台州市,0000000X0000007T000000070000000X,33.33,2017/12/25,331000,da830658-8f7a-443c-939a-4265fab1abbf
金华市,0000000S0000002Z000000070000000X,7.83,2018/7/5,330700,5a82ce8e-1987-440d-8fa3-fe18fa554b52
杭州市,0000000S0000002Z000000070000000X,8.7,2017/5/25,330100,e1f1a85b-7d7a-42bc-ab5f-b10db65e06e4
台州市,0000000Z00000031000000070000000X,4.17,2017/11/25,331000,10c8f753-4db8-4ccd-bd2e-4bbd1ee05a80
温州市,0000001A00000031000000070000000X,6.17,2018/3/25,330300,1942ba18-f615-4eb9-bd62-a2305a7906b9
舟山市,0000002P0000007W000000070000000X,3.33,2018/4/5,330900,f0dacbd5-a800-42a4-ba21-09584e83c661
湖州市,0000000J0000003Q000000070000000X,39.67,2018/10/15,330500,8922a1c0-bbde-4e72-92e6-c117eb3b8c81
丽水市,0000000P0000003E0000000700000010,4.2,2018/3/6,331100,1eb6d8d2-0a52-4624-ad5a-cd44096e066f
温州市,0000001200000031000000070000000X,3.83,2017/4/15,330300,a8580ca4-f401-4f90-b5dd-c97c06806c80
宁波市,0000002P0000007W000000070000000X,2.6,2018/3/15,330200,d0a34baa-2187-409c-a241-86f03b914d5b
浙江省,0000001700000031000000070000000X,2.96,2017/4/25,330000,91e08a10-844e-4106-92a6-cbcccb9aeb4e
丽水市,0000001A00000031000000070000000X,4.5,2017/11/5,331100,893f16d3-e3e3-450f-a3d7-79300b617c11
衢州市,0000000H0000003P000000070000000X,22.33,2017/5/5,330800,95b82cca-001b-4675-8874-4f8c4f4ee9a9
丽水市,0000000J0000003Q000000070000000X,38.67,2017/2/5,331100,55141d03-ec15-4504-9a78-838de70dbd2a
浙江省,0000000P0000003E0000000700000010,3.06,2017/3/28,330000,7a067b74-7d7d-454e-88ad-d4d8a9ab58e1
衢州市,0000000P0000003E0000000700000010,4.6,2018/7/31,330800,386972fb-0e3c-41de-8383-e0f657e0d446
金华市,0000000C0000002Q000000030000000X,68.87,2019/1/5,330700,22cb2d39-713a-4ef9-a775-4aff8da8dcae
宁波市,0000000J0000003Q000000070000000X,43.5,2019/1/15,330200,dbb46926-f7f0-458e-88f2-5ea84290e41d
衢州市,0000000K0000003U000000070000000X,35,2017/2/15,330800,7cb5c5ab-87eb-4fc4-9051-d59621c11a1e
丽水市,0000003100000081000000130000000X,84,2018/6/5,331100,d64bc18a-eba3-46da-aed2-721cc10160a6
衢州市,0000000J0000003S000000070000000X,36.67,2017/4/5,330800,a29dbbc0-265d-4db1-b979-7ac514e6cb2b
嘉兴市,0000001A00000031000000070000000X,5.33,2017/2/25,330400,291ccfea-ec50-4e16-82b9-2dda64503ff7
宁波市,0000000H0000003N000000070000000X,14.5,2017/6/25,330200,ff667be3-4955-42c1-b8ac-9e31056f0843
台州市,0000001500000031000000070000000X,4.33,2017/10/5,331000,e7650b3a-ef41-4968-b193-2826f979c661
金华市,0000000P0000002W000000070000000X,5.33,2018/12/5,330700,7d31bb09-710c-4563-8e24-aa3a1f5cba2a
温州市,0000003100000081000000130000000X,63,2017/3/15,330300,8aa9b691-5e52-472e-961f-f1f88584db6a
浙江省,0000000P0000002W000000070000000X,4.34,2017/3/25,330000,8e89912d-1637-44ae-b95d-80590a885d70
舟山市,0000000H0000002T000000070000000X,15.33,2018/9/25,330900,9f4cd482-125c-4b96-89fd-7cca5a3b52ac
绍兴市,0000001700000031000000070000000X,2.17,2017/11/5,330600,b48647a5-6d44-4d65-bf37-9345384bdb53
衢州市,0000002200000038000000070000000X,2.5,2017/11/15,330800,4ab87fcb-8b8b-48c2-8f77-d000a21d3e2c
嘉兴市,0000001500000031000000070000000X,4.5,2017/12/15,330400,efa96877-88bb-43ea-ba6a-d35814ce3189
温州市,0000000P0000002W000000070000000X,5.43,2017/11/5,330300,caac4d80-5b77-47da-9704-02e58f821896
嘉兴市,0000000P0000003E0000000700000010,5.43,2017/12/26,330400,3a479c9b-d7e8-4251-964c-5159b3d19a22
宁波市,0000000H0000003N000000070000000X,14.9,2016/12/25,330200,14b0d161-d3fe-4688-a374-e5c2ab68105b
嘉兴市,0000001400000031000000070000000X,4.67,2018/8/25,330400,63f18316-2d33-45e4-be91-68ec477ed421
金华市,0000000P0000002W000000070000000X,5.43,2017/10/5,330700,8e1b8823-f50d-4fb7-9276-d3116d49f95c
台州市,0000001E00000031000000070000000X,2.5,2017/4/5,331000,d1ea362f-965d-4250-9a51-56d0a4da7d9b
金华市,0000001400000031000000070000000X,5.67,2017/2/25,330700,4b3ce8cb-5836-44b3-96fc-382893cb8c0b
丽水市,0000000M0000003V000000070000000X,11.67,2018/2/15,331100,884398b2-e203-40a9-9b9c-c30f94a1e674
杭州市,0000000X0000007T000000070000000X,39,2017/8/5,330100,855c9e93-f24b-459c-9f6a-a3d67386b1f6
嘉兴市,0000000H0000002T000000070000000X,17.67,2017/4/15,330400,ba73e8b7-bacb-4d97-a289-784771d44668
温州市,0000001500000031000000070000000X,5.83,2019/2/25,330300,fe0db54a-d5ba-48a2-bbbe-9dfb69b11f69
丽水市,0000001K00000031000000070000000X,3.5,2017/3/25,331100,d0da2b73-8da7-4833-aa52-38b383100e98
衢州市,0000000P0000003E0000000700000010,4,2018/4/24,330800,c6763e2a-4e01-4c18-8dde-3a3cd8c1a7ef
舟山市,0000000H0000003N000000070000000X,14.67,2018/5/25,330900,699cd439-c48b-418b-a690-7de33b38006d
嘉兴市,0000000G0000003F0000000700000010,10.3,2018/12/11,330400,76e02ecb-7c22-4d4a-849e-4504ad724a12
宁波市,0000000C0000002Q000000030000000X,74.33,2018/1/5,330200,1f977017-3739-44fb-8e7e-da2434110e49
宁波市,0000003100000081000000130000000X,177.33,2017/6/25,330200,ad45e788-98e2-4a20-8608-1bb89ac07bc1
台州市,0000001K00000031000000070000000X,2.33,2018/11/15,331000,86a22ff6-3366-4e88-8419-1c2a745b6008
湖州市,0000001E00000031000000070000000X,6.33,2018/8/25,330500,6d539768-1a8d-4686-a53f-5ac98c769b53
湖州市,0000000M0000003V000000070000000X,17.33,2019/1/5,330500,a9a1b4a4-03e1-4650-80a5-0eafbfeb4ce0
温州市,0000000M0000003V000000070000000X,15.33,2018/7/25,330300,7afeece7-f039-4192-8512-ca861ff0dfd2
温州市,0000000J0000003Q000000070000000X,46.67,2017/2/5,330300,643c9cc7-d8ec-40b8-b88e-5d2f72cd0411
嘉兴市,0000000X0000007T000000070000000X,32.33,2017/4/5,330400,6d3ecb1d-5a0d-4093-b93b-0af1e493fb16
衢州市,0000000X0000007T000000070000000X,23.33,2017/9/15,330800,ba0d4a35-5cb8-45e6-b4d4-471a3d00a517
浙江省,0000000Z00000031000000070000000X,4.21,2018/12/25,330000,120e487d-da1c-415a-a493-11e879f77e79
嘉兴市,0000001500000031000000070000000X,4.33,2017/10/5,330400,c6b03df7-53bf-46a6-ba50-ee338fa8c438
杭州市,0000000Z00000031000000070000000X,4.93,2017/12/25,330100,fa51765c-ce86-4542-bda9-f51ac50cee2d
温州市,0000000G0000003F0000000700000010,8.73,2019/1/22,330300,7ed32ac7-08f3-4de5-ae74-7261cafbbc7d
湖州市,0000001400000031000000070000000X,5.5,2016/12/15,330500,37b20991-66aa-4a43-a22e-5e8d13126a41
衢州市,0000002U0000007X000000070000000X,5,2018/12/5,330800,abbdcbce-612f-4c68-b049-a6bdfaa649a3
金华市,0000000G0000003F0000000700000010,9.7,2017/11/21,330700,0cebddaf-eb7c-4325-9547-3444ace67f4d
衢州市,0000000H0000003N000000070000000X,13.67,2017/4/25,330800,638da5d5-6b55-4cb5-a389-43b5049f1b39
浙江省,0000000D0000002R000000030000000X,43.76,2017/7/25,330000,70645c63-d2b5-4fa5-acd2-36088e405924
杭州市,0000001A00000031000000070000000X,5.33,2017/12/5,330100,f343fd17-a343-4118-8f15-52b56206635a
嘉兴市,0000000M0000003V000000070000000X,11.67,2018/9/25,330400,99795669-d14b-43d2-a4d5-eedb490899f7
台州市,0000000J0000003Q000000070000000X,38.33,2017/4/5,331000,c53203ba-964f-46a7-9227-a4a4ad756c03
浙江省,0000000C0000002Q000000030000000X,63.88,2018/11/25,330000,c9408890-6cb5-493c-9759-dc0e63aa6c1a
舟山市,0000002200000038000000070000000X,4.33,2018/2/25,330900,25f33dfd-def9-4988-ba3d-18b3c7d92708
丽水市,0000002P0000007W000000070000000X,2.93,2018/10/15,331100,e807ed76-b0b2-4e5e-82c0-595014aa34c2
衢州市,0000000H0000002T000000070000000X,18.33,2017/3/25,330800,b3f0f3e9-cf18-4ec0-83bf-eb09913827ea
温州市,0000003100000081000000130000000X,63,2018/3/5,330300,91dad2d3-99e8-4229-aae3-9a807a60cf85
杭州市,0000002200000038000000070000000X,3.33,2018/10/5,330100,a3f52e35-c02d-4cc1-8d7e-97f0998568c3
舟山市,0000000P0000003E0000000700000010,4,2017/2/14,330900,77ef9319-166b-40ed-a4e1-0f2a0e027d5d
绍兴市,0000001400000031000000070000000X,9,2018/2/25,330600,63fe6048-afe1-4620-b939-52e859d8603a
宁波市,0000001500000031000000070000000X,3.67,2017/6/25,330200,8db775b2-7fc0-487a-87d6-2e52b48cbd60
杭州市,0000000Z00000031000000070000000X,6,2018/1/25,330100,3b85f963-c9c2-4411-9b38-6cb824ba551e
金华市,0000001E00000031000000070000000X,3.17,2017/5/25,330700,07a7e2ba-d41b-4867-9168-ef6193c5078e
台州市,0000000H0000003N000000070000000X,12.5,2017/12/15,331000,7f77ddcd-74b9-4640-b1dc-caf79a705cee
嘉兴市,0000000X0000007T000000070000000X,31,2017/6/5,330400,f3d06f07-8cb0-4149-a69a-23a916694bb6
金华市,0000002200000038000000070000000X,3.33,2017/7/5,330700,e2b5e742-93cb-4703-941a-a50352a2fdd1
浙江省,0000001400000031000000070000000X,4.98,2018/5/15,330000,5be98b53-c6f8-4066-870b-79bba0ace626
宁波市,0000001K00000031000000070000000X,3.13,2018/12/25,330200,ab6f1525-3e10-49bc-8eef-d30926765d6b
嘉兴市,0000000G0000003F0000000700000010,10.15,2017/8/29,330400,9a5e2037-8a55-4f8f-8d68-2d12420c8d58
舟山市,0000000D0000002R000000030000000X,43.63,2017/5/15,330900,198503cd-735a-489e-882e-63a7845bcf31
丽水市,0000000H0000003N000000070000000X,13.33,2017/10/15,331100,32b8b81c-75ea-4caf-a459-e64d7d909224
衢州市,0000001A00000031000000070000000X,5.83,2018/3/25,330800,94c0abc0-39e5-4d2b-be10-45767d0e7122
杭州市,0000000P0000003E0000000700000010,3.5,2017/7/18,330100,bb8a144e-b5f8-4769-95da-2ef9e9bdbec2
衢州市,0000000G0000003F0000000700000010,12.3,2018/12/18,330800,0c33e3a9-e7f5-4366-a971-36dd01c6dbb9
绍兴市,0000000X0000007T000000070000000X,33,2017/10/25,330600,d9a0ecc0-a3b9-48d5-a24d-9140e13a78f3
浙江省,0000001200000031000000070000000X,3.98,2018/11/5,330000,cc05f0a8-cfda-47b7-ae2d-e81a431c66a0
衢州市,0000000H0000002T000000070000000X,21.67,2018/11/25,330800,971dc4e5-c35a-4d86-9ce9-356df9e8802d
丽水市,0000003100000081000000130000000X,84,2019/1/15,331100,495ffdf2-399c-4504-9392-040872aad7a5
绍兴市,0000000S0000002Z000000070000000X,8,2018/6/5,330600,db949a5e-c5b9-40d9-aa04-feab8672d424
温州市,0000000S0000002Z000000070000000X,9,2017/9/25,330300,0356254b-237c-4ba2-a14c-c58068b744fa
湖州市,0000000G0000003F0000000700000010,7.8,2018/6/12,330500,ec739abc-6576-47df-82a0-1732b8bf4956
金华市,0000000J0000003Q000000070000000X,42.67,2018/2/5,330700,3cbc0c4a-f430-4f86-9140-f8c5291c5837
嘉兴市,0000000P0000003E0000000700000010,4.57,2018/5/8,330400,9079b91a-298a-464f-b7d0-64b2bcd81577
丽水市,0000000H0000002T000000070000000X,16.33,2019/3/5,331100,aa2c89e1-f23f-42ff-9289-735597964e89
浙江省,0000000K0000003U000000070000000X,38.19,2018/11/25,330000,3259a8bd-99bd-4ef0-acc0-db6e1ec932db
绍兴市,0000001E00000031000000070000000X,6,2018/10/15,330600,9d17825d-584a-4a0c-9140-834d9ede55a0
湖州市,0000000J0000003Q000000070000000X,39,2018/3/25,330500,30286f15-8c9e-4e22-b79c-ae6ff44c770c
丽水市,0000000X0000007T000000070000000X,38.33,2017/11/15,331100,250a8d9c-dd41-4703-bc01-121d4422c4de
丽水市,0000001700000031000000070000000X,2.17,2017/7/15,331100,07191967-d077-44c5-ba7b-a7a8831fb39b
台州市,0000000J0000003S000000070000000X,33.67,2017/8/15,331000,8841d3d2-c951-4d85-9d7e-1e35e23cd2c1
舟山市,0000000J0000003Q000000070000000X,39.67,2017/10/15,330900,89c35aca-5663-4e9a-9f55-9468b94b5a51
宁波市,0000001K00000031000000070000000X,3.17,2019/2/5,330200,5b875e87-a55b-4b48-a60e-0d13223ee83d
衢州市,0000002P0000007W000000070000000X,2.5,2017/2/25,330800,33ffe739-afa7-4a5d-a6e3-63aa907c8bfa
浙江省,0000000D0000002R000000030000000X,43.48,2017/12/5,330000,77cbe5d8-96f7-405c-b52f-3d5fcd66777a
绍兴市,0000000D0000002R000000030000000X,49.33,2018/11/15,330600,3e9de539-7bbd-4b6d-b5aa-37dc46acc207
湖州市,0000002200000038000000070000000X,4.33,2018/9/25,330500,bbbdea21-db85-4e35-824e-5168b69d2bc5
温州市,0000001200000031000000070000000X,3.67,2018/5/25,330300,a4ea35b2-5cd1-4b7b-9417-344f24aa1bc6
湖州市,0000001Z00000036000000070000000X,5.67,2018/9/5,330500,2f888e0c-49e0-489e-81d9-abd5c02b7f8f
宁波市,0000000K0000003U000000070000000X,32.83,2016/12/15,330200,b5601ddf-7e0e-4212-9b99-25f8d7e25384
嘉兴市,0000000J0000003Q000000070000000X,40,2018/8/5,330400,17e383c2-5850-4dba-a3c9-ae5e1fa4cbdb
衢州市,0000000D0000002R000000030000000X,37,2018/6/25,330800,1230f537-8797-418e-b2d3-1074d23836de
杭州市,0000000P0000002W000000070000000X,5.63,2017/12/25,330100,4e5bab2e-82dd-4b97-988f-94876cd470b0
衢州市,0000000P0000003E0000000700000010,4.9,2018/2/6,330800,9f02f24b-0b0d-49ae-8848-42a55be534e7
衢州市,0000001500000031000000070000000X,4,2017/4/25,330800,f2ba72f7-38cd-4b52-bd5f-0149a6a413fc
杭州市,0000002P0000007W000000070000000X,2.87,2017/6/25,330100,d38faff4-5112-4b54-9e85-d513d4edd68d
丽水市,0000000J0000003S000000070000000X,34.33,2017/11/25,331100,31ab619b-41b5-4f5d-9d22-713597510110
丽水市,0000000G0000003F0000000700000010,11,2019/1/8,331100,c403ebc1-5bbf-4cf9-a821-182195b5f362
嘉兴市,0000001200000031000000070000000X,5.5,2018/2/25,330400,6b7ba79e-58fa-4400-899e-145bea812f0d
衢州市,0000001700000031000000070000000X,2.83,2018/3/5,330800,965b3633-87c2-4437-be31-24b3bd7dc800
舟山市,0000000D0000002R000000030000000X,44.3,2019/2/5,330900,ebc7640b-6fae-42af-a11f-158607317194
湖州市,0000000X0000007T000000070000000X,35,2017/4/5,330500,797724f3-cbef-4b42-a104-b512080c0f3b
温州市,0000001500000031000000070000000X,5,2017/12/15,330300,a68add0a-a97b-433b-a927-9df5c23435dd
嘉兴市,0000001200000031000000070000000X,3.67,2017/9/25,330400,083b9351-fcb8-48b1-a869-4df6065fdf09
绍兴市,0000000H0000003P000000070000000X,24.33,2017/11/5,330600,0acf5e2c-cf71-4cca-aced-3a5a06b831cf
台州市,0000000H0000003N000000070000000X,12.33,2017/6/5,331000,daff82a1-f6d4-4310-be65-2e1feeb92b7a
浙江省,0000001200000031000000070000000X,3.45,2018/6/5,330000,90f5f371-1cef-4535-b86d-238ab28bdfb3
台州市,0000000H0000002T000000070000000X,12.67,2019/2/25,331000,cf8ddc09-b42a-42f2-83ee-7062957fd674
台州市,0000002P0000007W000000070000000X,4.78,2017/1/15,331000,630dff7f-79ae-49d3-895f-a9db3fa00d8c
杭州市,0000000J0000003Q000000070000000X,42,2018/4/5,330100,d970c1e3-600b-41c2-adf4-700faea70db2
金华市,0000000J0000003Q000000070000000X,46,2019/2/5,330700,63d01777-5e26-4289-8346-a25f938cb1dc
宁波市,0000000J0000003Q000000070000000X,38.83,2017/9/15,330200,70ace208-6357-4d84-989d-d159ef02b1ac
温州市,0000001A00000031000000070000000X,5,2016/12/15,330300,cccb3077-f51c-4b7c-9351-07a41cf74a45
台州市,0000002P0000007W000000070000000X,3.45,2018/8/25,331000,3954ae79-6d7e-43e2-aa31-50e290d8a9a0
浙江省,0000000C0000002Q000000030000000X,64.36,2017/4/5,330000,512dea1f-5188-4b11-9bfd-59d0beb79b7f
杭州市,0000000P0000002W000000070000000X,3.83,2017/6/25,330100,9bfdcb44-e8c6-41fe-86cb-fc2a769435b0
衢州市,0000001A00000031000000070000000X,6.83,2018/10/15,330800,9a83dcd5-67f4-45ae-a2f0-56e39fef3273
绍兴市,0000000X0000007T000000070000000X,52.67,2017/3/25,330600,8209dafe-c176-4109-9ffc-1deca54fa80f
嘉兴市,0000000J0000003S000000070000000X,32.33,2018/3/25,330400,ed653523-8869-4721-836e-6a50489fa1c0
温州市,0000000D0000002R000000030000000X,50.33,2018/6/5,330300,598f1fe6-4b56-438a-a6ce-eafa60ad4e46
杭州市,0000000J0000003Q000000070000000X,41.33,2018/6/15,330100,4c0342b1-3936-4ac8-bd1a-5dcc2ae5fb73
湖州市,0000001400000031000000070000000X,5,2017/12/5,330500,391baa1b-b6e0-4a41-b24f-fb6df71660b6
湖州市,0000001A00000031000000070000000X,9.67,2018/1/15,330500,25cc29c6-5491-4561-9c17-a1bb317a9eb0
嘉兴市,0000000H0000003N000000070000000X,15.33,2017/4/25,330400,76c51458-0d0e-4c3d-be9f-c4332a336606
台州市,0000001E00000031000000070000000X,2.5,2017/3/25,331000,a912456b-aa75-424e-96a4-4b9fe609ddd6
衢州市,0000000D0000002R000000030000000X,38.33,2017/4/25,330800,d59cf62d-b161-4cfb-b62e-2d14a7438976
宁波市,0000001400000031000000070000000X,5.5,2018/5/15,330200,542a9df0-22da-4c4c-859c-c7486b66a6a7
温州市,0000000J0000003S000000070000000X,48,2018/10/25,330300,b007f2af-5e84-4ba7-bed0-033eccf57b58
绍兴市,0000000P0000003E0000000700000010,4.6,2017/9/19,330600,76446f00-411f-4832-8fb9-aa4842c1c063
温州市,0000000D0000002R000000030000000X,51.33,2018/11/25,330300,16873f31-e624-4e04-be4f-50d35770cba9
嘉兴市,0000003100000081000000130000000X,79,2018/6/5,330400,0c013749-5279-4c30-a2ae-41baa90037d4
湖州市,0000000S0000002Z000000070000000X,9.33,2018/3/25,330500,1e1b91d7-eecc-4fb6-a1b1-959cfe771ce8
舟山市,0000000G0000003F0000000700000010,11.2,2019/1/15,330900,b0511646-a35f-49ac-b8c0-55b0a079af7c
丽水市,0000000H0000003N000000070000000X,13.67,2017/6/5,331100,001fe690-8efb-4f6b-b29c-38ec8f0e7cae
台州市,0000000P0000002W000000070000000X,3.87,2017/4/5,331000,9caccb02-18ad-4d65-b39c-d2f7e225bdcb
丽水市,0000000S0000002Z000000070000000X,9.67,2017/12/15,331100,f4da7d29-fb87-4bb5-874a-33e760f42fd8
湖州市,0000000J0000003S000000070000000X,34,2017/6/25,330500,3de21748-9d38-4723-84bb-8a1f58cebdbf
绍兴市,0000000D0000002R000000030000000X,49.33,2017/12/25,330600,78e9137c-6299-45cc-9935-957922c758e6
宁波市,0000000K0000003U000000070000000X,33,2018/5/15,330200,83a4c7e3-1e1d-4b9d-b710-98e433433379
温州市,0000000M0000003V000000070000000X,15.33,2018/11/15,330300,ab1d2989-c4cc-447d-bbcc-ef5d0288fb36
杭州市,0000001A00000031000000070000000X,5.67,2018/11/5,330100,f69b3d6b-e578-470d-84bb-baa3b12a4aa7
湖州市,0000000H0000003N000000070000000X,14.83,2017/4/5,330500,15c6af31-b3e7-439e-a347-f7b7d0c8b340
丽水市,0000001Z00000036000000070000000X,5.16,2018/4/15,331100,63ec4d5d-40a1-46ce-aec0-3e7cdd295cb4
嘉兴市,0000000D0000002R000000030000000X,38.33,2017/7/15,330400,462e1ef8-ae4a-4f07-9cbc-907397c7b761
湖州市,0000001A00000031000000070000000X,6.33,2018/8/5,330500,8d4ccba6-0816-4b6c-b0a7-9a03a9ba511d
浙江省,0000001K00000031000000070000000X,2.97,2017/2/25,330000,74d3556a-5696-4613-b8ba-e9187c3762c4
宁波市,0000001K00000031000000070000000X,3,2017/2/25,330200,a3b345a9-89bb-49fb-bd8f-d4d09e18834a
湖州市,0000000J0000003Q000000070000000X,38.33,2017/5/25,330500,7188544b-0049-4fd4-98e8-6ccb498722f4
舟山市,0000001Z00000036000000070000000X,7.5,2017/9/5,330900,81c5c17f-0496-4eef-a713-73de97c16618
衢州市,0000000H0000003P000000070000000X,21.67,2017/10/25,330800,c56676c0-bdd5-4e29-82ee-99f1687fd3b1
温州市,0000002P0000007W000000070000000X,2.33,2017/10/15,330300,4345505f-bcb3-4b9e-98c1-1ac869ec7653
丽水市,0000000D0000002R000000030000000X,54.6,2019/1/5,331100,8ffd2e83-e937-4e16-b713-1d9393164fcf
金华市,0000000H0000003P000000070000000X,20.33,2017/2/25,330700,e703c4bb-d479-4b59-9213-5a91a04fc609
杭州市,0000000P0000003E0000000700000010,4.8,2018/1/23,330100,66756349-dd72-4ff3-84d0-e1bc6654dd6e
湖州市,0000000J0000003Q000000070000000X,38.33,2017/5/5,330500,8985d716-bc0a-4173-ae78-13f0540ce154
杭州市,0000000S0000002Z000000070000000X,8.53,2018/4/15,330100,a5333c81-2ada-4bc6-840b-0182ca72d823
金华市,0000000Z00000031000000070000000X,2.5,2017/5/5,330700,f8acf23b-a87b-43ec-ba55-513ffd29e7e5
浙江省,0000000D0000002R000000030000000X,43.14,2018/9/15,330000,53e66c14-5998-4675-ad7a-ee5f3f485a38
温州市,0000000P0000003E0000000700000010,4.75,2018/2/6,330300,ec52567c-8e0a-4a90-a91b-5eea91d49554
温州市,0000000Z00000031000000070000000X,4.5,2019/2/25,330300,2e747d45-291e-4cc1-9897-1c1b10fcc19f
浙江省,0000000J0000003S000000070000000X,35.03,2018/1/15,330000,45c8df55-2d0e-44f0-a556-7f205ee70862
温州市,0000001A00000031000000070000000X,4.67,2017/12/25,330300,febcffc5-67c8-4249-b5a9-a6a178c5af5e
湖州市,0000000C0000002Q000000030000000X,57.67,2018/2/15,330500,10406f3c-fe90-428e-a1b7-713e2fd77417
浙江省,0000001700000031000000070000000X,2.78,2018/12/15,330000,0bf7dc3d-4414-4b1f-a55d-2357b7afe24e
衢州市,0000000P0000003E0000000700000010,2.6,2017/5/2,330800,0e2416b2-c5e7-486c-9f84-e226a2b12370
温州市,0000001200000031000000070000000X,4.5,2017/12/15,330300,28c54d05-b490-48d6-9e3c-a3fa0824ff4e
丽水市,0000000C0000002Q000000030000000X,70.23,2017/4/5,331100,f68980aa-8f99-442e-accf-1fe50060f3f7
嘉兴市,0000000P0000002W000000070000000X,5.5,2018/2/25,330400,294e1400-07e4-4158-972e-550ef10645a8
丽水市,0000000J0000003S000000070000000X,34,2017/12/25,331100,cc5a4c15-2a9c-43ef-bdac-e297823bd3aa
宁波市,0000000S0000002Z000000070000000X,10,2018/4/15,330200,d6a8c10c-48af-4292-bf2b-2e6229bd56bc
温州市,0000001700000031000000070000000X,2.83,2017/3/25,330300,2bf1460f-0d5f-46d7-b955-8a1d0a9dd501
湖州市,0000000X0000007T000000070000000X,35,2017/5/5,330500,379435a8-0fcb-40eb-83be-58859f8bca54
温州市,0000003100000081000000130000000X,63,2017/9/15,330300,4a4685ad-c97a-4bb5-81ed-59d43331a964
嘉兴市,0000001A00000031000000070000000X,4.83,2017/4/5,330400,57289e56-826d-449b-b7ea-b712d2ad057d
杭州市,0000000H0000003P000000070000000X,21.33,2017/12/15,330100,35ff8790-76c7-4f5c-8e18-f0f8dc78ae83
杭州市,0000001500000031000000070000000X,5.33,2018/10/15,330100,bcd09d33-2445-455c-848a-5052aa61b35e
舟山市,0000000H0000003P000000070000000X,25.33,2017/12/25,330900,edc2a93a-8e5c-4ac3-8afe-bed8fa1e11e5
温州市,0000001A00000031000000070000000X,4.67,2017/4/15,330300,4952d96f-3e2d-4338-8746-6c098355c5f8
舟山市,0000000H0000003P000000070000000X,24.67,2018/2/25,330900,6d8ec03d-ec91-43cb-bc8e-00b90b4bcecc
丽水市,0000000S0000002Z000000070000000X,9.67,2018/12/5,331100,8e6c9641-b086-4fa6-b38f-ecdfdab8cc54
杭州市,0000001200000031000000070000000X,4.03,2017/4/25,330100,9b7afc8a-eba5-41d5-ac09-bb351ab0df94
杭州市,0000000J0000003Q000000070000000X,42,2018/1/15,330100,93ed461b-1c6c-439f-92c7-a1815206ca76
舟山市,0000001700000031000000070000000X,2.83,2017/11/5,330900,6b28aab0-0b2c-4569-b9eb-02b628306765
台州市,0000000X0000007T000000070000000X,20,2019/3/5,331000,d72cd32a-a3db-4688-a6da-7c2fc7832342
杭州市,0000001400000031000000070000000X,6.27,2017/5/5,330100,ac4d2498-ab07-4cb1-917d-db014b5177c6
宁波市,0000000C0000002Q000000030000000X,73,2018/11/25,330200,bebbf2c6-5a48-4b66-a23d-e461727cd9c8
台州市,0000000J0000003Q000000070000000X,38.33,2017/5/5,331000,fc2763c8-9cb3-4097-9b36-868fe36d9620
湖州市,0000000S0000002Z000000070000000X,9.17,2019/3/5,330500,9eb5b071-1e58-42ac-8339-1ee94a21a831
宁波市,0000000K0000003U000000070000000X,37.33,2018/2/15,330200,fb50e11a-7407-4807-b195-58a15b844773
湖州市,0000000Z00000031000000070000000X,4.67,2019/3/5,330500,2548a886-2d45-4194-8f2f-b89f6b3f9fb7
衢州市,0000000H0000003P000000070000000X,22.33,2017/1/5,330800,031c1fc2-7062-477a-908a-a3f9a21a4cd8
浙江省,0000000K0000003U000000070000000X,36.19,2018/9/5,330000,830801bd-b54d-4eff-9505-fa6985875c5f
宁波市,0000000H0000002T000000070000000X,16.33,2017/2/25,330200,2c8706b9-523b-43db-908e-3699d6ca3a9b
绍兴市,0000000H0000003N000000070000000X,13.33,2017/10/15,330600,9cbdc29f-d3f4-49c7-aa84-c11f1626cc32
湖州市,0000000H0000003N000000070000000X,13.5,2018/11/25,330500,1f95bf3b-0f3a-4638-84ab-e44732b326c8
嘉兴市,0000000M0000003V000000070000000X,11.17,2017/3/5,330400,4282f54d-24b4-4130-875b-17a48087ec56
杭州市,0000001K00000031000000070000000X,4.17,2018/9/25,330100,1102564f-d09b-43dd-928f-d4868822bf0e
台州市,0000000H0000002T000000070000000X,11.5,2018/5/5,331000,9fbb9346-f7f0-4719-9b27-8bb482e416a0
嘉兴市,0000001E00000031000000070000000X,4.33,2018/7/5,330400,333c651c-03ad-4b56-9f3a-8dae08e55300
台州市,0000000H0000003N000000070000000X,10.5,2018/5/5,331000,13e02e9d-e749-44d8-9828-618ddaa3f71b
台州市,0000000H0000002T000000070000000X,13.17,2017/11/15,331000,aacff813-24f9-4db9-a56b-238732bf1e6d
舟山市,0000000J0000003S000000070000000X,33.67,2017/3/25,330900,2abd107c-62eb-477e-a223-d5f9d553bb9d
绍兴市,0000000H0000003P000000070000000X,26,2017/3/5,330600,4f9e789c-784e-4864-ae47-4d6fd738aeab
嘉兴市,0000000C0000002Q000000030000000X,68,2019/3/15,330400,9f9b2168-cfe5-419c-a91a-6fea7caffdbe
宁波市,0000000H0000002T000000070000000X,16.5,2017/3/5,330200,32e22789-f471-4fff-96a1-a8997d982c80
湖州市,0000000G0000003F0000000700000010,10,2018/2/13,330500,b69dd77e-1b05-4b87-b0ea-b64894c0e3a4
浙江省,0000000G0000003F0000000700000010,11.53,2018/10/23,330000,f68116fd-ee71-4bfa-9a45-cc2e699da688
宁波市,0000001400000031000000070000000X,8.63,2018/4/15,330200,cb0ee991-fb74-4e0f-b923-b9da1cfc79f3
嘉兴市,0000000Z00000031000000070000000X,5.67,2017/10/25,330400,3b197816-a825-44c9-afe9-aaf55de31421
金华市,0000001A00000031000000070000000X,5.83,2017/5/5,330700,98978a91-b4aa-47ce-a07b-4212e05adb0f
浙江省,0000000G0000003F0000000700000010,9.62,2018/8/14,330000,4bc70f32-81bb-4dbc-b0cd-0eae95e78b4a
丽水市,0000001200000031000000070000000X,3.33,2017/12/15,331100,aa0028be-c966-4d40-86db-3a12793e7d07
舟山市,0000000P0000003E0000000700000010,4.5,2018/6/19,330900,9dd1a07e-50fb-4dca-bb02-8ccf68a13ae0
湖州市,0000000M0000003V000000070000000X,17.67,2017/2/5,330500,f5323274-4edd-4595-bfa2-529e3b0e6d61
金华市,0000001A00000031000000070000000X,7,2018/10/15,330700,575a8b4f-a8f5-411c-826e-38881c6d345d
金华市,0000001500000031000000070000000X,3.83,2017/8/5,330700,c2e9ee90-e50d-45d6-b463-62314de52d08
金华市,0000002P0000007W000000070000000X,3.7,2018/12/25,330700,27b52b28-cb04-4c68-962c-de84ae71f457
绍兴市,0000001Z00000036000000070000000X,4.33,2017/2/5,330600,9e3fbac6-a0ce-4a36-8d56-27319f72c877
杭州市,0000000P0000003E0000000700000010,3.8,2018/4/10,330100,c1d38344-a2b8-411a-91e7-b49a38128461
杭州市,0000002200000038000000070000000X,2.67,2017/7/25,330100,70dd95cf-95bf-4c40-8fc6-44b0879a1436
台州市,0000001A00000031000000070000000X,4.67,2017/5/15,331000,3af46a60-0d58-46de-8f87-12b311ff231c
宁波市,0000002200000038000000070000000X,3.8,2017/4/25,330200,83e6b03c-0a76-40da-b8ce-86ab220001a9
嘉兴市,0000000C0000002Q000000030000000X,66.33,2017/9/5,330400,e0e1e316-ba2c-411b-9308-f1fe5be85e7a
杭州市,0000000H0000002T000000070000000X,16.83,2018/11/25,330100,7562dd70-6ef5-4d4b-a18d-dfc62d6b3544
台州市,0000000J0000003Q000000070000000X,40,2018/2/25,331000,f0a2f217-13f3-43c8-9b81-9831b7f4033b
金华市,0000000D0000002R000000030000000X,41,2017/10/15,330700,b62845f9-3535-497e-af51-99793d86127f
嘉兴市,0000002P0000007W000000070000000X,3.2,2017/5/25,330400,e56a8dcc-e413-4606-8cc7-7c38d62fea5e
台州市,0000001Z00000036000000070000000X,6.33,2018/3/15,331000,fead97cb-f867-4f0e-a3da-52ca9970f2dd
浙江省,0000002U0000007X000000070000000X,4.21,2017/7/25,330000,903a3ba1-5b4f-4447-b5e6-6fcc54797bd1
绍兴市,0000001E00000031000000070000000X,4.33,2018/5/25,330600,dd35ec13-03ba-465a-8aa9-8c83978eefe4
宁波市,0000000P0000002W000000070000000X,4.7,2017/3/25,330200,0e39a457-8798-43c5-b201-bcb937a22b48
温州市,0000000J0000003S000000070000000X,43.33,2017/9/25,330300,db32dd48-028a-4f99-a358-61bcc92ed5f7
衢州市,0000001Z00000036000000070000000X,5.17,2018/11/15,330800,6bf00a7e-6e3c-41bc-ab82-7d2c2d4dee4d
杭州市,0000001500000031000000070000000X,5,2017/1/5,330100,dc8d23e7-525c-489f-9499-04d333a8bd0e
绍兴市,0000001A00000031000000070000000X,3.33,2017/6/15,330600,95c5e2e4-9770-4751-bfb0-cd421c5817ab
杭州市,0000000X0000007T000000070000000X,39,2017/8/15,330100,6b85b994-2813-492f-9e8f-40b578679e24
绍兴市,0000001500000031000000070000000X,3.67,2018/8/15,330600,90ab9f7c-5e62-4781-b3d6-d01b3a10783b
舟山市,0000002200000038000000070000000X,4,2017/8/25,330900,4a23cd87-0d88-40a6-80f6-69eb24740b2a
绍兴市,0000000D0000002R000000030000000X,52,2017/3/25,330600,831b54dc-3f72-41e5-8c8f-3c02cdfc9b8f
浙江省,0000000P0000003E0000000700000010,4.94,2018/1/30,330000,315bf284-e71e-460e-bede-f0db2e30b5fc
湖州市,0000000H0000002T000000070000000X,16.67,2017/4/25,330500,72c686b2-3370-414b-90ca-e2eaa9106f8b
杭州市,0000000P0000002W000000070000000X,5.33,2018/3/15,330100,532c4552-c0ca-4c32-8628-4562dd400e44
浙江省,0000000S0000002Z000000070000000X,9.05,2019/3/5,330000,11168f40-dc68-4501-8853-f8611f394a89
浙江省,0000001A00000031000000070000000X,5.12,2017/4/5,330000,c8371d1e-9c75-426f-bd77-83db092b7452
金华市,0000000J0000003Q000000070000000X,42,2018/8/15,330700,c2650e6e-bec4-4e02-93b7-c06684a25f1a
舟山市,0000001K00000031000000070000000X,3.17,2018/4/25,330900,22024f4b-7356-48fc-9e41-aaa33440b49c
金华市,0000001700000031000000070000000X,2.5,2017/8/15,330700,9b9b98fb-a780-4e75-a25f-9d3ead52429d
绍兴市,0000000K0000003U000000070000000X,33,2017/2/5,330600,d1d180db-b072-4a39-a70b-91eec7936c77
丽水市,0000000C0000002Q000000030000000X,70.23,2018/8/15,331100,d0203a71-c806-4441-a0c3-09ef98dd2aa9
金华市,0000002U0000007X000000070000000X,4.17,2017/5/5,330700,238abd00-2286-4179-93ef-fdaa94b0d3a1
嘉兴市,0000000M0000003V000000070000000X,10.83,2018/7/15,330400,1ff8c4a8-f506-4433-b9ed-075513255ab7
杭州市,0000002P0000007W000000070000000X,2.87,2017/9/25,330100,8617a2ce-b9cc-4e4e-8f6d-952cff7e693c
绍兴市,0000002U0000007X000000070000000X,4.33,2017/4/15,330600,071846fe-7908-4730-8529-be177fefcae4
衢州市,0000000P0000003E0000000700000010,4.65,2018/11/27,330800,9a864f89-fdbb-4cb2-9c08-f701f6b89fa3
浙江省,0000000D0000002R000000030000000X,44.76,2017/4/5,330000,e84e89d1-9f09-4267-a77f-9fd7de2ebaf9
丽水市,0000001K00000031000000070000000X,3.5,2019/2/25,331100,bdf3c542-f339-4a4f-8d51-cebe42a99bf2
宁波市,0000000S0000002Z000000070000000X,9.5,2019/2/25,330200,3218f735-b8ac-46b5-a6bf-9e5f398a1808
台州市,0000000D0000002R000000030000000X,38.67,2019/1/5,331000,229d5836-4409-48b2-97d8-446313059ac5
嘉兴市,0000001A00000031000000070000000X,5,2017/8/15,330400,ae8c291b-2d9c-4f94-8ef2-e0b35062745a
温州市,0000000H0000003N000000070000000X,20.33,2018/12/15,330300,282eb612-e65a-46fc-8d13-3a7bf1087092
台州市,0000000P0000003E0000000700000010,4.8,2017/10/10,331000,de660bd5-9ed7-4e10-9773-2dfdee06a83f
绍兴市,0000000S0000002Z000000070000000X,8.33,2017/4/15,330600,bdfab80f-d488-491f-8aaf-4abe25300f45
浙江省,0000001500000031000000070000000X,4.91,2017/1/5,330000,ad230f35-b307-4b8f-94fc-8ad477c1bfbb
浙江省,0000000H0000002T000000070000000X,16.98,2019/2/5,330000,29a49253-3057-4d9e-a075-fdf2a871f15b
衢州市,0000000H0000003P000000070000000X,21.67,2017/10/15,330800,53171308-fa3f-42e2-97ef-3d195c63d45b
金华市,0000000M0000003V000000070000000X,12.67,2018/1/15,330700,7f1ece94-1987-44ae-a594-3617cb6246d1
台州市,0000000H0000003P000000070000000X,24,2018/2/5,331000,fa838c75-ec07-425d-aea1-2897eb81aab4
丽水市,0000000C0000002Q000000030000000X,70.23,2018/7/15,331100,452a3376-041b-40b1-b1d7-f04e60371ee9
湖州市,0000000M0000003V000000070000000X,17.33,2018/10/15,330500,d52f845d-7fa1-4c05-998e-6f252f150742
温州市,0000001K00000031000000070000000X,4,2018/4/15,330300,b848d08f-a3af-4469-9a3c-d0174ef60bc0
台州市,0000001400000031000000070000000X,7.67,2019/2/25,331000,12a04f3f-bc13-482f-87ee-4009e4013bb0
台州市,0000000H0000002T000000070000000X,13.17,2017/6/15,331000,dad598d7-039f-4cc6-9869-457cf8c3a36b
湖州市,0000000H0000002T000000070000000X,15.67,2019/3/5,330500,5c19ebad-a5c1-4a92-9cc0-9bb1d4ef5df2
湖州市,0000000C0000002Q000000030000000X,56.67,2017/3/25,330500,2a907032-9e52-4c74-81d1-4a037ceb76ba
宁波市,0000000H0000003P000000070000000X,25.17,2017/8/25,330200,e13987d1-c596-407a-a85a-c25b15ae6819
浙江省,0000000G0000003F0000000700000010,9.86,2019/2/12,330000,0a84ee46-f9dc-44ec-8ade-ce3687abd399
金华市,0000000P0000002W000000070000000X,3.67,2017/5/25,330700,ab1dcf1b-6e4d-4662-bc9e-7c751056794d
宁波市,0000000J0000003S000000070000000X,32.83,2019/1/5,330200,b57f3f1c-4aeb-46a0-a4a8-7530a37fdc8a
嘉兴市,0000000P0000003E0000000700000010,4.33,2018/7/10,330400,50d3859e-db64-4a30-bf49-85eaea2e849c
嘉兴市,0000001400000031000000070000000X,5.17,2018/1/5,330400,89109f51-58ab-4848-9fac-6e94a384e213
湖州市,0000000K0000003U000000070000000X,0,2018/6/15,330500,3c2aa0b7-c2fe-4fd2-beff-c9e5a8a9371f
嘉兴市,0000001400000031000000070000000X,4.83,2017/12/25,330400,e15db126-3f38-4fce-a8d5-4b18ecda72d7
台州市,0000000S0000002Z000000070000000X,10.33,2017/10/15,331000,9dcb3ead-96c7-4090-ba52-98a0a6d1a78b
温州市,0000002P0000007W000000070000000X,2.33,2018/5/15,330300,7ac977ab-16a7-4f58-bc17-812d4d51b1da
台州市,0000002P0000007W000000070000000X,3.58,2017/4/25,331000,3a5b5090-0584-454b-afd0-28b5b6393f38
丽水市,0000000H0000002T000000070000000X,16.83,2018/12/25,331100,ba1dae52-9371-478c-984a-93af438008b6
台州市,0000000J0000003S000000070000000X,38,2019/1/15,331000,d32a35d6-eb11-4476-aa0d-c00918a87218
绍兴市,0000000P0000003E0000000700000010,5.5,2018/8/28,330600,9181e95f-6607-4127-bb15-853f1aa1c87a
绍兴市,0000000G0000003F0000000700000010,10.3,2019/2/26,330600,949bc1a3-0832-4266-bed0-b31c367bba04
浙江省,0000000G0000003F0000000700000010,10.39,2018/1/16,330000,fc707c18-8f78-40e5-bf3d-8c053c1332a5
舟山市,0000000C0000002Q000000030000000X,50.3,2017/9/25,330900,db3e7b4d-4e8b-40e5-a398-ae3072b8a749
湖州市,0000000D0000002R000000030000000X,40,2017/3/25,330500,ce2e211e-7b46-4579-bf73-4d93929d2494
浙江省,0000001700000031000000070000000X,2.9,2018/4/5,330000,087136d2-ea45-457c-aa7b-f9294ce82e29
台州市,0000000C0000002Q000000030000000X,63.33,2017/5/5,331000,30917f43-48e4-42db-bc01-a687a633c469
金华市,0000000G0000003F0000000700000010,9.8,2017/9/5,330700,7d7c635e-adc6-43d0-93d4-522d9c7ac463
台州市,0000000P0000002W000000070000000X,5.1,2019/1/25,331000,74c67e31-5b2f-4eaa-9c41-74d71669756f
温州市,0000000P0000002W000000070000000X,4.53,2017/8/15,330300,6ea481d9-fdb9-4b0f-8753-dd832ac91232
台州市,0000000M0000003V000000070000000X,10.67,2018/10/5,331000,fe5ea5db-bd29-4096-9c3a-56afcbf38fe5
衢州市,0000000P0000002W000000070000000X,4,2017/5/25,330800,db962595-3d1a-4cb0-9624-05a561ce6026
嘉兴市,0000001500000031000000070000000X,5.5,2017/3/25,330400,6d3aa18a-309f-4756-a3df-64e08ef07381
宁波市,0000000C0000002Q000000030000000X,77,2017/10/15,330200,c1fc8f4c-4a15-4ac0-ba0d-28d445c765f3
金华市,0000000G0000003F0000000700000010,11.9,2018/10/2,330700,eefa5a48-4347-4333-9ff6-43ae74c90140
舟山市,0000000D0000002R000000030000000X,43.63,2017/5/5,330900,26449e49-1cdc-457f-ae01-070534014fdd
舟山市,0000002200000038000000070000000X,4.17,2017/1/25,330900,974a04e6-adb5-48f9-9238-2409349c7a25
湖州市,0000000D0000002R000000030000000X,36.33,2018/8/5,330500,85dec517-3197-4fe1-bc15-351f2710fd87
舟山市,0000001700000031000000070000000X,3,2019/3/15,330900,c3b7ba30-515f-45a4-836c-7829a1bcce3b
舟山市,0000001500000031000000070000000X,5.17,2018/12/25,330900,2e682c67-1f41-4c78-b5ba-0bf0ebaefd4e
杭州市,0000001200000031000000070000000X,6.17,2019/3/5,330100,44b010ee-3015-418f-864c-b6cf1a60c8f3
宁波市,0000001Z00000036000000070000000X,6.67,2017/3/15,330200,913e4e02-be76-4926-9ddb-2bc098de09ef
嘉兴市,0000000X0000007T000000070000000X,36.67,2019/2/5,330400,9b42bca0-061e-4a2e-bf36-1df2c2c2c17e
金华市,0000001Z00000036000000070000000X,5.67,2017/4/5,330700,4c706af0-ec31-4255-9b9b-a61db2556524
台州市,0000001A00000031000000070000000X,3.83,2017/12/5,331000,9f0f26c3-9dbc-4c0e-b5a5-9eb251a5a71c
湖州市,0000001K00000031000000070000000X,3.5,2017/7/15,330500,5d19f091-87f1-40ba-abcf-359082532c04
舟山市,0000000H0000003P000000070000000X,22.33,2019/1/25,330900,f5a0da7b-e7af-4ce1-9636-e5fa24056860
金华市,0000000J0000003Q000000070000000X,40,2017/6/15,330700,f075b5ef-a890-404a-a398-bb62ab77c022
衢州市,0000001A00000031000000070000000X,6.17,2018/12/25,330800,fa30ad3e-f71d-4087-bad5-1a3ac3b6803f
衢州市,0000001Z00000036000000070000000X,4.67,2017/4/15,330800,d338d096-6427-4aa1-8d77-2bb6945ff6db
绍兴市,0000001K00000031000000070000000X,4,2018/3/5,330600,1d61eb31-6357-4963-b19f-9b75117a05ee
温州市,0000000X0000007T000000070000000X,53.33,2017/5/15,330300,74cc8522-0929-4321-82f4-1c2ce667d2d7
金华市,0000000D0000002R000000030000000X,42.17,2018/10/15,330700,64408a04-d7db-4647-ab58-f7738b834709
温州市,0000000K0000003U000000070000000X,48,2017/11/25,330300,0974a2bb-b22f-471d-a20d-fe39ff1c90e1
宁波市,0000000H0000002T000000070000000X,15.17,2017/10/5,330200,446623bf-7267-4e86-adf7-50dc11ec6161
衢州市,0000000H0000003P000000070000000X,26,2018/10/5,330800,cba62d4c-a6a6-44c8-baec-84414bf9a5a4
嘉兴市,0000000S0000002Z000000070000000X,10.33,2017/8/5,330400,ce6e8232-1ab3-4fa1-91a9-6ef74de9b9a2
衢州市,0000000G0000003F0000000700000010,9.1,2017/12/12,330800,e06fb209-706c-4eb9-93b2-7ecea1f5cb8b
丽水市,0000000Z00000031000000070000000X,3,2017/11/25,331100,8b92ca4c-77b2-4ae7-8bbd-f81dc42df727
嘉兴市,0000000C0000002Q000000030000000X,66,2018/6/5,330400,621f80ad-1e0e-4604-88c7-394d351cd3fa
嘉兴市,0000001K00000031000000070000000X,3,2017/4/5,330400,d6be889a-c77c-4e28-b722-e00316032f7c
温州市,0000000S0000002Z000000070000000X,9.67,2017/5/5,330300,ab224233-cc7f-41ba-a9f1-4bdf5548f652
宁波市,0000000K0000003U000000070000000X,35.67,2018/3/5,330200,b499ae06-04d2-48cb-9135-440941a6f69e
丽水市,0000001700000031000000070000000X,2.5,2017/10/25,331100,9373e655-7c58-4e2f-a253-274396ed2b47
舟山市,0000001K00000031000000070000000X,5,2018/9/25,330900,93985f19-a95d-420e-bb31-34a9124c0b5a
金华市,0000001500000031000000070000000X,3.5,2018/1/15,330700,40c03596-b0b1-4447-b166-7b55c5857bcb
金华市,0000001Z00000036000000070000000X,5.17,2017/1/5,330700,fb4cc6ab-464e-4cd4-803d-4696dc5b474b
杭州市,0000000J0000003Q000000070000000X,40.5,2017/8/15,330100,063d5ded-28c1-4468-aa85-3402f5965f28
衢州市,0000000H0000003N000000070000000X,17.33,2018/10/25,330800,13f20647-7f00-4c39-96bf-7c89710a5dbf
浙江省,0000001Z00000036000000070000000X,5.88,2018/5/5,330000,7694d29f-d086-4f99-836a-e5320bc45e39
丽水市,0000000P0000002W000000070000000X,5.5,2018/11/25,331100,99f1d4c6-be9b-41d0-8d2e-60daaa9b7f40
杭州市,0000000H0000003N000000070000000X,15.17,2018/2/25,330100,4d010f08-1f20-4a03-bd18-e6d7fbd24860
绍兴市,0000000Z00000031000000070000000X,4.17,2018/12/15,330600,1f230234-9426-4f7c-942c-af2d7ab794f4
杭州市,0000000H0000003N000000070000000X,14.67,2019/3/15,330100,b553f8b7-acb8-4a50-975c-d120eb7696f2
丽水市,0000000Z00000031000000070000000X,2.33,2017/4/15,331100,6725525b-2c4a-496e-906d-1034c90818c5
杭州市,0000000K0000003U000000070000000X,36,2018/12/15,330100,f7263886-d21d-49be-9e01-6dfef8107c44
金华市,0000001200000031000000070000000X,5.33,2019/1/25,330700,817feb93-f235-458a-a38c-35073c521e1e
舟山市,0000000G0000003F0000000700000010,9.85,2017/10/31,330900,018f6fdd-5121-43de-b5bd-427c1874c385
宁波市,0000001A00000031000000070000000X,3.97,2017/5/5,330200,9efde962-51dc-4a8c-93f9-1e5c600c5f2d
丽水市,0000000X0000007T000000070000000X,44.33,2017/6/15,331100,bc1903e5-3073-4034-a44c-6e9c1ff96144
丽水市,0000000X0000007T000000070000000X,44.33,2019/3/5,331100,4ad28c73-ee31-400c-8557-5c65fcce5e05
宁波市,0000000H0000003P000000070000000X,25.17,2018/3/5,330200,153fdab9-d80f-423d-abfd-5e74d4c0cec4
杭州市,0000001A00000031000000070000000X,5.5,2017/2/5,330100,9dac91d2-215d-4175-afd6-eb75e3f39abd
丽水市,0000000H0000002T000000070000000X,14.17,2017/5/15,331100,6d9d3683-e9bf-43e6-acf9-7a04d8a5deb5
浙江省,0000000H0000002T000000070000000X,18.23,2018/10/5,330000,e576964a-1694-49fa-b6f2-0a25cae4a228
衢州市,0000000C0000002Q000000030000000X,66,2017/2/15,330800,98268df0-febd-4fc6-95dd-a2eeebc39f88
浙江省,0000000P0000003E0000000700000010,4.88,2017/9/12,330000,3e47c028-9592-4ffc-87fd-dc0b33c6b2dc
舟山市,0000002P0000007W000000070000000X,3.1,2017/10/15,330900,4cc6ac8c-a503-4c45-9ea1-197c0c7cb40b
舟山市,0000000P0000002W000000070000000X,4.5,2017/4/15,330900,64f52fee-5f75-48fe-9f31-afe9b9a8637c
台州市,0000001Z00000036000000070000000X,5.67,2018/1/15,331000,a10db331-1f46-4a6c-ae89-dabd74ac1798
绍兴市,0000000P0000002W000000070000000X,4.67,2017/7/15,330600,953afdca-6d6f-4691-a493-975866730b25
宁波市,0000000H0000003P000000070000000X,25.1,2018/2/25,330200,b204a8bb-d87c-4bb7-977e-335aa2cd6ccf
杭州市,0000002200000038000000070000000X,2.67,2017/3/25,330100,b685c22c-e75b-4c71-8b3b-8e8097853cb8
嘉兴市,0000000J0000003S000000070000000X,32.33,2017/9/15,330400,78ac8600-656b-4763-8b1f-ce624d45d2fb
金华市,0000000P0000003E0000000700000010,3.8,2018/6/26,330700,22131db7-9b1d-4f46-8d71-d47bc9b81487
衢州市,0000002U0000007X000000070000000X,4.33,2017/4/25,330800,ff8b41ee-5bb2-4206-8111-5731ab213a73
宁波市,0000000H0000003P000000070000000X,28,2019/1/25,330200,4eb96e2f-e8c3-4081-9db9-c045ad70ddd3
绍兴市,0000001500000031000000070000000X,3,2018/7/5,330600,0550e497-bd92-4905-a902-555f674f42b1
衢州市,0000000H0000003N000000070000000X,16,2017/2/15,330800,f05e694c-dd42-4d9f-a5d5-0e5d45a24f8d
湖州市,0000000H0000003N000000070000000X,15.33,2017/1/25,330500,061e1db5-1783-4546-918a-7766ef98cfff
金华市,0000000C0000002Q000000030000000X,68.17,2017/12/5,330700,b2da42c4-d7a7-45f8-a54a-822db91b1b4e
丽水市,0000001K00000031000000070000000X,3.67,2018/1/5,331100,ecdff72c-d5bf-491a-ab71-ed0c31ad70e9
台州市,0000000C0000002Q000000030000000X,63.33,2017/10/5,331000,2bf14400-c790-466f-aab1-6092880a6e1a
湖州市,0000000G0000003F0000000700000010,9.7,2017/10/3,330500,fccd6d83-dc07-42c3-addb-08f5bc501028
绍兴市,0000000Z00000031000000070000000X,2.83,2018/4/5,330600,e85e29a8-4263-4b4c-8ffc-33cd85f6577e
丽水市,0000000H0000003P000000070000000X,18.67,2018/1/25,331100,5803be7d-b5df-47c3-9835-f7b465bfc4c4
衢州市,0000001200000031000000070000000X,2.83,2017/5/25,330800,d3737f28-b6e3-4518-bfb7-f2c2668efe8d
湖州市,0000000C0000002Q000000030000000X,57.67,2017/11/15,330500,830c0b79-bbdb-4f98-a239-05bf7557433c
台州市,0000000D0000002R000000030000000X,42.67,2017/1/5,331000,1c58ffb8-4509-4b43-b29b-a95addeea536
浙江省,0000000H0000003N000000070000000X,15.33,2017/3/5,330000,3a548bed-0a47-4504-83fa-4a8246559c3f
湖州市,0000000M0000003V000000070000000X,17.33,2017/9/5,330500,b8c0345b-8153-4a32-a091-695c3414631c
丽水市,0000000J0000003Q000000070000000X,37.33,2017/11/25,331100,a51f9126-d91e-4860-b743-259b11de363d
温州市,0000000M0000003V000000070000000X,15,2017/7/15,330300,f1d15805-78f2-44b8-b0b2-1f1e23e8a02e
金华市,0000001700000031000000070000000X,2.5,2018/5/5,330700,b6292649-b7ff-4c99-aa45-f17944fb9bc0
金华市,0000001500000031000000070000000X,4,2017/10/25,330700,9be26367-b31d-4719-b620-8593c1581b41
舟山市,0000000Z00000031000000070000000X,3.83,2017/4/5,330900,27e0272e-c5fc-4cb3-96e7-8ced1125a5ef
浙江省,0000000K0000003U000000070000000X,34.59,2017/6/25,330000,0c33cd90-e3d7-42ca-abe4-0599a5f4f6f4
浙江省,0000000Z00000031000000070000000X,3.16,2017/2/25,330000,eff5c126-405a-434f-8fe8-7efeb5722a3b
宁波市,0000000J0000003Q000000070000000X,38.33,2017/7/25,330200,2e81fc63-4452-41d2-9e19-cefe4f447a8c
湖州市,0000001400000031000000070000000X,5,2018/10/15,330500,58422175-78cf-4f47-afe0-4df60e86c223
台州市,0000000X0000007T000000070000000X,27.67,2018/3/5,331000,b356cb6a-dd2b-4a67-a767-4a7a263a935e
衢州市,0000001700000031000000070000000X,2.5,2018/8/15,330800,86fd0e38-273c-4b13-bc63-81f44ce29303
宁波市,0000000Z00000031000000070000000X,8.9,2018/10/15,330200,88292a4f-b5aa-4876-adc6-8d66268d14fb
台州市,0000001Z00000036000000070000000X,6.33,2017/5/5,331000,07ef0040-2df6-42cb-9933-de2c7595c58a
浙江省,0000001E00000031000000070000000X,4.89,2018/3/15,330000,b763c1f7-0a88-4141-9658-01a2103caf64
杭州市,0000000J0000003Q000000070000000X,47.33,2019/3/5,330100,5e2fd16e-646e-40c6-8b1b-00f47f066431
衢州市,0000000D0000002R000000030000000X,38.33,2018/1/25,330800,eb1b8143-ff5c-481a-a7d9-6868cfa68a76
绍兴市,0000000P0000002W000000070000000X,5.83,2018/12/15,330600,d7296acc-1aec-4172-ae20-474d9d18e1e7
浙江省,0000000P0000003E0000000700000010,4.66,2019/1/15,330000,5f281f19-5d39-4c23-b5b1-8a2785131a33
金华市,0000000G0000003F0000000700000010,9.1,2018/8/21,330700,f3af100f-ab2f-4fc8-a5a8-9ee4bc690e48
浙江省,0000000H0000002T000000070000000X,15.97,2018/1/25,330000,7225c55c-44f5-46dd-b7f4-9b62e8e3f65c
嘉兴市,0000001400000031000000070000000X,6.5,2019/1/25,330400,49e36664-c2a4-4fe5-a660-1bb4d9e35e41
衢州市,0000001400000031000000070000000X,5.5,2017/1/15,330800,1d2049df-adfe-4e03-9625-2ace48f7b3e5
绍兴市,0000000G0000003F0000000700000010,9.58,2018/2/27,330600,24981493-409d-4a9c-876a-76ebcf724c37
宁波市,0000001700000031000000070000000X,3.23,2018/1/25,330200,60349dfb-001f-461a-a981-0b0718627765
舟山市,0000000G0000003F0000000700000010,9.6,2017/7/11,330900,7659a5da-65fa-4d69-ba9f-fcc9c7b4d793
温州市,0000000G0000003F0000000700000010,10.22,2018/12/18,330300,ab1599b8-2f87-44da-83ac-946290c6dcc0
衢州市,0000000P0000003E0000000700000010,4.65,2018/12/11,330800,f5a70055-4375-4e6d-a107-d74a6a796087
温州市,0000000H0000002T000000070000000X,20,2019/3/15,330300,300d657e-0999-4439-b40a-b1fa2eca9f85
浙江省,0000000G0000003F0000000700000010,11.17,2018/11/13,330000,f2ce471e-8211-483c-8838-7d418f29154a
丽水市,0000001Z00000036000000070000000X,5.67,2016/12/15,331100,8ed05399-44fe-416a-9779-94e5c5f2f417
宁波市,0000000G0000003F0000000700000010,7.7,2018/3/20,330200,659be113-cbcf-4b30-a79f-b93e28d01c77
温州市,0000000J0000003Q000000070000000X,47.67,2017/4/5,330300,4494a390-022f-4304-a47f-9e091cd53475
湖州市,0000001200000031000000070000000X,4.67,2017/2/25,330500,00c102de-079c-47fd-8738-c4525de90d79
宁波市,0000001K00000031000000070000000X,2.67,2017/4/25,330200,d8f621de-0024-4938-9c54-bc86de2ae647
衢州市,0000000H0000003N000000070000000X,12.67,2017/6/15,330800,73bf8c95-3198-4730-af8c-6c543163873e
丽水市,0000001K00000031000000070000000X,3.83,2017/11/15,331100,3cca433c-d7bc-4974-9869-48c81389ddb8
金华市,0000001E00000031000000070000000X,2.83,2017/2/15,330700,bccd5461-c567-48a6-a756-02ba7e84aa56
杭州市,0000000D0000002R000000030000000X,46,2018/6/15,330100,e6e5d85c-ec9d-4719-ad64-9673550d40c9
温州市,0000001E00000031000000070000000X,5,2018/3/15,330300,cef4a7a2-0a3d-417c-bfe5-bb49c41a2039
衢州市,0000000H0000002T000000070000000X,18.67,2018/1/5,330800,20e4d48e-c63b-4109-ba21-07bd65982b4f
湖州市,0000000Z00000031000000070000000X,3.17,2017/4/25,330500,db13291a-d028-45a2-a71a-d7ba53977db7
湖州市,0000003100000081000000130000000X,72,2018/12/5,330500,ddca8d1b-6866-4781-a724-b1551acc9689
金华市,0000001500000031000000070000000X,3.67,2018/5/5,330700,c7d1e2bb-0b45-4ff7-8811-9b8d4989479c
台州市,0000001200000031000000070000000X,3,2017/6/5,331000,c83c332d-0d40-4c3d-9d47-d8edb98ebc98
金华市,0000000M0000003V000000070000000X,12.67,2019/3/15,330700,83142ef5-c84d-44d0-bc4d-b94f8b684ad1
嘉兴市,0000000X0000007T000000070000000X,31.67,2018/12/25,330400,f2c80df7-da9b-4fed-a226-9029f966691a
舟山市,0000000J0000003S000000070000000X,33.67,2017/10/25,330900,23dede15-d9d9-4674-9dd8-c9accca865dd
杭州市,0000000J0000003Q000000070000000X,41.17,2017/3/25,330100,9ca1a1b5-158d-4369-87fe-0177960b7d7d
浙江省,0000000H0000002T000000070000000X,16.79,2016/12/15,330000,1c528c8b-063f-45fc-8ee0-13ddb65197d4
衢州市,0000000Z00000031000000070000000X,3.33,2018/3/5,330800,c0930738-dbec-4f0a-983f-000b07421187
杭州市,0000000H0000003N000000070000000X,16,2017/3/15,330100,fdb4287d-5194-4f2d-a03d-f73ebc51fff6
嘉兴市,0000001700000031000000070000000X,3.17,2017/1/15,330400,4305c580-2346-4e9e-9607-0bef91836fc3
丽水市,0000000H0000002T000000070000000X,16.33,2017/2/5,331100,11284e1d-e9fa-492a-95f6-abfc2bb66478
浙江省,0000000J0000003S000000070000000X,37.88,2019/1/15,330000,522ead51-5b66-42ce-8f23-9c0ae61da27f
丽水市,0000000C0000002Q000000030000000X,70.23,2018/5/5,331100,2a20fa26-00b3-449c-9802-87f4275c3ac7
绍兴市,0000000K0000003U000000070000000X,44,2019/2/15,330600,9d4ee791-1562-4f59-8e61-757f9bce8ed6
台州市,0000000H0000003N000000070000000X,13.5,2018/11/25,331000,ab55c2e0-8506-414b-a9db-6c88ecfb86bb
舟山市,0000000J0000003Q000000070000000X,42,2018/4/5,330900,bd0ead2f-a40d-4845-b7fb-0a3209ccc1d6
温州市,0000000Z00000031000000070000000X,4.33,2018/1/25,330300,a0e5f670-24b4-49c2-bd77-75dcd8e64587
嘉兴市,0000002200000038000000070000000X,3.17,2016/12/25,330400,be0b232b-11ca-405f-9516-a5ba4244ec0c
嘉兴市,0000000J0000003S000000070000000X,32.33,2017/7/5,330400,88d71ac8-839a-4c26-b985-82ce7112b474
绍兴市,0000002U0000007X000000070000000X,4.5,2017/7/25,330600,b48b2671-c389-48ac-ba65-5f83688f1106
舟山市,0000001500000031000000070000000X,4.17,2018/1/25,330900,ed05f528-5d22-4945-9d96-2ce45c047ab1
湖州市,0000001K00000031000000070000000X,3.5,2017/12/5,330500,7987be2d-f698-486b-b446-84b5d5db7c41
丽水市,0000001Z00000036000000070000000X,6.26,2019/1/5,331100,e07b527d-13f3-49ab-ad1a-ee559a6b986e
金华市,0000000H0000002T000000070000000X,15,2017/11/5,330700,46416ad8-a317-44b9-a650-c78da58d7f33
浙江省,0000002U0000007X000000070000000X,4.34,2017/12/15,330000,f54763a8-d41e-44be-87d2-e5e04d9af094
杭州市,0000001400000031000000070000000X,6.5,2018/12/25,330100,793b016d-e179-4460-889b-307f4035410f
嘉兴市,0000000Z00000031000000070000000X,6,2018/10/25,330400,8bf507e9-bac1-4f41-a648-3be968b2952d
嘉兴市,0000000M0000003V000000070000000X,11.17,2017/3/25,330400,62011aba-2679-4bce-a780-ecd7b064a8c6
湖州市,0000002200000038000000070000000X,4.33,2018/10/5,330500,f1d81bea-18e4-44a8-8033-8a26aa600cce
宁波市,0000000J0000003Q000000070000000X,43.5,2019/2/25,330200,c301d58e-0d6f-4e1a-96d2-f76452134700
宁波市,0000000K0000003U000000070000000X,35.33,2018/10/15,330200,610c33ed-c01e-4215-9f3d-67dc81a95ad5
浙江省,0000000G0000003F0000000700000010,9,2018/7/24,330000,7dd3ce8e-5b3b-47d2-8e7e-0c479f5797cd
台州市,0000000P0000003E0000000700000010,5.04,2018/1/2,331000,039b3b70-f141-4cfc-b7fd-f881f79870ce
宁波市,0000000P0000002W000000070000000X,5.33,2016/12/15,330200,5b4b4c17-da97-4e9a-b6a6-df2a7c83be6a
舟山市,0000000M0000003V000000070000000X,13.67,2017/4/25,330900,bd65517a-a2aa-4e7d-81a8-53c4162c98d4
金华市,0000000M0000003V000000070000000X,12.33,2017/4/25,330700,1a0704a7-7f09-4379-98ad-30b4845d86a1
温州市,0000001400000031000000070000000X,11.67,2019/3/5,330300,2df3ecca-ddcb-43e0-80af-23e030aae337
温州市,0000001500000031000000070000000X,4.67,2017/1/15,330300,293e01d9-fa88-43a9-abf1-0a1c6284b826
金华市,0000000P0000003E0000000700000010,4.8,2017/9/12,330700,06819724-8e0e-4365-b7e4-9907647d2445
绍兴市,0000000M0000003V000000070000000X,9.5,2018/8/15,330600,c0517065-b6f3-4a86-9bcc-2b34113be883
舟山市,0000001500000031000000070000000X,4.33,2018/6/5,330900,d1d0cfef-af04-4fd8-8ed8-e45641340e20
湖州市,0000000J0000003Q000000070000000X,38.33,2017/11/15,330500,04167505-13db-4bed-957d-97f241166c7e
宁波市,0000000G0000003F0000000700000010,10.77,2017/12/5,330200,ed76f48a-83a9-4f46-89ab-9398c397bab5
丽水市,0000001E00000031000000070000000X,3.17,2017/5/25,331100,063f41cf-a0b8-4d10-99d9-7935d82d5ef4
宁波市,0000000D0000002R000000030000000X,41.33,2018/5/5,330200,456d47d1-7f07-4670-ab67-1e8036a751f5
浙江省,0000001E00000031000000070000000X,5.76,2018/8/25,330000,3166cfc6-44df-4b5e-a4ea-b968c1383484
温州市,0000003100000081000000130000000X,63,2018/5/15,330300,b2310cb0-246a-42be-8c36-c72ba2b97c02
杭州市,0000000P0000003E0000000700000010,2.6,2017/5/2,330100,7bd06c71-a777-4054-8e89-688da3bf57b4
浙江省,0000001400000031000000070000000X,5.18,2017/8/15,330000,1bfc62e1-a115-4be6-950d-43a6096bc25c
丽水市,0000001400000031000000070000000X,4.33,2017/6/25,331100,a099aa0d-5896-44e1-b63a-c795207299c2
丽水市,0000000H0000002T000000070000000X,18.67,2018/11/5,331100,f0d6fff6-d510-4590-bd3d-1e4a6354881f
浙江省,0000000D0000002R000000030000000X,44.17,2016/3/5,330000,4276b1cc-6c4f-4111-87b2-e9fbeb936ee8
杭州市,0000000H0000002T000000070000000X,17.93,2017/3/25,330100,80b5cad4-a597-4c2e-825d-9e9d690d51dd
嘉兴市,0000000H0000003N000000070000000X,15.33,2017/4/5,330400,30b4806e-6082-4b75-bd43-574c9e3a3f2b
湖州市,0000000H0000002T000000070000000X,16,2017/10/25,330500,17c73779-2805-41eb-8b38-b7fb6ff81201
嘉兴市,0000002P0000007W000000070000000X,3.2,2018/6/25,330400,bf4230a5-8248-4d2c-a34f-a3676009146a
绍兴市,0000000H0000003N000000070000000X,14.67,2017/1/15,330600,1ef154b2-d7a8-4bd7-b61e-02d099156f72
台州市,0000002P0000007W000000070000000X,3.28,2017/8/15,331000,5ce7f230-2a25-4ef9-b84f-785b295f081f
湖州市,0000001700000031000000070000000X,3.17,2018/7/5,330500,42353848-06cc-425a-a2a4-0320b757f2f6
宁波市,0000000S0000002Z000000070000000X,9.9,2018/9/5,330200,780b528d-b8ac-4958-bc88-16681f686e96
温州市,0000000S0000002Z000000070000000X,9.17,2018/3/5,330300,353f43d8-1d52-442a-895a-539e917e0118
绍兴市,0000000P0000003E0000000700000010,3.8,2017/2/14,330600,fdb88987-e2db-4c94-9168-863e41c6c12a
浙江省,0000000H0000003P000000070000000X,22.45,2017/12/5,330000,b281ace4-04a3-4e91-a95a-8587b9356ca4
金华市,0000000D0000002R000000030000000X,40.17,2018/3/5,330700,2e561c94-c4c4-48da-8a97-67ab91bf04e7
台州市,0000002P0000007W000000070000000X,3.45,2017/10/5,331000,0ce40374-7f04-48dd-ab96-cddd411e1162
衢州市,0000002P0000007W000000070000000X,2.5,2017/3/5,330800,7a84f11d-5c39-41f3-bc3a-f75ea7827b5b
嘉兴市,0000000C0000002Q000000030000000X,68,2019/3/5,330400,b1fc3f6b-2da8-4cb4-9b94-fa891353e3c2
浙江省,0000001E00000031000000070000000X,3.41,2017/4/15,330000,0b8e8227-e1cf-483e-b37d-c29328bfc397
宁波市,0000000M0000003V000000070000000X,13.53,2018/7/5,330200,6f04ccdd-db33-45f9-ba86-ff9d6fa27100
舟山市,0000001K00000031000000070000000X,4.17,2018/11/25,330900,c430773b-e12c-4680-b904-717b3479b3a7
温州市,0000000H0000002T000000070000000X,17,2017/6/5,330300,561cfa9a-5856-4c8f-bfc9-b26416283b1f
浙江省,0000000J0000003Q000000070000000X,41.3,2018/9/15,330000,ff7cbb2e-8027-4217-809b-47fbaf7fd8ea
台州市,0000000P0000002W000000070000000X,4.53,2018/4/15,331000,0de7f32e-4eef-4228-bf80-ff32c2e2e0f2
金华市,0000001400000031000000070000000X,4.67,2017/8/5,330700,5af3bb77-624a-413c-af6f-71bad76fcb4f
舟山市,0000000Z00000031000000070000000X,3,2017/4/15,330900,2048bc3a-05b2-479b-bafe-c5958e3c872d
台州市,0000001E00000031000000070000000X,4.67,2017/8/5,331000,e75743a8-abef-41a2-a82a-b0af9580c85c
杭州市,0000000H0000003N000000070000000X,14.33,2018/5/15,330100,3c363ba6-da7a-4449-8f7e-51f81e7e9a40
浙江省,0000000K0000003U000000070000000X,35.88,2018/4/15,330000,b6b8f147-0f84-45b1-b6f2-c8f509d1a120
衢州市,0000000S0000002Z000000070000000X,9.67,2018/9/25,330800,7c19fcec-b4c4-4e83-bcff-ffd8e91eddc8
舟山市,0000002P0000007W000000070000000X,3.1,2017/1/15,330900,12f7047d-d02a-44f9-be58-24bb74574980
温州市,0000000M0000003V000000070000000X,14.67,2017/4/15,330300,1316df84-f74f-407e-aca6-e36ea5879d70
温州市,0000003100000081000000130000000X,63,2017/12/5,330300,f7a2e662-e6b3-4286-aa56-55e6ad0f2e3f
杭州市,0000001E00000031000000070000000X,5.33,2019/3/5,330100,a4af398e-c533-455a-b028-b7e1b510fae4
台州市,0000001700000031000000070000000X,2.5,2017/1/25,331000,dc26524a-b305-4d42-960a-a256e347e6d3
丽水市,0000001500000031000000070000000X,4.83,2019/1/15,331100,ca261a5d-5ac0-4d2f-a628-bc07925de06d
绍兴市,0000000P0000003E0000000700000010,3.7,2019/3/12,330600,2bc02547-cb58-4fa5-b988-770d02e492db
宁波市,0000000S0000002Z000000070000000X,10.1,2018/6/25,330200,d253d9c5-01d6-45ef-87d8-869ba9af9f6c
浙江省,0000000S0000002Z000000070000000X,8.62,2017/2/25,330000,3c1aa338-f027-468d-b7a2-b14dc5aa0b19
宁波市,0000000P0000002W000000070000000X,6.2,2018/1/25,330200,ddf26149-19e6-4c98-96e5-0918d2f06f49
台州市,0000001A00000031000000070000000X,4.33,2018/7/15,331000,03c865d0-6d8c-4b6e-a853-a833192790d2
舟山市,0000001A00000031000000070000000X,5.67,2018/3/15,330900,fb9737ac-9e22-4688-b80d-c81eade832c0
丽水市,0000000H0000002T000000070000000X,14,2017/8/5,331100,4e9effc1-0e34-42aa-a2db-387d56589b00
杭州市,0000000H0000003P000000070000000X,20.33,2018/5/25,330100,06bb4757-e398-4546-a3cd-c71f487cef72
舟山市,0000000S0000002Z000000070000000X,11.67,2019/1/25,330900,a5c4ef89-4690-440b-9f09-8d5f39cd4288
嘉兴市,0000000J0000003Q000000070000000X,40.67,2017/4/5,330400,49cdc112-5020-463d-9ec7-1965c46c7337
绍兴市,0000000H0000003P000000070000000X,25,2019/3/15,330600,935b5c43-14f5-42f1-b5be-475159f1b98f
温州市,0000000P0000003E0000000700000010,3.8,2017/2/14,330300,c9ed2baa-9ebc-450c-ba68-9e55edfee516
金华市,0000000P0000003E0000000700000010,4.8,2018/9/4,330700,1cf0467b-b559-41c3-9697-55db752acc13
舟山市,0000001Z00000036000000070000000X,7.67,2018/8/5,330900,cef8c519-5547-4368-9be4-abb254fe46ec
嘉兴市,0000002U0000007X000000070000000X,3.83,2018/11/5,330400,12844859-b96d-40c4-944e-4a571a552461
衢州市,0000000P0000003E0000000700000010,4.7,2017/11/21,330800,7237f08c-8392-44c8-8d1b-fb5fe0dddd30
浙江省,0000000H0000002T000000070000000X,15.89,2018/1/15,330000,c4e7e4cb-f185-4e56-a320-3f43dd725d11
绍兴市,0000000X0000007T000000070000000X,56,2018/3/25,330600,0a62e578-1c00-4b2f-9e9e-eb34ff4499d5
温州市,0000002P0000007W000000070000000X,2.5,2018/12/25,330300,445f8bb0-3f3e-4950-bcc5-00d9a5670400
衢州市,0000003100000081000000130000000X,86.27,2018/12/25,330800,ac21a16c-52db-4547-94f9-bb5332aff52f
浙江省,0000000H0000003N000000070000000X,15.21,2019/2/5,330000,0980c4f6-ed96-4612-842a-5daabdaffb51
宁波市,0000000H0000002T000000070000000X,15.33,2017/11/15,330200,ea386268-3058-42e0-9b20-612d3334ac5c
嘉兴市,0000000H0000003P000000070000000X,22.33,2017/11/25,330400,160b02ff-acaa-48e5-8fbf-6e257871cfb3
舟山市,0000001Z00000036000000070000000X,7.67,2018/4/5,330900,adc23422-b007-4f9a-a084-6039ee2c808e
金华市,0000001A00000031000000070000000X,4.83,2018/12/15,330700,47c4c674-08e7-457e-820c-f9ce444066f9
金华市,0000000Z00000031000000070000000X,4.33,2018/8/15,330700,406f17e1-8a20-4992-a995-e5997b15f65c
嘉兴市,0000000P0000002W000000070000000X,3.83,2017/3/25,330400,c99713e1-29bc-4a86-873f-69f8ef723563
丽水市,0000000D0000002R000000030000000X,54.6,2017/11/25,331100,783c1524-f5f4-434d-96ee-0db355468a9c
嘉兴市,0000002P0000007W000000070000000X,3.2,2018/6/15,330400,068556b8-c30d-46d1-9212-cfba5643c144
舟山市,0000002200000038000000070000000X,4.5,2018/6/15,330900,b3dfbf33-ed82-476f-9feb-78cfa8239515
衢州市,0000000G0000003F0000000700000010,9.5,2018/1/2,330800,db779846-8e2a-4aef-a56a-feb05b5ef4be
丽水市,0000000H0000003P000000070000000X,19.33,2017/9/5,331100,3660c944-0675-4440-9e16-c9c0a7cb7d3e
绍兴市,0000000K0000003U000000070000000X,37.67,2017/9/5,330600,fef21e64-7b96-42b7-a81d-5d29e8fedd7d
绍兴市,0000000C0000002Q000000030000000X,57.67,2017/10/25,330600,9e842e71-ca01-4097-aefd-0eaf7aa2eb3a
浙江省,0000003100000081000000130000000X,91.68,2017/5/5,330000,dc97853b-e4e6-4738-b019-ea9e9036b6e7
杭州市,0000001Z00000036000000070000000X,6.67,2017/11/15,330100,6d8500d1-8765-44da-b05e-f50f200b7175
绍兴市,0000000C0000002Q000000030000000X,62,2017/1/5,330600,deff68e5-f8f3-4f91-92d9-1cc59767ef36
杭州市,0000000Z00000031000000070000000X,6.93,2017/9/15,330100,a212c30d-8659-4ebc-973d-3d86c5d511a8
舟山市,0000001700000031000000070000000X,2.83,2019/2/15,330900,7fd2b830-62aa-4dfc-9219-eac9f2ccb433
舟山市,0000002U0000007X000000070000000X,3.83,2017/9/5,330900,a26d4106-94f9-4393-9281-50d3c399a662
绍兴市,0000001700000031000000070000000X,2.5,2017/4/5,330600,ad1cffd0-c6ce-4d34-b099-50b159cce190
舟山市,0000002P0000007W000000070000000X,3.33,2018/8/15,330900,7be6db6b-537a-4063-9cc0-10c807526c7a
湖州市,0000001E00000031000000070000000X,4.17,2017/3/25,330500,5b14e0d5-2a7e-478d-9b28-0f1fb48b896e
温州市,0000002U0000007X000000070000000X,4.67,2019/1/5,330300,78185107-be13-41e6-b991-1d7b4df36796
温州市,0000000J0000003Q000000070000000X,47.67,2017/4/25,330300,28cdd03c-68f1-4ba8-a301-93f32a5c219d
温州市,0000000J0000003S000000070000000X,48,2018/12/25,330300,d75f05ea-6d57-49f8-a314-a0e137ac4d74
宁波市,0000000P0000002W000000070000000X,4.7,2017/4/15,330200,4cfa57ac-8221-4112-a658-bb8b5bb6de31
衢州市,0000000P0000003E0000000700000010,5.2,2018/8/14,330800,af67692f-57aa-40de-af5e-c10f1f1bdb71
湖州市,0000000H0000002T000000070000000X,15,2018/6/25,330500,14ba50a9-e72e-4efe-af58-31c40b203d12
衢州市,0000000H0000003N000000070000000X,13.67,2017/9/25,330800,b3604488-996a-462a-a937-fdcde24e8e1e
台州市,0000000H0000003P000000070000000X,24,2018/2/15,331000,4b735efe-f7e1-4509-aadf-ff20f926e7cd
湖州市,0000002P0000007W000000070000000X,3.89,2018/1/25,330500,6777d2ea-ce5b-41cc-bdb5-62948f9f732c
宁波市,0000002P0000007W000000070000000X,2.93,2017/1/25,330200,c097d068-4239-4f58-a761-8ae2dd11622b
宁波市,0000000P0000002W000000070000000X,6,2019/2/5,330200,4c9d6433-efb8-448b-93e0-3920ec3780b8
杭州市,0000002200000038000000070000000X,3.53,2019/2/15,330100,739945db-8be2-4e0d-a331-a02d25fcdae5
宁波市,0000000M0000003V000000070000000X,15.17,2018/3/25,330200,07db712d-a035-4956-8d14-a715d152cdb4
衢州市,0000001A00000031000000070000000X,7.67,2017/9/25,330800,915a905c-b987-409c-9bdd-3403d323ec68
湖州市,0000000P0000003E0000000700000010,5.2,2017/9/19,330500,0ac93c04-f8ef-4eeb-a407-71600d9085a8
宁波市,0000000C0000002Q000000030000000X,73.33,2018/7/15,330200,31757641-1b1f-43ce-8d04-4a6ef62ddd08
舟山市,0000000P0000003E0000000700000010,5,2017/8/29,330900,e6edf4ad-88ae-4fdb-8c7a-999a65006031
浙江省,0000000H0000003N000000070000000X,12.88,2018/7/25,330000,3a517059-9347-4960-b945-d975ed4c413a
温州市,0000001500000031000000070000000X,4.33,2017/3/25,330300,b9aa56b4-0149-4e10-aa16-9fcc1bd9f676
杭州市,0000002U0000007X000000070000000X,4.5,2018/11/15,330100,dbded369-45f0-4a29-9439-cb41350be196
衢州市,0000000J0000003Q000000070000000X,39.33,2018/1/15,330800,d61f9c20-a5b3-416f-af01-6ac5db6fa47c
杭州市,0000001500000031000000070000000X,4.87,2017/3/15,330100,49a7190f-0516-4046-b71f-4d2ff97cb95e
湖州市,0000001700000031000000070000000X,3.17,2018/10/15,330500,a778f7c3-3ad7-4959-a979-519ec1ede046
金华市,0000001500000031000000070000000X,4.67,2019/3/5,330700,2e2fc97f-4e9f-4ec9-805d-9c53eac0ab19
嘉兴市,0000000G0000003F0000000700000010,7.3,2018/4/3,330400,ca1a47ab-547e-491c-a3e8-f09cd4f176a9
宁波市,0000000J0000003Q000000070000000X,39,2017/12/15,330200,964b3484-4f08-41e5-a0cf-e897ad45339a
舟山市,0000002U0000007X000000070000000X,4.33,2018/10/5,330900,a4c6edcc-45d3-4b32-a0dc-b291351707bb
杭州市,0000000J0000003Q000000070000000X,41.17,2017/4/5,330100,48a66775-bef2-4542-a4dc-ca89dacfd82c
绍兴市,0000001E00000031000000070000000X,3.67,2018/1/5,330600,ace851be-4012-4d91-8bd8-50f6a6ef63f0
衢州市,0000001E00000031000000070000000X,4,2017/6/5,330800,6088c333-280c-440c-b447-98b92f7f5a00
浙江省,0000000D0000002R000000030000000X,42.16,2018/9/25,330000,33fe0bfe-f0a6-46a5-9466-a93c4eecd551
宁波市,0000000X0000007T000000070000000X,45.67,2018/9/25,330200,c3380f71-1ae1-4b70-9335-9954f02094ee
嘉兴市,0000001200000031000000070000000X,3.83,2017/4/25,330400,c823b024-08d9-43a6-b98d-e84b8c48fbc3
嘉兴市,0000000P0000003E0000000700000010,3.1,2017/5/30,330400,edff71be-421b-4c85-8859-57d20a6f5bfe
舟山市,0000000M0000003V000000070000000X,14,2018/10/25,330900,2910e6a1-67ee-461f-8c44-eaf163f1a0ad
浙江省,0000001200000031000000070000000X,4.85,2018/2/5,330000,c2551387-eb86-491c-965e-c2c5bb0a52b5
温州市,0000000Z00000031000000070000000X,3,2017/4/25,330300,fbdea407-6c2c-48a2-bac5-304d3a7c7367
温州市,0000001A00000031000000070000000X,4.67,2017/10/15,330300,51713806-6150-47e4-ae6d-7d001986d00b
温州市,0000001400000031000000070000000X,6.33,2018/1/25,330300,4b83501c-e8b2-4027-89a0-fbccc3e3f09b
绍兴市,0000000S0000002Z000000070000000X,9.33,2017/7/5,330600,7f958ea4-82f4-4aeb-9b63-54aa57728a85
衢州市,0000000K0000003U000000070000000X,32.33,2018/8/5,330800,372f21e4-3e80-4468-8e01-df30afd37868
嘉兴市,0000000P0000002W000000070000000X,5.5,2018/12/5,330400,4ef94299-532a-4ee7-a080-1ba6702c99e2
湖州市,0000000Z00000031000000070000000X,4.17,2016/12/25,330500,8a9839ec-5520-4947-9874-7a0056a6c98d
绍兴市,0000000S0000002Z000000070000000X,8,2018/8/15,330600,d28d633a-88f6-4318-8a66-fde3c449c22b
浙江省,0000001K00000031000000070000000X,4.28,2018/9/5,330000,da77b21a-8479-4aeb-b71e-09d78b94263b
绍兴市,0000002P0000007W000000070000000X,2.56,2017/3/15,330600,36a052ac-6f51-4058-96d5-3177bd56a71c
舟山市,0000001700000031000000070000000X,2.83,2017/12/15,330900,7d5ec6bf-2685-4db3-ba6b-731d2b866e61
嘉兴市,0000000Z00000031000000070000000X,3.17,2017/4/5,330400,d051b73b-bf21-4a6e-9871-130863b5179c
金华市,0000000D0000002R000000030000000X,40.17,2018/4/5,330700,57f45943-0af1-43b6-af7c-cc58e3aa85f7
丽水市,0000000Z00000031000000070000000X,2.83,2018/4/25,331100,0a1c198d-93d6-40c6-93e5-f31bffd8ee59
浙江省,0000001200000031000000070000000X,3.53,2018/7/15,330000,25682d25-af66-4798-adfc-7f3497f6dc99
金华市,0000000P0000002W000000070000000X,4,2017/4/5,330700,4b256dc0-6c7e-43be-a6f8-4f4d15b7d052
金华市,0000000M0000003V000000070000000X,12.33,2017/10/5,330700,b974b6b1-2967-4877-ba1f-07fca08ad477
金华市,0000000C0000002Q000000030000000X,68.17,2017/2/5,330700,f199ed63-758f-41b2-8ee4-a5b373d04502
宁波市,0000000K0000003U000000070000000X,32.83,2017/9/5,330200,44718541-103a-4e83-89a7-6f7cbbd57da5
台州市,0000000M0000003V000000070000000X,10.33,2017/9/25,331000,57e13110-80cf-4418-a11b-508dfd0b5f64
嘉兴市,0000001E00000031000000070000000X,5,2017/7/15,330400,356ae022-57ff-483e-b210-66da8a9a238d
绍兴市,0000002200000038000000070000000X,3.17,2018/3/5,330600,0d1ea1ba-1b5a-4380-9b93-0a01800f0443
嘉兴市,0000001Z00000036000000070000000X,5.67,2017/10/15,330400,de7936a4-4dde-4d99-8e7e-6fbf2ad9195c
浙江省,0000000G0000003F0000000700000010,7.8,2018/6/26,330000,4871c059-7a76-41e0-9fa1-69106e345c82
丽水市,0000001E00000031000000070000000X,4,2017/10/25,331100,c706a8db-c5b3-49fa-8d2b-e5acea27ff57
衢州市,0000002200000038000000070000000X,2.67,2017/3/25,330800,5ad7d33e-f2ba-4588-8b6a-a54d7d07ea12
金华市,0000000P0000003E0000000700000010,4.3,2017/10/10,330700,73467e95-b65f-4493-b112-fee8cef22117
浙江省,0000000Z00000031000000070000000X,4.39,2018/1/15,330000,846fa8c8-b7d9-4abb-8627-0267d903108b
嘉兴市,0000000C0000002Q000000030000000X,68.67,2018/12/25,330400,d53baac2-44da-42d5-ab4b-95deeb04c592
温州市,0000001K00000031000000070000000X,3.33,2018/5/5,330300,32216f6e-ba81-4a6e-b8a2-c3c9011fdf66
宁波市,0000002P0000007W000000070000000X,2.93,2018/12/25,330200,9deebfa0-1b34-4658-9a22-1028480f19ec
丽水市,0000001400000031000000070000000X,7.33,2018/3/15,331100,ed7ae7f3-1323-4b7c-9fa6-3028d3ed085c
金华市,0000000J0000003Q000000070000000X,42,2018/9/15,330700,85ca4a23-ec6b-489e-a68b-9044f2f78a0f
宁波市,0000000H0000003P000000070000000X,25.67,2017/11/5,330200,939f0af9-c220-446b-b422-4e59d7b3c781
台州市,0000002P0000007W000000070000000X,3.45,2019/2/25,331000,7d476d64-a443-41b5-b18b-89e13bca1f23
温州市,0000002200000038000000070000000X,3,2017/9/25,330300,2928aa60-6bda-4176-a375-9cdd4de68c57
舟山市,0000000S0000002Z000000070000000X,11,2017/4/15,330900,c70c798a-68b0-444e-9e4b-117259d35ea2
绍兴市,0000001E00000031000000070000000X,2.67,2017/3/25,330600,3a959f65-2ba1-48b5-95a4-ea8612d4b660
宁波市,0000000K0000003U000000070000000X,32.5,2017/5/15,330200,d6d8562b-4e17-4c89-afd6-771fc9511413
温州市,0000000G0000003F0000000700000010,7.28,2018/5/29,330300,b894b571-c2a4-4917-b0c6-5063e037b81b
温州市,0000000H0000003N000000070000000X,17.33,2018/2/25,330300,a5f80c2a-a54e-4655-b350-c8243c67218f
浙江省,0000000Z00000031000000070000000X,3.32,2017/2/15,330000,a3f25278-c482-4182-bd9c-f648421756c1
湖州市,0000000X0000007T000000070000000X,35,2018/12/25,330500,a672c2d5-8695-42d2-a534-d5a33726a571
杭州市,0000001A00000031000000070000000X,5.53,2018/9/15,330100,0fa98aa0-f665-4238-9502-029275d05ebe
绍兴市,0000001500000031000000070000000X,3.67,2018/3/25,330600,7898ff37-70c6-486c-944d-62da5f25009d
台州市,0000000G0000003F0000000700000010,10.4,2017/3/28,331000,5a790075-3a32-4be6-9d49-399394b105e1
浙江省,0000001K00000031000000070000000X,3.34,2017/12/15,330000,0f2c842b-4e73-4317-a4c1-d120a3af9d0f
温州市,0000000G0000003F0000000700000010,8.45,2017/6/20,330300,369804c9-ca39-4d4d-b86a-5bd3d0335b98
浙江省,0000001200000031000000070000000X,3.49,2017/5/5,330000,d757a9d8-8271-492b-b948-5f9665a4d8c7
台州市,0000001K00000031000000070000000X,2.33,2017/6/15,331000,ee14d478-df33-4ce2-97e6-983853bd598e
浙江省,0000000M0000003V000000070000000X,12.75,2018/9/15,330000,0a9f412a-855d-4eee-9b25-499d00cfe25a
丽水市,0000000S0000002Z000000070000000X,9.67,2017/12/5,331100,9f30e3f8-9c64-47f3-a887-977c679aff76
舟山市,0000000G0000003F0000000700000010,9.6,2017/6/27,330900,6186f7c8-4240-4053-bca8-275fe8c49c76
绍兴市,0000000P0000002W000000070000000X,6.33,2018/9/25,330600,374c3ac0-b7d7-4dae-9b14-ad94653f7c24
浙江省,0000001200000031000000070000000X,4.94,2019/1/15,330000,0aa30300-5a96-49af-bed3-68a80b40c686
绍兴市,0000000D0000002R000000030000000X,50.33,2017/6/15,330600,557f545d-2c58-4129-b845-46606b9a830e
杭州市,0000001Z00000036000000070000000X,6.43,2017/3/25,330100,bacbaf06-6d78-4594-b3bb-10d660c0ab8d
嘉兴市,0000002P0000007W000000070000000X,3.2,2017/4/15,330400,6de720f4-3ac7-4d73-966f-b28322638f10
舟山市,0000000G0000003F0000000700000010,10,2019/2/5,330900,ef1b5050-053c-42e4-9fa4-88c5e256902c
杭州市,0000000X0000007T000000070000000X,40,2018/12/25,330100,19fe3e17-b996-46db-a05b-1266d76b50b5
浙江省,0000000G0000003F0000000700000010,9.81,2019/1/29,330000,88630663-5f04-4b9d-8459-c97c4ae3e3fc
台州市,0000000J0000003S000000070000000X,38,2019/3/5,331000,41730514-5673-4dbf-8174-4f2f6d28c7a7
杭州市,0000000J0000003S000000070000000X,35.67,2017/10/15,330100,4e05fc90-520e-4b58-ac01-83e8ab4c4f52
金华市,0000002U0000007X000000070000000X,3.93,2019/3/5,330700,57798707-2884-44aa-b00b-19608386bcec
浙江省,0000000X0000007T000000070000000X,34.37,2018/9/25,330000,586f90a3-d775-49cb-9593-efc3a16fdd3e
杭州市,0000000Z00000031000000070000000X,4.37,2017/7/5,330100,f05487ef-6fea-4e84-9990-e8a2d30967dc
绍兴市,0000001Z00000036000000070000000X,3.83,2018/5/15,330600,d5129d1c-99e2-4175-bd0e-674d81e628f1
台州市,0000002P0000007W000000070000000X,3.45,2018/10/25,331000,6793df6a-ad37-4597-8b1c-7face209bf15
嘉兴市,0000001400000031000000070000000X,3.83,2017/6/25,330400,dd18ea37-884c-46f7-b6af-f86ae672a854
金华市,0000000P0000003E0000000700000010,4.4,2019/1/1,330700,e88d2d43-3d67-47e8-89a0-2b695857555d
温州市,0000002P0000007W000000070000000X,2.5,2018/9/15,330300,bbc6cf9f-9969-4cb2-a9e4-a95aafd7d57f
湖州市,0000000C0000002Q000000030000000X,57.67,2017/11/25,330500,1a9b7b52-dfcc-4dcf-a81a-7dc202a4f0ee
杭州市,0000002U0000007X000000070000000X,4.5,2018/2/5,330100,4d9f8bff-1549-4815-9b27-fa080ff497c9
杭州市,0000000G0000003F0000000700000010,10.03,2019/2/5,330100,b289794a-6de4-48ac-9a69-f3bb56763c04
丽水市,0000001K00000031000000070000000X,3.17,2017/6/25,331100,6247916e-2176-4984-9f41-d81a260867f5
温州市,0000001200000031000000070000000X,3.67,2017/7/15,330300,bd4a0980-dbc1-4a2f-b3b8-4a7c527dc6f3
杭州市,0000000J0000003Q000000070000000X,42,2018/5/25,330100,94a5c933-3402-466d-93b2-8f5ff809a7c4
浙江省,0000000M0000003V000000070000000X,12.33,2018/6/25,330000,e3b5d3a6-bc7b-4986-bad6-1fec357d2871
丽水市,0000002200000038000000070000000X,2.76,2017/3/25,331100,936a2df9-273d-46ed-8240-aa7e9cf744ed
金华市,0000002U0000007X000000070000000X,4.17,2017/4/15,330700,1ac2188a-4505-4e7e-88ad-cfa011219db7
丽水市,0000000P0000002W000000070000000X,4.13,2017/5/5,331100,2a359fcb-3716-46fd-8a09-7d6290a41ef0
宁波市,0000000D0000002R000000030000000X,41.5,2018/9/15,330200,378281d6-4f87-4e06-a6f5-8955ae460cd6
绍兴市,0000000C0000002Q000000030000000X,57.67,2017/9/5,330600,6e8f29b6-aa98-4521-aa3e-e17b99a4a719
浙江省,0000003100000081000000130000000X,91.58,2017/7/25,330000,837e1b89-cbb9-4a27-82e2-26d42381c6ff
台州市,0000000C0000002Q000000030000000X,63.33,2018/11/15,331000,29b20641-17f5-44c2-914e-bb22133aff29
浙江省,0000000J0000003Q000000070000000X,39.95,2017/10/5,330000,94f51c58-d79e-41fa-b674-5a81fb3e28fc
杭州市,0000001700000031000000070000000X,2.53,2018/8/5,330100,839ed130-9bd5-4eb6-abe4-21be22e8d877
舟山市,0000000C0000002Q000000030000000X,50.3,2018/6/5,330900,52870394-1cae-4903-a620-1a4b8889a94d
舟山市,0000000H0000003P000000070000000X,25.67,2017/2/15,330900,e5a2baec-d465-4904-9a80-1ce4325bdb5c
金华市,0000001Z00000036000000070000000X,6.17,2017/6/25,330700,8d298d25-fbfa-4874-8f5d-9682d603484d
浙江省,0000000J0000003S000000070000000X,35.83,2018/3/5,330000,6b0eb9c7-431b-4684-8a2f-5ebf60412ff9
舟山市,0000000X0000007T000000070000000X,46.67,2018/4/15,330900,413b99a5-2590-4bd0-9184-ceb270c385bb
宁波市,0000001500000031000000070000000X,3.9,2017/5/15,330200,5a1e2b0c-cfe1-4131-bbae-4a0591b148cb
绍兴市,0000000S0000002Z000000070000000X,7.67,2017/2/5,330600,51842838-dd4f-4abd-8829-e01b1548cb0e
温州市,0000000M0000003V000000070000000X,14.33,2017/12/25,330300,61e57d15-b382-462f-8b29-244509478e74
宁波市,0000000M0000003V000000070000000X,15.83,2018/2/15,330200,8c993f52-875b-455e-b650-09bc0065b2b1
丽水市,0000001E00000031000000070000000X,2.5,2018/12/15,331100,8840aa94-05d6-40e2-b43c-40f79fc809f0
嘉兴市,0000000C0000002Q000000030000000X,66.33,2017/9/15,330400,481c5e92-c29d-487e-9185-8b4f784714ce
绍兴市,0000000X0000007T000000070000000X,56.67,2017/2/5,330600,2cfd1406-23ef-4862-8989-d8245a1ec247
杭州市,0000001200000031000000070000000X,4.17,2017/11/25,330100,b5517426-0691-483a-82b8-849914b530f9
温州市,0000000H0000003N000000070000000X,15.67,2017/7/5,330300,b86a9d93-158d-4cbf-be7c-4361b2608edc
绍兴市,0000000S0000002Z000000070000000X,8,2018/8/5,330600,088dc8f7-845e-4019-b7db-7562dd149029
宁波市,0000000H0000002T000000070000000X,15.5,2018/2/5,330200,f91f8305-20ec-4001-99d5-22e339d26044
杭州市,0000002U0000007X000000070000000X,4.27,2017/10/5,330100,df72c7af-d25f-4882-afff-770ace4d2b3e
衢州市,0000000C0000002Q000000030000000X,68,2017/8/15,330800,8b69e8bd-2136-40c6-9fff-379bb17761ae
宁波市,0000000P0000002W000000070000000X,4.6,2017/5/5,330200,3e69e39f-f325-41b9-ad21-5ddbb6f2df9e
舟山市,0000000J0000003Q000000070000000X,39.67,2017/7/25,330900,a05735e1-12d8-47ec-8365-75811cfa8928
衢州市,0000002P0000007W000000070000000X,3.06,2019/3/15,330800,f7f177d0-b6b2-48c5-a702-f537c0faa756
浙江省,0000001500000031000000070000000X,4.16,2018/4/5,330000,58bfa14f-b55d-4610-8c43-58ef2de2ddd8
绍兴市,0000000G0000003F0000000700000010,6.9,2018/5/8,330600,ed97dc7c-d8b9-4a54-95fc-36a3e63ae1d8
宁波市,0000000H0000002T000000070000000X,15,2018/3/5,330200,b9ecedeb-2ae3-4c18-a91a-b1f887d8a32b
湖州市,0000000H0000002T000000070000000X,16.33,2018/1/5,330500,2cb75f80-0bfc-4998-a4a9-d9480ed7dcdd
浙江省,0000003100000081000000130000000X,91.21,2017/3/15,330000,de5b70c2-e7da-413e-b456-32fcdbd1b677
金华市,0000000P0000003E0000000700000010,4.3,2018/7/31,330700,db7b8e75-ac0a-4d58-943f-7896f30a153a
温州市,0000003100000081000000130000000X,63,2018/7/5,330300,039d1305-a827-48cf-8982-f252d9a7d9a5
嘉兴市,0000000G0000003F0000000700000010,10.15,2018/11/27,330400,73507ccf-3476-458b-b14e-3c4450cd287b
温州市,0000002U0000007X000000070000000X,3.83,2017/2/25,330300,f6eac37b-7c2c-4134-81e2-6a5e9a3e4b65
衢州市,0000000P0000003E0000000700000010,4.7,2019/1/15,330800,28a01ad7-8485-41d4-be1a-283b77329cdf
丽水市,0000001400000031000000070000000X,4.67,2016/12/15,331100,f1babda6-4254-4366-a3da-7a40cd2e9b47
衢州市,0000001Z00000036000000070000000X,5.5,2018/2/25,330800,ce0eb5e8-2e02-4f08-9155-e1abb9c9d16f
丽水市,0000001200000031000000070000000X,5.33,2019/3/15,331100,a3674902-4a74-49e7-9e77-313346fc1f3c
浙江省,0000000D0000002R000000030000000X,44.52,2017/5/5,330000,7b306030-74a5-4d99-a386-c3075b55e5dd
宁波市,0000000H0000002T000000070000000X,15.17,2019/3/5,330200,fd816a8e-1ecf-4c9c-8e70-fceee9f0df39
浙江省,0000002200000038000000070000000X,3.05,2017/12/15,330000,7d80f8e2-dd1b-4a10-b443-c38bd36d0793
丽水市,0000000M0000003V000000070000000X,9.67,2017/5/15,331100,c569ec34-c264-43f7-9966-3aa0efe8a7e3
湖州市,0000000J0000003S000000070000000X,34,2017/1/5,330500,a68de220-0f88-4906-8d48-b09dbc874071
丽水市,0000000X0000007T000000070000000X,51,2017/2/25,331100,d35edd1d-7f1f-44e9-b879-535c5323c722
金华市,0000000S0000002Z000000070000000X,7.33,2017/4/15,330700,7daa86a2-4320-4eac-b714-3cbafa1e050b
丽水市,0000000H0000003N000000070000000X,15,2017/3/5,331100,b6347250-eb99-4bb2-bc1f-611536c8d7e7
舟山市,0000000J0000003S000000070000000X,34.33,2018/1/15,330900,20ba2334-d1ef-4b54-8ae4-c404b5b79717
湖州市,0000002U0000007X000000070000000X,3.77,2018/8/25,330500,0a484241-a91b-452b-8a34-54725b78957f
金华市,0000001Z00000036000000070000000X,5.67,2018/6/25,330700,0a6083d0-65a4-4cea-99d0-ae791e6b94fd
嘉兴市,0000000S0000002Z000000070000000X,9.67,2017/10/15,330400,8a6c281f-64df-4873-bcd9-34f0183871ab
台州市,0000001200000031000000070000000X,3.33,2017/9/25,331000,38d4f054-a38a-47db-8b9c-800c4ce86bdb
浙江省,0000000J0000003S000000070000000X,35.38,2018/9/5,330000,ecb85200-4bec-471a-8209-dc23f3fa7c96
浙江省,0000000J0000003S000000070000000X,34.8,2017/2/25,330000,a96f87e6-edd1-466a-8856-2bed1e9ff62c
绍兴市,0000000D0000002R000000030000000X,49.33,2018/11/25,330600,7c44015a-e248-4551-a493-1d43b5c852c4
嘉兴市,0000000P0000002W000000070000000X,3.8,2017/4/15,330400,73148aca-402b-44ac-897c-2d7d9e4dcbd8
丽水市,0000001E00000031000000070000000X,4.33,2018/6/5,331100,c421ca00-19e9-49d0-8f29-e96bce9298df
湖州市,0000000D0000002R000000030000000X,37.67,2017/10/25,330500,b635c724-01ec-40b8-8608-78c6d5fda908
衢州市,0000000P0000003E0000000700000010,3.85,2017/1/24,330800,722e755a-5afe-4850-9abd-94f81ff79583
浙江省,0000002200000038000000070000000X,3.23,2018/1/15,330000,5d1e2e81-e4b3-43d1-bb67-8632ca66a26f
杭州市,0000000J0000003S000000070000000X,35.5,2017/4/5,330100,b3e882b7-61c6-4c72-8b85-94a1b7fc4227
杭州市,0000002200000038000000070000000X,2.83,2017/8/15,330100,b7552d77-5175-4770-a6b7-f76a60127faa
温州市,0000000M0000003V000000070000000X,15,2018/2/15,330300,195fc7e8-7859-4a8c-885f-4daca9e157b0
温州市,0000000H0000002T000000070000000X,18.33,2018/3/15,330300,8db578df-c93e-4cae-b41f-0cbfe345b541
浙江省,0000001A00000031000000070000000X,6.1,2018/11/5,330000,6e8f24d3-46a2-46e4-b43b-d5b38223f534
宁波市,0000000C0000002Q000000030000000X,73,2019/1/25,330200,87f5a49a-a42c-4080-a13a-4df755722062
台州市,0000000G0000003F0000000700000010,6.7,2018/5/29,331000,0e2010f9-9fa7-453c-8c63-cd140b40fa2d
湖州市,0000001Z00000036000000070000000X,5.33,2017/5/5,330500,9dcd67f4-3752-407d-a5f1-b0cfb1d83bc7
绍兴市,0000000H0000003P000000070000000X,26.33,2018/10/5,330600,0f9837f1-2c60-4f8e-91f2-d68e5fa9c5b3
台州市,0000000P0000002W000000070000000X,5.67,2018/2/5,331000,1f94e860-fb30-4d12-a7af-fde65cee1013
杭州市,0000000X0000007T000000070000000X,38.33,2017/11/5,330100,50323da1-b59c-494f-a9ed-26654627bd58
温州市,0000000J0000003Q000000070000000X,47.67,2018/5/15,330300,c6fdd4bd-143d-49c6-972a-603d470637fe
浙江省,0000001700000031000000070000000X,2.99,2018/4/25,330000,56b576a9-4bd8-4fd3-913f-e647f4a61a17
嘉兴市,0000000J0000003Q000000070000000X,40.67,2017/4/25,330400,03edf654-8995-409f-b80a-8415ee072b4c
宁波市,0000000G0000003F0000000700000010,10.8,2018/1/30,330200,6f026992-bb46-4fdb-8c3d-4cac9f6b7d1c
金华市,0000000H0000003P000000070000000X,19.67,2018/8/5,330700,e6ab82a8-5d13-4ce2-8e3b-528caf8313a0
温州市,0000001500000031000000070000000X,5.33,2019/3/5,330300,869515cf-288c-4989-bb91-1ece7960792b
绍兴市,0000001400000031000000070000000X,3.83,2018/6/25,330600,f35d617d-a1a5-43dd-8973-e3978db6cd92
杭州市,0000000X0000007T000000070000000X,39.83,2017/4/25,330100,6b25b381-3b17-411b-a30e-b9967c60ae31
丽水市,0000000C0000002Q000000030000000X,70.23,2019/2/25,331100,b44cbaf5-1892-48ab-a7c1-ec1ddae14d63
台州市,0000001E00000031000000070000000X,3.33,2017/5/25,331000,3b0f3e81-6e50-48e2-8ecb-e106a31efddf
宁波市,0000000S0000002Z000000070000000X,10.67,2018/2/15,330200,3c7945cc-6fd5-4c09-b385-a820e4736368
宁波市,0000000D0000002R000000030000000X,44.43,2017/9/15,330200,2ab76e3f-b4f7-42b0-b077-81813c495b3e
绍兴市,0000002U0000007X000000070000000X,4.17,2016/12/15,330600,a82c60a8-eb42-42ea-8f7c-ecead6f01d33
浙江省,0000000J0000003S000000070000000X,36.52,2018/10/5,330000,c9f5d456-f737-4fff-95c5-1e6c57270aff
舟山市,0000000H0000003P000000070000000X,23.33,2018/6/15,330900,89e5a651-fcd7-4f57-bf17-a229afdeb2a5
嘉兴市,0000000H0000002T000000070000000X,17.33,2018/2/25,330400,3904b2cf-8104-49b2-8db6-41a675168c2d
浙江省,0000000J0000003Q000000070000000X,41.2,2018/9/5,330000,859bdb6d-ba38-485c-9140-b965cc19906d
杭州市,0000000P0000002W000000070000000X,5.3,2017/10/15,330100,ce210aaf-ce8c-4bed-8ac0-2c371d2ca4df
湖州市,0000000P0000003E0000000700000010,4.3,2017/10/31,330500,9d368d71-5224-4de7-98fb-3c6635fdbf4b
温州市,0000001700000031000000070000000X,3,2018/1/5,330300,729a3feb-1c66-4d51-8c64-a54431f0dfc4
湖州市,0000000M0000003V000000070000000X,17,2018/8/15,330500,7a00727a-3800-4479-8dd9-80e98c3448b0
舟山市,0000000X0000007T000000070000000X,45,2017/11/25,330900,2fe9c8af-fb6f-478f-9fc0-c820b5b334fe
丽水市,0000001A00000031000000070000000X,4.5,2017/9/15,331100,0bdc6ad6-2d17-4779-96f1-401c04c0a9cd
丽水市,0000001Z00000036000000070000000X,5,2018/7/15,331100,c31e68fe-1cf6-4e52-adfb-80084c3cddb9
丽水市,0000001400000031000000070000000X,3.67,2017/6/15,331100,d89787c5-e356-4120-8770-e1c3c1e16644
宁波市,0000001E00000031000000070000000X,4.3,2017/6/15,330200,2d9482ed-8048-472e-928a-5312b726be44
温州市,0000002200000038000000070000000X,3.67,2019/1/25,330300,d66a66f9-e513-4065-8c7b-f0a9ee5baa56
嘉兴市,0000000H0000002T000000070000000X,16.67,2017/6/25,330400,f7a6e61a-cbf1-43a9-989d-ac98f4d26916
湖州市,0000000P0000003E0000000700000010,3.6,2018/4/10,330500,94e1fb8e-b01b-4e8b-90fa-8e33416bde98
丽水市,0000002P0000007W000000070000000X,2.93,2018/7/15,331100,b8c744ab-b2b6-4d92-bc2f-21a77c369237
温州市,0000000P0000003E0000000700000010,2.85,2017/5/2,330300,0e63912f-0c31-46cf-8989-0bcd8469c99e
舟山市,0000000Z00000031000000070000000X,4.5,2018/1/5,330900,c154228a-1239-493a-a75f-bb681d09703a
舟山市,0000001E00000031000000070000000X,2.83,2017/4/5,330900,deeb878c-619e-4787-9227-3c955fcdff55
绍兴市,0000001200000031000000070000000X,3.33,2017/4/15,330600,cc4d7d2b-3e34-447a-a772-b0f514afee2d
嘉兴市,0000000C0000002Q000000030000000X,69.33,2018/10/25,330400,cb5fa2b7-c292-418b-808d-61c7a629346f
浙江省,0000000H0000003P000000070000000X,24.64,2018/11/5,330000,7e9068c7-9524-4845-b92b-9f373d3ecd44
金华市,0000000P0000003E0000000700000010,2.8,2017/2/28,330700,0e02e328-a25f-4a9e-85a8-dd0338841202
丽水市,0000002U0000007X000000070000000X,3.66,2018/8/15,331100,fbadb2b8-faa6-4279-8b6d-a24364445bc9
温州市,0000000H0000003P000000070000000X,24,2017/9/25,330300,ad05a79b-0f80-4ec1-acbb-60efa0c3a2d0
宁波市,0000000H0000003P000000070000000X,25.63,2018/7/5,330200,9616690b-e433-4cfb-bbfb-cf0eaf9d3e19
浙江省,0000000H0000002T000000070000000X,17.58,2018/9/25,330000,48c47af7-a751-4381-8891-b706f1202336
衢州市,0000000P0000002W000000070000000X,5,2018/8/5,330800,ee898558-a74f-4481-aa76-6456ffb303e0
台州市,0000000P0000002W000000070000000X,5.57,2018/3/5,331000,f3e37cc3-168f-4e0b-a8a7-b300b4d6b4b4
丽水市,0000000J0000003S000000070000000X,41,2019/2/15,331100,e68bd175-81bf-41ff-9de9-21cd39e82366
杭州市,0000000C0000002Q000000030000000X,63.33,2018/10/25,330100,f0cdb777-8412-41b6-b570-46d66895a411
丽水市,0000000P0000003E0000000700000010,4,2018/5/1,331100,db80c516-b538-4b60-8ac8-3b8d616032d8
嘉兴市,0000001E00000031000000070000000X,5,2017/9/15,330400,3487cf24-8402-425a-8a77-c907eded0108
金华市,0000001A00000031000000070000000X,5.5,2018/6/5,330700,c883f171-fe94-4e80-ad52-2c872526df8f
衢州市,0000001500000031000000070000000X,5,2018/11/15,330800,0c6bd1a4-755f-48b2-82d8-ea61cfb0a94f
台州市,0000000H0000003P000000070000000X,21.67,2018/4/25,331000,6e4973d0-43be-46ce-b13a-a399279ae4ac
衢州市,0000000S0000002Z000000070000000X,8.83,2017/12/15,330800,1e884990-5848-4cb9-918e-3c1159256a90
金华市,0000000G0000003F0000000700000010,11,2019/2/5,330700,76f8d6b8-3207-4fb3-9b42-ad6b21b47048
杭州市,0000000J0000003Q000000070000000X,42.1,2017/12/5,330100,6a39fc1e-87fb-420c-a9cc-9658549c67ab
金华市,0000000C0000002Q000000030000000X,69.53,2018/10/5,330700,bfe19c24-743d-4981-9cc9-1688171bc66e
绍兴市,0000000C0000002Q000000030000000X,57.67,2018/12/25,330600,57352544-0a27-4552-8e7e-ea41ba379e39
丽水市,0000001700000031000000070000000X,2.5,2017/12/5,331100,59174a32-028c-4790-872d-2c59ea3bfece
舟山市,0000000H0000003P000000070000000X,25.33,2017/10/5,330900,ad2146c9-744c-4180-b62d-5dc52f476301
绍兴市,0000000X0000007T000000070000000X,50,2019/3/5,330600,d26185a2-dc69-4c29-81e6-54b48e132b61
温州市,0000000J0000003S000000070000000X,42.67,2018/4/15,330300,623fd92a-4022-496f-b2c0-a50ee1a81935
衢州市,0000001200000031000000070000000X,3.83,2018/12/5,330800,e176eef7-9070-4e45-8b06-e56426604088
丽水市,0000000H0000003P000000070000000X,20.33,2018/2/15,331100,1d9b1295-b49d-410d-ae0f-d54c3139d286
丽水市,0000000J0000003Q000000070000000X,37.33,2017/9/15,331100,e4c52f0e-3b37-497b-8272-53bf8142c4fd
嘉兴市,0000000P0000003E0000000700000010,3.2,2017/4/25,330400,c79e2234-60e8-45bd-b5e4-003dba69362a
浙江省,0000000S0000002Z000000070000000X,9.52,2017/9/15,330000,b59c2d13-6d1a-4cd6-8702-2cac57f911fd
舟山市,0000002U0000007X000000070000000X,3.83,2018/2/5,330900,8750a5e5-0d76-4f8a-9722-29bf22e56891
绍兴市,0000001E00000031000000070000000X,4.17,2017/12/25,330600,293e1463-2ec5-48ed-abff-fc6adade1529
杭州市,0000000P0000003E0000000700000010,5,2018/10/30,330100,2c5d88ed-53d5-4a9f-84aa-cd96da944790
衢州市,0000000J0000003S000000070000000X,40,2018/2/15,330800,ead81f0b-5d17-4376-b02c-657b418a0223
舟山市,0000000P0000003E0000000700000010,5,2017/11/28,330900,f612c0d8-39e0-4523-a04e-07d5c4673a4d
浙江省,0000000C0000002Q000000030000000X,63.84,2017/12/5,330000,7beb301f-511d-4b4e-bfe4-738e1d770317
丽水市,0000000Z00000031000000070000000X,2.33,2017/3/25,331100,71b4fcbc-947c-456e-9aa4-f9ed1c999a9f
宁波市,0000000H0000003P000000070000000X,28.5,2017/2/15,330200,0fd69a8c-ea9f-42ab-aabf-36ffa1d423eb
宁波市,0000000H0000002T000000070000000X,16.33,2017/4/15,330200,c10da40b-c034-458e-b011-e89b4b505d1c
金华市,0000002200000038000000070000000X,2.93,2017/4/15,330700,f95054f2-d75c-4892-a451-96258022fbc6
嘉兴市,0000000P0000002W000000070000000X,4.87,2018/5/25,330400,b9128c86-b740-4286-8f65-e47097fe6c42
衢州市,0000000J0000003S000000070000000X,38.67,2017/1/25,330800,fdce6f64-7885-4fa3-975b-b7980d96cfa5
衢州市,0000001500000031000000070000000X,4,2017/5/5,330800,2acee60f-8c87-4d2a-95f7-ac68f3004877
湖州市,0000001500000031000000070000000X,6.17,2018/10/15,330500,08b23613-2982-44d4-9380-8a0025ddafac
嘉兴市,0000001K00000031000000070000000X,3.67,2018/7/25,330400,14f1790a-c5dc-47ae-aa6f-25eb0973c199
丽水市,0000000H0000003P000000070000000X,21,2019/1/25,331100,fcf31d0b-d464-4f26-98e0-5d1162914b51
宁波市,0000000K0000003U000000070000000X,32.83,2017/3/15,330200,317246aa-4deb-4a35-8a2e-6429bebc3aae
金华市,0000000H0000002T000000070000000X,15.33,2017/12/5,330700,d0e00edc-7890-415d-8de9-25638acbdfc3
衢州市,0000000H0000002T000000070000000X,17.33,2017/7/5,330800,8523eb7e-1d77-40cb-8624-10cc5fee1c9e
舟山市,0000001E00000031000000070000000X,2.83,2017/4/5,330900,89ff43ee-00ee-41c5-aea4-a21db615fc57
金华市,0000002P0000007W000000070000000X,3.9,2017/8/25,330700,424abf9f-bbeb-4e60-a853-966b115838fd
舟山市,0000001E00000031000000070000000X,6.5,2018/8/25,330900,808d06d6-47ae-436f-8bce-c31fafcc9310
杭州市,0000000S0000002Z000000070000000X,8.6,2018/3/5,330100,c33db1cc-7fa1-47fd-b910-4fd7fcd0fb6e
绍兴市,0000001A00000031000000070000000X,3.83,2017/9/25,330600,ad7489e8-6c36-4785-8744-2f1938a0347d
金华市,0000002U0000007X000000070000000X,4.17,2017/3/25,330700,fe2028ef-3ca1-4584-99c3-0e418b090ae2
金华市,0000000J0000003S000000070000000X,34.33,2018/1/15,330700,475f29e8-4019-4e03-a58b-9d80cfde744d
杭州市,0000000G0000003F0000000700000010,6.32,2018/3/27,330100,5e39a7f9-0513-4efd-8a5e-1df2b0c64bb4
舟山市,0000000J0000003Q000000070000000X,40.67,2016/12/15,330900,fd639802-132f-4e1e-b383-c8271dbe1fdb
衢州市,0000001700000031000000070000000X,3,2017/11/25,330800,1289cedb-4c4f-4b6b-b7ab-529acd210cb2
台州市,0000002P0000007W000000070000000X,3.45,2018/12/25,331000,4ab9c4d5-0bd2-4568-8e1c-83c7dd918b1a
嘉兴市,0000000C0000002Q000000030000000X,68,2019/2/15,330400,55d8c2f8-c1ef-45ac-b5f6-0661532344c8
嘉兴市,0000003100000081000000130000000X,79,2017/4/5,330400,06758cf8-1bbe-4902-88ba-5de7fd558f65
嘉兴市,0000001E00000031000000070000000X,5.5,2018/11/5,330400,8214aead-7ee3-42c9-8e97-1f6a61138201
浙江省,0000000Z00000031000000070000000X,3.22,2017/5/5,330000,4fcc0966-89fd-41ad-86b8-aeb50bb4ad7c
温州市,0000000H0000003N000000070000000X,16.67,2017/4/5,330300,adae7fc9-0cf0-4ef1-be2d-8607aff4c0ee
杭州市,0000000G0000003F0000000700000010,9.07,2017/7/18,330100,eca39048-7ce2-48c2-bf62-dec798a80cdb
绍兴市,0000001200000031000000070000000X,3,2018/5/15,330600,242bcf82-0816-43e8-b69d-ed89493545d6
丽水市,0000000Z00000031000000070000000X,2.17,2017/4/5,331100,59b5ae98-0f28-4d27-a7e0-141b3261bcf9
舟山市,0000002200000038000000070000000X,4.17,2017/3/25,330900,7a3d7518-2700-48b2-a9cf-8d27fd71c6e3
丽水市,0000002200000038000000070000000X,3.33,2017/6/25,331100,ec7ceed9-6279-4b4d-a38c-d3026b5b92a1
丽水市,0000000X0000007T000000070000000X,47,2018/5/25,331100,7fad7d87-bfae-4b93-85d5-8b84ae1852f6
金华市,0000002U0000007X000000070000000X,3.93,2018/11/15,330700,02168100-97c0-4b4c-8eb8-94177e23e195
温州市,0000000H0000002T000000070000000X,22,2018/11/25,330300,30944f67-290d-4914-846c-67fb2a809aa6
宁波市,0000001200000031000000070000000X,4.33,2017/12/25,330200,134372e5-ab73-4f12-838c-0ccef5b8cae2
绍兴市,0000000C0000002Q000000030000000X,57.67,2018/10/5,330600,01f5b615-1f22-4828-9028-18c6e477853d
绍兴市,0000001500000031000000070000000X,4.83,2017/3/5,330600,4a923912-fec5-4861-b34f-14c1f0be5db5
金华市,0000000H0000002T000000070000000X,14.67,2018/3/5,330700,0f5e24e5-67bc-4953-b994-44576c9bf3a2
绍兴市,0000000H0000003N000000070000000X,15.67,2019/2/5,330600,434ac100-37a9-47a9-9b23-31acc385eb27
金华市,0000000S0000002Z000000070000000X,7.17,2017/1/25,330700,8f4f9757-03de-4f6a-8910-a634aa863770
舟山市,0000001400000031000000070000000X,5.67,2017/11/25,330900,fbc3b2ab-f824-41ca-ae6e-c92802b42e0d
绍兴市,0000000S0000002Z000000070000000X,8,2017/12/25,330600,80212998-4ef3-4005-b1a4-79aef0832aab
嘉兴市,0000000S0000002Z000000070000000X,9.67,2018/3/5,330400,30dccb30-77fd-414f-9a4c-24f8b882af44
宁波市,0000000C0000002Q000000030000000X,86.33,2016/12/15,330200,7c21a248-2c12-4c41-bf5a-7b2e9750c4e5
湖州市,0000000Z00000031000000070000000X,3.67,2017/1/15,330500,15b05e08-4ac6-4f7d-b6c3-972760cad9e6
温州市,0000001500000031000000070000000X,5.67,2016/12/15,330300,7b903e63-8008-41c8-9449-9b8eaa0884cf
丽水市,0000000H0000002T000000070000000X,14.83,2017/4/5,331100,1e5c16ee-2d59-4f75-8a09-9187060bac76
金华市,0000001K00000031000000070000000X,3.5,2018/8/5,330700,cf7f8f09-2841-4e5d-af49-edb2a1c065f2
湖州市,0000000C0000002Q000000030000000X,57.67,2018/9/5,330500,015ade5c-58c1-4842-8a15-f0cbc0ae3ef6
杭州市,0000001400000031000000070000000X,5.33,2017/8/15,330100,bdaf504d-5eaa-44de-aa2e-705af10093d5
衢州市,0000000C0000002Q000000030000000X,66,2017/6/5,330800,ccafb4a4-2e83-42a5-94de-2d7a9af8ccbf
浙江省,0000000G0000003F0000000700000010,9.74,2017/12/5,330000,35b4df45-a4a0-4edc-b2fc-efaaf21672dc
湖州市,0000000J0000003Q000000070000000X,39.67,2018/6/5,330500,1f0803a4-f3e1-480a-909e-1d3734c1513e
台州市,0000000D0000002R000000030000000X,38.67,2018/12/15,331000,75e9c445-c99f-4cbd-9301-a28a77a15efb
浙江省,0000001700000031000000070000000X,2.8,2018/12/25,330000,5690fbef-24db-4b56-abfa-8800cb13928c
台州市,0000001Z00000036000000070000000X,6.33,2018/7/25,331000,0547343f-fba0-4928-a3bc-76c4197da758
金华市,0000000C0000002Q000000030000000X,68.87,2019/2/25,330700,e0d84915-6693-4ae5-9c70-f8c0df9d24f3
宁波市,0000002P0000007W000000070000000X,3.1,2017/5/25,330200,a58e979c-ac54-453a-906b-7be3e31a5a48
绍兴市,0000000Z00000031000000070000000X,6.33,2018/9/25,330600,1a70f41c-d58d-409b-9798-c0241f1c8eb7
温州市,0000001Z00000036000000070000000X,6.67,2017/8/15,330300,54776bdc-a5e7-4a9b-aa92-d1dd11c6c88e
嘉兴市,0000002200000038000000070000000X,3.27,2017/11/5,330400,940f5e7b-f66f-4c26-b8fd-69929f706b66
湖州市,0000000H0000002T000000070000000X,15.67,2019/2/25,330500,4dbfca3d-d757-4eda-8d5e-0a4c94e12fce
杭州市,0000000J0000003S000000070000000X,35.5,2017/3/25,330100,d9b38345-a79c-4764-84ce-8b1fb4cb88a2
绍兴市,0000001K00000031000000070000000X,3.17,2018/3/25,330600,75bdecfe-2b21-4e11-a697-8946b8b7db20
宁波市,0000001500000031000000070000000X,4.27,2017/8/25,330200,97918f0a-44be-40c6-a647-e73aef11be3e
金华市,0000001E00000031000000070000000X,6.67,2018/9/25,330700,df6c98bf-4d1d-4894-aff4-12384d6e1dce
宁波市,0000001200000031000000070000000X,4.1,2017/10/15,330200,777e2766-42dd-43c9-9a08-722903d2e000
湖州市,0000000H0000003N000000070000000X,15,2017/3/5,330500,38455537-6d6e-4337-a3a4-189685f7aea2
台州市,0000001700000031000000070000000X,2.5,2017/4/5,331000,0596348d-441c-4725-b87a-31d34fe7e221
温州市,0000002U0000007X000000070000000X,3.83,2016/12/15,330300,8e92ca0d-0c68-4d28-b46c-2d39cb68fbc5
金华市,0000000S0000002Z000000070000000X,7.83,2018/3/15,330700,dea3d600-9b9b-44e5-9a51-b1e9d43e92f6
宁波市,0000001400000031000000070000000X,5.37,2017/5/15,330200,685a9d68-9486-4c58-bd31-753edebb528c
浙江省,0000000H0000003P000000070000000X,24.67,2018/10/25,330000,b812f55a-40dc-4b2f-8b0c-25e248d1364f
嘉兴市,0000002U0000007X000000070000000X,4.17,2018/2/25,330400,985673c1-a741-4208-8b7e-d6e50debd843
台州市,0000002U0000007X000000070000000X,4.5,2018/6/15,331000,4d1807da-8eae-4acf-81a1-b46f499a46f9
丽水市,0000000G0000003F0000000700000010,9,2017/7/25,331100,3f7e7700-5f7b-46fc-9b29-02f9ae18d2f7
浙江省,0000003100000081000000130000000X,86.35,2018/10/15,330000,dbfea879-bf65-4fe8-b14e-f8c73da068f5
衢州市,0000001400000031000000070000000X,8.33,2019/3/15,330800,75c768e7-fc2d-4bcb-8273-739901947047
衢州市,0000000P0000003E0000000700000010,2.5,2017/7/4,330800,24650dc4-3241-4bc5-9d45-b03ad01e3580
杭州市,0000001K00000031000000070000000X,4,2018/7/25,330100,01fbe93d-ea2f-456d-a91b-aed366a2a9a0
浙江省,0000000P0000002W000000070000000X,4.34,2017/3/25,330000,74d9dac6-c10d-4140-8046-84b37deeb0d6
台州市,0000000P0000003E0000000700000010,4.55,2018/12/18,331000,13a54a78-fda3-42d5-8b44-cdfa352ce72e
绍兴市,0000000X0000007T000000070000000X,49.33,2018/5/15,330600,3b7c07c3-ff76-4147-a206-d8e3d1501fb5
丽水市,0000001200000031000000070000000X,2.5,2018/7/5,331100,96a19a97-797e-496f-9895-97af69ab4624
舟山市,0000001500000031000000070000000X,4.67,2018/5/25,330900,0eb7f129-6c04-4262-b040-1f29458dad54
衢州市,0000002U0000007X000000070000000X,5,2018/9/25,330800,c0fcbdb7-3f87-4e91-b8ec-3094ffbb5e93
台州市,0000000P0000002W000000070000000X,5.17,2017/10/15,331000,e183fe5d-571f-443b-9248-0aefff911ee7
衢州市,0000000J0000003S000000070000000X,36.33,2017/9/15,330800,c3cfd5e5-3a11-4fe9-aef6-6ba32d63d5bf
温州市,0000002P0000007W000000070000000X,2.17,2017/5/25,330300,09ccffc6-2085-42ad-a9c3-79340fdabce6
宁波市,0000000D0000002R000000030000000X,41.5,2018/10/15,330200,fb47a872-1407-4232-89db-b9600a63925f
绍兴市,0000000J0000003Q000000070000000X,43.33,2017/4/5,330600,8a70ca9c-7b3b-4555-b32b-824646a99fc7
丽水市,0000000D0000002R000000030000000X,54.6,2017/4/25,331100,cba9eef2-545a-4c3f-ba07-0d39da9657e6
杭州市,0000000D0000002R000000030000000X,46,2018/6/25,330100,d455810e-0a35-4119-a28a-5683a66d4229
湖州市,0000001A00000031000000070000000X,7.67,2017/2/15,330500,14614b2c-7b49-44dd-9d19-14456948fcdf
绍兴市,0000000Z00000031000000070000000X,5,2019/2/15,330600,b512af40-a014-4cd0-919d-f988b7ce0b08
宁波市,0000000H0000002T000000070000000X,15.83,2017/6/5,330200,e19bb5b2-201e-43df-bbd2-d34b4eca4e7e
杭州市,0000000S0000002Z000000070000000X,8.5,2017/4/15,330100,238b0755-941f-4951-981f-daf8be3504d7
温州市,0000001A00000031000000070000000X,4.5,2017/11/15,330300,495822c5-b3e7-4b4f-bf89-b48e83b4c5cc
温州市,0000000P0000002W000000070000000X,4.27,2017/8/5,330300,cd4094e4-0853-4474-b444-6b843f368f6c
嘉兴市,0000003100000081000000130000000X,79,2017/3/15,330400,4eea430a-1f46-43ee-892b-e4988071e520
舟山市,0000000H0000002T000000070000000X,15,2017/6/5,330900,ec6c4759-63c8-4f03-933c-de56401fb48b
舟山市,0000000H0000003N000000070000000X,17,2017/1/15,330900,5da14529-35df-45cc-b150-2dca327f6a63
杭州市,0000000M0000003V000000070000000X,10.33,2017/3/15,330100,e670e17d-de6b-4f85-ad67-7138fc828b32
衢州市,0000001700000031000000070000000X,2.83,2017/5/5,330800,38f71741-3b01-4b42-8b6c-eaa00a95ce88
丽水市,0000002U0000007X000000070000000X,4.66,2017/11/25,331100,d0765576-0261-4e0d-b79f-370c82e232ec
金华市,0000001A00000031000000070000000X,4.67,2018/7/15,330700,bde3bf66-9941-43f2-871d-e709d5ebaaeb
宁波市,0000000J0000003Q000000070000000X,38.33,2017/9/5,330200,6c60bb26-62d5-486c-8854-6ca56092c47d
台州市,0000000S0000002Z000000070000000X,9.33,2018/12/25,331000,0322b313-94c9-462e-9d6b-2e362ec0ae72
嘉兴市,0000001200000031000000070000000X,4,2016/12/25,330400,e5e2c185-db00-4c88-bac1-cbb6ec359347
丽水市,0000000H0000002T000000070000000X,14,2017/12/25,331100,b8aac811-90e8-4baf-9164-f81691706ea0
嘉兴市,0000001K00000031000000070000000X,4,2016/12/15,330400,e2c7969c-9cf5-4877-8109-f51da40cf307
丽水市,0000000Z00000031000000070000000X,3.67,2016/12/15,331100,e4d80b7d-7bf5-4c1a-b360-76834d7a4f6d
衢州市,0000001400000031000000070000000X,5.67,2017/5/15,330800,f6de1cf1-9705-4130-9df5-a6c91209d519
宁波市,0000002P0000007W000000070000000X,3.27,2017/9/15,330200,7269a668-8150-4e45-ba6e-3f6071f596c9
杭州市,0000000H0000003N000000070000000X,16,2017/4/15,330100,5d768956-f991-4d80-a93c-e20c75563ea1
浙江省,0000000D0000002R000000030000000X,43.38,2019/1/25,330000,cab660ec-2d27-4048-acfb-79ef189a6058
舟山市,0000002P0000007W000000070000000X,3.1,2017/4/25,330900,292a591f-dccc-4d32-a58c-1e84fd1b8ce3
绍兴市,0000000D0000002R000000030000000X,49.33,2017/8/25,330600,0d1d9280-86cc-42c1-aa15-cf63c7fe9865
衢州市,0000000X0000007T000000070000000X,25.33,2018/6/15,330800,05f0653f-93c6-4562-9887-0b85f17487b8
舟山市,0000002200000038000000070000000X,4.17,2017/5/15,330900,072ae12b-6118-4ae4-851c-24402f1d02bc
浙江省,0000001200000031000000070000000X,3.02,2017/6/15,330000,6b61a0ac-ea71-4712-a133-368c2a57d0dc
宁波市,0000001A00000031000000070000000X,4.83,2017/12/15,330200,6ac0fae5-04e3-4697-913d-5f9b74e090b4
湖州市,0000000P0000003E0000000700000010,2.4,2017/5/23,330500,d6f115a8-ca51-489c-a22e-30411db88c2b
台州市,0000000D0000002R000000030000000X,39.33,2017/4/25,331000,cfbc98cf-3a28-4289-a728-4f4a259d928e
绍兴市,0000000H0000003N000000070000000X,12.33,2018/5/15,330600,6f936f13-3eb4-49c2-ad48-b94936daf331
温州市,0000003100000081000000130000000X,63,2018/10/5,330300,dbba930f-4465-409a-b795-da3a2f902ffd
金华市,0000000H0000003P000000070000000X,20.33,2017/1/15,330700,fe297f9c-2365-4d94-ba93-dd68fb785ebf
温州市,0000002200000038000000070000000X,3.83,2017/1/25,330300,b1282e8d-c339-46c1-8ed2-85134f3f82cc
金华市,0000000P0000002W000000070000000X,5.27,2019/1/5,330700,86dee318-f864-4f18-bca0-dfced10fbd3c
嘉兴市,0000000Z00000031000000070000000X,4.17,2017/12/5,330400,300fbf46-c222-4323-a585-dd5d1660e0ad
绍兴市,0000000K0000003U000000070000000X,33,2017/1/25,330600,6eed158c-42d3-49ea-a9af-584ea23ef980
湖州市,0000002P0000007W000000070000000X,3.89,2018/8/15,330500,a2ec4b9b-51f0-4ad6-b264-53705f0f683e
绍兴市,0000001K00000031000000070000000X,3.83,2018/2/5,330600,6dd82ad7-2c10-4a72-a560-34294e316651
温州市,0000000J0000003Q000000070000000X,47.33,2017/5/5,330300,f09e3041-9635-4b35-8fe0-c56c597508a0
温州市,0000000P0000002W000000070000000X,4.33,2017/4/5,330300,5bb8b9dd-44dd-49bb-b9f5-46517503f838
金华市,0000001700000031000000070000000X,2.5,2018/4/5,330700,34ada70e-562f-4f4a-8fb3-e72cc1493d2e
温州市,0000002U0000007X000000070000000X,3.83,2017/5/5,330300,2a0f24eb-d1fe-470d-84a1-320c5e6cd572
浙江省,0000002P0000007W000000070000000X,3.12,2018/8/15,330000,09afe7de-a575-47b7-b2c8-7ed49157f434
宁波市,0000000Z00000031000000070000000X,5.37,2017/1/5,330200,c8380347-c70a-43cc-9ec0-291982c2979c
衢州市,0000001A00000031000000070000000X,5.83,2017/6/15,330800,c86fdcf4-6fc5-49e6-bcc7-0598ec562081
金华市,0000000S0000002Z000000070000000X,7.67,2018/9/25,330700,a07d4dea-e1e7-46a0-b757-585b99ef4649
浙江省,0000000S0000002Z000000070000000X,9.11,2017/12/15,330000,3db168ca-b4be-43b9-90e1-86381f02c0f0
丽水市,0000000J0000003Q000000070000000X,42.33,2017/1/25,331100,4bb2b0c8-0138-4adb-b559-3c36aebeb189
杭州市,0000000P0000003E0000000700000010,5.1,2018/9/18,330100,76acdc7e-a05b-4f1a-bbd9-631c03f94001
浙江省,0000002U0000007X000000070000000X,4.26,2017/4/15,330000,d0e6aeb1-a155-4a08-b55f-80b8c6b95e99
温州市,0000000P0000003E0000000700000010,4.78,2017/12/26,330300,d846ae34-169d-42f4-ab67-91fb900411c2
衢州市,0000000C0000002Q000000030000000X,70.67,2019/2/25,330800,cd3a57e5-f5b0-4e90-8a68-6d9438b28247
湖州市,0000001200000031000000070000000X,5.67,2017/1/25,330500,ba91b6c5-8f64-4895-89c7-72a6cd4d511f
衢州市,0000000G0000003F0000000700000010,6.9,2018/4/24,330800,85451165-e226-49f5-a464-60fc9c3cdf64
丽水市,0000000H0000002T000000070000000X,14,2017/7/5,331100,03e4e1be-3184-4a1b-bc32-8b70a2ed6c6e
衢州市,0000000G0000003F0000000700000010,10.1,2019/2/19,330800,7012450c-1746-4cb6-93ea-031c7d4c0ce2
衢州市,0000002U0000007X000000070000000X,4.5,2017/9/25,330800,79b3937d-d629-4d8c-90a5-fb0c30bbd6a9
金华市,0000000J0000003Q000000070000000X,44,2019/2/15,330700,3ff6daf2-2496-49b7-a44c-5cdee8412ce8
衢州市,0000000J0000003S000000070000000X,36.33,2017/12/25,330800,07eaf32e-d681-4f75-a53a-67a1f4444c81
宁波市,0000000X0000007T000000070000000X,39.5,2017/10/15,330200,0ec822ed-f6d3-4f1d-9222-2d19e4052dd3
台州市,0000000S0000002Z000000070000000X,9.67,2017/5/5,331000,9cd995b8-6491-4b7f-a8f7-623a65760611
杭州市,0000000G0000003F0000000700000010,9.85,2019/2/26,330100,fd5becd0-ded8-4bab-bdf5-cb680b29bcc4
宁波市,0000000J0000003S000000070000000X,30.67,2018/2/5,330200,c2969cf4-edd8-4ccc-ba83-6c0e4d64ef7e
杭州市,0000002P0000007W000000070000000X,3,2017/12/5,330100,e35eafb1-b3f6-4d47-947d-9bbd9c8a0f19
浙江省,0000000X0000007T000000070000000X,43.57,2018/2/15,330000,5c9827e7-e090-412d-964b-fbaf2de9829f
嘉兴市,0000000Z00000031000000070000000X,5.33,2017/9/5,330400,92fca50a-e1bc-4e68-adbb-ad3dd7e779cc
舟山市,0000000D0000002R000000030000000X,43.63,2017/5/25,330900,19fd7e20-bd6a-4f84-b066-56661f0b7c98
金华市,0000000H0000003P000000070000000X,17.83,2018/5/15,330700,2b5e3b63-3684-4b03-b963-ebfa818044de
舟山市,0000000X0000007T000000070000000X,45,2019/3/5,330900,1e495804-e608-4ab5-9809-1745384382be
杭州市,0000002P0000007W000000070000000X,3,2018/1/25,330100,c1ca13c0-df40-4a2c-98cb-b61a7e2ef84a
衢州市,0000000D0000002R000000030000000X,38.33,2018/2/15,330800,75e39211-48b8-4c09-ad17-b6a4ed6671a8
温州市,0000003100000081000000130000000X,63,2018/4/25,330300,07cc78b8-65e9-4876-9b1b-52fc366e835d
温州市,0000001500000031000000070000000X,4.67,2017/4/15,330300,7eb4cc90-299f-4dff-aa68-aae3a8a1a535
金华市,0000000G0000003F0000000700000010,7.2,2018/5/1,330700,d4779352-3244-44f1-9de0-ac1ed7714151
杭州市,0000000J0000003Q000000070000000X,41.83,2017/1/5,330100,5b64868d-09c7-4697-9d79-cc1775f9ab43
杭州市,0000001200000031000000070000000X,4.67,2017/3/15,330100,f5781f51-f986-4aac-80e3-f5bf014f25e9
舟山市,0000000P0000002W000000070000000X,5.33,2017/10/15,330900,585a1d67-3349-449f-9d24-40a4fe93e895
浙江省,0000002200000038000000070000000X,3.77,2019/2/15,330000,bcae0570-411e-435f-a8e8-b63dd2e55631
金华市,0000002P0000007W000000070000000X,3.9,2017/8/5,330700,d0d371cd-918d-41ae-979d-d0cb7c9632c1
宁波市,0000001Z00000036000000070000000X,6.9,2018/6/15,330200,1ca61664-b813-42cd-ac6f-ac5ef50b185f
丽水市,0000000S0000002Z000000070000000X,9.67,2017/10/5,331100,972a488e-18f9-4fa7-9247-18bf644d7507
绍兴市,0000000H0000002T000000070000000X,15.17,2018/11/25,330600,e5aef221-0712-4f69-b9a1-0b775ad6c673
浙江省,0000000P0000002W000000070000000X,4.87,2017/2/5,330000,fc92f97e-f482-431a-918e-c4df304aeb58
嘉兴市,0000002200000038000000070000000X,4.17,2018/3/25,330400,5ed05bf3-9bff-47f2-a6b3-cb2eb601c725
湖州市,0000000M0000003V000000070000000X,17,2018/6/15,330500,d7bc4896-12c0-4735-8cad-2728a14f19e1
丽水市,0000001700000031000000070000000X,2.5,2017/10/5,331100,30b54b4c-4088-4665-8211-4f974696377d
温州市,0000001E00000031000000070000000X,3.17,2017/2/25,330300,036ab649-6749-401f-bb34-a35239ca5ba7
宁波市,0000000D0000002R000000030000000X,44.43,2017/12/25,330200,b09dc1fb-6895-4026-817b-46b0a8c8fc52
金华市,0000000G0000003F0000000700000010,11.5,2017/3/7,330700,ecd97513-b47e-4abb-a3a5-57b36657bf19
浙江省,0000001K00000031000000070000000X,4.18,2017/10/25,330000,b4d1e368-c980-41bc-b6bd-5e1ada9cd747
丽水市,0000000H0000003P000000070000000X,20.33,2017/2/15,331100,b9207749-b641-4931-9eee-2c4237222f34
温州市,0000002P0000007W000000070000000X,2.33,2017/8/5,330300,e1da76d4-3211-45bb-b456-f3515a47b89f
金华市,0000001500000031000000070000000X,4.67,2019/1/15,330700,358a023b-462a-4a45-863a-f49c0997f69c
杭州市,0000001E00000031000000070000000X,7.17,2018/9/25,330100,3264e7c8-739b-4a82-82cc-ba93e4e9177c
宁波市,0000000J0000003Q000000070000000X,42.67,2018/2/15,330200,5b61e174-4cf2-4fea-8f57-68aa696a281e
温州市,0000001200000031000000070000000X,3.83,2017/5/25,330300,8ec3ebac-4db6-481b-8538-682b86d379eb
嘉兴市,0000001200000031000000070000000X,4.17,2017/12/5,330400,c3d07c8b-703f-41a8-88c3-8913fbf26697
衢州市,0000001Z00000036000000070000000X,5,2018/12/25,330800,2ef2db0a-46c7-4468-9046-72e9afb1105b
宁波市,0000000X0000007T000000070000000X,39.5,2017/12/5,330200,92dd234d-4d7d-4436-b4ed-7faa09a8d79a
金华市,0000001A00000031000000070000000X,6.33,2018/4/5,330700,b9455498-bfb2-4aa2-b307-18d1c96d4812
杭州市,0000001500000031000000070000000X,5,2018/2/15,330100,e5f78f84-e0f3-482c-8780-01fdc84931e0
舟山市,0000000D0000002R000000030000000X,44.97,2017/12/15,330900,fb69ab43-be58-4577-893e-75b1c6a616be
杭州市,0000000D0000002R000000030000000X,46.33,2016/12/25,330100,f12bda34-8bf2-4305-9ab4-368559ecf833
台州市,0000002200000038000000070000000X,2.67,2017/2/15,331000,2ebe5f85-8f5c-4c99-97ad-2475dbe2dd3d
浙江省,0000000P0000003E0000000700000010,4.04,2018/6/26,330000,2bdf2d91-4242-4a58-9c83-794a31c6ed7f
金华市,0000001700000031000000070000000X,2.67,2019/1/15,330700,baf6e2a1-4d68-4470-b64a-47b2d240409c
丽水市,0000001700000031000000070000000X,2.67,2017/3/25,331100,27d0b2a1-145a-4298-88e7-761df5153df3
温州市,0000000K0000003U000000070000000X,48,2017/9/15,330300,b9c149a1-7f54-4969-9551-f89c05a5bdce
金华市,0000000M0000003V000000070000000X,12.33,2017/6/5,330700,01a75ec4-0df6-4f60-a8eb-233bde8edc9b
嘉兴市,0000003100000081000000130000000X,79,2017/5/5,330400,6a305571-11f5-4159-aa35-a91d538344bf
嘉兴市,0000002200000038000000070000000X,3.67,2018/5/25,330400,7cebb0cf-440f-46c8-b065-3ce967a6d044
杭州市,0000000G0000003F0000000700000010,8.76,2017/6/20,330100,7a6b8c4f-1d82-4f4d-9877-d8f601ac7ae3
舟山市,0000000X0000007T000000070000000X,44,2017/7/5,330900,cd30c606-3cde-4ce4-b9e3-b65078659785
温州市,0000000Z00000031000000070000000X,4.17,2016/12/25,330300,49acfc27-8e26-4551-92fa-794934e50f0d
衢州市,0000000P0000002W000000070000000X,4.67,2018/6/5,330800,714c264b-fcc9-4aab-b113-d9deff0c3f9d
舟山市,0000000H0000003P000000070000000X,25.67,2017/2/25,330900,f2769537-b1ba-4f59-9656-54f9967d2175
台州市,0000000H0000003P000000070000000X,23,2018/4/5,331000,9a906223-5288-498d-a91c-b45b5891a9a2
丽水市,0000000M0000003V000000070000000X,10,2017/4/5,331100,e1394e42-2c31-4d79-bf85-145606a09935
杭州市,0000000H0000003P000000070000000X,20.33,2018/4/5,330100,32c52a93-7e9c-4801-bb1d-8effc422e6a9
温州市,0000000D0000002R000000030000000X,46.67,2017/12/5,330300,3e1abfdc-3f05-40ea-9a20-88e686578503
温州市,0000001K00000031000000070000000X,3,2017/5/5,330300,3eb9583a-dfaa-4ed7-ae4b-030cd0c373dd
丽水市,0000000M0000003V000000070000000X,11.33,2018/10/15,331100,3a83426a-92a3-451e-87e6-dce81274e8cb
湖州市,0000002P0000007W000000070000000X,3.89,2017/9/5,330500,a38fc8b3-d3b2-4722-9775-e40d758972a6
衢州市,0000000P0000003E0000000700000010,4.55,2017/11/7,330800,1dca913f-8453-4f77-bd9f-85e53e8534fc
金华市,0000001700000031000000070000000X,2.33,2017/12/15,330700,3ecafb8e-2350-4031-9213-20b4eae71d36
温州市,0000000D0000002R000000030000000X,50.33,2018/4/15,330300,402ca10a-bee5-4c0d-8a14-dbd977f4d926
嘉兴市,0000002U0000007X000000070000000X,3.73,2017/1/25,330400,431ce377-9d45-4a96-9212-445fc535da92
舟山市,0000000C0000002Q000000030000000X,50.3,2018/3/15,330900,1e52f100-cb5e-4654-9ae3-ac03a519f167
台州市,0000000G0000003F0000000700000010,6.5,2018/4/24,331000,e4aec5b9-d4e0-49fa-98cf-031e1055611e
嘉兴市,0000000H0000003N000000070000000X,15,2017/8/15,330400,1295b3e6-596a-4682-b2e6-176ec19178d6
湖州市,0000000D0000002R000000030000000X,36.33,2019/1/5,330500,b590fae9-4047-44b6-ac3f-6452c2a27bdc
金华市,0000000G0000003F0000000700000010,10.2,2018/1/23,330700,6227395a-580e-4f6a-970d-ac473190b356
衢州市,0000000P0000003E0000000700000010,3.95,2018/5/15,330800,46f39c1f-d707-4f73-ac66-e6d0cfec6f51
舟山市,0000001E00000031000000070000000X,4,2019/2/25,330900,32be5b48-98ed-4730-94db-7bbcd4e70df4
台州市,0000000X0000007T000000070000000X,30,2017/9/15,331000,2c676422-0667-4d95-a3d0-2b2c1f931e09
绍兴市,0000001K00000031000000070000000X,2.5,2017/5/25,330600,b3e6aace-9256-4b35-8719-d6fe603782b2
温州市,0000000J0000003Q000000070000000X,47,2018/1/25,330300,c5f0fb90-2344-4b88-9865-3713c3833043
湖州市,0000001500000031000000070000000X,4.83,2018/8/25,330500,a87c8d43-10d2-4be4-a6ef-2f1b335dc73a
丽水市,0000001700000031000000070000000X,2.67,2018/12/15,331100,81e75bd5-b631-4c81-a82e-24d2e920e5bc
温州市,0000000H0000003N000000070000000X,20.67,2018/11/25,330300,d82a4252-1281-4dda-853a-76d99207774d
金华市,0000000H0000003P000000070000000X,18.33,2018/1/5,330700,8a9bdd22-9044-444e-bd75-2561a4d6862e
金华市,0000000J0000003S000000070000000X,36.67,2018/12/15,330700,8dc66212-c5c3-4179-b2d0-26d47c4b5687
衢州市,0000000M0000003V000000070000000X,12,2018/10/15,330800,7929aa34-9a8c-4270-b5c7-3b2bc4083331
浙江省,0000001200000031000000070000000X,4.61,2018/3/25,330000,cd2f877f-d489-4002-98bb-f318a612c445
台州市,0000001K00000031000000070000000X,3.33,2018/9/25,331000,63c19f29-e30e-4304-b462-86fa6d853dac
嘉兴市,0000001E00000031000000070000000X,4,2017/11/25,330400,e1ac8a12-63b2-4c82-a12e-9dff6651dec7
温州市,0000000Z00000031000000070000000X,4.33,2019/1/15,330300,e4446eaa-18a1-4d65-b33c-6b347afe3be2
绍兴市,0000003100000081000000130000000X,66,2018/11/25,330600,38d0fc90-e0b3-4997-a663-06383c948350
浙江省,0000000J0000003Q000000070000000X,42.55,2018/10/5,330000,986af3a6-3860-4a96-8388-69a53ffc4671
杭州市,0000000Z00000031000000070000000X,5.33,2017/12/5,330100,aeb6523b-4515-48a6-a7b0-04d2d3e3eb7a
金华市,0000001400000031000000070000000X,3.83,2018/7/15,330700,f3dc7566-c3eb-4cb3-a6dd-38afd575b288
舟山市,0000001Z00000036000000070000000X,7.5,2017/1/5,330900,18683a9c-4298-4b6f-af1b-d24f8bfe87de
温州市,0000001500000031000000070000000X,5,2017/9/15,330300,6fa5dfe0-7bc7-4ab3-96be-21ce4cdf509a
浙江省,0000000H0000003N000000070000000X,15.26,2017/3/15,330000,7f9a5889-1913-491b-8b89-6b4fc6ee89cf
丽水市,0000000S0000002Z000000070000000X,9.67,2017/4/5,331100,068e85bb-d713-40d1-a11b-c1f2d375937c
湖州市,0000001500000031000000070000000X,3.83,2017/9/5,330500,5d4d6bcd-a210-44e5-be22-2ccead9c406d
绍兴市,0000000J0000003S000000070000000X,33.33,2017/4/15,330600,779cf840-8ab3-4451-9896-ce8e04a7fc76
嘉兴市,0000001400000031000000070000000X,6,2017/3/5,330400,606b705b-de95-4d3a-912b-480d5a14b324
绍兴市,0000000K0000003U000000070000000X,42.33,2019/2/25,330600,f1c6a9c3-08ee-460f-b167-de7cafe3f767
金华市,0000000H0000003P000000070000000X,20.67,2019/3/15,330700,d59db3e2-d71b-40a5-af1f-4d8b7376b7c1
嘉兴市,0000001Z00000036000000070000000X,5.67,2017/11/25,330400,e686b6e8-238c-472f-8f42-0a95ee882cd1
湖州市,0000001Z00000036000000070000000X,5.67,2017/7/25,330500,1aa23046-bf14-4271-a2e4-fcb833915332
浙江省,0000000S0000002Z000000070000000X,9.69,2017/7/5,330000,54bf9e55-5612-4aa2-b16f-fc3131c4adfe
嘉兴市,0000000S0000002Z000000070000000X,9,2018/2/5,330400,d3125df1-5d35-4873-be19-b6904cbdd657
金华市,0000000M0000003V000000070000000X,12.33,2017/8/15,330700,a8bcf76e-93e6-42a5-a995-144b376fca89
杭州市,0000001200000031000000070000000X,4.27,2018/1/5,330100,9c8fbc90-c73e-4a5b-8215-a8b1347e40dc
衢州市,0000001K00000031000000070000000X,3.83,2018/10/15,330800,06d119d8-469e-49e1-b44a-c6be5bcaaf7e
舟山市,0000000H0000002T000000070000000X,15,2017/8/25,330900,cf447245-f09e-4e6b-9c41-3ecf261450f4
舟山市,0000001A00000031000000070000000X,4.67,2018/7/15,330900,24242ba4-fe7f-4192-8857-a504d3165dd9
衢州市,0000001E00000031000000070000000X,4.33,2018/1/25,330800,c29fdb3c-40cd-482b-840f-fb336a4f953a
台州市,0000001400000031000000070000000X,5.17,2018/7/25,331000,55ac5a69-0e70-458c-b336-3cf9e3d7e7f9
舟山市,0000000P0000003E0000000700000010,5.2,2018/10/9,330900,b222c074-6204-4332-8466-9156a346f763
湖州市,0000000G0000003F0000000700000010,8,2018/3/27,330500,50fc8623-109a-47e8-b60c-2f02d209c5ad
台州市,0000001A00000031000000070000000X,4.67,2018/8/25,331000,80a80ba5-e623-4ba6-b109-97764e02bedf
衢州市,0000000H0000003P000000070000000X,20.33,2018/4/15,330800,5eac0468-8276-48e0-9138-9fc4f062c944
湖州市,0000000D0000002R000000030000000X,36.33,2018/11/5,330500,7a9f64b4-6822-441e-85c5-c411e213d84e
舟山市,0000000G0000003F0000000700000010,11.5,2018/9/4,330900,0e396182-f1fa-4947-898f-6d71dd92acb0
湖州市,0000001A00000031000000070000000X,7.33,2017/9/15,330500,65f17f1f-94d9-41b5-adc0-219e8e9f25df
温州市,0000000P0000003E0000000700000010,3.8,2017/2/7,330300,ae067cf4-4484-43aa-93b5-bc480df82485
台州市,0000001E00000031000000070000000X,5.17,2018/7/25,331000,da06183d-7936-4ca2-8ee2-405398a3b6a9
湖州市,0000000P0000002W000000070000000X,5,2017/2/15,330500,d6b0198f-d1af-4085-adc2-1d9f0916d16f
浙江省,0000002U0000007X000000070000000X,4.33,2018/12/5,330000,344a62cf-e7f1-42a6-b3dd-70c16c1b86d1
丽水市,0000000M0000003V000000070000000X,11,2018/5/15,331100,294cbb3e-102e-499c-abe8-c5bad607098b
湖州市,0000000H0000003N000000070000000X,15.67,2018/10/5,330500,f3aaa989-3469-468f-bb33-b6d14dfb3239
湖州市,0000001400000031000000070000000X,5.33,2018/9/25,330500,38437f43-2ffa-4502-b83e-43655190a2c0
绍兴市,0000001Z00000036000000070000000X,3.83,2017/4/15,330600,69888bfe-430b-43b3-abd3-a7cbca441f2b
丽水市,0000001Z00000036000000070000000X,5.66,2017/10/25,331100,1a02efec-b4d7-4b85-aec4-390c73ef58a1
湖州市,0000000H0000003P000000070000000X,18.67,2018/1/15,330500,0d4fad94-da5f-4183-8787-63b2f04b634e
宁波市,0000001E00000031000000070000000X,5.33,2017/9/25,330200,09b24e0b-0d44-4c13-b6d9-4c1f6cccb6eb
金华市,0000002U0000007X000000070000000X,4,2018/3/25,330700,b1a1143b-44da-4247-8914-5a0f486b1162
温州市,0000000P0000002W000000070000000X,5.7,2017/9/15,330300,bc228bcc-045c-4fe8-98a4-91e8601b5f68
嘉兴市,0000000J0000003Q000000070000000X,40.67,2017/3/15,330400,786c7909-6f17-4fbc-8ee0-5474b65e032b
舟山市,0000001Z00000036000000070000000X,7.67,2018/2/15,330900,aaf54d20-281e-4f2d-ae42-a8acca33e6aa
温州市,0000000K0000003U000000070000000X,50,2018/11/5,330300,4cc6a699-c811-407b-95b0-6bd42d314442
浙江省,0000001Z00000036000000070000000X,5.86,2018/5/25,330000,a6bfaae8-8710-49cf-bd5c-fff71b33fc15
舟山市,0000002U0000007X000000070000000X,4.33,2018/7/5,330900,92dac005-f7fb-4ca3-80b9-de9824fce002
绍兴市,0000001200000031000000070000000X,3.67,2018/12/5,330600,80bfc40e-71e1-4f80-af0e-13a1b88a0df1
宁波市,0000001Z00000036000000070000000X,6.5,2017/7/25,330200,4567433a-c7d0-45e9-9031-3c477d21eec9
湖州市,0000000H0000003P000000070000000X,19.33,2018/11/15,330500,93be6a44-775a-4f48-a231-d7343d1588d0
金华市,0000000D0000002R000000030000000X,40.17,2018/7/5,330700,de23f41d-0513-406b-9a7d-3383be5dc645
浙江省,0000000P0000003E0000000700000010,4.85,2017/8/22,330000,bf224ed2-c7b4-4245-8f1a-cc2949549ea8
舟山市,0000001700000031000000070000000X,2.67,2018/10/25,330900,f78eddcd-3352-4e6a-8ef4-a684d789aa55
湖州市,0000001200000031000000070000000X,4.17,2017/8/5,330500,45ab6369-3045-407b-ac50-2a3c0a41b9ea
宁波市,0000001700000031000000070000000X,3.23,2018/7/5,330200,50aebc11-dadf-4d75-9ae1-4fd4f3eed041
金华市,0000000C0000002Q000000030000000X,68.17,2017/4/15,330700,c5852bda-d8fd-4704-b14a-e0ca8d6c47a5
绍兴市,0000000Z00000031000000070000000X,4.33,2017/7/15,330600,4042ae2d-300a-409f-9882-4e0739f8ca9c
浙江省,0000000M0000003V000000070000000X,12.66,2018/1/25,330000,5c0d3d36-9255-488c-832c-072549e442fc
嘉兴市,0000001200000031000000070000000X,4.33,2017/10/25,330400,4d419175-e243-4fab-aca8-82281c97d5d0
金华市,0000000D0000002R000000030000000X,42,2019/3/15,330700,a511c6c6-757d-4a1b-8026-8564f1c20865
浙江省,0000000P0000002W000000070000000X,4.25,2017/4/25,330000,d96c7a24-d76f-47e3-b7d7-279a204a8041
宁波市,0000001E00000031000000070000000X,7.5,2018/9/15,330200,30420e5b-c244-4fee-83d6-7e26b536f81f
丽水市,0000001700000031000000070000000X,2.83,2017/4/25,331100,fdc2a200-c302-40b3-909e-a4cb93c1b91a
舟山市,0000001500000031000000070000000X,5.33,2017/9/5,330900,ac231f74-b777-4108-a1bb-83e5ab684f6e
杭州市,0000001A00000031000000070000000X,5.83,2018/10/5,330100,b60acdbe-c264-44b9-9465-017cf987642a
金华市,0000001400000031000000070000000X,6.67,2018/2/5,330700,54861bd3-17f5-41a2-a548-ca3b01b6bf0e
杭州市,0000002200000038000000070000000X,3.67,2019/2/5,330100,eb4fb2d5-2933-4f30-bd36-59bf6b5e633e
宁波市,0000001Z00000036000000070000000X,6.5,2017/6/25,330200,ce02609e-1365-4d57-81d5-3f5511630654
嘉兴市,0000001200000031000000070000000X,3,2017/6/15,330400,3e6081b9-44f7-4a81-9764-a6efd0eda182
浙江省,0000000G0000003F0000000700000010,9.14,2017/6/27,330000,59c5bbae-0fb9-4d39-893f-427f95a93d24
浙江省,0000000H0000003N000000070000000X,15.15,2018/12/15,330000,bb3e21c4-765c-4a6c-9c1a-7f610acc54ae
湖州市,0000000K0000003U000000070000000X,0,2018/10/15,330500,743807f9-5906-4bf3-8b9b-e8590eebeb80
杭州市,0000001400000031000000070000000X,6.83,2018/6/25,330100,af42029f-813b-4097-9e6d-52f04642d63d
金华市,0000000H0000003N000000070000000X,14,2017/5/5,330700,305b1120-ab56-4dd3-bbfd-20ffbf6e8e06
台州市,0000000M0000003V000000070000000X,10.67,2018/1/15,331000,ee097360-5fed-4fa5-9e71-c42c0d311b7c
金华市,0000001500000031000000070000000X,3.5,2018/1/5,330700,435c9829-47db-4080-a01e-569415a97c72
舟山市,0000000P0000003E0000000700000010,4.5,2018/5/8,330900,cfe2d875-284b-4007-a1b3-aae68adf2e44
金华市,0000001Z00000036000000070000000X,5.5,2018/5/15,330700,284539a7-9a80-4967-9b2a-66a1a500829e
绍兴市,0000000Z00000031000000070000000X,5.17,2017/9/25,330600,14dc1d65-116d-4cff-b3f4-9bf1008dfc32
浙江省,0000000M0000003V000000070000000X,12.22,2016/12/25,330000,db4eacef-2620-4898-86ef-f016c6f4df24
浙江省,0000001200000031000000070000000X,4.64,2018/3/15,330000,28dd6634-94ff-461f-9c63-5c96da6b3ec4
杭州市,0000001A00000031000000070000000X,6.5,2019/2/15,330100,b4f856b5-9a9a-4673-9cab-be6cddd629c4
嘉兴市,0000000P0000003E0000000700000010,5,2018/12/18,330400,eed07689-8249-4b83-8bda-b13e68432ca4
丽水市,0000001700000031000000070000000X,3,2017/4/15,331100,80942f42-641f-4e5f-b2f5-2a10a6d66c83
衢州市,0000000J0000003S000000070000000X,35.67,2018/8/15,330800,947da568-a559-4d2b-a20d-27fe88ade446
衢州市,0000001Z00000036000000070000000X,4.83,2017/7/25,330800,6a005073-0e75-48ca-857c-372098764050
浙江省,0000000P0000002W000000070000000X,5.26,2019/3/15,330000,5c598ae7-a445-47b3-9c7b-ea5835229c99
浙江省,0000001K00000031000000070000000X,2.95,2017/3/5,330000,14d699cc-9e2b-4f4c-b663-54ae4a24e66d
宁波市,0000000G0000003F0000000700000010,8.4,2018/3/13,330200,59387a77-5faa-43ed-b0ee-986f309ab4ca
浙江省,0000003100000081000000130000000X,90.89,2016/12/25,330000,aa4de090-275d-46cb-8aad-70982f440444
嘉兴市,0000001200000031000000070000000X,4,2017/3/25,330400,85e4d7b3-443c-47b7-ae8a-a1c810751f9f
台州市,0000001200000031000000070000000X,4,2017/10/15,331000,2ca9f0b4-be2b-4441-b375-69724bd2585d
浙江省,0000000Z00000031000000070000000X,5.4,2017/9/5,330000,49dd3ff2-a179-40e8-ae89-b747e40569d7
嘉兴市,0000001A00000031000000070000000X,4.83,2017/5/15,330400,2aa20153-fb6c-4156-99f7-1618212b6521
绍兴市,0000002P0000007W000000070000000X,2.33,2017/6/5,330600,41031cf3-0556-4852-ad9f-a620c762e51f
金华市,0000000D0000002R000000030000000X,40.17,2018/3/15,330700,52db615a-7e4d-4dcc-8a6d-e6ddde67a8c4
衢州市,0000000J0000003Q000000070000000X,38,2018/7/25,330800,3e327b90-cce3-428e-be0a-4181e1dfd47a
温州市,0000000H0000003N000000070000000X,15,2018/4/25,330300,209f59e2-3798-400f-bac3-fdec1722e953
衢州市,0000001K00000031000000070000000X,2.83,2017/12/25,330800,98b98e4e-bcee-468f-8dbe-bfb705329eb1
舟山市,0000000H0000003N000000070000000X,14.67,2018/9/15,330900,3ff147ea-064b-411e-afad-b0e6571a266c
杭州市,0000002200000038000000070000000X,2.67,2017/10/5,330100,ab05f4bd-07b5-4759-86eb-0f0db8bef87e
衢州市,0000000H0000002T000000070000000X,20.33,2018/9/5,330800,9ca06e64-8dc8-4d8c-9bb6-ea406ff8518f
温州市,0000000H0000002T000000070000000X,17.33,2017/2/25,330300,b1fca4c1-085e-4509-b9b0-a5a7ca1d9f52
嘉兴市,0000000S0000002Z000000070000000X,8.67,2018/11/25,330400,cb4b79d3-4047-4c26-8430-46be42412266
宁波市,0000000M0000003V000000070000000X,14.77,2018/5/5,330200,eb55e36a-e917-4c5b-a477-c1a53f16e290
浙江省,0000001A00000031000000070000000X,5.03,2017/5/5,330000,f8bd524d-87da-41f6-8bdb-5c722e8993f6
宁波市,0000001700000031000000070000000X,3.63,2017/4/15,330200,39bb11dc-b359-47dc-a8b6-7e2ade5e5c67
绍兴市,0000000H0000003P000000070000000X,25.33,2017/3/25,330600,b3129621-953c-4099-9514-50b8c351309c
湖州市,0000000J0000003S000000070000000X,34,2017/7/25,330500,ebf1efab-1ada-4c18-8ee2-3d4013d4606d
舟山市,0000000H0000003N000000070000000X,14,2019/1/25,330900,fc7baa22-9114-4c84-9647-47407d33ab2e
浙江省,0000001A00000031000000070000000X,4.88,2018/7/15,330000,300f3b9d-c0cf-4e8f-ab64-7247f28430fa
宁波市,0000001400000031000000070000000X,6.6,2018/5/5,330200,0b4993e8-2042-4577-90b9-667f6e45ab95
衢州市,0000000P0000003E0000000700000010,4.2,2017/10/3,330800,2fe9916b-b856-4908-9a3b-388bfb734317
杭州市,0000001K00000031000000070000000X,3.1,2017/4/15,330100,a42de259-9157-4d80-89a0-3ffc20a9ae2d
浙江省,0000002U0000007X000000070000000X,4.29,2018/6/15,330000,82c240aa-cb4f-4bbf-9f00-23bf2af5e372
浙江省,0000000K0000003U000000070000000X,37.06,2018/3/5,330000,7087b398-79dc-4e5a-b08a-87c0903fb5ec
衢州市,0000000M0000003V000000070000000X,10.5,2018/6/25,330800,337b15e0-da83-477d-b93c-8b0c9fcd6b1b
丽水市,0000002U0000007X000000070000000X,4.66,2018/1/15,331100,6a468a06-a49e-4a83-a297-2f07f240fa6d
浙江省,0000001500000031000000070000000X,4.16,2017/8/5,330000,6a01c734-1ca7-427d-9b9c-61986b675c81
绍兴市,0000000G0000003F0000000700000010,11.45,2017/2/21,330600,6bc4ca25-b862-491a-a612-bb815989ba88
台州市,0000001500000031000000070000000X,4.33,2017/9/5,331000,a7db4054-98c0-49df-8958-fb85e2c0c941
舟山市,0000000G0000003F0000000700000010,10.8,2017/5/9,330900,8b5e72c3-d676-4bed-9d36-3918a5fc1c67
浙江省,0000001K00000031000000070000000X,3.61,2018/1/25,330000,05e86acb-b56c-4196-b25f-456710640d97
衢州市,0000003100000081000000130000000X,86.27,2018/6/15,330800,897bf092-7e81-4a9e-acff-a4edc46e4420
温州市,0000000G0000003F0000000700000010,10.07,2017/3/14,330300,51860d30-c4e4-4cbc-824a-503954881ab8
温州市,0000002U0000007X000000070000000X,4.67,2018/10/25,330300,66179cdc-8b5b-4b55-87df-46fb664ab1a2
浙江省,0000000M0000003V000000070000000X,12.23,2017/4/25,330000,e6f27a8a-d592-4c99-a751-7fbcf9a91b8b
浙江省,0000000P0000003E0000000700000010,3.27,2017/7/18,330000,a55d0791-19e0-4e02-8781-e59fe9e482fa
衢州市,0000000M0000003V000000070000000X,12,2018/9/25,330800,8d176c77-b14b-437a-8da2-4fa5dc48c5c3
嘉兴市,0000000P0000002W000000070000000X,5.33,2019/2/5,330400,42ee2de0-1422-40b1-ba6a-6ca323d08246
台州市,0000001400000031000000070000000X,6.33,2018/10/5,331000,4b39b505-f0d3-46f0-9ec9-2214cab83c9d
绍兴市,0000003100000081000000130000000X,66,2019/1/25,330600,db7c8f4d-7c86-481e-8bb4-722a7313d01d
浙江省,0000000H0000003P000000070000000X,24.62,2018/11/15,330000,9c0ca8a9-013a-4f90-926f-daec12e66f49
金华市,0000000S0000002Z000000070000000X,7.33,2017/4/5,330700,de19f2bc-2dd6-42d2-a814-fb46d13e2f0a
宁波市,0000000P0000002W000000070000000X,5.7,2018/6/25,330200,7af98bef-47b7-47e6-9106-e07904302b02
湖州市,0000002P0000007W000000070000000X,3.89,2017/2/15,330500,b525ac2e-7d19-425f-8cce-f02e83ed2adf
金华市,0000000H0000003P000000070000000X,19.33,2018/2/15,330700,53380dc0-9ce5-47eb-a383-9dca440dc337
温州市,0000001A00000031000000070000000X,6,2018/11/25,330300,4bd230e5-751d-49e1-872b-f904c492d0e1
嘉兴市,0000000J0000003Q000000070000000X,42,2019/2/25,330400,66ec01d5-f7bc-4a93-8d45-e9b7be928a9a
宁波市,0000000C0000002Q000000030000000X,81.67,2017/3/25,330200,4fe9b75f-993f-44a2-9191-ea7fc9cb44a5
湖州市,0000002200000038000000070000000X,4.33,2017/9/25,330500,5460a4eb-d5ad-459b-82ea-565cd38ef17b
温州市,0000000J0000003S000000070000000X,43.67,2018/2/15,330300,5e33bb03-eab6-43a8-bae6-0f79533e35ff
台州市,0000000J0000003S000000070000000X,34.33,2017/12/15,331000,99319ba5-b0fa-45a2-b729-97f0fbe66e54
嘉兴市,0000000C0000002Q000000030000000X,66.33,2017/12/25,330400,f93fb76f-2d56-474a-8f5d-75216fe5d73a
浙江省,0000001K00000031000000070000000X,3.4,2018/6/15,330000,76d1f003-78d8-48fc-b36f-fcdf296d2b23
湖州市,0000000D0000002R000000030000000X,37.67,2017/10/5,330500,98e80f67-6b4a-4930-894d-4eeb2ea0be4d
嘉兴市,0000000X0000007T000000070000000X,32.33,2018/6/15,330400,75e41e2f-2988-404e-b549-47a3916ac563
衢州市,0000001700000031000000070000000X,2.67,2017/10/5,330800,39becaab-37f4-442f-a7b1-74af2f6334b5
台州市,0000001E00000031000000070000000X,3.33,2017/10/5,331000,d285a7b9-5607-4031-856d-87ecd9bc358a
温州市,0000000S0000002Z000000070000000X,9.33,2017/4/25,330300,909e3b46-5d49-4706-9929-64a395cff28c
绍兴市,0000000G0000003F0000000700000010,13.1,2018/10/2,330600,77172d6a-5ab8-4698-b157-1040f1d28780
温州市,0000000J0000003S000000070000000X,41,2018/5/15,330300,95b7650b-4f9d-4c9c-b4cc-a470a70f6bee
浙江省,0000001200000031000000070000000X,4.16,2017/3/15,330000,bc2dfb3f-cd22-42d6-b31c-3e33c7123141
金华市,0000000D0000002R000000030000000X,42,2017/8/15,330700,88a6bc84-7862-4269-af6d-bdaaba205a40
衢州市,0000003100000081000000130000000X,77.67,2017/3/15,330800,9c6cd769-bab6-4a16-8ae6-4fe1b371df77
温州市,0000001200000031000000070000000X,5,2018/2/5,330300,edd95b99-69c2-4246-bf12-cd98890d3dbc
浙江省,0000000K0000003U000000070000000X,35.73,2018/5/25,330000,2d74ec7f-4ef4-4beb-9d4e-894eb0204600
嘉兴市,0000001700000031000000070000000X,3.33,2017/4/15,330400,3d348548-c3ae-4980-9e1c-29a6aa987173
台州市,0000001Z00000036000000070000000X,5.83,2017/1/5,331000,c4c45ed7-30d5-43ab-9c55-8b8b6e8c8a17
丽水市,0000001K00000031000000070000000X,3.83,2017/1/25,331100,4955db1d-e16d-4296-8463-b57d2824127b
杭州市,0000000X0000007T000000070000000X,39.33,2018/4/15,330100,c848e24a-0150-4eea-9f43-d24d9a917cea
衢州市,0000000M0000003V000000070000000X,11.33,2018/6/15,330800,40eba54e-53f9-4e53-84c4-ced062726d4b
台州市,0000001Z00000036000000070000000X,6.33,2018/6/5,331000,30b39844-16a1-4c88-8105-5bb163248938
舟山市,0000001Z00000036000000070000000X,7.5,2017/6/15,330900,1bf9fec1-966e-470e-8b0b-c00a60e0aae6
嘉兴市,0000002P0000007W000000070000000X,3.2,2017/2/15,330400,0002487a-e9f9-4c3e-ac91-838e86d28310
杭州市,0000000K0000003U000000070000000X,34.67,2018/2/5,330100,a65bd6b3-fbed-4881-87e6-9b3aa19457f3
舟山市,0000000S0000002Z000000070000000X,11.67,2018/12/5,330900,39f53296-40b0-4161-9c62-9df8304e8168
绍兴市,0000000P0000002W000000070000000X,5.5,2017/10/25,330600,b3344eef-6c72-4f6b-bc25-6859e0d86ef3
温州市,0000000J0000003Q000000070000000X,46.33,2017/6/25,330300,27e1d3d8-5477-483d-98fb-46ebef58a038
绍兴市,0000001E00000031000000070000000X,4.5,2018/6/25,330600,16af8446-2517-469e-a03d-ef3eaec6b981
温州市,0000002200000038000000070000000X,3.67,2019/2/15,330300,ad6456a3-a573-47b5-86be-8b65121be969
绍兴市,0000000J0000003Q000000070000000X,38.33,2017/7/25,330600,50e2bdc3-0d86-4040-9b27-119be396ec24
舟山市,0000002P0000007W000000070000000X,3.1,2017/10/5,330900,68bb4bac-7d7b-43df-9065-742f0130a628
嘉兴市,0000000H0000003P000000070000000X,22.33,2018/8/5,330400,b79da0f3-5999-4968-8bd1-c04effdff574
舟山市,0000000G0000003F0000000700000010,11.6,2017/3/14,330900,35aa71e7-be9a-4a2c-a6ce-2c1515499709
金华市,0000001200000031000000070000000X,3.5,2018/10/15,330700,fa38e6df-538e-4667-96e8-cd84a216d429
台州市,0000001Z00000036000000070000000X,6.33,2018/6/25,331000,c7741097-d4e7-401a-92e0-066171027468
湖州市,0000000H0000003P000000070000000X,18.67,2019/2/15,330500,7438ced1-4519-4d29-9593-0ec6be18b76a
嘉兴市,0000000P0000002W000000070000000X,5.23,2017/11/25,330400,ecfcb5e2-196a-4267-8bff-b653f5253767
浙江省,0000001700000031000000070000000X,2.75,2018/9/5,330000,c654bcc6-f6e2-43f1-9a35-5d294d3c6845
宁波市,0000001700000031000000070000000X,3.33,2018/12/15,330200,34261032-ca47-416f-b7de-a7318cbeb3f3
金华市,0000000G0000003F0000000700000010,9.2,2017/8/1,330700,7958dce2-c392-480c-9a5e-9b86be2968d5
浙江省,0000000G0000003F0000000700000010,9.67,2017/9/26,330000,82490cf8-b049-48c7-8f8d-020a636b181d
浙江省,0000001200000031000000070000000X,4.31,2018/4/15,330000,3bae0ab9-0f1a-48bf-ab13-c74b86d7036e
丽水市,0000001E00000031000000070000000X,3.17,2017/6/5,331100,be679d12-30b0-41ed-8df5-330202074e0b
嘉兴市,0000000C0000002Q000000030000000X,65.67,2018/5/15,330400,0e90a31c-dfa5-461b-a42b-0611fde54302
浙江省,0000000C0000002Q000000030000000X,63.46,2018/2/5,330000,c41f26eb-f7f5-4c51-92fe-fda2770fba4d
绍兴市,0000001E00000031000000070000000X,2.83,2017/2/25,330600,cc34a3b9-26fe-4be7-9a05-2a4ed6682ba4
浙江省,0000000X0000007T000000070000000X,35.2,2018/11/15,330000,3f23533a-ed70-47d6-839a-3549d03e7b72
绍兴市,0000001K00000031000000070000000X,3,2017/12/5,330600,1945e6ca-afe7-4d9c-9af5-7846197245ff
湖州市,0000002200000038000000070000000X,4,2018/1/15,330500,c138ea2f-ec0d-42b9-933f-d905013cec27
嘉兴市,0000000C0000002Q000000030000000X,68.33,2018/4/5,330400,d8f6be67-3d1e-41f2-8013-66d57e834374
丽水市,0000000D0000002R000000030000000X,54.6,2018/6/5,331100,df0b59cf-e029-4d89-b7a4-e54e2c048631
浙江省,0000000S0000002Z000000070000000X,9.33,2017/11/15,330000,46bdda90-15b6-443b-80a0-f044843ed048
台州市,0000000H0000003P000000070000000X,23.83,2018/7/25,331000,82203ffb-a226-4d0d-96db-389cbd479516
丽水市,0000000M0000003V000000070000000X,11.33,2017/12/15,331100,65659197-4b6e-4aab-981e-96f5946cd255
绍兴市,0000001500000031000000070000000X,4,2017/10/25,330600,6abb1cdd-7f4a-4dc4-8940-483574a8c9ba
台州市,0000000P0000003E0000000700000010,4.9,2018/9/4,331000,a6712524-965b-4ae8-90d4-2871d60f4adc
宁波市,0000000K0000003U000000070000000X,34,2018/1/5,330200,f1bf188a-98ab-4790-9047-50dcf200a0fc
丽水市,0000001E00000031000000070000000X,3.67,2018/5/25,331100,5742ab24-1616-4cc9-9fc4-8ae107025341
嘉兴市,0000001400000031000000070000000X,4.17,2018/12/5,330400,f7b58b6f-0f8a-4ea6-9b17-c71c8d7e967a
金华市,0000002200000038000000070000000X,2.83,2017/8/15,330700,8d4a4fb7-1799-4a6e-87f5-ff86bbad2a72
衢州市,0000001A00000031000000070000000X,6.17,2018/11/5,330800,57b97348-6750-4066-9b13-3c35051c83d3
温州市,0000000C0000002Q000000030000000X,60,2017/3/15,330300,aa512f29-97ed-46fb-b170-da9e90227d3f
衢州市,0000003100000081000000130000000X,77.67,2017/7/25,330800,c875d821-3835-4414-b553-3530ed63d7a1
杭州市,0000002U0000007X000000070000000X,4.27,2017/11/5,330100,41926264-2698-4832-979d-5ea8d9d64b20
湖州市,0000001K00000031000000070000000X,3.5,2017/6/25,330500,24e16d30-2615-4864-ab85-cb4139d6546c
绍兴市,0000001K00000031000000070000000X,3.67,2017/9/15,330600,970ec802-0130-4fce-9519-b07f2a77e528
杭州市,0000001200000031000000070000000X,4.5,2017/1/25,330100,024a7ac9-838d-421e-9c49-0d859f7b7640
舟山市,0000000H0000003P000000070000000X,25,2018/9/5,330900,f7e4e57e-9f3a-4bcf-bf2a-a6e0abae3c6a
金华市,0000000H0000002T000000070000000X,16.33,2018/11/25,330700,3b524676-bb25-4f8b-99b5-0ce0dba36068
绍兴市,0000000S0000002Z000000070000000X,8,2018/8/25,330600,7eb9eeee-d9ee-429c-b02a-1c13fc7632b8
宁波市,0000001400000031000000070000000X,5.27,2017/5/25,330200,b88d5d2b-7ec3-473b-8b7d-4832c5c8d753
温州市,0000000C0000002Q000000030000000X,60,2018/1/5,330300,5869daa4-ba3e-4f2a-9372-61a744a5ad76
丽水市,0000000K0000003U000000070000000X,32.67,2017/3/25,331100,ed3c8356-9560-44f4-b47c-aea3ec37fe11
丽水市,0000000X0000007T000000070000000X,60,2018/2/15,331100,b9a33854-d8cc-4a2a-83d3-c6f3a39bdc56
浙江省,0000000P0000002W000000070000000X,3.99,2017/6/15,330000,9f4fba55-6278-4028-9871-d435437d7630
浙江省,0000000H0000003P000000070000000X,25.64,2018/10/5,330000,db2fdee3-cced-4395-9599-f831d80252f3
浙江省,0000000P0000002W000000070000000X,4.21,2017/7/15,330000,9ebc0dd8-8886-4a64-9479-c748698438a5
绍兴市,0000000H0000003N000000070000000X,13.5,2017/6/15,330600,24a0e01c-a14a-4fab-b29a-11d52f7dfb5c
温州市,0000001700000031000000070000000X,3,2017/4/15,330300,904c90a1-d003-4e2f-afcd-7aadf49d027a
浙江省,0000001Z00000036000000070000000X,6.1,2017/9/25,330000,a59ffa95-9e62-4fcf-adf6-3135d73fe816
台州市,0000001Z00000036000000070000000X,6.33,2018/5/25,331000,c6b0451a-e5cb-4790-b371-a896021df833
杭州市,0000000H0000002T000000070000000X,17,2017/11/25,330100,9fea0320-66ec-408f-97ee-d6995d30aabc
台州市,0000001700000031000000070000000X,2.17,2016/12/15,331000,02b70b8f-702e-45fa-8530-c7a2b65e7bb7
嘉兴市,0000001K00000031000000070000000X,3,2018/5/5,330400,e36f96c2-68fc-48d5-8e2e-688486c09ddb
温州市,0000001400000031000000070000000X,8.67,2019/1/25,330300,d71653df-e52c-4426-a317-474a05246258
杭州市,0000001E00000031000000070000000X,5.33,2018/4/25,330100,a223fe94-6b4e-40cb-9785-c32aafd2971f
绍兴市,0000001E00000031000000070000000X,5.67,2018/4/15,330600,1275a2c7-10d3-488b-8db5-075d417af679
金华市,0000000H0000002T000000070000000X,15.67,2016/12/25,330700,10f4c6ce-c65d-40e3-85ff-f8c226b31371
温州市,0000000P0000002W000000070000000X,5.93,2019/1/25,330300,72ee2afa-3efb-43ff-bb5b-7e320e84b7d5
金华市,0000000Z00000031000000070000000X,3.83,2018/11/5,330700,286e2b05-fe40-4a24-903d-6a8b5d0b9572
温州市,0000001200000031000000070000000X,4.83,2017/9/15,330300,d21ad65c-c3b2-4fa2-8e04-b9dfc3cb2984
杭州市,0000000J0000003S000000070000000X,35.67,2017/2/15,330100,81ed5dd2-ab1c-41a0-ab07-6e821fd0babe
嘉兴市,0000000Z00000031000000070000000X,5,2017/11/5,330400,e987b740-fcf2-4358-b857-516bb0e16a2c
杭州市,0000000K0000003U000000070000000X,35,2017/11/15,330100,ff31ec2a-4812-42f2-bc1a-892f1fdd9dae
温州市,0000001700000031000000070000000X,3.17,2018/5/25,330300,586bd42d-f99f-46ee-9e4e-1464d41004eb
舟山市,0000001500000031000000070000000X,5.67,2017/2/5,330900,75027260-0228-470c-8e3e-bbefd8c588ca
绍兴市,0000002P0000007W000000070000000X,2.33,2019/1/15,330600,b712711f-e0ef-4d02-ae17-34299acbe276
金华市,0000000J0000003S000000070000000X,34.33,2017/9/15,330700,22b7d979-ac66-4293-babc-90b47206dd41
衢州市,0000003100000081000000130000000X,77.67,2017/3/5,330800,00f591ba-b3fc-4972-b857-a56729c2e24f
衢州市,0000001700000031000000070000000X,2.67,2017/9/15,330800,6cbab996-654e-4b85-b176-62741fbd713f
金华市,0000001E00000031000000070000000X,5,2018/7/5,330700,fbb97ea5-9717-4a43-b40c-734f8e15704d
温州市,0000000M0000003V000000070000000X,15.33,2018/10/25,330300,bc7b6dce-61f8-4905-a972-dd24285f094e
丽水市,0000000P0000003E0000000700000010,2.8,2017/3/14,331100,0ff6ee2c-4f96-48f8-a3bd-5a7a114696ff
台州市,0000002200000038000000070000000X,2.67,2017/2/5,331000,94157639-ffc1-4099-af68-bcfc73a0bfcf
宁波市,0000000J0000003S000000070000000X,30.33,2017/6/15,330200,f5aa0416-2100-49a6-99f2-b699720e6f0f
丽水市,0000000K0000003U000000070000000X,33.67,2017/11/25,331100,e296e4ba-1f76-4a55-b573-61766b321129
衢州市,0000000C0000002Q000000030000000X,68.33,2018/4/15,330800,9a30c112-6827-41da-a1cb-b2a47e4b88ca
温州市,0000000M0000003V000000070000000X,14.67,2019/1/25,330300,1048da94-df7e-4982-82b8-4e798f3ee0c6
宁波市,0000002U0000007X000000070000000X,4.7,2017/12/25,330200,a2536ce6-44cb-4ffe-bc4d-1adf98b4c0f2
杭州市,0000000P0000003E0000000700000010,4.7,2018/2/20,330100,16957824-d706-43c9-bd98-ecdce922ae6f
舟山市,0000001K00000031000000070000000X,5,2017/8/5,330900,5825359e-797b-4e11-8c9f-1948865bcca2
宁波市,0000000P0000002W000000070000000X,5.87,2018/8/5,330200,1ec22898-7ffc-426a-80b3-64254f22237f
绍兴市,0000001400000031000000070000000X,5.17,2017/4/15,330600,80873b3b-947a-4576-bf18-f03893017631
舟山市,0000002U0000007X000000070000000X,5,2017/6/5,330900,4f552520-fcae-4a59-a364-98643747419a
浙江省,0000001E00000031000000070000000X,6.5,2018/10/15,330000,6a499e9a-15cc-43f8-908f-eb12dcae442b
温州市,0000001Z00000036000000070000000X,7.33,2018/10/25,330300,c091aa2d-b1c2-4563-bd4d-a6e491be3bd4
杭州市,0000001700000031000000070000000X,2.47,2017/7/15,330100,c259bbeb-cf8a-4867-b2e9-16b10d0aef9a
嘉兴市,0000000C0000002Q000000030000000X,66.67,2018/1/15,330400,2d0d7bac-5dfb-460e-b655-4351728a207e
丽水市,0000002P0000007W000000070000000X,2.43,2017/3/25,331100,e237568d-4587-4c87-84b8-17fdd37c9267
台州市,0000001E00000031000000070000000X,3.33,2019/1/25,331000,3c5bbb36-1a03-4067-a870-fb3fb721571c
台州市,0000000Z00000031000000070000000X,2.5,2017/5/15,331000,a65b29f5-d496-46ec-9368-1e51db0afccf
舟山市,0000000H0000003P000000070000000X,25.67,2017/5/5,330900,0363d605-a9ab-4927-a00d-8037b91993b2
杭州市,0000001400000031000000070000000X,6.17,2017/11/15,330100,07078ca2-f5d7-4951-b20d-6ef73238c66e
台州市,0000002200000038000000070000000X,2.5,2017/8/15,331000,ac547d82-655a-4b99-a46a-5c3ec62335b1
宁波市,0000000S0000002Z000000070000000X,8.23,2017/3/15,330200,f814cd31-f16b-43eb-a661-900f760bc1a7
绍兴市,0000002U0000007X000000070000000X,4.67,2018/12/25,330600,8388ea62-0c47-4809-a150-ec7264b23367
湖州市,0000000G0000003F0000000700000010,9.1,2018/11/6,330500,73752803-adda-442a-90e0-f803c2afaa83
浙江省,0000000S0000002Z000000070000000X,9.36,2018/9/25,330000,4cadf6e5-74e5-47fb-beaa-13321735180e
杭州市,0000001Z00000036000000070000000X,5.83,2019/1/25,330100,43f319d4-c7b3-427c-bc87-0c53d2f71fd0
衢州市,0000002U0000007X000000070000000X,5,2018/8/5,330800,a918391a-bd7a-4f4a-840c-698a24654944
浙江省,0000001700000031000000070000000X,2.78,2018/8/25,330000,f019548b-f251-4582-8736-4f9d717836b2
台州市,0000000D0000002R000000030000000X,38.33,2017/7/15,331000,ed6f8ea7-3ee1-4a49-b47a-bf415a83bf1a
绍兴市,0000000K0000003U000000070000000X,33,2017/2/25,330600,4bf372ed-3e09-4365-ba6e-e7251df42308
宁波市,0000003100000081000000130000000X,173,2017/3/15,330200,4a483ef5-6c51-4266-8fd8-a9808da20532
丽水市,0000001700000031000000070000000X,2.5,2017/12/15,331100,9608399c-9c7d-439a-85d2-9e0e6e314372
台州市,0000001400000031000000070000000X,5.5,2018/9/25,331000,c06a88f9-d18e-4ab0-8f34-8e6434ce2cf9
金华市,0000001500000031000000070000000X,3.67,2017/3/15,330700,6c50b1e9-ab4f-4bde-924f-71a2e24a1ee4
衢州市,0000003100000081000000130000000X,77.67,2017/4/5,330800,3bccb536-9b00-4f91-a972-b56da0ff9c22
台州市,0000000J0000003S000000070000000X,32.67,2017/4/15,331000,11274669-28c7-4488-ab8d-e118ccc14fb4
浙江省,0000001700000031000000070000000X,2.59,2017/6/25,330000,4fa4fad3-b0d5-4a42-8d29-cdd1bf62bc8d
绍兴市,0000000G0000003F0000000700000010,9.57,2017/10/24,330600,6d71c6cd-fd37-4afe-8b06-2b4acd659a1c
金华市,0000000J0000003S000000070000000X,40.33,2019/2/5,330700,e1ad4305-68a5-433d-8c95-3c22a867a554
绍兴市,0000001200000031000000070000000X,3.67,2016/12/15,330600,9962155b-663c-4275-bf9d-ad59144fd6ba
衢州市,0000001E00000031000000070000000X,5.5,2019/3/15,330800,9dc5347b-354f-4b08-8a34-e01cdd5606c3
宁波市,0000000P0000002W000000070000000X,4.87,2017/3/15,330200,5a27c4bf-2906-48f1-8973-69486efa1e29
浙江省,0000001E00000031000000070000000X,5.05,2018/4/25,330000,958ae5a0-391d-4aa6-ba0d-c614151939c2
浙江省,0000001E00000031000000070000000X,5.52,2016/12/15,330000,f6f11b09-b027-4272-a40c-2fefdb8c49fb
嘉兴市,0000001200000031000000070000000X,3.17,2017/6/5,330400,e8e12c9f-553e-4bde-ad60-5bc8260856ea
嘉兴市,0000000D0000002R000000030000000X,35.33,2018/8/15,330400,6761d12a-7221-4c1f-bbd5-da95252766c0
杭州市,0000000C0000002Q000000030000000X,64,2017/1/15,330100,23044e7e-604e-47b1-9dd6-05d82ac59501
湖州市,0000003100000081000000130000000X,73,2019/3/15,330500,26b31448-820f-4b6e-8b78-0187f562caaa
湖州市,0000000H0000003P000000070000000X,22.67,2018/9/25,330500,234c6c19-10e6-45f1-a5b6-13163684b750
嘉兴市,0000001700000031000000070000000X,2.93,2018/7/15,330400,cc9c4bf0-2428-4d93-9afe-92ed3c193f59
宁波市,0000001700000031000000070000000X,3.33,2018/8/15,330200,a55306d3-c3f2-4aa9-a56a-07d39790ec76
衢州市,0000001400000031000000070000000X,4.83,2017/8/5,330800,3d35b257-bccf-4ece-83e1-5febfa32e65e
绍兴市,0000000D0000002R000000030000000X,52,2017/2/25,330600,64639abf-b01d-479c-bc98-00e0f9dcc714
台州市,0000000X0000007T000000070000000X,25.33,2018/6/15,331000,6ede9531-5567-4f46-bbc9-863a95f7d796
宁波市,0000001A00000031000000070000000X,5.83,2019/2/25,330200,94079951-fb08-493c-bdf0-3c50460cd937
杭州市,0000001500000031000000070000000X,5.33,2019/1/15,330100,544b4d78-088d-48ee-88a0-daad3945fa93
丽水市,0000001Z00000036000000070000000X,6.33,2017/6/25,331100,189b6e1a-f86f-4dc0-b0f7-82e1614c5b1a
温州市,0000000X0000007T000000070000000X,40,2018/1/5,330300,b2b117d0-400d-45e4-a069-e125b9bac73a
温州市,0000000H0000003N000000070000000X,19.33,2019/2/15,330300,7c163cad-6e96-4cdd-ba23-f215630adec6
丽水市,0000000J0000003Q000000070000000X,37.33,2017/7/25,331100,387ee6fe-e03a-46c0-b283-851b1c7df300
温州市,0000003100000081000000130000000X,63,2017/5/15,330300,de239805-6612-4ab3-a057-42f8000622fd
舟山市,0000001K00000031000000070000000X,4,2018/11/5,330900,2c00cb7c-939f-4a31-b043-3da617324194
绍兴市,0000002200000038000000070000000X,2.5,2017/10/15,330600,d07ff952-5a23-4346-8f4e-2b2354e9c4c1
嘉兴市,0000000J0000003Q000000070000000X,40.67,2017/9/25,330400,2358f683-c739-43fb-8b0f-45e4dde95d80
舟山市,0000002P0000007W000000070000000X,3.1,2017/3/15,330900,c42d1cf5-f346-41cc-a875-20cc1fd8262d
温州市,0000003100000081000000130000000X,63,2017/8/25,330300,517f5429-65fb-4b6c-9a03-ef4d1b624338
嘉兴市,0000000Z00000031000000070000000X,4.83,2017/6/25,330400,a5f09b81-6605-4da1-8598-a9ecde5929e0
浙江省,0000000H0000003N000000070000000X,12.76,2018/5/5,330000,68a2ede1-91a9-46f3-8f0b-a0551932d4a9
浙江省,0000000H0000003N000000070000000X,14.05,2017/9/25,330000,331adceb-e91c-4f38-9f38-22f75dac8031
嘉兴市,0000002P0000007W000000070000000X,3.3,2018/12/25,330400,2bd1983e-92d0-42d7-9ccf-b21b7041e996
金华市,0000000D0000002R000000030000000X,40.17,2018/8/15,330700,7392d43a-ae00-49e8-8148-bf96421facb3
舟山市,0000001K00000031000000070000000X,4.5,2018/8/5,330900,0ed9d0f1-dfc4-4c78-a02a-1a2db26248cc
宁波市,0000001500000031000000070000000X,4.9,2017/4/5,330200,ee268057-710d-46a4-a449-4e72d4179c80
温州市,0000000H0000002T000000070000000X,16.33,2017/7/15,330300,31005131-7d82-4e53-8c12-b4d1128cf710
丽水市,0000002P0000007W000000070000000X,2.43,2017/1/5,331100,0c6557f5-b91c-4d63-98cf-fc96d7a3e1db
湖州市,0000000P0000002W000000070000000X,5.33,2018/5/25,330500,e49f2efd-0301-4682-8365-4bc78330a1ec
绍兴市,0000000K0000003U000000070000000X,37.67,2017/9/15,330600,d9325855-b57b-424e-a63b-8c081372ca3c
丽水市,0000001700000031000000070000000X,3,2017/4/5,331100,ae36d837-01e7-4743-8c2c-c301e897cf0a
丽水市,0000000K0000003U000000070000000X,44,2019/1/5,331100,e9647c5f-173f-4ed8-9323-a19fc901af55
湖州市,0000001Z00000036000000070000000X,5.67,2018/11/5,330500,f77f161a-d3b2-410f-833b-bc8091187284
丽水市,0000000H0000002T000000070000000X,11.67,2018/7/15,331100,03bbd457-3546-41ac-94a2-840f2174b184
绍兴市,0000000P0000003E0000000700000010,3.6,2018/5/8,330600,37bfe9a0-5172-4fa8-8e37-d3927159111f
湖州市,0000000G0000003F0000000700000010,7.6,2018/5/29,330500,f6270cb7-6b80-48ef-ad3c-fa1740c79cd0
湖州市,0000002200000038000000070000000X,3.83,2017/11/5,330500,199d6df8-44ee-4c44-97ed-d28d0fc92bd3
浙江省,0000001Z00000036000000070000000X,5.97,2017/4/5,330000,484fe8ff-212d-4d7e-bae4-e4d5ca8ce66c
舟山市,0000001500000031000000070000000X,5.5,2019/1/15,330900,4e964bae-0514-4240-8b5a-c26f4e93df6c
杭州市,0000001A00000031000000070000000X,6.5,2019/3/15,330100,015f5db9-416d-4cfa-a1ee-4e24dc042742
嘉兴市,0000000H0000002T000000070000000X,15.33,2018/5/25,330400,aebc2d48-b0e5-4899-8f91-1833c4adbc30
宁波市,0000002U0000007X000000070000000X,4.63,2019/2/15,330200,a4ecb598-e661-4b06-9283-70f42ce426a7
浙江省,0000000X0000007T000000070000000X,35.07,2018/11/25,330000,32152542-809c-404c-8ec6-99bb68db2f73
杭州市,0000001Z00000036000000070000000X,6,2019/2/25,330100,03b27b27-f61d-4c0e-9718-4d3a143bf238
湖州市,0000002P0000007W000000070000000X,3.89,2017/3/25,330500,52b8e721-2328-456c-882e-fc16aa968c85
丽水市,0000003100000081000000130000000X,84,2017/12/15,331100,a95f11e1-100b-406d-8b89-1806b582ebe4
丽水市,0000001400000031000000070000000X,5,2017/12/15,331100,7290dfb2-7f1f-4490-bd2c-52d761c65149
台州市,0000001K00000031000000070000000X,2.67,2017/6/25,331000,b128329c-9e10-41ac-9a9d-775372b03d7b
嘉兴市,0000001500000031000000070000000X,4.67,2017/8/15,330400,2865f665-e06c-4b65-abf0-d21afe3cdc67
温州市,0000001A00000031000000070000000X,6.17,2018/3/15,330300,7193a817-1c93-4ccc-897c-8953c8acde34
绍兴市,0000001A00000031000000070000000X,4.17,2018/5/5,330600,aa4269ec-bb03-41d1-8835-6f41c6edf638
舟山市,0000002P0000007W000000070000000X,3.33,2018/5/25,330900,26a4b531-fba1-4aa1-9600-10a4db97023f
丽水市,0000002U0000007X000000070000000X,3.66,2018/12/15,331100,32dafc4d-a8a5-46f5-b633-ed4edabb9550
湖州市,0000002U0000007X000000070000000X,3.6,2017/7/25,330500,c23d629b-cab2-49a5-b02e-dd23d9d450c0
宁波市,0000002200000038000000070000000X,3.9,2018/4/15,330200,c1b86c25-0796-497b-be1d-ab04ba20c1fd
湖州市,0000001700000031000000070000000X,3.33,2017/4/25,330500,710e3c1d-3000-4dd9-9ade-13abbd0c241e
杭州市,0000001K00000031000000070000000X,3.3,2017/9/15,330100,f25fbd8e-f8a3-4d55-80dd-5b9b50a4eea7
台州市,0000002P0000007W000000070000000X,3.45,2018/8/5,331000,0d8697f1-9ea0-4a11-9dc5-80819edbc99a
湖州市,0000000H0000003P000000070000000X,18.67,2017/5/5,330500,58d8af03-3427-401a-b072-38db70529ec2
嘉兴市,0000000H0000003P000000070000000X,23.33,2017/8/5,330400,61e55585-a57f-4b7f-af14-c6f5bf266d2b
浙江省,0000000J0000003S000000070000000X,34.63,2017/11/25,330000,dda38716-7607-4928-b8c1-6f53ead4d075
杭州市,0000000C0000002Q000000030000000X,62.67,2018/5/15,330100,55e028d2-e6fb-4243-a0b3-80f31d1cd647
台州市,0000000S0000002Z000000070000000X,10.33,2017/9/15,331000,fc3b1a0f-18ea-4527-ab92-e5e32f9cf3ec
丽水市,0000000H0000003N000000070000000X,10.83,2018/7/15,331100,3ddc8569-0374-4f01-85a7-46e0e09ec93a
杭州市,0000000H0000003N000000070000000X,15.13,2018/8/15,330100,ff65af8a-09f6-4806-8633-3af3183bfc96
湖州市,0000001K00000031000000070000000X,4.33,2018/2/15,330500,f4d4dd07-f27d-473a-9ca0-d281154ce6c6
丽水市,0000000G0000003F0000000700000010,9.5,2017/11/7,331100,60b113f6-1f40-4a0b-9097-00734e34db8c
绍兴市,0000000G0000003F0000000700000010,9.5,2018/7/31,330600,1c642ab9-5673-4795-895d-707fb8455986
舟山市,0000000J0000003S000000070000000X,37,2018/10/25,330900,a9beca3c-a874-4beb-b036-1cc8d7f1c845
绍兴市,0000000H0000002T000000070000000X,14,2017/10/15,330600,b9420011-5763-4ddd-a181-7d1a0dd97269
湖州市,0000002200000038000000070000000X,4.5,2019/2/5,330500,f47af428-a95b-4b7f-922f-d7ed5b22426f
金华市,0000002U0000007X000000070000000X,3.93,2019/1/15,330700,ebadd8e8-f0a9-44b3-8f2f-3d69d93e7837
温州市,0000000H0000003P000000070000000X,27.67,2019/3/15,330300,a04a21cf-dea4-4571-a3ea-eed5665652d2
杭州市,0000000X0000007T000000070000000X,39.33,2018/4/25,330100,67a5fbe4-467e-47a9-90a5-0eb783a89033
嘉兴市,0000000H0000003N000000070000000X,14.33,2018/12/15,330400,f4a97a7e-481f-47d3-97be-733c8f7e16b4
金华市,0000000J0000003Q000000070000000X,41.67,2017/4/15,330700,6beb4c62-635c-4a25-b8d0-58b59d67df94
浙江省,0000000H0000003N000000070000000X,14.08,2017/12/15,330000,40c81e70-56d0-4602-8713-d9b5bdf08eae
绍兴市,0000001Z00000036000000070000000X,4,2018/8/5,330600,76423c01-df95-43b9-8a71-3da0ba8255d6
绍兴市,0000000H0000002T000000070000000X,15.67,2018/10/25,330600,120239f1-1eac-4ef9-816f-2f3f410d8549
台州市,0000000S0000002Z000000070000000X,9.33,2016/12/25,331000,a7451833-642a-402b-955e-374e29a370f3
丽水市,0000000H0000003P000000070000000X,20.67,2016/12/25,331100,1ea7f863-9c3b-4343-b0cb-d7434bccee0e
绍兴市,0000001400000031000000070000000X,8.33,2018/3/5,330600,3e26ceed-9819-461c-b8fc-bc6543672d39
台州市,0000001E00000031000000070000000X,6.33,2018/9/15,331000,1ac10793-b358-4042-896f-add15b0329b9
杭州市,0000000Z00000031000000070000000X,5.33,2018/12/15,330100,e98babfc-51be-4804-baf6-ecf52ba66d97
绍兴市,0000000Z00000031000000070000000X,5,2019/2/5,330600,57cb436a-8f0e-48b4-b04f-1b0e3f313c54
杭州市,0000000D0000002R000000030000000X,46,2018/5/5,330100,a638b136-d90e-4bda-83c6-dd805dea168d
绍兴市,0000000K0000003U000000070000000X,36.67,2018/3/15,330600,bdab9a77-3f91-44ba-8f6a-070f7b23016b
衢州市,0000000M0000003V000000070000000X,11,2017/1/15,330800,e426895f-b2cf-49af-b0ee-e99aeb86c47e
杭州市,0000002U0000007X000000070000000X,4.17,2017/2/5,330100,1f7673e1-c571-4365-85cd-919b7a5b1591
湖州市,0000001500000031000000070000000X,5.67,2017/4/5,330500,b2fc391f-1761-401b-ad03-bc002bb91594
衢州市,0000000P0000003E0000000700000010,5.05,2017/12/12,330800,5fed87ae-071f-4a67-b8ea-a01e5ccf11f1
绍兴市,0000000P0000002W000000070000000X,5.17,2018/5/5,330600,bb0dbedc-a1ec-4245-8754-4463b460d0c5
湖州市,0000001400000031000000070000000X,6.67,2019/1/25,330500,c3ad68b7-bd3d-4549-af2b-14bf6ea72431
杭州市,0000000J0000003S000000070000000X,35.67,2018/6/5,330100,f49e5f81-9992-4127-bb17-ce83090c015b
浙江省,0000001200000031000000070000000X,5.87,2019/3/5,330000,2c19469e-8ebb-4c79-845e-26d602c88909
杭州市,0000000J0000003S000000070000000X,35.33,2017/1/5,330100,b437bee4-c3c4-4a9d-bb45-282203377efc
丽水市,0000000P0000003E0000000700000010,3.75,2018/4/17,331100,c38ba700-2006-4f61-b68e-0bb4d0f3a98a
浙江省,0000001400000031000000070000000X,5.9,2016/12/15,330000,171e3618-9265-439d-8172-786cbe85fdc1
衢州市,0000001700000031000000070000000X,2.33,2018/9/15,330800,ce4fcea5-762a-43f5-88f1-490c43a0135a
杭州市,0000000J0000003S000000070000000X,35.5,2017/4/5,330100,d6ae2733-a703-4e93-ab39-3142c2efa4db
台州市,0000001200000031000000070000000X,5.67,2019/2/25,331000,c5493f51-47ab-4497-812c-79f14202ca2e
丽水市,0000001200000031000000070000000X,2.83,2017/6/15,331100,eb1b9027-364c-4d54-ad77-d3a8b4946ccf
丽水市,0000000C0000002Q000000030000000X,70.23,2019/1/5,331100,e547debc-2621-402a-91ec-827bce3bc7a7
宁波市,0000000S0000002Z000000070000000X,8.13,2017/1/15,330200,db04721f-6e45-4187-8d11-821ac7289dcd
金华市,0000002P0000007W000000070000000X,3.9,2017/8/15,330700,1e3c0afc-ba77-4a80-8e94-089b90090b5f
杭州市,0000001700000031000000070000000X,2.7,2018/2/5,330100,eba05d8f-bce3-43ad-bd84-b45ef3697ccc
嘉兴市,0000000G0000003F0000000700000010,8.15,2018/6/12,330400,42af3e4c-f931-4157-9041-a35efb3f0957
温州市,0000000J0000003Q000000070000000X,46.67,2017/10/25,330300,417a785e-4169-4998-b009-4a13f2369185
衢州市,0000000Z00000031000000070000000X,5.33,2017/10/25,330800,78f93bd8-8cf1-4502-879f-18735dd1d404
台州市,0000000P0000003E0000000700000010,5,2018/2/6,331000,9d2dfe03-7494-4b2b-b286-c73172d161c4
嘉兴市,0000003100000081000000130000000X,79,2017/4/15,330400,eeac390b-45f7-4cf9-b342-b35ce0ce3a5f
浙江省,0000000G0000003F0000000700000010,9.52,2017/10/31,330000,aa416760-37f9-4d6d-a055-4de91c429550
温州市,0000000H0000003P000000070000000X,24.67,2017/11/5,330300,e786569f-9a4c-4e9e-b154-6f7c2dd66eeb
衢州市,0000001700000031000000070000000X,2.83,2017/11/15,330800,c3ef698b-5caf-4284-89ff-cff9f52946a2
杭州市,0000000H0000002T000000070000000X,16.83,2018/12/25,330100,6f4a86e6-287d-47e6-a37b-072ba1b006fa
嘉兴市,0000001E00000031000000070000000X,4.67,2019/3/5,330400,fcd29a57-607f-4227-a03c-e7b7ed4aa3b2
舟山市,0000000D0000002R000000030000000X,44.97,2018/1/15,330900,0813735d-8ae1-457e-b9c8-30d1889b508d
杭州市,0000000G0000003F0000000700000010,7.07,2018/4/17,330100,5ab5bdad-b9f4-4dde-ab85-3b5048626cb2
金华市,0000000P0000003E0000000700000010,4.5,2018/11/6,330700,10125fe2-3a61-4d7d-bdee-d76d89959b75
浙江省,0000001500000031000000070000000X,4.21,2017/5/5,330000,df11b72c-6845-4e32-b16a-f232bd69ef23
绍兴市,0000001700000031000000070000000X,2.83,2018/5/25,330600,0449dd4b-b536-4168-bd4c-8c6ed0de05d7
台州市,0000000G0000003F0000000700000010,11.6,2018/10/23,331000,498704a1-401d-446b-a572-55d80c1bbfd4
宁波市,0000002200000038000000070000000X,3.83,2017/9/25,330200,78b21fb1-507e-40c7-bc52-b50db4f54427
浙江省,0000000M0000003V000000070000000X,12.84,2018/10/25,330000,863c5c8b-9db3-4267-988e-5242614716be
嘉兴市,0000002U0000007X000000070000000X,3.83,2018/10/15,330400,8088c0c6-3586-47f2-9749-f5df4ae598d5
丽水市,0000000D0000002R000000030000000X,54.6,2017/2/25,331100,d1b3e7d6-b167-4a87-8c99-6ff3cf374515
湖州市,0000000P0000003E0000000700000010,3,2017/3/28,330500,c13c97e5-080a-47f2-b68b-4fb52c4a4fb4
浙江省,0000002P0000007W000000070000000X,3.06,2017/7/15,330000,219946cc-9369-42b0-b9b2-b7b742887cab
杭州市,0000000P0000002W000000070000000X,5.27,2017/10/5,330100,8463cbbf-71b4-4ee8-90e8-7c03754ffd20
温州市,0000002P0000007W000000070000000X,2.5,2019/1/5,330300,30d336f8-18af-48d2-a680-b5a2b16a3b6a
杭州市,0000002200000038000000070000000X,3.33,2018/9/15,330100,0133275b-e659-4468-bed7-83f04caa6a7d
嘉兴市,0000000H0000003N000000070000000X,14.33,2019/2/5,330400,6cf5bd7b-e49d-47ce-859a-c3b8cf03f54e
台州市,0000000H0000002T000000070000000X,16.33,2018/9/25,331000,fab4fe81-99c3-4f67-a9be-95fac5c143d4
衢州市,0000000D0000002R000000030000000X,38.33,2017/1/15,330800,f6a43626-e29c-44bc-a318-d15dda74d1ca
宁波市,0000000S0000002Z000000070000000X,10,2018/4/25,330200,70ea3c30-5e4f-4c55-8d0f-9cab4ff6473d
杭州市,0000000J0000003S000000070000000X,35.83,2017/7/25,330100,17684b68-bb08-4c38-8864-74f6f9e725d2
舟山市,0000001200000031000000070000000X,4.5,2017/3/15,330900,45ec2a39-c093-439f-8554-2e5c8e9b3a9d
温州市,0000001E00000031000000070000000X,3.67,2019/1/15,330300,69d61c8c-d8d1-4acc-885b-5a212d5066cb
衢州市,0000001A00000031000000070000000X,6.5,2017/9/5,330800,a5d1b997-284a-4dec-a02e-c97a5b7bb320
丽水市,0000000S0000002Z000000070000000X,9.67,2017/2/25,331100,0a3595e2-93a4-4c0b-a510-ee1dc88bd894
湖州市,0000000K0000003U000000070000000X,0,2017/7/5,330500,d7aaefff-3f8d-427b-90d6-677aac06e22b
台州市,0000001A00000031000000070000000X,4.83,2019/2/15,331000,7cb02277-28a5-4262-a42d-e6c617fd075b
嘉兴市,0000001E00000031000000070000000X,4.83,2017/10/25,330400,a3b0b11c-3ada-4162-b156-5558150a5cf7
湖州市,0000000H0000002T000000070000000X,15,2018/7/5,330500,da110a0b-3dd2-4c59-8b3a-5fd3802a10cd
嘉兴市,0000000P0000002W000000070000000X,4.7,2017/1/25,330400,9e0cf8a2-e1e5-4484-8331-56a3f3350cff
绍兴市,0000000G0000003F0000000700000010,12.8,2018/10/30,330600,0205caba-cec1-4139-88c1-b214034eb0eb
衢州市,0000000Z00000031000000070000000X,3.83,2018/12/15,330800,7d2558ee-f720-4d18-90f3-28f9812a907a
衢州市,0000002U0000007X000000070000000X,4.33,2017/3/25,330800,4a908449-77b6-4485-85ef-465a1118c8d1
舟山市,0000000G0000003F0000000700000010,10.8,2017/5/9,330900,ed43891b-13fe-420f-85eb-9e6363454dbd
台州市,0000000X0000007T000000070000000X,25,2018/4/5,331000,2fadd2ac-6248-4ae8-9f19-18583f6d34b4
金华市,0000000Z00000031000000070000000X,3.5,2017/12/5,330700,42a22409-41cf-491d-8ad2-1b88d5da6d7e
浙江省,0000000Z00000031000000070000000X,4.56,2019/1/25,330000,d931b849-db7e-43b9-946c-0bff0d63b360
衢州市,0000000X0000007T000000070000000X,26.67,2017/4/25,330800,4c75e306-8a0a-4828-b72e-6b818c926867
湖州市,0000000Z00000031000000070000000X,2.83,2017/3/15,330500,820c8c85-0cea-4f26-9c1c-d25708609669
嘉兴市,0000002P0000007W000000070000000X,3.2,2017/6/5,330400,d30ca13c-ea7c-4569-9a0a-0202b27e6d81
金华市,0000001500000031000000070000000X,3.83,2017/11/25,330700,0e80546d-a96e-4fa8-8f9a-fe5845cb087e
台州市,0000000P0000002W000000070000000X,5,2018/5/15,331000,4bd32624-df62-4674-813e-4c828397ed51
温州市,0000001500000031000000070000000X,5.33,2018/2/15,330300,fff58876-4641-40fb-b1f3-b9ae4e128b13
温州市,0000000X0000007T000000070000000X,34.33,2018/8/25,330300,c8813371-2a77-457e-b5a6-98f665c4286d
金华市,0000001A00000031000000070000000X,7.5,2018/1/5,330700,68938d66-1f1a-4545-b4b7-10a65db411ec
温州市,0000000H0000003N000000070000000X,15,2018/6/5,330300,d2f98bfb-4cef-4c34-9fe1-115c0282f802
金华市,0000001500000031000000070000000X,3.67,2017/5/5,330700,bf72095f-74a1-489d-bb47-777e9c1a6729
绍兴市,0000000P0000003E0000000700000010,4.1,2019/1/8,330600,6dd4e7d6-6412-44f7-b661-9cb107166ac1
台州市,0000001A00000031000000070000000X,4.33,2018/8/15,331000,77fa8209-875c-471f-9e4b-29bbb90ca6a5
丽水市,0000001200000031000000070000000X,2.83,2017/10/5,331100,886d06ac-8db5-44e7-8dd6-6c60ef05409f
杭州市,0000000P0000002W000000070000000X,5.53,2018/8/15,330100,3418989c-ae15-4785-9f4e-0df00d0c79f5
湖州市,0000002P0000007W000000070000000X,3.89,2017/11/15,330500,7675bd42-5bc3-42a0-b34b-f2121f3eec5f
绍兴市,0000002U0000007X000000070000000X,4.5,2017/11/15,330600,e4d1d5a0-2245-4bed-bd3e-33da8e2afa7c
宁波市,0000001700000031000000070000000X,3.33,2018/9/25,330200,e554dfbd-c3e5-44d3-a6c3-79172c7ea26b
绍兴市,0000000P0000003E0000000700000010,4.9,2018/10/23,330600,c41c7c4a-8112-4636-a542-ccd7c195577e
宁波市,0000001E00000031000000070000000X,6.43,2018/11/5,330200,b69f201b-9b92-4c86-a18d-714c4a8f47a5
金华市,0000001A00000031000000070000000X,7.67,2018/3/5,330700,657f0cd0-78cf-4699-a872-133c28cb5988
绍兴市,0000003100000081000000130000000X,66,2017/7/5,330600,9d16f3f5-6cb9-4f4b-acab-9559d57f353e
衢州市,0000000P0000003E0000000700000010,5,2018/9/4,330800,f25ba309-3fe1-4982-b9ed-789ff344ca23
浙江省,0000001400000031000000070000000X,8.61,2018/2/15,330000,9aa2683e-178b-4c8e-80a6-91ccd43ec016
杭州市,0000000M0000003V000000070000000X,12,2019/2/5,330100,075eb075-5e6e-4b64-89a1-08e5617c993a
舟山市,0000001500000031000000070000000X,4.33,2017/4/25,330900,98b596c0-f7b7-4dfc-b717-e590bff313d6
湖州市,0000000H0000002T000000070000000X,15.67,2018/11/25,330500,c39d8d39-8c6d-4e13-b161-9f4af1d8c17e
宁波市,0000000P0000002W000000070000000X,5.9,2019/2/15,330200,14dab32e-be45-4870-9ed7-e789820215f4
金华市,0000001200000031000000070000000X,4.5,2017/1/15,330700,9010215d-a194-436e-ad80-ed3026107524
金华市,0000001E00000031000000070000000X,7.17,2018/2/15,330700,cf393157-b657-4f42-9756-9d50d9767007
绍兴市,0000000J0000003Q000000070000000X,42,2018/6/5,330600,18a35fbc-2709-44d7-8441-b7eece94ad13
嘉兴市,0000000D0000002R000000030000000X,35.33,2018/12/15,330400,e0b2ee27-5762-4965-bc47-ce056f4f182e
湖州市,0000002200000038000000070000000X,4,2018/8/5,330500,cf8f5290-5fac-45c0-88ea-aeef6c642660
丽水市,0000002P0000007W000000070000000X,2.6,2017/9/5,331100,b06268db-d22a-4634-b114-d340b0519963
金华市,0000001E00000031000000070000000X,3.83,2019/1/25,330700,7fda5f2a-b1ce-4607-8239-97497ce7eba4
杭州市,0000000D0000002R000000030000000X,46,2017/3/25,330100,7ac1418a-5882-45b2-9329-cf79b04e6894
绍兴市,0000003100000081000000130000000X,66,2018/7/15,330600,cb2d959c-462b-4a77-be83-8a49da5322ff
金华市,0000002P0000007W000000070000000X,3.7,2018/11/5,330700,544a6907-1bdb-4dfe-80b3-49dd203667ef
金华市,0000001Z00000036000000070000000X,6.17,2018/2/25,330700,18e2c3d2-74c5-4eb0-9b63-ca7015cab1dd
台州市,0000000H0000003P000000070000000X,24.33,2017/10/25,331000,30b56fa6-4876-4e25-b8a9-febd6a6f4bd3
湖州市,0000001200000031000000070000000X,3.67,2017/9/15,330500,4d3f8264-9a5b-4506-905e-e24431746475
绍兴市,0000002U0000007X000000070000000X,4.33,2017/4/5,330600,b6c265fb-bf33-46e0-a4cc-10438821fd16
浙江省,0000000M0000003V000000070000000X,12.48,2018/8/5,330000,34a60b24-ca73-4d6d-8b49-fb1b73d7fcab
湖州市,0000000Z00000031000000070000000X,4.17,2017/11/25,330500,e8b6231e-7575-4311-abc8-5c42ce4cf80e
金华市,0000000H0000002T000000070000000X,14.33,2018/3/15,330700,21af1f34-7869-4e9a-a6aa-46100fe04bc8
温州市,0000000P0000003E0000000700000010,4.35,2017/8/22,330300,90c5a6a8-d8ed-46d6-ae24-2baec9ae9b21
舟山市,0000000D0000002R000000030000000X,43.63,2017/3/5,330900,adc2e279-e1e3-40b3-8637-b2c890138696
金华市,0000001200000031000000070000000X,4.5,2017/2/25,330700,d8be1dfb-ea6f-4fac-9d88-c2e18f4ed8e3
舟山市,0000000H0000002T000000070000000X,15.33,2018/1/15,330900,ddce1684-4308-4bd0-8c96-5883f84aa2bc
舟山市,0000001Z00000036000000070000000X,7.17,2017/4/25,330900,6c8c7c89-61c7-4eee-a93e-b7b8f8208a7f
湖州市,0000001500000031000000070000000X,5.17,2018/9/25,330500,7289eafe-7c0b-409e-8573-22eef5dc582b
台州市,0000001400000031000000070000000X,5.5,2017/11/5,331000,8091d362-b540-49c0-9cd9-56124426a4aa
温州市,0000001E00000031000000070000000X,2.33,2017/1/15,330300,401eabce-3ad5-4112-9e8d-35c70df32e6f
金华市,0000001500000031000000070000000X,2.83,2018/6/25,330700,7e11c693-aaf7-490d-a37b-abe289da58d9
宁波市,0000000H0000003N000000070000000X,14.5,2017/11/5,330200,2f5d112a-0998-4ee8-b2a0-0ec4ccb54325
湖州市,0000000J0000003S000000070000000X,34,2017/11/15,330500,86ed49e8-9563-4348-8a92-b9cf1212cba1
金华市,0000000P0000003E0000000700000010,4.6,2017/11/21,330700,16ac82b7-3b16-4065-ba75-0ac82b0180e2
丽水市,0000000X0000007T000000070000000X,53.33,2018/3/25,331100,f3d9b989-48d7-4cb7-9b8a-24bcb2f00a73
台州市,0000000M0000003V000000070000000X,10.67,2018/5/15,331000,f8ad104d-f840-48d0-873f-23bf01a7714c
舟山市,0000000H0000003N000000070000000X,13,2018/6/25,330900,13b19649-5680-4d0b-8b88-0954ee5545b5
金华市,0000002P0000007W000000070000000X,3.7,2018/11/25,330700,3b178aba-17c9-4a39-b6e4-e88b8a3996f2
丽水市,0000001A00000031000000070000000X,6,2018/3/25,331100,ff4f223b-287f-4a43-9608-873e993aad6a
浙江省,0000000H0000003N000000070000000X,13.97,2017/10/25,330000,de141b19-08ec-426a-818b-7d69ec7076f2
绍兴市,0000001E00000031000000070000000X,5,2019/2/25,330600,c4b506fe-86e8-4efa-a673-1fdc6ce4a8ca
衢州市,0000001A00000031000000070000000X,6.33,2017/6/25,330800,3fb0a74a-fa88-49dd-a7df-746d9e537a14
宁波市,0000000Z00000031000000070000000X,6.07,2017/8/25,330200,fdb6fc44-ad3c-4a28-9144-42ef5386d05f
台州市,0000001700000031000000070000000X,2.17,2017/12/5,331000,2d396296-b317-4767-9b9a-3a4cc5497e2e
浙江省,0000000G0000003F0000000700000010,11.68,2017/1/3,330000,c0fdaf56-472b-4d3d-8903-5b00a769e415
衢州市,0000000D0000002R000000030000000X,38.33,2017/6/15,330800,cdbbc46d-25c8-47f0-b9e0-795003ab243c
衢州市,0000000M0000003V000000070000000X,11,2019/3/5,330800,7599db6f-a9c9-4260-9ab0-412a1c948bad
宁波市,0000000S0000002Z000000070000000X,9.9,2018/8/25,330200,ad315d33-554b-4b76-8313-a53fccd2573c
舟山市,0000000H0000003N000000070000000X,14.83,2018/12/5,330900,577373a2-8014-44d6-9c8d-72de2b1caef3
杭州市,0000000S0000002Z000000070000000X,8.6,2017/7/15,330100,5fc59745-4bb4-40f5-a0c2-ce6035434ec6
杭州市,0000000P0000003E0000000700000010,4.8,2018/10/9,330100,5b5a82e9-94ba-4f73-83b4-f4b2c9a6d136
浙江省,0000002P0000007W000000070000000X,3.13,2018/12/25,330000,a824a8ad-ab62-44fa-980c-bd72c211bac4
湖州市,0000001K00000031000000070000000X,4.17,2018/2/5,330500,1b669044-faf4-4a8b-b408-227380d2e8de
湖州市,0000000D0000002R000000030000000X,36.33,2018/10/25,330500,293cdf33-4453-4557-9483-d768208408f5
丽水市,0000002P0000007W000000070000000X,2.93,2018/11/25,331100,665bcc63-b2ce-4f79-8d39-8efb5a07b355
嘉兴市,0000001200000031000000070000000X,5.17,2017/3/5,330400,5797e728-006c-409d-906f-aa2c072f5dd4
台州市,0000001Z00000036000000070000000X,6.33,2018/5/15,331000,7501662e-a470-43b1-83f8-f0681dea3cbe
金华市,0000000M0000003V000000070000000X,12.33,2017/11/15,330700,623aceb5-b6d4-4e06-be28-aa0e0410ff2a
舟山市,0000000M0000003V000000070000000X,13.33,2017/7/15,330900,9f648c7d-d131-455b-ad2b-01460faabfa1
湖州市,0000003100000081000000130000000X,77,2017/4/25,330500,3153af20-b29a-4faf-97d0-54f531701b8e
浙江省,0000000G0000003F0000000700000010,10.15,2019/2/5,330000,f26c28f9-5dee-4259-8337-ca4e6229ff4a
杭州市,0000000H0000003P000000070000000X,22.17,2017/2/25,330100,8b4003d7-1b9d-45e5-a537-cbd76799bda2
嘉兴市,0000000S0000002Z000000070000000X,8.5,2017/4/5,330400,0b38d521-878a-4562-9f93-ba0ad74d5f46
宁波市,0000000Z00000031000000070000000X,6,2017/12/15,330200,e5f96afe-269d-4a37-ab08-e7cd29a186ce
杭州市,0000002P0000007W000000070000000X,3,2018/1/15,330100,7957c811-ac6b-402f-b10b-32d1b59699f4
衢州市,0000001200000031000000070000000X,5,2019/1/5,330800,3b97308b-c767-4b49-a2df-743997c771bd
衢州市,0000001A00000031000000070000000X,6.67,2017/4/25,330800,df144d1a-c578-40d4-aada-d7b74828bf0d
湖州市,0000001700000031000000070000000X,3.17,2017/10/25,330500,13dc0ed8-fc28-4671-9eff-5c9096dad225
杭州市,0000001400000031000000070000000X,7.83,2018/3/25,330100,ecfcf9da-12c9-4709-8838-a87b7510baef
衢州市,0000001700000031000000070000000X,2.67,2017/11/5,330800,de4424c1-2a0f-4b55-bc08-74b41fcbc0f2
金华市,0000000H0000003N000000070000000X,13.5,2017/5/25,330700,c0b21951-b526-4910-9fd6-660269387499
温州市,0000001700000031000000070000000X,3,2018/10/25,330300,93ab9b34-79a2-4252-9e01-d0230afd8996
衢州市,0000000J0000003Q000000070000000X,41,2018/12/5,330800,e197f6c3-8603-42ef-83a3-97ff7b9c235a
温州市,0000000K0000003U000000070000000X,43,2018/2/5,330300,8382167e-3644-4f3f-a85f-5d80e19d11c6
绍兴市,0000000M0000003V000000070000000X,10,2018/10/15,330600,ff63a452-8fca-4cf7-9f4d-f6d330014c64
宁波市,0000000H0000003N000000070000000X,13,2018/5/5,330200,2adbacaf-9e8c-469e-bc74-b2923bf8fa16
浙江省,0000000J0000003S000000070000000X,34.47,2017/7/5,330000,0b43dea1-bc4c-4f3c-8a9e-a87b4a7e7671
宁波市,0000002200000038000000070000000X,4.27,2018/7/15,330200,79af1548-02ef-43c7-a750-d44a785c14d6
舟山市,0000000C0000002Q000000030000000X,50.3,2017/12/5,330900,c1dc0314-c3b4-438b-8cbe-dfd2b8a2d2da
绍兴市,0000001200000031000000070000000X,3.17,2018/5/25,330600,f7a30c54-527d-41ad-ae58-a46e958cbd66
衢州市,0000000Z00000031000000070000000X,4.67,2018/7/5,330800,756f8355-63c3-41f3-941c-99f747d7d084
宁波市,0000001400000031000000070000000X,6.67,2017/4/5,330200,a999cf17-670a-4484-82bd-295136e7cc15
宁波市,0000000S0000002Z000000070000000X,10.17,2017/10/25,330200,c5fcc151-6500-4f62-9e7f-070befe0211f
绍兴市,0000000G0000003F0000000700000010,11.7,2019/3/19,330600,4032c48f-3872-4e5e-8e1d-bc8a178b430c
嘉兴市,0000000H0000003N000000070000000X,15,2018/2/15,330400,e58b72ca-1077-4b74-b5cc-075fca1c3924
绍兴市,0000001200000031000000070000000X,3.17,2018/7/15,330600,7f038a60-b271-45c2-bbbc-d03240d69d20
温州市,0000000P0000003E0000000700000010,2.85,2017/5/2,330300,48638441-23dd-42b0-a598-dbd274f31adc
台州市,0000000M0000003V000000070000000X,10.33,2017/5/25,331000,0f28172a-5318-4968-bec4-fa4b43b16487
宁波市,0000000Z00000031000000070000000X,6.67,2017/9/25,330200,fef1caf1-b7cf-4600-a654-69658ba74708
湖州市,0000002P0000007W000000070000000X,3.89,2018/8/25,330500,9c81598b-4d8b-495e-a01c-4e65beb64098
绍兴市,0000001400000031000000070000000X,6.17,2016/12/15,330600,ce3f71cd-5636-464c-87d9-176e7d2140cf
湖州市,0000002P0000007W000000070000000X,3.89,2017/12/15,330500,44137bac-ce78-4d1a-a368-f0539757d1bb
舟山市,0000000H0000003N000000070000000X,15,2018/1/5,330900,041aa9bb-3a73-4103-b1c2-23747b89eab7
衢州市,0000000X0000007T000000070000000X,22.67,2017/11/25,330800,dde53930-eede-462c-8942-5204708820ee
宁波市,0000000G0000003F0000000700000010,10.24,2019/2/19,330200,f8c3d3a7-22c7-4b71-8405-b09172fa5ef8
绍兴市,0000001A00000031000000070000000X,4.67,2018/11/25,330600,e86ff1e3-edfe-43f5-9d49-62b6c345d21a
台州市,0000000H0000003N000000070000000X,12.33,2018/9/5,331000,d60f671e-d3a7-4273-9850-ce1c04baec6f
浙江省,0000000H0000003N000000070000000X,12.53,2018/6/25,330000,82a1b48a-082a-434a-a3ab-08f575c1c86f
嘉兴市,0000002200000038000000070000000X,2.93,2017/8/15,330400,58f780ed-74e9-4e2a-ba02-863361b6ce23
丽水市,0000001200000031000000070000000X,3.33,2017/12/25,331100,02197f5f-5ff9-4f1c-8d58-cc244b413a20
嘉兴市,0000000G0000003F0000000700000010,10.8,2017/3/7,330400,4e61ab53-aa3d-40ef-8d96-c10e598ba6f5
金华市,0000001Z00000036000000070000000X,5.5,2018/7/15,330700,6d68a8e7-6730-464b-b0ce-5e4243e6712e
金华市,0000000G0000003F0000000700000010,7.1,2018/5/22,330700,df8d3d59-139a-455a-a45f-f1cf36298033
丽水市,0000001400000031000000070000000X,7.33,2018/3/25,331100,9e4774b7-3019-4114-ac29-0f9de3cc4e85
温州市,0000000G0000003F0000000700000010,9.3,2017/8/15,330300,ef3580b4-6d71-4551-b2bf-27336233189e
衢州市,0000000J0000003Q000000070000000X,39.33,2018/1/25,330800,307ed543-da8d-4a82-abaa-0a52f0f59d89
湖州市,0000001Z00000036000000070000000X,5.67,2018/8/15,330500,63dc7733-525a-410d-9b47-a831a980dd81
宁波市,0000000D0000002R000000030000000X,41.5,2018/10/25,330200,74f07fb6-42cf-4b90-9640-6b604e2b1a28
温州市,0000001E00000031000000070000000X,3.17,2017/3/25,330300,a0417cc2-5d95-47c5-bb29-0aeeb9244360
浙江省,0000003100000081000000130000000X,94.09,2018/3/25,330000,83000f6a-304d-48c9-a6d4-d829ce15735c
舟山市,0000000H0000003P000000070000000X,25.67,2018/2/5,330900,bc8b2333-972b-427e-aebf-35ca84c46834
丽水市,0000001E00000031000000070000000X,4.33,2017/9/15,331100,cb352e65-52e0-4d51-8f1f-3b621d27778d
嘉兴市,0000000Z00000031000000070000000X,5.5,2017/9/25,330400,4744a259-059e-4dab-8a9a-015a21aad9f0
金华市,0000001200000031000000070000000X,3.17,2016/12/25,330700,3904eda4-d716-4b32-8a1b-e3c26df6826c
台州市,0000000D0000002R000000030000000X,38.67,2018/12/5,331000,ff10efe7-9be9-46f0-8dbd-18745c23dd0e
浙江省,0000001700000031000000070000000X,2.97,2017/4/5,330000,44a1bd61-e6b1-48a3-9f19-fbb054f475ab
金华市,0000000S0000002Z000000070000000X,7.5,2019/1/15,330700,3a2ebeca-32f2-4024-9a40-56d30d7e8528
杭州市,0000002U0000007X000000070000000X,4.27,2017/5/15,330100,93a19bc4-ee3f-4464-b21f-bf83a59d82b1
浙江省,0000001Z00000036000000070000000X,6.04,2017/5/15,330000,07e77dca-f69e-4282-b091-2411b48d6a1b
嘉兴市,0000000P0000003E0000000700000010,5.33,2018/1/16,330400,d648ce09-bb5d-4586-88e0-0f010c1df2b8
丽水市,0000000Z00000031000000070000000X,4,2017/9/15,331100,10bb0e3c-917a-4810-a5d1-b1ca3f400875
宁波市,0000001Z00000036000000070000000X,6.9,2018/8/5,330200,d1481d1c-9a5a-4950-8d36-b9c4feaf103d
宁波市,0000000J0000003Q000000070000000X,38.33,2017/5/25,330200,32e6c293-3946-4f49-9139-b8ac171945fc
衢州市,0000000G0000003F0000000700000010,11.25,2018/12/4,330800,c9ab15a1-7077-46de-a9d4-8cab0587c859
绍兴市,0000000P0000002W000000070000000X,5.17,2018/6/25,330600,9439421a-851f-4ce1-8dbb-4dd718624c64
嘉兴市,0000002200000038000000070000000X,3.17,2018/10/5,330400,f8a0220f-d7d5-49a0-8e05-595f308a71e7
台州市,0000000J0000003Q000000070000000X,39.33,2017/12/15,331000,5ae81703-c7b6-4588-a392-85c6af57fe21
湖州市,0000001Z00000036000000070000000X,5.67,2019/2/25,330500,a73dd135-353e-4863-8b73-b4343a8a055c
台州市,0000001400000031000000070000000X,6,2019/2/5,331000,4e307896-b0bb-4ad3-a219-1b06fb8f49f5
丽水市,0000000Z00000031000000070000000X,2.17,2017/3/5,331100,73ebf755-c6e6-4098-99a4-13964ae71e19
金华市,0000000D0000002R000000030000000X,44.67,2017/5/5,330700,8139b41c-2c46-4e75-b5dc-6f3b7f11ab12
丽水市,0000000H0000003P000000070000000X,16.33,2018/5/5,331100,f1a62af1-b31a-4d2b-9632-7d1d2597e385
衢州市,0000000G0000003F0000000700000010,13.7,2018/10/9,330800,c4ea5719-fe96-42e1-9ee0-f9fd9fdd311e
衢州市,0000002200000038000000070000000X,3,2019/2/5,330800,0fdf4b72-ff6c-46de-83ee-87c2b8fb431a
绍兴市,0000000J0000003S000000070000000X,36.33,2018/12/5,330600,54bd68e4-92b6-43a5-a99b-9a6751c7965e
金华市,0000001A00000031000000070000000X,5.17,2016/12/25,330700,0d6d75ec-4d8c-42b5-ab07-3fdb5ae56d4c
绍兴市,0000000H0000002T000000070000000X,13.67,2018/8/15,330600,05b41d09-de3d-40ba-9810-42d1bf4b5bbe
金华市,0000001E00000031000000070000000X,2.83,2018/1/15,330700,46aff36e-7ae5-4731-aec9-8bd33104b33f
舟山市,0000000D0000002R000000030000000X,43.63,2017/4/15,330900,401da30d-22ea-4455-b7a9-afd1090ec019
绍兴市,0000003100000081000000130000000X,66,2017/4/15,330600,5a7ee20b-8e48-4304-813a-8d4bb3192279
台州市,0000002200000038000000070000000X,2.5,2017/2/25,331000,6336c008-ef4f-4b51-a8c2-551f57aabd76
温州市,0000000D0000002R000000030000000X,46.67,2017/6/15,330300,1a57dd20-a6c7-4418-85e4-a7427a85237d
杭州市,0000000X0000007T000000070000000X,40,2018/10/15,330100,6b98154b-84aa-4398-9e91-4c471acef82a
温州市,0000002U0000007X000000070000000X,4.17,2018/1/15,330300,a68cc1f2-a92a-4c7f-aa1c-6b61d40487f7
杭州市,0000000M0000003V000000070000000X,11.33,2017/2/25,330100,9ec5080e-a54b-4481-88ca-681e8f0122bd
湖州市,0000000P0000003E0000000700000010,5,2018/12/18,330500,f35a7168-4bad-4dfe-961d-c4254dd6067f
台州市,0000001Z00000036000000070000000X,6.33,2017/2/25,331000,82a10c59-7ab6-4649-a5da-6bcc1c8ce7f9
丽水市,0000000X0000007T000000070000000X,40,2018/9/5,331100,c0a7a272-7145-45df-9cfb-5c49792622b5
舟山市,0000000H0000003N000000070000000X,14.5,2018/5/15,330900,9f131f35-8a53-4376-b454-0a8b47d1c3ab
宁波市,0000000M0000003V000000070000000X,14.03,2019/1/15,330200,8154cf81-ae7d-40cb-8189-eb1be7ac8a0e
衢州市,0000000M0000003V000000070000000X,10.5,2017/5/5,330800,2a0ea62c-7f6f-4a3b-ac1a-1e79df7040cd
绍兴市,0000000K0000003U000000070000000X,34,2017/3/15,330600,ad9ca387-1836-4adb-bcef-d413bda11bc6
绍兴市,0000000J0000003S000000070000000X,36.33,2018/9/25,330600,05107ff4-1e2f-4086-90a0-c4aa05c19f7c
台州市,0000000D0000002R000000030000000X,42.67,2017/3/5,331000,bc05c5cc-bf8e-4e0e-b624-460e3aa691c3
绍兴市,0000000Z00000031000000070000000X,4.67,2019/2/25,330600,037a8f90-c217-4d39-9921-5954f3b548f6
杭州市,0000000H0000003N000000070000000X,14.33,2017/11/15,330100,ffaed87c-da84-45f7-b676-e3ab756207f8
金华市,0000001Z00000036000000070000000X,6.33,2019/3/5,330700,a049b478-d372-46b3-ac47-c7ecd487cb9f
丽水市,0000000P0000002W000000070000000X,4.8,2018/6/25,331100,10d035e2-567b-4c6d-9ee3-85d232597db9
温州市,0000001500000031000000070000000X,7.67,2018/10/25,330300,a250040a-cb4f-4a21-b595-c4f33e57e934
温州市,0000001E00000031000000070000000X,5.5,2018/5/15,330300,43808397-62ae-47ef-b808-5911fb2d2db1
衢州市,0000000C0000002Q000000030000000X,70.33,2018/10/15,330800,c719b2ce-7870-4b55-98e5-46b7e97cefa7
金华市,0000001A00000031000000070000000X,5.5,2016/12/15,330700,6d504443-ebb2-4a99-b0e4-2e48feff6853
金华市,0000000S0000002Z000000070000000X,7.67,2018/12/25,330700,ff6e3cd2-2984-4702-960b-af3bb51177bc
宁波市,0000002U0000007X000000070000000X,4.5,2018/12/5,330200,c9026dce-d442-49a1-98ac-0f5d678d9e59
金华市,0000002U0000007X000000070000000X,3.93,2019/2/25,330700,e1765570-3287-45bc-8ad0-c40837ec417c
浙江省,0000000J0000003Q000000070000000X,40.07,2017/11/15,330000,7a828a5a-0d1f-4ffb-8002-e532932e28a1
衢州市,0000002U0000007X000000070000000X,5,2018/5/25,330800,4ab7e11b-30fd-4764-855a-67947c13987d
丽水市,0000000K0000003U000000070000000X,39.33,2018/3/5,331100,b1d62a70-0b6b-464c-855d-4cae4211d966
金华市,0000001Z00000036000000070000000X,5.67,2018/5/25,330700,f0dfaab2-e2a9-45c7-b283-daa66bf24e3f
浙江省,0000000X0000007T000000070000000X,36.52,2016/12/25,330000,3ea07a6e-1a81-4bef-ac36-514d759d69a2
绍兴市,0000001E00000031000000070000000X,4.83,2018/6/5,330600,89eb5dcd-7891-4f9e-a395-1b356963421a
宁波市,0000003100000081000000130000000X,175.33,2017/10/5,330200,5f510eb2-11ef-42b4-915b-957d5a0591cf
浙江省,0000000S0000002Z000000070000000X,8.97,2017/4/5,330000,3374e475-d729-442d-b988-1696cff48a26
湖州市,0000001400000031000000070000000X,5.17,2018/7/25,330500,aedc667c-78ba-4367-949b-dd09e039a58f
湖州市,0000000P0000003E0000000700000010,5,2018/2/20,330500,11fe4cf9-0689-45fa-92eb-1aba687b8299
金华市,0000001700000031000000070000000X,2.5,2017/6/5,330700,1cd9e04d-a3f9-453b-a493-f51f51ec2df5
金华市,0000000J0000003S000000070000000X,36,2017/1/15,330700,923c548d-534e-4792-a831-80ffd36caff3
嘉兴市,0000000G0000003F0000000700000010,10.5,2017/3/14,330400,5c48813b-43e6-4ab1-be1d-ab571d9ce925
丽水市,0000000M0000003V000000070000000X,11.33,2017/9/25,331100,3c333e65-4173-44c4-a6f8-ba2c3112516e
丽水市,0000000P0000002W000000070000000X,5.33,2017/8/25,331100,303ff94e-6557-47a0-b71c-26f1db9241ee
嘉兴市,0000000P0000003E0000000700000010,4.66,2018/4/24,330400,c80555da-a134-49f6-9e96-432e815a1b7a
浙江省,0000000P0000002W000000070000000X,5.08,2018/5/15,330000,ea1b0510-7fa6-4702-a9ff-a6c8fb3804f7
嘉兴市,0000001E00000031000000070000000X,4,2017/1/15,330400,4ca685e3-8d42-48b7-89d5-87e274a05f9b
温州市,0000001400000031000000070000000X,4.5,2017/6/5,330300,6691f1a0-d9a7-4902-ac83-157414ad820e
丽水市,0000000Z00000031000000070000000X,2.33,2017/2/5,331100,d7fde704-c78e-4ad9-8cbb-d4ab397881aa
嘉兴市,0000000M0000003V000000070000000X,12,2019/2/15,330400,ed17d906-0934-4352-a6c2-569d8aad5d8e
湖州市,0000002P0000007W000000070000000X,3.89,2017/3/25,330500,da0f0c68-7f66-4426-8d08-a4af4c6c1ef6
浙江省,0000001400000031000000070000000X,4.18,2017/6/5,330000,7e1f36fc-f6e9-4486-9fe2-e54a8a4ff752
杭州市,0000000H0000002T000000070000000X,17,2017/12/5,330100,7e594495-d910-4e40-95fb-2ab656631d24
温州市,0000000S0000002Z000000070000000X,9.17,2018/1/25,330300,faa9c7a2-cde0-4e7a-af1a-154d064593d9
嘉兴市,0000000H0000003N000000070000000X,15,2017/12/25,330400,2d3d931f-3cc6-4204-8abd-757424840732
金华市,0000000H0000003N000000070000000X,13.67,2019/1/25,330700,3ff52660-32db-4acc-beac-23a816d127c6
绍兴市,0000000H0000003P000000070000000X,24.33,2018/3/15,330600,c487105b-6a88-472e-9d59-df84970115fe
嘉兴市,0000000M0000003V000000070000000X,11.67,2018/12/25,330400,c16ff214-f3bf-455c-b0ce-368010c7d01d
绍兴市,0000001200000031000000070000000X,2.5,2017/7/5,330600,fe678789-5ff3-4de7-8365-8ca06b817346
湖州市,0000001A00000031000000070000000X,6.67,2019/3/5,330500,761650bb-10a8-4958-820f-2f993dcc0377
衢州市,0000000P0000002W000000070000000X,4,2017/6/15,330800,80e8a47e-6796-4f90-8e95-6d88bc702d27
湖州市,0000001200000031000000070000000X,4,2017/4/5,330500,2076a907-da43-46aa-8202-1565bbb9e522
舟山市,0000002200000038000000070000000X,4.17,2017/5/5,330900,7c59fb58-411f-44df-8585-f47511573775
衢州市,0000000S0000002Z000000070000000X,8.83,2018/1/5,330800,a999cbc9-0878-4bd7-9a13-3201fd5d09a1
金华市,0000000H0000003N000000070000000X,13,2018/2/15,330700,caaeb613-84c8-4fed-90ac-b4ee70c06213
舟山市,0000001A00000031000000070000000X,6.2,2018/2/15,330900,1b7fe2bd-a5c3-4a36-8b08-c65282822723
台州市,0000000S0000002Z000000070000000X,10,2018/10/15,331000,80ef4f22-4f7c-420d-8fe7-712577a3e4d1
浙江省,0000001E00000031000000070000000X,4.89,2017/7/15,330000,8ab6e64d-9c0e-4f7a-b865-2b037ee165cd
湖州市,0000002200000038000000070000000X,4.27,2017/3/25,330500,d202e687-54d8-4b4f-bedc-83f125843e3a
舟山市,0000000H0000002T000000070000000X,15.67,2017/4/15,330900,f4647449-1251-4a1d-876d-8d69663fa467
湖州市,0000000P0000002W000000070000000X,4.5,2017/4/25,330500,767c664f-c3c2-4e03-89cd-156f65c91d9c
嘉兴市,0000001200000031000000070000000X,5.33,2018/3/5,330400,85a39be4-3abf-4d99-b96d-2d41770984a1
浙江省,0000001200000031000000070000000X,4.41,2018/1/25,330000,4a19c7d3-2438-43af-a939-22d4c8c014cd
丽水市,0000001400000031000000070000000X,5.5,2018/6/15,331100,247332aa-6bcc-4c59-a951-f301d2165721
杭州市,0000000X0000007T000000070000000X,39.33,2018/4/5,330100,fa5312ba-4cb7-4a93-b4df-3724461331ef
杭州市,0000001700000031000000070000000X,2.67,2018/11/25,330100,f5c7b460-43e7-4ede-946d-f24ec2e93e56
舟山市,0000000J0000003S000000070000000X,33.67,2017/8/25,330900,0bad1069-b5aa-4f59-be39-a83794451232
舟山市,0000000P0000003E0000000700000010,4.8,2018/2/13,330900,72f8a4ce-c1b7-4ca6-a12b-ffcef7d5d7ab
嘉兴市,0000000P0000002W000000070000000X,3.83,2017/3/25,330400,657545fb-5258-4cb3-8321-6f30f0710f93
金华市,0000000P0000002W000000070000000X,5.7,2018/10/15,330700,ab99ec77-26cb-404e-a513-63bad02671f1
台州市,0000001E00000031000000070000000X,3,2018/11/15,331000,1c15ba78-1524-4585-8e80-8207a162e6bc
杭州市,0000000Z00000031000000070000000X,3.33,2017/3/5,330100,2f18d83a-0859-43be-bc26-427dbf8406a5
绍兴市,0000000X0000007T000000070000000X,43.33,2018/6/5,330600,9758bd31-2842-480b-981a-b0f466749136
台州市,0000000Z00000031000000070000000X,5.17,2018/10/25,331000,57caf9a8-60ae-4e5e-98f1-1aa49d8717b1
湖州市,0000001500000031000000070000000X,3.67,2017/7/15,330500,6c561059-d949-4c64-a52f-f37a0b73b304
宁波市,0000000S0000002Z000000070000000X,10.33,2017/12/15,330200,4c2b3163-fcca-408f-8f65-03a33825c9ab
浙江省,0000000S0000002Z000000070000000X,9.31,2018/4/5,330000,00c0c4de-fc86-4741-82eb-5f77d2f8f673
宁波市,0000001200000031000000070000000X,5.47,2018/3/25,330200,4fc64646-3dca-4332-993e-207fde6fdf27
衢州市,0000000K0000003U000000070000000X,33,2018/5/15,330800,079a361e-cdc9-41f9-a4d1-1c8aad2c7cd0
宁波市,0000000C0000002Q000000030000000X,80.67,2017/6/5,330200,b6b6a7df-305c-454b-800a-656dc0c95f91
丽水市,0000000H0000003P000000070000000X,19.33,2018/1/5,331100,18537a0c-6c6f-45bd-a0aa-9cda0ddd3bda
绍兴市,0000000J0000003S000000070000000X,33,2017/6/5,330600,01896b43-0546-4f19-b3ea-083837a694ab
丽水市,0000001E00000031000000070000000X,4.83,2017/8/15,331100,8735ebdf-fccc-4fae-b85e-74ae596bbca3
杭州市,0000001Z00000036000000070000000X,7,2017/9/25,330100,2b31bede-8961-41b8-8660-cf73346693cf
宁波市,0000002200000038000000070000000X,4.17,2019/3/15,330200,068d4940-bb82-4e8f-8ed4-166a2b6bd36a
嘉兴市,0000000H0000002T000000070000000X,17,2017/8/5,330400,96e34280-aa16-46f3-ab73-ba1d88207f83
舟山市,0000000H0000003N000000070000000X,15.33,2017/10/15,330900,a8a7a1a7-6a0e-416d-a18e-d6ff70b6ffce
宁波市,0000000P0000002W000000070000000X,5.33,2016/12/25,330200,de95b1ad-7013-4bc4-8c9b-d02744e57f03
湖州市,0000000J0000003Q000000070000000X,39.67,2018/5/25,330500,8e751490-d6c2-4230-8dab-563163cc18bf
湖州市,0000000J0000003Q000000070000000X,39.67,2018/7/25,330500,3e4da38c-bcbd-4bd1-b513-09e12e2fe629
舟山市,0000000D0000002R000000030000000X,44.97,2017/10/5,330900,2ec7df6f-8271-4cbe-a025-ae5379cee28f
嘉兴市,0000003100000081000000130000000X,79,2018/1/15,330400,116f5c9a-c71c-4346-b002-1d955a785aeb
宁波市,0000000J0000003Q000000070000000X,43.33,2018/12/15,330200,4184321a-6aaf-49e7-a0da-81c319600921
衢州市,0000001400000031000000070000000X,5.67,2017/3/15,330800,7c577706-8d14-4e04-8344-42846745e390
浙江省,0000001A00000031000000070000000X,5.59,2018/9/5,330000,2ea291fb-3c46-48da-af8a-28da1affeb97
衢州市,0000000H0000003P000000070000000X,21.67,2017/10/5,330800,342eb00d-f839-4dbd-9e57-1b8fcc0e818a
金华市,0000002U0000007X000000070000000X,3.93,2018/9/5,330700,6b2cd150-8333-4bf8-ae54-c4724e139e6c
金华市,0000000S0000002Z000000070000000X,8.33,2017/5/5,330700,4ade95d2-213b-4034-832d-9c1c16fd4df6
台州市,0000002P0000007W000000070000000X,3.45,2018/10/5,331000,8a09dc48-c23a-4253-8899-96b1484064b2
浙江省,0000000G0000003F0000000700000010,9.48,2017/10/24,330000,45299c17-ab2a-40a3-8949-e36328cd546e
宁波市,0000002P0000007W000000070000000X,2.93,2018/6/25,330200,c86860e6-793a-437e-b623-22b21b145beb
绍兴市,0000001700000031000000070000000X,2.5,2016/12/25,330600,6bfa3988-6b9a-4155-9f45-417db7c614fd
湖州市,0000002P0000007W000000070000000X,3.89,2018/7/15,330500,045f1fde-f208-4813-8199-56b3302bd76f
嘉兴市,0000000P0000003E0000000700000010,4.33,2018/6/12,330400,d4922d91-881f-43c9-8f23-fdd2e7a58211
杭州市,0000000D0000002R000000030000000X,46.67,2019/1/15,330100,6f4df9d3-b3bb-42e1-8365-993e140b14e5
舟山市,0000000P0000003E0000000700000010,4.8,2019/1/1,330900,0a25c44d-8f49-4b57-a7b8-c8ddca7ce176
嘉兴市,0000000M0000003V000000070000000X,12,2019/3/5,330400,69f4bad1-cd56-441f-9346-ed11eaac0c12
温州市,0000000H0000003N000000070000000X,15.67,2017/7/25,330300,aaf0425a-b031-45c1-a508-447cee03d9dc
绍兴市,0000001700000031000000070000000X,2.43,2017/12/15,330600,4548ef4a-db5e-427f-baf9-4a7102ffcb4c
浙江省,0000002P0000007W000000070000000X,3.06,2018/1/15,330000,89b73e24-4dad-4b39-a002-e0639baed144
衢州市,0000001200000031000000070000000X,3.83,2017/8/15,330800,78fd64f3-000b-4cb4-b772-fb1578df2ac2
绍兴市,0000001700000031000000070000000X,2.67,2017/1/25,330600,4e06a3d9-6177-4620-8404-f964a9b40926
衢州市,0000000D0000002R000000030000000X,37.67,2018/4/25,330800,a152add0-b3ec-4a26-b8a3-cf18b3bcf0d6
嘉兴市,0000000Z00000031000000070000000X,5,2018/1/15,330400,e4b0de4b-8f81-4dcc-b454-d2c02880bfab
杭州市,0000000C0000002Q000000030000000X,62.67,2017/8/25,330100,afaea00a-7e3e-4425-b5da-c556c31dd3ea
丽水市,0000000J0000003S000000070000000X,34.33,2017/10/15,331100,2da96ecd-a813-4b62-a5f3-2275385c9f90
杭州市,0000000J0000003S000000070000000X,35.67,2017/9/15,330100,7063c3ba-8792-496b-8002-d4471a6717f9
浙江省,0000000J0000003Q000000070000000X,39.58,2017/9/15,330000,85357317-4e6d-4868-84a5-03c5e40bf6c9
温州市,0000001700000031000000070000000X,3,2017/12/25,330300,cee86640-1dfc-4c8e-9b37-6e64da944de9
绍兴市,0000000Z00000031000000070000000X,3.83,2017/12/5,330600,8f2d757c-4cec-4068-86ff-c0177949797e
杭州市,0000000G0000003F0000000700000010,11.15,2019/1/1,330100,a02454e7-0bdb-4452-acb6-f2273a65ae0a
嘉兴市,0000000J0000003S000000070000000X,32.33,2017/11/5,330400,53355c34-3f40-443d-87c0-14a804b2b8a8
衢州市,0000003100000081000000130000000X,83.6,2018/5/15,330800,131fe006-c075-46d9-b916-fdadf37425e7
绍兴市,0000000H0000002T000000070000000X,16,2017/2/15,330600,8c977373-49b9-4422-bbb2-e61d8e07e998
杭州市,0000000D0000002R000000030000000X,46,2017/4/25,330100,6f0ad1fc-ff81-46c1-9a3d-fd17a1b8c0cf
浙江省,0000001Z00000036000000070000000X,6.14,2017/6/5,330000,6844140c-5e3c-4265-8d7e-544c148cc46d
舟山市,0000000Z00000031000000070000000X,3,2017/4/15,330900,2d76417d-d851-43ea-a9e8-9f476fe87c91
宁波市,0000001Z00000036000000070000000X,6.57,2018/7/25,330200,ca4150d7-e06f-4bbc-b12a-b6860a4769a3
温州市,0000000P0000002W000000070000000X,5.67,2018/3/25,330300,ce08cdf2-f981-4a2d-b6ae-9bfcb6ae3298
浙江省,0000000J0000003Q000000070000000X,45.05,2019/2/15,330000,25b38eb1-ee05-4e18-8688-fdf346018479
湖州市,0000000P0000003E0000000700000010,5.5,2018/9/18,330500,53105f89-e51e-43cf-82fe-d3c44ffaec67
宁波市,0000002U0000007X000000070000000X,4.63,2017/3/25,330200,c4948adf-08f7-4f58-b6d8-f3e0db537d1b
丽水市,0000001200000031000000070000000X,4.17,2018/3/15,331100,64dbb868-cde1-48d6-acfa-42dbc8829c2a
衢州市,0000001Z00000036000000070000000X,5,2017/10/25,330800,71fb0b29-f015-4745-ba1c-4d6f2c07d837
湖州市,0000000K0000003U000000070000000X,0,2018/5/25,330500,ab07d914-c57d-4c72-bf06-3882c59e362e
绍兴市,0000002U0000007X000000070000000X,4.67,2018/4/25,330600,1addfc18-c3e4-4c53-bdd2-17c56aecc5f5
台州市,0000000J0000003Q000000070000000X,38.33,2017/1/15,331000,a71b57c1-edc1-49a4-9c94-3e7e46aebcac
嘉兴市,0000001200000031000000070000000X,3.5,2018/7/15,330400,499f855a-135e-40e3-861a-02de76a5cefd
杭州市,0000000P0000002W000000070000000X,4.33,2017/4/15,330100,d9602b52-e6ae-4cf1-bf30-4f8afb5f9a5d
杭州市,0000000J0000003Q000000070000000X,46,2019/2/5,330100,0649dcae-188d-46a0-96f6-14ede2971cfc
嘉兴市,0000000M0000003V000000070000000X,11.67,2018/11/15,330400,3911da8d-839b-452e-a289-be1b280bb439
衢州市,0000000G0000003F0000000700000010,10,2017/5/2,330800,44d694ce-68e6-48bf-a39d-7c6367440d7b
金华市,0000002200000038000000070000000X,3.1,2017/5/5,330700,d459d2d4-ee17-4d9a-95e2-b82c247b020d
舟山市,0000000G0000003F0000000700000010,11.5,2018/11/13,330900,a79b365e-0c71-47d3-8289-3b3a68abd7ca
湖州市,0000001K00000031000000070000000X,2.83,2017/5/5,330500,4b774be3-7e19-4362-b5a6-35bf9a59bfbb
舟山市,0000000X0000007T000000070000000X,50,2017/6/5,330900,a7b3bfc8-fa38-49f5-8d3d-d20a7dc0fd9e
湖州市,0000000C0000002Q000000030000000X,56.67,2016/12/25,330500,e4f617d5-9315-4ba0-b3c9-6c4b72b0cf0a
衢州市,0000000P0000002W000000070000000X,6.33,2018/9/15,330800,89446d45-f1c0-4b28-9dd1-e8d9dd106e37
绍兴市,0000000J0000003S000000070000000X,34,2017/12/5,330600,9a510c5c-2558-4d41-9eb2-27094bb06554
浙江省,0000000P0000003E0000000700000010,4,2018/4/24,330000,a8b5f2fd-b627-4686-9a6a-b5d35f4c70e8
绍兴市,0000000Z00000031000000070000000X,4.67,2018/10/25,330600,ccfd4195-8c49-4898-9624-4d3a54204e16
温州市,0000001Z00000036000000070000000X,8.17,2017/2/5,330300,7ca34dc4-923d-4923-9a8e-333c22af74ff
台州市,0000001500000031000000070000000X,5.33,2017/1/25,331000,9e4449d3-73b4-4a29-aa55-deee53f23704
宁波市,0000000K0000003U000000070000000X,36,2018/12/5,330200,95c309b5-e302-4221-b06d-9a332a8a2825
杭州市,0000000H0000002T000000070000000X,17.93,2017/4/15,330100,59b40ead-fed9-4599-af2b-268a3468b301
丽水市,0000001500000031000000070000000X,4.83,2018/9/15,331100,da855204-28f2-4f8f-8b39-160553d185ca
浙江省,0000001E00000031000000070000000X,3.7,2017/5/15,330000,4c490487-b68e-482b-8134-de82d853261b
浙江省,0000000J0000003Q000000070000000X,42.3,2018/2/25,330000,52cabfcd-1b05-463f-9802-cae92bcb9ba8
衢州市,0000000Z00000031000000070000000X,4,2018/8/15,330800,fa2defd1-88c8-464d-a048-ddc6ce15132e
嘉兴市,0000000Z00000031000000070000000X,4.83,2017/7/15,330400,89fea936-0f42-464e-8747-8bcaf9ae44f4
温州市,0000001A00000031000000070000000X,4.67,2017/10/5,330300,b0b3f30e-2885-4e1e-8a4d-f0bef1170c0c
绍兴市,0000001K00000031000000070000000X,2.5,2017/6/5,330600,8f684a89-65c2-47b9-a8ad-ef31d45c068b
金华市,0000001A00000031000000070000000X,5.83,2018/6/15,330700,f245442b-ce52-47d4-9373-6cafc128cbbe
绍兴市,0000002U0000007X000000070000000X,4.33,2017/5/5,330600,94b5eec2-78e2-46d9-a2e6-5deccd002579
金华市,0000001E00000031000000070000000X,2.67,2017/2/25,330700,f4066a90-cbf3-4dc0-8f07-ed174c729bd8
嘉兴市,0000000X0000007T000000070000000X,32.67,2018/10/5,330400,278a919c-d6e8-4b57-a950-8218747b1301
浙江省,0000001200000031000000070000000X,3.94,2017/12/15,330000,b78311f5-ba81-4f1a-8941-4137797ba09b
绍兴市,0000000K0000003U000000070000000X,36.67,2018/7/5,330600,b30d267f-695c-4573-9147-6ed4f580f389
浙江省,0000000P0000002W000000070000000X,5.4,2017/11/25,330000,3b2b3d9a-c0c1-4ff7-8efe-c808831ce91c
台州市,0000001400000031000000070000000X,4.5,2017/7/5,331000,6ad95485-02eb-4808-bb31-1ff05895c432
温州市,0000000Z00000031000000070000000X,4.17,2018/11/15,330300,e17d4cc2-85f1-41c7-95d3-113d789d323e
湖州市,0000000H0000002T000000070000000X,15.67,2018/4/5,330500,82acf280-e933-4b36-96e0-4d12534e302b
绍兴市,0000000J0000003S000000070000000X,33.33,2017/8/25,330600,6dcfd79e-d3fd-42d7-ae18-87079e42a4d4
台州市,0000001K00000031000000070000000X,2.33,2018/11/25,331000,c594b0b9-3140-4a60-ac8f-87071250d03b
台州市,0000000J0000003S000000070000000X,35.33,2018/5/5,331000,d76459ac-758d-44c5-b752-e34a833f9aad
金华市,0000000J0000003S000000070000000X,34.33,2017/8/25,330700,b209fd2c-77c2-4e76-b2b3-5b61e2db5c5c
绍兴市,0000001400000031000000070000000X,7.33,2018/2/5,330600,3e5a6975-57ef-41bd-934b-7d748b694d8c
绍兴市,0000002U0000007X000000070000000X,4.67,2018/7/25,330600,68bf4a53-b848-48cd-96d0-b26b7f548823
绍兴市,0000000M0000003V000000070000000X,10.33,2018/3/5,330600,4485a57d-6825-458e-88f4-932216b66b1a
杭州市,0000000S0000002Z000000070000000X,8.5,2017/4/25,330100,e5a2da19-9e4f-4727-b683-e77dcaa81da6
浙江省,0000001A00000031000000070000000X,5.3,2017/3/5,330000,c2bae31f-4273-4c5b-8719-512ac6dff21b
舟山市,0000001Z00000036000000070000000X,7.67,2018/3/5,330900,1d2c9a8a-bdd0-482a-a38f-66fe0a02c1db
台州市,0000000G0000003F0000000700000010,9.8,2019/1/8,331000,6e068bfb-3d11-4a15-a14b-8818fc421a93
杭州市,0000001400000031000000070000000X,6.17,2017/1/25,330100,1e41086c-0051-4e18-80fb-2f44838d8b45
台州市,0000001200000031000000070000000X,3.33,2017/4/15,331000,1951268d-9c8a-4786-b358-5f08ce5ab56d
衢州市,0000000C0000002Q000000030000000X,70.67,2019/1/5,330800,b2dd315c-148c-45a7-9264-295dcc587c5a
温州市,0000002U0000007X000000070000000X,4.5,2018/5/15,330300,69c1f561-f69a-4edd-af5d-192743c2f2e8
金华市,0000000H0000003P000000070000000X,20.67,2019/1/15,330700,dd25e51d-aa0a-4f0e-a80b-b2df5fbcc5f3
衢州市,0000001400000031000000070000000X,4.67,2017/8/15,330800,160823e4-d710-4a41-b392-0bc12470b09f
舟山市,0000000P0000003E0000000700000010,4.8,2019/1/22,330900,936850f6-671f-41b2-893b-214ad4d34eb0
衢州市,0000000X0000007T000000070000000X,26.67,2017/6/25,330800,d74957b9-6da5-4109-99ec-fae9a23a0e40
杭州市,0000000G0000003F0000000700000010,11.56,2018/9/11,330100,3b007865-4676-4ef3-a8ad-292171ce9466
温州市,0000002U0000007X000000070000000X,3.83,2017/4/25,330300,1c21585e-bfa5-4348-9224-bf81f9f62069
台州市,0000000G0000003F0000000700000010,8.9,2018/8/7,331000,cc13c6df-9707-4134-bd6d-8d88335d0be6
杭州市,0000001700000031000000070000000X,2.83,2017/11/5,330100,51a31c39-4ec2-47ad-b85d-36efe6a7ef13
浙江省,0000000P0000003E0000000700000010,4.75,2018/8/7,330000,75c9c425-5e3b-4717-80f1-0fa7a6571da5
舟山市,0000002U0000007X000000070000000X,5,2017/3/25,330900,306ad667-5b9c-4048-bf0c-b1547e9ce340
嘉兴市,0000000P0000002W000000070000000X,3.73,2017/4/25,330400,ec4d324a-4aac-46d5-afc8-b4ebf939ba82
绍兴市,0000001A00000031000000070000000X,4.67,2017/2/5,330600,84861e8a-ef10-42fc-9884-4c9253f91dc7
金华市,0000001700000031000000070000000X,3,2018/3/5,330700,1e80cfce-41da-4b42-af5f-f502f6f0a492
温州市,0000001Z00000036000000070000000X,8.5,2017/4/5,330300,5f457a2d-85e2-41c5-83a8-647aa26ca57f
绍兴市,0000001Z00000036000000070000000X,3.67,2018/5/5,330600,7e494a12-999c-4958-87b8-256d4cc32540
浙江省,0000001E00000031000000070000000X,5.13,2018/6/5,330000,fa982a6b-a5ef-4d28-ac85-d11a2307749a
台州市,0000001400000031000000070000000X,4.67,2017/11/25,331000,15d25185-b92d-4f87-b3bd-548b116894bf
台州市,0000000D0000002R000000030000000X,39,2018/3/15,331000,af3a5a93-28b4-4c1c-b015-27d185320daf
湖州市,0000000P0000003E0000000700000010,5.3,2018/1/2,330500,16faca58-4b83-4af7-af43-56a95139b5c7
嘉兴市,0000000C0000002Q000000030000000X,69.33,2018/11/5,330400,e3d5b444-771f-4036-8315-db66f8c8df67
宁波市,0000000S0000002Z000000070000000X,9.57,2019/3/5,330200,949d6958-eea0-4073-aa8b-ce80d3223e54
浙江省,0000002U0000007X000000070000000X,4.33,2018/12/15,330000,05065417-ce47-4444-b598-24320e52de41
宁波市,0000000K0000003U000000070000000X,34,2018/4/5,330200,e4eef8bf-4ef3-4556-92ee-268a8ea066c6
浙江省,0000001A00000031000000070000000X,5.03,2017/5/5,330000,cce0673d-5c20-44ff-bfe9-5e44f9cec655
浙江省,0000000J0000003Q000000070000000X,44.3,2019/1/25,330000,188b8eed-c077-40f2-bd10-a23a19ae86b4
舟山市,0000001E00000031000000070000000X,6.5,2018/9/5,330900,ba1c6b63-d7bd-496e-beef-c2603c6c689f
浙江省,0000000C0000002Q000000030000000X,63.85,2018/8/25,330000,dbc986c2-421e-46a4-b2ed-9bd49e42d722
宁波市,0000000X0000007T000000070000000X,38.33,2018/4/15,330200,cc5e8792-cf18-42ec-bb1a-9e3ac776fa4f
绍兴市,0000003100000081000000130000000X,66,2019/3/5,330600,6859f8c8-7327-4d3d-ace5-3999fe8c7d61
舟山市,0000000H0000002T000000070000000X,14.33,2018/4/25,330900,d53b0207-e955-4c18-aa32-cb80d0986726
湖州市,0000001A00000031000000070000000X,6,2018/11/25,330500,2250f002-5dc1-4122-9861-5d08f134824b
绍兴市,0000000H0000003N000000070000000X,13.83,2018/2/5,330600,ad38afe9-3ab2-4ed0-af95-3fbdf8d03683
嘉兴市,0000001A00000031000000070000000X,5.67,2018/4/5,330400,c7665a5d-4499-4c4e-9075-4ce67f456f9d
浙江省,0000000Z00000031000000070000000X,5.85,2018/10/15,330000,9bf28eb2-bcf1-4f5e-82d0-085b8c7801dd
杭州市,0000002200000038000000070000000X,2.87,2017/6/15,330100,23f56ad1-220c-43d7-892b-644f694bd58d
宁波市,0000002U0000007X000000070000000X,4.63,2017/1/15,330200,9a728cf9-2267-4624-8033-97e4a35fb852
金华市,0000002P0000007W000000070000000X,3.9,2017/9/5,330700,fb9b5c18-bd92-40a0-b2b3-aaf63acb658c
杭州市,0000000C0000002Q000000030000000X,62,2017/3/25,330100,5a98276b-beb8-489e-9669-b6e706a86391
杭州市,0000000G0000003F0000000700000010,9.57,2017/8/29,330100,d7223dfe-d979-456d-b4c4-7f686dccb468
丽水市,0000000G0000003F0000000700000010,10.5,2019/2/19,331100,c7cc9ef9-56de-4004-8905-3ce9f38a846b
嘉兴市,0000001400000031000000070000000X,4.5,2017/6/5,330400,1460a7ae-8b92-47f9-9c52-0deb9a320915
台州市,0000000J0000003Q000000070000000X,38.33,2018/5/25,331000,f2e04d2f-8864-48c8-b148-70d1f30ec9b8
浙江省,0000000S0000002Z000000070000000X,9.32,2018/8/25,330000,4fbee1a9-1258-4eae-969e-b230681c0665
宁波市,0000000K0000003U000000070000000X,32.5,2017/5/25,330200,c51ca2b8-b1a5-4d5f-89ee-98ade9b88793
嘉兴市,0000000G0000003F0000000700000010,9.85,2018/8/21,330400,97632faf-a649-4814-91d2-29c06a7d3f62
丽水市,0000000P0000002W000000070000000X,5.33,2018/3/25,331100,ac35587d-84fa-473e-b2cd-5deb4d33eab1
衢州市,0000000Z00000031000000070000000X,2.67,2017/4/25,330800,19166e83-c1c3-4eff-a58d-a69c47b111d0
舟山市,0000000P0000002W000000070000000X,5.67,2018/12/15,330900,14f2fa2d-213f-400c-af17-9bb5f727c1df
湖州市,0000001400000031000000070000000X,5.33,2018/12/15,330500,d51d6f51-8189-41b3-a605-b7df1f130150
绍兴市,0000003100000081000000130000000X,66,2017/5/5,330600,0d845ff2-8a0b-4509-be00-c0b7c19c452d
衢州市,0000001K00000031000000070000000X,3.33,2018/2/5,330800,4dc7de0f-c0cd-45c8-8a2d-e75d7f4462c3
嘉兴市,0000001500000031000000070000000X,4.83,2017/10/25,330400,3e3df85a-c88f-4873-99ef-79a4a6043204
绍兴市,0000002U0000007X000000070000000X,4.67,2018/11/25,330600,9a6fe785-4fb8-41b6-bae1-cacea84192ba
衢州市,0000000G0000003F0000000700000010,7.3,2018/3/13,330800,ce4bdb6b-4ddd-4226-9228-5947e5dfe337
衢州市,0000001A00000031000000070000000X,6.33,2017/7/25,330800,5d8837d6-54b1-4157-abb9-c83bf540b57b
台州市,0000000C0000002Q000000030000000X,63.33,2017/8/25,331000,24b643c2-9b4c-43da-95f9-7681bdb00e44
杭州市,0000000H0000003N000000070000000X,14.33,2018/12/15,330100,b366facc-6a97-4163-9bad-8a025d6b4c33
湖州市,0000001500000031000000070000000X,5.5,2018/11/25,330500,b18b7f7c-81a3-4e9d-9b49-8a8f972d242a
金华市,0000002200000038000000070000000X,3.5,2017/6/25,330700,625abf32-e023-4a89-b430-7aa68ad6ed6b
浙江省,0000000H0000003N000000070000000X,13.29,2018/4/5,330000,15df92a5-efa5-431e-982f-fbe55ed2d837
丽水市,0000001A00000031000000070000000X,4.33,2017/8/25,331100,86e3b723-db70-478b-9887-837401ce1722
浙江省,0000001500000031000000070000000X,4.26,2017/5/15,330000,72a3bb4c-aa9d-4493-8cac-15373906a16d
宁波市,0000002P0000007W000000070000000X,3.27,2017/10/15,330200,6a8b2ee1-791f-4f62-a2b2-7a63aede36c4
丽水市,0000000C0000002Q000000030000000X,70.23,2018/4/5,331100,362b120c-a8ad-421a-a79d-850c9ecc51f5
温州市,0000002U0000007X000000070000000X,4.33,2017/12/15,330300,67b65843-1f43-474a-98a3-99f95426e099
嘉兴市,0000000J0000003Q000000070000000X,40.67,2018/4/15,330400,5e0e64cf-009a-407a-9698-47aa6c6591f7
杭州市,0000000P0000003E0000000700000010,4,2018/3/27,330100,5c00ceb0-871b-44a4-9cad-9fa2ea4c6780
丽水市,0000001200000031000000070000000X,2.83,2017/4/25,331100,ad5ede12-8871-412d-8584-38ea95dbd9f2
丽水市,0000000J0000003S000000070000000X,34.33,2017/5/5,331100,000bfec3-128a-4aff-975c-dc091888a025
金华市,0000002P0000007W000000070000000X,3.9,2017/7/25,330700,d8a143f1-ef44-4061-9654-b5e6b299c0a5
宁波市,0000002P0000007W000000070000000X,2.93,2018/4/25,330200,8c4db2fb-0ce9-407e-94ca-5676542e3b47
嘉兴市,0000003100000081000000130000000X,79,2017/11/25,330400,36fa32bb-12e0-4154-b76e-7fca9e49b744
舟山市,0000001Z00000036000000070000000X,7.5,2017/5/15,330900,86de3feb-8492-4354-8049-657db07e35bf
湖州市,0000000H0000002T000000070000000X,16,2018/3/25,330500,7d1abc58-e6f0-4721-80e1-2138b4da12d3
台州市,0000000P0000003E0000000700000010,5.04,2017/12/19,331000,33ee7869-4b5a-42d2-8e67-bf1a100ac6b4
衢州市,0000000H0000003P000000070000000X,21.67,2017/11/25,330800,e03c2f84-c338-4871-83d1-abb51a2db6c6
台州市,0000000J0000003Q000000070000000X,38.33,2017/6/5,331000,be9db17d-a0a3-45cb-9871-a0389f9bce9b
浙江省,0000000X0000007T000000070000000X,40,2017/3/25,330000,8efb39ff-0b29-4750-ba96-3b89a0faa68f
台州市,0000002200000038000000070000000X,3.17,2017/6/5,331000,8b2772b1-ceed-483e-b71f-7c79329f15b7
台州市,0000000P0000003E0000000700000010,5.08,2018/8/21,331000,2ca386a5-c399-46dd-b6ee-9c29632decb5
衢州市,0000001Z00000036000000070000000X,5.33,2018/8/5,330800,e6a7b8da-7fc3-4978-94bc-c5dd8060be73
金华市,0000000P0000002W000000070000000X,5.1,2018/1/15,330700,ef3f35ae-8ddf-43ca-9214-9ba3fdc1f05c
宁波市,0000000C0000002Q000000030000000X,76.83,2017/12/5,330200,307e62e8-f2dc-48d8-8705-9184aff99862
浙江省,0000000P0000003E0000000700000010,3.39,2017/7/4,330000,36c9c91c-82b9-4158-bf6d-4a8bb176770e
衢州市,0000001Z00000036000000070000000X,5.33,2018/8/15,330800,884a9396-8eca-4ba6-9be1-b27d1443aedb
杭州市,0000000P0000003E0000000700000010,4.9,2018/1/16,330100,ac5c70ff-1289-49db-b51a-e4e2c2a1b1af
嘉兴市,0000001500000031000000070000000X,5.83,2019/3/5,330400,ccd523ca-d971-4306-be78-f2c16186deea
湖州市,0000001A00000031000000070000000X,6.67,2017/8/15,330500,636c47cb-e91f-4337-8fff-64bcda4a4c2e
绍兴市,0000002U0000007X000000070000000X,4.67,2018/8/15,330600,06a82add-7fe2-4320-84e1-868365fd79eb
宁波市,0000000D0000002R000000030000000X,42,2018/5/15,330200,4bf4ad1e-7a0e-4f2d-be7f-a5b5f564d2b9
宁波市,0000001E00000031000000070000000X,5.1,2017/10/25,330200,7703ad6d-e73e-4b58-97a8-62459aea7230
嘉兴市,0000001700000031000000070000000X,3.33,2018/5/25,330400,7651cadd-fef5-436b-9487-2dbf63a40728
湖州市,0000003100000081000000130000000X,77,2017/2/15,330500,d6c4f3a3-4ddc-4ff6-89d8-4720b9ac7cd2
杭州市,0000001E00000031000000070000000X,5.27,2018/6/15,330100,55d3197c-6960-42bb-88d8-4fdbf0840891
杭州市,0000001E00000031000000070000000X,5.17,2018/5/25,330100,52fccc5b-64e8-48f1-8316-42c9fa111eb6
衢州市,0000001700000031000000070000000X,2.67,2018/12/15,330800,cf01ff14-3e4d-41f4-a572-7a7febf43a2f
杭州市,0000000P0000003E0000000700000010,3,2017/4/18,330100,42a246d9-18c1-498d-8b3f-66e53aef483f
绍兴市,0000000K0000003U000000070000000X,37.67,2017/7/15,330600,c2597489-1897-4320-8685-e59afe222e91
丽水市,0000001500000031000000070000000X,5,2019/1/5,331100,a2c122ec-5bce-4f10-b233-1e509a48c698
杭州市,0000001E00000031000000070000000X,5.33,2018/4/5,330100,0af10fc5-e778-454c-97fd-819595045b3d
嘉兴市,0000001500000031000000070000000X,3.5,2017/6/25,330400,a1b3b4bb-444d-4866-93b1-97bfa8c8314e
金华市,0000000G0000003F0000000700000010,12.4,2017/1/24,330700,e8cf231f-a951-4fdf-bf51-00260f5b4319
浙江省,0000001200000031000000070000000X,3.86,2018/8/15,330000,bf06bab0-53cc-4c7a-8496-ee00dc6598d4
台州市,0000002U0000007X000000070000000X,4.33,2016/12/15,331000,1599bd13-b6ab-4ca3-954e-d9913fb01492
浙江省,0000000G0000003F0000000700000010,9.98,2017/12/12,330000,08bb6400-77fd-44da-aa99-26b96a9d5cf8
浙江省,0000000J0000003S000000070000000X,34.67,2017/5/5,330000,0d2fe86b-ddf2-4f28-a951-4e983f7aa50d
嘉兴市,0000001400000031000000070000000X,4.67,2017/11/25,330400,78970d27-97fe-435c-8ede-0eb0dd8b4889
杭州市,0000000H0000003P000000070000000X,23.33,2019/3/15,330100,d6c0c5e7-9a23-49c2-9fe8-b8bb9f095f09
丽水市,0000000P0000002W000000070000000X,4.6,2018/4/25,331100,160fa765-3ff4-4402-b885-05380a6be53e
杭州市,0000000P0000003E0000000700000010,5,2017/9/19,330100,4a4a1035-fceb-4c04-a85f-697d1139e78b
衢州市,0000001Z00000036000000070000000X,5.33,2018/10/25,330800,0aa8da56-479f-4900-a0e9-e0e72738e7cb
温州市,0000000Z00000031000000070000000X,3.5,2017/1/25,330300,c4f37ded-783b-4918-b4e0-8eb5c37a14fe
绍兴市,0000001200000031000000070000000X,3.83,2017/11/5,330600,c7b377ac-5318-40c1-8d2a-3a85b1348afe
温州市,0000003100000081000000130000000X,63,2018/3/25,330300,becd8850-1d82-4bd9-b432-237a29e3e090
衢州市,0000001500000031000000070000000X,4.17,2017/9/15,330800,88ea8153-28d0-407b-983a-c1ecf8ef1f21
杭州市,0000000P0000003E0000000700000010,5.1,2017/12/19,330100,21d6a361-5180-4905-9831-95c841a915e5
金华市,0000002U0000007X000000070000000X,4,2018/6/25,330700,61bb83ba-44bb-48e9-beb1-c7eb9d724b5a
湖州市,0000002200000038000000070000000X,4.67,2018/3/25,330500,a36be2d2-8419-46ff-abb7-59e94027403e
浙江省,0000000Z00000031000000070000000X,5.09,2019/2/15,330000,fa01b6c0-0f54-44c1-9782-b7b38302dbd1
舟山市,0000002U0000007X000000070000000X,5,2017/2/5,330900,b200b9b8-e9ab-4b61-8000-788a8e1bca99
台州市,0000001700000031000000070000000X,2.17,2018/10/5,331000,ac59e61a-cd17-408d-baa2-b7411d872e21
金华市,0000000P0000002W000000070000000X,5.27,2019/1/15,330700,14af136f-7638-4bba-9ce6-737ff841ba83
台州市,0000001Z00000036000000070000000X,6.33,2018/7/5,331000,8d90ebe6-4367-4006-9137-d0bc666cd2c9
嘉兴市,0000000G0000003F0000000700000010,8,2018/5/29,330400,daa924ae-89c2-4415-988c-32730c0202f9
台州市,0000001Z00000036000000070000000X,5.67,2018/1/25,331000,851e9dfd-7700-4600-8205-b5a81b628e64
嘉兴市,0000000P0000002W000000070000000X,4.83,2018/4/5,330400,d1708bce-d964-4075-9028-766a6e5f6675
衢州市,0000000H0000002T000000070000000X,16.33,2018/5/5,330800,2fc33e5f-2c6f-45b6-bab4-f26ecf9ea269
衢州市,0000000H0000003P000000070000000X,21.67,2017/9/15,330800,dbe393b1-b883-4b30-b26d-7bfe684e7903
台州市,0000001K00000031000000070000000X,3.17,2017/10/15,331000,a8a16c69-c986-4ebf-93b2-d567af938b84
嘉兴市,0000000S0000002Z000000070000000X,8.5,2017/5/5,330400,cea61875-5a86-4888-8e9b-abf655ed5ac8
衢州市,0000002P0000007W000000070000000X,3.06,2019/1/15,330800,5adf9ce5-25bc-47f1-9043-7884964e302a
金华市,0000000P0000003E0000000700000010,3,2017/2/21,330700,85893759-ddf9-4ac9-a1f4-365783818caf
绍兴市,0000000K0000003U000000070000000X,33.33,2017/3/5,330600,bc44e5b2-9ad5-430a-b38c-a233a410388e
浙江省,0000001A00000031000000070000000X,4.69,2017/7/15,330000,350f0705-be6f-4120-b5f2-0d3c60d741d0
浙江省,0000001500000031000000070000000X,4.21,2017/5/25,330000,4ce641ef-d223-4441-83df-3099e6bb423d
金华市,0000001500000031000000070000000X,5.33,2018/12/25,330700,80660146-1798-4dc5-bbe5-4481f988a6e9
嘉兴市,0000000H0000003N000000070000000X,14.33,2018/9/25,330400,7d6daae6-991e-4bce-b70e-1202fbba0eaf
宁波市,0000000G0000003F0000000700000010,13.19,2018/10/9,330200,ce2eb917-c266-443e-99f6-8b40b72ba268
湖州市,0000000C0000002Q000000030000000X,57.67,2018/2/5,330500,5b600bca-9d0d-4bd7-8ade-272fc6e6cc2a
宁波市,0000002200000038000000070000000X,3.83,2017/10/15,330200,3ffad1b8-75b5-4e6f-833d-e5b0b032dd2c
台州市,0000000H0000003N000000070000000X,13.17,2017/4/25,331000,c17df69b-6e07-4b71-8995-c3867b9679a3
湖州市,0000000P0000003E0000000700000010,5.2,2017/12/12,330500,62e7b06f-bc8b-43a5-9797-e0ec6792dcbb
湖州市,0000002U0000007X000000070000000X,3.77,2019/1/15,330500,7e0f7938-0d75-421d-a4ec-48da7e82b226
湖州市,0000000Z00000031000000070000000X,5.83,2018/6/5,330500,f2db4727-8a58-4f95-9a09-b28ed7228bb2
温州市,0000000M0000003V000000070000000X,16,2018/6/25,330300,fe2cf973-e737-40db-ae60-29f1f20e9219
金华市,0000000G0000003F0000000700000010,11.1,2017/4/11,330700,d9f09f7d-e0c9-47d4-9534-a6595eb5092e
绍兴市,0000001E00000031000000070000000X,4.33,2017/10/5,330600,d8d35c10-7f13-4920-8680-2fd764de8cdf
绍兴市,0000000P0000003E0000000700000010,5.1,2018/2/6,330600,3a7315a9-df87-478e-ab59-14046f45738b
舟山市,0000000X0000007T000000070000000X,37.33,2018/11/5,330900,5561a70b-5a04-4a7d-95d1-3eecee0950f2
杭州市,0000001Z00000036000000070000000X,6.77,2017/5/5,330100,b7a0baad-3518-4413-a6ab-b8ebb3f89fbe
台州市,0000002P0000007W000000070000000X,3.45,2018/10/15,331000,2062d7f1-9b98-4571-a109-e72bdaeed1c8
杭州市,0000001A00000031000000070000000X,4.97,2017/7/25,330100,b2cd664d-d026-433e-9e23-ac80a558ec12
杭州市,0000000X0000007T000000070000000X,42,2018/2/25,330100,50a63c67-6279-4c68-a5f4-a136506205dc
嘉兴市,0000000S0000002Z000000070000000X,9.17,2018/10/5,330400,da9a2e0d-dbbf-482c-bc96-f597d8db76dc
绍兴市,0000000H0000002T000000070000000X,14,2017/7/25,330600,b2a26557-8372-478f-a7ad-d7e021a49bc6
舟山市,0000000H0000002T000000070000000X,15.33,2018/2/5,330900,6c84f4c4-48e3-46bd-9cd2-53b4905cb7c6
丽水市,0000000K0000003U000000070000000X,33.67,2017/6/15,331100,d062cbfb-8612-41a4-aef8-874724809b8f
湖州市,0000000Z00000031000000070000000X,4.17,2017/12/5,330500,95d8e27a-82cb-4686-9a67-426a2203e501
金华市,0000001700000031000000070000000X,3.17,2017/2/15,330700,559a8f75-00e4-4e30-a595-15cf00b5e6ef
台州市,0000000P0000003E0000000700000010,2.52,2017/5/23,331000,a1013452-d985-49ef-b247-5e5521710fc9
台州市,0000001200000031000000070000000X,3.17,2018/6/5,331000,5387dac3-637d-4b6c-b1cd-072011c666ad
丽水市,0000000C0000002Q000000030000000X,70.23,2017/12/15,331100,de07bae7-5214-4bd0-b755-12028b21eb99
台州市,0000000G0000003F0000000700000010,9.25,2019/2/12,331000,2e21c941-c077-4d1a-b068-ae8d64b7951e
浙江省,0000001E00000031000000070000000X,4.55,2017/11/5,330000,7621fb99-3735-45cc-8b9e-ae89006d548c
温州市,0000000H0000003P000000070000000X,25.67,2018/1/5,330300,439fc408-9a4d-4f01-a6e6-9d90ee70860c
杭州市,0000000G0000003F0000000700000010,9.83,2019/3/5,330100,2b383f33-270e-46da-9792-f2c4d92b4ba8
金华市,0000001K00000031000000070000000X,3.67,2017/10/15,330700,70b74f5f-1556-4a9b-874c-5b23f7d7a3f5
嘉兴市,0000002U0000007X000000070000000X,4.17,2018/1/15,330400,f477301a-e14a-4e74-85b7-3cfe9e2ddf54
杭州市,0000001Z00000036000000070000000X,6.77,2017/1/15,330100,06d23b3e-5cca-4526-82a1-5023068234a9
丽水市,0000001E00000031000000070000000X,2.83,2017/3/5,331100,9517567e-5ca0-45b1-b97d-56bfa4751877
丽水市,0000000C0000002Q000000030000000X,70.23,2018/11/25,331100,6f61c20a-c65b-4ccc-a674-f39b32115e8c
宁波市,0000002P0000007W000000070000000X,3.1,2017/4/25,330200,14dd8714-5cb1-4c67-b9c3-6638ee22c21d
嘉兴市,0000000M0000003V000000070000000X,10.67,2018/6/5,330400,dddc3bff-69ad-4e49-91b8-a5345c6edd5b
温州市,0000001A00000031000000070000000X,5,2016/12/25,330300,23fc56a4-dff1-48fd-a43b-7c9f3fe78cca
浙江省,0000002P0000007W000000070000000X,3.14,2018/7/15,330000,1cb27159-b598-4577-a500-0fa6b460d22c
台州市,0000000C0000002Q000000030000000X,63.33,2018/4/5,331000,3feb434d-9da5-4aeb-b192-b08e86796015
台州市,0000002P0000007W000000070000000X,3.45,2018/6/25,331000,e04eadf9-d26e-42ae-ab8c-c5526f80d1bf
湖州市,0000000C0000002Q000000030000000X,57.67,2018/3/15,330500,7deeeff3-7e90-4f78-b605-9c9d64032baf
温州市,0000001200000031000000070000000X,4,2018/5/5,330300,67bd7054-6ce1-483b-b11d-7f029b594aa0
浙江省,0000000H0000003N000000070000000X,15.09,2016/3/5,330000,9c975342-42aa-4858-907e-604ec43d9e9b
衢州市,0000000S0000002Z000000070000000X,7.83,2017/1/15,330800,f5a2bdc8-83c9-4b38-b511-d8a65a80a9b6
舟山市,0000000H0000003N000000070000000X,15,2019/3/15,330900,c78ef2fe-977d-4041-aadb-0a310504a6a6
杭州市,0000000P0000003E0000000700000010,5,2017/12/5,330100,6ff186d6-213f-4f58-af57-f4e6ebd41726
浙江省,0000000H0000003N000000070000000X,13.1,2018/8/5,330000,5689bff7-62b2-4d87-a8f3-685f6b5381f5
衢州市,0000000Z00000031000000070000000X,4.17,2017/8/5,330800,b5d1e4ef-cea4-4779-8dbb-83f396c31f2c
杭州市,0000000D0000002R000000030000000X,46.33,2017/2/5,330100,d081f18b-1223-4a42-812e-9cb35197e47b
舟山市,0000000J0000003Q000000070000000X,41,2018/8/25,330900,935cddb5-9d83-444c-adb8-d6ccfd4df361
舟山市,0000000G0000003F0000000700000010,10.2,2017/12/12,330900,ab3c9551-dca3-4029-b91e-49d006a3dd12
浙江省,0000001A00000031000000070000000X,5.82,2018/11/15,330000,09ab1b7e-ce00-401e-bb37-d4861f8d4f95
浙江省,0000002200000038000000070000000X,3.25,2017/7/15,330000,26633dd6-c09a-4edf-bbb1-c56b7470528a
湖州市,0000000H0000002T000000070000000X,15.67,2019/1/5,330500,4e576260-ff36-4dd1-80ef-c27d2df28353
金华市,0000000C0000002Q000000030000000X,68.87,2018/9/5,330700,5a1ae0ec-9ad5-419d-b1c8-2db2b93d1658
嘉兴市,0000002U0000007X000000070000000X,4,2017/11/15,330400,8d82b80a-872d-4a64-bbcc-95498bea0ac5
舟山市,0000002P0000007W000000070000000X,3.33,2018/10/5,330900,9261de7a-b2ad-40ae-a63b-685f26ab9034
温州市,0000000X0000007T000000070000000X,36.67,2017/9/5,330300,6eff4d32-51c1-40f4-9dee-4cf5619d7613
嘉兴市,0000000G0000003F0000000700000010,9.8,2017/9/26,330400,a6909423-5d43-4e01-ab8f-4faf3dc00515
舟山市,0000001500000031000000070000000X,4.33,2017/7/5,330900,d3b7e278-bddc-42ae-9fee-cdb8fcd2c80b
杭州市,0000000Z00000031000000070000000X,5.53,2018/7/5,330100,6eec1127-7266-4c67-abb3-298a88c5d980
舟山市,0000001200000031000000070000000X,3,2017/6/25,330900,0c1cdd77-3d7a-4dbb-8bc1-6ce6c9684fb7
湖州市,0000000J0000003S000000070000000X,34.67,2018/4/25,330500,1625d329-cbd1-45d1-8ba7-ff76b58153e8
金华市,0000000S0000002Z000000070000000X,7.5,2018/8/5,330700,2970dc19-948e-4e79-b842-bf5e30fad64a
杭州市,0000000H0000003N000000070000000X,15.17,2018/3/15,330100,2d77d87a-8b84-44d9-b568-9a165f432613
杭州市,0000000X0000007T000000070000000X,39.17,2017/2/5,330100,aa0af9e5-869a-4da4-b0e1-313d64dc755c
衢州市,0000000P0000003E0000000700000010,4.9,2018/1/30,330800,2cbc397e-d63d-4996-90d8-fd826a0f9c37
温州市,0000000C0000002Q000000030000000X,60,2017/12/25,330300,1c5ef6aa-2f25-4c22-b5b9-de9606ac4a2c
绍兴市,0000000P0000002W000000070000000X,4.43,2017/5/5,330600,109aff3a-84c8-4b2a-b9d7-16f52becd0bf
湖州市,0000000P0000002W000000070000000X,5.33,2018/5/5,330500,e9d7facb-2ab1-4695-a4df-f14a81ef717e
浙江省,0000000J0000003Q000000070000000X,39.56,2017/8/25,330000,3c487652-e52c-410f-a5a4-6c556045bd2f
嘉兴市,0000000G0000003F0000000700000010,9.5,2017/11/7,330400,e63e9323-e67e-45a1-8b5f-f0eaca9d0845
台州市,0000001200000031000000070000000X,5.5,2019/1/25,331000,b85f6867-ae63-4069-81ec-8a3f2a4f0e13
衢州市,0000001E00000031000000070000000X,4,2017/5/5,330800,7a3e64f4-9ec8-4878-ae88-aeb33c754c5c
金华市,0000000M0000003V000000070000000X,12.33,2017/5/25,330700,95999b05-5820-4e94-869e-6f11c938fdfc
宁波市,0000001Z00000036000000070000000X,7.47,2019/1/25,330200,167ecf1d-d5c3-46a3-bc85-60b1c4f8d017
丽水市,0000000M0000003V000000070000000X,10.67,2018/7/5,331100,b890b4bc-a92f-47bd-80b5-9ef75bd14165
温州市,0000000M0000003V000000070000000X,14.67,2017/4/5,330300,6183ba1a-dba8-4c60-8ef6-7ff734bd2376
杭州市,0000000K0000003U000000070000000X,33,2017/3/25,330100,ff707710-f813-4f72-b319-1930bb71945d
湖州市,0000002P0000007W000000070000000X,3.89,2018/1/15,330500,4d40d5ca-aa02-4615-b3b0-1f29ad2eac9a
湖州市,0000000J0000003S000000070000000X,34,2017/7/5,330500,830b693d-9a99-460d-afb6-08740d82dd3d
台州市,0000000X0000007T000000070000000X,28.67,2018/2/15,331000,3b9787f8-f500-4305-b31b-979aa5f0797d
杭州市,0000000C0000002Q000000030000000X,62.67,2018/3/25,330100,5c1fb680-9d69-4c1a-b000-f39df98c771d
丽水市,0000000Z00000031000000070000000X,4.17,2018/6/5,331100,00e01077-54f6-4939-9224-e7d8015fb7e9
台州市,0000001700000031000000070000000X,2.17,2018/5/15,331000,0cd4e984-76c1-460f-b4b8-ed6e767effa5
舟山市,0000000C0000002Q000000030000000X,50.3,2019/3/15,330900,0672a1e1-38b5-4e28-b689-f5a01b93dd3d
丽水市,0000001700000031000000070000000X,2.17,2016/12/15,331100,023bcad1-c227-4fbc-8548-acc0a7964a7f
台州市,0000001200000031000000070000000X,3.33,2017/9/15,331000,1c2bb67b-4e70-4baa-bb6e-6f85e9ad85f2
台州市,0000000P0000003E0000000700000010,3.88,2018/3/27,331000,ec782a04-9b50-4d43-aa64-eea7fe5098f7
湖州市,0000000M0000003V000000070000000X,17.33,2016/12/25,330500,cc6320c4-ea16-49fc-a869-b546976528ee
杭州市,0000000P0000003E0000000700000010,4.4,2018/7/24,330100,32ed770c-18ed-4052-893f-6ab6e88e3449
衢州市,0000001500000031000000070000000X,3.67,2018/2/5,330800,6f7fc7c7-9256-4978-a740-19af600a9256
杭州市,0000000X0000007T000000070000000X,39.17,2017/1/5,330100,9f1847d4-2bb5-4ffe-a74d-24ba2567638c
浙江省,0000000X0000007T000000070000000X,40.62,2017/2/15,330000,b831610e-d57c-4ec2-9c46-ff08cf3c542d
绍兴市,0000001700000031000000070000000X,2.67,2017/3/15,330600,46b78ce1-fa5c-457c-9db4-488f7bd0796c
绍兴市,0000000Z00000031000000070000000X,6.67,2018/9/15,330600,e2e7718d-71bf-40fe-91fc-9f87c3cb3df7
温州市,0000002P0000007W000000070000000X,2.33,2017/7/25,330300,970a47aa-6675-42d0-8f95-40e5db89cc0c
湖州市,0000000J0000003S000000070000000X,34,2017/8/15,330500,fb05df6c-0af5-4800-b5a7-c73dc582337c
杭州市,0000002200000038000000070000000X,2.67,2017/11/25,330100,4c818757-5383-4b0e-8024-51cde5c267de
浙江省,0000000H0000003N000000070000000X,12.8,2018/4/25,330000,3b5d69f2-9e77-4e5b-a0af-0d4cb6c5cc52
衢州市,0000000S0000002Z000000070000000X,8,2017/2/25,330800,9bf67da3-191e-40b7-88a4-56be3de00440
湖州市,0000000H0000003N000000070000000X,14,2017/7/5,330500,97941c34-5713-4ef1-99b4-d05bafaf533e
丽水市,0000002200000038000000070000000X,2.83,2018/1/5,331100,8feee07d-a90e-4421-a125-f31f4df5f99a
宁波市,0000001E00000031000000070000000X,4.73,2018/5/15,330200,23751ec1-db21-47cc-bb9f-f4001c8bc770
金华市,0000001400000031000000070000000X,5.67,2018/10/15,330700,538cc117-57c2-4d75-bbe6-ccce0a2b4906
湖州市,0000001E00000031000000070000000X,4.33,2018/5/25,330500,c0f14c90-a67b-48bd-850d-d98c26d98b7c
衢州市,0000000J0000003S000000070000000X,38,2018/11/15,330800,017894e6-abb6-4d56-9659-978eb462f42d
金华市,0000000J0000003S000000070000000X,36,2018/10/5,330700,eed190e2-584f-4af0-98ed-dea18a97b4cb
台州市,0000000P0000003E0000000700000010,4.8,2017/9/26,331000,6fb5049c-81bd-46bc-8443-9082cfa032f3
温州市,0000000X0000007T000000070000000X,38.33,2018/11/25,330300,7cd980c4-168d-48ac-bd57-76e4da815361
嘉兴市,0000001700000031000000070000000X,3.17,2017/4/25,330400,d1810438-bfb3-4d98-9371-67fe651ac752
杭州市,0000001A00000031000000070000000X,5.5,2019/1/15,330100,c08e693e-7bd9-4228-991f-5dca42ea0350
浙江省,0000000H0000002T000000070000000X,15.85,2017/12/15,330000,4449ff8f-0a79-494d-b95e-d44fda55fe91
浙江省,0000000J0000003S000000070000000X,35.09,2018/7/25,330000,d1e74c3d-2e9e-4057-8a42-fcde33ebb55f
宁波市,0000001200000031000000070000000X,3.8,2017/4/25,330200,3cb4b0ad-52d4-45c1-a050-28948b6481cd
杭州市,0000000S0000002Z000000070000000X,8.53,2017/10/5,330100,abbf910e-7d16-4179-8b3f-bf79b4aa6da0
温州市,0000001Z00000036000000070000000X,6.33,2018/4/25,330300,603e8f4b-891f-44ad-b010-b8096dd4a12b
宁波市,0000000C0000002Q000000030000000X,73,2018/12/15,330200,b57a0554-ad69-4a84-97d4-61bcdcce7a8a
杭州市,0000000H0000002T000000070000000X,17.5,2017/3/5,330100,91723821-7ec3-4af3-be5d-7ae5b54fe865
浙江省,0000000G0000003F0000000700000010,10.48,2017/4/11,330000,19bcdc1d-75e2-45a1-b8f2-e691fc5c5419
金华市,0000002P0000007W000000070000000X,3.9,2017/10/15,330700,eb387858-28ce-464a-ad81-4522404892f3
嘉兴市,0000001Z00000036000000070000000X,4.67,2018/7/25,330400,c7c1d93b-3cae-40be-87f9-4b3635eb0ddb
丽水市,0000001K00000031000000070000000X,4,2019/3/15,331100,bc9e0a65-872d-4502-949e-2e84eb03d699
嘉兴市,0000000P0000003E0000000700000010,4.43,2018/6/19,330400,caae324c-2d2d-4699-aac9-64fe0bae57c6
温州市,0000001500000031000000070000000X,4.83,2018/9/5,330300,0bfad114-6083-47e4-bc65-68756f31e77a
台州市,0000000M0000003V000000070000000X,10.67,2018/7/25,331000,47d0229c-9c5e-476b-8c50-5817fa0cc656
舟山市,0000000J0000003Q000000070000000X,39.67,2017/9/5,330900,9ef2fa64-8340-4d47-8649-0f69c3bab496
绍兴市,0000001E00000031000000070000000X,3.17,2017/5/25,330600,40aff711-5b7b-4d5a-a071-80d4c3c25e17
湖州市,0000000P0000002W000000070000000X,5.5,2018/11/5,330500,fb2470e0-7579-4f2c-8be8-5ccf157c4bd7
杭州市,0000000G0000003F0000000700000010,9.07,2017/8/1,330100,e752590a-6b5e-4f23-a045-2297b220ec6d
杭州市,0000000X0000007T000000070000000X,38.83,2017/3/5,330100,e58498d1-dfc1-4961-857a-0f8e37a89ce0
丽水市,0000000D0000002R000000030000000X,54.6,2017/3/5,331100,510d7d4d-5624-4ca7-a9e7-50c86e7d3a99
嘉兴市,0000000G0000003F0000000700000010,11.85,2017/1/3,330400,2d35cda3-45c2-428d-a368-c4ed2f8e4f6d
宁波市,0000001A00000031000000070000000X,4.1,2017/4/15,330200,6c8dd6c2-b114-41a4-bf48-7f4a2e300dbd
丽水市,0000001700000031000000070000000X,2.5,2018/7/5,331100,f1475e05-ff94-40b8-844c-eaad1c86574f
湖州市,0000000C0000002Q000000030000000X,57.67,2018/11/5,330500,7fea020c-f005-4ad1-b639-30cb425a1682
杭州市,0000001400000031000000070000000X,6.93,2018/4/25,330100,2157afe8-b2c3-4bcd-835b-f50dc0b534fb
金华市,0000002U0000007X000000070000000X,3.93,2018/12/5,330700,0de2e330-37ff-4428-b62f-5edce446c74c
丽水市,0000000J0000003Q000000070000000X,42.67,2018/10/25,331100,ebd5444b-2573-45a0-9944-7dfa8359495c
湖州市,0000001Z00000036000000070000000X,5.67,2017/12/5,330500,cbad93c6-870f-45a8-928d-6706c42f8828
湖州市,0000001Z00000036000000070000000X,5.67,2018/7/5,330500,9e469861-1dcf-4973-a3bd-0e84c995f724
绍兴市,0000000P0000002W000000070000000X,4.67,2017/4/5,330600,e075a8fa-1e01-4a89-bfbc-53ebae53e8b9
湖州市,0000000K0000003U000000070000000X,0,2019/2/5,330500,3c690e6a-f171-477e-b532-678ee1e82481
浙江省,0000000M0000003V000000070000000X,12.55,2017/8/25,330000,93f9367a-c334-4cf7-9b7b-a2f93c43f765
嘉兴市,0000000P0000002W000000070000000X,5.5,2018/10/25,330400,d82a0d21-dd93-4f09-b148-a1664d603197
舟山市,0000000Z00000031000000070000000X,3.17,2017/5/15,330900,9cd6b6cd-0336-4ea8-b27b-bda30c1f4a97
温州市,0000001K00000031000000070000000X,3.5,2018/5/15,330300,76067819-3ffa-4370-a6be-7b0ca4a39d8a
台州市,0000000Z00000031000000070000000X,3,2018/4/15,331000,7609591b-d1a0-4d1c-8fc1-61905d6243a8
衢州市,0000000J0000003S000000070000000X,35.67,2018/5/5,330800,6cb4d655-1778-4a4f-9689-bc498765c597
衢州市,0000001400000031000000070000000X,4.33,2018/5/5,330800,e0d502dc-d190-4d9a-9597-446896b933b0
湖州市,0000000H0000003N000000070000000X,14,2017/9/15,330500,75486e9d-8fe3-409a-944b-3d2ea8a3bb38
金华市,0000000J0000003S000000070000000X,34.33,2017/6/15,330700,1890e289-c921-4de4-bccd-10ae6daeaab6
嘉兴市,0000000D0000002R000000030000000X,35.33,2018/8/5,330400,719a4b8a-8abf-4472-8416-989d0dfbc5e4
浙江省,0000000H0000002T000000070000000X,15.71,2017/10/25,330000,7aeba0a3-49de-4840-adc5-bb21ff6bfefb
衢州市,0000000C0000002Q000000030000000X,69,2018/11/15,330800,a78e6c37-40cc-438e-8a06-56a1c5c944a4
舟山市,0000001200000031000000070000000X,5.5,2018/10/5,330900,daddf39a-678a-4b2a-bb30-2a9959e48e29
宁波市,0000001400000031000000070000000X,5.8,2017/12/25,330200,bab583ec-f1b4-4da1-8824-551ab1e2d124
舟山市,0000001A00000031000000070000000X,4,2017/11/25,330900,25226665-14ad-43a5-909b-7ce5b72f379a
杭州市,0000000S0000002Z000000070000000X,8.6,2018/6/25,330100,2d047b7f-87ef-4d40-a649-909908c3b3c3
金华市,0000000S0000002Z000000070000000X,8,2017/10/5,330700,50294ac7-8435-41b9-a307-9b944fbec065
绍兴市,0000001500000031000000070000000X,4.67,2017/2/25,330600,9bbbfbc7-8b8f-43eb-9e34-9667100f1999
绍兴市,0000001K00000031000000070000000X,3.17,2019/1/15,330600,92de6d6a-3ccd-4a87-9959-816734f051b4
湖州市,0000000M0000003V000000070000000X,17.33,2017/3/25,330500,1de5be4a-c92f-46d4-bfbb-e40c049dc759
衢州市,0000001500000031000000070000000X,3.83,2018/4/25,330800,7eabdbbe-978e-438e-8ae3-19fa0cfbc906
衢州市,0000000H0000003N000000070000000X,11,2018/6/25,330800,54a66f98-e7d4-493c-b38d-3097d37393ad
温州市,0000000D0000002R000000030000000X,50,2018/2/25,330300,f1b41721-b02d-465c-9c82-13bf753a1f68
绍兴市,0000001K00000031000000070000000X,2.5,2017/3/25,330600,13a6eebf-9082-4216-9a72-bc29743992da
宁波市,0000000P0000002W000000070000000X,4.7,2017/3/25,330200,939e21e6-a67d-4394-9f1a-0e3b1401423e
衢州市,0000000H0000003P000000070000000X,23,2017/12/25,330800,35528efa-59b2-4c48-9ef3-2e52b8ac87cd
湖州市,0000000K0000003U000000070000000X,0,2017/8/5,330500,242349ed-9cec-4dfd-a007-90e90f3f1a6e
嘉兴市,0000000H0000003N000000070000000X,15.33,2018/3/5,330400,960d6091-3fd2-42e1-8b9a-c63f5c6f6974
宁波市,0000002U0000007X000000070000000X,4.63,2019/3/5,330200,0a54779b-668f-4dfc-9fc1-369b6c5006e7
温州市,0000000J0000003Q000000070000000X,47.33,2017/5/5,330300,f6e1a58a-ea19-4450-a46c-aab7e6403042
舟山市,0000001700000031000000070000000X,2.5,2017/1/15,330900,2b979257-2b1e-43aa-9d22-d378be00fc35
嘉兴市,0000000S0000002Z000000070000000X,9.17,2018/9/25,330400,cad0bbc8-cb40-4d31-8252-87a17297a06a
宁波市,0000001700000031000000070000000X,3.4,2018/2/25,330200,627558b6-6965-4a67-805d-d22fb19eacf5
宁波市,0000002U0000007X000000070000000X,4.5,2018/10/15,330200,6c5b3408-b4ca-4fb6-a7cb-97e85ab71750
温州市,0000000Z00000031000000070000000X,3.17,2017/3/25,330300,3f298b14-938b-4052-9bbb-7c9a9355369c
舟山市,0000001400000031000000070000000X,5.67,2018/12/5,330900,8c2801d6-7fd2-4443-82b2-3d66502b6292
嘉兴市,0000000M0000003V000000070000000X,10.83,2018/7/25,330400,2862a0bb-77fe-49c3-8f17-7b21dc860a3e
宁波市,0000000H0000002T000000070000000X,16.33,2017/4/15,330200,a652797e-db15-4968-8335-4fb5de683aa4
杭州市,0000000C0000002Q000000030000000X,61.67,2017/5/5,330100,7f819191-68e3-4ece-af81-69f03e1e0a6b
台州市,0000001Z00000036000000070000000X,6.33,2017/4/5,331000,de39128a-d5d9-4422-ac03-e70f201a74c5
浙江省,0000001K00000031000000070000000X,4.19,2018/10/15,330000,3d1fbccf-c43e-451d-a93d-55318cfd2ee2
丽水市,0000001K00000031000000070000000X,3.17,2017/4/5,331100,6fd77160-3679-4a31-96b1-909d29e2c64f
温州市,0000001Z00000036000000070000000X,8.5,2017/2/25,330300,e7c06600-3bec-48a2-b713-558f9821145b
宁波市,0000002P0000007W000000070000000X,3.1,2017/3/15,330200,1a265545-a255-4644-99cd-cd6d1f1ec790
绍兴市,0000000J0000003Q000000070000000X,46,2018/11/15,330600,07e2f313-64c0-4d3c-b256-a1de7302d57d
衢州市,0000000X0000007T000000070000000X,25.67,2016/12/25,330800,aa4429a2-d009-42d0-9a80-67bece9c48bf
衢州市,0000001700000031000000070000000X,2.33,2017/8/15,330800,a33b1368-217e-42c9-9dcc-2c26bdcbf716
绍兴市,0000000Z00000031000000070000000X,4.33,2017/5/15,330600,f7d585cf-7040-44f9-af43-af44a26f2673
金华市,0000000H0000002T000000070000000X,15,2017/9/5,330700,7ddb5c49-0f52-4f7e-9ec4-19243dcbc558
金华市,0000001700000031000000070000000X,3.17,2019/2/15,330700,ea9a0aa0-b96c-4c69-9d6f-02fee2d80ee7
温州市,0000000S0000002Z000000070000000X,9.67,2017/5/15,330300,cfbdf47e-cfda-4e00-9a25-620c6568bab7
温州市,0000000P0000003E0000000700000010,3.65,2018/4/10,330300,5c9cf5b1-eda7-4726-85db-dad90a5d8630
浙江省,0000000S0000002Z000000070000000X,9.52,2017/10/5,330000,847a60c8-35bb-4c51-acd3-8739abd793fc
嘉兴市,0000000H0000003N000000070000000X,13.17,2018/9/5,330400,7a67909f-0e94-4c14-a4ab-12298ae59c46
湖州市,0000000P0000003E0000000700000010,2.6,2017/4/25,330500,0f6c8305-74c8-4f4a-8f12-8332aade0970
湖州市,0000001400000031000000070000000X,7.33,2017/2/15,330500,27ac8d19-621d-410d-9866-b9a4c12463bb
台州市,0000001400000031000000070000000X,3.83,2017/6/15,331000,2f64c275-312c-40b7-b127-c6b6b133128b
绍兴市,0000000D0000002R000000030000000X,52,2017/1/15,330600,9b881043-1425-43f3-815b-7e0cdd49b782
浙江省,0000000P0000002W000000070000000X,4.62,2017/2/25,330000,277302de-e3ce-4383-82de-6387fc6a1121
浙江省,0000000D0000002R000000030000000X,43.55,2018/1/15,330000,dee5acc4-535a-4bbb-be2b-77fee14e4561
杭州市,0000000S0000002Z000000070000000X,8.5,2017/4/15,330100,9d44b00b-6cea-482c-ad4b-777f2460428f
宁波市,0000002P0000007W000000070000000X,2.93,2018/11/25,330200,424e3336-6dd5-4aff-a5b2-e4c4ce259157
台州市,0000001500000031000000070000000X,4,2018/2/5,331000,6ad9a73e-aa51-4b0e-96ff-0c8e96bda6a2
浙江省,0000000P0000003E0000000700000010,4.87,2018/10/23,330000,46dbd5df-1bb9-41fd-a98e-ab73e9a8be85
衢州市,0000000Z00000031000000070000000X,2.5,2017/3/15,330800,98b99dad-a62e-4196-bc0a-918faf760622
衢州市,0000001E00000031000000070000000X,4.5,2019/1/25,330800,d88d1dbd-4119-4d98-b386-4113a2656e90
绍兴市,0000003100000081000000130000000X,66,2017/8/15,330600,0f72dbb4-7929-47fb-9e50-a2f51a2165cc
宁波市,0000001500000031000000070000000X,4.23,2017/8/5,330200,bf56af95-040c-4f73-8b78-31fed281e961
嘉兴市,0000000X0000007T000000070000000X,31.67,2018/7/15,330400,989c1a9b-98cd-43f3-acb4-b89462152f68
绍兴市,0000001A00000031000000070000000X,4.67,2019/1/5,330600,db4f17e2-f69c-44fa-a6e9-2d10b21f3763
衢州市,0000003100000081000000130000000X,86.27,2018/6/25,330800,43f5fdcc-431b-4598-8876-30363c1f02cd
嘉兴市,0000001A00000031000000070000000X,4.67,2017/7/5,330400,01ac367d-3b98-4fb2-b336-bee9cd8ca38d
浙江省,0000002200000038000000070000000X,3.14,2017/8/25,330000,1e2d9b60-8ec6-43c1-b78c-5a02284611b8
杭州市,0000000H0000003N000000070000000X,15.67,2017/8/15,330100,0f2f0076-15ba-45ea-be3b-12867c0a3c62
金华市,0000000Z00000031000000070000000X,2.67,2018/3/15,330700,222c7c70-6b7f-43bd-bc4e-e74251df08f2
舟山市,0000001A00000031000000070000000X,5.67,2018/11/15,330900,54208605-7699-4047-9b75-ba2ef0a118e2
湖州市,0000002200000038000000070000000X,4.67,2018/4/25,330500,c964acb1-a739-4543-90c7-b36c3322f347
舟山市,0000000J0000003Q000000070000000X,40.67,2017/4/5,330900,f8b92088-fa68-46f1-8fdf-11be7ef454b9
宁波市,0000000J0000003S000000070000000X,31.67,2018/9/25,330200,baaa4a99-8e79-4a87-a3af-d2fed4b5bbae
杭州市,0000000G0000003F0000000700000010,9.5,2018/8/14,330100,6e8de63a-5e85-4046-aac1-4590fa8e9057
衢州市,0000000J0000003S000000070000000X,40,2018/2/25,330800,90502b4d-546e-4cc7-99b6-0c3e1b3d4f4c
丽水市,0000003100000081000000130000000X,84,2018/12/5,331100,b3d6f1b8-deb6-4f5c-a89e-a4ca832901b8
宁波市,0000002200000038000000070000000X,3.83,2018/3/15,330200,d9db909b-53c7-4071-9c99-af4797c9a945
嘉兴市,0000000H0000003N000000070000000X,14.67,2018/9/15,330400,26a59dd2-ba49-43e9-a975-2a80872afa04
浙江省,0000001700000031000000070000000X,2.84,2017/5/5,330000,3d96f743-8ae3-44b3-86d2-ad923547f38e
舟山市,0000000J0000003S000000070000000X,34.33,2018/1/25,330900,afcc2957-692c-4bad-b01f-e430d0b8b22c
丽水市,0000002P0000007W000000070000000X,2.43,2017/1/15,331100,25704daa-458b-4d03-a4d4-b7d9d560ecdc
丽水市,0000001400000031000000070000000X,10.67,2019/3/15,331100,563aaa2c-a9c7-466e-af57-3b8da4627527
嘉兴市,0000001Z00000036000000070000000X,4.83,2018/8/15,330400,dd297b7d-7fa1-4f91-819f-332c5121ea77
湖州市,0000001Z00000036000000070000000X,5.67,2017/10/25,330500,35807440-b2cc-46a7-b6ad-93c8a87d370d
嘉兴市,0000000H0000002T000000070000000X,17,2017/10/15,330400,c4cf52af-3324-488a-be70-45ec3a1586fb
嘉兴市,0000000X0000007T000000070000000X,32.33,2019/2/25,330400,3a1dc435-f4e2-47dc-a715-7e605a19b7ed
温州市,0000002U0000007X000000070000000X,4.5,2018/4/5,330300,28b8e105-2970-4fba-9b38-1387017c4632
金华市,0000000J0000003S000000070000000X,36,2017/2/5,330700,31f64632-2d9e-4b36-b2bd-f040c20e5660
宁波市,0000001A00000031000000070000000X,5.6,2018/10/15,330200,9ed66c68-7d55-4949-8701-a856321ed4d0
温州市,0000000J0000003Q000000070000000X,48.67,2018/11/25,330300,6262fda3-ab96-41b2-b7af-648dec0f9e34
衢州市,0000000G0000003F0000000700000010,12.5,2017/1/31,330800,b6fc056f-cd7c-4310-9e2f-21456aa71b97
绍兴市,0000000P0000002W000000070000000X,5.67,2018/1/5,330600,2779d5b9-4682-4fba-b8fa-1c25634c22ea
宁波市,0000001E00000031000000070000000X,4.6,2018/5/25,330200,98e5b739-5b19-477f-b4c0-118afe577118
台州市,0000000P0000002W000000070000000X,3.67,2017/5/25,331000,a2ace739-1e98-43bd-9cf1-30f8ddd9b227
嘉兴市,0000001Z00000036000000070000000X,4.83,2018/6/25,330400,f09cfc7b-71c0-4d28-8bf8-034080e45ca9
宁波市,0000000H0000003P000000070000000X,27.9,2019/1/5,330200,e82121da-741e-42ca-9e13-6258dd51d734
温州市,0000001700000031000000070000000X,3.17,2018/4/5,330300,55d01148-53b1-4ca5-989f-89f909a3e323
杭州市,0000000Z00000031000000070000000X,3.17,2017/3/25,330100,43e59a6e-53ab-4a7c-a3c0-d6c74b780450
浙江省,0000001A00000031000000070000000X,6.82,2018/10/5,330000,e9864bbf-e87f-44e2-91b7-276557a09b05
绍兴市,0000002P0000007W000000070000000X,2.33,2018/5/5,330600,9e68e7b7-3b15-4df5-8165-0a8f4179ef7c
嘉兴市,0000000H0000002T000000070000000X,17,2018/1/15,330400,096e5953-fe55-4f97-96b7-de45c7a97d6a
丽水市,0000000S0000002Z000000070000000X,9.67,2018/3/5,331100,edb4f2a8-e1a6-466d-8fc0-b56145dd5070
杭州市,0000000P0000002W000000070000000X,5.27,2018/6/5,330100,e4a20804-c538-4a38-afdf-64c63a44616b
宁波市,0000001A00000031000000070000000X,4.9,2017/1/15,330200,872a3c28-410c-4978-9e83-16304fdb2d5a
金华市,0000000J0000003S000000070000000X,34.33,2017/10/5,330700,d99fbd4f-49c5-457f-948c-9fffc3ba5cde
嘉兴市,0000001500000031000000070000000X,4.83,2018/2/5,330400,8c06aee0-e31a-4b29-b4be-731cd53421d7
温州市,0000003100000081000000130000000X,63,2018/2/25,330300,c6639c8f-43a1-48a5-8181-45ca9ada08dc
杭州市,0000000P0000002W000000070000000X,4.4,2017/4/5,330100,4ca5dd16-9b84-43d1-a951-0988881ab631
宁波市,0000001200000031000000070000000X,4.3,2017/4/15,330200,7fd5cf60-8c05-41e6-91b9-94fd9731f1f3
绍兴市,0000003100000081000000130000000X,66,2018/2/25,330600,8bd74940-f167-466e-91bd-c6d05783d1da
丽水市,0000001E00000031000000070000000X,5,2018/8/15,331100,a3c6be40-6c0f-4d95-a2e7-18face1dc9e5
浙江省,0000000G0000003F0000000700000010,9.06,2018/7/31,330000,98adc4bc-8e8e-4b5c-9c9b-851fcbfd29f8
绍兴市,0000000C0000002Q000000030000000X,57.67,2018/9/25,330600,49b788c4-cdf8-43a4-832e-0d48aef39da0
丽水市,0000001500000031000000070000000X,3.83,2018/8/5,331100,83fc9d6d-514e-46e9-943f-1445bbd2eee8
绍兴市,0000001A00000031000000070000000X,4.17,2017/3/25,330600,3ab6b3bd-6a59-44a9-bb2d-f34dc95a053a
宁波市,0000001E00000031000000070000000X,4.73,2017/11/5,330200,d7b818e5-1bd8-4049-8990-f12d6271b019
浙江省,0000001E00000031000000070000000X,4.3,2019/2/25,330000,b78334ff-473d-446f-8d2d-7b3c01746b32
衢州市,0000000J0000003Q000000070000000X,38,2017/7/5,330800,52cb7f75-1803-4ea4-9a64-a20610bc6994
绍兴市,0000000D0000002R000000030000000X,49.33,2018/2/15,330600,80cd552a-e5fa-4511-83f0-d9e49e28a1e3
浙江省,0000001500000031000000070000000X,4.84,2018/2/15,330000,9ab48b7a-7498-445c-b244-f9be83d61c15
湖州市,0000000S0000002Z000000070000000X,9.67,2018/6/25,330500,47db75cd-ac61-4bd9-85d4-849b4f29a351
金华市,0000001400000031000000070000000X,4.83,2017/5/15,330700,178a19e1-1dad-4e2f-9b5f-5fb326354d94
温州市,0000000K0000003U000000070000000X,48,2017/3/15,330300,c45db75e-df51-4699-b0e9-f5ed83f43f17
嘉兴市,0000001500000031000000070000000X,5.5,2019/1/15,330400,ca908ea1-dfdf-4cad-a3cd-89490b3c7e4e
衢州市,0000001400000031000000070000000X,5.67,2017/3/5,330800,4b0ab3ed-73aa-4ed2-b782-2eb4a3297230
金华市,0000000S0000002Z000000070000000X,8,2017/10/15,330700,352ba98f-1825-4cae-baf4-7f81511eedb2
宁波市,0000001500000031000000070000000X,5.57,2018/2/5,330200,83a413c7-3b1e-478a-976e-31214de9e67a
丽水市,0000001Z00000036000000070000000X,5.16,2018/2/5,331100,dc04e841-5fc4-447e-b2bc-87aca610a45c
嘉兴市,0000000P0000003E0000000700000010,5.33,2018/9/11,330400,0582969b-5217-407d-95ee-e7bbb0af4b3e
丽水市,0000000J0000003S000000070000000X,34.33,2017/5/15,331100,e0ab09be-0ba8-4869-a863-a44a0c09da0e
舟山市,0000000H0000002T000000070000000X,15.67,2017/5/5,330900,9a471afc-3fc1-45b7-95a1-29f7af736b68
衢州市,0000000Z00000031000000070000000X,3.17,2018/3/25,330800,a00a7feb-f14f-4efc-883c-5ccd7c9d7aaa
杭州市,0000000P0000002W000000070000000X,5.43,2017/11/15,330100,c568e4ca-57d4-479e-a798-24b4bdfcb009
舟山市,0000000H0000003N000000070000000X,15.17,2018/3/15,330900,05d1cf93-4df0-43e7-8ca3-3c6357eb3c5a
衢州市,0000000K0000003U000000070000000X,33.67,2018/4/25,330800,7a735115-5ece-497a-820a-d548abcdd7f6
丽水市,0000001Z00000036000000070000000X,4.66,2018/1/5,331100,3b15b8e6-4816-4e6a-969d-9d2e2aab5646
湖州市,0000001500000031000000070000000X,4.17,2018/7/15,330500,70dda893-716d-4dd4-ae85-3e16a7482d26
舟山市,0000000H0000003N000000070000000X,14.67,2018/6/15,330900,dcb6baf6-201e-4785-a522-545916ec57d4
衢州市,0000003100000081000000130000000X,77.67,2017/1/5,330800,8bdf178b-8551-4ffc-b031-592a0e796240
杭州市,0000001700000031000000070000000X,2.83,2017/1/15,330100,d9f3f792-1671-4bfb-8487-e44bd24328da
舟山市,0000000P0000003E0000000700000010,5,2017/12/5,330900,803a6b08-6876-4d35-ac1d-097cc993edf8
杭州市,0000000J0000003Q000000070000000X,42,2018/2/5,330100,30099fe7-cba0-4f75-8bba-3aa598fdcf9d
台州市,0000001E00000031000000070000000X,4.67,2017/7/5,331000,867ccce9-2c4a-4216-a316-cc02286310e9
绍兴市,0000001K00000031000000070000000X,2.33,2017/5/5,330600,c184420c-bd70-4527-90bc-d93a876dae24
杭州市,0000001K00000031000000070000000X,4.33,2018/1/15,330100,b8b1e886-0739-4b8d-bcee-7d18a8c319de
衢州市,0000002200000038000000070000000X,2.5,2018/11/5,330800,dac33deb-5a6f-4c74-8102-8b2ae1452196
嘉兴市,0000000M0000003V000000070000000X,11,2016/12/25,330400,1f139b0f-0ef6-47fa-8048-44ecd0384e29
湖州市,0000002U0000007X000000070000000X,3.5,2017/1/15,330500,d99890e1-9261-47d0-8149-357c1affcb9a
台州市,0000000J0000003S000000070000000X,32.67,2016/12/15,331000,137d1028-2f67-44e5-9a3a-3fb3474c8b52
绍兴市,0000000C0000002Q000000030000000X,57.67,2017/8/25,330600,32770e44-e84c-45eb-a609-36caaeb09a6e
宁波市,0000000H0000002T000000070000000X,15.47,2018/12/5,330200,2d12d639-22df-4424-beae-1a9b71b1e6e6
绍兴市,0000000C0000002Q000000030000000X,57.67,2017/9/25,330600,71b375ef-ddaa-435e-b816-0d9dc28ce297
舟山市,0000001500000031000000070000000X,3.83,2017/6/15,330900,14f278e7-ae22-4c89-90dc-583064292333
温州市,0000000M0000003V000000070000000X,14.67,2018/1/15,330300,03e937b0-d889-4afc-ac05-19adb0f297d6
嘉兴市,0000001Z00000036000000070000000X,5.67,2017/10/5,330400,c429b2a8-26cb-4351-ba2d-cd862247895a
金华市,0000000P0000003E0000000700000010,3.7,2018/4/10,330700,9789c7a2-0edf-44e8-af83-eb637fb71d02
舟山市,0000001400000031000000070000000X,6.17,2017/1/5,330900,7ed1839a-eb7c-4a83-90da-ec926a02b73c
宁波市,0000000H0000002T000000070000000X,15,2017/8/25,330200,460212c6-ed8a-434e-a230-ea2965d20060
丽水市,0000001A00000031000000070000000X,3.67,2017/6/25,331100,acdc4d6c-8a35-4d2a-91eb-d6ec1b9c4bdb
宁波市,0000000H0000003N000000070000000X,15.33,2017/4/15,330200,a543424d-ca60-4b95-aa6e-b30895130869
台州市,0000001K00000031000000070000000X,2.33,2017/2/25,331000,40a68026-01e1-4924-8a4f-d780b6d0d0bc
嘉兴市,0000001K00000031000000070000000X,3.17,2017/3/15,330400,8f6a27e0-d336-478f-83e1-957bf2201566
湖州市,0000000D0000002R000000030000000X,37.67,2017/10/15,330500,5ec365f9-4977-426a-a1f6-5f2d6c67e3f3
绍兴市,0000002U0000007X000000070000000X,4.83,2019/2/5,330600,323fd709-6fdc-4c30-96a8-98c97cc7f209
衢州市,0000001E00000031000000070000000X,3.67,2018/1/15,330800,8dd6b46b-cfca-405e-bdc4-4d5f123ade24
宁波市,0000002200000038000000070000000X,3.83,2017/8/25,330200,58cce20d-de42-42e0-83a7-b4a4d11e5262
杭州市,0000002U0000007X000000070000000X,4.5,2018/12/15,330100,ee77b465-2057-4588-a92e-cd6a889d1379
浙江省,0000001E00000031000000070000000X,3.41,2017/4/15,330000,32e56b77-1d63-471e-8562-5a14723d14ac
浙江省,0000000Z00000031000000070000000X,4.36,2019/1/15,330000,2c7b07a2-9597-47e1-a823-3e8af314b58b
绍兴市,0000000C0000002Q000000030000000X,57.67,2018/4/15,330600,16380683-d520-4894-b3da-a50c955cc733
丽水市,0000001A00000031000000070000000X,5,2019/1/5,331100,f75fc3af-ad1e-4c75-bb14-7e55efcafc04
湖州市,0000000M0000003V000000070000000X,17.33,2017/5/25,330500,36b44e8e-9812-409e-949c-d6c6776e9118
宁波市,0000002200000038000000070000000X,4.27,2018/7/25,330200,4b85d3a9-19a8-486f-ac74-308059f973bf
温州市,0000001A00000031000000070000000X,4.33,2017/11/5,330300,530e97f4-b5ba-4522-8689-1841afc824cd
绍兴市,0000001500000031000000070000000X,3.67,2017/9/15,330600,e82bd9ed-7017-4e8c-9629-901186930c77
浙江省,0000000P0000003E0000000700000010,2.75,2017/5/9,330000,902b6c01-7815-4e44-9b0f-0e04486cb071
台州市,0000000P0000002W000000070000000X,5.5,2017/9/25,331000,22276d86-f8b6-4453-9059-10f3235f4387
嘉兴市,0000001A00000031000000070000000X,5.67,2018/6/5,330400,111bdb2c-2ad7-4bdf-9a4a-8b66b137e4b8
舟山市,0000001700000031000000070000000X,2.67,2017/7/5,330900,bfc42f5c-fab2-491c-830a-1941e75a65b1
杭州市,0000000P0000003E0000000700000010,4.7,2018/2/27,330100,21d88359-a67f-460f-a749-b42c485323ae
湖州市,0000001200000031000000070000000X,3.17,2017/6/5,330500,3550d353-6a84-4ad0-b32d-e974b6f799d8
台州市,0000001200000031000000070000000X,3.83,2017/12/15,331000,2bcd6ccd-3950-4c9a-ab85-642135bdb0d9
衢州市,0000000J0000003Q000000070000000X,38,2017/8/15,330800,3e5a0e0b-bf34-4563-90b3-f2a9af6df433
嘉兴市,0000001Z00000036000000070000000X,5.67,2017/7/25,330400,95984499-3c92-440e-ac60-ae879157f37f
丽水市,0000000H0000003P000000070000000X,19.67,2017/8/15,331100,8caf410d-18cd-439d-bbbf-623294a66cea
舟山市,0000000P0000003E0000000700000010,4.8,2018/11/6,330900,2015234a-9b81-4408-9859-0dd782f44cc3
温州市,0000000P0000003E0000000700000010,3.4,2017/7/11,330300,86a40169-c7b4-4951-bc96-33eaf2056f78
嘉兴市,0000000Z00000031000000070000000X,4.67,2019/1/5,330400,bf363d8e-46e8-4665-a1db-c5c303a87165
丽水市,0000002200000038000000070000000X,3.33,2018/4/15,331100,d14c467d-d0eb-4c8c-bf20-41bbc686d55b
绍兴市,0000001500000031000000070000000X,3.83,2017/9/5,330600,b4bf4f2a-9bbc-4cbd-857a-0e37abb14aad
湖州市,0000000P0000002W000000070000000X,5.67,2018/12/25,330500,11a66e23-ca6c-45fe-a3db-7663e84c55bf
湖州市,0000000D0000002R000000030000000X,36.33,2019/2/5,330500,a6eaef51-785e-42c4-9111-846e47fba0c3
金华市,0000000P0000002W000000070000000X,4.83,2016/12/25,330700,e0a2f53e-dbc5-4c0d-841e-b3b6d5232e67
杭州市,0000000X0000007T000000070000000X,39.67,2019/3/5,330100,50867200-5ae0-4c4d-8137-bbfbce965898
丽水市,0000000H0000003N000000070000000X,13.33,2017/9/15,331100,f6ae8967-949f-4547-9b0a-2506ed8db53f
衢州市,0000000K0000003U000000070000000X,34.33,2018/12/5,330800,439cccf3-814e-4b5f-9b79-d42714bd6fc3
湖州市,0000002200000038000000070000000X,4.17,2017/4/25,330500,d9271d4e-5f5e-4521-a0de-51d867ded8a2
绍兴市,0000000M0000003V000000070000000X,9.83,2017/3/25,330600,edf0ef39-cf8a-4dd4-81df-73f0222b848a
衢州市,0000000G0000003F0000000700000010,9,2017/11/14,330800,0ad162b7-ffca-40af-850a-3e13bf2bcaee
宁波市,0000001200000031000000070000000X,4.2,2018/6/5,330200,29176653-0219-492a-9527-9480db5bfbd6
金华市,0000001Z00000036000000070000000X,6.67,2018/12/25,330700,7a462ffb-337a-437b-8c13-0795ff88387c
温州市,0000000M0000003V000000070000000X,14.67,2017/1/5,330300,914debe8-84c9-443b-8b22-98084dd4d0f6
宁波市,0000001400000031000000070000000X,7.07,2018/12/25,330200,aea57f4e-41ff-4458-ad02-8d99fb42fe6c
宁波市,0000003100000081000000130000000X,138.33,2018/5/5,330200,383aba78-82ca-462e-b60f-c2a68079b270
温州市,0000000H0000003N000000070000000X,16.67,2017/9/5,330300,d1419f0c-5128-40e2-b76a-df3df8e92701
温州市,0000000P0000003E0000000700000010,3.58,2019/3/19,330300,cd9b8cf1-eea0-400f-8e2a-6e068210d6fb
台州市,0000000D0000002R000000030000000X,39,2017/11/15,331000,27a22a16-5d5e-4b52-ac3e-25643a72225f
丽水市,0000000P0000002W000000070000000X,5.33,2019/2/15,331100,afb60cae-ce3a-4bad-89e4-3fa4cf33b138
杭州市,0000000M0000003V000000070000000X,11.63,2018/1/5,330100,35952cec-b455-4c00-b9c4-ad9cf32fb5b1
杭州市,0000000D0000002R000000030000000X,46.67,2019/2/15,330100,98f705b5-0ebc-4621-91d9-86af3fa14e60
杭州市,0000001700000031000000070000000X,2.67,2017/9/5,330100,7ebca06c-0c16-4d5f-9dd7-41031676caa0
浙江省,0000000S0000002Z000000070000000X,9.31,2018/10/15,330000,2852935f-2f4d-4728-8e5c-078d6eef38d8
浙江省,0000000H0000002T000000070000000X,14.5,2018/4/15,330000,fa15b1bd-378b-4fa9-9d25-d9beff16f1fa
舟山市,0000001400000031000000070000000X,5.33,2018/11/15,330900,19c2a7ff-d258-4e54-85b8-75487e8216ec
浙江省,0000000K0000003U000000070000000X,35.81,2018/4/25,330000,3472fc7f-8235-4584-8eb8-679db65ee101
湖州市,0000000H0000003N000000070000000X,13.5,2018/4/5,330500,db6c138d-4605-4e8c-87c3-f65c087d9e59
嘉兴市,0000000D0000002R000000030000000X,37.33,2018/4/5,330400,8f5e4f95-c286-47e7-a196-fd8d6d09a6ca
绍兴市,0000000P0000003E0000000700000010,3.2,2017/4/11,330600,70d100ba-9be6-4c69-af8c-ad6b39baeabe
杭州市,0000000K0000003U000000070000000X,33,2017/10/5,330100,1fca401b-d78e-49ab-9a59-bb33c32775e3
衢州市,0000002P0000007W000000070000000X,3.06,2018/6/15,330800,90fa3392-ab6b-432b-be91-6195b3b8cb29
温州市,0000000P0000002W000000070000000X,6.17,2018/12/5,330300,bac5dd02-d50b-42cb-b2ec-83f0326294e8
绍兴市,0000002P0000007W000000070000000X,2.69,2017/4/5,330600,1d9dcb88-ea1c-41b2-9dd2-ea3241a422bd
嘉兴市,0000000J0000003Q000000070000000X,40,2018/7/15,330400,11f2da70-bdaf-4512-83c9-0928336b953c
嘉兴市,0000001A00000031000000070000000X,4.83,2017/3/25,330400,dfc6b3d5-16f2-4715-b387-bdd281292895
台州市,0000001700000031000000070000000X,2.17,2018/12/5,331000,06bf776a-6193-4605-ae1c-1b11167fc044
舟山市,0000000M0000003V000000070000000X,13.67,2017/4/5,330900,41f63b80-c1ea-4341-bed7-8508988a8ddc
嘉兴市,0000000C0000002Q000000030000000X,68,2019/1/25,330400,bc970e42-60a4-4364-b95d-ecba32f30949
杭州市,0000002P0000007W000000070000000X,3,2017/11/15,330100,d1f8f39b-d5f8-4ea8-a7c5-6b998696b360
湖州市,0000000M0000003V000000070000000X,16.83,2018/2/15,330500,73fc2647-21fd-4e15-9885-aa0471f54ec2
嘉兴市,0000001K00000031000000070000000X,4.33,2019/2/5,330400,f4d01ee8-d5e8-49d7-a7ff-e436ef038cb0
舟山市,0000001Z00000036000000070000000X,7.33,2018/5/15,330900,7415736d-4ac2-4f30-a7d2-21908c8c3349
嘉兴市,0000001A00000031000000070000000X,6.67,2018/11/15,330400,a63fdf9c-e9a9-41ae-8ab9-dcfa35c3eced
浙江省,0000000X0000007T000000070000000X,34.35,2017/12/5,330000,e992038e-0ceb-4706-b508-0aa79d5cc0f6
舟山市,0000001K00000031000000070000000X,2.5,2017/4/25,330900,7cc2be2c-84bb-4481-8159-0196ff0701ac
舟山市,0000002200000038000000070000000X,4.33,2018/3/5,330900,c5098d61-7c25-4ead-8eb4-c39eeaab0308
绍兴市,0000001200000031000000070000000X,4.33,2018/4/5,330600,be7dab6f-0401-468b-b83f-b4b780e44724
宁波市,0000000S0000002Z000000070000000X,9.83,2018/9/25,330200,d405cd33-91d2-48a1-bb0b-99d8fea36445
浙江省,0000001Z00000036000000070000000X,5.88,2016/12/15,330000,44992508-752e-402c-83e1-399d03c39f00
舟山市,0000000P0000003E0000000700000010,3,2017/6/20,330900,fae04e5d-f741-4646-93ae-4f70ef967691
杭州市,0000000H0000003P000000070000000X,19.83,2018/6/25,330100,ffbfc36e-ab21-41c9-807f-933b8087a7f1
宁波市,0000001400000031000000070000000X,5.83,2018/1/25,330200,8c029e5c-7cef-4c9d-aae2-9c32616d449c
浙江省,0000001K00000031000000070000000X,3.11,2018/3/25,330000,c4038a78-72f2-4bd4-9e6d-0d6150778c71
温州市,0000000G0000003F0000000700000010,6.22,2018/5/1,330300,d9ffcc8c-b8af-4a97-90d0-4b08340ac570
金华市,0000001K00000031000000070000000X,2.5,2017/11/25,330700,7370e718-ffa2-43a3-9b00-7af420e6e5c0
嘉兴市,0000001E00000031000000070000000X,4.17,2018/5/5,330400,7f71cf30-3da8-48bf-8ee8-09dae13564dc
衢州市,0000000X0000007T000000070000000X,22.67,2018/1/5,330800,b1c76efc-3cbd-4d84-b97a-f9482b372608
衢州市,0000000C0000002Q000000030000000X,69,2017/12/15,330800,5e24111b-fdfc-4b25-9b7e-ad6ad84669cc
丽水市,0000001700000031000000070000000X,2.67,2018/3/25,331100,484ab868-2bab-49bf-b805-38000015207d
湖州市,0000000M0000003V000000070000000X,17.33,2019/2/5,330500,a938428f-6e24-4151-8a6f-0f7961bb4c7e
温州市,0000001Z00000036000000070000000X,8.5,2017/4/15,330300,d4423243-5169-490f-9663-ca739395f37c
湖州市,0000000J0000003Q000000070000000X,38.33,2017/6/25,330500,07b7c597-60fd-4933-8b02-56ba1c9a182d
金华市,0000000H0000003N000000070000000X,14.33,2018/12/25,330700,b2310387-5b8b-41c3-b5fb-6d2775622f05
嘉兴市,0000000J0000003S000000070000000X,32.33,2018/6/5,330400,ee339e62-c760-4fa3-b129-cfe86d2e824b
舟山市,0000000C0000002Q000000030000000X,50.3,2018/1/15,330900,9366468c-008c-4f0e-b124-bbaec50fe0d9
宁波市,0000000K0000003U000000070000000X,33.33,2017/2/25,330200,ec1f126b-0c68-4d26-8c1d-c66a453c1dfd
湖州市,0000000P0000003E0000000700000010,2.7,2017/6/13,330500,0a75383f-443a-4a66-8575-0c4db9cfa221
丽水市,0000001700000031000000070000000X,2.67,2018/9/25,331100,728e3c64-e250-4ce8-8f35-4edc0168e944
浙江省,0000001200000031000000070000000X,3.88,2017/8/25,330000,4ee233d7-dfb7-4fb1-9899-fab493df375d
金华市,0000000Z00000031000000070000000X,3.17,2017/5/25,330700,2870877c-4ca9-4560-a041-416bf9a2de7a
浙江省,0000000H0000002T000000070000000X,15.91,2018/1/5,330000,ced6eb95-2a24-451f-97ad-f7466068b0b9
金华市,0000000P0000002W000000070000000X,4.93,2018/6/15,330700,7f74530f-a70a-46d5-8006-46555e7ec40c
丽水市,0000001700000031000000070000000X,2.83,2019/2/15,331100,7ae253a7-8595-46f4-9a31-923d63a33dfd
丽水市,0000001500000031000000070000000X,4.83,2017/4/5,331100,2fbd2383-8868-49d1-aedc-913273d6ef82
台州市,0000000Z00000031000000070000000X,4,2018/1/5,331000,fa58a5f5-4fdb-41f5-9de3-08a9229fb2ea
丽水市,0000001E00000031000000070000000X,3.83,2018/2/5,331100,40de77f7-1a13-448f-8dd2-0d996fb0bdf8
杭州市,0000000H0000003P000000070000000X,21.33,2017/11/25,330100,c73d5497-698a-47a0-a700-beff3bd8d6cf
丽水市,0000001Z00000036000000070000000X,5.16,2018/8/25,331100,1558ebec-a280-458f-b83b-029ebd773336
舟山市,0000001K00000031000000070000000X,5.17,2017/9/15,330900,f66c0305-de73-4013-8e19-6e5bb5004124
浙江省,0000000H0000002T000000070000000X,14.35,2018/5/5,330000,1479586b-2f6c-434c-9cbb-83754dba545d
金华市,0000000M0000003V000000070000000X,12.33,2018/7/25,330700,acb43dd9-5c84-4c71-8b4f-45f31b068e63
金华市,0000000H0000003N000000070000000X,12.83,2017/8/15,330700,e18cf448-1155-430e-aafb-98363f810407
舟山市,0000000C0000002Q000000030000000X,50.3,2017/9/5,330900,ae60365f-b90b-4f58-8d3f-9626fbbc7aa8
绍兴市,0000000M0000003V000000070000000X,10,2018/12/25,330600,be4d58e2-e73b-420c-8606-aa8842c47ca4
浙江省,0000000K0000003U000000070000000X,36.62,2018/9/25,330000,006403a5-1db0-4915-951a-1fc582a378a3
嘉兴市,0000000D0000002R000000030000000X,38,2017/12/5,330400,6f011dfe-9dad-4ae0-b607-01b1ce130bfc
温州市,0000001400000031000000070000000X,6.33,2018/6/15,330300,35c8a7d2-ac66-42e5-a335-798b16adc45f
宁波市,0000000M0000003V000000070000000X,14.37,2017/6/15,330200,6d61beea-554a-4e37-9988-48332b820b8a
台州市,0000001E00000031000000070000000X,3.33,2017/5/15,331000,d080ab1c-7531-4bc1-a1e1-85e688046c25
湖州市,0000000G0000003F0000000700000010,11.2,2017/3/7,330500,f192671e-3f95-43a9-8d92-70b0f405e1da
浙江省,0000000G0000003F0000000700000010,11.43,2018/9/11,330000,ad76197e-6667-40da-ae5a-e815cb221317
嘉兴市,0000000M0000003V000000070000000X,11.67,2018/11/25,330400,42a09a18-eeeb-4794-b587-da6c2bf44834
绍兴市,0000000G0000003F0000000700000010,9.56,2017/12/5,330600,f2d8d88c-5539-4ad1-8c2c-028d3eca2a22
浙江省,0000003100000081000000130000000X,91.68,2017/4/25,330000,1497d439-1bf5-4800-ab02-0d40416f701a
绍兴市,0000001400000031000000070000000X,3.67,2017/7/5,330600,103caf2f-8d5e-4c9c-87ad-0b3b6d71cd9d
杭州市,0000000H0000002T000000070000000X,17.93,2017/4/5,330100,fbbd16d9-2710-4f17-8eba-ce618c00291e
丽水市,0000001K00000031000000070000000X,3.17,2018/12/5,331100,f6c18196-49df-458d-9fad-283bbe667bb0
湖州市,0000001200000031000000070000000X,4,2017/10/15,330500,4d32a9f1-8b4d-4242-abfb-a4ee3c62c989
湖州市,0000003100000081000000130000000X,77,2017/7/25,330500,2f39296c-01c9-4492-a51f-ff6a530e15b0
温州市,0000001700000031000000070000000X,2.67,2017/6/25,330300,544c9a06-f276-494a-9325-5790defb9db8
湖州市,0000000G0000003F0000000700000010,9.4,2017/10/31,330500,b3f657de-7b59-49d2-96df-d1e7b90af5ac
嘉兴市,0000001500000031000000070000000X,5.17,2017/4/5,330400,02456bbf-ef54-44a5-a59f-db9582e3e8be
丽水市,0000000H0000003P000000070000000X,19.33,2017/11/5,331100,5830228d-88dd-46b1-85ca-d1d82e391564
湖州市,0000000J0000003S000000070000000X,34,2017/7/15,330500,9efd8d51-106a-4fc9-849c-17e1d077b4fb
浙江省,0000003100000081000000130000000X,86.4,2018/7/5,330000,6ea0e75f-70e4-4231-a21d-c40a0b43cfd3
温州市,0000000S0000002Z000000070000000X,9.33,2017/1/25,330300,b310dddd-9d72-4e75-93a7-9eee8fe8e41f
衢州市,0000000K0000003U000000070000000X,32.33,2017/4/25,330800,8c6d0cc7-d03c-448f-b94d-0979add81c5d
台州市,0000000H0000003P000000070000000X,21.67,2018/4/15,331000,db26246d-9db6-4f06-9780-8f37b4c1ddae
浙江省,0000001K00000031000000070000000X,3.86,2018/7/25,330000,be6c7cfa-a1f8-4ef1-b9c1-3bf2191f787b
杭州市,0000000D0000002R000000030000000X,46.33,2017/1/15,330100,58708cec-a636-41b9-88ce-8edb70840805
台州市,0000001200000031000000070000000X,3.83,2017/12/5,331000,9be7afd5-4891-4508-a2a1-b4ea9975c3ff
舟山市,0000000G0000003F0000000700000010,10.8,2018/12/4,330900,5796ae5e-9dca-4af3-a9b3-1149f48ce08d
衢州市,0000001E00000031000000070000000X,4.33,2018/11/15,330800,e87c3054-8309-4b86-b775-920ac293cab9
宁波市,0000000G0000003F0000000700000010,10.06,2017/5/9,330200,fb70630d-6668-4e6a-a2f7-13a45e5f25b9
丽水市,0000001Z00000036000000070000000X,4.83,2018/7/5,331100,57aeacf1-c15b-40dc-88de-ccb41feb1b1e
绍兴市,0000003100000081000000130000000X,66,2018/8/15,330600,438278d4-0f72-499d-8203-57fd8c19b5cf
嘉兴市,0000000Z00000031000000070000000X,5.33,2018/2/5,330400,919f709f-e4c1-4b61-a3ea-48566f1eadb7
衢州市,0000000H0000002T000000070000000X,21,2018/9/15,330800,8a0d6047-c403-4447-83ae-dc6de3dc2cb6
湖州市,0000000G0000003F0000000700000010,9.7,2018/8/28,330500,99e19f08-b5d3-4f04-9083-feb52b4105b0
浙江省,0000000H0000003N000000070000000X,12.71,2018/5/15,330000,a7d660c4-cf1c-47a3-9b1b-a11d8e8bb30e
台州市,0000002U0000007X000000070000000X,4.33,2017/3/5,331000,a1fe29cf-7ce4-4285-85bb-dd5ebdfb5680
舟山市,0000000S0000002Z000000070000000X,11.67,2018/3/25,330900,3b78109d-f3a2-42d0-bf8a-b720053d3dce
金华市,0000000M0000003V000000070000000X,12.33,2018/4/25,330700,d3d5284a-7b5c-4619-b643-d2560b237289
舟山市,0000000J0000003Q000000070000000X,43.33,2018/2/25,330900,e7221dda-563e-4c41-8199-7e1fb06332f4
丽水市,0000002P0000007W000000070000000X,2.6,2017/4/25,331100,06d67829-9628-4a2b-b2ff-eda88c7550c6
宁波市,0000000G0000003F0000000700000010,10.06,2017/5/9,330200,aa3c684c-f814-4692-9bc4-ebca3fdd3f06
衢州市,0000002P0000007W000000070000000X,3.06,2018/7/25,330800,665670f3-3863-40e8-aa0a-32e3b7590658
杭州市,0000001Z00000036000000070000000X,6.77,2017/1/25,330100,03389cfe-abe1-4b1b-831f-13ae19efaabd
湖州市,0000001500000031000000070000000X,6.5,2019/3/5,330500,c42f67d3-9974-4417-8db2-d5965c17c838
台州市,0000000M0000003V000000070000000X,10.67,2018/3/15,331000,f8d9a7b6-f5c5-421f-8b92-4d6e21f3bdee
嘉兴市,0000001400000031000000070000000X,8.67,2019/3/5,330400,f5d2c59e-7ae1-4e59-b2db-ec874271d980
嘉兴市,0000000H0000002T000000070000000X,16.33,2019/2/25,330400,9450adef-debc-46f1-8293-af1e749a0537
浙江省,0000000P0000002W000000070000000X,5.43,2017/10/15,330000,4fa3ec6e-184c-4d98-b380-9af53c461c7b
丽水市,0000000P0000003E0000000700000010,4.05,2018/6/12,331100,b6c77cbf-a12d-4e4b-b0f9-984cda9b8831
舟山市,0000000P0000003E0000000700000010,3.3,2017/3/21,330900,80362717-b316-4f60-89b2-4400b268a797
浙江省,0000002U0000007X000000070000000X,4.26,2018/3/15,330000,c1ac48ac-d775-473e-8536-04f51e41b650
台州市,0000000D0000002R000000030000000X,38.67,2019/2/5,331000,2172f37d-1273-4e28-9600-218bdaa83d11
温州市,0000002200000038000000070000000X,3.17,2017/11/25,330300,6f0aaddc-6f9b-402b-ac5a-1f98b3bde44c
舟山市,0000000H0000003P000000070000000X,22.33,2018/7/5,330900,8476469a-eaf4-45fc-8f6f-1bdaa0e8833a
嘉兴市,0000002U0000007X000000070000000X,3.77,2018/11/15,330400,4c3c0a5c-235c-4fc4-be54-695e6da8dccd
衢州市,0000001200000031000000070000000X,4,2018/3/25,330800,129e1659-2ff3-43bf-ba05-613c0612ffa7
湖州市,0000000H0000003N000000070000000X,14.17,2017/12/25,330500,4541bb8e-6fa8-40cf-ab9a-82bdc847abae
衢州市,0000000J0000003S000000070000000X,36,2017/6/5,330800,382c020c-7d19-41d9-9ddf-9c54031e2af4
衢州市,0000000H0000002T000000070000000X,18.33,2017/4/5,330800,47bb1b50-d1af-456d-b3cb-350698a80aac
嘉兴市,0000000J0000003S000000070000000X,32.67,2018/9/5,330400,468f417b-7ee5-492a-8c44-4306b79396b1
衢州市,0000000P0000003E0000000700000010,4.8,2018/1/9,330800,15fe92b3-93e6-4c26-825a-a085a4c9316f
嘉兴市,0000001Z00000036000000070000000X,5.67,2017/8/25,330400,5cedb0fe-c355-4513-90f1-5a4e9a6790a1
温州市,0000000H0000002T000000070000000X,18.33,2018/1/25,330300,e70e0377-04cd-498c-a509-365b10405534
湖州市,0000000X0000007T000000070000000X,35,2017/6/15,330500,f8d82df7-50b2-4a31-a1d3-7b8e35dac39f
丽水市,0000001200000031000000070000000X,4.67,2017/2/5,331100,97463050-4942-421e-bdaf-04d2c2ecd69d
金华市,0000000Z00000031000000070000000X,4.17,2017/6/25,330700,060296c5-023f-41ed-9afc-9cf48670aabc
湖州市,0000000H0000003N000000070000000X,15.33,2018/9/15,330500,e4f42850-f676-4687-94b8-1f52e3c53800
台州市,0000000D0000002R000000030000000X,42.67,2017/2/15,331000,ac79a09a-437e-444d-883e-0b7deac3f29d
丽水市,0000002U0000007X000000070000000X,3.66,2018/10/5,331100,5c4940ca-afa6-4232-b45f-4563bb86772b
湖州市,0000000H0000003N000000070000000X,13.67,2018/9/5,330500,c1884491-a883-4422-a205-34354500073a
嘉兴市,0000000X0000007T000000070000000X,32.33,2017/4/25,330400,a2b6d220-400b-4967-8b4e-06853ed10f88
浙江省,0000000D0000002R000000030000000X,43.6,2018/10/5,330000,975361f3-88ea-4414-971d-9d5d74beb34a
杭州市,0000002U0000007X000000070000000X,4.5,2018/10/5,330100,225c24a9-71b7-4410-bb50-be00f831869b
绍兴市,0000000Z00000031000000070000000X,5.33,2018/8/15,330600,34f14ac9-3296-425b-8f06-9afe8aa86c61
台州市,0000000J0000003S000000070000000X,35.33,2018/3/25,331000,e49fea68-bb87-4f29-bc28-58594bc4baa4
舟山市,0000000C0000002Q000000030000000X,50.3,2018/9/5,330900,a921f701-0913-4f5a-a1a3-8b1f2c98ce51
舟山市,0000001A00000031000000070000000X,5,2018/5/15,330900,ab698797-0eb6-4ffe-b4bb-65360705405f
衢州市,0000001E00000031000000070000000X,5.5,2018/6/5,330800,381fb526-c163-4a1b-9853-8bd175a211f6
金华市,0000001700000031000000070000000X,2.5,2018/5/25,330700,90ed7db4-e242-401e-8283-c3e171609950
温州市,0000001500000031000000070000000X,4.67,2017/2/25,330300,110698d4-714b-41a9-bdbc-12fb595c603c
浙江省,0000000H0000003N000000070000000X,15.68,2017/2/5,330000,51e231e8-d1c8-4c15-a38f-142fafd3c1dd
温州市,0000001K00000031000000070000000X,3.33,2019/1/5,330300,d8979d36-34e8-40b2-bf9b-14d5e0990769
台州市,0000001500000031000000070000000X,5.83,2018/10/25,331000,63612ca5-ce95-4b49-90ee-7b508ca6ed1d
舟山市,0000000J0000003Q000000070000000X,42,2018/3/25,330900,7a23853e-c61d-480e-9f41-9efdad8757bd
温州市,0000001200000031000000070000000X,4.17,2018/11/5,330300,2f64b93a-483e-43f4-b7ab-3dde5ec8da31
绍兴市,0000000G0000003F0000000700000010,13.2,2018/12/25,330600,8ed765fd-9d20-45dc-aa89-fe5d7d28eb37
丽水市,0000003100000081000000130000000X,84,2018/3/5,331100,7e28791b-95ab-44a3-bcda-8121ab83b1f8
宁波市,0000002200000038000000070000000X,3.5,2017/2/25,330200,698fb884-619b-46bd-a3f2-0b0fdcaf27ad
丽水市,0000000D0000002R000000030000000X,54.6,2017/9/25,331100,5a40d39d-c2aa-44f0-925a-6b4be43338d8
衢州市,0000000C0000002Q000000030000000X,69.67,2018/8/5,330800,339915fa-c876-4282-b218-c02dd6c567f6
温州市,0000000K0000003U000000070000000X,45,2018/4/15,330300,cd88c907-a542-4776-91af-494990055eb3
温州市,0000001700000031000000070000000X,3.17,2017/9/25,330300,f163bef0-dd8c-43eb-ac0f-8e9419922ac9
台州市,0000000J0000003Q000000070000000X,38.33,2017/4/25,331000,56ef1c3b-601e-4bf9-a39c-a866fae5b0d3
绍兴市,0000001A00000031000000070000000X,5,2019/2/15,330600,d507828c-a72e-42b8-8689-2cdfbbe01c98
衢州市,0000001A00000031000000070000000X,5.67,2018/6/15,330800,b320b298-decc-467c-878e-41107081dd88
杭州市,0000001K00000031000000070000000X,3.3,2017/8/25,330100,f09311c7-b5c5-4f82-b22f-9477bc65211f
温州市,0000000G0000003F0000000700000010,9.95,2017/12/26,330300,45080fd5-2944-411f-aacf-68f9b5059d6c
温州市,0000000K0000003U000000070000000X,48,2018/6/25,330300,e4e91fd8-39aa-4ce6-8d38-6346ff6089a2
温州市,0000000S0000002Z000000070000000X,9.67,2017/11/15,330300,b9ca17d7-35a7-4f18-880a-6d00f695df8b
绍兴市,0000000G0000003F0000000700000010,8.2,2018/3/27,330600,bc0c4109-db46-4cd1-a218-039f70b0afea
舟山市,0000000G0000003F0000000700000010,9.85,2017/11/7,330900,b48d88ff-6002-4d99-8a14-c660e20fffc7
台州市,0000000Z00000031000000070000000X,4.33,2017/10/5,331000,df657401-52ba-460b-b42b-6b30b3d5e391
温州市,0000000X0000007T000000070000000X,36.67,2017/8/15,330300,f7150c87-7c1d-48e5-8364-5223ad4f128e
金华市,0000000M0000003V000000070000000X,12.67,2018/6/5,330700,8d225eaf-12cd-4fe4-a7fd-730d41d2457f
宁波市,0000000H0000003P000000070000000X,27.83,2017/4/5,330200,25734806-33b8-4fd6-88d7-02efaa8f23b3
衢州市,0000000D0000002R000000030000000X,38.33,2017/6/25,330800,9b8853e8-cc9d-493e-b22d-09bf4ac18742
金华市,0000000D0000002R000000030000000X,40,2018/1/5,330700,8d08fc9a-25e6-40d8-8d2c-200d6d8a49d6
浙江省,0000001700000031000000070000000X,2.69,2017/9/25,330000,07aad092-749c-4513-ac8c-0bab284361fc
绍兴市,0000002U0000007X000000070000000X,4.5,2017/8/5,330600,f6ac6931-cac7-4133-8b32-391e25753323
台州市,0000001A00000031000000070000000X,4.17,2017/8/5,331000,3080d773-43c5-418d-84b1-d397ccb1c877
湖州市,0000000P0000002W000000070000000X,5.5,2018/8/5,330500,89fb8a01-3b6b-4c55-a93d-41fc54f91b6b
浙江省,0000001700000031000000070000000X,2.94,2017/3/25,330000,deb0aef5-59ed-4be3-a934-39d60c9f6a4d
丽水市,0000002200000038000000070000000X,3,2017/3/15,331100,2758e727-69ef-4b38-b9c4-a636257ab946
舟山市,0000001200000031000000070000000X,3.83,2017/10/25,330900,20a3096b-878d-4df5-8af6-0bdb78cc2226
湖州市,0000000H0000003P000000070000000X,19,2018/1/5,330500,1a8cc44d-2ef7-4ed5-bdcc-1ea498d0d45f
嘉兴市,0000000C0000002Q000000030000000X,66,2018/4/15,330400,4894635b-673b-4cb2-b58f-c6219bd76831
嘉兴市,0000000H0000002T000000070000000X,17.67,2017/3/5,330400,cc417473-7068-4859-8998-946119de0322
绍兴市,0000000P0000003E0000000700000010,4.1,2018/12/4,330600,3641c3c4-ae4b-449a-b28d-ebfb1041a562
嘉兴市,0000001200000031000000070000000X,5,2018/9/25,330400,56f3018b-f71f-48a3-8d00-2a40ad266197
湖州市,0000001E00000031000000070000000X,5.17,2017/6/25,330500,d5f3971c-9366-4121-91e8-c497928facea
宁波市,0000000J0000003Q000000070000000X,39.17,2017/2/15,330200,a34c815b-1c12-473e-bb9c-e86978bc7288
宁波市,0000000D0000002R000000030000000X,46.43,2017/4/15,330200,4794a043-601a-409b-8769-c4f543533b24
舟山市,0000000G0000003F0000000700000010,12.7,2018/10/30,330900,d66e431b-dc1a-4122-937b-db4ad826aa18
湖州市,0000000X0000007T000000070000000X,35,2017/11/5,330500,d4d51d6e-8caa-4a63-b97b-96e80d9f656a
湖州市,0000002200000038000000070000000X,4.33,2017/5/25,330500,43889fdf-11fc-4366-a431-6a0606f929bc
丽水市,0000001E00000031000000070000000X,1.83,2018/12/5,331100,38f3e188-85e7-448f-896e-cf4864ed72bd
绍兴市,0000000J0000003S000000070000000X,34.33,2017/12/25,330600,5c07e648-8083-42a3-bd41-af5e05bfcdf8
湖州市,0000001500000031000000070000000X,4.17,2018/8/5,330500,5bd94638-46c8-4ee4-8cf8-53b0700fb794
台州市,0000000C0000002Q000000030000000X,62.33,2016/12/15,331000,c4175706-40f5-41d7-bbb6-9128aea2a0b1
绍兴市,0000000H0000003N000000070000000X,15.17,2017/1/25,330600,6d302e5e-c021-49ba-aa15-ae43d0ee8741
杭州市,0000001400000031000000070000000X,6,2018/9/25,330100,6d031574-c1b2-4e16-9d38-40baf1bac323
金华市,0000001K00000031000000070000000X,2.33,2018/3/15,330700,f6a0dbf2-6141-4e11-8318-eb5b46a52acc
宁波市,0000000C0000002Q000000030000000X,73,2019/1/5,330200,6451fa93-0fd6-4b28-98d9-07e1153a0adf
舟山市,0000000D0000002R000000030000000X,44.97,2018/5/5,330900,941c353d-1e66-4761-a1ff-dd322cb4e715
金华市,0000000M0000003V000000070000000X,12.67,2019/1/25,330700,7839e23d-4cbe-489c-b5cc-81ea1d2b7a6b
绍兴市,0000002200000038000000070000000X,2.5,2017/7/25,330600,ef457eb3-b517-4c23-9e2c-74eb5f4b4916
温州市,0000000Z00000031000000070000000X,3.5,2017/2/25,330300,98bafedd-9110-4230-b8bb-2e2f3f3cae38
丽水市,0000000H0000003P000000070000000X,22.67,2017/1/25,331100,f524a902-ea17-4c3e-8cbb-3e816c320e6e
台州市,0000000C0000002Q000000030000000X,63.33,2018/9/25,331000,ebede7c1-3cb0-4749-93dd-b711c9c25c85
宁波市,0000000X0000007T000000070000000X,39,2017/11/15,330200,51fd9fb3-85aa-4a66-a068-512a2799548a
丽水市,0000001Z00000036000000070000000X,5.1,2018/9/15,331100,287bf73e-3400-49cb-bd79-c50b0ed3c7a8
宁波市,0000000H0000003N000000070000000X,14.67,2017/10/5,330200,e139fb89-c856-40f2-bc72-2fe9ad45335c
金华市,0000002200000038000000070000000X,2.67,2017/8/25,330700,2215a36d-fb80-4e2d-bbbe-13835554ee84
温州市,0000001400000031000000070000000X,8.67,2019/2/5,330300,13411f3a-8279-4883-a75b-9cf16bec04f8
浙江省,0000001400000031000000070000000X,5.47,2017/4/25,330000,bb346cc8-85c6-4d79-962c-aaadcc783a96
嘉兴市,0000003100000081000000130000000X,79,2017/7/25,330400,f87d5358-e058-4579-8f6a-a46b8e0dc46a
嘉兴市,0000000H0000002T000000070000000X,17.67,2016/12/15,330400,4daea3c8-cc76-4dc9-8e0d-4a29cb8a74b8
金华市,0000000C0000002Q000000030000000X,68.17,2016/12/25,330700,1d0e5dbb-ef66-4e52-872e-05690c7a09c2
浙江省,0000000S0000002Z000000070000000X,9.13,2017/4/25,330000,0c62ac2a-6f51-4df8-9d10-d21a602a9ff7
宁波市,0000000P0000002W000000070000000X,5.23,2017/1/25,330200,f893f49b-fa3c-4375-9ec1-4b70389e518b
杭州市,0000000M0000003V000000070000000X,10.5,2017/6/25,330100,5b909467-5c53-46ea-82eb-bd0f94c362d2
绍兴市,0000001700000031000000070000000X,2.53,2018/6/15,330600,026a8d5c-9498-4c50-9d99-c59cc44214a3
宁波市,0000001A00000031000000070000000X,3.8,2017/8/25,330200,0b4bed42-2f15-4f13-8f64-166f91dfac23
舟山市,0000000C0000002Q000000030000000X,51.6,2017/3/25,330900,a4370406-5d24-415c-a664-dbaab3041694
宁波市,0000000D0000002R000000030000000X,45.27,2017/1/5,330200,f002f8f9-12d2-4a90-8894-5e2a1cc477a0
湖州市,0000002200000038000000070000000X,4.33,2017/6/15,330500,331d81f1-f5e7-433d-9342-c270fd1419e7
宁波市,0000000J0000003S000000070000000X,30.5,2016/12/15,330200,f68d1dfa-9231-47b7-aedd-ba7d501d41bd
温州市,0000002U0000007X000000070000000X,4.17,2018/1/25,330300,3ca063e8-a392-45bc-9201-e5f67be06c47
台州市,0000000D0000002R000000030000000X,39,2018/3/25,331000,4b56b0e9-c467-40cf-8a13-b1d773be4ad8
丽水市,0000000K0000003U000000070000000X,33.67,2017/9/5,331100,23b36ee4-0cf9-4413-a6d2-094882258cbe
丽水市,0000000D0000002R000000030000000X,54.6,2018/6/15,331100,743e5e16-3f9a-490b-b5c7-3ff793773cab
浙江省,0000001500000031000000070000000X,5.3,2018/12/25,330000,4366dd8e-6e4b-4cef-ae65-42e7fce1fbd0
宁波市,0000000D0000002R000000030000000X,44.77,2017/8/15,330200,440b2c16-6df6-41f7-aec4-020e653a4ed6
浙江省,0000002U0000007X000000070000000X,4.31,2019/1/25,330000,79553553-65d8-4388-8714-6c3a5511cd32
浙江省,0000001200000031000000070000000X,4.88,2018/9/25,330000,309f5b71-6159-42cb-8563-010b407938c8
丽水市,0000002U0000007X000000070000000X,4.66,2017/5/5,331100,83a72cbf-c65e-4534-9bf3-d9169a776864
宁波市,0000000H0000003N000000070000000X,13.1,2018/8/5,330200,c8cc5a0e-f808-4d0a-a3ba-434ddb6e657b
杭州市,0000002U0000007X000000070000000X,4.3,2017/8/5,330100,80ba4122-70a0-4bd0-b32a-83d1dd2f2240
宁波市,0000001700000031000000070000000X,3.23,2018/6/5,330200,196a9e93-8158-440f-9bd2-05895d12aa8e
台州市,0000000D0000002R000000030000000X,38.67,2017/9/25,331000,6577bd75-a20d-405d-87af-0e66a1bc5f51
衢州市,0000000P0000002W000000070000000X,5,2019/3/15,330800,6f9d3d99-ae85-4509-84f1-7e77c3052268
杭州市,0000000Z00000031000000070000000X,5.6,2018/7/25,330100,e4606585-5d02-42b0-90f1-8aa7a5a20560
浙江省,0000001400000031000000070000000X,5.68,2018/9/15,330000,19384ce4-6084-4d78-93f5-c258f5da92a8
丽水市,0000000K0000003U000000070000000X,36.67,2018/4/15,331100,c7a8ff83-5652-4036-9039-326e96c5d6ac
湖州市,0000002200000038000000070000000X,3.83,2017/1/5,330500,8350f20e-b662-443a-9d60-59a4a8747672
浙江省,0000000K0000003U000000070000000X,39,2019/3/15,330000,73162432-8124-4e73-9f6a-aa79acb2d57b
台州市,0000000C0000002Q000000030000000X,63.33,2017/12/25,331000,868f0b3a-f4ed-4ee6-9cb9-ab5b4bac8b59
绍兴市,0000002U0000007X000000070000000X,4.5,2017/7/15,330600,a60bdb0a-8229-4cd2-9bf2-7289f9e27547
浙江省,0000000H0000003P000000070000000X,22.14,2017/7/15,330000,6da8179a-a15d-44e6-9a8d-e571bb35ea9a
金华市,0000002200000038000000070000000X,3.17,2018/5/25,330700,1cd5f415-bc01-4000-977b-59bc2929ebb3
湖州市,0000000J0000003Q000000070000000X,38.33,2017/3/5,330500,f242fdc3-0ab5-43b7-83ea-b588f884daef
湖州市,0000000J0000003S000000070000000X,34,2017/4/25,330500,75a37648-5101-492e-b384-bf949bb94785
金华市,0000002P0000007W000000070000000X,3.9,2017/4/5,330700,b1ce51c8-81af-49c6-8746-8401f426d6db
丽水市,0000000C0000002Q000000030000000X,70.23,2018/7/25,331100,83d37472-b3a6-440a-9a68-4ec2de908a04
舟山市,0000000P0000002W000000070000000X,5.67,2018/2/25,330900,ef3cf303-2a6f-4939-a549-4ff26a0bf9ba
衢州市,0000000H0000002T000000070000000X,19.33,2017/3/5,330800,4b41600f-59c0-4c6e-90a6-61b4f8c66d21
衢州市,0000003100000081000000130000000X,86.27,2018/10/15,330800,adb067c0-f88a-41e1-b454-9f08e9d4a140
金华市,0000000H0000003P000000070000000X,18.17,2018/4/25,330700,56ff3c41-39ef-41d1-8803-033ec10760c6
绍兴市,0000001A00000031000000070000000X,3.5,2017/8/15,330600,9431bbfc-33cb-4e0e-aead-5c7452567c7b
湖州市,0000001E00000031000000070000000X,4.17,2017/12/25,330500,f8626a26-77a8-4295-9df5-f217ae6a9126
温州市,0000001A00000031000000070000000X,4.33,2017/3/15,330300,cf6fd861-8cad-426d-96ef-e25439f28df1
宁波市,0000000S0000002Z000000070000000X,10,2018/6/15,330200,38053a96-cc15-480b-a929-80b1ebe42178
湖州市,0000000M0000003V000000070000000X,17.33,2017/5/5,330500,0c52ef21-f483-4356-8a32-92da20d858c3
嘉兴市,0000000C0000002Q000000030000000X,66,2017/4/15,330400,379c1a5f-db1c-4588-8e1d-a3b176f400af
绍兴市,0000000X0000007T000000070000000X,29.67,2017/8/15,330600,061af95f-581f-4255-9b3a-b91820e7df29
金华市,0000000D0000002R000000030000000X,40.17,2018/7/25,330700,ea0ff07c-7345-47e3-afa5-b6ff91006b2d
舟山市,0000001400000031000000070000000X,6.17,2017/10/25,330900,f3b91ce7-3927-407e-a20f-e7a0d38bb786
湖州市,0000001500000031000000070000000X,5.17,2018/12/25,330500,18c93ee0-363e-4a41-8abd-514a3716e636
宁波市,0000002200000038000000070000000X,3.93,2018/6/5,330200,13b7d1eb-51c3-4e8a-a600-df97c4823b57
嘉兴市,0000000H0000003N000000070000000X,14.83,2018/10/25,330400,24af890f-5d4f-4e37-8c9e-44a96d2144e4
浙江省,0000000H0000003P000000070000000X,20.89,2018/7/5,330000,21f2b93b-762a-47a8-b9e7-782b88e54d29
绍兴市,0000000D0000002R000000030000000X,49.33,2018/12/15,330600,bf4b26c4-f2b2-4110-a897-dc55c2b342c6
杭州市,0000000D0000002R000000030000000X,46,2017/11/5,330100,a3502629-9746-4c87-9023-4221a0e3d95b
宁波市,0000002U0000007X000000070000000X,4.63,2017/3/5,330200,bbe82451-dfcf-4c9f-a27e-6c7d2f27e348
金华市,0000001Z00000036000000070000000X,5.67,2018/6/5,330700,f97831a1-f112-4f27-bdfe-b4099751269f
绍兴市,0000000P0000002W000000070000000X,4.67,2017/6/25,330600,c1aba7f8-1ffa-4fd6-9277-c7038060d9e3
衢州市,0000001K00000031000000070000000X,3,2016/12/25,330800,e01114b6-a4d6-4d2b-84fd-d5cce646fb0b
丽水市,0000000H0000003P000000070000000X,19.67,2018/3/5,331100,3cf38a15-a4cb-4a32-aec5-ae5449ae8aef
温州市,0000000H0000003P000000070000000X,25.33,2018/8/25,330300,3fbef1f6-4bcc-4da9-a40f-f9501f099c19
嘉兴市,0000000M0000003V000000070000000X,11.67,2018/12/15,330400,ea1b75b7-ddb9-4b23-881f-c6feb93d38d0
杭州市,0000001E00000031000000070000000X,7.17,2018/10/15,330100,72defefe-d7c1-40c0-8153-ddf69f9966d8
湖州市,0000001200000031000000070000000X,4,2018/5/15,330500,21c4d22e-4cdc-44d2-b594-a31658c8b8c2
浙江省,0000000G0000003F0000000700000010,9.78,2019/2/19,330000,691b3fd5-f8e5-461f-a368-08f6af2cfaaf
绍兴市,0000000D0000002R000000030000000X,52,2017/3/5,330600,90c3cef7-2bab-4e58-a96b-a0cd874d1e84
金华市,0000000M0000003V000000070000000X,13,2018/2/25,330700,676974c4-1c63-4526-8d4b-6b433fe555a3
杭州市,0000000S0000002Z000000070000000X,8.27,2018/12/25,330100,217f6713-3668-4114-b726-d3caf741ffe3
湖州市,0000000P0000003E0000000700000010,5.5,2018/9/25,330500,3283adc2-bda0-4749-b4b6-2daeaa0f3c9a
嘉兴市,0000000Z00000031000000070000000X,3.83,2017/2/15,330400,474f73ff-832f-4a9e-81dd-2f2966c37028
舟山市,0000001A00000031000000070000000X,4.17,2017/7/15,330900,4145b5b6-eeb0-40f3-84e2-7cf667ae684a
杭州市,0000000K0000003U000000070000000X,33,2017/8/5,330100,49cbc0da-73c4-42e3-ab42-9ea9f8f08452
浙江省,0000001500000031000000070000000X,4.27,2017/12/25,330000,ba116197-bf5e-4641-82a7-82452e7f69dd
丽水市,0000002U0000007X000000070000000X,4.66,2018/2/15,331100,47c49969-90d7-470f-a61c-ea43ea635545
台州市,0000000H0000003P000000070000000X,23,2017/8/25,331000,8ee11179-b407-4da1-85e7-489ee6e506f8
嘉兴市,0000001K00000031000000070000000X,3.83,2018/8/15,330400,ab0c7427-49e2-4678-8b36-4161bb3d31df
浙江省,0000000P0000002W000000070000000X,5.54,2017/10/5,330000,045a26b6-f22f-4525-a892-e91beb15e84d
杭州市,0000000M0000003V000000070000000X,10.67,2018/6/15,330100,782014f8-b1b0-4e12-8e87-2b9c721a5dbe
舟山市,0000001400000031000000070000000X,5,2017/4/25,330900,da386198-69f0-49be-a8c6-feccb8f4372b
宁波市,0000001500000031000000070000000X,4.23,2018/7/15,330200,7a6a35ab-c1e8-4b03-86a3-66b6d74e59cd
绍兴市,0000003100000081000000130000000X,66,2017/4/25,330600,607456a9-d7e3-42f4-aeab-444c46d7e784
金华市,0000000P0000003E0000000700000010,4,2019/1/29,330700,713d9a48-0635-42fb-9c2d-5bb907b1cb3e
宁波市,0000002U0000007X000000070000000X,4.87,2017/9/25,330200,f77cdf88-38fa-4461-b71e-a4c26b864ceb
舟山市,0000000Z00000031000000070000000X,4.5,2018/11/25,330900,4179d483-6c34-4779-ada6-95ce866733c4
浙江省,0000000K0000003U000000070000000X,34.81,2017/1/5,330000,87f83108-593b-4027-9a98-b96f2a53b46d
杭州市,0000001K00000031000000070000000X,4.33,2017/12/15,330100,f71367da-77ff-4563-bc8a-8ce624e202e5
宁波市,0000000G0000003F0000000700000010,10.42,2017/5/2,330200,d07a8952-139a-4978-8d85-f001b2c0e187
浙江省,0000001A00000031000000070000000X,5.45,2017/2/15,330000,54077977-a839-4446-860b-eb12dcca8185
湖州市,0000000Z00000031000000070000000X,5.5,2018/1/5,330500,266f538b-6dca-4ae9-9ef8-0f9d659eb88a
衢州市,0000000H0000003N000000070000000X,16,2017/1/15,330800,6daf0cee-90a5-4180-aaf9-488be642abb9
嘉兴市,0000000C0000002Q000000030000000X,66,2017/4/25,330400,128eca72-b03a-4b3b-b402-c9f3ff35ce5e
温州市,0000001Z00000036000000070000000X,6.33,2018/3/15,330300,f878ec77-9c34-488c-b6dd-3538ccb2f4cc
台州市,0000001K00000031000000070000000X,3.17,2017/10/25,331000,46c25c9b-13cd-41d7-be07-f378d2f25d4d
浙江省,0000001A00000031000000070000000X,5.21,2017/9/5,330000,c8a6e0f5-75fa-47ac-ba16-56c874e070e8
绍兴市,0000000H0000003N000000070000000X,15,2017/2/5,330600,462cf15b-b4c6-4334-b42a-304bfe748a3e
台州市,0000002U0000007X000000070000000X,4.5,2018/1/15,331000,e5516d92-4c1c-4d0c-9779-d727e2a0bc40
丽水市,0000000C0000002Q000000030000000X,70.23,2018/11/5,331100,20fa533c-5622-42cf-81b7-27fde14c39b9
绍兴市,0000002P0000007W000000070000000X,2.56,2017/2/25,330600,6f60a433-e3f2-4cc3-be1d-e518e07b7952
舟山市,0000000S0000002Z000000070000000X,11,2017/3/25,330900,39c29bac-f766-4b64-a962-839596250a14
杭州市,0000000D0000002R000000030000000X,46.67,2019/1/5,330100,3feeca48-f378-42dd-9618-fd7cf838726e
舟山市,0000000G0000003F0000000700000010,9.5,2017/5/30,330900,da24f3f4-7c5f-4a40-9ed3-83b53aa0b5ad
嘉兴市,0000002U0000007X000000070000000X,3.73,2017/2/15,330400,c4d379bc-1192-4a93-b38e-4cb1325e759f
嘉兴市,0000001A00000031000000070000000X,6.17,2018/4/15,330400,58186361-f580-4715-a217-dd064df574a0
舟山市,0000002U0000007X000000070000000X,5,2017/5/25,330900,31081e0d-056a-49de-9dfb-bbd608817992
宁波市,0000003100000081000000130000000X,172.67,2017/3/25,330200,98f403eb-0d25-427e-9039-3178b60f99b4
丽水市,0000000P0000003E0000000700000010,2.8,2017/2/7,331100,b9831cfa-1449-4858-ac1c-61a0df91b9df
嘉兴市,0000000H0000003N000000070000000X,15,2017/9/25,330400,85627ad3-b63f-42da-9102-b6c0015ea2c8
衢州市,0000000S0000002Z000000070000000X,8.67,2018/3/5,330800,214b9a9d-4ec5-49ae-bb06-5e0c5b8e880d
嘉兴市,0000002P0000007W000000070000000X,3.2,2017/2/5,330400,e60f346e-2077-4f01-88f9-26be2feaf855
丽水市,0000000H0000003N000000070000000X,13,2017/12/15,331100,10a99d16-b012-453b-ad31-a1416466efd1
衢州市,0000000S0000002Z000000070000000X,9.67,2017/6/5,330800,108a42e6-cfe7-4b17-92a3-7395b8cf02f0
宁波市,0000000J0000003Q000000070000000X,42.67,2018/9/25,330200,5d24e81c-57c2-4865-9881-1ef94f305396
金华市,0000000P0000002W000000070000000X,5.17,2017/10/25,330700,83e9a2fa-3937-4663-a401-6f95c888442d
温州市,0000001E00000031000000070000000X,4.17,2018/11/15,330300,f7d61895-b06a-43e6-9765-9b617aded226
衢州市,0000001E00000031000000070000000X,3.67,2019/1/5,330800,fbf3717c-1933-4cf7-b29d-1cdb26208195
衢州市,0000001700000031000000070000000X,2.5,2018/11/15,330800,3f386358-99c9-427e-90a3-bffe5e0d6577
温州市,0000000X0000007T000000070000000X,40.67,2017/8/5,330300,d6683753-2953-4d09-9cb5-43244a55a927
衢州市,0000000M0000003V000000070000000X,10.5,2017/3/5,330800,e692a3a2-fc94-4488-98d1-0c254ac2db80
杭州市,0000000Z00000031000000070000000X,3.1,2017/4/25,330100,17a527e4-ce28-4cff-8d5c-92af74bb1fac
衢州市,0000000D0000002R000000030000000X,37.67,2018/5/5,330800,05d542d0-2615-498d-9a9d-47dd32f1a366
宁波市,0000000K0000003U000000070000000X,34.33,2018/7/5,330200,8ef39bb3-0ac1-4aa4-86f8-2291f626e30f
台州市,0000001500000031000000070000000X,3.67,2018/8/5,331000,2aa1dbd1-150e-4a44-8c39-6dd17b70d8c6
绍兴市,0000000K0000003U000000070000000X,44,2019/2/5,330600,c046e514-4d02-4091-a1ed-c6373c245bad
浙江省,0000000H0000003N000000070000000X,15.57,2017/1/5,330000,610933d3-b10b-4ad7-9232-a338caba1710
宁波市,0000001700000031000000070000000X,3.23,2017/2/5,330200,655ae0de-3ee9-440d-98af-5362b03e3e37
金华市,0000000P0000003E0000000700000010,3.7,2017/1/10,330700,8112760a-8216-45c9-8f94-33e972a01f99
温州市,0000000P0000003E0000000700000010,2.85,2017/5/9,330300,19e74f82-8704-4dd5-80c0-178e9d061b5f
宁波市,0000001E00000031000000070000000X,5.4,2017/7/15,330200,fd9e3948-a79c-4a5c-8ef0-5248410ab64d
舟山市,0000000H0000003P000000070000000X,25.33,2019/1/15,330900,89cd5d3f-b094-4b07-8b1e-178feca59465
湖州市,0000001A00000031000000070000000X,7.5,2017/4/15,330500,132408e8-dbef-4846-bfb7-b9b4fb94a1ac
嘉兴市,0000000C0000002Q000000030000000X,66.33,2017/6/15,330400,25cb976e-a41a-4509-a40b-2525f6331cb7
宁波市,0000002U0000007X000000070000000X,4.63,2019/1/25,330200,e13833a2-09fc-4de3-a101-2855cb56c3bd
杭州市,0000000D0000002R000000030000000X,46.67,2018/11/5,330100,52ba3668-db0c-4266-903a-91d4d913dcb5
温州市,0000000H0000003N000000070000000X,16.67,2017/4/15,330300,5a499f25-597a-42a9-80ee-2114c924cbb0
温州市,0000001400000031000000070000000X,4.67,2017/7/5,330300,15d82e2e-7855-4e99-9be4-b01246374ffe
杭州市,0000000M0000003V000000070000000X,11.33,2018/10/25,330100,ac3a19f2-aa15-4b0a-84a1-9e28f31e95db
台州市,0000000H0000002T000000070000000X,13.17,2017/7/25,331000,f795e7b7-352d-4e05-8627-f74dabdefcd8
嘉兴市,0000000J0000003S000000070000000X,32.33,2017/12/25,330400,e7f39c4b-7c38-4a25-ac7b-6244ce72854f
丽水市,0000003100000081000000130000000X,84,2016/12/25,331100,b32babb9-11ab-420a-876e-89951f8929ac
衢州市,0000003100000081000000130000000X,77.67,2017/4/15,330800,89e85745-e359-409a-a2e8-853284cce329
台州市,0000000M0000003V000000070000000X,10.67,2018/7/5,331000,e46afccb-9bf5-425d-9a1b-288eab43428c
衢州市,0000002200000038000000070000000X,3,2019/1/25,330800,01d1c580-7e26-4287-bbee-1f53f22be4e3
浙江省,0000000X0000007T000000070000000X,36.53,2018/1/5,330000,72e5069d-cb2a-4741-b322-7c3722d22305
台州市,0000000H0000003N000000070000000X,12.33,2017/9/25,331000,8d9ccaff-a19a-481a-a02b-18a2e4332e4b
金华市,0000002P0000007W000000070000000X,3.9,2017/11/5,330700,596e3bab-9c79-4348-a2ce-e575d15d7ad9
绍兴市,0000000Z00000031000000070000000X,4.17,2017/11/15,330600,51cbb3b6-0bfb-4c6e-9f6b-44d3ce6fe597
金华市,0000000H0000002T000000070000000X,15,2017/7/5,330700,3742711a-34cf-443c-9d67-e6b85daede3f
金华市,0000002P0000007W000000070000000X,3.7,2018/9/5,330700,fc7779b3-9fcf-4829-8408-d9492774d117
衢州市,0000000C0000002Q000000030000000X,68.33,2018/5/25,330800,05f9c220-1b83-4cd2-b1bb-caad5e92b331
丽水市,0000001200000031000000070000000X,7,2019/2/5,331100,f62f689d-9a19-4191-b912-a6c11585e9b1
浙江省,0000002200000038000000070000000X,3.49,2017/6/15,330000,043e9caa-67e1-4728-8ea6-b0940fa284f8
衢州市,0000000S0000002Z000000070000000X,8.67,2018/1/25,330800,b5542578-1a0a-4d25-9f85-03ffb56d19d3
宁波市,0000000J0000003Q000000070000000X,41.67,2018/4/15,330200,c59f5248-8a41-4cd6-bdae-e9b100a2e21a
丽水市,0000001200000031000000070000000X,6.17,2018/2/15,331100,2c0497d4-c2b2-40b3-ae9b-8a40fe247314
宁波市,0000003100000081000000130000000X,172.67,2017/4/5,330200,3f205f5c-95e5-4d69-a31f-99cc6c7a2c77
衢州市,0000000P0000003E0000000700000010,2.6,2017/4/25,330800,767a4534-dd29-469d-b06a-c2993c6a1599
丽水市,0000002U0000007X000000070000000X,4.66,2016/12/15,331100,79eb42b7-aed2-4ff1-9a0e-fce1056dc0d8
湖州市,0000000J0000003Q000000070000000X,38.33,2017/6/15,330500,ceb19a9f-b3af-4b5d-80aa-7da206664257
台州市,0000000D0000002R000000030000000X,38.67,2018/10/5,331000,a40ed280-98ab-44d8-9aa8-18c4d6d8b888
绍兴市,0000000P0000003E0000000700000010,4.8,2017/10/3,330600,bb338274-46ec-48ea-ab4f-1e809a9307c7
台州市,0000000D0000002R000000030000000X,41.67,2017/3/15,331000,5e4092e4-93ba-4374-b218-027ee7f31cde
绍兴市,0000000H0000002T000000070000000X,16.5,2018/10/15,330600,8e66de3a-dc80-41fc-b1b8-7d7f11e234a8
湖州市,0000001Z00000036000000070000000X,5.67,2019/1/5,330500,6fed82f1-5a07-4f16-9743-d10ff2d13606
金华市,0000000P0000002W000000070000000X,4.67,2017/2/15,330700,236e4e15-c143-4489-91a1-cd94dc028975
绍兴市,0000000J0000003Q000000070000000X,44.67,2017/3/15,330600,5de49046-fc9d-4874-ae88-de6c06a5134e
宁波市,0000001K00000031000000070000000X,4.4,2018/10/15,330200,a5aa2744-bea1-4240-96e9-91fb135ec810
衢州市,0000000G0000003F0000000700000010,12.3,2017/2/7,330800,63c3eda4-6586-4dcf-a342-331c01527ae3
宁波市,0000000H0000002T000000070000000X,15,2017/9/5,330200,1052916a-5b77-4ebd-95f6-d3a912499827
湖州市,0000000J0000003Q000000070000000X,38.33,2017/1/15,330500,2cc0c677-ce98-48d2-8745-98fe6293e98a
湖州市,0000001500000031000000070000000X,4.17,2017/8/5,330500,ab839f1d-860e-455b-9f3f-913468a5fc1c
台州市,0000000J0000003Q000000070000000X,40,2017/2/25,331000,31c11706-531d-41b7-8923-95226e7484c3
金华市,0000002200000038000000070000000X,2.5,2017/1/5,330700,c8b18dca-9db3-4046-a5e2-6b02e4ed015a
浙江省,0000000H0000002T000000070000000X,14.47,2018/7/15,330000,37d82680-e66f-42a9-899d-110c0ab58d31
绍兴市,0000000H0000002T000000070000000X,14,2017/8/25,330600,d83da7ac-4009-4d8c-87c7-2f472d5b7b5c
浙江省,0000001E00000031000000070000000X,4.86,2017/7/5,330000,202c77a8-de58-490d-be18-c706f1a71d77
舟山市,0000001500000031000000070000000X,4.33,2017/12/25,330900,b83b4185-5836-4edb-afb3-1b17c0e9810c
金华市,0000001700000031000000070000000X,2.67,2017/5/25,330700,5e99dcc0-1e6b-47ab-b00f-8d2591bdf2e6
浙江省,0000001E00000031000000070000000X,5.54,2018/2/25,330000,6203858b-6c21-4e3e-b902-6b3958cf6f0a
浙江省,0000002P0000007W000000070000000X,3.07,2017/4/5,330000,634512a0-783f-489b-8a2a-f9303f7b3ee8
丽水市,0000000H0000003N000000070000000X,13.33,2019/3/15,331100,0f3439b1-d8bf-4302-b7d5-a973e571a831
舟山市,0000001A00000031000000070000000X,5,2018/5/25,330900,633218d8-9e44-4249-99e7-1dcb26c460c5
浙江省,0000003100000081000000130000000X,87.55,2018/4/15,330000,19252829-ac09-4bb8-b650-e864662867ba
温州市,0000001200000031000000070000000X,6.33,2019/2/5,330300,36ea7d59-5bfe-4a18-b912-754b47e9c65f
温州市,0000000H0000003P000000070000000X,25.33,2017/3/25,330300,815720c4-9818-411e-a9d7-571e9946de0d
衢州市,0000000X0000007T000000070000000X,24.33,2018/3/25,330800,77af9d9d-1b8b-4543-a110-21ed4f6c055d
浙江省,0000000J0000003Q000000070000000X,42.91,2018/12/15,330000,e0e7236a-147e-4848-bca6-7a28e68ac503
舟山市,0000001Z00000036000000070000000X,7.5,2017/8/15,330900,73af305e-a48a-492b-bd00-12b1d4640a93
湖州市,0000001K00000031000000070000000X,3.33,2018/11/25,330500,704d6888-2c2e-49d2-be3f-d4b5527e7881
绍兴市,0000000M0000003V000000070000000X,9.67,2016/12/25,330600,b5d46677-2cba-45ed-8aef-b7f977fb23d5
绍兴市,0000002P0000007W000000070000000X,2.2,2017/5/15,330600,d12a934b-7748-4f29-8d5f-af73ebb80972
宁波市,0000000D0000002R000000030000000X,44.43,2017/8/25,330200,f5ac1a9b-fd7f-428a-ae7d-92cbc212b728
浙江省,0000000H0000003P000000070000000X,22.11,2017/7/25,330000,8407df19-2ff8-4121-b81e-4f0d91ebe747
杭州市,0000000M0000003V000000070000000X,10.5,2017/6/5,330100,47b31ad1-b06e-488d-a575-795ed83f4935
杭州市,0000000J0000003S000000070000000X,35.67,2017/10/5,330100,5bc62fcc-cd3e-43bb-83b5-0f9ef00ba18d
温州市,0000000J0000003S000000070000000X,42.33,2017/1/15,330300,3aeb2ad8-dbb4-4ca5-9e39-64e4bb6c471b
湖州市,0000001A00000031000000070000000X,7.33,2017/11/5,330500,23bf176f-0130-4a78-aa46-776265763db0
台州市,0000000S0000002Z000000070000000X,9.5,2018/1/25,331000,556b62af-948c-48e0-bdff-849677b95789
丽水市,0000002200000038000000070000000X,3.16,2018/1/25,331100,3b6b1825-1f33-4005-8820-f83f35635f01
杭州市,0000000M0000003V000000070000000X,10.5,2017/7/15,330100,71d84b98-ef68-41e9-b958-666127e6e1d5
浙江省,0000000K0000003U000000070000000X,35.6,2018/6/5,330000,0dd02879-b75b-4cda-94c9-ad12f5393832
舟山市,0000002P0000007W000000070000000X,3.33,2018/2/15,330900,c3bf502e-66fa-4cb3-96cc-082cdd4fb7c1
台州市,0000001A00000031000000070000000X,4.67,2017/4/5,331000,13f15b3b-cae4-4ade-bdc7-8274f7a17542
绍兴市,0000001500000031000000070000000X,5.5,2019/2/25,330600,59496c93-2cca-4161-8a36-0d3c60c7b6d9
湖州市,0000000D0000002R000000030000000X,40,2017/2/5,330500,286e52bd-5c27-4c64-9d05-79fddafb9c31
嘉兴市,0000003100000081000000130000000X,79,2017/12/5,330400,c6bfb163-a340-4b7d-a2ba-65c1e738de9d
台州市,0000000P0000002W000000070000000X,5.43,2017/11/25,331000,749e4c89-5889-495b-aaaf-13887b8b4d9a
浙江省,0000000H0000003N000000070000000X,15.56,2017/1/15,330000,329a3b3b-5621-4069-a50e-822bca5e3872
温州市,0000000P0000003E0000000700000010,4.7,2018/1/2,330300,be4a054c-41eb-4883-b90c-9ed7284bc208
绍兴市,0000000Z00000031000000070000000X,4,2019/1/5,330600,ae1d4199-523e-4664-a5a4-9c60ed47cf67
嘉兴市,0000002U0000007X000000070000000X,3.73,2017/3/25,330400,f74e0c0f-dfdd-42ef-bdfd-98d7462588e9
绍兴市,0000001Z00000036000000070000000X,3.67,2018/4/15,330600,e4d840ab-f2b7-47c0-9df5-2f55a1a8de80
杭州市,0000000J0000003S000000070000000X,36.27,2017/11/25,330100,bbeba67c-96f7-4c7d-8e7f-6b9b0375c18e
温州市,0000002200000038000000070000000X,3,2017/7/15,330300,56b6d7c0-823c-40f9-96a9-5ab20387f410
金华市,0000000H0000003N000000070000000X,10,2018/5/15,330700,67bac9fc-0818-4e76-a65d-390a66704e33
浙江省,0000000G0000003F0000000700000010,9.74,2017/8/15,330000,6429c714-6647-41d2-9c86-e2465f2883d3
杭州市,0000000H0000003P000000070000000X,22.5,2016/12/25,330100,040af2b2-6065-49e9-9645-27cd4309b214
丽水市,0000000G0000003F0000000700000010,9,2017/5/9,331100,444bfd0b-d8d9-4c33-b523-55c79d1a52b7
衢州市,0000002U0000007X000000070000000X,5,2018/7/25,330800,b8b35022-10ae-4e45-89ef-3d36fbd8475b
丽水市,0000001500000031000000070000000X,4.67,2017/9/25,331100,bf693999-8b4d-42f5-a49e-a42f41c93b8e
温州市,0000002200000038000000070000000X,3.17,2018/1/5,330300,627a60db-7228-496c-b7be-6e06ab438cc0
温州市,0000001500000031000000070000000X,4.67,2017/7/25,330300,f1603f88-4330-4078-a1a4-129c1e0135f3
温州市,0000000P0000003E0000000700000010,3.8,2017/1/3,330300,ad588fdd-d753-42c5-b339-5db2006d939b
杭州市,0000000P0000003E0000000700000010,4.8,2017/11/21,330100,d6ee0ee1-57a0-4f6d-9fb1-71ec3e6b5b42
衢州市,0000000H0000003N000000070000000X,11.67,2018/5/15,330800,a1dc900b-8363-43ca-95fe-13dafc1632b3
温州市,0000002200000038000000070000000X,3.17,2017/9/5,330300,895cefef-fb17-4768-bcae-1a72daf22459
衢州市,0000003100000081000000130000000X,86.27,2018/9/25,330800,30467546-f049-4dd9-85de-5d1c0d069d14
嘉兴市,0000001200000031000000070000000X,4,2018/12/5,330400,4f337005-aa21-4ba3-8376-52b5447b77ed
宁波市,0000002P0000007W000000070000000X,2.6,2018/1/25,330200,fc4425d8-f80d-49b9-8f84-77a8c8749ca1
舟山市,0000000H0000003N000000070000000X,15.33,2017/11/15,330900,ea543517-3861-45c6-aba9-11dc8e1803af
浙江省,0000000P0000003E0000000700000010,4.92,2017/9/19,330000,e1c90def-1f31-48e2-94a4-fbe38c319786
丽水市,0000001E00000031000000070000000X,4.5,2017/9/25,331100,d6fcc001-3625-48ea-a740-ab4e13f6f84d
浙江省,0000001Z00000036000000070000000X,6.31,2018/12/15,330000,ba931302-52cf-4100-b528-00d08d536afe
杭州市,0000001700000031000000070000000X,3.17,2019/3/5,330100,41b8322e-08b5-4846-ba29-c5a5f19561b8
丽水市,0000000H0000003N000000070000000X,13.33,2017/5/25,331100,5e7013b6-b3cc-4223-94f2-0205a92b5774
嘉兴市,0000000H0000003N000000070000000X,15.33,2016/12/15,330400,2c4c6878-aede-4281-9954-a5dd2c896d8d
杭州市,0000001Z00000036000000070000000X,6.67,2017/6/15,330100,e7bab40a-960c-4754-922e-6f5e7869be99
嘉兴市,0000000P0000002W000000070000000X,4.83,2019/3/15,330400,22014415-78a1-4ff0-8aaa-8d2461898271
宁波市,0000000K0000003U000000070000000X,36.67,2018/1/25,330200,6b03f80c-6e72-40c5-a209-9bc5079cefe8
台州市,0000001500000031000000070000000X,4.33,2017/8/5,331000,0106f79f-0c3d-478c-b8dd-b8d085fef821
绍兴市,0000000H0000003N000000070000000X,12.67,2018/6/15,330600,dd4b10b3-7889-45cb-b92c-6efabc27935b
宁波市,0000000M0000003V000000070000000X,14.5,2017/3/25,330200,22cb9aa8-392b-4489-b4a5-426abf5813a8
浙江省,0000000Z00000031000000070000000X,2.9,2017/4/15,330000,e2673f7d-96d8-4a6c-ae4d-7618d6bbf2a3
宁波市,0000000M0000003V000000070000000X,14.5,2017/5/25,330200,673e6e6c-760b-4fbd-8d39-118bc46de888
丽水市,0000003100000081000000130000000X,84,2017/12/25,331100,0cea727e-857e-400d-9139-8bb32e7e2a88
杭州市,0000000Z00000031000000070000000X,6.93,2017/9/5,330100,87f45402-a134-4275-ad7b-4b87e6c25b6a
台州市,0000001500000031000000070000000X,5,2018/12/15,331000,8771a3ba-20cc-46b2-84e7-4d680623e04f
金华市,0000000G0000003F0000000700000010,12.5,2017/1/10,330700,201064be-9e43-4c5e-9d50-9bfad0b169a9
舟山市,0000000P0000003E0000000700000010,5,2017/10/10,330900,52146cb7-eda4-44b2-9b35-e0335d2113b7
绍兴市,0000000J0000003Q000000070000000X,45,2018/10/5,330600,2292d01f-68a7-45ed-a140-dd20d9adc619
舟山市,0000001E00000031000000070000000X,6,2018/8/15,330900,27d30a90-6e54-4e9b-bd2a-615f1ddc440d
杭州市,0000000H0000002T000000070000000X,17,2017/8/25,330100,3b3005a5-2f97-4ec4-8b12-5f2f5dce6e27
杭州市,0000001E00000031000000070000000X,5.67,2018/11/5,330100,bace439b-6f74-4474-8fa6-4fa3d95ea3b2
湖州市,0000000P0000002W000000070000000X,5.33,2018/7/15,330500,a6e21009-d928-4f48-944c-af36f4d3f06f
浙江省,0000000G0000003F0000000700000010,9.28,2017/7/18,330000,a97ecf32-067f-4414-9577-beafbb62c826
绍兴市,0000000H0000003N000000070000000X,13.83,2018/2/15,330600,9c4cd06e-4696-440a-abde-61dc684b49a7
台州市,0000000J0000003S000000070000000X,35.33,2018/3/15,331000,a252e9d8-d07e-4395-9e79-16f47a2f8b59
湖州市,0000001A00000031000000070000000X,7,2016/12/15,330500,82e45516-c99a-4f9e-b5bd-ecffc726786e
丽水市,0000001K00000031000000070000000X,4.5,2018/8/5,331100,b31ac0bc-e032-433e-b12f-b762630f7038
杭州市,0000000Z00000031000000070000000X,3.77,2017/5/25,330100,a58ee8ee-1327-4849-86b3-d8b98e57cc64
舟山市,0000000H0000003P000000070000000X,25.67,2017/3/25,330900,86fd21d6-6020-4618-be97-5f916477d631
丽水市,0000001400000031000000070000000X,5,2018/10/5,331100,d9a721c8-2d5f-4496-89d6-157c6d4551dd
温州市,0000001Z00000036000000070000000X,7.83,2017/4/25,330300,49d06ada-3ea4-4306-9707-cc0a13edccd9
杭州市,0000000J0000003S000000070000000X,37.33,2018/10/25,330100,07dcff83-9465-445a-9738-5718f674ccd2
宁波市,0000000K0000003U000000070000000X,33.5,2017/11/5,330200,742bdeb7-2fe9-4d15-8d8d-26e40dac2239
浙江省,0000001Z00000036000000070000000X,5.92,2017/10/25,330000,7b2bd78c-cc85-4b0c-a9a3-a67d8a35926d
金华市,0000002P0000007W000000070000000X,3.9,2017/5/15,330700,e4b5137c-af09-49bb-9c13-8080c760667f
丽水市,0000000G0000003F0000000700000010,7.4,2018/4/3,331100,f241742c-5e5f-4de3-920c-373297896323
绍兴市,0000001E00000031000000070000000X,2.83,2017/3/5,330600,c2feae5f-9afe-4210-a5bf-687b94a04b02
绍兴市,0000001700000031000000070000000X,2.33,2018/2/5,330600,f726e1f4-a1b0-4bfe-8275-05b2627902a8
衢州市,0000000K0000003U000000070000000X,35,2017/11/5,330800,56b3f7ff-b539-4f0b-817a-08493f8dc0ef
杭州市,0000000P0000003E0000000700000010,4.6,2019/1/22,330100,2b960ff5-b116-4227-ad24-14cd7c2348ff
嘉兴市,0000000P0000003E0000000700000010,5.43,2018/2/20,330400,4af33ee5-6f0d-4670-a343-d603177278ca
浙江省,0000003100000081000000130000000X,94.13,2018/1/5,330000,8152d218-6add-4451-b43b-d04227a3ba6e
舟山市,0000000J0000003Q000000070000000X,43,2018/12/15,330900,f2fe6551-439a-4a93-9998-6633ca6a4eb2
湖州市,0000001700000031000000070000000X,3.33,2017/4/15,330500,8deb91b9-e3b4-4528-b2c5-dc292888e98c
浙江省,0000000S0000002Z000000070000000X,9.33,2018/5/15,330000,e7c13fe4-d563-48e5-8c35-3cee57179811
舟山市,0000000G0000003F0000000700000010,8.8,2018/3/20,330900,455f1478-10d2-4fad-8dca-7109e6cb0721
绍兴市,0000001500000031000000070000000X,3.83,2018/5/15,330600,d4aa841a-237a-4dfb-8c72-8a7144ff1967
舟山市,0000001E00000031000000070000000X,3,2017/3/25,330900,4dddd138-aa2b-453c-813d-feca03236f78
金华市,0000001Z00000036000000070000000X,5.83,2018/9/25,330700,28212f9b-a971-4d5b-bf75-49df23473433
衢州市,0000000K0000003U000000070000000X,35,2018/1/5,330800,012a0f77-3d1d-4170-9808-e1b93c27074a
温州市,0000000H0000003N000000070000000X,16,2017/5/15,330300,e94b37f6-69f4-4d8e-8ca0-42d795d73e8a
丽水市,0000000P0000003E0000000700000010,4.9,2018/10/30,331100,29493e7a-50f4-4502-a60d-6c49b60eab6d
宁波市,0000000M0000003V000000070000000X,14.37,2017/7/5,330200,3682edb1-51ba-40be-aba0-9d7eea136b00
丽水市,0000000K0000003U000000070000000X,43,2018/11/25,331100,df248bba-51fb-4eb0-89b9-6651c26a2271
金华市,0000000G0000003F0000000700000010,9.3,2017/6/20,330700,6ed3d274-cd8a-422a-a755-44d542b01f0a
宁波市,0000000D0000002R000000030000000X,46.43,2017/6/15,330200,10d3bc1c-ca38-417e-bcd3-6daf4589b82b
浙江省,0000000S0000002Z000000070000000X,9.15,2019/2/5,330000,7596adb2-f317-4d14-b0a7-6473b6a6061d
宁波市,0000003100000081000000130000000X,138.33,2018/12/15,330200,c8e39221-95e4-45e7-81f9-89d80a3b731a
台州市,0000000S0000002Z000000070000000X,9.5,2017/1/25,331000,2e194c60-41fb-40da-92c0-ddf2b27e9553
浙江省,0000002200000038000000070000000X,3.52,2017/6/5,330000,d0bbe2b7-6021-48f2-bcda-11402fab01d2
舟山市,0000000P0000002W000000070000000X,4.5,2017/5/5,330900,45cf924b-4926-4daa-ab1a-d2833c4ad4c9
绍兴市,0000000M0000003V000000070000000X,9.5,2018/6/25,330600,22566165-7add-45ce-b66d-37fb93ba05eb
衢州市,0000001A00000031000000070000000X,6.33,2017/3/25,330800,677a686a-e359-440f-82d6-6a612fa4de86
绍兴市,0000000G0000003F0000000700000010,12.8,2018/12/11,330600,4c4bbba5-79f1-4c07-9e35-abc6f1f7734e
舟山市,0000002U0000007X000000070000000X,4.3,2019/3/5,330900,6808f25a-bf56-48a3-9a0a-71f17d2cf85b
台州市,0000000P0000003E0000000700000010,3.2,2017/1/17,331000,78d0ce64-bfe4-4550-a2c5-1fcae2898a9c
湖州市,0000000P0000002W000000070000000X,5.33,2018/6/5,330500,eb153810-c50b-4645-bab9-5ae016ac1522
台州市,0000000S0000002Z000000070000000X,10.33,2017/6/5,331000,e16f3c07-9da3-4215-828a-6905e59067ee
丽水市,0000000G0000003F0000000700000010,9.5,2018/8/7,331100,b7f0b1af-6981-4809-8b1e-94ebe50d4991
绍兴市,0000000Z00000031000000070000000X,5.5,2018/2/25,330600,85f1056f-b1be-41e3-b519-4b16fd86e159
湖州市,0000001Z00000036000000070000000X,5.67,2017/10/15,330500,ea9c8051-6278-42a7-aaa5-17877483d1aa
金华市,0000000M0000003V000000070000000X,12.67,2018/2/5,330700,567c4c18-79c1-414e-98c3-8ac3538d4269
舟山市,0000001E00000031000000070000000X,3,2019/1/5,330900,f55e3032-da9d-4fe9-80ab-8a8c5658f5d5
浙江省,0000000Z00000031000000070000000X,4.65,2019/2/25,330000,b5320e7c-a6c7-45f6-ad0f-718c0bac924a
丽水市,0000000D0000002R000000030000000X,54.6,2018/4/5,331100,d309147b-10a0-4bac-92e3-a2ca2ff25956
衢州市,0000001Z00000036000000070000000X,4.83,2016/12/15,330800,dde8380f-6aae-410c-9146-525687ef6dc4
衢州市,0000000G0000003F0000000700000010,9.1,2018/2/20,330800,40d70ec7-1273-4114-a436-f4c45a192df9
浙江省,0000001400000031000000070000000X,5.51,2017/10/25,330000,6a6e05ff-b7d7-4e18-8fbb-86caa8a64ebd
台州市,0000001A00000031000000070000000X,6,2018/11/5,331000,891cc2d1-adc6-4fd2-a5a6-2c108bcbe2fa
衢州市,0000003100000081000000130000000X,93.27,2017/10/15,330800,8d33e50a-94b8-4496-9ff4-3cd713eb2e3e
绍兴市,0000000C0000002Q000000030000000X,57.67,2018/7/15,330600,280451b8-2d06-4566-ad92-ae842f2a6ce0
宁波市,0000000P0000002W000000070000000X,6.2,2018/2/5,330200,b927eed9-425d-48a7-b9a5-5dcc94d58785
宁波市,0000001700000031000000070000000X,3.23,2017/8/5,330200,cd0c2a65-fa15-4ddd-a260-0e59ac1dce52
衢州市,0000001E00000031000000070000000X,3.83,2017/12/15,330800,d372a88b-f31e-409e-aae5-aca68cbaa0fe
浙江省,0000000P0000003E0000000700000010,4.1,2018/3/20,330000,c7549760-027b-4a25-8db6-7d63177eb4d7
绍兴市,0000000H0000003N000000070000000X,14.67,2017/1/5,330600,92d7ec6f-b1f1-40da-ac68-f06cc9a21b52
湖州市,0000001E00000031000000070000000X,5.33,2017/7/25,330500,883bb9f8-38e7-4a12-bb34-52ef09dabe9d
宁波市,0000001K00000031000000070000000X,4,2017/10/25,330200,400401ed-4b3a-4aa2-a42e-68589018af0b
杭州市,0000000J0000003Q000000070000000X,42.5,2016/12/15,330100,b374f423-6871-4c7c-b39a-d9aa2d518d23
舟山市,0000002P0000007W000000070000000X,3.33,2018/8/5,330900,093702c2-4323-47eb-b769-4b0ceec8ba0b
杭州市,0000002P0000007W000000070000000X,3,2018/7/5,330100,77e6d6f9-3c74-4718-b99e-dcca550837e2
浙江省,0000000X0000007T000000070000000X,39.43,2018/5/5,330000,f7786496-724a-4286-968f-303b79d9745f
浙江省,0000000C0000002Q000000030000000X,63.58,2018/6/25,330000,b9b7ea29-d3a7-4548-9acf-a590f03edc37
金华市,0000001E00000031000000070000000X,2.83,2017/3/5,330700,83d312ce-1f1e-4a14-886c-aab17abe31f0
温州市,0000002200000038000000070000000X,3.5,2018/2/25,330300,e1c28114-98c4-415a-b90c-e935b40172c1
绍兴市,0000000S0000002Z000000070000000X,8,2018/10/25,330600,a0cc2ca2-99a8-4d56-99c1-1534d720eeb8
杭州市,0000000Z00000031000000070000000X,5.83,2018/3/5,330100,c86449d0-d600-4744-853f-bf04ae5621d9
嘉兴市,0000000M0000003V000000070000000X,11.17,2018/5/15,330400,431403e5-f5a4-4737-b5e4-52028bd95532
浙江省,0000002200000038000000070000000X,3.75,2019/2/25,330000,0406d28e-3575-4016-b289-992eed561db5
丽水市,0000000X0000007T000000070000000X,52.67,2018/2/5,331100,38c6b437-4493-4701-8dbf-e0149ab179d5
绍兴市,0000001200000031000000070000000X,5.17,2018/3/5,330600,5e4dceec-eb34-42b3-83d2-45d1e43d2a06
湖州市,0000000J0000003S000000070000000X,34,2017/11/25,330500,69b5eeb8-bb84-4543-ae56-46ad7517c618
舟山市,0000001E00000031000000070000000X,3.33,2017/5/5,330900,73f76261-7694-47d5-a69e-55cae67e2030
舟山市,0000000J0000003Q000000070000000X,40.67,2017/11/15,330900,a69b02b4-d378-41c0-83ff-0bda8341e1ab
丽水市,0000000M0000003V000000070000000X,11.33,2018/10/25,331100,2638490a-61b7-48b2-9e5f-48e837a2be12
宁波市,0000000H0000003P000000070000000X,25.5,2018/4/5,330200,75c3a95e-0eb6-46ae-a4b9-600a28ce1eca
宁波市,0000001400000031000000070000000X,6.6,2018/2/5,330200,bb96083c-12bf-43e8-aee2-6a6bd73221d9
绍兴市,0000000H0000003P000000070000000X,23,2018/6/15,330600,953ba0dc-9440-4628-a858-7a8e48368f82
嘉兴市,0000000H0000002T000000070000000X,19,2017/2/15,330400,6e0de925-7e60-4ce4-ab3e-796dcb6fd127
浙江省,0000001700000031000000070000000X,2.67,2018/1/5,330000,e9f267e0-258f-4dd7-be1d-1369aa04b180
宁波市,0000001Z00000036000000070000000X,6.5,2017/11/15,330200,6756cc4b-504f-4577-a0e8-4a8a67806277
湖州市,0000000K0000003U000000070000000X,0,2018/6/25,330500,434730c1-bb8b-407b-81d9-16021c7f3d9a
金华市,0000000P0000003E0000000700000010,4.4,2018/10/2,330700,09647536-9b82-4681-b072-10ce87887f32
绍兴市,0000000J0000003S000000070000000X,38,2018/12/25,330600,58f1ad8e-d113-435e-ad11-e88351294243
杭州市,0000000H0000002T000000070000000X,17.5,2017/2/15,330100,026a6da8-d6d6-4e14-9713-58d920059320
温州市,0000000S0000002Z000000070000000X,9.17,2017/1/5,330300,fc7e3bfe-8293-4bfc-b927-35f30a669d90
浙江省,0000000P0000003E0000000700000010,4.58,2019/1/22,330000,55f83c66-47e1-4e17-8296-5f6a3cdb5652
丽水市,0000000K0000003U000000070000000X,38,2018/2/5,331100,57588016-8153-4939-b857-879453c0dbd8
丽水市,0000000H0000003N000000070000000X,13.67,2017/4/25,331100,04df42a5-6724-47b4-b126-c6ec75fc18c6
金华市,0000002P0000007W000000070000000X,3.9,2018/1/15,330700,7b4ffe1f-cb54-44b0-964a-37166b15e604
金华市,0000001700000031000000070000000X,2.83,2017/2/25,330700,a2467385-1979-4acd-b6b7-06ea3b040392
舟山市,0000001K00000031000000070000000X,3.83,2018/6/15,330900,18e5cc89-d3c7-4007-b64f-837352c82a1d
舟山市,0000001200000031000000070000000X,4.5,2018/8/15,330900,49040633-d316-46b2-ab80-ccadc2077075
金华市,0000001400000031000000070000000X,5,2017/5/5,330700,bb9fbc00-834a-4a14-bac4-0d20b3a56add
湖州市,0000000G0000003F0000000700000010,7.2,2018/5/15,330500,2579d58a-d7c1-4770-b648-f430f8c85362
湖州市,0000003100000081000000130000000X,72.6,2019/1/5,330500,c60d1732-ff0e-4fed-8449-e1e455551b17
衢州市,0000000D0000002R000000030000000X,38.33,2018/4/5,330800,e8925c24-d2a9-4dc9-9415-931d6257c43d
宁波市,0000000P0000002W000000070000000X,5.33,2017/9/25,330200,001babba-af04-4b91-8949-d8e85151dbbe
舟山市,0000000P0000003E0000000700000010,4.5,2018/6/12,330900,8f5e965a-f5e7-45fe-b1d4-8077c1142f70
衢州市,0000000G0000003F0000000700000010,9.5,2017/10/31,330800,34714912-44df-440c-8087-1954333ed85d
湖州市,0000000G0000003F0000000700000010,7.8,2018/4/3,330500,41700910-b052-4abc-a729-d38c62ae67c2
衢州市,0000001K00000031000000070000000X,2.33,2018/4/5,330800,0ac3dc22-3f40-4bd3-92ee-4ed0f9b1d1c4
温州市,0000000D0000002R000000030000000X,51.33,2018/7/15,330300,0f983215-cb5b-43e9-ad94-e3715b1a93e4
宁波市,0000001200000031000000070000000X,5.2,2019/1/5,330200,9f3d1067-3dd9-4f3e-8bef-9ec5df174589
舟山市,0000000H0000003N000000070000000X,15.33,2017/10/5,330900,022b19c9-11b2-4045-b5c8-95b8cfd11b6d
丽水市,0000003100000081000000130000000X,84,2018/1/25,331100,00286113-505a-4c62-9bc7-56f8f6354d3a
宁波市,0000001A00000031000000070000000X,5.6,2018/4/5,330200,e3e432e1-1ca1-48ac-a2ed-f5804853c922
温州市,0000000C0000002Q000000030000000X,60,2017/1/25,330300,36eafa4f-e5ce-4d64-9146-7d592541856b
杭州市,0000001A00000031000000070000000X,5.33,2017/5/5,330100,5033a0ee-a15b-4505-959a-6cd198fe26dc
金华市,0000000J0000003Q000000070000000X,41,2017/3/5,330700,f2c886e7-cdac-408c-9f65-c8e7ff965caa
杭州市,0000001K00000031000000070000000X,4,2018/10/25,330100,370e2ba8-9617-40f2-89a6-cf275274ea43
金华市,0000000G0000003F0000000700000010,10.5,2018/11/20,330700,5da2de8f-28ae-4feb-8baa-484f67ddc9f5
杭州市,0000000H0000002T000000070000000X,16.67,2019/1/5,330100,0bf3dd77-38b1-4b7c-9b8d-9d4c596450c3
绍兴市,0000000M0000003V000000070000000X,9.67,2017/7/5,330600,6ccf1ccb-34d9-4bb2-b7b6-e3fc4cf6059c
金华市,0000000P0000003E0000000700000010,4.6,2018/1/16,330700,1a51351a-9910-41c0-ada2-9b11bfc45cce
舟山市,0000001500000031000000070000000X,4.33,2017/8/5,330900,d17d23f9-4fdf-484c-87cf-cf02548f0ff3
温州市,0000000S0000002Z000000070000000X,9,2017/3/5,330300,11e8878c-c024-4a60-b5f2-589a63d362d4
宁波市,0000000P0000002W000000070000000X,5.8,2018/7/15,330200,ca02aa57-2d34-4ab9-a2c8-f99d10b3c0d1
绍兴市,0000000C0000002Q000000030000000X,59,2017/5/5,330600,b7ec8365-16eb-4bf8-a8c0-fd8a04978127
温州市,0000002P0000007W000000070000000X,2.5,2018/10/25,330300,6cde5b5b-68a9-4883-b33e-e590062959bc
台州市,0000001Z00000036000000070000000X,6.33,2018/4/5,331000,c932b8a2-22c8-49b6-9bb0-9e9eb62a9d9d
丽水市,0000000P0000002W000000070000000X,5.33,2018/3/15,331100,69b5c0b7-5a3d-450b-a545-6c2bab9cb0e6
舟山市,0000001400000031000000070000000X,6.67,2016/12/15,330900,adcc6aaf-6017-440f-bd29-10f4d5d5d49f
杭州市,0000000J0000003Q000000070000000X,42,2018/3/15,330100,353827bd-2da6-4b02-9229-c13e67d31f99
温州市,0000000X0000007T000000070000000X,51.67,2018/5/5,330300,1a05e2ce-2387-42d6-8450-50f5735ce03a
丽水市,0000000M0000003V000000070000000X,11.33,2018/3/15,331100,d1a4e1f0-877f-4ce9-90b7-87fe1f506deb
舟山市,0000001400000031000000070000000X,5.67,2017/2/25,330900,1a8f248d-cf84-45e8-9ab0-375ce332fd6e
绍兴市,0000000J0000003S000000070000000X,37,2019/1/25,330600,f1e92000-eb44-48cb-a7b8-46138f795b25
绍兴市,0000000J0000003S000000070000000X,33,2017/10/5,330600,aaa524a3-625d-4fe6-9d21-25c068a409f3
温州市,0000001700000031000000070000000X,3,2017/4/5,330300,93ca5616-154c-48bb-838b-3eb553c2804d
温州市,0000002U0000007X000000070000000X,4.5,2018/2/15,330300,847d5d9e-5fb2-4883-99a6-e7eb1b68c03a
杭州市,0000000P0000002W000000070000000X,5.27,2018/7/5,330100,770319f3-6a2b-4221-b50c-f1082aae7a1c
台州市,0000000X0000007T000000070000000X,29.33,2018/1/15,331000,dec1f84a-e4a2-484d-abc9-a9380f1b101c
绍兴市,0000000Z00000031000000070000000X,5.5,2017/9/15,330600,3e517582-deb9-4df5-8b96-faeb32b15603
舟山市,0000000M0000003V000000070000000X,13.33,2017/7/25,330900,cf08c279-73e5-4d8b-a4f1-d208cf8dc832
金华市,0000000G0000003F0000000700000010,8,2018/7/10,330700,e07c912a-5447-4f3c-9fe4-6ed3bf3fd001
舟山市,0000001500000031000000070000000X,5.83,2018/9/25,330900,0a39d1e3-3206-4387-9cc4-08c1f62f097c
杭州市,0000000J0000003S000000070000000X,37.33,2019/1/15,330100,94a9a03b-1d7c-4e9e-ac6b-145fc0362534
杭州市,0000000P0000002W000000070000000X,5.67,2018/11/5,330100,64859350-dabd-4a35-a8e5-ff3181ceba2c
湖州市,0000000P0000003E0000000700000010,3.5,2017/7/4,330500,366d4558-71b4-4735-a076-1474e0899c1b
舟山市,0000000M0000003V000000070000000X,13.67,2017/3/25,330900,0aec44d6-71cb-429b-ae39-2d7d45d14e1c
舟山市,0000000P0000002W000000070000000X,5.33,2017/12/5,330900,15460e04-d53f-4afb-94a9-aed074d5d42e
绍兴市,0000000J0000003S000000070000000X,33,2017/5/5,330600,acd54cee-3b58-4a1b-b111-6a990d491004
丽水市,0000001A00000031000000070000000X,4.83,2017/4/15,331100,dd1ba911-b4ae-4a64-9fcb-4a9fe2bf2d94
湖州市,0000001A00000031000000070000000X,6,2018/12/5,330500,0aaaa070-a952-4fd9-a3da-2d2f6095adb2
丽水市,0000000H0000002T000000070000000X,17.67,2019/2/5,331100,c2ffe30d-919e-44bb-924f-79d4090016b2
湖州市,0000000H0000003N000000070000000X,14.83,2017/3/25,330500,1a79ce43-9eb4-4df6-a653-5c11180f1a55
舟山市,0000001Z00000036000000070000000X,7.17,2017/3/15,330900,3f1c554d-87c7-4589-ad6a-e5d06bdd440c
绍兴市,0000000P0000003E0000000700000010,5.2,2018/2/13,330600,2a4ddc9b-02f5-4ee5-8f6b-0cfe3f5a357e
宁波市,0000002U0000007X000000070000000X,4.37,2018/2/25,330200,8fbf7192-52e6-49a5-a1d1-bd63259a1249
金华市,0000000G0000003F0000000700000010,9.4,2018/3/13,330700,963b0551-a64f-4467-bae2-2d078a2f95d4
杭州市,0000001E00000031000000070000000X,5.67,2018/8/25,330100,d3da693b-fa3e-49bf-bc71-0c1708b61262
衢州市,0000001400000031000000070000000X,5.17,2018/1/5,330800,aafd197f-419b-4f54-8655-2f7c81ce307f
丽水市,0000000H0000002T000000070000000X,14,2017/10/15,331100,fb4dd919-25b4-4b87-83a4-62ce129b3939
绍兴市,0000000S0000002Z000000070000000X,7.5,2017/3/5,330600,1b234ebe-470d-4e35-9bff-42623425ed67
舟山市,0000002U0000007X000000070000000X,3.83,2018/1/5,330900,3156778f-7920-45a1-ade2-bc816c8defa1
衢州市,0000000P0000003E0000000700000010,4.7,2018/12/25,330800,41ce3b85-a02e-4d7b-9820-6396876115a2
浙江省,0000000H0000003P000000070000000X,22.5,2017/9/15,330000,654f2ba4-f3cb-43ae-aa27-2583f63f48a9
丽水市,0000000Z00000031000000070000000X,5.17,2018/8/25,331100,d0d9719c-ba48-4a86-8050-bb401a5db60f
舟山市,0000000P0000002W000000070000000X,5.33,2018/5/5,330900,6d844e53-921c-4d4c-8a1c-b5ecf8c20799
温州市,0000001200000031000000070000000X,5.67,2018/10/5,330300,646ca555-4ad3-41ad-bede-19f4e986e8f8
金华市,0000000S0000002Z000000070000000X,7.67,2018/9/15,330700,74c1958f-d223-41b4-becb-807ca8139551
丽水市,0000000S0000002Z000000070000000X,10.33,2019/3/15,331100,462acb24-ec3b-45a0-a561-f7c9a5c7afa6
湖州市,0000001K00000031000000070000000X,4.5,2018/2/25,330500,4334257f-1335-465f-9ad1-7bfc36d71e8f
衢州市,0000001E00000031000000070000000X,3.5,2018/12/5,330800,34c58ca3-cf73-4dd1-9fc4-095c6809b2e9
湖州市,0000003100000081000000130000000X,73,2019/2/15,330500,c6ae2179-b823-4f0c-a8cb-bea30caeb527
温州市,0000000D0000002R000000030000000X,51.33,2018/8/25,330300,c309a262-3e17-425d-9e69-99714571b7a6
杭州市,0000000J0000003S000000070000000X,35.5,2017/5/25,330100,53afed7f-3ad7-433f-8816-453afc660a3b
浙江省,0000000X0000007T000000070000000X,40.92,2017/4/5,330000,0f8d5174-8401-42c8-aafd-945616726525
湖州市,0000000P0000002W000000070000000X,5.33,2018/5/15,330500,73ef4913-0ff3-4ae2-9c56-70d0a086ec5e
浙江省,0000000P0000003E0000000700000010,3.82,2017/1/10,330000,ec5cbbe2-0b86-4817-9266-7f4859142a64
温州市,0000000H0000003N000000070000000X,16,2017/5/5,330300,bec81c13-2c44-4998-bf55-716941c344e2
丽水市,0000000H0000002T000000070000000X,11.67,2018/4/25,331100,3ac0989c-428e-428f-8fd7-d78bec3c13c7
金华市,0000002U0000007X000000070000000X,4,2018/3/15,330700,fe8a23ca-2c4b-4f99-914c-dcf1d7e782d0
温州市,0000000S0000002Z000000070000000X,9.33,2017/3/25,330300,ea8fcb32-8b91-45c4-9013-b37914195dba
绍兴市,0000001Z00000036000000070000000X,4.67,2018/10/15,330600,fad46e78-bf73-4aff-b0ca-d692df4bbdb4
宁波市,0000002200000038000000070000000X,3.67,2017/11/25,330200,36096d97-7604-4c19-a3dc-7e8b3df9cfc9
台州市,0000000X0000007T000000070000000X,27.67,2017/1/25,331000,d9356ddd-5773-41b1-8253-90cba2ce6896
嘉兴市,0000001500000031000000070000000X,5.33,2018/2/25,330400,f675a42e-1430-48d3-971d-f27821b1f2f3
丽水市,0000001E00000031000000070000000X,3.67,2018/4/15,331100,2368243d-1d7c-485c-9854-3da990721185
杭州市,0000000M0000003V000000070000000X,10.67,2018/6/5,330100,1fb7f438-f7ce-4ad7-a3cd-98b5dcbeff01
杭州市,0000000D0000002R000000030000000X,45,2017/2/15,330100,255f2633-1631-42db-b558-9fcbd389c9b6
绍兴市,0000001K00000031000000070000000X,3.67,2017/8/25,330600,fc50c530-9d68-406a-9baf-03bd0d781e90
丽水市,0000000Z00000031000000070000000X,5.83,2018/9/5,331100,e2deb6c3-847e-47d6-92e8-ad6fdbfda92f
湖州市,0000000X0000007T000000070000000X,35,2017/2/5,330500,ab1cb60b-673c-4034-a529-570dcde740ed
杭州市,0000000D0000002R000000030000000X,46,2017/12/25,330100,5e73bb4d-9340-44d4-873e-7e75919886bf
丽水市,0000000P0000002W000000070000000X,4,2017/6/5,331100,3d14b198-c169-4a72-bf8b-d1f229a08ea8
温州市,0000000J0000003S000000070000000X,42.33,2016/12/15,330300,da3e7429-05fb-4c33-9ddb-b49373fb3947
台州市,0000001Z00000036000000070000000X,6.33,2019/2/25,331000,614efc65-a6d3-4864-a4e9-819c20a9b066
舟山市,0000000M0000003V000000070000000X,13.67,2018/11/5,330900,e0950d38-521c-4b8c-98e1-d82ba6a6ed5b
浙江省,0000000C0000002Q000000030000000X,63.6,2018/2/15,330000,d62cd868-c941-4392-8273-8805c684c21d
丽水市,0000000S0000002Z000000070000000X,9.67,2018/2/25,331100,692289fa-476c-4827-ad62-cb2fe0eb02e4
金华市,0000001Z00000036000000070000000X,6.33,2018/2/15,330700,fa186099-773e-4354-bb49-e4472e0c0498
浙江省,0000001400000031000000070000000X,4.68,2018/7/15,330000,8f744322-ecde-4dfa-8003-7835466711d4
绍兴市,0000000P0000002W000000070000000X,5.67,2017/10/15,330600,78f105db-9ddc-4771-9c20-b204cec14af8
衢州市,0000001500000031000000070000000X,4.33,2017/10/25,330800,50633780-2963-47ed-b096-03294b88761d
绍兴市,0000000H0000003P000000070000000X,24,2017/7/25,330600,8a6455bf-b2b2-48c2-ae71-4eabf62cbfa4
温州市,0000000P0000003E0000000700000010,4.3,2018/8/7,330300,e4e4efc6-23d1-40bf-9795-6b4a7e6aba3b
温州市,0000000G0000003F0000000700000010,9.24,2017/11/28,330300,97e93637-7d5a-4954-bf69-4d960f30349f
嘉兴市,0000002U0000007X000000070000000X,4.17,2018/2/15,330400,e8e84499-ed00-4e81-9905-9f49c57da114
湖州市,0000000H0000003P000000070000000X,19.33,2019/3/15,330500,d32495ec-0858-43ae-9fab-10187debbbff
湖州市,0000002200000038000000070000000X,4,2018/9/15,330500,ee3a0336-bd76-42ad-8068-937ace88862e
绍兴市,0000001200000031000000070000000X,4.33,2018/1/25,330600,35549dc2-be69-47c7-8ef7-8756a0adee17
舟山市,0000000H0000002T000000070000000X,17.33,2016/12/15,330900,e1e46fe5-84df-457b-b25e-ff7488f5807c
宁波市,0000000G0000003F0000000700000010,10.78,2018/1/23,330200,de8a0f11-1df3-41fe-9511-f2b52e71ae8c
绍兴市,0000000M0000003V000000070000000X,10.67,2019/2/5,330600,b22bd769-4b9b-474c-b0d8-51a0d8176b20
温州市,0000002U0000007X000000070000000X,4.33,2017/11/5,330300,c8bee667-15a8-4538-b4aa-902876fb98a2
嘉兴市,0000000J0000003S000000070000000X,32.33,2017/4/25,330400,facb6ee5-db0a-43ba-94dd-338a40a227b6
嘉兴市,0000000H0000003P000000070000000X,22,2017/5/5,330400,959a7ccb-88d5-49ba-9203-1f84a4717f88
嘉兴市,0000000H0000003N000000070000000X,15.33,2017/5/15,330400,6cb61741-b13a-40c4-aae1-c717e0f6dd18
丽水市,0000003100000081000000130000000X,84,2018/6/15,331100,cc7485ef-698e-45f1-aae7-c25ed35d6d6b
温州市,0000001700000031000000070000000X,3.17,2017/1/5,330300,5920b148-5833-41ad-860c-1ba93f16963c
舟山市,0000000H0000003P000000070000000X,24.67,2017/8/25,330900,d8b5171e-3e27-420b-987e-4e1fdae7795c
舟山市,0000000C0000002Q000000030000000X,50.3,2019/2/15,330900,25f65742-f6ad-4cec-9b4b-f69b3c7e185b
丽水市,0000001200000031000000070000000X,4.83,2019/1/5,331100,89d6e2e3-3e4d-4968-9574-9fa4c3955b98
舟山市,0000001700000031000000070000000X,3.33,2018/3/25,330900,dfa7ef32-0f49-4bd4-b41e-ba4da8efb551
温州市,0000001A00000031000000070000000X,6.67,2019/2/5,330300,cbb27428-1d67-47f8-a150-2a24229a3ac8
宁波市,0000001700000031000000070000000X,3.33,2018/11/25,330200,29a8ad77-9ff8-4470-a399-548ba97b8eb0
衢州市,0000001A00000031000000070000000X,6.67,2017/5/5,330800,18581567-2302-4b73-80f1-94aa4729c97c
宁波市,0000000H0000003N000000070000000X,14,2018/8/25,330200,86c566a5-159b-429c-b127-8876a18a2071
宁波市,0000000H0000002T000000070000000X,14.8,2018/6/5,330200,fffed2fe-e97b-4c6b-9ba1-856cb1f7f856
绍兴市,0000000H0000002T000000070000000X,16,2016/12/25,330600,cbd3bdeb-e18e-47f2-9755-3c373a7a25f1
湖州市,0000001200000031000000070000000X,3.33,2017/5/25,330500,098011f6-1114-4089-a2ca-26bb7f9f3fcf
湖州市,0000001Z00000036000000070000000X,5.67,2018/9/15,330500,00a2c281-b034-47b1-8df9-8f3c4d9124dc
金华市,0000001Z00000036000000070000000X,6.17,2017/10/5,330700,80a8a4aa-1ab9-4f8c-92cd-452ea5da88dd
宁波市,0000002200000038000000070000000X,3.6,2017/2/5,330200,d176c2a8-b841-486b-85c7-9178e7d4bd48
浙江省,0000002P0000007W000000070000000X,2.89,2017/2/25,330000,09da984f-fd86-4614-a8e2-de8300f6fa5f
丽水市,0000001400000031000000070000000X,3.17,2017/6/5,331100,7711c298-6625-4ac5-9ea7-2a750ca2189f
温州市,0000000G0000003F0000000700000010,8.76,2018/2/27,330300,416464b6-cb02-40d6-bd19-c54c0bbfe4c8
浙江省,0000001Z00000036000000070000000X,5.96,2017/3/15,330000,4bbf40d3-61cc-43ea-b6fd-5880c5546bae
宁波市,0000002U0000007X000000070000000X,4.53,2018/3/25,330200,39d7e492-22bd-47e2-aa6d-45ccc69bd55c
金华市,0000000M0000003V000000070000000X,13,2018/3/5,330700,26346d21-0804-41a4-8a17-d3057fa5d288
舟山市,0000000J0000003Q000000070000000X,41.33,2018/7/25,330900,f7c9cf62-e1e8-443e-8838-1dee2b868900
杭州市,0000000H0000003N000000070000000X,15.47,2018/9/25,330100,b62f237c-3cff-43af-bae0-265c81573bd5
衢州市,0000000P0000002W000000070000000X,6,2019/1/15,330800,2f81d6fd-72b0-47df-a25f-3243daf0101e
舟山市,0000000H0000003N000000070000000X,14.5,2018/12/15,330900,1b582100-ab75-4921-8044-f2b91f304932
温州市,0000000M0000003V000000070000000X,15,2017/10/5,330300,9c47426c-6843-476b-b644-60b8ada0d310
舟山市,0000000P0000002W000000070000000X,5.33,2017/11/15,330900,9d1e0ae9-c60a-4c78-b898-60ea724a2f14
金华市,0000002200000038000000070000000X,3.17,2018/1/15,330700,b6f73943-a563-4d1a-aace-365e04892bb6
衢州市,0000000M0000003V000000070000000X,10.67,2018/7/5,330800,a4ef23e4-4c04-420d-8872-bddf9d757c8d
温州市,0000002P0000007W000000070000000X,2.33,2018/2/15,330300,c3d74770-33d3-44a0-ab74-51e4492c5cb0
台州市,0000000D0000002R000000030000000X,39,2018/6/25,331000,71beb508-2772-49e6-9f2a-5e3a11cf3534
宁波市,0000003100000081000000130000000X,172.67,2017/4/5,330200,1b6847ff-4962-4645-af1f-0e484e0d6ecc
宁波市,0000002P0000007W000000070000000X,2.93,2018/7/5,330200,f11a2572-395d-40e7-bb6b-afa2c776e7d3
湖州市,0000002U0000007X000000070000000X,3.77,2019/1/5,330500,a31c1ff2-6702-4e75-844d-6932fe76b174
杭州市,0000001A00000031000000070000000X,5.33,2018/12/5,330100,42f7bbed-315b-4838-8944-2e6e5786ad63
衢州市,0000000P0000003E0000000700000010,4.5,2017/10/24,330800,be5658e4-d260-42f9-81d3-04d4d4e06bfd
绍兴市,0000000Z00000031000000070000000X,4.5,2017/7/5,330600,4f730f79-b899-40af-849a-e20aebd02ef5
嘉兴市,0000001K00000031000000070000000X,4,2018/2/25,330400,1ea11aa6-ed15-47ff-b3ee-c386097784e8
丽水市,0000000Z00000031000000070000000X,3.33,2019/2/25,331100,8dbd3db6-01ad-4e65-b025-6473d199ab7f
丽水市,0000000H0000002T000000070000000X,11.83,2018/5/15,331100,eca57ab5-36c6-458f-ab13-94fc59c6b98e
衢州市,0000000G0000003F0000000700000010,12.5,2019/1/1,330800,49617e8b-e204-491c-9082-eb38775c1c3c
杭州市,0000000C0000002Q000000030000000X,62.67,2018/2/25,330100,b4b90580-bbbb-49d6-9785-342148895d3c
嘉兴市,0000002P0000007W000000070000000X,3.2,2018/2/15,330400,faf276e3-f479-4b6f-b4a8-b7f268efc3c1
衢州市,0000000H0000003N000000070000000X,16.33,2019/1/25,330800,30d2c52f-059d-496f-8368-0df874ca3952
杭州市,0000000Z00000031000000070000000X,3.17,2017/5/5,330100,dadb1b71-4ebd-4b92-89fb-c7dec9fe2c97
舟山市,0000001E00000031000000070000000X,4.17,2018/1/5,330900,9618debb-9d77-4ffd-9b43-93d5133665d3
宁波市,0000000M0000003V000000070000000X,14.7,2017/1/5,330200,febdee6a-4d50-49a5-9fcf-31ccc097cde7
嘉兴市,0000002200000038000000070000000X,3.67,2017/3/25,330400,2ffc1518-fe1a-43b4-b55f-3dda52c8239b
湖州市,0000000H0000003N000000070000000X,14.17,2017/11/25,330500,bae4dcef-0f1d-4fc7-8922-481c75eae016
浙江省,0000000P0000003E0000000700000010,4.61,2019/1/8,330000,c89dd761-8640-40ae-9491-9f409ef9d971
绍兴市,0000001A00000031000000070000000X,4,2018/8/15,330600,7ed08b7d-88c3-428d-8f63-4cd142c7cd38
宁波市,0000001400000031000000070000000X,6,2017/12/5,330200,424a8b61-b359-4bf8-8579-12bd52075c2f
绍兴市,0000002P0000007W000000070000000X,2.33,2017/5/25,330600,6e413fc8-925e-4a30-a218-d26e9eb20c6a
杭州市,0000000G0000003F0000000700000010,10.93,2019/1/15,330100,e929e96c-ece8-42d9-ab8f-9ad626eea587
杭州市,0000001700000031000000070000000X,2.93,2017/4/25,330100,fa71e4b9-6073-47e0-af96-1d033a43a2c1
丽水市,0000000H0000002T000000070000000X,15,2017/3/15,331100,52847ae3-448d-4787-b0e0-7799e72e8895
浙江省,0000000Z00000031000000070000000X,2.86,2017/4/25,330000,d9a6e6e9-0e76-4905-9235-fcb31a6346a0
温州市,0000000X0000007T000000070000000X,51.67,2017/5/25,330300,2d4711eb-6a46-4edf-aee2-806f20ae382e
湖州市,0000000J0000003Q000000070000000X,38.33,2016/12/15,330500,cab3dc89-5603-4e08-a8e8-0ee97385db33
湖州市,0000000J0000003Q000000070000000X,39.67,2018/5/5,330500,30e06380-2b92-4f5b-b5cc-2c88e463b5e7
绍兴市,0000001400000031000000070000000X,6.5,2017/3/15,330600,d1d49d9d-8b46-4cc1-9e77-3bcc7cf6f5d6
绍兴市,0000001200000031000000070000000X,3.83,2018/5/5,330600,5ea3b21c-14f9-4646-8856-8916b46b4c2f
杭州市,0000001Z00000036000000070000000X,6.43,2017/12/15,330100,194f3af4-5d0f-4fd7-bdb8-e31020a79257
温州市,0000001K00000031000000070000000X,3,2017/3/15,330300,0a595673-7d0a-4829-93b2-a49fccc53a3d
衢州市,0000000C0000002Q000000030000000X,69,2018/2/5,330800,399be6da-1f92-459e-86dd-75784ed29973
舟山市,0000000X0000007T000000070000000X,46.67,2018/4/5,330900,4df3c641-54d8-4149-9f32-7ae2a7955cea
衢州市,0000001700000031000000070000000X,3,2017/4/5,330800,0c7789fb-f825-4604-b996-25f922314c4d
温州市,0000003100000081000000130000000X,63,2019/2/25,330300,53af46fd-8133-4e6b-a1c3-794ce8336e09
金华市,0000001E00000031000000070000000X,4.33,2019/3/5,330700,15d062f6-e4fe-4639-832d-74f8b2939a89
舟山市,0000000S0000002Z000000070000000X,11,2017/4/5,330900,fc4235cf-2553-47f1-a1dd-5a636fefd2ba
杭州市,0000000S0000002Z000000070000000X,8.63,2017/8/5,330100,98ea145c-b2c4-4417-b488-32d6cb02f12a
衢州市,0000000M0000003V000000070000000X,11.33,2019/1/15,330800,4f451a87-5644-4db3-810f-8e10b88c3b0b
嘉兴市,0000000S0000002Z000000070000000X,8.17,2019/3/15,330400,44c088d8-f9e2-46af-a9f1-0eb1626ba060
嘉兴市,0000000S0000002Z000000070000000X,10.17,2017/8/15,330400,3154ee08-c773-48c5-87dc-d6ab181727f3
衢州市,0000000X0000007T000000070000000X,24,2018/8/15,330800,cf18353e-e9bd-4123-8882-42900634489f
台州市,0000001700000031000000070000000X,2.17,2018/7/15,331000,8c489b7e-0656-43e0-8ceb-06f064d474df
湖州市,0000001K00000031000000070000000X,4.83,2017/9/25,330500,aa146e03-bdb9-4a12-820d-6f0b0e13b23a
舟山市,0000002200000038000000070000000X,4.43,2018/11/25,330900,af50a206-1736-49d1-9562-4da3faacb129
浙江省,0000001400000031000000070000000X,5.46,2017/5/5,330000,6d2dd81e-8ebd-49d4-9e4c-34fe38b177c7
宁波市,0000001500000031000000070000000X,4.23,2017/9/5,330200,55636a3b-a072-4fe9-8348-79537cb35c1d
衢州市,0000000Z00000031000000070000000X,3.83,2018/11/25,330800,7300061d-86b7-4424-b19f-eea99f7ccaf0
舟山市,0000000G0000003F0000000700000010,10.4,2018/8/21,330900,324ffdf8-4871-49f0-9d6b-035eecfc4bfa
绍兴市,0000000M0000003V000000070000000X,10,2019/1/15,330600,b8c42712-05bb-48e0-9e5f-333805292640
杭州市,0000000C0000002Q000000030000000X,62,2017/4/5,330100,eb28df44-6967-4d24-9940-45b3f83de81c
舟山市,0000001E00000031000000070000000X,2.5,2017/3/5,330900,448dd71f-a98b-4fc4-bf81-c0fd0f52b911
杭州市,0000000C0000002Q000000030000000X,62.67,2018/2/15,330100,b72a78e3-31fa-455c-8bfa-a6c4b935491b
温州市,0000000J0000003Q000000070000000X,47.67,2017/3/25,330300,2cf1ba7f-910b-4b3f-b503-9c9890b01153
台州市,0000002P0000007W000000070000000X,3.28,2017/2/25,331000,8594bc27-2ce1-4bfe-9bfc-c4dc8d10aa15
杭州市,0000001E00000031000000070000000X,5,2017/9/25,330100,bf6ebb87-8834-4282-8b53-c57025145e40
宁波市,0000002P0000007W000000070000000X,2.6,2018/3/5,330200,0f3bc2e2-80a5-4e62-980d-4fa21badaf1d
湖州市,0000001K00000031000000070000000X,4.5,2018/8/5,330500,4433dbb3-1684-48dc-a166-fd5cc188f4a4
湖州市,0000000G0000003F0000000700000010,9.3,2018/8/7,330500,726478f2-bc8c-4301-9c32-cd1129733c31
台州市,0000000P0000002W000000070000000X,3.67,2017/5/15,331000,6b13e0c1-b186-479e-be73-f84830d12089
温州市,0000000J0000003S000000070000000X,42,2018/8/5,330300,4ba2aee7-17c6-4e16-83cc-9bab3c5b0328
杭州市,0000000M0000003V000000070000000X,10.5,2017/7/5,330100,0d9dc540-c57a-4206-97b8-5402d3a31acd
宁波市,0000001400000031000000070000000X,5.7,2017/4/25,330200,95842e1e-e8cf-408f-be52-6f69f21a017c
舟山市,0000000G0000003F0000000700000010,12.3,2017/1/24,330900,522b4a1c-2c49-45d6-b17a-0f5e23b9c0dc
温州市,0000003100000081000000130000000X,63,2017/4/25,330300,5f7f2d8b-ad8f-4b7b-a4e7-727a74dd2470
舟山市,0000000D0000002R000000030000000X,44.97,2017/8/5,330900,534b28f1-92e2-491e-a6f3-372b71de84c1
宁波市,0000001A00000031000000070000000X,4,2017/5/25,330200,c66a6d80-294a-41ce-9ff4-6a373b47f307
衢州市,0000001200000031000000070000000X,2,2018/6/25,330800,54e2bd9e-b8e5-4825-b5a8-923406093220
金华市,0000000J0000003Q000000070000000X,40,2017/8/15,330700,d47a821a-5b1c-4069-b764-f598868eb24d
杭州市,0000000P0000003E0000000700000010,2.6,2017/5/2,330100,c05bc5ff-00d0-484c-a57d-b87c99397ff1
浙江省,0000000M0000003V000000070000000X,12.48,2017/1/25,330000,f9900baf-fb9a-4084-9ba8-0e465933f843
温州市,0000001Z00000036000000070000000X,7.33,2016/12/25,330300,66cb15d9-6cdc-4d26-b205-46125b01f4dc
台州市,0000000X0000007T000000070000000X,24.33,2018/9/15,331000,3a8f4481-26e4-47f2-8357-ad336e2297a7
绍兴市,0000003100000081000000130000000X,66,2017/11/15,330600,8019cd94-4494-469a-8dd7-9ad33f625be5
衢州市,0000000H0000002T000000070000000X,16,2018/5/15,330800,fd1871df-f0e4-467f-ae51-66d52ccb1647
嘉兴市,0000000C0000002Q000000030000000X,66,2017/5/25,330400,58263469-22f9-47da-872a-1a8d965b517b
丽水市,0000001200000031000000070000000X,5,2019/1/15,331100,3a56665f-b2f9-4378-a026-55e4447ced90
舟山市,0000001700000031000000070000000X,2.83,2018/8/15,330900,d71851cd-3f74-4a77-b8de-4671c7063f19
舟山市,0000001400000031000000070000000X,6.33,2018/2/5,330900,9005d0cd-296a-4ca1-a8cf-dab82cf35b21
丽水市,0000001200000031000000070000000X,3.83,2018/4/5,331100,ea1aaa0d-5c92-48b1-910a-dc75f29ccc5f
嘉兴市,0000000S0000002Z000000070000000X,8.67,2019/1/25,330400,172ab0e6-e5bf-4ed3-80a8-2139a3f3d366
舟山市,0000002P0000007W000000070000000X,3.1,2017/9/15,330900,e09f9856-f406-4fd6-af3f-41c266502abe
绍兴市,0000000J0000003Q000000070000000X,43.33,2016/12/25,330600,d207d4b0-19ae-41d7-93bc-76e67862e183
绍兴市,0000001500000031000000070000000X,4.17,2016/12/25,330600,10b22a34-dd59-4001-8af6-3c9d6a04ca5f
宁波市,0000000H0000003P000000070000000X,27.67,2019/2/25,330200,8d23b5ed-2d78-470a-9f7c-eff72176fdb7
绍兴市,0000000S0000002Z000000070000000X,8.5,2018/2/25,330600,d8580507-a232-4dbf-a190-3519b13c44fc
杭州市,0000000C0000002Q000000030000000X,62.67,2017/9/15,330100,03e822c5-74a6-4bd7-a6b5-0bd6b9908eaf
杭州市,0000001700000031000000070000000X,2.83,2018/1/5,330100,d3e9c888-6268-477e-b107-c8abef89214b
浙江省,0000002U0000007X000000070000000X,4.38,2018/9/25,330000,7c04446c-554a-49dc-aaab-30b94f4593aa
丽水市,0000000H0000003N000000070000000X,16.67,2018/11/5,331100,38b14c40-4b59-4a4b-90ad-09f45d648881
舟山市,0000000P0000002W000000070000000X,5.5,2018/7/5,330900,a8e6aafb-8372-470d-8519-9304dda9dbb1
衢州市,0000000C0000002Q000000030000000X,66,2016/12/15,330800,e422e167-8aab-4509-911d-fa1c91cec80b
温州市,0000002U0000007X000000070000000X,4.5,2018/3/5,330300,eda86232-ecf4-4875-8144-2b4e6ea7f218
嘉兴市,0000000X0000007T000000070000000X,34.33,2018/3/25,330400,aa1bb321-d15f-4905-8f52-90956566ba45
金华市,0000000D0000002R000000030000000X,41,2017/10/25,330700,5023c90d-9cb1-4fff-87cd-7181598834d8
衢州市,0000001400000031000000070000000X,5.33,2018/1/15,330800,63ec7e52-f549-4646-9464-b02512be2d1d
丽水市,0000001E00000031000000070000000X,5.83,2018/9/15,331100,93b98230-ef12-4894-92ab-e2d44c6996b9
绍兴市,0000001K00000031000000070000000X,4,2018/1/25,330600,109249e6-f0e6-41b2-81c6-722eb19fa6d7
金华市,0000000Z00000031000000070000000X,3.5,2019/1/15,330700,e69c4c72-220a-41fe-a866-463244c2f8fa
嘉兴市,0000000P0000003E0000000700000010,4.67,2017/9/5,330400,32dfadad-e2e2-43c1-94f6-5eb999a29ea2
丽水市,0000000G0000003F0000000700000010,11.7,2017/1/3,331100,a9a3321c-7407-401b-b49c-dafdd522538e
衢州市,0000000J0000003Q000000070000000X,38.67,2017/10/25,330800,db956e0a-399e-4665-a53b-3ad22aafcc1b
杭州市,0000001500000031000000070000000X,4.5,2017/9/25,330100,abf61440-def5-4a29-b51b-7b6dee0fecf1
丽水市,0000002U0000007X000000070000000X,4.66,2018/3/5,331100,13dd7f1b-97b6-4ddd-8f19-9ded532907f2
绍兴市,0000003100000081000000130000000X,66,2018/7/25,330600,21be5a8a-4a35-4934-b9e9-4a073cf395a3
杭州市,0000000C0000002Q000000030000000X,62,2017/7/5,330100,958348c6-27b5-451a-a349-2d3d62fdaa83
丽水市,0000002200000038000000070000000X,3.33,2018/6/25,331100,4664a9e7-e0a9-4845-8c04-f26db34c5563
台州市,0000000S0000002Z000000070000000X,10.33,2017/5/15,331000,fec34236-6dc1-4dec-830d-5b3d244b0c24
金华市,0000000P0000003E0000000700000010,3.8,2018/5/22,330700,e798ef23-db52-4c96-98b8-492bf2fb6116
衢州市,0000002U0000007X000000070000000X,5,2018/11/15,330800,e9ca075b-ec50-4396-ba72-f5d933b2696c
宁波市,0000000C0000002Q000000030000000X,81,2017/5/15,330200,f190a86e-6949-4c01-b9e0-55ad97574ec4
宁波市,0000001Z00000036000000070000000X,7.27,2018/10/25,330200,454f1a86-aaa7-472b-8fb5-ee1982261eea
舟山市,0000000D0000002R000000030000000X,44.97,2018/10/15,330900,0c2760ad-88f3-41c4-bebf-b98f31e097ae
金华市,0000000P0000002W000000070000000X,5,2017/12/25,330700,a4f4b2f3-14b8-46b7-8462-bffc3e4174c6
金华市,0000000H0000002T000000070000000X,14.83,2017/8/15,330700,8b697eb5-b1bf-49ef-ba3d-bf0ffa35dc08
温州市,0000001K00000031000000070000000X,4,2018/2/5,330300,621ed828-b8b4-4d85-b78f-b594e8590669
宁波市,0000001Z00000036000000070000000X,6.9,2018/6/25,330200,19082413-6f50-407f-8e11-7d3d0e857c11
绍兴市,0000000J0000003Q000000070000000X,44,2018/8/25,330600,57fe754e-c0b4-4317-bcfd-97724058d079
嘉兴市,0000002P0000007W000000070000000X,3.3,2018/12/5,330400,016f562f-fa26-4515-a4d1-783ac0726370
金华市,0000000J0000003S000000070000000X,34.33,2018/1/25,330700,6d4283e7-b336-4a05-8a45-412041ffc39d
杭州市,0000000J0000003Q000000070000000X,40.5,2017/8/25,330100,350d4348-edd4-4f0e-8899-bbc85379bb29
湖州市,0000001K00000031000000070000000X,4.5,2018/8/15,330500,e3053c47-9e4e-4153-bcd8-1da0099b4549
绍兴市,0000000X0000007T000000070000000X,40,2018/11/25,330600,7f587f0b-69ad-4a93-8ead-7f7922d76bcf
湖州市,0000002P0000007W000000070000000X,3.89,2017/6/15,330500,0173dc06-0cef-4b8b-8bd1-9d655512d126
绍兴市,0000000J0000003S000000070000000X,36.33,2018/10/25,330600,542201c5-e9fa-462c-ac10-6e47e4a05835
舟山市,0000000C0000002Q000000030000000X,51.6,2016/12/25,330900,b83dc92b-bc37-4149-988c-d91529d3bb06
嘉兴市,0000000P0000003E0000000700000010,5.33,2019/1/15,330400,fa463ea0-65ba-4c4f-bedb-7cfe48401195
杭州市,0000000P0000002W000000070000000X,5.5,2018/2/25,330100,2ad41fc7-f857-491c-bab3-8889f760be85
丽水市,0000000J0000003Q000000070000000X,43.67,2019/1/25,331100,8e707986-071a-469a-8097-91f018664c4e
舟山市,0000000X0000007T000000070000000X,44.33,2017/10/25,330900,efa635c9-ba14-4a40-9f52-480371915456
湖州市,0000001E00000031000000070000000X,5.5,2018/7/5,330500,868d6f32-d43d-44a2-a58f-06a6db9aa4bd
衢州市,0000000P0000002W000000070000000X,4.33,2017/7/5,330800,563fabb0-0b15-4e57-962c-02b9f2c599e4
衢州市,0000000H0000002T000000070000000X,18.33,2017/4/15,330800,fe5be187-1729-4556-9671-67fa0e5a19f5
嘉兴市,0000000Z00000031000000070000000X,5.67,2017/10/15,330400,6d2a1c99-f690-407a-90d0-0d66632fc23a
嘉兴市,0000002U0000007X000000070000000X,3.73,2017/1/15,330400,5ef8c7cd-d743-4038-adf8-fe36760897dc
绍兴市,0000000G0000003F0000000700000010,10.06,2018/8/21,330600,4846db68-fb65-4599-8803-63b3aa72115f
杭州市,0000001A00000031000000070000000X,5.67,2017/1/5,330100,6867f838-36b1-4864-a7d3-10f83b8258dd
宁波市,0000001200000031000000070000000X,4.1,2018/7/15,330200,5f1be8e6-5465-40e0-94a7-f8054e9549d9
温州市,0000001500000031000000070000000X,8.33,2018/10/5,330300,3e1354ac-831b-46d4-a084-782d7b5d0e7f
浙江省,0000001K00000031000000070000000X,4.38,2017/10/5,330000,13b3bec4-e436-4cd0-a3a8-a39b9485d10a
台州市,0000001K00000031000000070000000X,2.33,2018/12/5,331000,451f7cd9-8611-47cc-a2d5-e5510584198b
浙江省,0000000D0000002R000000030000000X,43.29,2019/3/5,330000,8721c192-2a8f-4618-9dae-d627b790c6ba
金华市,0000000S0000002Z000000070000000X,7.83,2018/3/5,330700,db00f857-87e2-4a0d-a05f-466f7b255641
丽水市,0000002200000038000000070000000X,3.16,2017/7/25,331100,7d6ba790-80cc-48ad-bc12-b01619777a57
绍兴市,0000000P0000003E0000000700000010,5.3,2018/8/21,330600,a21ecd70-cc15-4a1c-800a-2447f4c8f07d
台州市,0000001700000031000000070000000X,2.17,2018/8/5,331000,b4f43079-0035-4a54-baf1-6c44bbe793a3
金华市,0000000D0000002R000000030000000X,42,2017/8/5,330700,62647b29-ff12-4471-96eb-eef265879a63
丽水市,0000000P0000003E0000000700000010,3.65,2018/4/10,331100,dbf09871-c511-4fba-9837-9f57379f533a
温州市,0000001K00000031000000070000000X,2.83,2017/5/25,330300,07c4252f-a6d5-487d-ba53-cb18ad1f20ba
金华市,0000002200000038000000070000000X,3.17,2017/5/25,330700,c9e7230b-0579-4c52-a748-4f5fac97625b
衢州市,0000001700000031000000070000000X,2.83,2019/1/15,330800,f0064c3a-4649-4fdd-80fa-e2df7d5e6a47
丽水市,0000000J0000003Q000000070000000X,45,2018/2/15,331100,27e032c7-207c-4f01-9c3f-35ceb227d38a
金华市,0000001500000031000000070000000X,3.17,2018/6/15,330700,36867be1-d0b3-43e4-ae6d-77886ef29864
绍兴市,0000001K00000031000000070000000X,2.5,2017/4/5,330600,22f1fdb7-28a2-462d-ab49-d50b8ea8f1c9
湖州市,0000000G0000003F0000000700000010,11.9,2017/1/10,330500,6188f699-181a-4905-aa7e-2bd90d129d1f
舟山市,0000001K00000031000000070000000X,3.33,2017/3/15,330900,fe0e897d-2d08-48f1-943b-7e29a112878d
丽水市,0000001K00000031000000070000000X,3.33,2017/3/5,331100,3bf0cae6-59b1-4e15-b350-52af63e59fd6
台州市,0000000H0000003P000000070000000X,25.67,2018/12/15,331000,d91c1cde-7654-4ca6-9d0a-1e44b3f758ea
舟山市,0000000P0000003E0000000700000010,3.5,2017/3/28,330900,cd94384a-b18a-4423-bc97-f4f2f63b4c86
浙江省,0000001400000031000000070000000X,6.57,2017/3/25,330000,e9408efb-b560-4c50-bde5-8442f6a0d61b
绍兴市,0000000P0000002W000000070000000X,5.17,2016/12/15,330600,147fbde8-2d3a-444b-8273-d998247193e2
绍兴市,0000001K00000031000000070000000X,3.67,2016/12/15,330600,3d1688b8-ea52-4383-b897-9029afcea54c
衢州市,0000000P0000003E0000000700000010,2.65,2017/3/28,330800,91744d3a-6716-4ca3-957f-76d7c14d1ce1
浙江省,0000002P0000007W000000070000000X,3.11,2017/11/5,330000,1a01eaa3-06fe-48da-9a9f-2e0d394b418e
衢州市,0000000S0000002Z000000070000000X,8.67,2018/4/15,330800,c1465dce-a41c-4696-849f-76b42f52d028
湖州市,0000001Z00000036000000070000000X,5.33,2017/4/5,330500,097097b3-81d2-4f71-8cd0-8f871336e3ff
杭州市,0000001A00000031000000070000000X,4.97,2017/7/15,330100,ac0301e5-7ff0-41db-b2fe-5f2c1be4e6dd
温州市,0000002P0000007W000000070000000X,2.17,2017/5/5,330300,b06ddfd1-7698-4dbf-863a-486b97f3f59d
绍兴市,0000000X0000007T000000070000000X,51.67,2017/4/15,330600,7b185234-8bbe-4541-bc71-cbf925962ab2
温州市,0000000G0000003F0000000700000010,12.42,2018/9/18,330300,a6488564-b1f8-4076-a0db-190a407e1364
杭州市,0000000G0000003F0000000700000010,9.67,2019/1/29,330100,d5426872-0505-4458-adcd-9c2f703ed9a1
衢州市,0000000D0000002R000000030000000X,36.33,2018/11/25,330800,964f2e52-d2e6-45be-9928-e93def29ae2d
温州市,0000001E00000031000000070000000X,5.33,2017/9/25,330300,d396fb2d-498b-4974-9d69-edc6d0c1b438
丽水市,0000000Z00000031000000070000000X,3.17,2018/4/5,331100,56cb68bb-c784-4b1c-bc29-f5c4df8a8d97
绍兴市,0000000H0000003P000000070000000X,25.33,2017/3/25,330600,ab6f3333-34e3-4e86-9d93-19384fc840cc
衢州市,0000000Z00000031000000070000000X,2.83,2017/5/15,330800,f0da350b-8125-44f2-9fab-7d2510539cc0
宁波市,0000000M0000003V000000070000000X,14.5,2017/3/25,330200,e4def556-a4a3-4801-9abd-a9fbc92711be
嘉兴市,0000000X0000007T000000070000000X,33.33,2018/4/25,330400,987422a2-64f8-46d5-9a2d-665cc6ef5e52
宁波市,0000001K00000031000000070000000X,2.7,2017/4/15,330200,278a8eae-2b06-4b8f-b6e7-bda59b88d68b
衢州市,0000000P0000002W000000070000000X,5.67,2018/1/5,330800,a5ea3c4d-937b-4b3a-a6a2-61772665d36f
湖州市,0000001E00000031000000070000000X,3,2018/12/5,330500,7645c9bb-fe54-4dad-bfc2-597ae01a220c
台州市,0000000G0000003F0000000700000010,7.5,2018/3/20,331000,21374698-1f17-4652-b8b4-10bd42bfa023
温州市,0000003100000081000000130000000X,63,2017/1/25,330300,0c976fc9-0396-43bd-8723-99fbc8d8c0fb
宁波市,0000001500000031000000070000000X,5.83,2018/10/5,330200,765b3e35-7563-4786-9d28-a2684cd6c533
金华市,0000000J0000003S000000070000000X,37,2018/12/25,330700,68500ee5-4ae1-4f15-ad73-449bdec815a2
湖州市,0000000P0000003E0000000700000010,4.7,2017/8/8,330500,63800570-dc8a-4d92-afde-78cb71559c29
嘉兴市,0000000J0000003S000000070000000X,32.33,2017/7/25,330400,18e72a09-9a8f-455c-ab1b-255d641b36e1
绍兴市,0000001200000031000000070000000X,6.67,2019/2/25,330600,7b50007c-5110-460d-be62-874b43e34c00
金华市,0000000C0000002Q000000030000000X,68.87,2018/4/5,330700,92beeffe-792c-4dfe-a7dd-bae3fb037b0f
嘉兴市,0000003100000081000000130000000X,79,2017/5/5,330400,1ff42220-1c45-465d-8224-eaa41680dcf9
金华市,0000000M0000003V000000070000000X,12.33,2017/3/25,330700,420ce149-0649-475d-8dec-f8d4c8bf717b
丽水市,0000000P0000002W000000070000000X,5.5,2019/1/5,331100,4c53a3ac-562b-4f78-ade8-be1b63e0f3a2
衢州市,0000000C0000002Q000000030000000X,68,2017/10/15,330800,568c2449-7303-4d0e-af34-113c82dc4411
温州市,0000000H0000003P000000070000000X,28.33,2019/1/15,330300,2f83707b-2963-46d7-be44-ff49e72a936c
杭州市,0000002200000038000000070000000X,3.67,2019/1/5,330100,0da41a2e-f003-4de9-8fa7-5b0d9379adcc
湖州市,0000000H0000003N000000070000000X,14.67,2017/5/15,330500,b41de9ab-14c6-4fb8-bd98-2d92029e5983
湖州市,0000000H0000003N000000070000000X,14.33,2017/6/5,330500,8cddd6e7-0b58-405e-9182-4509d8c4ecc2
杭州市,0000000X0000007T000000070000000X,40,2018/12/15,330100,b499bf25-e166-4560-8ba5-65d88ae74be2
金华市,0000000G0000003F0000000700000010,9.2,2017/7/18,330700,2fd15c28-b8c1-417a-ae22-3ac69de6d5a2
金华市,0000000H0000003P000000070000000X,19.67,2016/12/25,330700,8204c28c-bc8f-4b2d-b647-e235281ccbe6
绍兴市,0000000H0000002T000000070000000X,15.67,2019/1/5,330600,7f55c67a-9df2-4725-b641-5c4bcbdb2cef
台州市,0000000Z00000031000000070000000X,4.33,2019/3/5,331000,10966011-cdd7-4152-9d4c-5e82f0928845
衢州市,0000001E00000031000000070000000X,4,2017/5/5,330800,bf353bd3-6fd1-4829-8d33-c1e5a5f46a05
绍兴市,0000001K00000031000000070000000X,2.5,2017/3/15,330600,a43f31cd-9315-4ad5-921d-bd298d23ea7c
浙江省,0000001A00000031000000070000000X,5.26,2017/9/15,330000,d3399649-d46f-4ff5-b002-6f1b09a35a4f
丽水市,0000001400000031000000070000000X,5.67,2017/4/15,331100,f26fad78-c1e5-4838-b768-115bfe5a24f6
舟山市,0000000H0000002T000000070000000X,13.67,2019/3/15,330900,f98fee4b-6336-4e6c-927c-568d6a0958b6
台州市,0000000H0000003P000000070000000X,21.67,2018/5/15,331000,3bbc5d8f-f1f2-47a5-8472-74e135e43340
绍兴市,0000001E00000031000000070000000X,5.33,2018/10/25,330600,fb17fe06-a614-4d3c-9db9-eb3f9ff38f08
温州市,0000000H0000002T000000070000000X,16.67,2017/5/25,330300,740c0c22-8532-4b76-978f-6d4f4b1be2dc
温州市,0000000X0000007T000000070000000X,48.33,2017/3/5,330300,734ed8c9-7efd-4ecb-b2db-b8e2e5a43e57
台州市,0000001700000031000000070000000X,2.17,2018/6/15,331000,985d1b30-4af8-4501-9395-20f41023165f
浙江省,0000000P0000002W000000070000000X,5.09,2018/6/5,330000,677b9ea7-726d-4fcb-b55f-8f48968f9c17
丽水市,0000000S0000002Z000000070000000X,9.67,2017/8/15,331100,22951a0b-7d5c-4dd0-99c8-0a1505aa9919
衢州市,0000001500000031000000070000000X,3.5,2018/7/25,330800,f5771cba-6452-4736-b763-27866376b0a8
金华市,0000000M0000003V000000070000000X,12.67,2018/5/25,330700,809b3cc0-2168-4fff-8abb-eca4ebe1eec4
台州市,0000001A00000031000000070000000X,4.5,2017/10/15,331000,5d8d1eae-6efc-4bba-b8a1-77c8510684ef
丽水市,0000001400000031000000070000000X,8.5,2019/2/5,331100,0fc17ce7-f594-45ea-9d75-b24e548a2590
台州市,0000001700000031000000070000000X,2.5,2017/4/5,331000,d808fd21-3bdd-43af-8491-3d3023509502
嘉兴市,0000001500000031000000070000000X,5.67,2017/2/25,330400,8bf3cf27-cdf4-4e2d-accf-ce2287aabb5f
衢州市,0000000D0000002R000000030000000X,37,2019/3/15,330800,ac6ca1f3-b446-45e6-90f0-e9baf722f5c3
嘉兴市,0000000S0000002Z000000070000000X,8.17,2017/2/5,330400,2d3d0418-1669-414c-972a-bb16b2645cee
台州市,0000000M0000003V000000070000000X,10.67,2018/8/25,331000,7e6b636c-5756-4de1-9855-ee65b2347a29
杭州市,0000000H0000003P000000070000000X,22.67,2018/12/15,330100,cd808171-ac07-45d2-b345-f5bbc828323e
舟山市,0000000H0000003P000000070000000X,22.67,2019/3/15,330900,75f6f547-1736-4246-9eff-104c84a0d27d
台州市,0000001E00000031000000070000000X,3,2018/1/5,331000,b24dd6b3-9ea3-4f57-a7fe-9bed7d4c9c13
台州市,0000000H0000003N000000070000000X,14.17,2017/2/25,331000,4f947352-5ffc-49c3-a787-7d6792cc029f
衢州市,0000000H0000002T000000070000000X,17.33,2017/8/5,330800,a71521c9-18a8-48a4-a2ca-60ff91404885
温州市,0000001400000031000000070000000X,7.5,2018/3/5,330300,76fd1705-4025-47de-9c19-d7d9faf2e289
丽水市,0000001A00000031000000070000000X,4.67,2018/8/5,331100,95a6ac24-f9d3-47b0-bec8-6607f42d60ca
浙江省,0000003100000081000000130000000X,85.93,2018/10/5,330000,8ac023fc-b141-4fd8-8d5f-5d49dea651de
温州市,0000000J0000003S000000070000000X,44.33,2018/10/5,330300,501fe6e3-da4f-45d1-a414-2050dcd90b64
台州市,0000002U0000007X000000070000000X,4.5,2018/9/15,331000,38d6c273-2681-43f3-8e3e-76f4ae928218
丽水市,0000000D0000002R000000030000000X,54.6,2018/1/15,331100,b7592787-d607-40ab-a98f-76cced5bdad0
宁波市,0000001E00000031000000070000000X,4.7,2018/1/15,330200,3cf01598-d943-457f-a604-631f68aab1a7
杭州市,0000000M0000003V000000070000000X,11.63,2018/2/5,330100,d530c3d2-8f01-47e1-9477-a9a28b262c68
衢州市,0000002200000038000000070000000X,3.17,2017/6/25,330800,e95adba4-3a7e-4d30-b198-faaeaef6863c
台州市,0000000C0000002Q000000030000000X,63.33,2018/2/5,331000,32cdd13f-e101-4596-b207-83a4dad582af
绍兴市,0000000H0000002T000000070000000X,14,2017/11/25,330600,066805a2-7214-4f6e-af9d-5f4fc4292ee1
湖州市,0000000J0000003Q000000070000000X,39.67,2018/11/15,330500,1b84ea77-a4ca-4260-a89e-198ba5c849d2
台州市,0000000P0000002W000000070000000X,5.6,2018/9/25,331000,d248208f-6bf2-418c-b7f0-21a29bdafdc5
绍兴市,0000002P0000007W000000070000000X,2.33,2019/1/25,330600,d9c568b1-cca7-451b-8f37-ddb3f96e5714
绍兴市,0000001500000031000000070000000X,3.83,2017/12/25,330600,a581ec1b-4855-44dd-9814-43bec043f111
绍兴市,0000000P0000002W000000070000000X,5.5,2018/4/5,330600,c58661b3-9461-4f3d-889c-54b4dea8899a
温州市,0000001A00000031000000070000000X,6.5,2018/10/25,330300,fa9d36c5-854f-4bfe-9b7d-17d940b23731
嘉兴市,0000002P0000007W000000070000000X,3.2,2018/7/15,330400,3be0cd55-e7d3-4b5a-a454-0435e3abcf8e
丽水市,0000000Z00000031000000070000000X,3.83,2017/8/15,331100,b51d478d-0064-4aa3-836c-5202648d2210
台州市,0000000H0000002T000000070000000X,14.33,2017/4/5,331000,396606fc-c735-4036-8121-acdf6023448d
宁波市,0000002P0000007W000000070000000X,2.93,2018/6/15,330200,6b5fe8a7-677c-4dbc-a106-eea90d294c5c
舟山市,0000001A00000031000000070000000X,4.67,2017/10/15,330900,ba6f5588-960b-4690-878c-b71805a71d30
舟山市,0000000H0000002T000000070000000X,17.33,2017/1/15,330900,a8360c4a-2c57-4830-85d8-6b1aa1d418e1
舟山市,0000000S0000002Z000000070000000X,12,2018/2/25,330900,f0a3d5dc-ecf3-45cf-a465-283af60935f6
衢州市,0000001E00000031000000070000000X,4.83,2018/6/25,330800,30a7ddd2-2089-4781-97b8-a1d2aa0d8d8b
舟山市,0000000X0000007T000000070000000X,45,2017/10/5,330900,c5689cd3-01ef-4079-9582-8b95f0bf1523
丽水市,0000000Z00000031000000070000000X,3.5,2019/1/25,331100,acc519c4-a195-49f0-b5a8-4ad4fe58d91b
台州市,0000000C0000002Q000000030000000X,63.33,2018/5/5,331000,a8ff1ce3-7935-4927-9cbd-d5df92500a6d
绍兴市,0000000M0000003V000000070000000X,9.83,2017/4/5,330600,cad6fa87-68a8-4176-a415-9c8f3b8ce942
舟山市,0000001400000031000000070000000X,5.33,2018/11/25,330900,9b152c96-c14f-4c21-9cf7-a23e8234f3c4
浙江省,0000003100000081000000130000000X,94.04,2017/9/15,330000,31d257d2-01fe-471f-8cde-0a2cbdd80ac2
湖州市,0000001500000031000000070000000X,4.33,2017/5/25,330500,7dc66c1b-ef85-4d89-8bd8-648bdfcab587
温州市,0000000S0000002Z000000070000000X,9.67,2017/11/25,330300,3c66602f-8889-4344-a8f1-2a4007d82f83
金华市,0000000J0000003S000000070000000X,37,2018/8/15,330700,a140f2b1-3d72-4e56-8959-eb606b3451da
杭州市,0000000H0000003P000000070000000X,21.17,2017/4/5,330100,37207ae3-0475-47a3-a6f0-695203c81a7f
浙江省,0000000M0000003V000000070000000X,12.48,2017/9/25,330000,ae21a753-0240-4f8b-ac21-9937854d084d
温州市,0000000H0000002T000000070000000X,17.33,2017/3/5,330300,8d0c8b7d-3f53-4c7d-b060-e2c109b5ef07
舟山市,0000000J0000003S000000070000000X,37.67,2019/1/5,330900,3b8fb421-0508-47a3-b8db-5141abee78ea
杭州市,0000000P0000002W000000070000000X,4.17,2017/3/25,330100,a80bff74-b46d-486b-8126-cd4aba5e0041
温州市,0000000H0000002T000000070000000X,16.33,2018/5/15,330300,6c31c4f8-067e-4d45-8cd4-d8f7d42d8785
金华市,0000000J0000003S000000070000000X,34.33,2018/5/5,330700,975602c2-1f03-49ac-99a3-e9312d7b4746
衢州市,0000000H0000003P000000070000000X,23,2018/8/15,330800,89f0016f-8c95-42f3-a195-f0220fa747c7
宁波市,0000000Z00000031000000070000000X,5.1,2018/3/15,330200,c03ae9d9-9cbe-41a5-b4b0-70ff984b5103
台州市,0000001K00000031000000070000000X,3,2017/9/25,331000,76c57d29-593e-4530-b266-80724d61aaba
温州市,0000000M0000003V000000070000000X,15.33,2019/2/15,330300,31a1dfd0-50b4-4b46-b57d-5c5ef66c3aae
宁波市,0000002U0000007X000000070000000X,4.63,2017/2/15,330200,1b284e67-34a1-4a9d-9d7e-cc3d8403bad6
丽水市,0000000P0000003E0000000700000010,4.3,2018/7/17,331100,b44ad638-fac7-4cbf-bfb9-0b59e8e07050
舟山市,0000001400000031000000070000000X,6,2018/1/15,330900,909ef740-45d7-48d0-b60b-6ea8fe6bd12d
嘉兴市,0000001400000031000000070000000X,3.67,2018/7/25,330400,c4edeb06-5f37-49d7-82f7-a48dd2a04c6c
浙江省,0000000K0000003U000000070000000X,34.94,2017/10/5,330000,e2da6251-e411-4333-8d8b-21ee96f8c6de
舟山市,0000002U0000007X000000070000000X,3.83,2018/3/25,330900,6624bfd4-b54a-49c6-87fb-64eb97112f47
杭州市,0000001E00000031000000070000000X,4.27,2017/7/5,330100,437f73ec-ee73-4459-971e-b280d3bc5406
绍兴市,0000000Z00000031000000070000000X,2.5,2017/3/25,330600,375a1918-d76c-498f-a72b-2c8567887def
台州市,0000000P0000003E0000000700000010,4.95,2018/10/2,331000,3f045176-0f77-4c5f-b1e5-333db1590169
杭州市,0000000J0000003Q000000070000000X,45.33,2019/1/5,330100,906a7513-d240-4dc8-a4a5-21a45da33652
舟山市,0000000Z00000031000000070000000X,3.83,2018/4/5,330900,a5569456-1e1c-4be1-80e5-4275066bf9d8
温州市,0000000M0000003V000000070000000X,15,2017/2/15,330300,e0ddd817-0009-40ab-b24f-8c0617071e1d
浙江省,0000001500000031000000070000000X,5.35,2019/1/5,330000,5957c6d0-d98b-4269-841d-e5918bf67213
舟山市,0000000G0000003F0000000700000010,12,2018/11/6,330900,4bcf0584-070f-4747-8067-aad2f7cc13d8
嘉兴市,0000000Z00000031000000070000000X,5.83,2018/9/15,330400,835b789b-0eee-4e35-8a64-820211830db9
衢州市,0000002200000038000000070000000X,2.67,2018/8/15,330800,ab502d3b-80aa-4988-bb75-6f4da20fe0b5
杭州市,0000000J0000003S000000070000000X,40,2019/3/15,330100,57edae53-fccf-4694-b993-0ab2b0064392
温州市,0000001K00000031000000070000000X,4.67,2017/9/5,330300,e9b5b819-35b8-4a04-ac91-510794394c0d
绍兴市,0000001400000031000000070000000X,4.67,2018/9/25,330600,cd5c5a8e-38ea-42ac-822d-686b5b42410d
金华市,0000000Z00000031000000070000000X,3.5,2018/12/25,330700,ade408ac-402d-425a-b512-7f85c48c79ca
台州市,0000001A00000031000000070000000X,3.83,2017/12/15,331000,1f8c261a-665a-40ce-bcc8-f1ed7e3dfe9c
绍兴市,0000000G0000003F0000000700000010,11,2019/3/12,330600,54020276-6c8d-460a-ae59-e3eef1849415
湖州市,0000000G0000003F0000000700000010,9.5,2017/11/28,330500,5d3dab41-4f28-409a-875d-17e608d09cdf
丽水市,0000000C0000002Q000000030000000X,70.23,2017/5/5,331100,e4d8aae5-a18b-48b5-aaa7-51203476747b
浙江省,0000000G0000003F0000000700000010,9.82,2017/8/22,330000,b3c612c7-3d08-42e8-a27b-fa5ada4a701f
舟山市,0000001400000031000000070000000X,5.17,2017/7/25,330900,ef05653f-b98b-4063-a1e3-067536c8df2c
舟山市,0000000C0000002Q000000030000000X,51.6,2017/1/15,330900,e4a51786-68b5-4985-9719-30f5f2d3d41e
衢州市,0000000S0000002Z000000070000000X,8.67,2018/4/25,330800,9cfaad8c-7823-4977-8cd6-7741672d0d5e
金华市,0000002P0000007W000000070000000X,3.7,2018/6/25,330700,cbad4d35-f1de-4ae4-8475-8c9a6b9353bb
舟山市,0000000J0000003Q000000070000000X,39.67,2017/6/5,330900,67b8d095-af51-4a12-8c90-0508e3705b5d
杭州市,0000000D0000002R000000030000000X,46.33,2018/4/25,330100,81032e75-7fb7-4c17-8f6c-07edf43a16c4
绍兴市,0000002P0000007W000000070000000X,2.33,2019/2/15,330600,58130547-9285-470f-ab92-21bff764a7f6
浙江省,0000001400000031000000070000000X,4.44,2017/6/25,330000,4f4dd063-eace-453f-8fb9-1c280274b854
湖州市,0000000K0000003U000000070000000X,0,2017/5/15,330500,6a2864c2-cf7d-49b8-80c4-e5763be6cdba
湖州市,0000001Z00000036000000070000000X,5.33,2017/2/5,330500,259eb0ee-9f57-409b-8844-2f6a9b76d915
浙江省,0000000J0000003S000000070000000X,35.33,2018/4/5,330000,14104efb-8d62-4426-b81f-4db11abb2feb
湖州市,0000000S0000002Z000000070000000X,9.33,2017/8/5,330500,4343a9d5-3389-4eeb-ab3f-bb7812a0f1ac
温州市,0000001400000031000000070000000X,6,2018/12/15,330300,6924be4e-0a67-4636-95f2-b0ed631f2911
舟山市,0000001700000031000000070000000X,2.83,2017/10/5,330900,93f421b5-4634-425d-8f0c-3b7945e56ea8
台州市,0000000H0000003N000000070000000X,12,2018/8/5,331000,8927d503-c8c2-439e-8e20-f187ad6da9c2
台州市,0000001500000031000000070000000X,4.33,2017/8/15,331000,43a29dec-34dc-4779-b6e8-6e31f8110153
嘉兴市,0000000M0000003V000000070000000X,10.5,2017/11/25,330400,ecb7ac4a-aa7b-42bc-98a3-97b3e6f4e015
嘉兴市,0000003100000081000000130000000X,79,2017/5/25,330400,f368854f-51e1-4f1e-9b8f-55d91aa84c87
衢州市,0000000P0000003E0000000700000010,4.8,2018/1/2,330800,91b4eef7-4b9c-49fe-a7ba-d9c1eca63935
嘉兴市,0000003100000081000000130000000X,79,2017/9/15,330400,7c7eb8c9-4f06-4690-8b0c-3f9f5afc3dc4
杭州市,0000000G0000003F0000000700000010,12.11,2018/10/30,330100,2ef16755-4e9c-4ced-a185-507254c3e810
嘉兴市,0000000M0000003V000000070000000X,11.17,2018/5/5,330400,a36d7670-7a6d-4c94-8044-b7796d82bbdf
丽水市,0000000P0000003E0000000700000010,2.8,2017/1/31,331100,8437a8c3-26b3-4293-adb8-fb3a414f103b
衢州市,0000002200000038000000070000000X,3,2018/4/5,330800,b137cad6-9a12-445b-b3b8-42a934bee42a
衢州市,0000000P0000003E0000000700000010,4.5,2018/2/20,330800,358a5a8c-53e3-4539-8752-a17069bda45e
浙江省,0000000M0000003V000000070000000X,13.2,2018/2/15,330000,49512647-0382-492f-bfa1-2fc8c29c4129
绍兴市,0000000S0000002Z000000070000000X,9.33,2017/8/25,330600,4714085a-8004-47ae-a409-4d73e4569d16
宁波市,0000001200000031000000070000000X,4.17,2017/11/15,330200,07f2bc6b-d2c9-432b-8615-74ab1bf3b08b
宁波市,0000002200000038000000070000000X,4.33,2018/10/15,330200,fd8f918d-d906-4387-8ba9-59a2ad7f4dc4
浙江省,0000000J0000003S000000070000000X,38.68,2019/3/15,330000,6c610453-ac54-4125-8a70-34c8415d3288
杭州市,0000001500000031000000070000000X,4.17,2017/7/25,330100,bbd9f0c6-49fe-473c-8ac2-8c0bdf7e8e0f
宁波市,0000001700000031000000070000000X,3.27,2017/7/15,330200,8c5b91db-62d9-417f-8595-48efa549b806
宁波市,0000002U0000007X000000070000000X,4.8,2017/6/15,330200,619ab51f-57a0-49c5-9b95-ddf7f62dee82
嘉兴市,0000000P0000003E0000000700000010,4.3,2017/1/17,330400,26b304de-7197-4aec-9062-0bb71e6851be
台州市,0000001Z00000036000000070000000X,6.33,2018/2/25,331000,c0b1c5c4-8b61-4e93-8b26-f986e540ab69
湖州市,0000000J0000003Q000000070000000X,39,2018/3/5,330500,c2c5adee-45d7-466b-ac41-416a0bf48012
衢州市,0000000Z00000031000000070000000X,3.67,2018/4/25,330800,80c3a329-f65b-4e8e-9db1-bca67bb1654a
宁波市,0000000J0000003S000000070000000X,32.1,2018/10/15,330200,806b435c-526f-4198-96cc-64dfb8d29591
衢州市,0000000M0000003V000000070000000X,12,2018/10/5,330800,f6f69370-ed3c-4353-9b87-1398c713096d
台州市,0000001200000031000000070000000X,3.33,2017/4/25,331000,2e960741-1021-485a-9654-2bb107826886
杭州市,0000002U0000007X000000070000000X,4.47,2018/3/25,330100,8772a628-c8b1-4f4d-8c54-9ae508c0fabc
杭州市,0000002200000038000000070000000X,3,2018/1/25,330100,0f835559-5745-4cf2-886d-323e8559c1ac
舟山市,0000000H0000003P000000070000000X,26,2018/2/15,330900,48da20bf-91d6-4d36-a140-1dc995bd4edb
浙江省,0000001700000031000000070000000X,3.06,2017/4/15,330000,05aaa59f-eab8-4d53-bfbd-e901f1779e45
嘉兴市,0000003100000081000000130000000X,79,2018/3/5,330400,a691448c-2ec7-4259-98fd-6bc46b706ee7
浙江省,0000000Z00000031000000070000000X,4.3,2019/1/5,330000,40afe967-bd9a-4532-80b6-03d31ca8565a
绍兴市,0000000G0000003F0000000700000010,12.28,2017/1/10,330600,7a03c6bb-d4e7-4e46-8696-3d2486aab085
金华市,0000000P0000003E0000000700000010,4.6,2018/1/23,330700,5fede927-5db7-4384-ba51-cedda226f543
浙江省,0000002P0000007W000000070000000X,2.98,2017/3/5,330000,3863bdfb-6a0e-42aa-9b47-9c31c600c2b4
宁波市,0000000Z00000031000000070000000X,6.5,2017/11/15,330200,a60a1e7e-c395-48e0-a9ee-9cca681ce20a
宁波市,0000000J0000003S000000070000000X,30.67,2018/2/25,330200,7fb9b1c0-18a4-4127-b932-4f2da25d3158
丽水市,0000000H0000003N000000070000000X,13.33,2018/1/15,331100,93768b57-045e-4522-9812-8fbc74c04fcf
嘉兴市,0000002200000038000000070000000X,3.17,2018/10/25,330400,9e53a530-9af3-4353-912f-da2403495cfb
杭州市,0000002U0000007X000000070000000X,4.5,2018/2/25,330100,63d25784-f2e3-4cbc-bc7b-6e0a6b4332d2
金华市,0000002U0000007X000000070000000X,3.97,2018/9/25,330700,53f3ddf4-8cbc-40b4-9e13-f9212287aa0b
丽水市,0000000D0000002R000000030000000X,54.6,2018/11/5,331100,b337231d-02ce-44f0-8de1-cb991b37eff4
宁波市,0000000J0000003S000000070000000X,30.5,2017/6/5,330200,a110f799-7ef0-487c-8f37-61d0df01edae
衢州市,0000002U0000007X000000070000000X,4.33,2017/6/5,330800,debbba2f-d40c-4b95-ab98-b43b50cd9434
台州市,0000000H0000003N000000070000000X,13.83,2019/1/15,331000,bd653121-6e78-45ac-a292-dddc590d4ec8
绍兴市,0000002U0000007X000000070000000X,4.67,2018/9/15,330600,481fbfc6-3cf0-4f79-928b-0f5ff22c9650
台州市,0000000X0000007T000000070000000X,25,2018/9/5,331000,81de03cb-0861-4343-947d-f5590b419049
丽水市,0000002200000038000000070000000X,3.1,2017/4/5,331100,66bf4d7f-4aaf-48f0-9117-5d60e149f2e3
嘉兴市,0000000P0000003E0000000700000010,5.1,2017/9/19,330400,d0e2fa42-c228-45c8-b992-f8ac7515a423
湖州市,0000001E00000031000000070000000X,6.5,2018/9/25,330500,30b7fcdc-1c0a-495a-aecb-675b1c637990
杭州市,0000000G0000003F0000000700000010,10.38,2017/3/14,330100,d93e6675-adac-4223-85bf-cb5d8054e8f2
嘉兴市,0000001400000031000000070000000X,5.5,2017/5/5,330400,6d8ba2aa-9161-4f55-b9c7-bca14341a8d1
丽水市,0000001500000031000000070000000X,4.83,2018/2/25,331100,9477d39b-1a45-4b6f-b996-e8f38c4245a9
衢州市,0000002U0000007X000000070000000X,4.67,2017/12/25,330800,2ce991d3-01bb-4b21-965a-88296292b526
温州市,0000000K0000003U000000070000000X,48,2017/1/5,330300,3243a052-391e-446c-b38f-5b24158e68cc
台州市,0000001A00000031000000070000000X,4.67,2017/4/5,331000,9a1f9245-1863-4fa1-9918-22e5c572477f
台州市,0000001400000031000000070000000X,4.33,2018/12/15,331000,301dffe5-23c0-45c0-a482-7d6184267cb1
浙江省,0000001K00000031000000070000000X,3.52,2018/1/15,330000,c8a40cf2-1fae-4215-aec9-46ad48348123
衢州市,0000001K00000031000000070000000X,2.33,2017/4/25,330800,a70db609-ba7f-4030-af85-c7344b9cc782
金华市,0000001A00000031000000070000000X,6,2018/8/25,330700,0707aeac-a93b-41a0-963b-b7564ebcc312
舟山市,0000001500000031000000070000000X,6,2018/10/25,330900,48ff34d9-9089-4e6c-91a4-8c5acc193270
舟山市,0000000H0000003N000000070000000X,14.83,2018/4/25,330900,1e99453a-8690-4c48-8935-adbe53f4af48
台州市,0000000X0000007T000000070000000X,26.67,2018/5/15,331000,6030c0c4-235f-4972-8496-966f61372338
湖州市,0000002P0000007W000000070000000X,3.89,2017/11/5,330500,c1737d1c-7fe1-4c1f-a3f7-d2b6265a97f0
温州市,0000001500000031000000070000000X,5,2018/1/25,330300,144bf4b1-0132-4cb6-b6fc-92af70e59af7
嘉兴市,0000000H0000002T000000070000000X,17.67,2018/9/5,330400,56f1ec85-42f0-4fce-be26-3f4e5aeb90f2
丽水市,0000000K0000003U000000070000000X,44,2019/1/25,331100,19da6080-8b0b-4a44-8336-1d88236a3649
舟山市,0000000C0000002Q000000030000000X,49.3,2018/2/5,330900,db73b42e-fc4d-45d7-b30b-a42545ed92f6
杭州市,0000001Z00000036000000070000000X,7,2017/9/15,330100,88ad22ce-8088-4430-b893-bd7581f707a2
宁波市,0000002U0000007X000000070000000X,4.5,2018/11/15,330200,d7a9f92c-461e-4187-aaa3-fe9fb0ea409a
温州市,0000001K00000031000000070000000X,3,2017/4/25,330300,6cd655ec-e4f3-4cde-be2e-c4e33b4ebd16
宁波市,0000001E00000031000000070000000X,7.7,2018/10/15,330200,b89eb3d9-8b1f-4f46-a677-268eb50bd786
浙江省,0000000Z00000031000000070000000X,6.42,2018/9/15,330000,0d94e8d4-789c-46d9-90ce-f8da59813dae
舟山市,0000001700000031000000070000000X,3.17,2017/5/5,330900,98f7ca30-a225-4c7a-b925-eba3303be591
丽水市,0000002200000038000000070000000X,3.33,2018/4/5,331100,a2f5baba-cb63-46d9-89ed-b33bc0d26be6
台州市,0000000D0000002R000000030000000X,38.67,2018/10/25,331000,0b2dc9d1-2dbe-4069-897b-5257794579d6
金华市,0000002U0000007X000000070000000X,4.23,2016/12/15,330700,4c811fb0-c945-4622-8790-e37dd17dd6c4
衢州市,0000000P0000002W000000070000000X,6.33,2019/2/5,330800,13d3a975-ee2e-413f-b481-d9475e479a56
丽水市,0000000G0000003F0000000700000010,12.7,2018/9/18,331100,7159ea6e-dce4-426f-aa77-e87912d5bc1c
绍兴市,0000002P0000007W000000070000000X,2.33,2017/12/15,330600,3235c635-01e9-469b-8df4-5a85b2fa547f
温州市,0000001A00000031000000070000000X,7.33,2018/2/25,330300,2f6c0fb5-0b55-444a-8b37-84a5c8513370
浙江省,0000003100000081000000130000000X,91.21,2017/2/25,330000,fc66d976-d4a2-45ab-9c8f-51521c290c53
温州市,0000000J0000003S000000070000000X,43.33,2017/11/5,330300,bf56f044-864d-42d0-969c-e6ca7cee7906
宁波市,0000003100000081000000130000000X,176,2017/6/15,330200,c941d931-8d83-4e8f-9520-4960cee8fabc
金华市,0000001K00000031000000070000000X,2,2017/3/5,330700,beedf894-dcb4-416f-9c99-2ac83e946892
宁波市,0000000K0000003U000000070000000X,34,2018/4/15,330200,e8eddbdc-d078-40e2-bd5d-a87e572e6c0c
温州市,0000001K00000031000000070000000X,3,2019/1/25,330300,da1c2505-5b0b-4586-acee-1dfa952691a7
衢州市,0000003100000081000000130000000X,93.27,2018/3/5,330800,97141e3b-e7e7-41ba-b1f6-161609eefd72
温州市,0000000Z00000031000000070000000X,5,2018/8/5,330300,a4a4dcaf-95f1-4fc0-aa1e-c4c3728ce6b2
台州市,0000001A00000031000000070000000X,4.33,2017/4/15,331000,bda9a00e-b6d1-4164-8011-7c00f4a56ed3
台州市,0000000G0000003F0000000700000010,9.6,2017/5/16,331000,3a652fd2-2dea-4a13-ad39-29952d8f4cc7
绍兴市,0000000J0000003S000000070000000X,40.33,2019/2/15,330600,b05f79e2-e194-48a2-99cb-f1e08698e691
嘉兴市,0000000P0000003E0000000700000010,3.33,2017/6/20,330400,d0fc6298-4dbe-4b20-9a9d-2a4a153d43b5
金华市,0000000D0000002R000000030000000X,40.17,2018/8/25,330700,9e5be5dc-7769-4886-ab82-d1d7b71ab7cf
台州市,0000001200000031000000070000000X,3.5,2017/1/5,331000,49f941ac-8670-4eb2-bb27-3a0ccc9e72be
嘉兴市,0000000C0000002Q000000030000000X,69.33,2018/11/15,330400,037e0c92-b978-44c1-aac9-318ce4fe8822
舟山市,0000001K00000031000000070000000X,3.83,2018/1/15,330900,46ef1afb-3cdf-4ad1-a9e0-2a6a59a1c328
丽水市,0000001K00000031000000070000000X,3.33,2017/5/15,331100,9c133731-28ae-461a-987b-b6523228843b
嘉兴市,0000003100000081000000130000000X,79,2017/5/15,330400,87f844b3-8341-4bf6-9fc4-cafd52164eb7
舟山市,0000001700000031000000070000000X,3.33,2017/2/25,330900,29617daa-da62-4ba2-bfda-fff616905bfe
宁波市,0000001K00000031000000070000000X,2.83,2017/6/5,330200,b4323283-ff74-434b-a4f4-3bde9d38052e
台州市,0000000H0000002T000000070000000X,13.33,2019/3/15,331000,dfb5bde9-ed10-4b14-8dfa-b0b8730c7bba
杭州市,0000001Z00000036000000070000000X,6.77,2017/2/15,330100,4f9aa9d6-334e-4b1e-8ec3-693ba4b4e6fb
金华市,0000002200000038000000070000000X,2.5,2017/3/5,330700,8fd55292-fb6a-454f-8e94-977960411772
杭州市,0000000G0000003F0000000700000010,11.5,2018/12/4,330100,0123439c-8130-44fc-b922-dbd552ada2f0
杭州市,0000000H0000003N000000070000000X,15.67,2017/6/25,330100,cb7c01bd-ea9d-41dd-aa08-d4cf39bd4322
金华市,0000000H0000003N000000070000000X,12.5,2017/11/15,330700,a38c22bb-6b6a-4b20-b650-83740f2564b6
台州市,0000000H0000003N000000070000000X,12.33,2018/2/5,331000,98a6926f-73ae-476f-8b53-edd3dee95a60
浙江省,0000000Z00000031000000070000000X,4.53,2017/12/25,330000,1a89a35b-e3a1-4bfa-8696-d4666a8354d4
金华市,0000000M0000003V000000070000000X,12.33,2017/11/25,330700,46e749d7-dd59-4abc-9a8c-5c3fae8dec98
温州市,0000000G0000003F0000000700000010,11.83,2018/9/11,330300,5708c908-23a1-4419-93b2-393be976da74
绍兴市,0000000J0000003Q000000070000000X,42,2018/7/15,330600,4aeb0616-ad57-4cad-87ff-1a72c6014081
嘉兴市,0000000G0000003F0000000700000010,10.25,2017/8/22,330400,ea3e26cb-6d6e-4ed2-9af0-45acf748f1cd
宁波市,0000000M0000003V000000070000000X,13.83,2019/2/25,330200,d1560a1e-5d76-4fbb-95a1-ee91d5f7df10
丽水市,0000000D0000002R000000030000000X,54.6,2017/12/5,331100,eecb5308-03f7-4db8-bcf2-1449dc52b203
衢州市,0000000P0000002W000000070000000X,5,2018/6/25,330800,2233b98c-0d9b-4f54-ad83-66fe1aaac2dd
衢州市,0000000H0000003N000000070000000X,13.67,2017/8/25,330800,fca8c48e-726e-4096-83de-34e4b8675e47
衢州市,0000000K0000003U000000070000000X,34,2017/1/5,330800,992ef29d-67f9-4d8b-8e67-5a71245d90d9
绍兴市,0000001K00000031000000070000000X,3.83,2019/3/15,330600,407fe804-5edf-457f-9ea4-31265de0ded0
宁波市,0000002200000038000000070000000X,3.67,2018/1/5,330200,86029acf-f18d-4af7-bff0-85834e6d18e2
丽水市,0000000H0000003N000000070000000X,15.33,2017/1/5,331100,1d930967-2e3c-4ff0-b7c3-6311712f82f6
绍兴市,0000000C0000002Q000000030000000X,57.67,2018/5/5,330600,8ec0448e-adbc-4119-b021-0b4aac543695
舟山市,0000000H0000002T000000070000000X,16,2017/2/15,330900,a1767410-e28f-46ef-8dc2-82c0a3576858
湖州市,0000000Z00000031000000070000000X,4,2017/5/5,330500,b3338c98-4e1a-42c4-9672-a2d99cb7c2ca
浙江省,0000000G0000003F0000000700000010,10.81,2018/11/27,330000,5985693e-5432-4d09-ab2e-a2ec5d031844
浙江省,0000000X0000007T000000070000000X,36.77,2017/7/15,330000,84996d1a-6e5b-4be2-bd8d-d0dd15e754f6
丽水市,0000001A00000031000000070000000X,4.33,2017/8/5,331100,a7fd87e1-6300-41a8-b0a8-17843e72006a
金华市,0000002200000038000000070000000X,3.5,2018/2/15,330700,b47172de-c3e5-45a6-8807-f81ceec16778
金华市,0000001A00000031000000070000000X,6.67,2018/4/25,330700,3fc73b1c-cb89-4a57-a050-ad5056c64d2a
台州市,0000000H0000002T000000070000000X,13.67,2017/5/5,331000,01aba7be-a12d-44e0-9a78-aedf7194fea7
衢州市,0000000M0000003V000000070000000X,11.67,2017/10/5,330800,bc562e6c-2b8e-4fe8-aa92-add7da9c2018
浙江省,0000000M0000003V000000070000000X,12.6,2017/11/15,330000,f5291039-b7b3-4124-823c-b3c0dcbcbcc1
杭州市,0000001700000031000000070000000X,2.7,2018/3/25,330100,5ed57fd9-6f47-47dc-b65d-a97dbbcb6e9f
衢州市,0000000D0000002R000000030000000X,37,2019/2/15,330800,f0eafd99-fac9-4a0c-828d-69d3b9ba246d
金华市,0000000M0000003V000000070000000X,12.33,2017/2/5,330700,2fd74c60-1a8a-4e3b-b2f4-0ad5911babe0
湖州市,0000000G0000003F0000000700000010,10,2019/3/12,330500,7e20acf0-51da-4ec5-857a-30188d5eb2d2
舟山市,0000001K00000031000000070000000X,3,2019/1/15,330900,d3a71424-83e4-4196-aac8-b5299d7d974f
丽水市,0000000M0000003V000000070000000X,10,2017/3/5,331100,e9ae1a56-309b-4f2e-89d0-829b7cfd3508
绍兴市,0000002200000038000000070000000X,3,2018/1/15,330600,df53c53b-b614-4ce4-bde9-45df03471139
嘉兴市,0000000G0000003F0000000700000010,10.1,2018/12/4,330400,b7a6d6d2-d9ff-4c35-b4f6-8d1796b24ce0
衢州市,0000003100000081000000130000000X,86.27,2018/8/15,330800,918ffe43-fe9d-4ae5-b381-12a3fd4df50b
温州市,0000000H0000003P000000070000000X,24.33,2018/7/15,330300,f46f9ea6-73f8-4c94-9644-b8105793fb50
宁波市,0000000G0000003F0000000700000010,11.31,2017/3/28,330200,18834415-4107-4290-9db0-19196a8df0d9
湖州市,0000000J0000003Q000000070000000X,39.67,2018/4/5,330500,740e8688-cadc-4202-a11b-f0ef5fc61a5d
嘉兴市,0000001200000031000000070000000X,5.33,2018/2/5,330400,fff1662d-8737-4033-9e66-d74a2eda999d
浙江省,0000002U0000007X000000070000000X,4.28,2018/5/25,330000,56441f6c-71b3-4a6c-ab7e-ee7872ed468b
衢州市,0000000J0000003Q000000070000000X,38.67,2017/12/15,330800,be36be84-d0f2-4ffc-a794-561432655ff5
衢州市,0000000X0000007T000000070000000X,25.33,2019/2/25,330800,2aaeb529-7ae2-439e-a85c-d020a0a3d794
衢州市,0000001K00000031000000070000000X,4,2018/9/25,330800,e71dd85a-69b5-4d26-814e-056066240008
金华市,0000000P0000003E0000000700000010,4.4,2017/11/7,330700,d8d01318-12d8-4e8c-b9a5-48587314fb0f
嘉兴市,0000002P0000007W000000070000000X,3.2,2017/2/25,330400,ce5e740a-e1a7-4401-bbb9-ae0465c8e0bc
舟山市,0000000J0000003S000000070000000X,33.67,2017/3/15,330900,f7587645-fd64-46cd-8fc8-ebf1b8bc3b04
衢州市,0000000J0000003S000000070000000X,36.33,2017/11/25,330800,7b0f57e0-8724-4106-8691-ba0b386efef5
金华市,0000001Z00000036000000070000000X,6.33,2017/8/25,330700,7e6b45c2-5118-4c2d-84eb-cf35f2050240
金华市,0000001Z00000036000000070000000X,5.5,2017/2/25,330700,4b0c22f1-fdf6-4f1b-9ba3-fc8db0b4799a
温州市,0000002U0000007X000000070000000X,4.5,2018/2/25,330300,2ba90d84-6ebd-446e-a5df-ef0f2c080def
舟山市,0000001500000031000000070000000X,4.83,2017/1/5,330900,6b43dd6d-09a6-4399-b0c7-6e1a9e1c120a
浙江省,0000002U0000007X000000070000000X,4.26,2017/4/15,330000,ada90c5c-0198-49ae-8997-3e87dbd2d9c7
湖州市,0000001500000031000000070000000X,5,2016/12/25,330500,b471522d-b373-42d0-b79b-49a94ed9e041
湖州市,0000001500000031000000070000000X,4.33,2017/12/25,330500,4a6a03c4-b29a-4ce2-bcfc-50fbfd096b28
湖州市,0000000M0000003V000000070000000X,16.83,2018/1/25,330500,18dad6fa-555e-4362-b39a-bd64c391597c
台州市,0000001200000031000000070000000X,2.67,2018/11/25,331000,0d3c29f0-0093-4dfd-a708-ec46e225ee66
浙江省,0000000H0000003P000000070000000X,22.68,2017/10/15,330000,980e9487-2a8a-4a47-898c-9bce508779ff
金华市,0000000Z00000031000000070000000X,4.17,2017/7/5,330700,65660436-fe41-4b9d-902d-b07178847e51
温州市,0000002U0000007X000000070000000X,4.67,2018/11/15,330300,fe8f8932-d522-4743-8854-b16e2ef7d415
台州市,0000002U0000007X000000070000000X,4.5,2018/1/5,331000,551dc218-6723-4110-afa9-66e2f7f0848e
绍兴市,0000000G0000003F0000000700000010,10.92,2017/3/28,330600,669c9db0-feaa-41fc-99f1-c883780f7925
宁波市,0000002P0000007W000000070000000X,2.93,2018/10/5,330200,f119c353-e02b-4eec-bf68-d0b1b9ba5297
衢州市,0000000M0000003V000000070000000X,11.67,2017/2/5,330800,a444f1c7-314d-4624-9965-5d743719727c
浙江省,0000002P0000007W000000070000000X,3.12,2018/8/25,330000,e2a93da5-0546-402a-9017-a40e738cedf4
宁波市,0000002U0000007X000000070000000X,4.7,2017/12/5,330200,a7fc47c3-7326-4874-bd19-e4124f5709c0
嘉兴市,0000001200000031000000070000000X,4.5,2017/1/5,330400,f65886e8-aa70-4dc8-bfad-c80a4990af2e
湖州市,0000003100000081000000130000000X,72,2018/12/15,330500,847d95c7-845e-4436-9ba5-5c192225524f
金华市,0000000M0000003V000000070000000X,12.33,2017/12/5,330700,033e91da-ee3d-47f8-a498-0c7e7cc95afa
湖州市,0000000P0000002W000000070000000X,5.67,2019/1/15,330500,41da4d95-3b8a-46c5-8699-82b479623a88
舟山市,0000000P0000002W000000070000000X,5,2017/10/25,330900,ba590546-7d7d-46d0-a9bf-9005af3dfb87
温州市,0000000H0000002T000000070000000X,15.67,2018/5/5,330300,8766b18f-1b7e-45a8-9125-d76d6a1a7e8d
嘉兴市,0000000H0000003P000000070000000X,22,2017/4/25,330400,61d3c3fd-6b67-4440-8ac9-85b5ca839013
浙江省,0000000M0000003V000000070000000X,12.26,2017/1/15,330000,c010dd69-ab2a-4e42-b5a2-4d8fd6917266
湖州市,0000001400000031000000070000000X,5.67,2017/4/25,330500,cc8e4911-86df-4572-baf3-d460d6e7fb7b
衢州市,0000000H0000003P000000070000000X,22.33,2017/5/5,330800,84b79520-c460-490b-8f5c-68e626b16315
温州市,0000000H0000002T000000070000000X,20.33,2019/3/5,330300,4d1f3b1b-2012-4577-b9ac-d03bc8b31eb1
台州市,0000000J0000003Q000000070000000X,38.33,2017/1/5,331000,1b9259bd-a19d-4c3f-a13e-9fd89fe09dbc
温州市,0000002200000038000000070000000X,3.17,2017/8/25,330300,c64b11b0-972f-44b0-8b54-2a1c46604a9a
衢州市,0000001400000031000000070000000X,6.17,2017/3/25,330800,3a68d8a5-497b-453b-a852-36c84f5cfef5
浙江省,0000000S0000002Z000000070000000X,9.34,2018/5/25,330000,8966c7e4-9fb2-4400-a00e-5257a52dcc33
杭州市,0000000M0000003V000000070000000X,10.5,2017/8/25,330100,8eacaa21-ffd1-436e-9d43-189d50cd6a0f
衢州市,0000000S0000002Z000000070000000X,9.5,2017/4/5,330800,341c1e73-39cb-4882-b144-6753c6f738e7
杭州市,0000001500000031000000070000000X,4.33,2018/4/15,330100,43e27b59-e87f-43db-947d-ff29b5e3a688
舟山市,0000000J0000003S000000070000000X,34.33,2018/7/15,330900,b1abb482-6dce-457e-9c70-df59bc0c1f79
嘉兴市,0000001K00000031000000070000000X,3.83,2019/3/5,330400,f5275766-64d9-4058-ab71-5bfae25a1851
舟山市,0000000G0000003F0000000700000010,10.2,2018/8/7,330900,29d2ab22-4cb8-41b1-a006-5bf3cda09dc3
台州市,0000000P0000003E0000000700000010,2.7,2017/4/25,331000,155f666b-b013-4cbf-b060-ff4487da4981
舟山市,0000001Z00000036000000070000000X,8.17,2019/2/5,330900,cb20716d-9f6e-4110-a9ef-9f74f4c330bf
台州市,0000000P0000002W000000070000000X,5.57,2018/10/25,331000,145f0f50-e55f-4b8e-a49a-9dcb3b91d42a
嘉兴市,0000000G0000003F0000000700000010,9.5,2019/2/19,330400,30066a85-e1d3-43f4-a8e7-ca5088ed3adf
舟山市,0000002U0000007X000000070000000X,4.67,2018/11/15,330900,3978aa77-5f78-4655-82a4-61d7af54e8f8
湖州市,0000000Z00000031000000070000000X,6.5,2017/10/15,330500,ac2fb252-9c6e-4fc5-bd58-b9bc5f220b45
浙江省,0000000P0000002W000000070000000X,4.87,2017/1/25,330000,dda589ca-e7d7-48a2-b848-ccbaf3bd2e4c
宁波市,0000000G0000003F0000000700000010,11.58,2019/3/12,330200,90720a00-e64b-484a-a119-7c1536995686
丽水市,0000001E00000031000000070000000X,3.5,2018/5/5,331100,4487f5c4-b833-46cf-87a4-9e4a22720836
湖州市,0000000J0000003S000000070000000X,34,2017/4/15,330500,4d9e88f7-0c09-4c07-9b75-53b49850d590
丽水市,0000000Z00000031000000070000000X,4.33,2018/7/15,331100,75549087-61eb-4e29-ba19-10a313e08570
舟山市,0000002U0000007X000000070000000X,5,2017/4/25,330900,d1be06dd-a265-43ca-aac3-5b6b5b7bb189
湖州市,0000000H0000003N000000070000000X,12.67,2018/5/25,330500,265eb049-c049-4d7b-b6f0-399422a95a75
舟山市,0000001200000031000000070000000X,5,2017/2/25,330900,0403dfcd-38c9-4cb0-99d8-ef457b881a49
湖州市,0000000X0000007T000000070000000X,35,2018/1/15,330500,b2fc0fee-8682-4b9c-9c3d-98cec70e9d4a
宁波市,0000000H0000003N000000070000000X,14.43,2018/2/25,330200,e4339214-b2ba-4823-b574-ea87bfa2b194
衢州市,0000001E00000031000000070000000X,7.33,2018/10/5,330800,df6ac245-e25a-443c-98db-34b08eac4a96
金华市,0000001K00000031000000070000000X,2.33,2019/1/15,330700,3ec86f06-2f6b-4683-941f-467acab8aa5e
丽水市,0000000P0000002W000000070000000X,4.93,2019/3/15,331100,110fd5d5-d580-48dc-8b42-77c20f12c771
宁波市,0000002P0000007W000000070000000X,2.93,2017/1/15,330200,14c123d1-1013-4cd6-91ec-ef7661233d3e
嘉兴市,0000001K00000031000000070000000X,4.17,2019/1/5,330400,8d0a3af6-bc61-44f1-8cfb-da54ec35f2f2
杭州市,0000000G0000003F0000000700000010,6.53,2018/5/8,330100,728cc70b-5c18-43eb-9635-3e12c937ffd3
绍兴市,0000003100000081000000130000000X,66,2017/10/25,330600,263080a6-5b45-4468-8ba8-163220636d8a
浙江省,0000000J0000003Q000000070000000X,40.85,2018/7/25,330000,3d578942-70df-47ca-9e62-cdb14ca0cb4d
绍兴市,0000001200000031000000070000000X,3.5,2017/3/25,330600,0ddfeff6-0271-43b6-8541-be5b174ee63b
温州市,0000001Z00000036000000070000000X,7.83,2017/5/25,330300,6131fb57-2fb2-4f13-a0fc-b2e214a48a2e
台州市,0000001200000031000000070000000X,3.17,2018/11/15,331000,ea48237e-94a6-4ef9-8941-cdd67a0f73dc
湖州市,0000002200000038000000070000000X,4.17,2017/4/5,330500,619e3435-dd5b-4ab5-8f07-95f0a7fd900a
湖州市,0000001700000031000000070000000X,3.17,2017/7/15,330500,dd0fc672-1025-4ec8-bd97-cfbd4e291998
衢州市,0000000H0000003N000000070000000X,16,2018/11/25,330800,5ae628e7-9b55-47d0-b7a4-109e639d8fb7
衢州市,0000000K0000003U000000070000000X,32.33,2017/4/25,330800,72224497-4103-43c5-bb44-7d1ffd196907
嘉兴市,0000001200000031000000070000000X,4,2017/12/25,330400,578f1e30-d33a-40b3-a588-d4f3f35d5833
绍兴市,0000000J0000003Q000000070000000X,51,2019/2/15,330600,789105f7-32ed-4b45-921c-2fe1f767e9ec
衢州市,0000000P0000003E0000000700000010,3.65,2017/1/10,330800,cb2574bd-fafe-49e9-8bc5-60d92e4c8c3f
台州市,0000000P0000002W000000070000000X,5.17,2017/11/5,331000,e023bbe6-e486-4ed0-9aae-0a8259a0d51f
杭州市,0000000G0000003F0000000700000010,12.74,2018/10/2,330100,e12cd9b2-0aba-430b-a00d-d45ded4ffa87
湖州市,0000000M0000003V000000070000000X,17,2018/1/15,330500,d665dab3-75ac-473c-b2d6-d7a564138d6c
台州市,0000000D0000002R000000030000000X,42.67,2017/2/5,331000,caafe629-f93c-40be-a78d-25ab440d50fa
舟山市,0000001500000031000000070000000X,5.67,2017/2/15,330900,3a2ac456-77bf-4bee-bcc7-daf152dba4e0
宁波市,0000001Z00000036000000070000000X,7.47,2019/3/15,330200,a1766df5-4fd8-407f-91c3-17b9126fe4e4
湖州市,0000000S0000002Z000000070000000X,9.67,2018/10/25,330500,519407f8-2819-480a-84e1-dfe2c163c63d
温州市,0000001500000031000000070000000X,5,2017/5/25,330300,e8b4653a-ab43-4678-837b-326c653a151b
绍兴市,0000001K00000031000000070000000X,3.83,2017/11/5,330600,c705b9ea-ec14-4a3e-8dd8-756ac94d0697
丽水市,0000001K00000031000000070000000X,3.17,2017/4/25,331100,98f87ddf-3853-4b30-8e3b-e4796c0ed768
绍兴市,0000002200000038000000070000000X,2.77,2017/6/15,330600,10e8d5b3-6078-4fc6-92ff-aab90a9120b2
舟山市,0000000H0000002T000000070000000X,15,2017/5/25,330900,795133cf-5980-40d4-95e3-ef459dc5521c
舟山市,0000000S0000002Z000000070000000X,11.67,2018/12/15,330900,f7c8748a-76e7-44ad-9871-f969d4394eed
