商品采价地区名称,商品主键,商品价格,商品采价日期,商品采价地区编码,主键ID
舟山市,0000000X0000007T000000070000000X,35.33,2018/7/5,330900,0569db38-3f84-455b-b4f4-68ad0c726d5a
舟山市,0000000J0000003S000000070000000X,34.33,2018/9/25,330900,9fdc3f60-9785-4e30-95a7-745c0f21bc62
舟山市,0000001K00000031000000070000000X,3.17,2018/3/25,330900,e4122781-bed7-4579-a344-6a17c7b4c307
丽水市,0000001700000031000000070000000X,2,2017/6/5,331100,8647d853-0124-4032-b72a-5fd41a1bd992
衢州市,0000001700000031000000070000000X,3,2017/5/15,330800,5c618cce-b0f5-47f7-b09e-4abb9f55c618
舟山市,0000000G0000003F0000000700000010,9.8,2018/7/24,330900,39073c2c-2ec5-48c6-bca1-775bac1e9a42
宁波市,0000002200000038000000070000000X,3.83,2017/11/15,330200,ea460db2-6b29-463e-b141-512874d57618
金华市,0000000G0000003F0000000700000010,11.8,2018/10/9,330700,9fed53f3-9f73-48c3-9d4d-c87c133529d1
湖州市,0000002U0000007X000000070000000X,3.87,2018/4/5,330500,ba839f28-7cf6-4467-9d97-ca63c27c7002
金华市,0000001E00000031000000070000000X,8.5,2018/10/5,330700,21597b88-4618-48ed-b12e-57a150fa6665
金华市,0000002U0000007X000000070000000X,4,2017/9/25,330700,4df62c95-d2e6-4ed3-b671-894ba8095d6d
杭州市,0000000X0000007T000000070000000X,40,2018/11/25,330100,d35759fb-556a-4d4f-a38f-841d380ea0f6
浙江省,0000000P0000003E0000000700000010,4.75,2018/11/20,330000,f73b0872-72cf-4972-98ff-fb67e0d41a2d
丽水市,0000002200000038000000070000000X,3,2017/3/5,331100,d2f5c213-a801-4a1b-82ba-3e67c17cfc48
温州市,0000000C0000002Q000000030000000X,60,2017/2/15,330300,83c76aab-cbad-4ace-8929-40c59b9cd228
金华市,0000001500000031000000070000000X,4,2018/9/5,330700,1d8bed2c-70a2-4411-a11c-ce171044a7ba
温州市,0000000J0000003S000000070000000X,42.67,2018/8/15,330300,ba0138bb-ddd7-4b41-bf48-6e1b7d4ad5e2
绍兴市,0000001200000031000000070000000X,5.5,2017/2/15,330600,08900223-b5e8-4cb9-822b-2b1a9b2f2ecb
宁波市,0000000S0000002Z000000070000000X,10.17,2019/1/15,330200,685afbf5-591b-49ba-beea-3cb6a4f49ed7
衢州市,0000000S0000002Z000000070000000X,8.17,2017/2/15,330800,3d231ff5-0a7e-4d63-86a0-675e1893b102
宁波市,0000001200000031000000070000000X,5.67,2018/10/5,330200,2e122284-1109-4a30-b429-05fc4858b668
舟山市,0000000J0000003Q000000070000000X,41.67,2018/7/5,330900,0d263ff2-421f-4ebb-b91d-ab40b5e56d8f
浙江省,0000001K00000031000000070000000X,3.72,2018/3/5,330000,9af28561-c7ae-41a3-a5ba-55dfd2ef397a
嘉兴市,0000002U0000007X000000070000000X,3.73,2017/3/15,330400,2cbad6af-cf04-49a8-9067-23af9aa7c816
舟山市,0000002P0000007W000000070000000X,3.1,2017/8/15,330900,34f6e2b4-ce41-4ccd-9325-b4081e8d2d40
衢州市,0000000S0000002Z000000070000000X,7.83,2017/1/5,330800,2e772879-d26d-41ee-8930-04bd31f8c7ac
嘉兴市,0000001K00000031000000070000000X,3.17,2018/3/25,330400,df330f04-43e6-4e56-af5a-4128f0642a0b
衢州市,0000001700000031000000070000000X,2.83,2017/5/25,330800,e88fa73d-e8e6-4aa8-bec1-a8ad2c8ba30f
衢州市,0000002U0000007X000000070000000X,4.33,2017/2/25,330800,c9169eeb-1923-45fd-86a4-55cf76d3b100
绍兴市,0000000G0000003F0000000700000010,10.12,2017/4/25,330600,b03ae3c1-1b4d-4dcb-baa6-f73a8e96ff48
衢州市,0000000H0000002T000000070000000X,18.33,2017/10/25,330800,6aaf05b1-90b9-46fb-872c-02d354e7ea53
丽水市,0000000H0000003N000000070000000X,15.33,2017/2/5,331100,af4f1a91-d491-40b2-8908-5ce8222f9eea
杭州市,0000000P0000003E0000000700000010,5.1,2018/9/4,330100,e8125f88-78e1-4c3f-b8da-09ea1d86180f
舟山市,0000001500000031000000070000000X,4.33,2017/4/15,330900,bdcb35c4-4336-4827-9a95-9543d6abf658
衢州市,0000001500000031000000070000000X,3.5,2018/3/25,330800,84a8bcaa-d1e3-4308-a2c9-0b4f8c7b31aa
台州市,0000000J0000003Q000000070000000X,38.33,2017/9/5,331000,2057939c-c21a-4ae4-a4ef-39142eac287e
浙江省,0000001200000031000000070000000X,6.59,2019/2/15,330000,bfa247ed-8201-4545-9ec6-6697e39caf24
衢州市,0000000X0000007T000000070000000X,26.67,2017/6/15,330800,79ee28dc-a2a2-4f77-9c80-300520464c47
温州市,0000000J0000003S000000070000000X,43.33,2017/9/5,330300,035880c1-bb81-46f5-965f-3b23fbf8915a
湖州市,0000001Z00000036000000070000000X,5.67,2017/9/15,330500,7c4d28a5-1f36-4e11-999f-34f1e15a985e
绍兴市,0000001K00000031000000070000000X,2.5,2017/3/25,330600,73fd1004-c9a5-4f88-8383-9fef7494d4e0
宁波市,0000001400000031000000070000000X,4.77,2017/6/25,330200,ef23e2e4-5cd0-4e9d-ae16-399c9abd9617
湖州市,0000002200000038000000070000000X,4.5,2018/11/25,330500,4dad9833-3add-45d8-b564-4373e41e6e57
杭州市,0000000J0000003Q000000070000000X,41.83,2017/1/25,330100,8d6dc7f5-e910-4bd3-ab8d-6db72f12964c
衢州市,0000001400000031000000070000000X,4.83,2017/12/5,330800,e1445756-ca63-4db0-86c2-9430ba5b1908
嘉兴市,0000002U0000007X000000070000000X,3.73,2016/12/25,330400,f48fb705-9cb2-497e-a2cb-623415bd9413
舟山市,0000001E00000031000000070000000X,2.5,2018/12/15,330900,2b8048ba-9dcc-4c3f-8e32-5b7db8267d4f
宁波市,0000000M0000003V000000070000000X,13.87,2019/3/5,330200,f149811c-a831-4a5e-9aaf-6466fa10861b
浙江省,0000000Z00000031000000070000000X,3.51,2017/1/25,330000,b642a0e9-89b7-486c-973e-275e1dfa3a5d
杭州市,0000001200000031000000070000000X,4.17,2018/4/25,330100,114bc9a2-9a60-4be2-bbfd-7077326db94b
金华市,0000001500000031000000070000000X,4.17,2018/3/5,330700,cff0c5be-fe7f-4384-9ba6-7991ab6f716f
湖州市,0000001Z00000036000000070000000X,5.67,2018/10/15,330500,88ffe473-97f2-4e79-a118-8b991ae72f3a
舟山市,0000000J0000003S000000070000000X,34.33,2018/4/25,330900,36181642-a929-4d21-b381-8e1132245990
宁波市,0000000H0000003P000000070000000X,25.4,2018/7/15,330200,3b3dfd56-cfea-476f-85ad-e4446a97922d
浙江省,0000002200000038000000070000000X,3.33,2017/4/25,330000,97291f6e-ea6f-4163-8500-6f9fc8a22312
湖州市,0000000J0000003S000000070000000X,34.67,2018/6/15,330500,e034b955-8826-4197-bc4c-f13990a03b8f
嘉兴市,0000000J0000003S000000070000000X,32.33,2017/9/25,330400,7b60b70b-f17e-433c-bf7c-a7e2a0e922de
金华市,0000001A00000031000000070000000X,5.67,2017/8/5,330700,67f0e2fe-f023-4e3c-84e8-2f522b731b33
嘉兴市,0000000D0000002R000000030000000X,38.33,2018/1/5,330400,9285dfd8-767b-44f0-a333-125e21eda2e6
金华市,0000002U0000007X000000070000000X,4.07,2018/10/25,330700,254ec123-b10b-47f7-baef-4b611d779574
舟山市,0000000P0000003E0000000700000010,4,2017/2/7,330900,8b875cd1-4e9b-464b-af9c-eca1a0b7b2ef
宁波市,0000000H0000002T000000070000000X,16.5,2018/11/15,330200,43693c4b-aad0-4bae-8aff-2c2ad1e694f6
台州市,0000000C0000002Q000000030000000X,63.33,2017/1/25,331000,1a7a50b6-1305-430f-9077-126e64859dcf
杭州市,0000000C0000002Q000000030000000X,61.67,2017/4/25,330100,54540646-6afd-483c-907a-623b28f2653e
温州市,0000002P0000007W000000070000000X,2.5,2019/3/15,330300,c960c793-e322-45a9-8186-e31e41316f01
台州市,0000000H0000002T000000070000000X,11.67,2018/6/25,331000,3934d671-c22b-416e-a45e-fe9728e91a46
衢州市,0000000G0000003F0000000700000010,10.5,2017/4/18,330800,6431bda3-0f07-4251-996d-8cfa62c16dcc
丽水市,0000000D0000002R000000030000000X,54.6,2017/7/5,331100,f04b0f0a-b0ce-4400-a91e-c3b2f5211c83
湖州市,0000001A00000031000000070000000X,9.33,2018/1/5,330500,d07ea39b-1779-44f7-8065-09480571cf21
台州市,0000002200000038000000070000000X,2.67,2017/4/15,331000,71b6f219-5e14-43a9-9a73-45380286a7c4
金华市,0000001200000031000000070000000X,4.33,2018/8/25,330700,6b09faad-8512-4e2f-a83e-82c2d498529a
嘉兴市,0000000H0000002T000000070000000X,18.67,2018/10/5,330400,ad7335c3-bf7e-49f7-ac6c-354563554e7c
台州市,0000001200000031000000070000000X,2.83,2018/6/15,331000,74c66cfc-8259-4e2f-9dc8-07cf4fbc7224
丽水市,0000002200000038000000070000000X,3,2017/10/25,331100,107d0399-490a-4366-9bab-8e2cad99d8e2
宁波市,0000000G0000003F0000000700000010,12,2019/2/5,330200,3ffc7cfb-7b2b-461e-ad4e-4e053d6644a6
丽水市,0000000P0000002W000000070000000X,5.53,2018/3/5,331100,bdd95a38-9603-4a44-8be4-c1f36f2d9553
浙江省,0000000J0000003Q000000070000000X,42.82,2018/12/5,330000,705f7b7e-7701-4ede-8991-b211fd925ec5
丽水市,0000000J0000003Q000000070000000X,39,2018/5/15,331100,b5fbaa03-2a04-40e5-9187-710fc4c047ce
浙江省,0000003100000081000000130000000X,91.21,2017/1/15,330000,f14f2351-1ab4-4aba-ae80-6424cc025cd2
温州市,0000000P0000003E0000000700000010,3.8,2017/1/10,330300,6a2b471e-05e3-4949-a4bd-93f66e0a132c
嘉兴市,0000001200000031000000070000000X,4,2017/10/5,330400,149d5e75-932c-40ee-a653-b3301a46c919
宁波市,0000000Z00000031000000070000000X,6,2018/11/25,330200,e237dfe8-bfe7-4f36-a194-3eeeeec9119b
温州市,0000002200000038000000070000000X,3.33,2018/4/5,330300,965bc99f-a78a-4cf4-9631-87f9e0e55736
杭州市,0000002P0000007W000000070000000X,2.87,2017/11/5,330100,79d7b28f-a45a-46d1-9e97-51ec80a27686
杭州市,0000000X0000007T000000070000000X,39.17,2017/6/25,330100,7f79d624-0161-4be0-900e-0a39277c5fa8
湖州市,0000000J0000003S000000070000000X,34.67,2018/8/25,330500,fae69ec7-1b28-4e1e-80eb-80c69f0a062e
绍兴市,0000002P0000007W000000070000000X,2.33,2017/9/25,330600,15f1c4f2-c2ee-4cbc-a341-5add8bb3eae3
台州市,0000000H0000003N000000070000000X,12.33,2017/10/5,331000,f944a25a-3f16-46fc-9b3a-90659eb60f36
绍兴市,0000000S0000002Z000000070000000X,6.83,2017/1/15,330600,95def074-5c66-4f03-be98-5d7a59c9b070
舟山市,0000000C0000002Q000000030000000X,50.3,2018/3/5,330900,6981a9c7-c8e3-4596-8edc-82aacd9f7010
温州市,0000001E00000031000000070000000X,3,2017/3/5,330300,47fa7c75-1a67-4b97-9a30-a7ff9d383a5f
衢州市,0000001700000031000000070000000X,2.5,2018/9/5,330800,74ff41ea-ce42-4f3a-80f0-63dd0a74285b
杭州市,0000000D0000002R000000030000000X,46.67,2019/2/25,330100,e3ed8a49-2d29-4a8e-ba42-39d8d82b310b
温州市,0000002U0000007X000000070000000X,3.83,2017/5/15,330300,39578cf5-016d-4bf5-8003-bca9d4f2c503
浙江省,0000001A00000031000000070000000X,5.37,2017/10/25,330000,43dc3b85-be3d-4888-9368-1555faaa1635
宁波市,0000001200000031000000070000000X,4.8,2017/3/15,330200,c3cdba95-8250-42ff-a5c8-2da7458cd712
杭州市,0000000S0000002Z000000070000000X,8.67,2019/3/15,330100,27f988b2-aae3-4fe6-ad96-d30247c6cd14
衢州市,0000001A00000031000000070000000X,8,2016/12/25,330800,2dc9937f-6e58-40e0-9ed3-a1ae095e9e20
湖州市,0000001E00000031000000070000000X,5.5,2017/7/5,330500,29f5a07f-d5b4-483c-aeaf-5ce66018fe8d
宁波市,0000000D0000002R000000030000000X,41.5,2018/7/5,330200,b4f2d3d9-3f3a-45ac-8d7b-4a812a9ae6b9
丽水市,0000001A00000031000000070000000X,4.83,2017/4/5,331100,2898100b-42c7-4809-acc4-65d10062f856
杭州市,0000000P0000002W000000070000000X,5.5,2019/3/5,330100,dde698f9-ad6b-47bc-bde8-d5be691c0673
宁波市,0000000C0000002Q000000030000000X,77,2017/11/15,330200,aff5bb30-6cb3-4618-b24d-83fa548ee324
嘉兴市,0000000D0000002R000000030000000X,38.33,2017/6/15,330400,ee8be409-d03b-4eae-a41a-a6c062c43b88
衢州市,0000000J0000003Q000000070000000X,39.33,2017/2/15,330800,82dba76e-ce52-475e-b092-6489af3fbfaf
杭州市,0000000X0000007T000000070000000X,40,2018/10/25,330100,f222faca-8375-4745-b86e-572cfa1caebc
湖州市,0000000S0000002Z000000070000000X,8.83,2017/5/15,330500,07c38ef1-836d-45e1-ac92-6a4db905be43
宁波市,0000000K0000003U000000070000000X,32.67,2017/1/25,330200,164b57f8-0d2b-40eb-bd66-5cc8f5361059
湖州市,0000001400000031000000070000000X,5,2018/11/25,330500,20018a09-87a9-4d15-90f4-3c734d29d6c3
衢州市,0000001700000031000000070000000X,2.93,2017/3/25,330800,cbfa8db5-9582-4146-bacc-468ef9dec944
舟山市,0000001700000031000000070000000X,2.83,2017/12/25,330900,b9c51b8a-822e-45c0-aa60-4fa2f2ad1c76
舟山市,0000001700000031000000070000000X,3.33,2017/4/15,330900,e4992ce9-55c0-4610-9a38-189a252964f1
衢州市,0000000P0000002W000000070000000X,5.5,2017/11/15,330800,ca30712f-1e41-441b-82b5-30c7fb68c31f
丽水市,0000000J0000003S000000070000000X,36,2018/6/25,331100,55ee5d92-de9c-4bdb-bfb0-a43b3d5e41c9
台州市,0000000H0000003P000000070000000X,24,2017/6/5,331000,eb63b03f-e1a7-46d0-8672-a1662b798850
衢州市,0000001200000031000000070000000X,4,2018/1/5,330800,385bc5f4-8b14-417d-9234-5cae30ec23e3
温州市,0000000S0000002Z000000070000000X,10.33,2017/5/25,330300,97afd36c-522a-453c-8faa-47639a0945bf
湖州市,0000001500000031000000070000000X,5.67,2018/12/15,330500,f3ac2ab8-618a-44f6-abc7-02e700743b4e
湖州市,0000000G0000003F0000000700000010,9.4,2019/2/19,330500,cf0d20e6-9b0f-4567-985a-959f1bb296a4
湖州市,0000000Z00000031000000070000000X,3.67,2018/4/15,330500,c1734927-9e98-4914-b1ca-8df0e4b3ca2e
浙江省,0000000D0000002R000000030000000X,43.67,2017/11/5,330000,0baa134e-b0f4-4bd5-ae24-da10e6eabc5c
宁波市,0000002200000038000000070000000X,4.27,2018/8/5,330200,807b31a7-da21-4024-a3b2-e0e736543f1f
绍兴市,0000001400000031000000070000000X,7.5,2017/1/25,330600,b5754493-e3e7-46bc-bc4d-c883b5cbe4de
湖州市,0000000H0000003N000000070000000X,14.83,2017/5/5,330500,370b8a92-3221-467d-b56a-71eae8e804c4
温州市,0000000J0000003Q000000070000000X,45.67,2017/7/25,330300,5790d936-7ca2-4f61-ad06-86f786a2c201
丽水市,0000000X0000007T000000070000000X,43.33,2019/3/15,331100,4044482a-24f4-4711-91d5-e87e8fb6249c
湖州市,0000001E00000031000000070000000X,4.5,2017/11/15,330500,e25e706b-8f6b-4e58-8416-dd6248a5e4ad
温州市,0000001K00000031000000070000000X,4.33,2018/10/5,330300,7cdbdc0a-2cf2-404d-8ef8-1575cde0ee34
宁波市,0000001500000031000000070000000X,5.93,2019/1/5,330200,b3351ea4-8ff9-41df-a2c5-d2e044886112
丽水市,0000001E00000031000000070000000X,4.67,2018/10/25,331100,4bf1cb1d-ff83-4cc6-a660-9a358cbfe0c0
金华市,0000000P0000003E0000000700000010,4.6,2018/1/2,330700,f24d1d37-fa86-46d0-ad14-58dfcbde8e79
舟山市,0000000J0000003S000000070000000X,34.33,2018/6/25,330900,27871168-c819-40c1-b81c-7b196a964b3e
丽水市,0000000H0000002T000000070000000X,12.83,2018/8/15,331100,466998bc-3e5d-4f93-98dc-0bae5caf774b
宁波市,0000001K00000031000000070000000X,4,2017/9/25,330200,4b2c8842-8bd3-40ed-a514-2cd793e93cef
杭州市,0000001K00000031000000070000000X,3.77,2018/6/25,330100,c6137cc0-2ea6-46f9-8b7a-84b3c979ed98
浙江省,0000001700000031000000070000000X,2.67,2017/1/15,330000,c3983bf7-8bf0-4883-9a13-3280c9901ac3
台州市,0000001E00000031000000070000000X,1.83,2018/12/5,331000,54a7ae72-7776-4eb4-be9d-f985a65dfe4b
宁波市,0000000G0000003F0000000700000010,9.26,2017/5/23,330200,4e294d18-324c-4e2a-81f0-57248be15fc0
嘉兴市,0000000C0000002Q000000030000000X,66,2018/5/5,330400,0de7c5dc-99b5-46e9-9089-cf10039b368a
舟山市,0000001K00000031000000070000000X,4,2016/12/25,330900,fee21f50-8766-43e2-994b-20336eaec38e
宁波市,0000000D0000002R000000030000000X,41.5,2018/11/5,330200,fb24b39e-90d2-40d5-9f2b-5b6672ceba28
舟山市,0000000G0000003F0000000700000010,10.7,2017/9/12,330900,8529d095-7d16-4013-bfa9-68ae61e59ff6
温州市,0000000D0000002R000000030000000X,46.67,2016/12/25,330300,4f417d95-7a29-499c-aadc-5e1828e8dd63
杭州市,0000002200000038000000070000000X,2.83,2017/3/15,330100,8d65cf7c-6b84-460d-aec8-9eb889f34837
温州市,0000001Z00000036000000070000000X,6.5,2017/11/5,330300,c44fead0-c169-4a86-aa1e-a0713cdee34b
浙江省,0000000P0000002W000000070000000X,5.48,2017/8/25,330000,c844e018-f0ac-4422-84e9-42b9e5d62c69
浙江省,0000000P0000002W000000070000000X,4.97,2017/1/5,330000,55bc1dc7-69e5-4182-b7ad-f7be13c0b7ed
衢州市,0000000M0000003V000000070000000X,11.33,2018/11/5,330800,80b958d2-c403-49a1-97c1-acc788a2634e
衢州市,0000000J0000003S000000070000000X,36,2017/5/5,330800,236c6b42-74d1-48e5-ace0-9786641f61bd
嘉兴市,0000000H0000003P000000070000000X,22.33,2016/12/25,330400,9ac7eb53-6c83-4d4f-aef9-4f1f22f18a57
丽水市,0000001400000031000000070000000X,5.33,2017/7/5,331100,5027589a-c9cd-4818-9d37-3113b0eca812
宁波市,0000001200000031000000070000000X,3.4,2017/5/25,330200,e85c7d01-880a-4adc-ac29-3f3aaf82bdb4
宁波市,0000000K0000003U000000070000000X,34.33,2018/7/25,330200,d5cd56a9-9d6f-4e10-974b-d45d9be67062
温州市,0000001K00000031000000070000000X,3.5,2017/7/15,330300,f6fa0740-f804-452c-88e3-4029886a9d80
台州市,0000001E00000031000000070000000X,3.5,2018/2/25,331000,6b1c070a-71c7-4e90-8845-115a4fb73e4b
台州市,0000000G0000003F0000000700000010,14.2,2018/10/9,331000,95035dc8-cfe9-4d62-9f54-e7ba00d7e074
丽水市,0000000G0000003F0000000700000010,10.2,2017/12/19,331100,fb7f1759-113b-4519-a7c2-491713ba8528
宁波市,0000002P0000007W000000070000000X,2.93,2018/11/15,330200,3f907840-2ba2-499d-89fd-5625db9b868e
台州市,0000001200000031000000070000000X,4.83,2018/2/25,331000,042eb33d-344f-4ae7-a836-c945908f810a
宁波市,0000000H0000003P000000070000000X,25.17,2018/6/15,330200,43becd60-817c-4dde-a392-19358d2b4580
金华市,0000000H0000002T000000070000000X,16,2019/1/15,330700,16a6d582-cde9-4f09-9889-edc8af2ed555
宁波市,0000000J0000003S000000070000000X,30.5,2017/4/15,330200,cf483128-e455-4416-b645-af9defec2af3
金华市,0000000G0000003F0000000700000010,9.6,2018/3/6,330700,d1d1a076-9585-43c6-88c5-cedfdb3dfda6
金华市,0000000J0000003S000000070000000X,34.67,2018/3/25,330700,3893cd26-585e-45a6-8b06-030665694701
台州市,0000000P0000003E0000000700000010,3.71,2017/1/3,331000,c185a65b-aff1-47ac-9f79-3239e3a27389
丽水市,0000000J0000003S000000070000000X,34.33,2017/2/15,331100,3c82e7a7-9545-4d3c-addc-352ce9987830
温州市,0000001E00000031000000070000000X,4.33,2018/1/5,330300,ad03612d-e99e-49d6-b47d-e6a2d6bdb953
金华市,0000001400000031000000070000000X,5,2017/10/15,330700,2e565172-1324-4c96-ac21-c4b6aefc3731
金华市,0000002U0000007X000000070000000X,4.1,2018/6/15,330700,8a1caa42-b14d-41cc-a725-f026e081635d
宁波市,0000001200000031000000070000000X,5.13,2018/2/5,330200,e1124917-d5e8-416b-90bf-00d3a5465141
台州市,0000000H0000002T000000070000000X,15,2018/12/15,331000,23b50580-ebad-4b90-8d1b-0c53ad9a2142
衢州市,0000000S0000002Z000000070000000X,8,2017/3/15,330800,4c5977bf-8ac0-4517-a2e8-43d16e5371a7
浙江省,0000001E00000031000000070000000X,4.88,2017/8/25,330000,ee6832ef-abc3-4198-94bd-07e88377a5d2
温州市,0000000J0000003S000000070000000X,42.33,2017/2/5,330300,f3c2e4e9-17be-489a-92b5-0308ca5143b9
嘉兴市,0000001E00000031000000070000000X,3.83,2018/11/15,330400,c65cdb8c-45dd-4110-8a12-3d6294da7034
嘉兴市,0000000D0000002R000000030000000X,39,2017/4/25,330400,d7ef8352-531e-4df0-9e53-d9742000529c
杭州市,0000000P0000003E0000000700000010,4.8,2018/11/13,330100,bf4ae950-f4cd-49d4-972f-24664fb2e7ed
温州市,0000000J0000003S000000070000000X,43.33,2017/12/5,330300,c91bd533-32e4-4d75-a7df-f3229547009d
绍兴市,0000000P0000002W000000070000000X,4.33,2017/5/25,330600,c2cb3124-abe0-44f1-95b2-bb6c5404fd81
嘉兴市,0000000D0000002R000000030000000X,38.33,2018/3/5,330400,ac74d67a-984d-4564-8ef6-3ffa5c438ef8
绍兴市,0000001200000031000000070000000X,3,2018/7/5,330600,8ae409cf-84ed-46e2-9602-df13071d9b60
金华市,0000001200000031000000070000000X,3.33,2018/12/5,330700,84fb555c-4ae5-4765-8aee-125547abf3f5
绍兴市,0000000P0000003E0000000700000010,4.8,2017/12/19,330600,e59af6aa-3e8c-4235-8151-69033ace6380
浙江省,0000000G0000003F0000000700000010,10.83,2019/1/15,330000,02ae1356-f4c7-4df1-95f8-7ac50e2c3e55
杭州市,0000000D0000002R000000030000000X,46,2017/5/15,330100,ca5bd3b4-51d6-49c2-bb60-2f6b041dfa5c
湖州市,0000001A00000031000000070000000X,6,2019/1/5,330500,a8e386e4-2b88-406b-a78e-5a90b3f20ec8
杭州市,0000001A00000031000000070000000X,5.5,2017/1/25,330100,291b6e06-c172-4a01-8faa-cb1689df4697
台州市,0000000D0000002R000000030000000X,37.67,2019/2/25,331000,75a02ddf-7587-4cdf-8068-4f24bc44731f
绍兴市,0000000M0000003V000000070000000X,10,2019/3/15,330600,4639c923-7a3d-4c57-8621-6b988b5333b7
金华市,0000000J0000003S000000070000000X,34.67,2018/3/15,330700,34f9a1a9-4478-4252-a771-3543cb62a57c
舟山市,0000001700000031000000070000000X,3,2017/2/5,330900,8806cfc1-93ca-49a4-9257-6c1e2a1a5f4a
湖州市,0000000S0000002Z000000070000000X,9.33,2017/6/5,330500,8d8913ba-b0d7-453f-aba5-1ddc9be0b55d
衢州市,0000000S0000002Z000000070000000X,9.33,2018/2/25,330800,103a7a38-dcac-4e10-9997-b086d24bbb61
杭州市,0000002P0000007W000000070000000X,3,2019/2/5,330100,e91a3c42-9dae-4085-9244-a0431799787f
金华市,0000001200000031000000070000000X,3.67,2017/1/5,330700,1ab8338b-f2e5-4ec8-9b6a-f29391ef35b9
浙江省,0000000G0000003F0000000700000010,11.96,2018/10/16,330000,850edd7b-6daf-4d52-9bf4-0bb4a18822f3
丽水市,0000000G0000003F0000000700000010,9,2017/6/13,331100,111ad85b-fd3a-47f4-b4df-36b37da71058
舟山市,0000002200000038000000070000000X,4.33,2017/4/15,330900,6ffcd59c-8c26-4d73-a708-3738315e570e
温州市,0000001E00000031000000070000000X,5.33,2018/6/25,330300,9a88eae2-a882-44c9-a345-489956e44a09
绍兴市,0000000K0000003U000000070000000X,38,2017/4/15,330600,272bff74-7574-4daa-b9ca-493f4b3f7100
台州市,0000000P0000002W000000070000000X,5.1,2019/2/5,331000,086d0a4e-08b0-4e1c-869c-0a3d64f47f95
丽水市,0000000Z00000031000000070000000X,3.17,2018/5/25,331100,bda97f9a-6de7-4391-a10e-384018f25839
丽水市,0000001200000031000000070000000X,2.83,2018/8/5,331100,34532a3d-72ad-46c3-a38e-521c305e422f
浙江省,0000000Z00000031000000070000000X,4.91,2018/7/5,330000,8a0cce91-395f-4aff-bf3d-834bf9fb20ad
杭州市,0000001500000031000000070000000X,5.33,2018/9/25,330100,4b38172b-00ab-483b-976d-be3d585b7582
温州市,0000001A00000031000000070000000X,5.17,2018/8/5,330300,9b042859-60d0-4de7-b3ab-243a7e533706
台州市,0000001Z00000036000000070000000X,6.33,2017/8/15,331000,fbba9d25-a7b9-46d7-afbc-f196596ab427
丽水市,0000000K0000003U000000070000000X,33.67,2017/11/15,331100,a7550b57-14d1-4561-8af4-52f13dba87b1
舟山市,0000001Z00000036000000070000000X,7.33,2018/6/5,330900,02b0c8fb-1799-4151-b9b9-844d1d6f794a
嘉兴市,0000000J0000003S000000070000000X,32.33,2017/5/5,330400,329946f7-adee-438e-942d-3abc028eeb08
绍兴市,0000000P0000002W000000070000000X,5.17,2018/5/25,330600,8739e451-5782-41a9-a979-07c868033ef4
舟山市,0000001200000031000000070000000X,4,2017/11/15,330900,933fe0da-4421-4341-9e8c-a9b75d2efff0
嘉兴市,0000002200000038000000070000000X,3.17,2017/9/15,330400,5e045197-5510-46ee-a59a-f466cbaf94b5
浙江省,0000002P0000007W000000070000000X,2.98,2017/3/15,330000,12c1645f-0295-4894-8249-b5c0dad81753
杭州市,0000000D0000002R000000030000000X,46.33,2018/1/25,330100,f787b332-9b5f-44dd-a719-034aaaa2f28c
浙江省,0000000S0000002Z000000070000000X,8.81,2016/12/25,330000,c4da1075-9808-459b-83ff-2846fdac0e50
台州市,0000000M0000003V000000070000000X,10.33,2017/1/25,331000,95e5788f-2a66-49a3-b37e-0a76a7e43386
杭州市,0000000S0000002Z000000070000000X,8.7,2017/6/5,330100,6adc8eba-3466-481b-b940-d1d8bb63ddee
丽水市,0000001700000031000000070000000X,2.83,2019/2/5,331100,7ad7d5b7-bd9e-4069-a1e9-d0804f73ac25
杭州市,0000001400000031000000070000000X,10.33,2018/2/25,330100,344d340f-a1e9-45de-a9c2-629f92b2662b
丽水市,0000000S0000002Z000000070000000X,9.67,2017/3/5,331100,0c91fec5-a0ef-418b-a939-3f761803ee11
绍兴市,0000003100000081000000130000000X,66,2019/1/5,330600,90deb18c-3c4b-4e80-8c34-773bbd242861
湖州市,0000001200000031000000070000000X,5.33,2018/8/25,330500,d66b689b-e6b1-4d71-a4bb-86b97b4b963d
宁波市,0000003100000081000000130000000X,178.67,2018/2/15,330200,59a47c14-0d5b-4d4c-b30e-573e76c769c6
衢州市,0000001700000031000000070000000X,2.83,2018/12/25,330800,c6b02116-b74e-4004-b96b-98b095955a7e
绍兴市,0000001K00000031000000070000000X,3,2018/4/5,330600,7b0f8fe0-ae6f-481c-9826-fc48622023db
舟山市,0000000P0000003E0000000700000010,4.8,2018/12/4,330900,cede481f-b1f7-446e-b7d0-4dbec08be5b3
舟山市,0000000H0000002T000000070000000X,15.67,2017/2/5,330900,ff43a886-9f53-4e61-bf43-517d7c39db57
金华市,0000000H0000003N000000070000000X,13.5,2018/9/15,330700,18d2a53e-05ff-4ed2-b13d-d7a614aff24b
舟山市,0000000Z00000031000000070000000X,4.83,2019/1/5,330900,f83f6721-c12b-4a7b-bf8a-5511dbbcac17
衢州市,0000001500000031000000070000000X,5.33,2018/12/15,330800,123f196b-8664-4924-9fdd-a58220d082c6
宁波市,0000000J0000003Q000000070000000X,39,2017/11/5,330200,8c8bb576-633b-437e-92ee-d2f613eef1c4
舟山市,0000000X0000007T000000070000000X,48.33,2017/5/25,330900,e1c90c95-5130-4e7c-ae0c-4762e4c2dfa6
舟山市,0000000G0000003F0000000700000010,11.8,2019/1/8,330900,165654e9-f15b-49f2-8217-94f544a8052e
嘉兴市,0000001400000031000000070000000X,5.17,2018/9/25,330400,66850338-6f83-4854-ab9d-a0ad445859c0
嘉兴市,0000001A00000031000000070000000X,4.67,2017/3/15,330400,8c362f8c-4a9d-4856-a094-0ab356e349f2
温州市,0000000K0000003U000000070000000X,48,2017/6/15,330300,049638a9-e688-439f-9926-20956fb0b6ff
温州市,0000000X0000007T000000070000000X,48.33,2017/4/15,330300,613d6b93-d1c4-4e4a-8c57-2b0ec6300a1c
温州市,0000001700000031000000070000000X,3.17,2018/6/5,330300,f503628c-d66a-4584-8e71-3fcee3d8b874
台州市,0000000M0000003V000000070000000X,10.67,2018/6/5,331000,19bde4c9-b52a-4e48-9f44-4a877b6a2013
湖州市,0000002U0000007X000000070000000X,3.6,2017/5/15,330500,23747a7c-50a5-41ab-aa49-75926be69c8a
湖州市,0000001Z00000036000000070000000X,5.67,2017/9/25,330500,f154491b-7302-44d5-a2c3-80bb09b2fecb
杭州市,0000001K00000031000000070000000X,3.6,2018/5/15,330100,74fb1b17-552a-4772-b948-37db40140086
湖州市,0000001Z00000036000000070000000X,5.67,2018/10/5,330500,0d05f0a9-28d5-4240-9ae0-4c66ce42add0
宁波市,0000001400000031000000070000000X,7.1,2019/1/5,330200,4870c821-8ede-4388-8801-21b8a8d56597
丽水市,0000000H0000003P000000070000000X,16.17,2018/6/25,331100,2ad7b5a4-4d98-48eb-b599-e09e4891020a
舟山市,0000001K00000031000000070000000X,3.83,2018/6/25,330900,57ceb157-61a4-4ac3-a1f2-91fdf0481fa3
丽水市,0000000K0000003U000000070000000X,44,2019/2/5,331100,1fbbf761-5302-4678-b567-f95c2cd61aa2
杭州市,0000000G0000003F0000000700000010,9.58,2017/8/15,330100,bb1cb8c2-416d-4dfa-84d1-c7bb6cfed68b
温州市,0000002P0000007W000000070000000X,2.33,2018/5/5,330300,75572970-a75a-46a5-8875-4f8868f10e0d
杭州市,0000000S0000002Z000000070000000X,8.67,2019/3/5,330100,d7cbd172-7261-459c-8593-cd8f93db6a7c
嘉兴市,0000000J0000003S000000070000000X,32.33,2017/10/5,330400,dbc61ab2-b7a4-4816-afdc-16690debcf0a
舟山市,0000000P0000003E0000000700000010,4,2017/2/21,330900,d6860ad6-e7a5-4cab-b787-af7ef2aa7b53
衢州市,0000000H0000002T000000070000000X,18.33,2017/12/15,330800,756316a7-3ffc-4d90-80d6-5c6834469b9e
舟山市,0000002U0000007X000000070000000X,4.3,2019/2/15,330900,190c637a-ac0f-41b1-bf0e-5986e7fed18a
温州市,0000002U0000007X000000070000000X,3.83,2017/4/5,330300,17b7be86-eb70-43b0-9ead-5d2328c7e4d3
舟山市,0000000P0000003E0000000700000010,4,2018/4/17,330900,6bc55a23-994d-41dd-b6d5-bf2d0ceeb67d
衢州市,0000000H0000003P000000070000000X,24.33,2018/2/25,330800,904ae884-1317-4929-a1e9-9c4999130aca
杭州市,0000000K0000003U000000070000000X,33,2017/6/25,330100,aaea19b7-53a7-468b-a74c-20c3a06b2f1d
温州市,0000001200000031000000070000000X,3.5,2017/1/5,330300,75d89788-70bf-4a4f-8ad1-ccb6f686c9f5
嘉兴市,0000001E00000031000000070000000X,4.17,2017/1/25,330400,b5ba2c32-b39b-42b9-afba-381c387f9850
宁波市,0000000J0000003S000000070000000X,32.17,2018/5/5,330200,0d75a603-3920-4880-8f59-39d9be0a19a5
宁波市,0000002U0000007X000000070000000X,4.83,2017/7/25,330200,cf5b935f-d20d-4310-b903-cbd622e128cd
宁波市,0000000P0000002W000000070000000X,5.77,2019/2/25,330200,108c1fe1-fa9f-4944-8fe2-f655a10944a7
舟山市,0000000C0000002Q000000030000000X,50.3,2018/10/5,330900,02216eaa-81ec-43f1-8319-bb7b9eb6e7d8
宁波市,0000000J0000003S000000070000000X,34,2019/3/5,330200,b8093968-77d7-450c-81e8-1e9815f8ed3d
浙江省,0000000G0000003F0000000700000010,7.93,2018/7/3,330000,8076f018-e320-4983-b206-748b611e6989
湖州市,0000000C0000002Q000000030000000X,57.67,2017/6/5,330500,59463faa-3054-4c60-8b19-6be69f8a3694
湖州市,0000002200000038000000070000000X,4.17,2017/8/15,330500,b25cae4c-2788-48b8-aaf3-a86722f16495
湖州市,0000000S0000002Z000000070000000X,9.67,2018/4/25,330500,bd933b43-aa45-4e08-9993-d295e2868d57
嘉兴市,0000001700000031000000070000000X,2.83,2017/8/5,330400,a4cc3bba-7d48-4626-9341-f83778aa71f1
台州市,0000001700000031000000070000000X,2.17,2018/6/5,331000,120232f3-8e76-4846-8cb5-a70ef93f28d1
丽水市,0000001700000031000000070000000X,2.33,2018/6/15,331100,4914cf67-0571-4bce-9284-6fbb15be2fbf
金华市,0000001A00000031000000070000000X,5.33,2017/9/15,330700,d016de41-8ef6-4863-b6ec-5797f1559f9c
丽水市,0000000S0000002Z000000070000000X,9.67,2017/4/25,331100,c097ea41-dd10-40ee-8293-520c1bfd3669
绍兴市,0000000P0000002W000000070000000X,5.5,2017/12/5,330600,4f847b2e-a49d-4574-89e3-e92266c7bb88
台州市,0000001700000031000000070000000X,2.17,2017/8/25,331000,92220b37-d7a0-40eb-a6e8-ab2871ddea7f
杭州市,0000001400000031000000070000000X,6.4,2017/4/15,330100,e0147775-cf1a-46ae-b9ac-b71661a94de2
温州市,0000000C0000002Q000000030000000X,60,2018/4/5,330300,d3a207a0-20bd-443e-a738-9598e193beae
温州市,0000001E00000031000000070000000X,3.67,2017/4/5,330300,f14673c9-c8df-4faf-8857-755f71f88d42
杭州市,0000001400000031000000070000000X,5.67,2018/5/15,330100,c404e71e-b786-4f73-ba36-b0e97261dd39
嘉兴市,0000001Z00000036000000070000000X,5.83,2017/8/15,330400,f884c92c-e438-4c5d-980a-44dd4a79b768
金华市,0000001Z00000036000000070000000X,6,2018/2/5,330700,d3321612-32a6-45b4-aaa4-9517dca50e5d
台州市,0000000P0000003E0000000700000010,5,2018/1/16,331000,04d08ad7-e64a-49db-88a0-030ddd934cae
浙江省,0000000G0000003F0000000700000010,8.9,2017/6/6,330000,8ad12212-1e7e-4f24-bf3f-02b42bf2cba9
宁波市,0000000P0000002W000000070000000X,5.47,2017/11/5,330200,ef7b17c6-3de0-4583-aa46-18c9f878a596
浙江省,0000000P0000002W000000070000000X,5.67,2018/12/5,330000,66652b98-9168-4cbd-b96e-dad7cd3d10cd
丽水市,0000001700000031000000070000000X,2.83,2018/10/25,331100,3382bf3c-6016-4ffd-bc06-7900dbe0497d
温州市,0000000D0000002R000000030000000X,51.33,2019/1/25,330300,3a46ced7-9e0d-48e1-8caa-552f77604ae2
丽水市,0000000P0000002W000000070000000X,5.6,2017/9/25,331100,a9168d05-ae8e-4361-b840-13ec41d40ab1
温州市,0000000H0000002T000000070000000X,18,2018/9/5,330300,4b274159-976a-4564-98e7-edab0ab13fd9
湖州市,0000000J0000003S000000070000000X,35,2018/10/5,330500,b22d508f-94b0-40c7-bb51-fc7dc90ab3d1
浙江省,0000000H0000002T000000070000000X,15.67,2017/9/25,330000,a4a795a9-7a15-4ece-bb28-5ed2e6870d74
嘉兴市,0000000J0000003Q000000070000000X,44,2019/2/5,330400,feb66d74-87bc-47c1-9ac4-af2780a32c50
浙江省,0000000G0000003F0000000700000010,10.71,2017/3/28,330000,6f49465b-390a-4a43-b769-b6800c363711
杭州市,0000000P0000003E0000000700000010,5.1,2017/8/22,330100,d3ba3367-1e33-494d-a5af-661fbdaaf8fa
舟山市,0000002P0000007W000000070000000X,3.33,2018/4/15,330900,7608c18d-76d8-442a-b8ed-35a515fcfd19
丽水市,0000000H0000003P000000070000000X,19.67,2019/3/15,331100,d26e347f-1174-4cb6-9dde-52b2064a557d
衢州市,0000001Z00000036000000070000000X,4.67,2018/3/25,330800,58d1b949-a589-4459-b514-eb88afb81f6a
丽水市,0000000D0000002R000000030000000X,54.6,2017/7/15,331100,04ca43a9-a86a-44fb-a4af-d87a9f490a1e
绍兴市,0000001500000031000000070000000X,5,2018/11/15,330600,c05819ea-706c-4f36-a61b-290efabdd79e
温州市,0000001700000031000000070000000X,2.83,2017/8/5,330300,81459ca1-33df-4dfe-b337-9dead5549767
舟山市,0000001200000031000000070000000X,4.67,2018/3/25,330900,1cb6dbb3-19ee-4ff9-8574-8d6b2bb0fc2e
杭州市,0000002U0000007X000000070000000X,4.27,2017/10/15,330100,69b71167-7240-497d-b9b3-5db455869ffd
嘉兴市,0000002U0000007X000000070000000X,3.73,2017/4/25,330400,8ecacabf-3146-4b50-a9cf-77b211865e69
金华市,0000000D0000002R000000030000000X,44.67,2017/3/5,330700,44ff2549-411e-43df-ba92-a22a9a9d9dc7
宁波市,0000000P0000002W000000070000000X,5.7,2019/3/15,330200,b6d4bd01-b547-4140-80e9-58840364d1c5
衢州市,0000001Z00000036000000070000000X,5.33,2018/10/5,330800,0e773f65-f2d6-488e-a281-060484541be3
温州市,0000000J0000003S000000070000000X,43,2017/8/5,330300,7154907b-032d-4a5e-a375-61e4aaff5efc
衢州市,0000001500000031000000070000000X,3.67,2018/6/5,330800,fabaa000-5524-4983-a9d6-51ed65a9ac66
浙江省,0000000Z00000031000000070000000X,3.49,2018/3/25,330000,26421c8d-6413-4544-a3c9-90d8528f56d8
舟山市,0000001Z00000036000000070000000X,8.17,2018/10/15,330900,e556cede-176d-4af6-9cca-1b74e35fc8ae
宁波市,0000000D0000002R000000030000000X,44.43,2018/1/15,330200,26df071a-6546-44b5-9426-74e94892ac1f
舟山市,0000000Z00000031000000070000000X,5.17,2018/10/15,330900,a8628be4-b092-44d8-ad71-9dae59b9d48b
湖州市,0000000K0000003U000000070000000X,0,2017/10/25,330500,6a7f1bf5-593c-4345-9bdb-ebf29909edb3
金华市,0000000C0000002Q000000030000000X,68.87,2019/2/5,330700,98d29929-fe13-4dc1-ba7f-b564a339836c
台州市,0000001E00000031000000070000000X,1.83,2018/12/15,331000,e459e6bc-dc22-48f3-884e-bb79c660ba19
丽水市,0000000S0000002Z000000070000000X,9.67,2019/2/15,331100,351685d5-707e-48e1-b02f-6c9a5f974233
嘉兴市,0000001Z00000036000000070000000X,5.67,2017/12/15,330400,eefd3cc3-99c4-4082-9fab-b785b267376e
舟山市,0000000D0000002R000000030000000X,44.97,2018/4/5,330900,86c141b3-ed04-48a0-a9cc-10791950e4fd
丽水市,0000000K0000003U000000070000000X,41.67,2018/11/15,331100,d6aff1e3-dbf1-4f07-9c99-c0ff3ccb0667
绍兴市,0000000P0000002W000000070000000X,4.67,2017/4/15,330600,7d4807f5-182d-4738-be41-58cb64552f92
宁波市,0000000S0000002Z000000070000000X,9.57,2017/9/15,330200,daf4afca-691e-415d-99a7-074c6be3afc7
绍兴市,0000000X0000007T000000070000000X,40,2017/5/25,330600,c46727bf-ef5a-4576-9164-1ea80d500275
金华市,0000000J0000003S000000070000000X,35.33,2017/4/25,330700,c80ffae5-41c1-43ce-b98f-3ff8475e7805
衢州市,0000000H0000003P000000070000000X,26.67,2019/2/5,330800,175e4692-f6a0-432a-883c-a45320863b9e
金华市,0000001700000031000000070000000X,2.67,2017/3/25,330700,c021cfe5-f2a6-49e1-9241-3db46af44004
杭州市,0000000X0000007T000000070000000X,40.17,2017/4/5,330100,3d03cfd5-4c4e-4869-bc7d-2f9c132ca87d
台州市,0000001700000031000000070000000X,2.17,2018/1/5,331000,bb9b0c7e-4628-4889-8445-e95ffef186f9
舟山市,0000000X0000007T000000070000000X,45,2017/6/15,330900,8894b171-7626-43ef-87cd-4caae0ed3ffb
衢州市,0000000C0000002Q000000030000000X,66,2017/7/15,330800,121e7c3d-b640-492a-8a06-6438df812923
温州市,0000000S0000002Z000000070000000X,9,2018/6/25,330300,b205e921-d73a-410a-81a5-958d6588ffbe
温州市,0000002P0000007W000000070000000X,2.33,2018/6/25,330300,ee3f73bb-1809-45bc-8192-c085ba90a476
宁波市,0000002P0000007W000000070000000X,3.1,2017/4/25,330200,fdfc1ded-c4aa-46a8-a465-3a2be6464bd7
金华市,0000001200000031000000070000000X,3.17,2017/4/25,330700,0cb312d6-2969-4a45-8cf6-42f32a16eb3a
金华市,0000001200000031000000070000000X,5.17,2019/3/15,330700,4bb457a1-df6f-4e96-beed-b148ad3de274
宁波市,0000003100000081000000130000000X,138.33,2018/11/15,330200,bbe69ce3-3d12-4a01-afb2-3e0e8d9fb2f3
浙江省,0000001200000031000000070000000X,3.62,2017/4/15,330000,e8dc5e3d-ddd5-4adf-b29c-d9454e51ef78
绍兴市,0000000J0000003Q000000070000000X,43.33,2017/3/25,330600,f83c0319-f35d-40fd-9369-2f7baa669f55
金华市,0000001K00000031000000070000000X,2.17,2017/4/5,330700,382be9d9-679d-45d4-bd21-681f981baf81
丽水市,0000000D0000002R000000030000000X,51.27,2017/1/15,331100,707e91ee-8840-44c0-b241-219e89bfc138
台州市,0000001A00000031000000070000000X,4.83,2019/2/25,331000,93646f8b-09f9-488d-8ec9-8dd6977e501d
温州市,0000000H0000002T000000070000000X,17.33,2017/3/25,330300,b4494bfe-870f-41db-a66a-385f0b569a1e
浙江省,0000000M0000003V000000070000000X,12.15,2017/5/25,330000,c0476eb4-add4-4b1e-8fc3-9c8bd7536cfb
杭州市,0000000Z00000031000000070000000X,6,2019/2/5,330100,adcb6020-c4da-4589-9554-0e16e571dac5
浙江省,0000000C0000002Q000000030000000X,63.88,2017/9/5,330000,f59f16da-3305-4ca6-a253-1af72b446ddf
台州市,0000001A00000031000000070000000X,3.5,2017/6/15,331000,c80bceab-61d9-4eea-9341-f97fa63ac6da
嘉兴市,0000000H0000002T000000070000000X,17.33,2017/4/5,330400,944b2b85-976e-4f2e-8f13-35833ae845ed
嘉兴市,0000003100000081000000130000000X,79,2017/2/25,330400,f2a72324-c499-4745-8d39-2c5664b2e674
绍兴市,0000002200000038000000070000000X,2.77,2017/3/25,330600,240b6ca9-fa16-45bf-bb1c-047f96ad34be
绍兴市,0000002P0000007W000000070000000X,2.33,2018/4/15,330600,20256dff-eccc-4fee-a7fa-2e972723d99c
浙江省,0000000H0000002T000000070000000X,16.18,2018/2/25,330000,ec250b36-7a35-462c-8d1e-e17e6ee61a3a
嘉兴市,0000001500000031000000070000000X,4.5,2018/5/15,330400,8243c935-6f68-4c8e-b117-b3d83d25a80d
绍兴市,0000000Z00000031000000070000000X,3,2017/2/25,330600,e26300d6-ab8a-40a3-8b42-4f068ea6bcf4
嘉兴市,0000002P0000007W000000070000000X,3.2,2017/1/15,330400,511092d9-52fd-4b73-bd94-a99903239c00
金华市,0000000Z00000031000000070000000X,4.83,2017/7/15,330700,ff6961bb-63e9-4135-80ce-922ad6927c08
丽水市,0000000J0000003S000000070000000X,34.33,2017/11/5,331100,ffd4318d-5b1c-4c12-b35e-75edf18c9732
舟山市,0000002U0000007X000000070000000X,3.83,2017/10/15,330900,65991832-4532-4d90-ac0d-636d10f5e2c2
衢州市,0000000M0000003V000000070000000X,9.83,2017/5/25,330800,60f9da24-3b67-4f3d-aa9e-a8008257744a
衢州市,0000001E00000031000000070000000X,5,2017/10/5,330800,1905fa10-e625-40f9-91f4-80ec85348734
衢州市,0000000M0000003V000000070000000X,10.5,2017/3/25,330800,37419b25-9349-48b7-84c6-41fdfe45a520
绍兴市,0000001A00000031000000070000000X,3.67,2017/9/5,330600,49ecc70e-6a1e-41e7-a803-9afd14541e51
浙江省,0000000P0000003E0000000700000010,4.09,2019/2/12,330000,ecf73ff9-312b-495c-aa53-9a0bb27925a1
温州市,0000001A00000031000000070000000X,4.17,2017/5/25,330300,ecccccca-879e-45b5-aaed-8a239880b742
舟山市,0000001700000031000000070000000X,2.83,2018/10/5,330900,f175947b-0d3a-4a49-9f5d-a6c5223b4952
浙江省,0000000D0000002R000000030000000X,43.52,2017/12/15,330000,c2a88434-a876-4c6e-b08c-80c3d6f70aa1
温州市,0000000G0000003F0000000700000010,10.39,2018/9/4,330300,1dcecde2-8b53-4568-bceb-8f1623e3965d
丽水市,0000001400000031000000070000000X,4.17,2018/7/25,331100,71678402-510f-4ac7-a3d6-993c31e2b014
温州市,0000002U0000007X000000070000000X,4.33,2017/7/25,330300,b90f1b4b-5670-4b9b-b929-b9315d3c0af5
杭州市,0000001E00000031000000070000000X,6.17,2016/12/15,330100,7defcdb6-015b-4d98-86db-e94373dd00b9
杭州市,0000000X0000007T000000070000000X,39.83,2017/4/25,330100,4f5db062-4f2f-4b33-88f1-6d31c1673261
舟山市,0000001200000031000000070000000X,4,2018/8/5,330900,91d18e79-2894-4d05-b16a-7998492fe8d4
宁波市,0000001200000031000000070000000X,3.73,2017/5/5,330200,f82fa8f3-f5b4-41ed-bb60-5da52cf042be
丽水市,0000001K00000031000000070000000X,4.83,2018/2/15,331100,393a939f-b5aa-46c0-b6b8-b1e2821215c4
杭州市,0000001Z00000036000000070000000X,6,2019/2/15,330100,45fa28eb-46aa-4091-9e63-1859b829f409
台州市,0000001K00000031000000070000000X,3.5,2017/8/25,331000,e9850387-49a4-47e5-8d1c-46fb27d4f49d
舟山市,0000000X0000007T000000070000000X,50,2017/4/25,330900,96196ba4-07c9-4e9e-8396-d71d58f593eb
嘉兴市,0000000J0000003S000000070000000X,32.33,2018/2/5,330400,53737577-baa8-483d-bac4-7062c0d19da2
丽水市,0000001A00000031000000070000000X,5.83,2018/11/15,331100,e15eb90d-f99e-45a0-8da4-82d0d98a1f1e
温州市,0000000P0000003E0000000700000010,4.75,2018/10/16,330300,52cecec3-6196-4616-89d5-4ecf6356baa8
温州市,0000001Z00000036000000070000000X,7.33,2018/10/15,330300,9325854f-4641-474b-9d38-6985545694c0
嘉兴市,0000000D0000002R000000030000000X,38.33,2017/10/25,330400,cd0f5d20-9e31-474a-87ea-b1a936672b9f
舟山市,0000000H0000003N000000070000000X,15,2018/11/25,330900,c64df0e0-2e71-485f-bc93-daa0b594c53b
湖州市,0000000D0000002R000000030000000X,37,2018/7/5,330500,2171c60b-2af7-4624-80fa-2454cec21e58
丽水市,0000000P0000003E0000000700000010,3.5,2017/6/20,331100,ebb51eae-6fdf-44bd-966d-d018fbed3965
宁波市,0000000K0000003U000000070000000X,35,2018/3/15,330200,aa55d261-0c34-46f5-86ed-54e1e089b7e3
湖州市,0000001K00000031000000070000000X,5,2018/8/25,330500,793d5b2f-a739-4b28-9a2a-965b5a029d8f
台州市,0000001500000031000000070000000X,6.67,2018/10/5,331000,8dedfeeb-70c1-431e-bea2-40f6fa26d97c
舟山市,0000000H0000003P000000070000000X,25.33,2016/12/15,330900,ad85bcbd-c226-4373-afcc-43dd593ef5df
温州市,0000000K0000003U000000070000000X,48,2018/9/15,330300,96de0ab6-5813-4d5a-8192-5af5b885590a
温州市,0000000M0000003V000000070000000X,15.33,2018/7/15,330300,19a30893-e76c-451f-98b3-acac86140f0d
嘉兴市,0000001200000031000000070000000X,5.33,2018/10/5,330400,0e411974-40e4-40b9-9aa3-cf9316374b8a
温州市,0000001500000031000000070000000X,5,2018/12/5,330300,4d008402-be20-4a03-95b8-48e2ebce742a
嘉兴市,0000000D0000002R000000030000000X,38.33,2017/12/15,330400,7ee5af45-c08e-4f26-ad91-8a12f5fda620
衢州市,0000001A00000031000000070000000X,6.5,2017/8/15,330800,a94d1c7e-7536-4797-a344-e7324503eb8f
宁波市,0000000G0000003F0000000700000010,10.27,2017/10/3,330200,cd213467-055b-46b8-98fe-5e5332b72476
舟山市,0000001A00000031000000070000000X,4,2017/6/5,330900,5043552f-f5ee-48b1-b4eb-f9de3bf0598a
台州市,0000000J0000003S000000070000000X,33.67,2017/8/5,331000,161f1bd5-3bcb-4bfd-bb6d-8571503b816f
绍兴市,0000001700000031000000070000000X,2.33,2018/2/15,330600,c07e411d-9e0c-4a64-990e-21c502718567
丽水市,0000000P0000003E0000000700000010,4.6,2018/10/23,331100,d67fdf0c-632f-4b0a-8fdf-ac41903a04a0
金华市,0000000G0000003F0000000700000010,10.4,2018/2/6,330700,882ba2ec-4bf8-4252-860e-ea41bb7b951c
湖州市,0000001Z00000036000000070000000X,5.67,2017/12/25,330500,3751f020-3f12-491c-9684-8f045b83a1ab
台州市,0000000P0000002W000000070000000X,5.5,2017/10/5,331000,35162b91-6bae-447b-a078-7e4cb25e886c
宁波市,0000000C0000002Q000000030000000X,73.33,2018/6/5,330200,96280267-e1ef-429b-9d09-b33a91390e2c
丽水市,0000000H0000003P000000070000000X,17.5,2018/8/5,331100,4a790529-764d-4707-bae3-519def8301b5
宁波市,0000000X0000007T000000070000000X,39.67,2017/2/25,330200,5e35a33a-5d7c-4076-b734-d9cd34b2576b
杭州市,0000000S0000002Z000000070000000X,8.6,2018/8/5,330100,bb6e764a-3467-4237-84a1-091002fd296f
湖州市,0000003100000081000000130000000X,77,2017/4/25,330500,f0d421ad-89bb-4b7f-9218-2c5c430b35e0
温州市,0000000P0000002W000000070000000X,4.27,2017/7/25,330300,a4ff10bf-b8ec-46cd-b6af-7a1242438e16
湖州市,0000001E00000031000000070000000X,5.17,2017/1/5,330500,fb362da7-e9d0-46ba-b746-32937e09dfcf
丽水市,0000000M0000003V000000070000000X,11.33,2018/11/5,331100,6eaef750-d0c4-4459-8933-4ac2f305c243
浙江省,0000001A00000031000000070000000X,5.12,2017/12/15,330000,fc92ec5a-59ac-4b2f-bcd3-b453f2598c61
温州市,0000000J0000003S000000070000000X,44.33,2017/10/15,330300,1b032903-505c-4449-bb43-967e233262f3
浙江省,0000001E00000031000000070000000X,6.42,2018/9/15,330000,0245e9d2-2cc0-45a2-82b4-7e28fe579581
绍兴市,0000001K00000031000000070000000X,3.17,2017/11/25,330600,ebb04953-494c-498c-8d1d-2cae04369127
杭州市,0000001200000031000000070000000X,4.17,2017/11/5,330100,ae725806-9a0a-4987-a742-aaf502031bfb
宁波市,0000000J0000003Q000000070000000X,42.5,2018/8/15,330200,81044f0a-08d8-46d6-aba3-61a7b8089fd0
舟山市,0000001A00000031000000070000000X,5.33,2018/4/5,330900,fbfb6e79-408f-4341-9ac5-41ffb7efda4e
宁波市,0000001700000031000000070000000X,3.33,2017/4/5,330200,8e855970-879f-44f7-aafc-7ec894792a87
衢州市,0000003100000081000000130000000X,86.27,2018/7/25,330800,30c0c93d-4f5a-4b24-9cf8-02b31e365568
湖州市,0000002200000038000000070000000X,4,2017/1/25,330500,1171b294-f0ea-4be2-ad51-875a9ead903e
湖州市,0000000J0000003S000000070000000X,36.33,2019/1/25,330500,95ced39b-3e73-46bd-bef9-0d4d1526b40b
湖州市,0000001Z00000036000000070000000X,5.67,2018/11/25,330500,de871e4a-1e59-44f4-a0dc-14e0923ce9d7
台州市,0000000Z00000031000000070000000X,3.67,2017/12/5,331000,66effec7-36f7-4b2b-9224-bd5bd7b06cbc
舟山市,0000000M0000003V000000070000000X,14,2018/6/5,330900,2990ce20-7895-494a-9437-2be51228bfd3
浙江省,0000001700000031000000070000000X,3.05,2019/2/25,330000,8c4cf7fa-cfe5-4bb1-baae-a28b1d438844
舟山市,0000000D0000002R000000030000000X,44.3,2018/11/25,330900,18836d59-56eb-4799-a80d-eac6290cf8fb
衢州市,0000000J0000003S000000070000000X,35.67,2018/5/25,330800,af74e29f-0ecf-4ee1-9021-2dbc7968f651
宁波市,0000000C0000002Q000000030000000X,73.33,2018/5/25,330200,d7546d9b-031a-42c8-a519-c2ccdaa5d15b
杭州市,0000000X0000007T000000070000000X,38.83,2017/3/25,330100,62b0f243-629a-4423-9e16-c4e3f727a7be
丽水市,0000000D0000002R000000030000000X,54.6,2018/3/25,331100,869a05f9-a2bf-4f96-bb79-5ad7cc45d5ec
绍兴市,0000001Z00000036000000070000000X,5,2017/7/15,330600,9c15d58e-7ded-4bfd-9998-e962a5e00073
丽水市,0000002P0000007W000000070000000X,2.93,2018/7/25,331100,a31ca39f-faae-4c62-ab05-d8183ff604f6
台州市,0000002P0000007W000000070000000X,3.45,2018/2/5,331000,8d48ebae-cba8-4b32-80ec-3d4329f13fc0
台州市,0000001K00000031000000070000000X,2.67,2018/3/5,331000,dcf0f451-5ba3-4233-b148-e658dc4272b3
湖州市,0000000Z00000031000000070000000X,3.17,2017/3/25,330500,8afac4ee-090d-4873-9928-6a46f946fab2
丽水市,0000001200000031000000070000000X,2.83,2017/5/15,331100,3fcedd46-d3fc-4515-b706-96d43d7003c4
温州市,0000001Z00000036000000070000000X,7.83,2017/4/25,330300,abcdef53-10ff-4797-99a4-930e96c29432
舟山市,0000001A00000031000000070000000X,5.33,2018/8/15,330900,9d414f15-0a4e-49f6-a5b7-a0c9f50e043a
绍兴市,0000001500000031000000070000000X,3.83,2017/9/25,330600,2d5aa27d-b568-4b07-b6dc-36eae5e3f36b
嘉兴市,0000000G0000003F0000000700000010,12.25,2017/1/24,330400,9487c888-f749-4635-8d8e-75b61e46883a
温州市,0000000P0000002W000000070000000X,5.5,2017/12/5,330300,5b49729a-51f0-4df1-9b43-831773072467
绍兴市,0000000H0000002T000000070000000X,14.67,2018/2/5,330600,521452d7-57de-4085-844c-0b726dc0d477
丽水市,0000000J0000003S000000070000000X,36,2018/6/5,331100,f04ca77c-8405-465b-9859-c90cccf12ea2
丽水市,0000000H0000003N000000070000000X,14,2018/2/25,331100,fc7898ee-c861-4ad4-8fbc-13998a3d9976
浙江省,0000000P0000002W000000070000000X,5.02,2018/4/25,330000,42edfce1-bf8a-4258-be70-86c73b74fb0e
宁波市,0000000S0000002Z000000070000000X,10.17,2019/2/5,330200,5059eed3-c82c-42de-848e-7df05a6b73c1
温州市,0000002P0000007W000000070000000X,2.33,2017/9/15,330300,09c63327-2034-4512-bffb-61ac2443d781
杭州市,0000000J0000003S000000070000000X,36.17,2017/12/25,330100,80138768-8493-4db5-be7a-d1ae478aa180
嘉兴市,0000000H0000002T000000070000000X,17.33,2017/5/25,330400,b2ed6dbf-3b87-4d55-8ca0-af7140c903f9
衢州市,0000001400000031000000070000000X,5.17,2017/4/15,330800,c281b309-6e12-48bf-9754-9ac3a2da55ce
舟山市,0000000C0000002Q000000030000000X,51.6,2017/3/5,330900,817bdd5a-3ebe-492a-8484-da72b10d7be6
嘉兴市,0000000S0000002Z000000070000000X,9,2018/11/5,330400,550df883-b9b2-49bc-b26a-cbb1fc11020c
丽水市,0000002200000038000000070000000X,3.16,2017/8/5,331100,10512bcc-761c-4ea6-8790-51c2dd6ddd7b
浙江省,0000001400000031000000070000000X,5.12,2018/7/25,330000,f2935bf6-4e29-483c-8f67-44755070dd89
杭州市,0000000G0000003F0000000700000010,10.15,2017/3/21,330100,bc4acff2-f877-4594-8af1-b57f89e35e5b
湖州市,0000000D0000002R000000030000000X,37.67,2017/12/15,330500,1fe1bfdb-04e6-4e95-a447-9a60119693f0
嘉兴市,0000000D0000002R000000030000000X,38,2017/1/5,330400,f0ab003f-668b-4727-84f8-8e3b745d0f13
绍兴市,0000002U0000007X000000070000000X,4.33,2017/3/15,330600,4688d0e2-3495-484c-9384-a6d76a3af283
温州市,0000002200000038000000070000000X,3.83,2018/8/15,330300,46eaa81e-55ee-406f-a3c9-09c5e53f2d52
丽水市,0000000G0000003F0000000700000010,8.5,2018/7/24,331100,56ce9ccf-a547-48d1-ad48-92bea7b1d329
湖州市,0000002U0000007X000000070000000X,3.87,2018/3/25,330500,d72adc39-be22-4cf3-b723-05a46a2552fe
台州市,0000001400000031000000070000000X,6.17,2017/9/5,331000,13ffce12-b4ad-46c7-a0b9-cf25b77ce24b
丽水市,0000001A00000031000000070000000X,5,2017/2/5,331100,45da487a-a4c8-4ee0-8282-4fec5a5cc88e
温州市,0000001500000031000000070000000X,4.67,2017/6/15,330300,c30a09e3-f378-489c-beee-95a5da2908a5
金华市,0000001700000031000000070000000X,3.17,2019/3/15,330700,63f42002-ada5-49a5-bfed-b122cde5cc68
浙江省,0000000S0000002Z000000070000000X,9.13,2017/4/25,330000,087c8e32-e932-49db-9f68-05432fb0ebdd
金华市,0000000C0000002Q000000030000000X,68.87,2018/8/5,330700,ce4c4501-16ac-4f7f-86db-6ea49c691f64
台州市,0000000J0000003Q000000070000000X,38.33,2017/7/15,331000,fe239b01-0712-4dea-ba60-8757d1052f6e
嘉兴市,0000001500000031000000070000000X,4.33,2018/9/5,330400,57074dd8-299c-41c0-8db3-e1d99ae3d5df
台州市,0000001K00000031000000070000000X,2,2017/5/5,331000,127988b4-fcf6-4c90-bb89-2fd831572548
金华市,0000000H0000003N000000070000000X,12,2018/3/25,330700,8c1e38bc-e3c5-4cea-9183-1880881c224f
湖州市,0000001Z00000036000000070000000X,5.67,2018/9/25,330500,19a0d2c4-d936-4156-b079-c7a2bf11de10
湖州市,0000000P0000003E0000000700000010,5,2018/12/25,330500,a6a6de5f-7916-4f66-a79d-aefbcdb506da
金华市,0000002U0000007X000000070000000X,4.17,2017/1/25,330700,eac20b88-3f3e-4f90-8636-b8d55fc63c1c
浙江省,0000002P0000007W000000070000000X,3.01,2017/3/25,330000,098019c2-1b97-4f31-9f5d-e3e391509627
杭州市,0000001200000031000000070000000X,4,2017/12/25,330100,d6dbc3ef-6b47-4db9-b977-dc3553f611ce
衢州市,0000001K00000031000000070000000X,3.5,2018/9/15,330800,6812aba5-3b1b-4507-a7e1-edb28a48f0a3
金华市,0000000H0000002T000000070000000X,12.5,2018/5/25,330700,74cdde86-a306-4a74-bd4a-d583ec0a37bd
宁波市,0000001E00000031000000070000000X,5.5,2018/4/15,330200,c4719b58-eeb6-4c67-ab33-113a5b80a89c
绍兴市,0000000H0000003N000000070000000X,13.5,2017/12/5,330600,45be2616-7872-46dc-9745-3b443c79181f
浙江省,0000000S0000002Z000000070000000X,8.97,2017/4/5,330000,7be3c533-ad92-45d0-a7b5-6305613e9275
嘉兴市,0000000C0000002Q000000030000000X,66,2016/12/25,330400,62c5b685-10a6-442f-8eff-6c610e73421b
舟山市,0000000J0000003S000000070000000X,34.33,2018/3/5,330900,29cfd836-0744-4b9e-8a08-6e90bad33cc0
金华市,0000001400000031000000070000000X,7.67,2017/3/5,330700,0aa8ece4-a1c4-4187-b37b-dea36e499b8f
金华市,0000000P0000002W000000070000000X,5.5,2018/2/5,330700,02ad50be-39a2-4947-9bf1-19154fae2210
衢州市,0000000M0000003V000000070000000X,11,2017/2/15,330800,badf901b-52d0-420a-a895-ed1c4ac55703
绍兴市,0000000H0000003N000000070000000X,13,2018/8/15,330600,eadc2847-ba41-48e0-944c-9f7947bccd31
台州市,0000000G0000003F0000000700000010,10,2017/4/11,331000,3e05fbb4-d480-455c-a53c-c890e464bbd8
丽水市,0000001E00000031000000070000000X,5.33,2018/8/25,331100,8f1157f2-acf4-4fe0-96d3-19d97dc4e32c
丽水市,0000000J0000003Q000000070000000X,38.67,2018/9/25,331100,7c88a10a-5980-4953-a258-07a27b7c37e8
台州市,0000000C0000002Q000000030000000X,63.33,2018/7/15,331000,7c8c8cd2-1b4b-4071-9699-c2d4f1625daa
浙江省,0000001E00000031000000070000000X,4.17,2017/11/15,330000,a23d184f-49d8-423e-951d-ee1e441d94b3
温州市,0000000K0000003U000000070000000X,48,2019/1/15,330300,633b2357-be73-4fb7-84b4-49221d32a92d
台州市,0000000H0000003P000000070000000X,23.33,2018/1/15,331000,09e28b2d-cf25-4315-9d73-fb8001dbca9a
金华市,0000000P0000003E0000000700000010,3.8,2018/3/13,330700,1c29edf3-bd1e-4827-a7ec-caaa4f335f3a
浙江省,0000001500000031000000070000000X,4.05,2018/4/15,330000,b6f58677-9f6f-4c4a-a996-85c53107d465
丽水市,0000000P0000003E0000000700000010,4.8,2017/11/21,331100,7a8db80b-f900-46f1-9781-596c79c34665
嘉兴市,0000000H0000003N000000070000000X,15,2017/9/5,330400,15504904-3e0b-4ebb-af03-10822352c247
舟山市,0000000H0000002T000000070000000X,14.83,2018/9/15,330900,85000b10-79c4-45d4-ba34-1beec63c0900
湖州市,0000000K0000003U000000070000000X,0,2018/6/5,330500,4db38537-415b-48fc-b0a8-2c0589b94cfc
宁波市,0000001400000031000000070000000X,5.1,2018/5/25,330200,35a7a747-77cc-4b0a-b26e-7f1fbebb6654
宁波市,0000000H0000003P000000070000000X,25.67,2017/12/25,330200,6e1a9392-2ee1-4a9e-b036-6d1b550f28d5
舟山市,0000001400000031000000070000000X,6.33,2017/9/15,330900,73e1912f-9ce4-4533-b9c8-6a9b369f84c8
宁波市,0000001E00000031000000070000000X,6.33,2016/12/25,330200,929c0623-82f6-449d-9a53-6e2481b98ffd
浙江省,0000002P0000007W000000070000000X,3.07,2017/8/25,330000,a14153b6-d3bc-41ec-a2e8-abb37ad78f8c
宁波市,0000000X0000007T000000070000000X,39.67,2017/10/5,330200,5dedee4f-be18-4446-912f-be88bfd251a7
金华市,0000000Z00000031000000070000000X,2.33,2017/3/5,330700,84846cfb-848b-44b6-a90b-37e5073b91f5
浙江省,0000001400000031000000070000000X,4.48,2018/7/5,330000,d3d2397e-76b7-42bd-9c27-415349f23d40
台州市,0000002U0000007X000000070000000X,4.5,2018/10/25,331000,4d3d082a-dc55-4fcb-ac2a-d85516459ce6
嘉兴市,0000000X0000007T000000070000000X,32,2018/10/25,330400,fde8de63-76c7-4a47-be53-a35d5a16d96c
丽水市,0000000C0000002Q000000030000000X,70.23,2018/9/5,331100,86754036-bcf1-4efa-b77b-9b6ccaf0c2c9
台州市,0000000P0000002W000000070000000X,4.33,2017/2/15,331000,820eac2d-dd12-4155-925e-d9f3e605ea0c
丽水市,0000000G0000003F0000000700000010,13.2,2018/9/25,331100,a882d254-ecbb-473f-8d91-71884ce79066
浙江省,0000001700000031000000070000000X,2.67,2017/7/25,330000,3a5f2eea-5820-426f-bc86-2df96794dfb7
温州市,0000000D0000002R000000030000000X,51.33,2018/12/25,330300,d7ae0944-4e63-4f3e-81ff-561cf2d1862d
湖州市,0000001A00000031000000070000000X,7.33,2017/11/15,330500,0f9b1676-2fe3-4321-a447-b255090b0194
宁波市,0000000P0000002W000000070000000X,5.47,2017/10/25,330200,da01f18d-2f91-44d2-a8d9-82677d217a13
舟山市,0000000H0000003P000000070000000X,22.67,2018/7/15,330900,2ef38e34-9684-4619-bd3d-9ef184715af8
浙江省,0000001K00000031000000070000000X,3.82,2017/8/5,330000,2d3b3bef-3af6-457f-b740-dd3d8813f3b1
丽水市,0000003100000081000000130000000X,84,2017/4/5,331100,6b8173a0-6afc-4a4d-8957-0e5f1736c074
宁波市,0000000K0000003U000000070000000X,36.5,2019/2/15,330200,5568314f-af65-4ab2-bec7-e7a21a42d9dd
丽水市,0000000M0000003V000000070000000X,11.33,2018/4/25,331100,0c8bcc4b-8f3c-49ad-9a30-2e9c18cb244a
金华市,0000000J0000003Q000000070000000X,41,2018/8/5,330700,95da5071-aeb5-4ff4-a201-873bac6b855d
金华市,0000001E00000031000000070000000X,4.67,2018/6/25,330700,d3da3c25-a7bf-4018-8695-c192f6a3adf3
台州市,0000000J0000003Q000000070000000X,40,2017/3/5,331000,2ba24ea9-3739-438f-b0d0-a89c2625d7b1
衢州市,0000001700000031000000070000000X,2.93,2017/3/25,330800,0d4789e3-1125-4160-92b1-5d6ae6e3b623
丽水市,0000001K00000031000000070000000X,3.67,2018/11/15,331100,60c7525d-0144-43af-9b53-b654ffdd94c1
金华市,0000000C0000002Q000000030000000X,68.17,2017/8/5,330700,01816fef-359a-48ec-bd74-86666f94578b
嘉兴市,0000001200000031000000070000000X,3.5,2018/6/5,330400,05919682-62f1-409e-a6b9-1a2aaa35c7b8
杭州市,0000002P0000007W000000070000000X,2.58,2017/1/5,330100,6faa22ef-cc93-4182-b4f6-c7ea52299506
舟山市,0000000P0000003E0000000700000010,4,2017/1/31,330900,f62bd963-194a-44fb-aca1-c720611142e4
嘉兴市,0000000H0000003P000000070000000X,21,2018/4/25,330400,01f988c9-bca5-4543-a906-aea121005cde
杭州市,0000000J0000003S000000070000000X,36.17,2017/12/5,330100,77b230fc-0a4c-420c-a53f-cfff8be5bff4
宁波市,0000000S0000002Z000000070000000X,9.9,2017/8/15,330200,afad6afc-70a0-4a5b-ab8c-36bf94ffc818
温州市,0000001Z00000036000000070000000X,8.17,2017/2/15,330300,9d729772-ac8e-45c7-9865-85f338bc0ef5
金华市,0000002U0000007X000000070000000X,4.17,2017/4/5,330700,a93e1123-fa1b-4fd3-8ecd-1f3df6d39f28
浙江省,0000000D0000002R000000030000000X,43.14,2018/8/15,330000,83827057-cb0c-414a-8113-5a7d4637046f
杭州市,0000000P0000002W000000070000000X,4.17,2017/8/15,330100,b324cb74-6ee7-4ba5-a0a2-c03608609081
宁波市,0000000H0000002T000000070000000X,14.73,2018/6/15,330200,a94fb23b-9985-4c41-80c5-0277e1c71b4c
绍兴市,0000000C0000002Q000000030000000X,57.67,2019/2/25,330600,6cff1e10-2c60-48fa-8d17-e714e0161893
宁波市,0000000S0000002Z000000070000000X,9.67,2017/6/25,330200,9dd692d9-e0e9-482e-a131-e65f1c475e92
杭州市,0000002U0000007X000000070000000X,4.27,2017/4/25,330100,02c25050-ae00-45bd-abc2-5a7d30d0d366
宁波市,0000000G0000003F0000000700000010,8.75,2017/6/6,330200,d79bd549-1522-4014-a0b2-506f3ce741e1
温州市,0000000P0000003E0000000700000010,3.65,2019/2/26,330300,8f84a5c0-8eaa-435b-a44b-afb5f28fb8e8
杭州市,0000000P0000003E0000000700000010,5.1,2018/9/11,330100,15ddf53a-efd7-40bd-9623-5fa1de855772
浙江省,0000000C0000002Q000000030000000X,64.94,2016/12/15,330000,7ce5e0e5-f302-40c4-9213-e8e071c68978
舟山市,0000000Z00000031000000070000000X,3.33,2017/5/5,330900,ef49c186-c3d6-41e1-b245-a25a9dd77c16
舟山市,0000000C0000002Q000000030000000X,50.3,2019/2/5,330900,b14c88f3-6f95-47b2-b08d-d1af4c34ff81
湖州市,0000000Z00000031000000070000000X,3.67,2018/4/5,330500,5a6617d7-b1e1-4a0d-8f06-3310d212aefc
衢州市,0000001400000031000000070000000X,5,2018/3/25,330800,d71785ce-b2f1-4b2c-b657-fcb142e0c13c
杭州市,0000000H0000003P000000070000000X,21.33,2018/2/15,330100,35c84818-9d68-46dd-85f5-096d88a636b4
温州市,0000000P0000002W000000070000000X,5.87,2018/2/15,330300,423ac0b3-4b28-44e6-811b-2af2c4cc91da
杭州市,0000000G0000003F0000000700000010,10.75,2017/2/14,330100,ef40d7e7-db44-4f92-b053-52348d7e7a80
丽水市,0000002U0000007X000000070000000X,4.66,2017/12/15,331100,354ba452-d3cc-4563-b4ff-2914eda87dc5
宁波市,0000000J0000003S000000070000000X,30.5,2017/4/15,330200,6f6972af-9218-474f-9284-a914f3b3f477
杭州市,0000001E00000031000000070000000X,5.5,2019/2/15,330100,e1667ac0-1eb3-4e7d-a299-187d93fac48a
杭州市,0000000G0000003F0000000700000010,9.93,2017/12/19,330100,80e73eec-2127-4c20-a651-c17e8f1aa20d
宁波市,0000001500000031000000070000000X,4.83,2017/11/15,330200,3de97326-0282-4637-bbba-a5f2f34cd6c3
嘉兴市,0000001K00000031000000070000000X,3.33,2017/12/5,330400,bbd77ae1-fcf8-4343-b78e-6d682427d2a6
丽水市,0000000J0000003S000000070000000X,36,2018/1/15,331100,c7d29d3b-505e-484d-b4a5-aa0c9f407a54
绍兴市,0000000H0000003N000000070000000X,15,2018/10/25,330600,b9cb65a3-b151-44ae-b46c-c47a1547dc80
嘉兴市,0000001500000031000000070000000X,4.67,2017/9/25,330400,553b5ea0-372f-4681-949a-bf96012b916b
丽水市,0000000G0000003F0000000700000010,14,2018/10/30,331100,2f488850-9650-4223-aa59-973c9fd93b77
浙江省,0000001500000031000000070000000X,3.89,2018/7/25,330000,4d299419-7af7-4a32-b42d-74b4316aba81
衢州市,0000000H0000002T000000070000000X,18.67,2018/1/15,330800,06d84d91-cc47-4978-b667-fe945dcc24c7
绍兴市,0000000H0000003N000000070000000X,12.67,2018/3/25,330600,b0dc9c22-8962-4cdf-b829-fac8854705ab
湖州市,0000001K00000031000000070000000X,3.67,2018/6/25,330500,d585aed2-1da7-4202-8063-e87c916a1356
浙江省,0000000H0000002T000000070000000X,18,2018/10/15,330000,63f7b8b0-2a0d-45cd-b7b8-7885ac072033
舟山市,0000000H0000003N000000070000000X,15.17,2018/10/15,330900,12348092-f271-44be-860a-1917e6f0b142
浙江省,0000001E00000031000000070000000X,5.29,2018/7/15,330000,ae3d2d5c-5d4c-48f3-a566-08a531265342
湖州市,0000001E00000031000000070000000X,4.17,2017/5/25,330500,501417ed-85ac-4a2c-8810-b6852ab16a3c
金华市,0000000H0000003P000000070000000X,21.67,2018/9/15,330700,7669ec80-d5c4-473a-992e-ab6632702a87
舟山市,0000001K00000031000000070000000X,2.67,2017/4/15,330900,c895fac2-ce5c-4433-8bca-20ce3477513c
宁波市,0000001E00000031000000070000000X,5.17,2018/4/5,330200,5a74ba69-65f6-4755-aab9-4e43e177a9f3
杭州市,0000000Z00000031000000070000000X,3.33,2017/5/15,330100,44756e64-c984-47e9-b8d2-bb7158c4c907
浙江省,0000000K0000003U000000070000000X,34.78,2017/5/5,330000,e1a7facb-0155-4ef2-ad00-a68c6f1e6eba
金华市,0000002200000038000000070000000X,3.43,2019/3/15,330700,a05b45de-40bd-4012-9d47-57e7801c6afb
湖州市,0000000P0000003E0000000700000010,4.5,2018/3/6,330500,d3c0ebd9-6913-4364-89cf-baee84c09ea0
嘉兴市,0000000J0000003Q000000070000000X,40,2018/6/15,330400,1eaf9f6e-b5a9-41c3-9750-0e1df1e60274
宁波市,0000001200000031000000070000000X,4.17,2018/1/5,330200,2d196e2f-05a6-4dc2-b58d-aa5118c26480
丽水市,0000000M0000003V000000070000000X,11.5,2017/9/5,331100,ebc0140c-dc7b-4bbb-ad25-5889cc939269
台州市,0000000H0000002T000000070000000X,13.17,2017/10/25,331000,4a365aed-2d06-47b0-83b4-22d41289149d
金华市,0000000P0000003E0000000700000010,3.5,2017/1/17,330700,d6c9ea2a-c343-4a4d-8191-d2b1ef32a841
台州市,0000001200000031000000070000000X,4.33,2018/9/5,331000,1a6c4ba4-d261-4c43-859e-9c04fe7c60e8
杭州市,0000001E00000031000000070000000X,5.2,2018/7/5,330100,4e158468-a4aa-46e8-978c-58c6aecd3620
杭州市,0000001200000031000000070000000X,4.83,2018/1/25,330100,d1e88c51-6ee0-4a26-ae36-c77868bb581c
绍兴市,0000001500000031000000070000000X,4,2017/5/5,330600,2503880b-c416-4a35-b4f1-0efe707f0f1a
舟山市,0000002U0000007X000000070000000X,5,2017/1/25,330900,1fb2b8f1-dd76-4984-be15-a41cb2800bda
金华市,0000001500000031000000070000000X,4.67,2019/2/25,330700,53bc1076-00d2-4ee7-be24-5cd0dda0eb5c
绍兴市,0000000C0000002Q000000030000000X,57.67,2018/11/5,330600,297c6fb4-a50a-4044-9705-9fdb4735001c
丽水市,0000000H0000002T000000070000000X,14.17,2018/1/5,331100,bb076d24-012e-4013-b9bb-8de6072fb209
舟山市,0000000D0000002R000000030000000X,43.63,2017/5/5,330900,4ffb2c33-aea3-48b4-8331-3ef6a2900dbd
金华市,0000001200000031000000070000000X,6.67,2019/2/15,330700,06e34b1b-3f7d-4e07-a9d4-c5880721bf85
金华市,0000000J0000003S000000070000000X,34.33,2017/9/5,330700,75c3bea1-6952-4c16-830f-bf56dfd98200
杭州市,0000000P0000003E0000000700000010,4.8,2018/10/2,330100,bc016a72-5d91-4b33-b5c9-0139b11c05e4
杭州市,0000000K0000003U000000070000000X,35.33,2018/3/5,330100,6e33af89-6373-4000-99cc-42bb33c178e6
浙江省,0000000H0000003P000000070000000X,23,2017/4/25,330000,3d87f9a5-5952-4e3d-b3e5-ab7f526a89aa
台州市,0000002200000038000000070000000X,2.1,2017/11/5,331000,4ed8c9d1-d328-4b0f-8b7d-c5b0dec5e386
舟山市,0000000G0000003F0000000700000010,12.3,2017/1/31,330900,0b8cf3e7-9ee8-4866-bf51-1011728bdb06
温州市,0000001200000031000000070000000X,4.67,2017/10/5,330300,4a000c33-d12b-4071-bc11-e22c30e6097a
台州市,0000000S0000002Z000000070000000X,9.5,2017/3/25,331000,87a3350a-9253-4f34-a928-8323841da478
绍兴市,0000000G0000003F0000000700000010,9.9,2017/5/9,330600,853d3906-27cc-44ea-a7b1-96ce1bfb3a0f
丽水市,0000001500000031000000070000000X,5.33,2019/2/15,331100,56127070-d8b2-4285-ace7-d529909c9ae5
杭州市,0000000G0000003F0000000700000010,11.2,2019/3/12,330100,4ae34b62-58c0-414e-8671-88f25dac9d60
浙江省,0000001A00000031000000070000000X,5.11,2018/6/25,330000,c20bc4e3-4d7f-4e74-87d7-b6583541667f
杭州市,0000000G0000003F0000000700000010,9.85,2019/2/19,330100,0fcc1a8d-2ec9-40ea-8036-0f86cfa91268
湖州市,0000000X0000007T000000070000000X,35,2018/5/25,330500,ab5d6f41-81b5-4d14-9392-c004404cf5a5
丽水市,0000002200000038000000070000000X,2.33,2017/2/5,331100,de1f7aa2-972d-49f4-9f90-42d2984e1a81
舟山市,0000000G0000003F0000000700000010,10,2019/1/29,330900,646cc57d-df49-457b-932c-a96a00a355b7
温州市,0000000J0000003Q000000070000000X,46.67,2018/6/25,330300,6bc76042-4f22-4992-ad79-97964aa15c32
温州市,0000001A00000031000000070000000X,5.17,2017/9/25,330300,a94884b0-17a4-4535-aa8b-9b73550ca84c
舟山市,0000001500000031000000070000000X,4.33,2018/4/25,330900,493afbc9-d21c-4d71-a2f1-e2bd17bf8fb4
湖州市,0000001700000031000000070000000X,3.17,2018/9/15,330500,aceeb607-f1ff-4158-80c5-20d2e3001e01
杭州市,0000000Z00000031000000070000000X,6,2019/3/5,330100,dbf10a0b-0cf8-40ee-afff-06dab0bbd401
丽水市,0000000J0000003Q000000070000000X,38.67,2018/8/25,331100,311f973f-d007-4200-af1c-972f727b55b9
衢州市,0000000S0000002Z000000070000000X,9.5,2017/11/5,330800,95b9623e-586c-408b-98f2-7e87e533ace9
温州市,0000000P0000002W000000070000000X,4.13,2017/5/5,330300,479dda64-3a5d-4c1f-baaa-77c607a38d16
台州市,0000001Z00000036000000070000000X,5.67,2017/12/25,331000,0e16e5c5-f4cc-484d-a2f6-951466d6887c
杭州市,0000002P0000007W000000070000000X,3,2018/3/15,330100,e79b4226-490b-4e1a-96a7-91bcb080a7ad
金华市,0000000P0000003E0000000700000010,2.5,2017/5/23,330700,69d27e48-9267-4e1c-b732-e49d0b3de92c
衢州市,0000001E00000031000000070000000X,4,2017/2/5,330800,1cc0683f-eac9-47c0-ad77-a11f3d968225
浙江省,0000000J0000003Q000000070000000X,40.52,2018/1/5,330000,b10a2d0d-a8de-467d-8cc6-a26cfdc74376
湖州市,0000002200000038000000070000000X,4.67,2018/5/5,330500,321a57f8-2caa-485c-824a-f8bdb3276e02
舟山市,0000000Z00000031000000070000000X,3.17,2017/2/25,330900,f48b75d5-ced8-4359-81a6-e162f970c7ea
嘉兴市,0000000D0000002R000000030000000X,38,2017/1/25,330400,8004c640-327a-40ab-b417-51bd11fe9a85
杭州市,0000001K00000031000000070000000X,3.77,2017/1/5,330100,5840bb2a-f1d4-43c9-8f03-4d8915e97376
宁波市,0000000H0000003P000000070000000X,26.5,2017/6/5,330200,8bb589c9-e9b0-42ff-a44d-ffdc1be21d0c
浙江省,0000000S0000002Z000000070000000X,9.36,2018/3/15,330000,2d552005-e1c9-4454-bb0a-444807c2941e
浙江省,0000001700000031000000070000000X,2.78,2017/5/25,330000,b5205ce3-3b6d-4b68-aaba-5a2b29b58a36
浙江省,0000001Z00000036000000070000000X,5.93,2017/12/25,330000,ce33265d-9261-4171-b8d0-9400b123a5cf
舟山市,0000001A00000031000000070000000X,4.83,2017/10/5,330900,c9cde9e2-1d1f-4139-a4de-a5ffa322277f
绍兴市,0000000K0000003U000000070000000X,36.67,2018/5/25,330600,7c4360a3-4447-4a19-b773-c3e9b1c031e2
绍兴市,0000001700000031000000070000000X,2.33,2018/9/15,330600,e98e9dd8-f273-44ca-9c69-c80ca638dd57
湖州市,0000000Z00000031000000070000000X,4.33,2017/6/15,330500,51984db5-a78e-46b3-b883-530c253dedd5
宁波市,0000000H0000003P000000070000000X,26,2018/9/5,330200,433007c2-3489-4e24-9ce8-d1322530d3be
宁波市,0000000S0000002Z000000070000000X,8.27,2017/2/25,330200,ac59275e-5abb-4bd3-acd5-9f7d22186f21
绍兴市,0000001700000031000000070000000X,2.67,2018/8/5,330600,a26c91c3-2e76-43f0-8dbc-f92cb2018040
浙江省,0000000G0000003F0000000700000010,7.55,2018/5/29,330000,2687082b-f0d4-49e7-8efd-00d0d5123ac3
宁波市,0000000K0000003U000000070000000X,34.33,2018/8/25,330200,aa0fcd56-6910-4487-916a-4c94549896cd
温州市,0000002P0000007W000000070000000X,2.5,2018/12/15,330300,be01323a-e042-469c-a57a-26418e2c58b7
温州市,0000001700000031000000070000000X,3,2017/11/25,330300,0f2ece62-a9d4-4407-b91e-0941d9d29a75
嘉兴市,0000000C0000002Q000000030000000X,69.33,2018/11/25,330400,cc45d7b5-d05f-4522-a083-830c0d2b06b8
湖州市,0000001700000031000000070000000X,3.17,2018/5/5,330500,b527e2d3-5fdc-4778-83b2-5bd709d7a451
嘉兴市,0000000P0000003E0000000700000010,5.43,2019/1/22,330400,b0fb6a81-abff-424d-8df0-98cec11f92f4
绍兴市,0000001500000031000000070000000X,3.83,2018/8/25,330600,6e62eed1-94ab-4a1d-b082-ee3022e6d13c
嘉兴市,0000000P0000003E0000000700000010,3.23,2017/3/7,330400,693e4f5d-97d8-4f85-89dd-ab7cc86bc1a6
宁波市,0000000K0000003U000000070000000X,34,2017/12/25,330200,39ef2f77-4f80-4f6b-af7c-1f99befc61a6
丽水市,0000000J0000003Q000000070000000X,39,2018/6/5,331100,dbaa0386-bbee-4968-9611-61757746fd26
丽水市,0000001500000031000000070000000X,4,2017/8/5,331100,1bb597be-1e98-4460-b06a-477f784e8597
绍兴市,0000001400000031000000070000000X,6.67,2017/3/5,330600,ebf71836-6277-4ad1-9a4c-857757f183b7
湖州市,0000000G0000003F0000000700000010,9.5,2018/12/18,330500,b2536630-0a32-4ab2-809a-fbb3253a458b
衢州市,0000000C0000002Q000000030000000X,69.67,2018/7/15,330800,7d96062c-8939-424e-bef5-931e0f5fd64f
杭州市,0000000X0000007T000000070000000X,38.33,2017/10/25,330100,5d36e8d0-1045-43cf-87c0-b26954111d11
杭州市,0000000G0000003F0000000700000010,10.29,2018/1/16,330100,0f463893-713f-4652-ad36-f44927104a03
温州市,0000000X0000007T000000070000000X,50,2017/6/5,330300,fc924f1e-4f06-4f8d-8bab-efa1692ac3d2
丽水市,0000000C0000002Q000000030000000X,70.23,2017/3/5,331100,039866a9-21be-4f20-ad56-db765c4c37c8
湖州市,0000001A00000031000000070000000X,7.67,2018/4/5,330500,570976c0-7359-42fb-a63c-8ee98a045adc
浙江省,0000000J0000003Q000000070000000X,41.8,2018/9/25,330000,787b3e5a-3f1f-4663-a590-9a48a30c36e4
绍兴市,0000002200000038000000070000000X,3.43,2018/8/15,330600,daa79d4f-e7eb-4fd8-9ec2-dc72289ebec3
绍兴市,0000002200000038000000070000000X,3.33,2018/10/25,330600,65e72618-598e-4143-8c99-1bf5a07a5158
金华市,0000000C0000002Q000000030000000X,68.17,2017/3/5,330700,962ce209-39f9-4231-834a-dae367cfe8f4
金华市,0000002200000038000000070000000X,3.17,2018/6/5,330700,f120e515-b95c-41e9-ad96-d3c8cf12ed68
绍兴市,0000002U0000007X000000070000000X,4.67,2018/5/25,330600,2fb32c41-59de-43ef-96c5-34aba4963bfb
衢州市,0000000K0000003U000000070000000X,35,2017/12/5,330800,1f2f9828-ba7a-43fd-8742-dc097a7ab7af
衢州市,0000000J0000003Q000000070000000X,38,2017/8/5,330800,35b8bea0-1340-450f-b34a-48dded767d39
浙江省,0000000P0000003E0000000700000010,4.79,2018/2/20,330000,7407418d-9e5d-4203-91e7-1b594e67a03c
温州市,0000000J0000003Q000000070000000X,46.67,2017/1/25,330300,e5490dd6-9c78-445b-b465-ba352df472b0
宁波市,0000001Z00000036000000070000000X,6.5,2018/1/5,330200,aee52194-f66b-494d-a0b8-69eda81a6ff3
台州市,0000001E00000031000000070000000X,4.33,2017/6/25,331000,f970ab4e-d42b-47b4-bb80-94d7bd0753ea
湖州市,0000000J0000003S000000070000000X,37,2018/10/25,330500,5db976f0-d3b3-44df-a286-213afc18ea78
杭州市,0000001A00000031000000070000000X,5.1,2017/3/15,330100,6ce5b0b1-fabd-4b57-b1d4-38e4ea47b2a8
衢州市,0000003100000081000000130000000X,77.67,2017/3/25,330800,be496ce6-f6e9-49be-816f-d424c6362023
丽水市,0000002P0000007W000000070000000X,2.6,2018/1/15,331100,2d8298aa-49e1-4346-981b-7336a130e9d4
衢州市,0000001A00000031000000070000000X,6,2017/8/5,330800,f51cbe48-a223-4155-940c-223b110381ab
绍兴市,0000000M0000003V000000070000000X,9.5,2018/4/15,330600,6d888a1e-24c1-4726-9200-74c6b8c2d425
杭州市,0000000S0000002Z000000070000000X,8.77,2018/2/25,330100,e07f4256-25d8-4e70-8f6e-2c873bf0a50d
温州市,0000001Z00000036000000070000000X,7.5,2016/12/15,330300,20013d27-e694-4c46-93ca-3ed7a9496e26
绍兴市,0000001500000031000000070000000X,3.5,2018/4/15,330600,887098f5-a8dc-4825-9a8c-f3dcc18ee596
丽水市,0000000K0000003U000000070000000X,35,2017/1/15,331100,d9156a3b-3ed5-4d53-a089-a4b930cc2934
金华市,0000002U0000007X000000070000000X,4.17,2018/1/5,330700,faa6cba6-4a77-40c3-beb2-61ff309a84ac
杭州市,0000000H0000002T000000070000000X,16.83,2018/12/15,330100,6c9e2261-a993-432a-b63f-e21b8caa7418
丽水市,0000000G0000003F0000000700000010,12,2018/11/27,331100,349d6287-3e60-42e8-bebc-6562775659eb
绍兴市,0000003100000081000000130000000X,66,2017/9/25,330600,719eb4a0-ec6a-4869-99fa-00c45948341f
杭州市,0000001Z00000036000000070000000X,5.83,2019/1/15,330100,fb1ab5b7-743a-42dc-8783-04a708a4679b
金华市,0000001Z00000036000000070000000X,5.83,2018/6/15,330700,ac7e2cad-9ec1-4cb2-aded-28e1ba47c968
宁波市,0000001E00000031000000070000000X,4.77,2017/2/15,330200,e5379050-d0a4-4a0b-b5c5-93d34f108bc4
宁波市,0000000H0000003P000000070000000X,26.87,2018/9/25,330200,bc29410c-cd83-490f-b66e-295d810d2edb
衢州市,0000000J0000003Q000000070000000X,38.33,2017/5/25,330800,87861762-7134-4d94-b755-c542d3c435bc
金华市,0000001700000031000000070000000X,2.5,2017/8/25,330700,bdeabb9b-6b9a-404a-94a0-e2bdac97b0c4
台州市,0000000J0000003S000000070000000X,38,2019/2/25,331000,8334185b-69d3-4b5f-a048-461cf0fdfdcc
舟山市,0000002U0000007X000000070000000X,3.83,2017/11/15,330900,8dba63da-b6ac-4f06-b92c-a1162858f89d
舟山市,0000000X0000007T000000070000000X,38.33,2018/5/25,330900,7ae2aac0-dafa-456b-a16c-aa957af47107
舟山市,0000001400000031000000070000000X,6.67,2017/9/5,330900,d524eb05-1672-4687-a03e-d4f7b4e9041b
湖州市,0000000J0000003S000000070000000X,34,2017/11/5,330500,dbfeaa22-c4ac-4646-81e4-fda2d4d85d72
嘉兴市,0000001A00000031000000070000000X,6.67,2019/1/15,330400,9218f14e-aaf9-46fa-b9bf-71ec5f486344
金华市,0000001E00000031000000070000000X,2.5,2018/12/5,330700,30243a15-3fec-4de2-aba6-3b55a43f840a
宁波市,0000000G0000003F0000000700000010,11.15,2018/12/18,330200,4d0fd142-4489-4dce-804b-9f2f28627dae
浙江省,0000000H0000003P000000070000000X,25.04,2018/9/25,330000,6d443a47-e303-4b03-9d86-66c49f4144da
宁波市,0000000H0000003N000000070000000X,12.93,2018/7/5,330200,a343e53b-af6c-416c-817b-d9cced4aed7d
丽水市,0000000D0000002R000000030000000X,54.6,2017/8/5,331100,62179d6b-4236-4e46-bd1c-8af4f8f7d424
温州市,0000001400000031000000070000000X,6.33,2018/1/15,330300,952b0c87-bfb9-48e3-8654-d91d4bafd90b
湖州市,0000001400000031000000070000000X,5,2017/5/15,330500,daec69f4-526c-475e-be79-2572bdfa3633
衢州市,0000000D0000002R000000030000000X,37.67,2018/1/5,330800,523ce24a-add0-4247-bad9-25f66cb9799c
浙江省,0000000H0000003P000000070000000X,21.59,2018/7/25,330000,9f845d12-2793-4531-8f61-d740511c0ccb
浙江省,0000001Z00000036000000070000000X,6.41,2019/2/25,330000,12a6cffd-3e0a-4085-a6d5-8050d68c0302
衢州市,0000001500000031000000070000000X,4.5,2018/2/25,330800,17daddb9-c02c-4868-8728-1cad5831b33b
衢州市,0000002U0000007X000000070000000X,5,2019/2/15,330800,7f9aaf8b-e9f8-46b1-9cd2-80350ef31498
舟山市,0000000X0000007T000000070000000X,35.33,2018/9/5,330900,d7f274c3-f521-4aae-937a-8e31dad4ca91
绍兴市,0000000P0000003E0000000700000010,4,2019/1/15,330600,a8d15542-f743-432c-aab3-120717400c52
浙江省,0000000X0000007T000000070000000X,35.8,2018/10/15,330000,5ead501f-7beb-4716-ad15-a99ff19f7d5c
绍兴市,0000002P0000007W000000070000000X,2.33,2019/3/5,330600,ab294bed-85be-4791-8f35-30949cb6ea0a
嘉兴市,0000001K00000031000000070000000X,3.67,2018/1/25,330400,5db9db2b-0c1e-4ae9-b5cd-aea6490232be
杭州市,0000002P0000007W000000070000000X,2.8,2017/3/25,330100,048cd4ee-2ce1-4698-ab58-aab8d29b3397
温州市,0000001A00000031000000070000000X,4.17,2017/6/5,330300,23a69a1b-7428-41ad-8353-6f8d789c947c
温州市,0000001Z00000036000000070000000X,6.67,2018/6/15,330300,d817d1f1-ccf6-4c10-b9c5-d5813517c9c0
绍兴市,0000000G0000003F0000000700000010,6.95,2018/4/17,330600,7f8e2a56-bcc3-48a7-b66f-472cd0dfc333
丽水市,0000000G0000003F0000000700000010,9,2017/6/27,331100,3e959f86-451e-42e5-9444-febacfe0c5ab
湖州市,0000000M0000003V000000070000000X,17,2018/8/5,330500,086a2286-9933-4148-a9d2-bfea98c55d97
舟山市,0000001A00000031000000070000000X,4.5,2017/4/15,330900,0c27e9b9-9fe2-4e8d-aea8-ce17749549ef
金华市,0000000P0000003E0000000700000010,3.7,2018/3/27,330700,f60b5b21-2248-4e19-8614-dd5a7eeb1bde
湖州市,0000000D0000002R000000030000000X,36.33,2019/3/5,330500,a2a110c2-4e27-42f4-993d-ac1697120a2b
宁波市,0000002P0000007W000000070000000X,3.27,2017/12/5,330200,a4ce6ca9-363f-46b4-b167-d8988fae5dd2
温州市,0000001Z00000036000000070000000X,6.5,2017/12/15,330300,7f3fd3a6-bd54-4e9a-9820-7962a455ca91
绍兴市,0000001400000031000000070000000X,3.67,2017/6/25,330600,639eaf84-9649-452b-a78a-1e691fe2d004
湖州市,0000000G0000003F0000000700000010,10,2017/12/19,330500,99fceeb4-fa9b-46b6-bcc4-f7fedc73b2ce
温州市,0000001Z00000036000000070000000X,7.83,2017/6/25,330300,130fb829-7df5-4fb0-8d38-535d53a5f278
绍兴市,0000000X0000007T000000070000000X,51,2017/2/25,330600,b1a75adc-920c-4e93-a992-da74b6780119
嘉兴市,0000001A00000031000000070000000X,5.17,2017/3/5,330400,c03d4f25-fa15-4eb8-a0d0-2067332efde5
宁波市,0000001700000031000000070000000X,3.23,2017/7/25,330200,55863fbd-22a9-4012-bfee-fca80106535e
丽水市,0000001A00000031000000070000000X,5.33,2018/1/15,331100,a8a0e029-5820-42d2-96c0-73fc40a2f5cf
宁波市,0000001K00000031000000070000000X,3.93,2018/11/15,330200,0de2489c-73e3-45b6-84bd-5a8d5bbdc0ca
温州市,0000000X0000007T000000070000000X,34,2017/10/25,330300,7fecf3e1-6a10-490a-af8a-c0f99b9be580
嘉兴市,0000000P0000002W000000070000000X,5.33,2017/11/5,330400,4519b25e-f506-4464-974d-e4247e61a318
金华市,0000000D0000002R000000030000000X,40,2018/1/15,330700,b8d86d99-c29e-4b9d-8525-aa0747b99934
台州市,0000000X0000007T000000070000000X,25,2018/3/25,331000,140a6832-f151-4820-af59-8d7761556231
台州市,0000000M0000003V000000070000000X,10.67,2018/7/15,331000,4e6e161d-2c8a-452a-b07e-082d60437338
嘉兴市,0000001400000031000000070000000X,5.5,2018/5/15,330400,a03797da-1bed-4b62-9fb8-3d35bbfcf112
温州市,0000000H0000003N000000070000000X,16,2017/6/5,330300,15f433c3-d6ae-4cd3-8a67-6a56b7180d6f
杭州市,0000000J0000003S000000070000000X,35.83,2017/8/25,330100,4f458fc7-1f92-4179-86a2-5553566cc8f7
丽水市,0000001Z00000036000000070000000X,5.33,2017/11/25,331100,469b3967-6d78-46f1-839f-86ba2b4cd4d6
嘉兴市,0000000M0000003V000000070000000X,12.33,2019/2/5,330400,bfe78364-fd58-44c5-a108-4f8a6b78c7be
湖州市,0000000S0000002Z000000070000000X,7.83,2016/12/15,330500,94e39715-5f1d-4d18-bdc7-52ec93fc21ca
杭州市,0000002P0000007W000000070000000X,3,2018/6/25,330100,b025cef4-b37f-4427-9af1-9e0649f43b45
温州市,0000000P0000003E0000000700000010,3.1,2017/7/25,330300,c19ebc7a-8fb2-401b-b895-941dd50df3e0
台州市,0000000J0000003Q000000070000000X,38.33,2017/11/5,331000,593f79f2-9140-43ec-959d-7dea30fd4d99
丽水市,0000000G0000003F0000000700000010,9,2017/5/9,331100,cb62d9c5-dc46-4357-b57d-96fcb5084757
浙江省,0000002200000038000000070000000X,3.55,2018/4/25,330000,50c9d716-dcc7-442e-85c4-a8a8860b29fc
衢州市,0000000H0000002T000000070000000X,17.33,2017/7/15,330800,dd6c6aa0-6a64-410f-9120-61f3294de645
台州市,0000002P0000007W000000070000000X,3.28,2017/9/15,331000,9f5a5af2-b3dd-474f-9576-eba68fd8eafc
嘉兴市,0000001400000031000000070000000X,5.5,2018/1/15,330400,6a27bac2-edff-4268-86fb-c112d0c7f6ea
金华市,0000000D0000002R000000030000000X,42.17,2018/10/5,330700,c4e08919-14a9-4fad-8a11-4d0f52987c94
湖州市,0000000S0000002Z000000070000000X,9.33,2017/7/5,330500,3be75fc3-65ae-4fa7-947e-ab636f667e08
衢州市,0000001A00000031000000070000000X,5.67,2018/8/15,330800,eb5affc0-f627-4f15-99c6-f16ad7d00437
绍兴市,0000000S0000002Z000000070000000X,8.33,2018/1/15,330600,f0580927-eaf2-4367-b928-b7a48ca17dd8
衢州市,0000001A00000031000000070000000X,7,2017/11/25,330800,4f75a504-10cf-4baa-b32e-b7d12c29bdaf
台州市,0000001200000031000000070000000X,3.83,2017/8/5,331000,5a7ae51c-625b-4798-82f0-afe9a99d86fb
嘉兴市,0000000S0000002Z000000070000000X,8.67,2019/1/15,330400,406e2fdc-bd54-494b-a570-f5958b11fe93
舟山市,0000000H0000003N000000070000000X,13.33,2019/2/5,330900,34d59024-f4aa-4e57-bde4-403d51d5fac7
舟山市,0000000J0000003S000000070000000X,34.33,2018/7/25,330900,0ba82bab-0bf0-40a4-b7cb-4e6524fdbdf0
湖州市,0000001A00000031000000070000000X,7.67,2017/3/25,330500,6622ae97-38c6-4c01-8a2f-bd45d5665afa
台州市,0000000P0000003E0000000700000010,3.6,2017/1/10,331000,5b912cb3-7050-471a-9ae2-61c0bc489063
嘉兴市,0000000H0000003N000000070000000X,15,2017/9/15,330400,d1825437-1917-4c82-8817-59018cabdac2
湖州市,0000000D0000002R000000030000000X,37.67,2017/12/25,330500,efe5b4c2-92be-417a-a4ac-7377ab4174e9
宁波市,0000000P0000002W000000070000000X,4.6,2017/4/5,330200,0db144ed-c3bd-461e-9ff0-2c60d5f3a7f8
丽水市,0000000S0000002Z000000070000000X,9.67,2017/11/15,331100,85fdc4af-0c92-474c-9dd6-3999e3d3cf2c
台州市,0000000H0000003N000000070000000X,13.83,2018/12/5,331000,cc023551-6d1f-40f0-a59d-065bf8045411
湖州市,0000000J0000003S000000070000000X,34,2017/5/5,330500,86fea716-6a2d-404e-8d45-7c811b159f30
衢州市,0000000G0000003F0000000700000010,9,2017/7/18,330800,2461662b-a7e9-4d06-84c9-bdffa333163e
温州市,0000001400000031000000070000000X,7,2017/4/5,330300,c9593d67-838d-4482-9272-8241670115c1
舟山市,0000002200000038000000070000000X,3.67,2017/11/5,330900,2c1e0694-5d13-415b-8d70-1a9fdac69b29
舟山市,0000000P0000003E0000000700000010,5,2017/12/12,330900,57cf21ee-614c-44b8-beb1-d577b892c929
浙江省,0000001E00000031000000070000000X,5.26,2018/6/15,330000,cdb07b60-4f7e-4f40-a77f-84bcdc3624a8
金华市,0000000H0000003N000000070000000X,14.5,2018/9/25,330700,ae37cb51-8755-4d8a-a560-a50ca2480e73
金华市,0000000D0000002R000000030000000X,44.67,2017/5/5,330700,c5169625-63de-43b6-85f8-d9acca6c18a7
舟山市,0000000C0000002Q000000030000000X,50.3,2019/2/25,330900,30b4a676-0ec3-447a-916f-d4f791237b42
杭州市,0000000D0000002R000000030000000X,46.67,2018/10/15,330100,3a98ea1f-9665-4a31-96ef-4cae481d1649
湖州市,0000001A00000031000000070000000X,7,2018/9/15,330500,f906ffb1-73f6-4d58-aa07-3f30048c45a7
丽水市,0000000J0000003S000000070000000X,34.33,2017/6/15,331100,fd2e70f5-707e-4ec8-bda0-c8916cd622bc
杭州市,0000000K0000003U000000070000000X,35.33,2018/7/25,330100,9b9147a7-4afd-4c68-bdc6-609ac480efd9
绍兴市,0000001400000031000000070000000X,3.5,2018/7/5,330600,6dc690c6-e7a2-4c85-9794-7712fd4f33f6
绍兴市,0000000J0000003Q000000070000000X,38.33,2017/10/15,330600,e61fd9b1-48e4-472c-9416-81cbad096a58
衢州市,0000000D0000002R000000030000000X,38.33,2017/5/25,330800,9ef5ff20-c250-4514-9b88-18e7a544b777
杭州市,0000002P0000007W000000070000000X,3,2018/4/25,330100,9ba1ce5c-76b8-4c1f-bafe-e04427846ce5
金华市,0000001A00000031000000070000000X,6.17,2017/10/25,330700,e5e46dca-20cb-451e-a6d9-cd9184e1ba48
宁波市,0000000M0000003V000000070000000X,15.1,2017/12/25,330200,235a4819-a150-471c-ac06-147cf081ca2d
台州市,0000000J0000003S000000070000000X,32.67,2017/7/5,331000,21f7b406-cb55-4532-a8e1-bade1f0fc343
杭州市,0000000H0000002T000000070000000X,16,2018/7/15,330100,00fb0ade-d3e6-4b4f-a45c-a33947f69d5d
杭州市,0000000P0000003E0000000700000010,4.8,2017/11/14,330100,02df2a50-9d37-4a42-90d2-730f935fcf3d
金华市,0000001Z00000036000000070000000X,6.17,2017/11/5,330700,51b37a93-fd5f-485a-8ac8-f7766aea80aa
湖州市,0000000D0000002R000000030000000X,40,2017/3/25,330500,7ee0db1c-d968-486d-800e-bacac9cf4af7
台州市,0000002U0000007X000000070000000X,4.33,2017/4/25,331000,83da7523-320b-4b36-9ab1-87c054920ecf
丽水市,0000000P0000003E0000000700000010,2.8,2017/2/14,331100,69c63a7a-451c-427f-9b37-dbca2f7ab481
绍兴市,0000002200000038000000070000000X,2.5,2017/12/5,330600,f83bc2b5-3d9b-4061-acb7-a60e6fabd989
湖州市,0000002U0000007X000000070000000X,3.87,2018/1/5,330500,26219e71-c002-412d-bc3a-d702d6ba4fba
舟山市,0000001700000031000000070000000X,2.77,2018/9/25,330900,da012ee1-02d6-455b-a311-0f456da21143
绍兴市,0000000P0000003E0000000700000010,4,2018/6/19,330600,9fd66cf0-b68a-414b-b9b1-cd55d17fee9a
舟山市,0000000D0000002R000000030000000X,43.63,2017/1/15,330900,7840ea7e-80ff-4009-8c4c-9c1eec6afdfd
浙江省,0000000H0000002T000000070000000X,16.83,2016/12/25,330000,c0e64a50-07de-4afd-8050-b4432502d3fd
丽水市,0000000M0000003V000000070000000X,11,2017/8/15,331100,bebcc1cc-08db-4437-81e1-1349e0888ba6
台州市,0000001A00000031000000070000000X,3.83,2018/6/15,331000,149a6396-736a-4d59-80ee-b91a083af911
杭州市,0000002200000038000000070000000X,3.53,2017/2/5,330100,4846b5ee-176b-46e7-8317-771ac8785f17
浙江省,0000000P0000003E0000000700000010,4.86,2018/11/6,330000,5290c712-539f-482f-add9-73924fa99c17
湖州市,0000002P0000007W000000070000000X,3.89,2019/2/25,330500,757968d9-a55e-415d-a6eb-baa99dcf11e6
杭州市,0000000H0000002T000000070000000X,17,2017/12/15,330100,72597855-d205-4b5f-9703-aad2250e3e33
丽水市,0000001A00000031000000070000000X,6.5,2018/10/5,331100,b8be6225-1b3a-4a56-8f4f-5ad4c22e5101
衢州市,0000000X0000007T000000070000000X,25.67,2017/1/5,330800,9c4f4bd4-e120-4398-b4b0-c166b4218fd9
杭州市,0000002P0000007W000000070000000X,3,2018/2/15,330100,0e88d2a2-c978-4211-8959-d309096f837c
舟山市,0000000H0000002T000000070000000X,17.33,2017/1/5,330900,300e1de1-cf0e-4b34-b07d-2cd031c64c2b
台州市,0000000J0000003S000000070000000X,35.33,2018/2/5,331000,ef539293-10de-4963-bed3-f80d2ae8d29d
台州市,0000001Z00000036000000070000000X,6.33,2019/2/15,331000,a850516a-1247-4a7a-b9ff-7b3a92225e19
金华市,0000000J0000003S000000070000000X,36,2018/9/25,330700,76777b50-6760-4ff3-83d8-406ddf930213
舟山市,0000002200000038000000070000000X,3.67,2017/11/25,330900,e29455c0-02ad-4cc1-bca8-6c5df298dad1
宁波市,0000000Z00000031000000070000000X,6.27,2017/10/15,330200,8a80680b-906b-47db-b49e-d289148ce6be
绍兴市,0000000J0000003Q000000070000000X,43.33,2017/2/25,330600,e3f37b89-2d5d-4fa9-91d1-2cbcce70233a
杭州市,0000000G0000003F0000000700000010,11.15,2018/12/11,330100,ad294f4d-709f-4d4f-b74a-f25ee418ccc4
台州市,0000000S0000002Z000000070000000X,10.33,2017/7/5,331000,3480e617-f9fb-472a-b13d-c5f4ff76158a
金华市,0000000C0000002Q000000030000000X,68.17,2017/9/25,330700,82fced13-e8fb-4f6d-8cd6-0d09f42234f1
温州市,0000000Z00000031000000070000000X,4,2018/7/5,330300,78544041-c23e-425d-810b-08cf1949ee70
嘉兴市,0000000G0000003F0000000700000010,10.7,2018/9/4,330400,85be4228-5c7e-48de-a206-8e5d46dc0a68
浙江省,0000002200000038000000070000000X,3.74,2019/1/25,330000,08a99b0b-cfb8-4180-8450-ded9a73921a3
温州市,0000000J0000003Q000000070000000X,48.33,2017/10/5,330300,b36c43dc-a98f-4242-80e8-a4e7c37afc0f
台州市,0000001K00000031000000070000000X,2.67,2018/5/15,331000,02b8e3d0-a5cc-4996-8973-e0e7acf4a86f
衢州市,0000002U0000007X000000070000000X,5,2019/3/5,330800,9b35265b-c0c2-484e-a517-69eb38c37c59
杭州市,0000001A00000031000000070000000X,5.67,2016/12/25,330100,69513cf2-0868-42e9-a839-1bf34750ce48
湖州市,0000000S0000002Z000000070000000X,9.33,2017/7/25,330500,79618e9a-d6ae-43fa-9c2b-9a8afc91c0c4
宁波市,0000000J0000003S000000070000000X,30.5,2017/2/5,330200,ced5ff50-034f-41d4-8dd7-9679ef5c156b
湖州市,0000000D0000002R000000030000000X,37.67,2017/7/25,330500,63efa293-3d47-4e35-b0d6-b9d5302cc827
嘉兴市,0000000J0000003Q000000070000000X,40.67,2017/5/15,330400,7f178d0e-f7f2-4367-bb25-cb6af4996590
舟山市,0000000H0000002T000000070000000X,14,2018/8/25,330900,a716ee83-d694-486e-92db-f12e453ca6e2
宁波市,0000000J0000003S000000070000000X,32.83,2018/11/5,330200,4a55c868-3271-4e07-91c5-098df32089db
嘉兴市,0000001A00000031000000070000000X,7.33,2018/11/5,330400,86bfc013-e777-4ae7-8d22-e98124bbf03e
衢州市,0000000J0000003S000000070000000X,38,2018/11/5,330800,8c74d040-d6d0-4b83-9903-52f0b6d1c9ea
湖州市,0000000Z00000031000000070000000X,3.83,2017/2/5,330500,8ac6671f-4950-4a3c-9d7e-c09a73172e37
嘉兴市,0000001200000031000000070000000X,4,2018/11/25,330400,4979af05-beb3-4409-ba9e-dc1665f740d0
绍兴市,0000000Z00000031000000070000000X,5,2017/10/15,330600,cff66211-07de-46dd-aaea-8e25b0771bcb
台州市,0000000P0000002W000000070000000X,3.87,2017/4/25,331000,5809d746-6653-456d-b4a5-ec4e32844a7c
丽水市,0000000J0000003Q000000070000000X,37.33,2017/4/25,331100,3cfc8d74-f3b5-42b5-b5a2-8626a1581027
丽水市,0000000J0000003S000000070000000X,36,2018/8/5,331100,25f6dd7a-3eb1-4cb0-81e7-bc13da9b535c
衢州市,0000000H0000003P000000070000000X,24.67,2018/12/5,330800,7fc2692b-6a71-498b-b1f9-28364f3f9d6a
台州市,0000001E00000031000000070000000X,2.83,2017/4/25,331000,0cc586a5-a2e7-45d1-9fd3-848fefa9eae3
温州市,0000000J0000003Q000000070000000X,46.67,2018/3/25,330300,60674682-6100-4b06-9816-d10c1480713d
宁波市,0000000H0000002T000000070000000X,15,2018/3/15,330200,9689efd9-1046-4b11-b42c-f87027e23c48
温州市,0000001400000031000000070000000X,7,2017/8/25,330300,94721592-4d4f-4801-9cdb-e884a4f2131c
宁波市,0000000J0000003S000000070000000X,32,2018/10/5,330200,ad6a31e5-5dad-4aed-91fb-66ee9efb0d41
舟山市,0000001700000031000000070000000X,2.67,2018/7/5,330900,92e2ecc1-2b99-4654-ac50-9e87fb8d87df
温州市,0000000Z00000031000000070000000X,4.83,2018/2/15,330300,25eb3617-4e10-4961-81c6-aea483a56028
温州市,0000001K00000031000000070000000X,3.83,2019/3/15,330300,cbf570e6-4696-4a06-9fc8-e267ea06064d
温州市,0000001700000031000000070000000X,3.33,2018/3/25,330300,ef7d3991-94a7-4ad5-b140-0b0b22dcce7d
杭州市,0000001200000031000000070000000X,4,2018/6/25,330100,7a1a51c4-eb14-40fa-99a1-21a5e925b03b
湖州市,0000001A00000031000000070000000X,7.33,2017/12/5,330500,4447b99c-f1c8-4395-8f8a-2358a2b61135
舟山市,0000000H0000003N000000070000000X,14.33,2019/2/25,330900,129bc6f5-c901-4e3d-8b43-f2d9421679f7
舟山市,0000001E00000031000000070000000X,4,2018/11/15,330900,6bf2e74c-f9ef-427c-841b-42ac067771a3
舟山市,0000000M0000003V000000070000000X,13.33,2017/8/25,330900,23e5dafe-1a5e-4d4b-9ce9-be23b54a1773
绍兴市,0000000G0000003F0000000700000010,10.6,2018/9/4,330600,251d7532-258a-49ef-8362-2d93d2a4c5b6
宁波市,0000000G0000003F0000000700000010,8.92,2018/7/10,330200,93948ecb-17e7-4c32-9649-539f1732fb9b
浙江省,0000000C0000002Q000000030000000X,63.76,2018/3/15,330000,a26bb794-dbaa-4bbe-a358-085c86258f3b
金华市,0000001700000031000000070000000X,2.67,2018/8/5,330700,c1a47bbe-7d9c-418a-83ab-862f2148cc54
杭州市,0000000Z00000031000000070000000X,5.67,2017/10/15,330100,4daa2e8e-7060-4db9-be92-532e7c21b436
绍兴市,0000002P0000007W000000070000000X,2.5,2018/7/15,330600,08626a5c-88b3-4874-bf5b-8d0ad0601340
嘉兴市,0000000P0000003E0000000700000010,4.66,2018/4/10,330400,73887158-0f03-490c-a707-e1eacbac4cf0
嘉兴市,0000001700000031000000070000000X,2.83,2017/12/15,330400,31aa7d6a-83d8-4f90-8ea8-77580d2c274f
宁波市,0000000K0000003U000000070000000X,37,2018/2/5,330200,f4313b16-925f-4655-bfde-1e3b5195bf5f
台州市,0000001E00000031000000070000000X,4.5,2017/8/25,331000,df8a60e9-b707-46f7-a172-a6e0095e2ffa
丽水市,0000001K00000031000000070000000X,3.83,2017/8/25,331100,ac68b6c6-490c-47b3-a245-560a2442fee8
舟山市,0000002200000038000000070000000X,4.67,2018/10/15,330900,1a92af63-001b-4e47-9946-e9f2bda097b9
嘉兴市,0000001700000031000000070000000X,2.83,2017/12/5,330400,ae2d57b8-bbb7-414d-b94e-fc2e80952a25
台州市,0000000H0000003P000000070000000X,25.17,2019/1/25,331000,ffbf0ae6-5875-40c3-be15-7f1ed5df55d6
温州市,0000000X0000007T000000070000000X,46.67,2018/4/25,330300,8e348259-d92f-48f9-a671-72074921d205
金华市,0000002U0000007X000000070000000X,4,2018/4/5,330700,27df89d6-4419-4041-842e-f695e2b3c551
湖州市,0000003100000081000000130000000X,72.3,2018/3/25,330500,55043713-21c0-436d-9f59-6857185294f0
绍兴市,0000001400000031000000070000000X,6,2018/1/25,330600,08cdce61-a88c-4a01-a5b2-6a86603480bd
台州市,0000002P0000007W000000070000000X,3.45,2017/10/25,331000,88d1bd27-7f26-4a35-941f-fe06e18834dc
衢州市,0000000P0000002W000000070000000X,5.83,2018/2/5,330800,1fe2b91c-0bd9-4e92-ab20-71bd104ab09f
杭州市,0000000P0000003E0000000700000010,3.7,2018/7/10,330100,6d8b8ba6-e619-4ee3-8a9e-0b03f194e7e6
衢州市,0000000P0000002W000000070000000X,4.33,2017/6/25,330800,599d8ba2-ca74-4bf6-b2a1-b2ded9e00520
绍兴市,0000001K00000031000000070000000X,3,2019/1/25,330600,f8606e3c-b6c4-4c51-ba5b-b37c4a9c0519
台州市,0000001E00000031000000070000000X,4,2019/3/15,331000,a2280793-07f5-49f5-b7c8-9aa2f336eece
丽水市,0000001K00000031000000070000000X,3.83,2017/9/15,331100,81f66e21-705d-40a2-88a1-237043ba9759
杭州市,0000001400000031000000070000000X,5.67,2018/7/25,330100,77a87382-a476-4252-b7f0-a1c011bed4a5
温州市,0000000P0000002W000000070000000X,5.57,2017/11/25,330300,c93daa46-1409-4045-a413-651d606ac48f
绍兴市,0000000S0000002Z000000070000000X,7.33,2017/3/15,330600,13f43b21-7fd2-47e4-bbe2-9b090186982e
金华市,0000000J0000003Q000000070000000X,43.33,2018/2/25,330700,49072d4a-e635-4cb6-bf35-b27cb2ed79ce
嘉兴市,0000000P0000003E0000000700000010,5.33,2018/11/20,330400,89c37fdd-262b-4458-a02f-aed20935e247
绍兴市,0000000G0000003F0000000700000010,10.15,2017/5/2,330600,40598ecc-cb0d-46c9-b1d3-679fb1bad749
温州市,0000000H0000002T000000070000000X,18,2017/11/25,330300,69441997-4c13-42a2-8d1a-892bba78714c
舟山市,0000000S0000002Z000000070000000X,11.33,2017/6/25,330900,392c75f8-9403-4a5d-aee5-bc50aa8c88f3
温州市,0000000J0000003Q000000070000000X,47.67,2017/4/25,330300,e7b74fca-2d8c-4fdb-ae2e-1dd0bbc080ae
宁波市,0000002U0000007X000000070000000X,4.63,2019/3/15,330200,521dd428-6ed9-476c-96b1-404c8e6faa04
湖州市,0000000J0000003Q000000070000000X,39.67,2018/9/25,330500,2625b415-ab19-43ae-a7ac-238b5988db38
衢州市,0000000P0000002W000000070000000X,5,2017/1/5,330800,4e5055ae-0941-4948-b817-63f4f75f8b06
温州市,0000000H0000003N000000070000000X,17,2017/2/25,330300,046b3cb0-9601-4a79-8be2-366be48ad8db
温州市,0000000K0000003U000000070000000X,48,2019/2/15,330300,fa01f299-a639-4889-9883-58375fc19961
台州市,0000000Z00000031000000070000000X,4,2018/8/15,331000,2a4e8dc6-9b3d-47ac-8247-52a744ba6fdf
台州市,0000000S0000002Z000000070000000X,9.67,2017/11/25,331000,b1d518f7-fc0e-4b2b-83d5-8022e1eca9de
杭州市,0000000G0000003F0000000700000010,7.4,2018/5/22,330100,2bba9242-217d-4224-a4dd-2abbf540161e
衢州市,0000000Z00000031000000070000000X,4.67,2017/11/5,330800,bf47233d-a0f2-4b6b-b861-5bd696ccc8e9
台州市,0000000P0000002W000000070000000X,5.27,2018/8/5,331000,986c60dc-60eb-44cc-82ff-c10660fde39a
绍兴市,0000000S0000002Z000000070000000X,8,2018/5/25,330600,9bfa5d70-60ca-469e-b4cb-ece9239c8fbc
嘉兴市,0000001E00000031000000070000000X,4.67,2017/2/5,330400,99476cfe-7c84-4604-ae17-0f606d72bb9d
湖州市,0000000S0000002Z000000070000000X,8.17,2017/4/5,330500,6a70082f-2fd4-4b1b-a4b0-d543d9f8fffb
湖州市,0000000G0000003F0000000700000010,9.7,2017/9/26,330500,d8aa7b3e-9f64-4676-82af-e22edd5f7476
嘉兴市,0000000Z00000031000000070000000X,4.5,2018/5/25,330400,34b9d291-f80f-4084-9355-65b80d807884
金华市,0000000P0000002W000000070000000X,4.27,2017/7/5,330700,a5af86a1-efe2-4bee-9192-85fbeaf03fe5
台州市,0000000G0000003F0000000700000010,9,2017/10/10,331000,3d74a80d-7003-4d61-9efb-9fc45294be7f
丽水市,0000000X0000007T000000070000000X,42,2017/9/5,331100,fcc0ed6d-8138-4101-a825-b57652f6668a
嘉兴市,0000001Z00000036000000070000000X,5.67,2017/1/5,330400,7f930dff-6bae-49a4-b78c-4aea52fcc831
嘉兴市,0000000H0000002T000000070000000X,16,2018/6/15,330400,1f97f85a-b662-4283-885c-aee863166d16
湖州市,0000001K00000031000000070000000X,3.83,2016/12/25,330500,140c4f9c-8b11-4a72-adf2-19f9a7813db1
绍兴市,0000000X0000007T000000070000000X,44.33,2018/12/15,330600,7512013b-115b-49ed-b291-c5592665b7d3
金华市,0000001Z00000036000000070000000X,6,2017/6/5,330700,378494db-9749-46b6-bc41-2ec506b799ec
金华市,0000001K00000031000000070000000X,2.17,2017/2/25,330700,a13e24db-a803-4f9f-8c11-16c2e6c8ff44
温州市,0000001K00000031000000070000000X,4.5,2017/11/25,330300,ac64c055-4932-4808-a325-2a39c4147b0e
绍兴市,0000001E00000031000000070000000X,4.17,2017/6/25,330600,0a5fc84c-624d-4e6b-b28f-aa399199bcff
衢州市,0000000X0000007T000000070000000X,24,2019/1/15,330800,7f10de8e-47a2-4036-ae1e-0a2a1584efe3
衢州市,0000000J0000003S000000070000000X,35.67,2018/4/15,330800,a467d5a8-adbf-4546-b37c-8b62006fd917
绍兴市,0000001A00000031000000070000000X,3.67,2017/12/25,330600,3f557930-4f2c-46d1-8cf6-67821a6049fa
丽水市,0000000H0000003N000000070000000X,13.67,2017/5/15,331100,be59981f-6673-476a-9de8-259382d45d59
衢州市,0000000D0000002R000000030000000X,36.33,2018/9/25,330800,b5b944b2-c8a9-466c-9821-8b645c49a65e
嘉兴市,0000001700000031000000070000000X,3.67,2019/3/15,330400,1a29336c-c98b-4a3d-8dd0-4c25eab79761
舟山市,0000001200000031000000070000000X,3.17,2017/5/25,330900,50c88736-0365-403d-ba68-7712fe7d537d
衢州市,0000000S0000002Z000000070000000X,9.67,2017/6/25,330800,c84654d5-8308-4b65-9169-e4f1fae6a258
舟山市,0000000G0000003F0000000700000010,9.6,2017/7/25,330900,93a60d96-7786-459f-b78a-7823c7c1968b
丽水市,0000000M0000003V000000070000000X,11.33,2018/3/5,331100,a1f21ad2-7e05-45af-abc0-d51e31f43b29
宁波市,0000001Z00000036000000070000000X,7.2,2018/4/15,330200,3b7852d2-c4d3-46c3-886e-177ab73d0549
温州市,0000000P0000003E0000000700000010,4.05,2019/2/5,330300,5260d71b-66e4-4771-abd8-34ce657f836b
宁波市,0000000H0000003N000000070000000X,14.93,2017/1/5,330200,e0ee1203-9960-4449-986b-d04af99cb6d8
丽水市,0000000C0000002Q000000030000000X,70.23,2018/1/15,331100,3dcd4b26-aa22-4133-aa61-6b1b4b700779
金华市,0000000M0000003V000000070000000X,13,2018/12/25,330700,05bfe8fc-fb72-45a2-ba3a-eb97ddb1c0ae
温州市,0000000G0000003F0000000700000010,7.45,2018/6/12,330300,0415136a-ad03-4483-99e1-1496598c3bfd
浙江省,0000000M0000003V000000070000000X,12.15,2017/5/15,330000,873de8e7-d989-4108-bc25-fd7e718d6629
丽水市,0000001A00000031000000070000000X,3.83,2017/5/25,331100,174b882e-e53e-4d62-9b9c-46dc4f58c2d6
绍兴市,0000000H0000003N000000070000000X,13.5,2018/3/5,330600,df0b60d4-e173-4d0c-a2e7-57c086e38a69
浙江省,0000001E00000031000000070000000X,4.66,2018/11/5,330000,d0f537bf-abe8-45db-ac20-c3079096dd81
绍兴市,0000001A00000031000000070000000X,4,2018/6/25,330600,7f39ca6e-2a6d-4dc7-9136-de89d95a00e1
宁波市,0000001700000031000000070000000X,3.17,2017/12/25,330200,bf8b51fb-3025-432c-acad-1e306162b246
绍兴市,0000002U0000007X000000070000000X,4.5,2017/12/25,330600,410bdb96-0af2-41fd-8039-a1e05f2c3aad
湖州市,0000000P0000002W000000070000000X,5.83,2018/1/5,330500,f0b6880c-8aa9-4e67-a59e-54a3c8a2725d
浙江省,0000002P0000007W000000070000000X,3.06,2018/2/5,330000,2d8e6b49-7b4a-4d91-952d-15c69dc67da2
杭州市,0000000J0000003Q000000070000000X,41.83,2017/2/5,330100,bfd6871e-5798-410f-8c94-e93d29c0ae8a
绍兴市,0000001A00000031000000070000000X,4.67,2019/3/5,330600,75901d7e-255e-4a8a-b1ce-e9f33897f498
衢州市,0000000H0000003N000000070000000X,12,2018/7/25,330800,21c1bb7e-e752-4382-837c-355ee5ecd7d4
舟山市,0000001500000031000000070000000X,4,2018/8/5,330900,72097fec-c5b6-46ba-baa0-b58433b24638
温州市,0000001200000031000000070000000X,4.17,2017/1/25,330300,3a6a113a-2a08-4c45-91c8-24cea09736a9
杭州市,0000001K00000031000000070000000X,4.17,2018/9/15,330100,32345fbf-5c29-40d0-98fd-acaf4c58b6e2
宁波市,0000000K0000003U000000070000000X,33,2018/5/25,330200,88163782-5e27-4ee2-a162-e6b1541805bf
浙江省,0000002P0000007W000000070000000X,3.12,2018/4/25,330000,f8c5c152-4703-43c4-a235-d890248f1355
金华市,0000001500000031000000070000000X,3.67,2018/8/25,330700,440e5647-2b93-4eb5-adb3-91a7cebf8385
衢州市,0000002P0000007W000000070000000X,3.06,2018/4/15,330800,4fda6dcb-13f8-4dc9-a13d-4977805dfd97
金华市,0000002200000038000000070000000X,3.03,2017/7/25,330700,1a344cb5-5fb2-4e15-8ac3-991b740613bb
浙江省,0000000G0000003F0000000700000010,10.05,2017/5/2,330000,103e209e-55c6-4805-8637-cc2e5fdb9f45
温州市,0000000D0000002R000000030000000X,46.67,2017/4/5,330300,d0ff8443-289b-457b-b392-0791b0d2a4bf
嘉兴市,0000001E00000031000000070000000X,5.83,2018/9/15,330400,20064451-1ad9-4b41-b2a6-9c6fab4b4c02
舟山市,0000002U0000007X000000070000000X,3.83,2017/11/5,330900,8422c66b-8e39-4236-8441-ccd43121b977
衢州市,0000001E00000031000000070000000X,4.83,2018/5/5,330800,e0d8f8f7-f729-40c4-8fac-e82fed9602c4
金华市,0000001K00000031000000070000000X,4.17,2018/10/5,330700,486de2ca-2a47-49de-bf3d-3e4bf47045c5
舟山市,0000000P0000002W000000070000000X,4.5,2017/4/5,330900,1a770d31-6bfe-4ff2-a7f5-d631abc50075
衢州市,0000000P0000003E0000000700000010,4.75,2017/11/28,330800,5918ede0-0c24-4037-9ea6-e66c0aae4207
台州市,0000001E00000031000000070000000X,2.83,2017/3/5,331000,c47460e4-211d-467b-b4b2-ebf8da2cfbf6
台州市,0000002U0000007X000000070000000X,4.33,2017/6/15,331000,7b4e1c92-063e-4af2-a757-761c2be073c9
绍兴市,0000003100000081000000130000000X,66,2017/10/15,330600,59b69b5e-f50b-467d-a193-2272b94ac475
浙江省,0000003100000081000000130000000X,86.46,2018/11/25,330000,da0f54ed-0f65-4553-9aef-3accaa193f2a
丽水市,0000001K00000031000000070000000X,4.33,2017/10/5,331100,7a0fc231-83fc-4b8e-ba8c-9ca2cbb2c7cc
浙江省,0000000S0000002Z000000070000000X,9.05,2018/12/5,330000,941eb744-5094-40f6-b6d8-f77997012943
浙江省,0000002200000038000000070000000X,3.79,2019/2/5,330000,09b43995-50a8-46b6-8497-033e71da96fc
浙江省,0000001A00000031000000070000000X,5.87,2018/1/5,330000,28364555-d920-472b-9f5f-97ca150af66a
浙江省,0000003100000081000000130000000X,86.31,2018/12/15,330000,fc42ea94-1022-4a31-9242-1ead9fe3dfd4
绍兴市,0000000P0000002W000000070000000X,4.67,2017/3/15,330600,ad62383d-0159-4588-9040-81b1a5e49663
宁波市,0000001K00000031000000070000000X,3.7,2017/8/5,330200,ec54f4b2-b591-41ad-a602-2c32f62261b5
丽水市,0000000G0000003F0000000700000010,13.5,2018/10/9,331100,d95746ff-4e4f-4503-91b6-3ac7e51e6460
杭州市,0000001K00000031000000070000000X,3.83,2019/1/15,330100,e3d68462-5bd6-4f42-94cc-c457daed9e0c
衢州市,0000001Z00000036000000070000000X,4.67,2017/11/5,330800,a004e5bb-f532-434c-bb3d-bbbebf521a28
温州市,0000000P0000003E0000000700000010,4.7,2018/2/20,330300,54db6521-01e2-4075-bf49-be99d5da2867
绍兴市,0000000H0000002T000000070000000X,15.33,2017/4/5,330600,cb6df00b-0b25-4416-b22c-606b54ba1b4a
丽水市,0000000J0000003S000000070000000X,35.33,2017/1/25,331100,3d35d0fc-85e4-4613-8b48-a5697a9c1652
衢州市,0000000P0000003E0000000700000010,2.6,2017/4/11,330800,0f7184c8-d1f7-4028-8648-44b555a61eea
台州市,0000000C0000002Q000000030000000X,63.33,2017/1/5,331000,ee398d50-7d43-4f8b-a068-8009267edb91
绍兴市,0000002P0000007W000000070000000X,2.56,2017/1/25,330600,b665e950-518e-4019-8ce1-48e0ac1c2951
衢州市,0000002U0000007X000000070000000X,5,2019/3/15,330800,d558cc38-eff2-486c-940e-ebdac3ee45b4
绍兴市,0000002P0000007W000000070000000X,2.2,2017/5/5,330600,23857011-a57f-4c7f-96ba-b6b2dac7a880
嘉兴市,0000000H0000003N000000070000000X,15.33,2017/1/5,330400,645a8efc-337f-4198-bf22-26ef473fd551
台州市,0000001E00000031000000070000000X,5,2018/9/5,331000,ac85f4b9-4498-413c-a190-aa0bc8d06513
浙江省,0000002U0000007X000000070000000X,4.3,2017/7/5,330000,1d27d9f5-f35f-4a56-a9a1-358771fc26e8
温州市,0000002200000038000000070000000X,3.17,2017/4/5,330300,0d8b5abb-ca5c-4127-b156-2b4c8a8cf264
衢州市,0000000Z00000031000000070000000X,5,2018/2/25,330800,116609e3-5502-4785-aee6-4a4c72385062
绍兴市,0000000P0000003E0000000700000010,3,2017/5/2,330600,be8df6ec-bd98-45b3-8061-4596ccc566d7
舟山市,0000002P0000007W000000070000000X,3.33,2017/11/5,330900,fb0a0da9-9ac3-4c8a-ab38-f5f4cf6540d3
衢州市,0000000S0000002Z000000070000000X,9.33,2019/3/5,330800,b019cf20-b14d-4641-992c-cc7fdb8fa463
温州市,0000000J0000003Q000000070000000X,48.67,2018/11/5,330300,d33ec451-abf9-4eb4-8a3e-559dfb81b08e
温州市,0000001700000031000000070000000X,3,2017/9/5,330300,3cc8ec3c-18f8-4f39-941c-c1d562cd9660
浙江省,0000003100000081000000130000000X,94.04,2017/9/25,330000,01b7a9f5-f2e4-44c2-945e-032d02105aa7
台州市,0000000X0000007T000000070000000X,26.67,2016/12/25,331000,43d68ad6-c897-43a0-abd6-9a21dea1d369
浙江省,0000000G0000003F0000000700000010,10.33,2018/1/30,330000,b318d24d-7eff-4893-bdc4-59d95c24ca5f
舟山市,0000000J0000003Q000000070000000X,43,2018/12/5,330900,b25660e0-3ac6-4358-8bed-6e4b132dd2d3
衢州市,0000000H0000003P000000070000000X,23,2018/3/5,330800,07e86052-3aae-4cbc-b03a-79019bc4a15f
宁波市,0000001500000031000000070000000X,4.13,2017/4/15,330200,75e312d6-5845-4df6-932f-c9fa180df65a
宁波市,0000001500000031000000070000000X,5.6,2019/2/25,330200,1101ec91-eee6-4737-a9da-c54276deaef3
金华市,0000000G0000003F0000000700000010,10.2,2018/12/4,330700,e3df9dfe-1780-46cb-9e54-a0080b8e887b
丽水市,0000000H0000003N000000070000000X,16.67,2018/11/15,331100,913a69b8-3590-4250-a967-cb2b86428707
衢州市,0000000D0000002R000000030000000X,36.33,2018/12/25,330800,f54597dc-6751-4397-8f89-d5a45a8fe308
温州市,0000000J0000003S000000070000000X,48,2019/1/15,330300,4fccaa7b-b5a8-48e4-ad06-a755bdbc0066
嘉兴市,0000002200000038000000070000000X,3.17,2017/2/15,330400,3a550d94-e508-459a-8226-b762edde4355
嘉兴市,0000001A00000031000000070000000X,4.67,2017/7/15,330400,5878cef2-fc60-4e53-a86b-69d4b1914912
丽水市,0000002P0000007W000000070000000X,2.93,2019/1/15,331100,8c9ab5a0-618c-4e2f-b6ce-1dda8edebd07
宁波市,0000000C0000002Q000000030000000X,85.33,2017/1/15,330200,52578866-6be8-4ade-83dd-79c0c971e3a0
湖州市,0000001E00000031000000070000000X,5.33,2019/3/15,330500,7435a172-2b67-4130-97d6-0dc9523e7272
温州市,0000002P0000007W000000070000000X,2.5,2018/9/25,330300,42bc6c8c-08a7-4079-b2ce-2472973cad6c
杭州市,0000000H0000003P000000070000000X,19.83,2018/7/25,330100,275d9b1b-8639-4fe5-a54b-52505c9e9ca2
温州市,0000001E00000031000000070000000X,5.33,2017/10/5,330300,e4c9c8fb-61a4-445d-805c-b9c4944f7f3d
台州市,0000000G0000003F0000000700000010,9,2017/5/30,331000,b0e2a9de-00e8-4bb7-9c1f-b9da91c2284c
绍兴市,0000000S0000002Z000000070000000X,9.5,2017/6/25,330600,2b6cdd89-1df4-4c3a-b77e-d6ccc0c4771b
舟山市,0000000Z00000031000000070000000X,3.83,2017/4/5,330900,e4373ddf-874e-45c4-b25d-81578efba9ac
台州市,0000001700000031000000070000000X,2.5,2017/5/15,331000,894a38a0-4372-4d30-869b-820e5e7ec78e
温州市,0000000M0000003V000000070000000X,15.33,2019/3/15,330300,478e1c96-3d83-4ce9-a283-3d3fe1a56efc
衢州市,0000000P0000003E0000000700000010,3.75,2018/4/3,330800,81cf9e63-d339-4d1d-9759-80f1c3e75018
丽水市,0000002P0000007W000000070000000X,2.6,2017/4/25,331100,85c2fef7-c9bd-4146-983d-b51658d16094
丽水市,0000000H0000003P000000070000000X,19,2017/7/15,331100,46b344d7-d8d9-4724-badb-ab947aad4b80
温州市,0000000H0000003N000000070000000X,16.67,2017/3/25,330300,e4dea036-5ca8-4cce-ae99-187c752db097
温州市,0000002200000038000000070000000X,3.5,2018/7/5,330300,40c6da00-2d78-44df-9744-29afaf43292e
丽水市,0000001A00000031000000070000000X,4.83,2017/5/15,331100,55e4fae1-bf27-4ada-bd02-44970b4da311
丽水市,0000000X0000007T000000070000000X,48.33,2017/2/15,331100,ed0d18e3-da32-4cde-addf-e1659079f235
温州市,0000000C0000002Q000000030000000X,60,2017/10/25,330300,ec94809c-3a8c-4577-84a5-7496db0da855
宁波市,0000000D0000002R000000030000000X,44.43,2017/9/5,330200,73a7645d-14ca-4b0f-a564-32b348d2455a
台州市,0000000P0000003E0000000700000010,4.28,2018/7/24,331000,2b8ebfa0-0b41-4556-8b6b-35ab307b90d8
衢州市,0000000G0000003F0000000700000010,7.18,2018/3/20,330800,e0ac2c1c-2892-43ef-a3ce-8bcdb2b157c3
衢州市,0000001400000031000000070000000X,6.17,2017/3/25,330800,cc6fb6c1-ddcd-45e4-b193-95ce457af4e8
台州市,0000000C0000002Q000000030000000X,63.33,2018/10/5,331000,2febb795-50c6-45cd-893f-235631c6756f
金华市,0000000C0000002Q000000030000000X,68.17,2017/5/5,330700,7aa6d166-8aee-4411-9f34-46f1e759a35e
杭州市,0000000J0000003S000000070000000X,35.67,2018/8/5,330100,042a1b24-7b5c-4af0-9bb9-87b795f1472a
丽水市,0000001K00000031000000070000000X,3,2018/4/25,331100,a4f1f0ed-d885-4cf6-9949-df148507abc2
金华市,0000001400000031000000070000000X,5.33,2016/12/15,330700,8f89f1b0-7a72-4b4c-a0b4-535520478045
杭州市,0000002P0000007W000000070000000X,2.87,2017/7/15,330100,03268422-d536-44c9-8413-0e0f436a99b5
浙江省,0000001E00000031000000070000000X,3.32,2017/3/25,330000,aa175e35-955e-4f45-b640-cb8ce74c2fb9
嘉兴市,0000001500000031000000070000000X,4.5,2017/8/25,330400,1ea8f700-03c4-4377-bff1-f01eec0a7f5b
绍兴市,0000001700000031000000070000000X,2.17,2017/9/15,330600,82146d18-d6c9-42a8-81f0-594e0175a53e
杭州市,0000001500000031000000070000000X,4,2018/7/15,330100,757b28c8-7901-43b6-8649-a2356949d930
浙江省,0000002200000038000000070000000X,3.54,2018/5/25,330000,e7604a7f-4293-4faf-82d6-20dbb3cd9b1b
衢州市,0000000Z00000031000000070000000X,2.83,2017/2/15,330800,d103825a-b982-47fb-a9c1-9ab6f8ca79a7
嘉兴市,0000001700000031000000070000000X,2.83,2017/11/15,330400,c241c9f7-df65-44b5-886a-413f9395071d
绍兴市,0000002200000038000000070000000X,2.6,2017/4/5,330600,60eff0db-6e4d-404f-8b71-bc0b2e9d2272
嘉兴市,0000000H0000002T000000070000000X,19,2018/9/15,330400,6d235a42-4907-43b7-aeed-21874a8df8f6
宁波市,0000000J0000003Q000000070000000X,39.17,2017/2/25,330200,01acc2fe-e79e-49d6-bbc0-1436acfca48b
舟山市,0000000X0000007T000000070000000X,36.67,2018/7/15,330900,ef026646-25cb-4471-a457-ca0f2991a37f
温州市,0000000J0000003S000000070000000X,48,2018/11/5,330300,347a1fbe-eb07-4d9f-8b07-7e7c7f45b56f
温州市,0000000P0000002W000000070000000X,4.07,2017/7/5,330300,5d8c20d4-31da-4972-9bc6-ccba642f6f4c
台州市,0000000S0000002Z000000070000000X,10,2018/6/25,331000,671651a9-4741-485d-920b-a934ab6e74e6
绍兴市,0000002P0000007W000000070000000X,2.33,2018/5/15,330600,ba39cdcb-8495-44fb-9bee-8373e631972d
宁波市,0000000J0000003S000000070000000X,31.67,2018/9/15,330200,68026490-8ec6-4d70-93fe-dcbae054f8b3
嘉兴市,0000002U0000007X000000070000000X,4,2018/6/5,330400,3c6f635e-408a-4b96-b41d-b553713220bc
衢州市,0000001K00000031000000070000000X,2.33,2018/3/25,330800,8eeeff43-7fd3-4ad5-a303-153d35e92bd7
绍兴市,0000001E00000031000000070000000X,4.5,2017/9/25,330600,c422f843-0c23-440b-bc73-644f67fc82da
嘉兴市,0000002P0000007W000000070000000X,3.2,2018/4/15,330400,81fe7f13-ba24-436e-add5-03dba08e4ef1
温州市,0000002200000038000000070000000X,3.33,2017/3/15,330300,f8b924bc-8fc7-4000-969e-38af7532f0b9
丽水市,0000000P0000002W000000070000000X,5.43,2019/1/25,331100,668892e2-1981-49d5-8a88-4a189b10e465
金华市,0000001500000031000000070000000X,4.33,2017/3/5,330700,571fbcc3-4745-46d0-8d2c-d6223f7a7929
衢州市,0000000J0000003S000000070000000X,35.67,2017/7/25,330800,881c316d-ccfa-4c9d-b323-f6997b7eed55
宁波市,0000000M0000003V000000070000000X,15.23,2017/11/25,330200,12c3920d-5863-4162-98c9-c75ec85b9214
杭州市,0000000H0000002T000000070000000X,17,2018/1/5,330100,73f73192-57f6-4c8c-82c4-9a67a7a93243
嘉兴市,0000000H0000002T000000070000000X,16.17,2018/5/5,330400,12ea2eff-9832-4959-be07-2df0a5f55eeb
宁波市,0000000G0000003F0000000700000010,9.14,2018/2/27,330200,655f9182-ba8a-43ad-a829-56632e1d4585
宁波市,0000000G0000003F0000000700000010,12.87,2017/1/24,330200,ab68eeba-e077-4690-97b3-9ce594f4cc90
杭州市,0000000H0000003N000000070000000X,15.13,2018/8/5,330100,85b39d2f-4ed4-438a-8bdd-2be406f9e57a
宁波市,0000000Z00000031000000070000000X,6.4,2016/12/15,330200,04093981-5db9-4cb6-8ff2-2781db002df4
丽水市,0000000H0000003N000000070000000X,16.67,2018/10/25,331100,6c27128e-aea4-460d-9dc4-1b0cdb4f08af
衢州市,0000000J0000003Q000000070000000X,39.33,2018/10/5,330800,7bf0cce8-5ba5-42ae-a22b-df6ae8ff76d5
嘉兴市,0000002U0000007X000000070000000X,4,2017/10/15,330400,89e4cc29-f53e-4bb0-b353-7067eaa535ef
温州市,0000000P0000003E0000000700000010,2.85,2017/4/25,330300,8ff0350c-2822-4059-9c7a-a633c652919d
嘉兴市,0000001200000031000000070000000X,4.67,2018/1/25,330400,650a641f-7340-4132-b513-fe9197bc48e9
湖州市,0000001400000031000000070000000X,4.83,2018/7/15,330500,491f50e3-c4a9-4055-b806-29d3dd431601
丽水市,0000000C0000002Q000000030000000X,70.23,2017/4/5,331100,0e9ddebe-e8f2-41a4-af42-7bb456b56c90
浙江省,0000001500000031000000070000000X,4.09,2017/7/25,330000,0e00fed1-9134-46ab-813e-e81f9465164d
衢州市,0000000H0000002T000000070000000X,17.67,2018/3/25,330800,99eec362-eeac-4a1f-bfd2-69f1ee21877b
衢州市,0000000H0000003N000000070000000X,13,2017/6/5,330800,a9bbb867-e262-46ae-a22b-820aeaf65693
温州市,0000003100000081000000130000000X,63,2018/10/25,330300,0daa6deb-d271-427a-845a-4d25e4c8885c
金华市,0000000S0000002Z000000070000000X,8,2017/4/25,330700,d8151580-9f35-483b-97f7-b1dcbe830173
台州市,0000001400000031000000070000000X,9.67,2019/3/5,331000,d1875bae-b0e5-45e3-9284-9ff2fe0a87ac
丽水市,0000000J0000003S000000070000000X,40.33,2019/2/5,331100,97685a38-4adb-46b0-a541-ee37992fa3a7
衢州市,0000000J0000003Q000000070000000X,38,2018/7/15,330800,4011da61-5476-41f2-a81d-5d34200f545c
宁波市,0000001400000031000000070000000X,8.6,2019/2/25,330200,daf79f67-bab6-4090-9123-9fb49bcba4a9
丽水市,0000000S0000002Z000000070000000X,9.67,2017/8/25,331100,3bf07498-177f-489d-a4eb-4ca22ae0f58a
绍兴市,0000000M0000003V000000070000000X,9.67,2016/12/15,330600,5501b3c4-7ea5-4fba-adf0-8f8641113608
金华市,0000002P0000007W000000070000000X,3.9,2017/4/5,330700,e21c78ed-66af-44ab-becb-007985d8c55a
台州市,0000000C0000002Q000000030000000X,63.33,2017/11/25,331000,7b899ba0-72d9-4a6e-ac87-391e44fe138e
衢州市,0000000X0000007T000000070000000X,24.33,2018/7/5,330800,6c629619-b6d2-47d6-854d-d388861c81ce
嘉兴市,0000000H0000003N000000070000000X,15.67,2017/1/15,330400,662d5656-c807-4471-9fa4-7bc0561cc2a7
嘉兴市,0000000Z00000031000000070000000X,3.67,2017/1/25,330400,9d156565-9ce9-45ee-8b83-9212596292b4
台州市,0000002U0000007X000000070000000X,4.33,2017/8/15,331000,0fe3742d-72aa-4075-ade1-d5d80ccd0580
嘉兴市,0000000P0000003E0000000700000010,5.33,2018/11/6,330400,33d75483-315c-4f71-a37a-291bb1f0df59
嘉兴市,0000000H0000003P000000070000000X,22.67,2017/12/5,330400,d67ea689-876a-4247-bfb7-534bf4f92a2f
温州市,0000001700000031000000070000000X,2.83,2018/11/15,330300,979ea729-678c-4107-8add-bc60125bc54e
杭州市,0000001500000031000000070000000X,3.67,2018/6/25,330100,f6c6937b-dcdf-4595-88bc-06faacf7a165
金华市,0000000H0000003N000000070000000X,11.5,2018/8/15,330700,933d428a-55de-4d3b-b24b-1d7e71684500
舟山市,0000000J0000003S000000070000000X,36.33,2017/1/25,330900,75620c0e-c87e-4f5a-80b8-a95729d30263
衢州市,0000000G0000003F0000000700000010,8.9,2018/7/24,330800,9e2786cb-eeaa-451d-ba92-e86a0dd9b03a
宁波市,0000000G0000003F0000000700000010,10.38,2017/8/29,330200,4592534f-f52f-4aab-834a-ffa2ecb9f0c0
嘉兴市,0000002U0000007X000000070000000X,3.77,2019/3/15,330400,8d936e45-7cfa-44a4-8498-1e030af63456
丽水市,0000003100000081000000130000000X,84,2017/3/5,331100,86fd2253-d418-4311-8901-220d4f5fcb17
绍兴市,0000000J0000003S000000070000000X,35,2018/3/5,330600,ac039168-e08e-4042-b20a-a66f0306f82b
杭州市,0000001E00000031000000070000000X,5.37,2018/6/25,330100,3400c3ec-dd11-40f8-9b7b-b8a9b01c94e0
金华市,0000002P0000007W000000070000000X,3.7,2018/8/15,330700,15686585-79d5-45d3-82ee-1aac92fe576d
温州市,0000000D0000002R000000030000000X,51.33,2018/11/15,330300,c241731c-420d-4681-a402-505964f9a275
湖州市,0000000P0000002W000000070000000X,5.83,2018/2/25,330500,53993b1c-ffe9-4943-866f-27c35a37ee2e
台州市,0000000P0000002W000000070000000X,5.67,2018/2/15,331000,b12e610e-d3f7-4d07-b354-5cf088cf8626
舟山市,0000000Z00000031000000070000000X,4.5,2017/11/15,330900,2e9c722e-b4e3-43a0-a14a-ac9eba1de273
衢州市,0000001700000031000000070000000X,2.67,2017/2/15,330800,4e61c0b8-91fd-4fbf-a848-8fb882e561cd
丽水市,0000000S0000002Z000000070000000X,9.67,2018/5/15,331100,acc22ac1-8d90-497d-88c5-9046474c781d
浙江省,0000000H0000003N000000070000000X,15.55,2018/9/25,330000,e2c8637c-8c32-4e94-8bfd-c151f4684561
湖州市,0000002200000038000000070000000X,4.5,2019/2/15,330500,fa23f14f-bb2a-4fae-8f65-e93d338ff1be
宁波市,0000002P0000007W000000070000000X,2.93,2018/12/5,330200,9fe88e1b-d8d4-419d-9ba6-9d48cb65230e
台州市,0000000J0000003S000000070000000X,34.33,2018/5/15,331000,72449108-e61e-4003-9805-b82ee037e820
浙江省,0000000P0000003E0000000700000010,4.59,2017/11/7,330000,8a084708-999a-40d8-9e94-47d4b79eed65
浙江省,0000002P0000007W000000070000000X,3.04,2017/7/5,330000,abcdf993-dc3e-42b0-a822-b2c5b5446142
台州市,0000001700000031000000070000000X,2.5,2017/3/25,331000,19626820-7b28-45f9-9053-68c6130fee90
杭州市,0000000Z00000031000000070000000X,4.5,2017/1/5,330100,6e90bf2c-aa26-4ead-848e-3beb2f972ae9
舟山市,0000000J0000003Q000000070000000X,41.67,2018/1/25,330900,0ac93a0b-fc85-4ad3-95a1-d2ff3d956759
温州市,0000000K0000003U000000070000000X,48,2017/4/25,330300,4170eaf2-f16b-48ba-be25-ae0bc09c28c2
嘉兴市,0000002200000038000000070000000X,2.83,2018/8/5,330400,a3b325d5-6c0f-4db7-ab62-2018541f92f1
舟山市,0000000D0000002R000000030000000X,43.63,2017/2/15,330900,e2880de0-f740-4768-a1c6-c37fe32e9e81
台州市,0000000G0000003F0000000700000010,9.8,2019/1/1,331000,0b7398a5-c3a2-4abe-a644-555318f585e0
湖州市,0000000D0000002R000000030000000X,37,2018/5/15,330500,0b37ad3e-d9f6-4b99-9fb6-6dcbfa8e6d0c
舟山市,0000000H0000002T000000070000000X,14.33,2018/5/15,330900,78db2a3d-f397-4dd6-8bb8-51a46b9ebb37
金华市,0000000G0000003F0000000700000010,11,2019/1/22,330700,69b2ebf0-fd27-4941-9f52-a6b394054ebe
衢州市,0000001700000031000000070000000X,3,2017/3/15,330800,6dfdd1fa-1c03-40c0-92de-a06feea5eb19
绍兴市,0000001700000031000000070000000X,2.5,2019/2/5,330600,48c4ed81-42a7-4bbc-88f4-2f69fb04e8da
衢州市,0000002200000038000000070000000X,3,2017/4/5,330800,211e6bc5-8917-4d6f-8ebe-c37157cf0e3c
衢州市,0000001Z00000036000000070000000X,5,2018/5/15,330800,3c55945f-ecfa-4b85-9496-839f02541497
台州市,0000000H0000003P000000070000000X,24.33,2018/3/15,331000,47dce275-6b97-47b2-a1b3-d6cc54b7bb29
杭州市,0000000H0000003P000000070000000X,22.67,2019/1/25,330100,4517a216-f03b-497f-aabb-28280bb61832
舟山市,0000000H0000002T000000070000000X,13,2018/7/5,330900,423f3d99-6bc3-410a-9364-ed09a6aa9e89
舟山市,0000001500000031000000070000000X,4,2017/7/15,330900,838f583c-ba2f-43c3-ab90-e8ad1c58d632
丽水市,0000000P0000002W000000070000000X,5.33,2017/11/25,331100,6b1ac334-c2de-4d12-97b9-65fcec364fce
嘉兴市,0000001500000031000000070000000X,5.67,2019/1/5,330400,7852a868-8798-44af-ae14-61bf7a1089ab
嘉兴市,0000000S0000002Z000000070000000X,8.83,2018/11/15,330400,95e7a76f-475d-45a4-9262-c5a25121903c
舟山市,0000000G0000003F0000000700000010,13.9,2018/10/2,330900,3ca4f75f-b645-4f56-8789-7b4bd409d2c3
舟山市,0000000J0000003S000000070000000X,33.67,2017/5/5,330900,32678965-ae77-474c-97f3-92578172b0e3
湖州市,0000002P0000007W000000070000000X,3.89,2018/9/5,330500,bdd25f0b-119a-463d-9622-aba1549d425b
嘉兴市,0000001Z00000036000000070000000X,5.67,2017/2/5,330400,5b4c1232-12ed-4103-a0fd-908903b7ed9d
舟山市,0000000P0000003E0000000700000010,3.5,2017/7/4,330900,04f4e720-7cf5-4acb-857d-83805a414fe3
温州市,0000002U0000007X000000070000000X,4.67,2018/10/5,330300,13f70e01-b2bd-408c-9e80-996b699c7569
嘉兴市,0000000H0000003P000000070000000X,22,2017/4/15,330400,b2e2c94f-06b6-44f7-9a00-f024efc904d7
宁波市,0000002P0000007W000000070000000X,3.1,2017/4/5,330200,87a331a3-107a-4235-8557-ce22bb77b81f
宁波市,0000001500000031000000070000000X,5.47,2017/2/15,330200,13249038-3a67-4456-8e5c-19c9246efd4a
宁波市,0000001A00000031000000070000000X,5.57,2018/3/25,330200,326a20e8-b58a-4f29-946c-ca98df09995d
嘉兴市,0000000X0000007T000000070000000X,31.67,2018/5/5,330400,fafc622a-568e-4645-a2fb-1590d01e7e43
温州市,0000000J0000003Q000000070000000X,51,2019/3/15,330300,c1013f1d-56ac-4e1b-a1ab-fdf4aa167386
湖州市,0000001700000031000000070000000X,3.17,2017/7/25,330500,886633f2-29ef-4459-965b-66a80cfb6f1d
衢州市,0000002200000038000000070000000X,3,2017/4/5,330800,75ab6cf9-cb9d-4d17-b91c-433ba1fc6199
宁波市,0000001A00000031000000070000000X,5.57,2018/4/15,330200,0b302718-e6a8-43e5-980f-a8cf6b040b09
舟山市,0000000M0000003V000000070000000X,13.67,2017/6/5,330900,2fe62f51-ee53-4b01-b88f-e792cd9b52e7
浙江省,0000002U0000007X000000070000000X,4.29,2017/5/15,330000,e56d8add-c2cb-4111-9a4e-60b92c57a94f
宁波市,0000001K00000031000000070000000X,2.5,2017/5/15,330200,b5a5dbe2-e6c0-4068-b649-5978a8fdd89e
湖州市,0000000J0000003Q000000070000000X,39,2018/3/15,330500,749e10ab-0c5a-4105-a2fb-0097848cf26e
嘉兴市,0000000C0000002Q000000030000000X,66.33,2017/9/25,330400,7bf5ae3a-784d-440c-b7df-09375812815d
宁波市,0000000Z00000031000000070000000X,7.17,2018/11/5,330200,f83ab5be-6511-41fc-8e4f-b90254e756cb
绍兴市,0000001200000031000000070000000X,3.83,2017/11/15,330600,19735ac0-4906-49cf-a15f-3afd10350bda
宁波市,0000000G0000003F0000000700000010,13.47,2018/9/25,330200,f4557391-f534-4a28-9cb8-486bde445ba5
绍兴市,0000001700000031000000070000000X,2.5,2018/12/15,330600,4b10afa7-f4f5-4cfe-a419-2b322c8e2d69
杭州市,0000001Z00000036000000070000000X,6.77,2017/2/25,330100,1bef845c-ef46-4261-9872-b86ace948708
温州市,0000000Z00000031000000070000000X,4.33,2017/11/5,330300,33689eb4-bd37-483d-87b6-e749d5cb3fc0
嘉兴市,0000000H0000003P000000070000000X,21.67,2018/7/15,330400,8b8c01ae-d3c5-41d3-ac25-84cbf0872015
衢州市,0000000K0000003U000000070000000X,32.33,2017/4/15,330800,f94e00f9-e631-4e1f-83d1-818c83cf6e14
台州市,0000000G0000003F0000000700000010,12.8,2018/10/16,331000,2dcb257a-4abe-4562-9a44-a9afefcc8891
绍兴市,0000000D0000002R000000030000000X,51,2017/5/15,330600,d092f54b-c738-4fae-a5f8-e95a1fcbca4d
衢州市,0000002200000038000000070000000X,3.17,2018/11/15,330800,2ab12881-0461-43f4-9a9a-33ee08cb6639
丽水市,0000002P0000007W000000070000000X,2.6,2017/7/5,331100,2c5ffc6f-73af-48ea-94a9-b3721d2287a6
舟山市,0000000H0000003P000000070000000X,25.67,2017/4/5,330900,60453ea8-b6f8-4e42-b462-f0925e468c39
浙江省,0000000X0000007T000000070000000X,40.38,2017/4/15,330000,c98e5ace-3d99-4fd8-b42b-e9eaf846511a
杭州市,0000000J0000003S000000070000000X,37.33,2018/12/15,330100,352b400e-1f00-4ed6-883b-a915b3b9f758
丽水市,0000000X0000007T000000070000000X,60,2018/2/25,331100,b1ea3160-fc91-40fa-9107-4d332b7e7c43
舟山市,0000001400000031000000070000000X,9,2019/2/25,330900,859ccba9-bd0c-4109-b810-3f536e15014b
金华市,0000001400000031000000070000000X,4.67,2018/12/5,330700,b562fdba-0c68-4b7d-9ecd-c5114b839e4f
湖州市,0000001500000031000000070000000X,4.67,2017/12/5,330500,999bf3cf-9f27-4f6c-ae2c-6473b3f63bd3
浙江省,0000001200000031000000070000000X,3.88,2017/4/5,330000,b991ddfa-692c-4c39-9d0a-a6352ab8b237
舟山市,0000000D0000002R000000030000000X,44.97,2018/8/15,330900,6e96fbd3-03e8-4a9c-b3fc-94ae42f932da
衢州市,0000002200000038000000070000000X,2.17,2017/3/5,330800,c70ad4b3-9c12-4bd6-a5ea-b6e5c4f62e85
浙江省,0000001Z00000036000000070000000X,6.5,2019/3/5,330000,ad0f7976-504e-4533-9c41-c921a8f8cb80
温州市,0000002U0000007X000000070000000X,4.5,2018/3/15,330300,fc1877cf-3cfc-4cbd-b6d9-abd16e4222d5
金华市,0000001700000031000000070000000X,2.67,2017/3/25,330700,51969191-6d20-4276-b02a-b5cdd7285005
浙江省,0000003100000081000000130000000X,86.35,2018/6/5,330000,fafe2296-01be-4716-88ca-3b6ae3fcb299
湖州市,0000000H0000002T000000070000000X,16,2018/3/15,330500,827d5499-3bc1-4441-b489-b1c574ca874a
嘉兴市,0000000H0000003P000000070000000X,22.67,2019/3/5,330400,3e4bfaa5-ea25-4066-a5e1-b70355b2e433
浙江省,0000002U0000007X000000070000000X,4.25,2017/1/15,330000,4692d12c-fd35-4c40-9a6e-54839a95b7f1
湖州市,0000000Z00000031000000070000000X,5.67,2017/7/25,330500,12da9348-f44a-461c-a9e9-2b900bc80334
绍兴市,0000000P0000002W000000070000000X,6.17,2018/10/5,330600,c2814945-ac77-4139-9416-e1026510d5ca
衢州市,0000001A00000031000000070000000X,6.5,2018/10/25,330800,375e26df-8f99-402e-b65c-cc3b8687ebd9
台州市,0000000H0000002T000000070000000X,14.33,2017/4/15,331000,cd7134ce-78fc-4b25-856b-bcf36adeecc5
舟山市,0000002U0000007X000000070000000X,3.83,2017/12/25,330900,e9bad148-0da3-44aa-a5d2-521d7c3aa525
台州市,0000001700000031000000070000000X,2.17,2017/10/5,331000,b5ed9f3f-1cd4-4b7d-9436-d13f3bc8703f
舟山市,0000000M0000003V000000070000000X,14.67,2018/2/15,330900,69a5b896-fbc3-450a-8bd2-e1e1107cb9da
台州市,0000002U0000007X000000070000000X,4.5,2018/7/5,331000,5ded90f0-b6d8-4b09-8dd4-9b72e4dd0324
宁波市,0000000J0000003S000000070000000X,30.33,2018/1/5,330200,646cac79-bd49-4719-b55e-64f60a6d095a
丽水市,0000002U0000007X000000070000000X,4.66,2017/4/25,331100,93982bb5-831a-41b4-b0ca-91ab9a920a1a
绍兴市,0000000P0000003E0000000700000010,3.8,2017/1/10,330600,d072a520-c285-4ee7-9a10-0edd42ec13f2
衢州市,0000000D0000002R000000030000000X,37.67,2017/9/25,330800,acef647b-c398-4224-b8f1-50eb09db271d
绍兴市,0000000P0000002W000000070000000X,6,2018/10/15,330600,f8f77c65-c766-47f8-8d34-ad5da1e9a86b
丽水市,0000002U0000007X000000070000000X,4.66,2017/4/5,331100,9b53a1ee-f716-4bba-8a65-63f5a542348f
衢州市,0000000K0000003U000000070000000X,40,2019/2/5,330800,b47ec87c-a291-448a-b0bf-d961280a5ce9
台州市,0000001200000031000000070000000X,3,2017/11/25,331000,74754380-6ff2-42e2-abfa-257b9e15469d
杭州市,0000001K00000031000000070000000X,4,2018/11/5,330100,84c55058-4cdf-485b-ad48-88f668f9f144
衢州市,0000000P0000003E0000000700000010,4.4,2018/2/27,330800,95c7abf4-9b0b-4825-8c79-e6381146b83c
台州市,0000000P0000002W000000070000000X,5.67,2018/2/25,331000,f55b1a45-b3ad-4844-93b0-ba0cb42dd4f9
舟山市,0000000H0000003P000000070000000X,25.33,2018/12/5,330900,890438cf-2f29-4909-9c88-ebfc38d32a94
杭州市,0000000M0000003V000000070000000X,9.67,2016/12/25,330100,d28f4897-de59-4176-90cf-a24152914c9f
台州市,0000000G0000003F0000000700000010,10.6,2018/1/16,331000,c7d46630-3286-46d2-9552-84d4a7ac14c4
绍兴市,0000000D0000002R000000030000000X,49.33,2017/10/15,330600,30bcf070-ce83-48d6-9d7b-1872c3c088f0
嘉兴市,0000001E00000031000000070000000X,4.17,2017/5/15,330400,f5a182c3-45b3-4a10-b261-c74be77d47ca
嘉兴市,0000000G0000003F0000000700000010,10.7,2018/1/30,330400,ac72b9f1-8df7-4d90-b369-ea24f390b29c
金华市,0000001Z00000036000000070000000X,6.67,2019/2/15,330700,e676088e-4261-4825-b1c7-704486fcb6fa
金华市,0000002U0000007X000000070000000X,4.1,2017/10/25,330700,7c94ebf4-31f5-4240-a4c9-664a8067d5f4
金华市,0000000D0000002R000000030000000X,42,2017/7/25,330700,9b4f685d-907b-4d48-b939-03073ed9ae59
嘉兴市,0000000J0000003S000000070000000X,32.33,2018/7/5,330400,974133bc-2fda-42c3-9305-b7a2bcfdfb5c
嘉兴市,0000001A00000031000000070000000X,7.5,2018/2/15,330400,d801764a-6f6d-4c79-baf2-93684542f822
湖州市,0000000P0000003E0000000700000010,5,2018/11/20,330500,58412297-4c73-4907-933f-c943131e33ed
丽水市,0000002U0000007X000000070000000X,3.66,2018/5/25,331100,be19e2d8-27de-47ca-aec2-09406feb311c
舟山市,0000000Z00000031000000070000000X,3.83,2018/12/5,330900,73e5595f-dae6-491e-9d4a-17e91caa86b4
台州市,0000000X0000007T000000070000000X,30.67,2017/10/5,331000,8709c9b4-2a59-44c2-b633-53d65d532cad
嘉兴市,0000002200000038000000070000000X,3.17,2017/11/25,330400,bf5a6861-6078-4816-bc57-8627dba2d3a1
舟山市,0000000G0000003F0000000700000010,8,2018/5/22,330900,ac8f8cc7-c2b4-45ae-9d83-315737d8b3b9
湖州市,0000001200000031000000070000000X,4,2017/10/25,330500,e3f0122a-9f82-4eb1-8efc-cc5732e6d605
杭州市,0000000P0000003E0000000700000010,4.1,2018/4/17,330100,1a1d1174-6d7f-45d6-b263-77d3694da5a5
湖州市,0000001E00000031000000070000000X,5,2019/2/5,330500,ee1bed46-5794-46f6-a7bb-d5854830187c
丽水市,0000000P0000002W000000070000000X,3.83,2017/7/5,331100,63de56b4-7985-4e61-ba4e-286d1ae581ea
舟山市,0000000P0000003E0000000700000010,4.5,2018/4/10,330900,974d75f2-3508-4ace-abf9-d74818e5bba7
宁波市,0000000Z00000031000000070000000X,5.37,2018/12/5,330200,7a95ae32-93dd-4c16-83e5-7d05f0c0ce31
宁波市,0000000M0000003V000000070000000X,14.27,2018/11/15,330200,aef561ce-c647-4c3d-9f69-fa12caf31e46
浙江省,0000002U0000007X000000070000000X,4.27,2018/5/5,330000,e181835f-bf14-4cbd-abf5-3917478656c7
温州市,0000000P0000002W000000070000000X,5,2018/5/25,330300,2b2f1d80-0abd-4290-89e0-435379194f36
温州市,0000000P0000003E0000000700000010,3.8,2017/1/17,330300,c7e171c7-4538-4327-988c-46c062225e8b
杭州市,0000001Z00000036000000070000000X,6.53,2018/4/15,330100,b103077a-8649-4178-86a5-1137b09c7402
浙江省,0000001400000031000000070000000X,4.79,2017/5/25,330000,12a8b085-0cbc-4a4b-bc13-06b474238b60
台州市,0000000J0000003S000000070000000X,32.67,2017/5/25,331000,f29983a0-c53c-46c8-8ad8-5c1ee2a83026
嘉兴市,0000000H0000003P000000070000000X,23,2017/1/25,330400,aa84ddf0-c497-432a-ae82-22e9165100e9
浙江省,0000001700000031000000070000000X,2.65,2017/10/25,330000,55110fbd-a549-4428-b967-5e0b38767d2d
衢州市,0000000G0000003F0000000700000010,9.9,2017/5/16,330800,2774c739-1600-4665-bdaa-82522b6775a1
湖州市,0000001200000031000000070000000X,4,2017/11/5,330500,57d8a9ca-a25b-4e96-b664-5d5704a623f8
杭州市,0000001A00000031000000070000000X,5.33,2018/6/25,330100,06d14846-49be-4086-98d9-ee60408967b6
浙江省,0000001E00000031000000070000000X,5.07,2017/9/5,330000,024f7b9e-518c-4e99-a101-83729c874638
杭州市,0000001K00000031000000070000000X,4.67,2018/3/5,330100,0499e06d-4dd0-476a-89b9-4dcb9c18b2b5
浙江省,0000000H0000003P000000070000000X,23.21,2017/4/5,330000,ffd00721-3942-4389-b151-089f4f27948a
舟山市,0000002P0000007W000000070000000X,3.33,2017/12/15,330900,4c0fefd5-3d27-4d57-8564-1e0ff1268775
浙江省,0000001400000031000000070000000X,5.3,2017/12/25,330000,622c633d-dd0a-48ae-9ab4-068b7290e66d
金华市,0000000H0000003N000000070000000X,13,2018/3/5,330700,3c9f2780-7099-40a8-9777-3ae7a8767e4a
金华市,0000000H0000003P000000070000000X,20,2017/7/5,330700,6b3f979f-ab44-43a2-ae60-551e210bb079
台州市,0000000H0000003P000000070000000X,25,2018/3/5,331000,702e7766-0f9c-4ddf-bc62-b6582987e859
绍兴市,0000001400000031000000070000000X,4.33,2018/8/15,330600,b84ea5a5-727b-4913-9d57-1ceb6171255f
台州市,0000001A00000031000000070000000X,4.83,2017/1/5,331000,8a25ce94-3565-4484-80db-2ae2c3647907
台州市,0000000G0000003F0000000700000010,9.8,2019/1/22,331000,63c5ff68-4a68-4506-b85a-1e794a22bfc6
衢州市,0000000P0000003E0000000700000010,4.5,2018/2/13,330800,df59f015-32d7-49c3-9d91-1a71e7801c09
温州市,0000000D0000002R000000030000000X,46.67,2017/3/15,330300,73ef9099-528c-4982-ad04-0d86442f70ec
衢州市,0000000J0000003S000000070000000X,38,2018/10/25,330800,d3b3ed36-61ba-4532-a6f8-07da76d384e1
杭州市,0000001E00000031000000070000000X,5.67,2017/1/25,330100,109af967-fbce-470c-b44e-4bcccb413cce
湖州市,0000000M0000003V000000070000000X,17.67,2017/2/15,330500,6221baa5-f869-46f3-9b4f-11674b90d9f6
丽水市,0000000G0000003F0000000700000010,11.9,2017/1/10,331100,9faa3363-2f4e-4767-a075-6f93527b001b
宁波市,0000000G0000003F0000000700000010,12.37,2017/2/14,330200,405e90f1-64e5-405b-86de-833c0d2e5a51
温州市,0000000P0000002W000000070000000X,6.17,2018/12/15,330300,8c13ee87-ca0c-4afe-90f1-5b30ae0779e7
嘉兴市,0000000H0000003N000000070000000X,13.5,2018/7/25,330400,39f8d418-ea4b-416d-9935-6808fdae365e
金华市,0000000H0000003P000000070000000X,20,2017/4/15,330700,b5a37515-b0f8-4c66-b8fe-dd7e133a4e94
湖州市,0000001700000031000000070000000X,3.33,2017/4/5,330500,6f30d1a2-67ba-48f0-8cbb-48020f8755c8
嘉兴市,0000000H0000002T000000070000000X,16.67,2019/3/5,330400,9ef17ecd-a520-447c-8f4d-93cbaadd8bb1
舟山市,0000000S0000002Z000000070000000X,12,2018/3/15,330900,18e69027-c85e-4a7d-a281-135f65c72429
嘉兴市,0000000P0000003E0000000700000010,5.43,2017/12/12,330400,08cdd2ae-8a68-48b3-a605-2c2aafd47d4f
衢州市,0000000K0000003U000000070000000X,31.67,2017/6/15,330800,7298d057-f724-46c1-9c80-24acee90855e
舟山市,0000001200000031000000070000000X,6,2019/1/25,330900,928913f5-a0ba-4f71-bfbb-dd3f5b5b32e1
宁波市,0000003100000081000000130000000X,176,2017/5/15,330200,35862a89-4b7b-4d4f-bf8d-dbda27846007
衢州市,0000002U0000007X000000070000000X,4.33,2017/7/5,330800,1b5becc1-d4a7-45e7-a1b1-a647e0fc50e0
湖州市,0000001Z00000036000000070000000X,5.67,2017/8/25,330500,3858a762-9094-44c6-b675-97399ecf2358
杭州市,0000000M0000003V000000070000000X,10.5,2017/9/25,330100,b895e666-ecaf-4318-a844-edf399c9c3ac
衢州市,0000001Z00000036000000070000000X,5.33,2018/9/5,330800,07b046d6-b6c5-491c-b9a5-4669f21b3e3c
金华市,0000001A00000031000000070000000X,7.5,2018/10/5,330700,7bbf659e-ef5d-4bd1-b7a9-094cfdc439c7
绍兴市,0000000P0000002W000000070000000X,4.5,2017/4/25,330600,182ce085-7876-4ebb-95ea-b7aaa4832e20
丽水市,0000001E00000031000000070000000X,3.17,2017/5/5,331100,3913b16d-cd98-4c1e-b12d-999e827f81f1
丽水市,0000000P0000003E0000000700000010,3.8,2017/8/1,331100,a2f04882-3fea-4b60-b339-4474fdd06d89
舟山市,0000000P0000003E0000000700000010,4.5,2018/4/24,330900,0275084c-63f4-4d52-be9c-bf2d2b04b283
舟山市,0000002200000038000000070000000X,4.43,2018/11/15,330900,24580281-2cc6-4727-9666-b9efa6fac2d2
舟山市,0000001K00000031000000070000000X,2.67,2017/4/15,330900,66506f98-a6fe-443d-b667-5d738d0ecbab
衢州市,0000001E00000031000000070000000X,5.17,2018/4/15,330800,56e7a565-51a0-4fd2-843d-f7abedffa1ca
湖州市,0000001700000031000000070000000X,3.17,2018/4/15,330500,452c679e-b3a3-4cbe-b216-5f73ee8fe5a7
丽水市,0000001E00000031000000070000000X,4.67,2017/7/5,331100,d18c0e8d-c57b-4fb3-97aa-da5b0fdf0933
浙江省,0000000J0000003S000000070000000X,34.93,2018/7/5,330000,94ba4b9b-894c-40d6-a4ce-bd792e0dd0be
衢州市,0000000H0000003N000000070000000X,13,2017/5/25,330800,add72a50-9cd2-4523-ad99-95e69a2a65bd
台州市,0000001E00000031000000070000000X,3.17,2017/11/15,331000,9ea5059b-1bc3-447f-820c-c66222470342
丽水市,0000001K00000031000000070000000X,3.33,2017/5/25,331100,cb937579-7bd2-4632-8e37-c0f232e9d8e8
浙江省,0000002U0000007X000000070000000X,4.21,2017/7/15,330000,a41ae646-11a7-4159-ade8-1e7e62546ee6
杭州市,0000001400000031000000070000000X,5.8,2017/8/25,330100,1414d3a9-a566-42ae-9962-af3d5420f3f1
温州市,0000002P0000007W000000070000000X,2.33,2017/11/5,330300,19e55d8b-d3cc-4e61-9fb3-289b890c6210
浙江省,0000001200000031000000070000000X,4.18,2018/4/25,330000,8770daab-e50c-4ea4-b09e-b6adfb26d98f
金华市,0000000G0000003F0000000700000010,7.8,2018/4/10,330700,2f114d37-54fc-406b-815c-5555a17fcd24
台州市,0000000M0000003V000000070000000X,10.33,2017/3/5,331000,dc0f3642-63d2-4a7b-9848-31a2a68eb57a
杭州市,0000000S0000002Z000000070000000X,8.53,2018/4/5,330100,5e4727ac-6fee-4e6c-add1-33bf1dede811
绍兴市,0000000P0000003E0000000700000010,3.5,2017/3/7,330600,9eb2c9e0-492b-4a80-a0df-64276c2cb02b
衢州市,0000000J0000003S000000070000000X,36,2017/5/15,330800,a0435f67-b6e9-40ef-aaa3-db98fc621d32
绍兴市,0000000K0000003U000000070000000X,32.33,2017/1/5,330600,998e1b4e-acfa-4ef1-a263-623007955f88
温州市,0000000H0000003P000000070000000X,32.33,2019/2/5,330300,02cb37a4-d7d5-48dd-902b-55cbbf7130a1
丽水市,0000000P0000003E0000000700000010,4.5,2017/8/8,331100,73483216-695d-4ee5-bf60-9081c549f65f
绍兴市,0000001700000031000000070000000X,2.5,2018/10/25,330600,978d6559-86b3-4c35-b733-d559f19fde7b
温州市,0000001200000031000000070000000X,4,2018/7/25,330300,412a3b96-ef3c-4936-b85f-a88a8cc98ca1
衢州市,0000001Z00000036000000070000000X,4.67,2017/11/25,330800,aa675786-f048-4080-9efb-52334038c06b
温州市,0000000K0000003U000000070000000X,48,2017/4/15,330300,f5ca5728-0f80-4da5-9a60-979c5cef66a4
绍兴市,0000001200000031000000070000000X,4.33,2017/2/25,330600,1eb093f2-6a9b-4e79-8f78-ef3199ab3b88
嘉兴市,0000000G0000003F0000000700000010,10.25,2017/8/15,330400,59d0c5a3-3d4b-4f10-9bc4-b27e61839ceb
宁波市,0000000S0000002Z000000070000000X,9.5,2017/9/25,330200,ea069293-f4c6-43ef-9b3f-0af514a50519
温州市,0000000P0000002W000000070000000X,5.67,2018/6/25,330300,6d953f58-4fa8-4e0f-a31f-f2e2efbb220c
绍兴市,0000000P0000003E0000000700000010,4,2019/1/22,330600,2003e0a9-71a6-47d1-b147-4f9fb4df9116
温州市,0000000J0000003Q000000070000000X,47.67,2017/4/15,330300,5ea8d8a3-dcaa-42ae-b8db-8b314156da52
浙江省,0000000Z00000031000000070000000X,3.71,2018/3/15,330000,2c8d0278-2440-45a6-b2dc-10183a2e39f8
丽水市,0000000D0000002R000000030000000X,54.6,2018/5/5,331100,3573455e-56bc-44d0-85fa-27cf3fed6737
杭州市,0000001K00000031000000070000000X,4.5,2017/10/25,330100,23e97c16-e4fe-4557-a916-607005a413b4
温州市,0000001Z00000036000000070000000X,6.67,2017/9/5,330300,3fc8f7f2-9401-4131-bda7-bcaef71a54c9
嘉兴市,0000000C0000002Q000000030000000X,66,2017/5/5,330400,3b020cfd-00c8-45d9-bc35-d045bd14a92d
宁波市,0000001K00000031000000070000000X,3.1,2017/2/15,330200,31d4b9f4-ca6e-4d89-859a-7eba2283a75d
绍兴市,0000000D0000002R000000030000000X,50.33,2017/5/25,330600,5034eb4c-e2e7-4f29-ae9b-0def4c460640
浙江省,0000002U0000007X000000070000000X,4.25,2017/9/5,330000,de3da919-f043-4ba4-be87-3b1e224201e9
温州市,0000000J0000003Q000000070000000X,46.67,2018/8/5,330300,99d421bb-fde3-46a6-a658-b706530b5dea
浙江省,0000001200000031000000070000000X,3.52,2018/5/15,330000,a51f0a83-fed7-4cbe-a3e8-f3183ab38e3e
宁波市,0000000J0000003S000000070000000X,32.33,2018/4/5,330200,9d1d1ee9-1959-499d-9570-a01e4991f3e2
温州市,0000002P0000007W000000070000000X,2.17,2017/1/5,330300,0fcda8c6-bad4-4107-8423-0230601eb63f
舟山市,0000000G0000003F0000000700000010,9.6,2017/6/13,330900,54767505-0ffe-48c0-a163-7c5774eeae5d
湖州市,0000002U0000007X000000070000000X,3.77,2019/1/25,330500,90bf2883-e946-42e8-9262-d852b3af6cd8
宁波市,0000000X0000007T000000070000000X,41.17,2018/6/25,330200,efcd8d41-14c5-4ff6-8f17-ac87229c7a92
浙江省,0000001Z00000036000000070000000X,5.81,2018/5/15,330000,062551a8-146d-4034-b088-c1b5d08b33ec
衢州市,0000001500000031000000070000000X,4.33,2017/8/25,330800,2b339001-d15a-46e5-b2fd-083336a17c54
绍兴市,0000000X0000007T000000070000000X,58.67,2018/2/15,330600,c5f77256-ff13-4be7-a863-8166a40c6632
湖州市,0000000C0000002Q000000030000000X,57,2017/2/25,330500,86da9948-2494-4096-9c91-2fa4617c8daa
舟山市,0000001200000031000000070000000X,3.83,2017/4/5,330900,55589984-ae1c-44d1-9440-cb5fb6c2b2d4
台州市,0000001E00000031000000070000000X,2.5,2017/2/5,331000,66dbcda8-cd78-4ea3-9f4a-58aed27963a7
嘉兴市,0000002P0000007W000000070000000X,3.3,2018/12/15,330400,e5fcb2f4-75fb-4fc3-9bbf-001a9c784993
宁波市,0000002P0000007W000000070000000X,2.6,2018/2/25,330200,d20c1483-211e-44ea-8bd6-62bb62a041aa
杭州市,0000000Z00000031000000070000000X,8.33,2018/10/5,330100,e16485d9-d6de-4e9d-999a-5db33837b209
湖州市,0000000G0000003F0000000700000010,10.9,2017/3/21,330500,690b0d6e-64aa-4d4c-b2db-d2392a383812
杭州市,0000002200000038000000070000000X,3.53,2017/1/5,330100,0ab728f0-2874-4a23-820d-0987634c9250
衢州市,0000001Z00000036000000070000000X,5.33,2018/6/15,330800,9a0b0dfc-8043-4250-b921-a75515aa96b9
衢州市,0000000H0000003P000000070000000X,22.67,2017/4/25,330800,8defd30a-18fa-4df9-8090-962796eccde9
湖州市,0000000M0000003V000000070000000X,17,2017/12/5,330500,15477cfa-3561-4907-bebf-1715dbb3a19e
嘉兴市,0000001700000031000000070000000X,3.17,2018/2/5,330400,8ed9d2aa-f5eb-4359-8df7-bc04dbb280bc
绍兴市,0000000K0000003U000000070000000X,38,2017/4/5,330600,ff27c8ac-0014-4ea0-8957-834e99eb5fb3
温州市,0000000Z00000031000000070000000X,4.5,2018/5/15,330300,e5fcaee0-9798-4a6e-a02f-8098671daec2
衢州市,0000001E00000031000000070000000X,3.33,2018/11/25,330800,4b5eb65e-0d99-4c9d-92a1-9d8139cfd320
金华市,0000000J0000003Q000000070000000X,42,2018/9/5,330700,c7614dc4-d00a-43ea-902a-1a72342ce4f3
湖州市,0000000Z00000031000000070000000X,6.83,2018/2/15,330500,d8ab4046-581c-48b3-a8d5-8450e31e993a
台州市,0000001500000031000000070000000X,4,2017/5/25,331000,56dcd109-5816-46f1-b291-46ca5f3290f4
温州市,0000001E00000031000000070000000X,5.5,2018/2/25,330300,e5dabf41-8dc0-4059-bf99-d68b8cd7a89a
温州市,0000000Z00000031000000070000000X,4.67,2018/5/25,330300,da98494f-c3fb-4445-926a-1067cabc750c
舟山市,0000002200000038000000070000000X,4.17,2017/6/15,330900,c83a9429-d776-4795-ba7d-a0e216b0cf69
衢州市,0000000M0000003V000000070000000X,11.33,2018/11/25,330800,b0cdd8a3-7ed6-48a6-b546-b3a950c51ee1
温州市,0000001400000031000000070000000X,11.83,2019/3/15,330300,45eca77d-3ffd-4727-89b6-848f06b46cda
嘉兴市,0000000Z00000031000000070000000X,3.17,2017/3/15,330400,bb3ee403-f637-48ec-ac87-94f63e58b489
温州市,0000003100000081000000130000000X,63,2017/4/5,330300,a0030a15-2da8-400a-9996-1f5d1d173dcb
衢州市,0000001E00000031000000070000000X,4.17,2017/11/15,330800,f29f12ac-3662-454d-aa87-9929517f1808
绍兴市,0000000J0000003S000000070000000X,33.67,2017/2/5,330600,d156e312-15a2-479d-b92a-ba13fe78bcc0
温州市,0000001400000031000000070000000X,5.67,2018/11/15,330300,b240722f-3ae2-4e72-9e89-b66fc691e0a0
衢州市,0000001500000031000000070000000X,3.17,2018/6/25,330800,6aac0c81-a3fc-4d7a-a886-30123f299a55
台州市,0000000H0000002T000000070000000X,13.33,2019/2/5,331000,fc5299fa-01e4-473d-b560-d4c7f07e1ffe
丽水市,0000002200000038000000070000000X,3.33,2018/9/5,331100,8ba4fc91-ab9c-434c-bab0-bf62163d9cb7
丽水市,0000001K00000031000000070000000X,4.33,2018/11/5,331100,3d9c35c7-af80-49a0-b6cd-87e7b2859696
嘉兴市,0000001500000031000000070000000X,4.5,2018/1/5,330400,8e260098-d1f0-4bf1-a8d3-656764adc1b4
温州市,0000001A00000031000000070000000X,4.67,2017/3/25,330300,2a468627-86e2-4c62-aa73-097f9c1dc1f4
温州市,0000000K0000003U000000070000000X,45,2018/5/5,330300,c3ae5e5c-26c2-493d-884d-52a171d93656
衢州市,0000001Z00000036000000070000000X,5.33,2018/6/5,330800,796396ae-8bb3-45a0-809d-536513f30c4d
金华市,0000000J0000003Q000000070000000X,41,2018/1/15,330700,56687d1e-62ce-47d6-8701-29a890173833
杭州市,0000001Z00000036000000070000000X,6.4,2018/6/5,330100,be06a8cd-5c28-4768-ab83-d926d824c3b0
嘉兴市,0000001700000031000000070000000X,3.17,2018/3/15,330400,243ec275-0424-4a4e-b98c-aa865b5e9f8b
嘉兴市,0000001400000031000000070000000X,5.83,2017/1/5,330400,46587275-82c8-4b8c-ba44-d6abbb38d8cc
嘉兴市,0000000X0000007T000000070000000X,32.67,2017/10/5,330400,9f3eca9f-d0ae-440e-b9be-4f8ee75d27e1
宁波市,0000000H0000002T000000070000000X,15.4,2017/8/5,330200,b6c48fe9-884a-45f2-9a15-26e4bd4e73cb
嘉兴市,0000000H0000003P000000070000000X,22.33,2019/1/25,330400,3581db82-8b09-4b4a-85f7-56f08a5348ba
温州市,0000000G0000003F0000000700000010,6.98,2018/3/20,330300,9caeacb9-7838-4d81-91df-9307db59114f
嘉兴市,0000000C0000002Q000000030000000X,66.33,2017/11/5,330400,928227ac-99ef-42e3-a39d-d8e07e6b7be5
台州市,0000000X0000007T000000070000000X,30.33,2018/2/25,331000,19efb037-f81f-4519-a3d1-7e351c159d25
衢州市,0000000C0000002Q000000030000000X,70.33,2018/9/15,330800,8eb7490f-f445-4a4a-ab85-c0dd7de2e47c
温州市,0000001Z00000036000000070000000X,6.67,2018/8/25,330300,7b61dc98-e5d9-4a5f-a3da-43855548c4ca
嘉兴市,0000000P0000003E0000000700000010,5,2018/8/7,330400,c4fe76de-670c-4f2f-b616-d135211db7a7
温州市,0000000X0000007T000000070000000X,60,2018/5/25,330300,482a6901-cc94-4aac-8129-377e87401b8e
衢州市,0000002U0000007X000000070000000X,5,2018/5/15,330800,268fc81a-f792-43b8-9c24-cebe8870c382
浙江省,0000000H0000003N000000070000000X,14.23,2017/5/25,330000,785d6140-14b9-4a41-8fc4-aad8dbd783af
宁波市,0000001A00000031000000070000000X,5.03,2017/10/5,330200,a76719e4-3dce-4751-b280-6ab80d2add95
衢州市,0000001400000031000000070000000X,5,2017/8/25,330800,8b48b4aa-a0f4-4306-a74d-3d4ac8bbd73c
绍兴市,0000000H0000003P000000070000000X,25,2017/4/15,330600,b12072f9-f7af-47ef-99f5-290c9eb3db86
宁波市,0000000D0000002R000000030000000X,41.67,2018/12/15,330200,8f6f0e75-e7ea-4eb1-abfe-db791e7a5579
浙江省,0000001700000031000000070000000X,2.71,2018/6/25,330000,de69c389-1f18-4491-a0bf-082e1c977d11
温州市,0000000S0000002Z000000070000000X,9,2018/7/15,330300,29b0cc31-befb-4627-84c7-c43b3bd71ae0
宁波市,0000000H0000003N000000070000000X,14.33,2017/8/5,330200,58be80f6-5495-4e55-a89a-b8477e5c8852
杭州市,0000000H0000003N000000070000000X,14.33,2018/1/5,330100,13e34e9a-644e-4ec8-9a30-b9f74cac09f2
浙江省,0000001E00000031000000070000000X,4.55,2019/2/15,330000,f89da766-846c-4f3e-bc0f-c65737125ecc
温州市,0000000C0000002Q000000030000000X,60,2018/8/15,330300,6fb07773-1140-4dca-a313-49cb03aaa65e
温州市,0000000P0000003E0000000700000010,3.4,2017/2/21,330300,bbb9f157-6f10-4fae-a392-a41d85841669
丽水市,0000001K00000031000000070000000X,3,2016/12/25,331100,7cfdb5a0-1d8a-42fb-9302-b07517702c84
浙江省,0000001400000031000000070000000X,5.46,2017/5/5,330000,f273d2c4-605e-4f53-8401-71050140e8c3
金华市,0000000P0000002W000000070000000X,4.1,2017/4/15,330700,a18dd293-331c-4821-9c89-a831eacc18f3
宁波市,0000003100000081000000130000000X,138.33,2018/7/5,330200,edda4491-5270-4fb8-8aca-0a384b80f3de
金华市,0000001500000031000000070000000X,3.33,2017/6/15,330700,0ca7690a-f366-4887-861c-1a739202e6b4
绍兴市,0000000H0000003N000000070000000X,15.33,2019/2/15,330600,47a36d8d-c0e7-4c4b-bac9-055a2d9076d9
绍兴市,0000000S0000002Z000000070000000X,8,2018/10/15,330600,941872a5-e921-451d-ac8b-3a3d0d4a4f04
湖州市,0000000H0000002T000000070000000X,16,2018/11/5,330500,5f9985be-4b59-4fdd-b11a-c090e218afaf
衢州市,0000000X0000007T000000070000000X,26.67,2017/5/25,330800,34c0b8f7-8b61-4d82-8192-167cd69d7d02
绍兴市,0000001200000031000000070000000X,3.67,2017/12/15,330600,9dce9866-13f1-4af4-8d0c-6674acb11a6d
宁波市,0000000G0000003F0000000700000010,7.38,2018/5/15,330200,ed831ecc-68f6-461b-95ae-f111f15a613d
杭州市,0000000S0000002Z000000070000000X,8.77,2018/9/25,330100,9b2f6721-81b1-428c-9f39-7bfa634970b9
衢州市,0000000X0000007T000000070000000X,22.67,2017/12/25,330800,b2086293-89fc-4658-a138-98d0383dbf01
嘉兴市,0000000D0000002R000000030000000X,35.33,2018/10/25,330400,7b01cf04-e11b-4c2b-81f9-d9d04f3c402f
绍兴市,0000001Z00000036000000070000000X,5.17,2018/10/25,330600,f905dcd9-6330-4490-a436-36c52db7d392
舟山市,0000000P0000003E0000000700000010,3,2017/5/16,330900,82ed8135-b844-485e-9160-4958eec0d4a4
台州市,0000000H0000003N000000070000000X,14.5,2017/1/15,331000,2b58399a-c937-4696-847c-c27ba3334ce8
台州市,0000001200000031000000070000000X,4,2017/2/25,331000,c7436cb3-5dbb-47f0-91a3-46011a2ce626
衢州市,0000002U0000007X000000070000000X,4.33,2017/2/15,330800,dddcf08c-2771-4513-b92a-06dd8bf39b9f
湖州市,0000000P0000002W000000070000000X,4.5,2017/5/5,330500,03223c43-3ca3-4806-8dc1-1d05310f1835
杭州市,0000000Z00000031000000070000000X,4.47,2017/7/25,330100,aa83d4c9-7310-4eae-8acd-07c7d753677f
衢州市,0000000K0000003U000000070000000X,33,2017/3/15,330800,be5e098a-887f-48e9-b80a-e97f206cfb9c
绍兴市,0000000H0000003P000000070000000X,23.67,2018/4/25,330600,fc5ed170-29ca-4a30-a6f4-2f580e59a7a2
金华市,0000002P0000007W000000070000000X,3.9,2018/2/25,330700,1c909274-0d98-4b99-af5c-2d5efe0ed9fd
舟山市,0000000Z00000031000000070000000X,3.17,2017/5/25,330900,443e27c3-b617-48e9-b519-d5bf662b1a32
金华市,0000000H0000002T000000070000000X,16.5,2018/11/5,330700,7ba8e874-770e-4c7e-95ca-5b74c76c5ea4
嘉兴市,0000000H0000002T000000070000000X,16.67,2018/8/15,330400,0abb1d48-5b51-455a-a965-0c02bb168a5e
湖州市,0000000M0000003V000000070000000X,16.83,2018/3/5,330500,4bf52a42-b3bc-4175-bb00-09313007bdfe
金华市,0000000H0000002T000000070000000X,16.83,2017/1/25,330700,41252049-6235-4204-a631-bb7ed08ac95f
杭州市,0000001700000031000000070000000X,2.83,2016/12/25,330100,e80d9e51-c9ac-4d08-b746-e75b1f64f155
嘉兴市,0000000X0000007T000000070000000X,33,2017/2/25,330400,e6e610b3-e62f-4f8a-a5ab-e71ff746349f
嘉兴市,0000001Z00000036000000070000000X,5.67,2018/3/5,330400,9d4539cb-14fb-4f4a-a83f-f14bf85d6083
宁波市,0000002U0000007X000000070000000X,4.5,2018/10/25,330200,565fa631-3b7d-431d-9b18-8095d3cde14e
台州市,0000000Z00000031000000070000000X,4.67,2017/8/15,331000,7503b030-923e-4562-b347-a9f19964a06b
宁波市,0000000Z00000031000000070000000X,6.6,2017/11/5,330200,20133777-cb2e-4d1b-9f5e-bc0f8515aa1a
绍兴市,0000000K0000003U000000070000000X,36.67,2018/6/15,330600,2ced9f50-d9ed-46ce-8e0c-d32bcc2714cd
舟山市,0000000P0000003E0000000700000010,3.5,2017/5/2,330900,f3765ed7-7554-4c6a-8b38-a4a9296e61b3
宁波市,0000003100000081000000130000000X,138.33,2018/4/5,330200,ee95303d-53db-438b-a3cb-96cf1314aa91
舟山市,0000000J0000003S000000070000000X,38.33,2019/3/15,330900,773ba1a1-21ee-428c-918a-8901ff7f2887
湖州市,0000002U0000007X000000070000000X,3.6,2017/9/15,330500,3280c865-726c-4c8c-aec4-152e537b6174
杭州市,0000000K0000003U000000070000000X,34.67,2018/1/15,330100,ff44e902-09f4-43ac-9a47-40e4775e2fe2
温州市,0000000H0000003N000000070000000X,17.67,2018/9/15,330300,e0a4dfa1-1c5b-43b1-ab0b-9a9eb51d03bc
舟山市,0000002U0000007X000000070000000X,4.67,2019/1/5,330900,8f5e9264-43aa-4af4-9859-bdceb8a7f8c4
嘉兴市,0000000M0000003V000000070000000X,10.5,2017/10/15,330400,5684e255-363b-4a9c-a117-8fce30db8b7e
温州市,0000001500000031000000070000000X,4.83,2018/5/15,330300,12a2e51d-1206-40c7-bb5a-258373bd6014
衢州市,0000000S0000002Z000000070000000X,8.83,2017/12/25,330800,7f318019-4796-4cfa-aa80-0f37c25453fa
湖州市,0000001E00000031000000070000000X,5.17,2017/10/25,330500,2a091501-0429-4e9e-a8ba-551e10b91aff
宁波市,0000000S0000002Z000000070000000X,8.17,2017/1/25,330200,80804636-4279-4b87-9f88-a46562919429
嘉兴市,0000002P0000007W000000070000000X,3.3,2019/2/25,330400,8eaac50b-3368-41c8-a899-30fc6fdcd4ba
金华市,0000000C0000002Q000000030000000X,68.17,2017/10/25,330700,a6204eb3-1ff3-42bc-b154-3f8b7afcbcbf
湖州市,0000000G0000003F0000000700000010,9,2018/11/20,330500,cbf12adc-8964-4efa-a0c5-8d96abf6380b
杭州市,0000001200000031000000070000000X,4.43,2018/1/15,330100,7f724a89-6a3e-4829-9543-e9bbe8e7a4a1
舟山市,0000001K00000031000000070000000X,2.67,2017/5/5,330900,c87bcdae-8d15-4802-b3e5-23b95ab1a95d
台州市,0000001200000031000000070000000X,3.17,2018/5/15,331000,7a488a74-d594-405c-9ff1-4ce5b68dd383
湖州市,0000000S0000002Z000000070000000X,7.67,2016/12/25,330500,191ea438-ab8e-47f5-a249-17befb752a0a
舟山市,0000000G0000003F0000000700000010,10,2018/2/20,330900,b0b30bbf-e6e9-4b2c-a3a2-bfc2d9717020
湖州市,0000000J0000003S000000070000000X,36.33,2019/1/5,330500,53e44ad8-0876-4bcb-89e8-3747a4b9a651
宁波市,0000000D0000002R000000030000000X,41.5,2018/6/15,330200,091bf092-117e-4e3d-bd7d-0bdb814a7f64
嘉兴市,0000000Z00000031000000070000000X,4,2017/1/15,330400,ef72852a-253a-43e2-b524-046e6369cb9d
绍兴市,0000000H0000003P000000070000000X,24,2017/6/5,330600,fe89a9b5-57e4-49b2-81b1-5e8263131c65
舟山市,0000001A00000031000000070000000X,4.83,2019/1/25,330900,0e589400-ac66-4721-b052-303b0d185720
温州市,0000001400000031000000070000000X,6.67,2016/12/25,330300,bd9e90f8-60bc-4424-a75f-67f2ff6fc871
浙江省,0000000J0000003Q000000070000000X,39.56,2017/9/5,330000,e5d1823a-348a-4a2b-8b41-b01ffcf2dc9b
金华市,0000001Z00000036000000070000000X,5.33,2017/4/15,330700,83fdc8c7-3d63-4250-9832-6e7477556988
台州市,0000000H0000002T000000070000000X,13.17,2018/2/15,331000,9ac6bd09-9e00-4c06-9d16-998b5d7a0a07
金华市,0000000M0000003V000000070000000X,12.33,2017/5/5,330700,2b97e920-19b3-4637-a454-18d6ba3fa234
湖州市,0000000H0000003N000000070000000X,15.33,2016/12/15,330500,742bfdde-4199-465c-9a7f-55d9bd4f9c02
绍兴市,0000002U0000007X000000070000000X,4.67,2018/12/5,330600,113d7662-9345-4131-a759-8b33de8baca3
丽水市,0000000K0000003U000000070000000X,33.67,2017/10/5,331100,56530b26-942b-4891-a1fc-388cc132d367
嘉兴市,0000000M0000003V000000070000000X,11.33,2018/8/5,330400,c40c76d1-a7cd-4c1b-84ac-ced660f98fdd
浙江省,0000000S0000002Z000000070000000X,9.65,2017/8/15,330000,bbfbe62a-c92a-4690-80aa-1fb71e216ee3
绍兴市,0000001Z00000036000000070000000X,5.33,2018/11/25,330600,add8cc6b-07ec-4e7b-b96f-4a41d5b42f5e
杭州市,0000001A00000031000000070000000X,5,2017/4/15,330100,fd047708-0598-42a1-a497-1e6e285636af
衢州市,0000001400000031000000070000000X,4.5,2017/9/15,330800,abe85b45-b274-4b1f-9390-bb03ca6281ee
丽水市,0000001Z00000036000000070000000X,4.83,2017/2/25,331100,ab0a92f7-5ffc-4230-90f4-14edbef4556c
绍兴市,0000001200000031000000070000000X,6,2018/2/15,330600,8cc35673-8fff-4dd5-bacb-7ead7b1bfc97
浙江省,0000001200000031000000070000000X,5.44,2017/1/25,330000,48ca4e1a-a1ab-4554-ad67-5d10ed8b1bbe
温州市,0000001E00000031000000070000000X,5.5,2018/5/25,330300,7cbfb389-960f-4d50-9590-cc3a0890063b
浙江省,0000000G0000003F0000000700000010,7.24,2018/4/17,330000,5e054c31-b60d-4241-9bd0-efdc105fc84a
湖州市,0000000H0000002T000000070000000X,16.33,2017/12/5,330500,71a819c6-d1db-4526-a7cd-244af665b9a3
衢州市,0000001K00000031000000070000000X,3.33,2017/11/5,330800,7e38b89a-fdbc-4741-a354-c012a4aac936
宁波市,0000002P0000007W000000070000000X,2.93,2018/5/5,330200,a52e1329-abb8-4df2-89cf-19bf7fa457d0
嘉兴市,0000001500000031000000070000000X,5.33,2018/11/15,330400,43bd572e-0563-4233-88d0-159b3851e1a3
绍兴市,0000000D0000002R000000030000000X,49.33,2018/1/25,330600,299b87ec-b53e-4ded-860b-f1dbb6bd2cd6
宁波市,0000001K00000031000000070000000X,3.57,2017/11/15,330200,ae24e0a2-819f-449f-b41c-55b7c104135a
湖州市,0000001E00000031000000070000000X,4,2019/1/5,330500,f5eaf0ca-c996-406b-87ee-e86068c2844c
浙江省,0000000G0000003F0000000700000010,13.13,2018/9/25,330000,464b8614-035a-4293-b962-a765c9a772b3
杭州市,0000000X0000007T000000070000000X,41.67,2018/2/15,330100,00f2b3da-83bf-45ac-be0f-66705d1b6e84
金华市,0000002U0000007X000000070000000X,4.1,2018/2/15,330700,e27ac0da-f4f3-45b1-be31-6488439d7e56
金华市,0000002P0000007W000000070000000X,3.7,2018/8/25,330700,07300592-3fc2-49fb-8f66-e5a0aeb872cd
湖州市,0000000P0000002W000000070000000X,5.5,2018/3/5,330500,cf0d2f6c-005c-44ad-b108-1bf2396b07f5
舟山市,0000001E00000031000000070000000X,4.33,2019/1/25,330900,afb5ceef-43cb-4aa3-9402-8d8105f6eb6c
绍兴市,0000000G0000003F0000000700000010,9.77,2018/2/20,330600,d445bf8d-205c-4b28-bb2e-f264cb1b065e
绍兴市,0000000G0000003F0000000700000010,9.68,2017/5/23,330600,dc821f13-fd99-4fc5-9aa1-1233742bb690
金华市,0000001200000031000000070000000X,3.33,2017/3/15,330700,86118af0-041d-4029-92c7-8f1f06bec06d
宁波市,0000002200000038000000070000000X,3.5,2017/1/25,330200,5b11e862-3d08-4c0b-8f0b-1ffda5ae9018
台州市,0000000Z00000031000000070000000X,3.67,2018/1/25,331000,dd5cfcb5-456c-49b7-b652-face77a13b90
杭州市,0000001A00000031000000070000000X,5.67,2018/11/25,330100,9a789532-e83e-4558-b83d-423fbcadac59
舟山市,0000000X0000007T000000070000000X,46.67,2018/3/25,330900,4e5f6802-efc1-4861-aec5-5c7fb51834e0
台州市,0000001200000031000000070000000X,3.33,2017/5/25,331000,c2941187-f432-48d3-b280-96522417a935
绍兴市,0000000K0000003U000000070000000X,36.67,2018/5/5,330600,8bbab4f6-17a6-47f9-b907-163c62fa2d6b
杭州市,0000001500000031000000070000000X,4,2018/7/25,330100,99482d9a-0e4d-40f6-be2c-f2c5e496be99
衢州市,0000000K0000003U000000070000000X,32.33,2018/8/25,330800,0d8ac36c-8845-4165-9f52-f47a834f9fac
台州市,0000000H0000002T000000070000000X,15,2017/3/15,331000,a2175c55-d869-4b41-b40b-3a838d64bab2
杭州市,0000000K0000003U000000070000000X,35,2017/12/5,330100,38e64a9d-25aa-4ecd-9a55-c8d641c25d1e
舟山市,0000000P0000002W000000070000000X,5.33,2017/1/5,330900,b79ebe22-3449-4324-9857-c15836fb82dc
温州市,0000000C0000002Q000000030000000X,60,2018/2/5,330300,a2b13f5d-03c0-40ff-a396-2d39a56662d3
丽水市,0000000G0000003F0000000700000010,7.7,2018/7/3,331100,95e8970e-c0fe-40aa-9290-d1eaea3b1bc6
金华市,0000000G0000003F0000000700000010,7,2018/5/15,330700,17989614-7b6a-4ae8-a40e-ca989bbc34fa
温州市,0000000C0000002Q000000030000000X,60,2019/2/15,330300,c0010cdd-80a5-4caf-bfd4-aae76eef669f
舟山市,0000000D0000002R000000030000000X,44.97,2018/1/5,330900,42e2d252-575b-436a-affe-b4a8122796cb
衢州市,0000002200000038000000070000000X,3.5,2017/5/15,330800,b15ecafb-8c80-4027-8e1b-c02d3aa178fd
浙江省,0000001700000031000000070000000X,2.94,2017/3/25,330000,b9e02512-8a9b-4bd4-b5b3-0358e1327278
丽水市,0000000K0000003U000000070000000X,44.33,2019/3/5,331100,538296c5-66b0-4ed5-ba75-0a57695c5c71
温州市,0000000H0000002T000000070000000X,16.33,2018/5/25,330300,b019e75b-06c7-431b-ab04-f990d60a5d99
浙江省,0000001400000031000000070000000X,8.45,2018/2/25,330000,ab62aa04-989b-4fde-bab4-4fba3e80bc77
宁波市,0000001700000031000000070000000X,3.33,2017/3/25,330200,4cf0eb93-50cb-4cdc-b3e3-2bb7b130e117
台州市,0000000M0000003V000000070000000X,10.33,2017/7/25,331000,dfe4eb00-1551-43f7-b96c-bcad27767cf3
舟山市,0000000X0000007T000000070000000X,35.33,2018/8/5,330900,75fdeb72-751d-4672-8537-b4cd74ca0e64
宁波市,0000003100000081000000130000000X,178.67,2017/11/5,330200,1aa626b2-6ef9-4b73-a30c-60c51506ea69
衢州市,0000001E00000031000000070000000X,3.67,2017/4/15,330800,fff3eca5-a97a-4000-89fc-a73df0d75636
嘉兴市,0000000J0000003Q000000070000000X,40.67,2017/4/15,330400,5be3256a-f56e-4af7-9f1b-fc35283224ec
衢州市,0000001K00000031000000070000000X,2.5,2017/11/25,330800,569169de-beb9-451f-a44b-5730f5d8383b
舟山市,0000000H0000003N000000070000000X,16,2017/4/25,330900,1f75ee36-7ae6-4db6-a18a-8a56bc919b05
丽水市,0000000Z00000031000000070000000X,2.83,2018/1/15,331100,70d31690-fbdf-41e6-9781-296ab03d0c7b
杭州市,0000000M0000003V000000070000000X,11.6,2017/10/15,330100,a72212f6-ad2e-4e61-8d98-c03abe69fc8e
嘉兴市,0000001700000031000000070000000X,3.5,2018/5/15,330400,7cd89d59-70dd-4c30-8bad-6179126840c9
绍兴市,0000000X0000007T000000070000000X,61,2018/3/5,330600,68b77d53-1bf5-482b-9425-fe8df0b012e5
杭州市,0000000M0000003V000000070000000X,10.67,2018/9/15,330100,9d75fe1c-3420-4c51-a874-737d8da1dcba
浙江省,0000000H0000002T000000070000000X,16.13,2017/5/5,330000,4510e298-d23d-4c05-8318-f3ea6e1fcc2a
台州市,0000000J0000003Q000000070000000X,38.33,2017/8/5,331000,dae7f46f-97f6-499f-b0af-31744606a7b5
绍兴市,0000000S0000002Z000000070000000X,9,2017/7/25,330600,809c0d30-5814-4602-8a0f-5f3b102ff888
绍兴市,0000000G0000003F0000000700000010,12.35,2017/1/17,330600,77b9b2ae-b822-4638-9b1f-bc0f29c0e2a4
湖州市,0000000J0000003Q000000070000000X,39.67,2018/8/5,330500,78e3e8ad-6fe5-4687-b9f1-de1f9581a610
金华市,0000001400000031000000070000000X,10,2019/3/15,330700,8bd95897-5c68-4c58-a257-11c5912eb9be
舟山市,0000001K00000031000000070000000X,5,2018/9/15,330900,141ec7e3-7250-4bf3-99c1-14b209396137
浙江省,0000001E00000031000000070000000X,4.65,2017/10/5,330000,e4fe1701-049f-46f0-a0f5-abae3dc3928a
温州市,0000000S0000002Z000000070000000X,9.67,2017/5/5,330300,0cfcdcd0-561c-4a9c-a023-8e2c4e6904ad
温州市,0000000X0000007T000000070000000X,63.33,2018/3/5,330300,25ccba5e-26b9-46ae-ad41-8e03b5c4f9d4
衢州市,0000001500000031000000070000000X,6,2018/10/5,330800,4b7201ac-e6c6-475f-a102-da48a80b8cd2
衢州市,0000000X0000007T000000070000000X,25.67,2016/12/15,330800,1790d25a-e3f4-4d6c-92d0-188f251d6dd1
宁波市,0000000J0000003S000000070000000X,30.33,2017/11/25,330200,4b642cbb-ced2-4bcb-9278-5b989cbe5d82
台州市,0000000J0000003Q000000070000000X,38.33,2017/11/25,331000,c965bce3-fd03-41d7-97fb-e91af744ae13
丽水市,0000000H0000003N000000070000000X,13.33,2017/7/5,331100,ca09b270-c334-4d63-be2a-b1225eab20ef
绍兴市,0000002200000038000000070000000X,3.17,2018/2/25,330600,cef6fa7b-4af8-49b8-9f1f-18c865d7be9d
浙江省,0000000Z00000031000000070000000X,3.72,2017/6/5,330000,5c0faa79-a6fd-488c-8ca8-21bbe7839f22
台州市,0000002200000038000000070000000X,2.5,2018/6/25,331000,c806e467-2ceb-4699-a995-74352b402a31
湖州市,0000000Z00000031000000070000000X,3.17,2017/3/25,330500,f1432777-6de4-4e0c-b25b-3d318f993839
金华市,0000000H0000003P000000070000000X,21,2018/12/5,330700,cd284087-9ab4-4c8b-9558-d7e4a17811b8
宁波市,0000001K00000031000000070000000X,4.07,2018/9/15,330200,3c7bcc39-67c5-4d01-a4a9-fd37d862692f
湖州市,0000000P0000002W000000070000000X,6,2018/9/15,330500,c70d4999-452a-4c43-8d21-f2ad170d2e33
宁波市,0000001400000031000000070000000X,5.23,2018/8/15,330200,454229d8-35ec-42a6-8f95-f591627bbc16
舟山市,0000000S0000002Z000000070000000X,11.67,2019/1/15,330900,d21dba3e-81e0-4b7a-a9b0-cb7834bf3ab7
台州市,0000000G0000003F0000000700000010,7,2018/3/27,331000,99cb2314-dc3d-452e-87df-9ded873c0bd5
宁波市,0000000H0000002T000000070000000X,15.83,2018/9/5,330200,175769a9-52af-4509-b82a-7bfb19a8ed43
丽水市,0000000P0000003E0000000700000010,4.8,2017/11/28,331100,9784b9a7-8385-445a-a43a-b55d7be2f361
杭州市,0000000J0000003Q000000070000000X,42.1,2017/11/5,330100,e3d64ed1-d667-4ddb-aaf9-ecc5e5bd225e
嘉兴市,0000000C0000002Q000000030000000X,69.33,2018/9/25,330400,d7830c71-7a85-42ae-bd0a-4226367e69bc
绍兴市,0000000P0000003E0000000700000010,4.1,2018/6/26,330600,a7036867-a918-4e6b-a363-19587384c306
台州市,0000000J0000003Q000000070000000X,40,2018/11/25,331000,35c90f17-d022-409d-ba30-edee91141deb
浙江省,0000000P0000002W000000070000000X,4.25,2017/4/25,330000,2cada858-40b5-4221-9581-fbf59ce1ce63
浙江省,0000002P0000007W000000070000000X,3.12,2017/12/15,330000,879f9113-de49-47ac-ba6f-3e3cd8aca245
绍兴市,0000002P0000007W000000070000000X,2.33,2018/1/25,330600,52546551-0bed-4054-91b4-672727e21d48
舟山市,0000002U0000007X000000070000000X,4.33,2018/6/25,330900,cc788558-9c8f-4674-b4e3-16f88b6f5889
嘉兴市,0000000G0000003F0000000700000010,7.3,2018/5/1,330400,7ee754c5-a3d8-4473-9b00-9baa00f055cf
杭州市,0000000P0000002W000000070000000X,4.53,2017/3/15,330100,f7374332-e678-4bd9-bf0f-79c8a83ee7e6
宁波市,0000000H0000002T000000070000000X,15.33,2019/1/15,330200,0f04ac6c-3862-4fef-a74d-21f2876c26c1
浙江省,0000001K00000031000000070000000X,4,2018/2/25,330000,78faf013-4051-4e4f-bb16-b28504a3acd3
温州市,0000000Z00000031000000070000000X,4.17,2018/2/5,330300,f484bb6b-7cf1-4073-9f50-f1cbd673bfa7
舟山市,0000000J0000003S000000070000000X,37.67,2018/12/25,330900,6b0db961-3f4c-470f-b1e5-8466cf6e1197
杭州市,0000000J0000003S000000070000000X,35.67,2017/9/5,330100,29f66d35-5339-406b-bf10-3d0d7729915f
嘉兴市,0000000H0000003P000000070000000X,22.33,2018/3/15,330400,f891a03c-36c0-4d18-adb5-ea51b9bc3390
杭州市,0000000H0000002T000000070000000X,17.5,2018/3/5,330100,ce50ee07-1b69-45dc-abb1-f1972de81252
衢州市,0000001E00000031000000070000000X,5.33,2017/7/5,330800,54cae5c0-9327-4e39-b15f-917374f54532
绍兴市,0000001Z00000036000000070000000X,4.5,2017/6/25,330600,6dc28ca7-155f-49c5-9aa2-76d30cb9bb44
湖州市,0000003100000081000000130000000X,74.2,2018/1/15,330500,5c34ff35-8bf8-447e-a12c-6da86ec15f75
杭州市,0000001700000031000000070000000X,2.83,2018/1/15,330100,6ab8646b-20e0-474e-a793-7aad932aec76
湖州市,0000000J0000003S000000070000000X,34,2017/4/25,330500,6705d532-111f-4ec6-8ea6-f1750c6e96db
衢州市,0000000P0000003E0000000700000010,3.5,2019/2/19,330800,f02cb0f3-e940-4c2f-9af2-34c221650e9d
温州市,0000000D0000002R000000030000000X,51.33,2018/9/15,330300,84c02bc5-34b4-4bb1-8c4e-50847e160507
嘉兴市,0000001400000031000000070000000X,5.83,2017/4/15,330400,c8530d72-9368-44cd-bd26-a24e10f49ec7
绍兴市,0000001A00000031000000070000000X,4.17,2018/6/15,330600,5ac23800-a8f1-45da-ae9d-89f7af16f5cb
杭州市,0000000X0000007T000000070000000X,39.67,2017/8/25,330100,967f8a0c-5fe5-4bbb-8fe9-db05d877ea9d
温州市,0000000J0000003S000000070000000X,43.33,2017/11/15,330300,f12b14cf-f0b9-481d-87a3-90a9ca154ce4
浙江省,0000000P0000003E0000000700000010,4.8,2017/8/29,330000,e41b8252-deba-4872-abd6-98f0c0463e0a
绍兴市,0000000C0000002Q000000030000000X,57.67,2018/12/5,330600,afaa1933-af0e-4ec6-b474-a64060210a75
杭州市,0000001700000031000000070000000X,2.83,2017/3/5,330100,cbd6f86e-68ed-4663-9076-4d9e8e01eb13
绍兴市,0000000H0000003P000000070000000X,25,2019/2/25,330600,8a7ffb00-bcb7-4248-81de-e4e2d063d40f
台州市,0000002P0000007W000000070000000X,3.45,2018/5/15,331000,9939c09a-4040-46a0-a17a-f54862ac3059
金华市,0000001K00000031000000070000000X,2.17,2018/4/25,330700,faec9abb-bd05-4c40-822c-7af439002b38
绍兴市,0000000J0000003Q000000070000000X,42,2018/5/15,330600,f2873148-d248-4fca-8561-790041bfe7a4
丽水市,0000000P0000003E0000000700000010,4.5,2018/2/13,331100,5186cfad-ee65-450f-b16c-647081b8b6fb
浙江省,0000000M0000003V000000070000000X,12.24,2017/3/25,330000,aadf0be1-2120-4786-b6ff-c8fd583ce181
衢州市,0000000H0000003P000000070000000X,23.67,2017/3/25,330800,2729da31-a1d7-4ee5-8a33-7eb3aaa68fd9
浙江省,0000000P0000002W000000070000000X,4.97,2017/8/15,330000,19695942-8a50-440b-b2b3-be1c95ebaa40
丽水市,0000000X0000007T000000070000000X,42,2017/7/25,331100,c8de3464-7632-4a25-9e10-dba8df3c6f97
温州市,0000000M0000003V000000070000000X,14.67,2017/4/25,330300,c6fc5f6b-07f3-473d-8595-cf8eccb51115
杭州市,0000002200000038000000070000000X,2.67,2017/11/5,330100,0bc7df5b-c772-452b-ae0b-f2b3ce94dd4b
丽水市,0000000X0000007T000000070000000X,40,2018/9/15,331100,18a1de09-9073-4e90-93e8-e9dafa92f434
湖州市,0000000J0000003S000000070000000X,34,2017/12/5,330500,8de81238-b947-4f88-9992-a8f906e83a6f
丽水市,0000000X0000007T000000070000000X,40,2018/10/5,331100,e1ec6bf2-68dc-4dd8-94ba-0cc0302b5459
浙江省,0000001A00000031000000070000000X,7.51,2018/2/15,330000,0824796b-ff7c-453b-a40e-7add3d6fc0fc
丽水市,0000000H0000002T000000070000000X,14,2017/6/15,331100,e9ab9033-fcd4-4c80-b2d8-139c15265864
宁波市,0000000G0000003F0000000700000010,12.69,2018/9/4,330200,dbd99bdd-b668-45ae-a08c-278c30941d6f
杭州市,0000000J0000003Q000000070000000X,42.5,2016/12/25,330100,eebb3deb-908c-4b17-9c83-cd18f9e0d9c8
嘉兴市,0000001Z00000036000000070000000X,5.67,2017/10/25,330400,30561cf1-6ded-4201-8a39-b7745e03fbee
嘉兴市,0000001200000031000000070000000X,3.17,2017/5/25,330400,3c136300-9d3b-4784-9fe6-85e12a016bc3
宁波市,0000001A00000031000000070000000X,4,2017/7/25,330200,39218058-d384-4b78-96f0-5b22b334e4f2
温州市,0000000X0000007T000000070000000X,51,2018/4/15,330300,63cf8361-162a-49b2-97fe-2e7010831443
杭州市,0000001200000031000000070000000X,4.27,2018/5/5,330100,55283730-cefb-4e28-9681-3b2a9ee5bac4
金华市,0000000H0000002T000000070000000X,15.33,2017/10/5,330700,8163697a-6c6f-40d4-92b0-623f8818dfb1
衢州市,0000001400000031000000070000000X,5.83,2017/5/5,330800,dbc035e9-0da6-4c29-a1ed-809e9d6e7350
台州市,0000002P0000007W000000070000000X,3.28,2017/2/5,331000,a0a3d129-8182-4ffb-ae50-2d7de9ad3af5
温州市,0000000S0000002Z000000070000000X,9.67,2017/4/5,330300,b3c3d89d-12ce-4714-8916-874e6277e7a2
浙江省,0000002P0000007W000000070000000X,3.12,2018/4/5,330000,b47f8685-a3bf-4b0b-8ba0-2de0b0a518c5
宁波市,0000002P0000007W000000070000000X,3.1,2017/4/15,330200,38701a79-6176-42a8-a7bd-6b8a8a3e2e53
衢州市,0000000H0000002T000000070000000X,18.33,2017/10/5,330800,1f5e208e-0a4c-489a-82c0-bb69dedf5124
舟山市,0000001E00000031000000070000000X,2.67,2017/4/15,330900,98f71bc1-4184-4d29-b5d4-baca6b9fc386
衢州市,0000001200000031000000070000000X,3.5,2017/8/5,330800,003cbfe1-b09a-4e37-99c5-ce68554cd7bf
温州市,0000000S0000002Z000000070000000X,9.67,2017/7/25,330300,e75ae76d-5bac-4a47-ab35-70a065251012
宁波市,0000000K0000003U000000070000000X,33.83,2017/12/5,330200,2d74b7c5-e57b-4275-9301-c5aea6143aa3
金华市,0000000G0000003F0000000700000010,8.3,2018/7/17,330700,3f717bfd-b9ad-4e86-a405-d032c3548bc0
金华市,0000001A00000031000000070000000X,5.5,2018/5/15,330700,5055ad4d-2d75-4300-9ce6-e29103bebf3d
宁波市,0000000C0000002Q000000030000000X,73.33,2018/6/15,330200,a27b5ce3-11c5-4b71-afc2-ed3ffe66d2e5
嘉兴市,0000000P0000002W000000070000000X,5.5,2018/2/5,330400,624e3468-e6e2-42c6-a0c1-a4abcfbfe263
台州市,0000002200000038000000070000000X,3,2018/11/5,331000,08ced2d2-6243-40cb-a916-948120664d25
舟山市,0000000H0000003N000000070000000X,16,2017/3/5,330900,9b65a075-bd12-4dbc-9239-4fe383452909
温州市,0000001Z00000036000000070000000X,6.67,2018/2/5,330300,926c301f-2613-4fa8-8957-4164a61bae6d
衢州市,0000000G0000003F0000000700000010,11.2,2017/2/28,330800,363b12b4-a56c-4123-8705-0b88ae82b2d5
金华市,0000000H0000002T000000070000000X,16.83,2019/2/5,330700,8e7f44c1-82df-44a9-ae68-23c0feaa7cc6
杭州市,0000000H0000002T000000070000000X,17.33,2017/6/25,330100,96b095a8-36e3-4f61-b4f8-d9a7dad548a4
衢州市,0000000D0000002R000000030000000X,38.33,2017/10/15,330800,48281bf5-fc6a-4066-902c-c10f63a9bd1c
金华市,0000000H0000003P000000070000000X,20.33,2019/2/25,330700,b068a2ec-1972-481b-ad40-c6300c6413cf
绍兴市,0000000C0000002Q000000030000000X,59,2017/5/15,330600,fae44a4b-5900-4025-97dd-5421d80c14c5
嘉兴市,0000000J0000003S000000070000000X,31.67,2018/4/25,330400,da8bc908-79d8-43c4-ba7a-d9a63e1049a2
舟山市,0000000M0000003V000000070000000X,15.67,2019/2/25,330900,07d592cc-a45a-4f3f-91cb-dfa2a9e55917
湖州市,0000000C0000002Q000000030000000X,57.67,2018/3/25,330500,eea35bca-4c60-4e19-ab02-6b05e080c2d8
丽水市,0000000G0000003F0000000700000010,12,2017/1/17,331100,260c8fcb-efa2-46d4-a8f4-fed3b61c5ae6
湖州市,0000002200000038000000070000000X,4.17,2017/8/25,330500,128f88e1-138b-47dc-98f8-bff4c43b2ed7
绍兴市,0000001400000031000000070000000X,5.17,2018/5/5,330600,d85ee2a2-46a9-4fd5-9080-6361d5d0fa22
嘉兴市,0000000H0000003P000000070000000X,23.33,2018/2/25,330400,783a7e03-2bef-41cb-8f21-9b895dceca5a
浙江省,0000000Z00000031000000070000000X,4.65,2019/3/5,330000,0978250a-4519-4b4a-a4e7-5fed4ef3d8a7
湖州市,0000002P0000007W000000070000000X,3.89,2017/4/5,330500,082cc5af-1d52-4f44-b877-513d72fdc2f3
绍兴市,0000000H0000003N000000070000000X,12.33,2018/7/5,330600,2bd51c8b-2a8d-4a35-a23b-c75ace7a2043
湖州市,0000000H0000002T000000070000000X,15,2018/8/15,330500,bd676ee4-9990-452b-8564-bebb64c0ce94
绍兴市,0000001Z00000036000000070000000X,5.17,2019/3/5,330600,0a4fe787-9c8f-4d0d-9b49-4806a08bef11
台州市,0000000P0000002W000000070000000X,4.93,2018/7/5,331000,bde88093-2bd0-48d5-886f-21e9d5bfdad1
金华市,0000001K00000031000000070000000X,3.83,2017/8/25,330700,37b92d4d-5e12-48b5-907b-a9c118aae653
舟山市,0000001Z00000036000000070000000X,8.17,2018/10/25,330900,ffab0e65-82dd-4211-94cd-55bf77b143fd
台州市,0000000J0000003S000000070000000X,36.33,2018/11/5,331000,54f3e406-64ab-45f2-a50b-92b3ded9f234
丽水市,0000000C0000002Q000000030000000X,70.23,2018/6/5,331100,ad98e19b-1703-4506-bc71-11a6054589d4
衢州市,0000000K0000003U000000070000000X,32.33,2018/6/5,330800,ac55745e-8825-4959-bb81-14d3f141afc8
衢州市,0000000M0000003V000000070000000X,11.67,2018/8/5,330800,e06cbf83-b994-41a4-ba29-1797879e4baa
舟山市,0000000H0000002T000000070000000X,15.33,2017/7/15,330900,e9ddb78c-6dda-46a0-af2d-c48e2014d742
温州市,0000001500000031000000070000000X,5.83,2019/1/25,330300,c1d7da74-3082-4a03-9591-0fda6e4e7ea7
衢州市,0000001500000031000000070000000X,4,2017/7/5,330800,fd473f52-4232-4982-91bc-a110993198b5
丽水市,0000001Z00000036000000070000000X,5.67,2017/1/25,331100,8ee63b98-a8fe-47d9-87ef-45f02b7d3eb7
绍兴市,0000000G0000003F0000000700000010,9.72,2017/10/10,330600,aa4391eb-33d1-4667-a49f-3680dfcd0232
浙江省,0000002200000038000000070000000X,3.26,2017/4/15,330000,31165dfa-8eb9-4341-b103-fa443f076138
浙江省,0000000J0000003S000000070000000X,34.7,2017/4/15,330000,0ebaeb14-da89-4e98-a7d8-f077d4b531f9
衢州市,0000001400000031000000070000000X,5,2018/10/5,330800,86ee6ce5-9e2c-4166-a39a-dea7140937f2
金华市,0000000C0000002Q000000030000000X,68.87,2018/11/25,330700,637df9da-6d9e-4a3a-b4d0-b97ec1262328
浙江省,0000000D0000002R000000030000000X,44.18,2017/6/15,330000,5039cdb7-f912-40fe-99c1-afff5f74e7f0
嘉兴市,0000000P0000003E0000000700000010,3.43,2017/2/21,330400,0ad02f14-9298-4ba3-a5a3-21be12ab89e5
舟山市,0000000J0000003Q000000070000000X,40.67,2017/3/25,330900,7baab889-8720-4750-a90c-d771138a6456
嘉兴市,0000002P0000007W000000070000000X,3.2,2017/10/25,330400,6a2f4cc0-b62a-471e-a52e-c74b86f2cd2a
舟山市,0000000G0000003F0000000700000010,9.8,2019/3/5,330900,aeb4ac96-0deb-4986-bb2a-dbd5d6fb0ba3
舟山市,0000000H0000003N000000070000000X,15.17,2018/9/25,330900,2f8b678b-b9a5-48dd-b184-1c7db3dc6d12
丽水市,0000000G0000003F0000000700000010,9.8,2018/8/21,331100,7bb92787-6db8-4057-bf23-1a9fb13cf1c3
丽水市,0000000Z00000031000000070000000X,4.33,2018/8/15,331100,9dd7c29d-3bcf-4de0-8ae5-2a51b0a0122b
衢州市,0000000S0000002Z000000070000000X,8.83,2018/6/15,330800,d8a65845-bf92-4d69-811a-6ee6c0540008
浙江省,0000002U0000007X000000070000000X,4.24,2016/12/25,330000,b508143f-045f-4de1-90eb-43516da78214
宁波市,0000000G0000003F0000000700000010,11.88,2018/11/13,330200,746340b0-2d42-4f8f-9d0b-39e311a6b0f9
嘉兴市,0000000D0000002R000000030000000X,38.33,2017/11/5,330400,25479da6-2591-4ffc-bdf7-80f3dae1ef90
湖州市,0000000P0000003E0000000700000010,5.2,2018/1/23,330500,3ed2853d-14db-4442-b65b-519edf0a510a
宁波市,0000000J0000003Q000000070000000X,43.67,2019/3/5,330200,861be248-8247-4912-bff1-7b7c62c7aea1
温州市,0000000J0000003S000000070000000X,43.67,2017/4/15,330300,4054e832-65ae-4672-b5fe-f555351bce11
浙江省,0000000Z00000031000000070000000X,4.98,2018/11/5,330000,8588c26e-5d1d-4325-884d-883c161c18bc
衢州市,0000001E00000031000000070000000X,4.5,2017/11/25,330800,171ecbd2-4ae5-432d-b997-82abf2a27386
金华市,0000001200000031000000070000000X,5,2018/12/15,330700,6072e459-fa8c-4ee7-9361-468d832419be
台州市,0000000X0000007T000000070000000X,31.67,2018/1/5,331000,b8e49fdc-dda9-418e-a9da-53e29fbe07ee
台州市,0000002200000038000000070000000X,2.77,2017/4/25,331000,64941caf-3cd3-4891-9d4c-d4a09975577e
浙江省,0000001700000031000000070000000X,2.76,2018/9/15,330000,95a2bcd7-71cb-4b69-8cb3-6a09a5347539
温州市,0000000G0000003F0000000700000010,11.9,2017/1/10,330300,088e4e35-5b8f-4a86-95f2-ba73d9419f5f
浙江省,0000000G0000003F0000000700000010,11.71,2017/2/14,330000,f1fe870f-80b9-4fe3-ab75-8aed3c94c623
金华市,0000002U0000007X000000070000000X,3.83,2017/6/15,330700,64bbb2fb-1de1-4aa9-908f-00f4fbb92d11
金华市,0000000P0000003E0000000700000010,4.6,2017/9/19,330700,e101744f-7bc7-4cf5-a921-983ba4336bc1
绍兴市,0000000S0000002Z000000070000000X,8.17,2017/3/25,330600,0e1de08c-c903-40b3-b3c1-906e75507f7a
绍兴市,0000001Z00000036000000070000000X,4.17,2017/2/25,330600,d6510ac9-17b6-4dda-8a5c-becba39faa51
浙江省,0000000C0000002Q000000030000000X,64.88,2017/1/5,330000,5981d052-d124-453e-9b1c-01a63ea15c85
温州市,0000000G0000003F0000000700000010,9.57,2018/1/2,330300,f695df56-16a0-4583-a993-3fee7146a5b8
丽水市,0000000G0000003F0000000700000010,9.5,2017/5/2,331100,437b24d1-146c-4069-b279-67165c48161c
衢州市,0000000H0000002T000000070000000X,19,2018/8/5,330800,cd679a1d-24a7-4afe-8aee-42903adb7cd9
台州市,0000000J0000003Q000000070000000X,38.33,2017/4/5,331000,a82e864f-d0ce-4cd3-aca9-950b807f381b
温州市,0000000H0000003P000000070000000X,23,2018/6/15,330300,293ad3df-6626-4bdc-9d46-2c0cde8e8489
丽水市,0000000J0000003S000000070000000X,39.33,2018/12/15,331100,cb623c64-f17c-4833-a173-1491fc82bd39
温州市,0000001A00000031000000070000000X,6,2019/3/5,330300,ba246eba-cd8f-46a3-b341-c59ec82fdad8
宁波市,0000000X0000007T000000070000000X,46,2018/10/5,330200,f4a20b36-f526-4699-be31-0f522cca78c2
金华市,0000000G0000003F0000000700000010,10.3,2018/1/16,330700,4ab8008e-e7cd-471c-9961-8830c3952ea6
衢州市,0000003100000081000000130000000X,93.27,2017/10/25,330800,faefb8cf-e71c-47a5-97cd-3b42e7897e95
嘉兴市,0000001400000031000000070000000X,4.33,2017/9/15,330400,7f8838e2-3538-4609-938f-9b8a16c650ce
浙江省,0000000P0000002W000000070000000X,5.54,2017/9/5,330000,90abd0e0-f35f-4152-998a-d241929de2c9
舟山市,0000001200000031000000070000000X,3.33,2018/6/25,330900,0cb1ebc1-ef16-47ea-9463-0b0e3721111b
杭州市,0000000D0000002R000000030000000X,46,2017/7/15,330100,dcc4c642-1da7-4a60-b9c7-a7e6e600c02a
台州市,0000001K00000031000000070000000X,2.5,2016/12/15,331000,f9e16fc2-04a8-459e-b972-76db297c83d8
嘉兴市,0000001K00000031000000070000000X,3.67,2018/6/15,330400,1611d67f-1738-47b9-86ae-e0ec8d199595
舟山市,0000001K00000031000000070000000X,3.5,2017/12/15,330900,094e0927-eda3-453e-979d-3b79ffd2d10f
舟山市,0000000M0000003V000000070000000X,13.67,2018/3/25,330900,be9686b7-ec80-459c-99f9-37db2b319408
温州市,0000000H0000003N000000070000000X,17.67,2017/2/5,330300,84982c24-28da-4312-8f89-4ce2e1d605ab
衢州市,0000001K00000031000000070000000X,3.17,2018/3/5,330800,b003fa38-c7d5-42ed-946b-aff73b82dd64
浙江省,0000001E00000031000000070000000X,3.51,2017/4/5,330000,4f4d0140-a9ed-44b9-9190-a16ff692fd46
绍兴市,0000002U0000007X000000070000000X,4.5,2017/10/25,330600,14c6a596-238c-44a0-abc7-bbe0a5cfc086
舟山市,0000001700000031000000070000000X,3,2019/2/25,330900,4cd38d38-6ea8-40dd-ab84-15afaadf0bf6
温州市,0000001A00000031000000070000000X,6.5,2019/3/15,330300,a5d66d2a-7909-42bb-a92f-eddcab64b8cd
浙江省,0000000J0000003Q000000070000000X,40.8,2016/12/25,330000,9b49fdcf-5bb2-484b-ba92-1cadb110cd81
嘉兴市,0000002P0000007W000000070000000X,3.2,2018/2/25,330400,5a8f51b8-81c8-44d8-8ac8-bfa4da04b847
舟山市,0000001A00000031000000070000000X,7,2018/10/5,330900,e3e1f37c-9582-4150-85a4-55eff10610e3
舟山市,0000000G0000003F0000000700000010,9.15,2018/7/10,330900,a6e862e8-0c8e-4380-900e-19cde03eb0b0
绍兴市,0000001700000031000000070000000X,2.5,2018/8/15,330600,15de146a-36bc-4b66-97e2-3a6320de97f1
嘉兴市,0000000P0000003E0000000700000010,3.17,2017/5/9,330400,bd354087-a1c6-47e9-a7ac-7e0de319d25c
湖州市,0000000G0000003F0000000700000010,11.9,2017/2/7,330500,5edc6509-e386-43ca-8d94-b5aeb35ca36c
湖州市,0000002U0000007X000000070000000X,3.87,2017/12/25,330500,cc0454da-70b2-41ec-b03c-76e12b571f44
湖州市,0000002U0000007X000000070000000X,3.77,2018/12/5,330500,fd52ea42-9d70-4a58-a16d-284136a065c2
浙江省,0000000J0000003S000000070000000X,34.76,2017/4/5,330000,94f720dc-1985-46fd-a19d-7520168ee4e3
台州市,0000002P0000007W000000070000000X,3.45,2018/2/15,331000,ebade56e-804e-40d2-8ef6-c6d99c897bfb
温州市,0000000H0000003N000000070000000X,18.33,2019/1/5,330300,2a416f1d-9b8c-4eaa-8862-5191f3bcf51a
湖州市,0000000P0000002W000000070000000X,5.67,2017/10/5,330500,6b4c90bc-9470-43d5-bd2f-1e526a295ebf
金华市,0000000P0000003E0000000700000010,4.5,2018/10/30,330700,29ddd264-4179-4549-8287-0ed3a6a20f01
舟山市,0000000H0000003P000000070000000X,24.67,2018/3/5,330900,7d58488b-c3af-4460-ab5d-4852a2d01e7a
台州市,0000001700000031000000070000000X,2.5,2017/4/25,331000,339c4e63-9885-4253-9ef3-41c4798a6361
丽水市,0000000P0000003E0000000700000010,2.6,2017/3/7,331100,19c30e77-75ac-499c-a296-67bb1b9ddf98
杭州市,0000002P0000007W000000070000000X,2.73,2017/2/15,330100,2309deb0-fe93-4a7f-9941-523e8790faab
湖州市,0000000P0000003E0000000700000010,5,2019/1/8,330500,f99fbe9e-e99d-4127-bd8a-eb1454d708e7
衢州市,0000001500000031000000070000000X,3,2018/7/5,330800,ab9673e1-7409-4bcf-93b7-df62d6e89043
金华市,0000000H0000003N000000070000000X,12.83,2017/6/25,330700,983fa4ed-7cc4-4239-8572-ab3136dbb680
舟山市,0000000C0000002Q000000030000000X,50.3,2018/11/25,330900,baebcab1-0a68-4bbf-8c6b-f1a584966afb
丽水市,0000000J0000003Q000000070000000X,38.67,2018/7/5,331100,b4ceb920-6479-431b-a08e-f99a6b2904c1
舟山市,0000000H0000003N000000070000000X,15.33,2017/9/5,330900,72b7d8d8-cacc-49d5-96d2-5a62fe32fea6
杭州市,0000001K00000031000000070000000X,3.3,2017/8/15,330100,465e0754-b886-41f5-83ba-3b72a57ec105
嘉兴市,0000001K00000031000000070000000X,3.33,2017/12/15,330400,fb8d64da-5711-44a4-a75c-536f8826acef
温州市,0000001K00000031000000070000000X,4.67,2018/9/25,330300,bbc654e3-b69b-49b8-8f51-01fa26b845b8
温州市,0000000K0000003U000000070000000X,48,2017/10/25,330300,c851734e-df92-4170-869f-0fcb989f6b54
宁波市,0000000J0000003Q000000070000000X,38.5,2017/6/5,330200,23544659-7e7c-4e65-b6aa-ba67344a8522
舟山市,0000001E00000031000000070000000X,4.67,2019/2/5,330900,77dcd85e-b20c-4236-86b1-4b8c8e8391d9
丽水市,0000000H0000003N000000070000000X,13.67,2017/6/15,331100,6d13d604-7fa4-42a5-8a2d-3823198ae74d
宁波市,0000000C0000002Q000000030000000X,74.33,2018/1/25,330200,895aef3e-f89a-46b0-bdcd-1ed1aa95e4a9
绍兴市,0000002U0000007X000000070000000X,4.67,2019/1/5,330600,f7c0aff3-ad35-4751-8711-9b86d5d01018
湖州市,0000001200000031000000070000000X,6.33,2018/2/25,330500,9516572c-c61e-4a06-9038-6aa599e2ae94
绍兴市,0000000H0000002T000000070000000X,15.33,2018/11/15,330600,da5e90fa-fe5f-419f-a021-fb75ee8d82d8
浙江省,0000000X0000007T000000070000000X,37.22,2017/1/15,330000,525a187e-8e0d-49e1-b4ba-7964c7b002b4
金华市,0000002200000038000000070000000X,3.57,2018/4/15,330700,bc7b3c8c-e4fc-440b-9416-331ac8785cfe
湖州市,0000001K00000031000000070000000X,3.67,2018/4/15,330500,95119da2-8676-48e2-b917-97efddf8c991
杭州市,0000001200000031000000070000000X,4.5,2018/11/15,330100,f3f10dfd-135d-45a7-a9d2-b4fd3a9bb737
丽水市,0000002200000038000000070000000X,3,2017/4/15,331100,ca88f576-b528-4a9a-937a-48f296f23ee2
嘉兴市,0000001700000031000000070000000X,3.33,2018/3/25,330400,64f3c47d-a203-4edf-a693-4312a3aec11f
舟山市,0000000H0000003N000000070000000X,14.33,2019/2/15,330900,29c31b57-da73-4bc1-90de-4f49826e39d5
绍兴市,0000000M0000003V000000070000000X,9.67,2017/4/25,330600,a2500251-f1d9-4477-8452-5a058cfa5d7a
宁波市,0000000H0000003P000000070000000X,28.5,2017/3/5,330200,18f4162e-e081-46d6-bf44-6574bc433314
嘉兴市,0000000C0000002Q000000030000000X,69.33,2018/8/5,330400,743b409b-e761-48c4-8504-04e2df9991d1
衢州市,0000000C0000002Q000000030000000X,69,2017/12/25,330800,34be1aef-54f9-4d01-905f-763320a8807b
绍兴市,0000000M0000003V000000070000000X,9.5,2018/7/5,330600,2c25fa4d-2d9a-4f33-b509-c515ddc43c15
浙江省,0000000J0000003S000000070000000X,34.59,2017/8/15,330000,31ae4389-36e4-4a4a-a499-51324e1ceadb
湖州市,0000001400000031000000070000000X,5.17,2018/6/15,330500,372ad9e9-c0fb-4da8-afa8-364e7f819922
绍兴市,0000001200000031000000070000000X,3.33,2018/7/25,330600,d710eaaf-9864-44fc-987f-a493c50615a9
嘉兴市,0000001700000031000000070000000X,3.27,2018/11/25,330400,29a40a36-d090-4af0-971d-2052cf36d994
绍兴市,0000002P0000007W000000070000000X,2.33,2017/11/5,330600,ae5b5f18-8377-4c7d-83f1-64b9f773eaab
杭州市,0000000H0000003N000000070000000X,14.8,2018/9/5,330100,cd4059ae-9ea0-4f0d-81e7-8d66bc47ad9a
衢州市,0000002P0000007W000000070000000X,3.06,2017/5/15,330800,8b9f93ed-4392-4af5-bd71-7d41466e127b
衢州市,0000001200000031000000070000000X,3.5,2017/5/5,330800,49a7bb0f-ccba-47c2-8edc-eca82c4d0e8a
湖州市,0000000G0000003F0000000700000010,10,2018/9/4,330500,a28ab1a6-d4d8-444d-a01e-75907d6e1e31
杭州市,0000002200000038000000070000000X,3.67,2018/12/5,330100,cda6bddd-cc1b-44fb-9b68-1e91f42d51f2
丽水市,0000000H0000003N000000070000000X,15.67,2018/9/15,331100,a500280e-fc7b-4e5a-bbc5-4a97a41a8709
宁波市,0000000H0000002T000000070000000X,15,2018/3/25,330200,4a124666-2ae6-4db8-b3d0-5d0da7e0d880
绍兴市,0000000S0000002Z000000070000000X,8.17,2018/9/25,330600,7daaa88e-bf40-4e09-9a21-008e42743cd4
嘉兴市,0000000C0000002Q000000030000000X,66.33,2017/1/5,330400,05d349fc-6670-4670-9d71-a5477f460dea
台州市,0000000H0000003P000000070000000X,25.67,2017/4/25,331000,0e27eb35-7e29-4616-9d57-fd98f02caad4
丽水市,0000000P0000002W000000070000000X,4.27,2017/3/25,331100,e1e37ed2-a67f-4e83-b427-fb17d61cce97
浙江省,0000000J0000003Q000000070000000X,42.73,2018/11/5,330000,06c32671-919d-4620-a5bd-61e14d3e928c
浙江省,0000000P0000002W000000070000000X,4.02,2017/5/25,330000,abe5c22f-1cb0-4e55-ab58-7efc39c49129
湖州市,0000001700000031000000070000000X,3.33,2017/2/5,330500,47e7c4d2-6669-440f-95f4-d7801dcaefca
温州市,0000001E00000031000000070000000X,4.17,2018/11/25,330300,97d75c49-99fd-4c77-a4ed-59f3c5cb2a32
绍兴市,0000000H0000003P000000070000000X,24.33,2018/3/25,330600,4599f514-f910-4bfc-9b0f-acdac0585a42
舟山市,0000000D0000002R000000030000000X,43.63,2017/3/25,330900,6def1721-00c2-4ae9-a46f-be44bfd97b4f
金华市,0000000J0000003Q000000070000000X,41.67,2019/3/5,330700,504e4e1e-c4fc-473b-a069-4ebe0eb8f92a
浙江省,0000000H0000002T000000070000000X,16.67,2017/3/5,330000,01486133-2a72-4c5b-a9b3-61fad1f5d81f
舟山市,0000001A00000031000000070000000X,5,2018/7/25,330900,10ada0e7-b223-40b5-8bd7-de669ddab514
金华市,0000000H0000003P000000070000000X,22.33,2018/10/5,330700,93d80078-3c2f-467a-893c-9328faea09d2
宁波市,0000001Z00000036000000070000000X,7.27,2018/9/25,330200,de3bab48-c3f5-4925-994e-d564cfce22c4
丽水市,0000000G0000003F0000000700000010,10.3,2017/12/12,331100,2c8988f6-4dc3-4783-aa33-5379f6f8db6d
嘉兴市,0000000J0000003Q000000070000000X,40.67,2018/4/5,330400,62e2e88b-185a-487f-828e-4a9499d21b42
衢州市,0000002U0000007X000000070000000X,4.67,2018/2/5,330800,8f4d176a-46d2-4cda-bcd2-95a16fdcb35c
浙江省,0000000M0000003V000000070000000X,12.62,2017/12/5,330000,0a54393b-d6b1-48a3-a059-efc2557eeafe
宁波市,0000001700000031000000070000000X,3.23,2017/2/15,330200,fd7348d8-71b7-4517-ae59-ddfd205adcb3
杭州市,0000000S0000002Z000000070000000X,8.6,2018/2/5,330100,f2715c65-98a0-4b7e-8ace-1fee3e5db143
丽水市,0000003100000081000000130000000X,84,2018/5/5,331100,5215f6b9-a61a-4cf1-8048-ce25e3191a1e
金华市,0000001K00000031000000070000000X,3.67,2017/8/15,330700,0770a6b5-a243-4840-974f-6386f7a59a19
绍兴市,0000000G0000003F0000000700000010,12.7,2018/11/6,330600,44024f53-ef2d-4708-b4df-6a6cdb95b25c
舟山市,0000001E00000031000000070000000X,5,2018/2/5,330900,1ffec3f9-4203-422e-bd31-ad6bf23d2806
绍兴市,0000000C0000002Q000000030000000X,57.67,2018/8/25,330600,fffaeabc-7851-452b-af98-ec230b4211a4
浙江省,0000000X0000007T000000070000000X,35.27,2017/11/5,330000,e786c6f1-d60e-404d-80d9-7fea23eb7e4e
台州市,0000002P0000007W000000070000000X,3.45,2018/3/5,331000,c3f492fa-a2a0-402e-972e-827f2e1ac75f
浙江省,0000000J0000003Q000000070000000X,40.26,2017/12/25,330000,9d14fa1f-3f0c-4fc8-ae5e-e5f0d624b4dd
舟山市,0000000P0000002W000000070000000X,5.67,2019/1/25,330900,56c2f083-902f-49e1-81af-0de1386a13d4
绍兴市,0000001500000031000000070000000X,3.83,2018/5/5,330600,fea640e4-314d-4b00-842b-24abb330c2c6
杭州市,0000000C0000002Q000000030000000X,63.33,2018/12/5,330100,65b9b774-cc80-41bc-8d7a-e8be103e8716
浙江省,0000000K0000003U000000070000000X,34.81,2017/4/15,330000,0c2e170e-bc5e-4b84-92b6-9cb426bceaf8
台州市,0000000P0000002W000000070000000X,5.17,2017/10/25,331000,2ac12f4f-cbaf-4bfb-9664-e8ea562eae18
温州市,0000001E00000031000000070000000X,5,2017/8/25,330300,e5c7f46d-4869-49d1-9fec-645283ac8d59
台州市,0000000G0000003F0000000700000010,9.2,2017/6/27,331000,c34e982a-a430-4e46-b4da-c67751032ef1
丽水市,0000000H0000003N000000070000000X,13.67,2017/5/5,331100,31dcc2f4-5c89-4f38-ba88-fefc56a55a90
湖州市,0000003100000081000000130000000X,77,2017/10/25,330500,ad34e62b-2d89-4f1d-a96c-5f0790754f54
衢州市,0000000M0000003V000000070000000X,10.33,2018/4/15,330800,4acd0314-1d27-4788-9ffe-486bd3c8d95d
湖州市,0000000P0000003E0000000700000010,2.6,2017/4/25,330500,350d530d-b91f-4ced-b0ec-a55b87a62d73
湖州市,0000001700000031000000070000000X,3.17,2018/1/5,330500,24b74eba-b521-4826-8c66-df3e22fe5a8a
浙江省,0000002U0000007X000000070000000X,4.29,2017/5/5,330000,5338a1bc-4743-484d-b14f-7ae0d81949df
金华市,0000001700000031000000070000000X,2.5,2017/12/25,330700,cfb10ead-79c6-491b-a251-c10eec0ed208
衢州市,0000001400000031000000070000000X,5,2017/4/25,330800,ab56a28c-b190-4707-9660-3db9658a6e02
舟山市,0000002U0000007X000000070000000X,4.3,2019/2/5,330900,b283bf6c-7dec-44f3-ab91-c0d2c5472a3d
宁波市,0000001700000031000000070000000X,3.13,2017/10/5,330200,86be2890-b754-4de6-aa3d-f88322750e42
浙江省,0000000S0000002Z000000070000000X,8.77,2017/2/5,330000,47fbb5ab-d599-495a-9777-9d6d5233a53b
衢州市,0000000H0000002T000000070000000X,21.33,2018/12/5,330800,50561847-caa7-4d80-9159-fb33950ed4a1
金华市,0000000D0000002R000000030000000X,40.17,2018/6/15,330700,3c460ecb-4858-4d3e-8de3-004a5ec84c47
舟山市,0000000S0000002Z000000070000000X,12,2018/6/25,330900,fb6766e4-fe80-47c0-99b8-6e160e487870
宁波市,0000001700000031000000070000000X,3,2017/6/25,330200,5c6578ab-9a6f-4813-9d30-e3c26df27897
湖州市,0000000P0000003E0000000700000010,5,2017/8/29,330500,10892196-f256-4367-992a-c31f1acbd7f9
台州市,0000002U0000007X000000070000000X,4.5,2018/4/25,331000,0ced1b0a-8626-46fd-a126-1375f1feb540
湖州市,0000000X0000007T000000070000000X,35,2019/3/15,330500,dbc2982c-db3e-43d2-87a4-001de68590d1
宁波市,0000000S0000002Z000000070000000X,9.67,2017/10/5,330200,039d4833-a9dd-4a97-b912-db5e582f7d04
嘉兴市,0000000S0000002Z000000070000000X,9.67,2018/8/25,330400,f0d05eeb-2f54-4ecb-badc-0a15a7d14538
宁波市,0000000C0000002Q000000030000000X,80.67,2017/6/25,330200,fbb4d4d1-67b3-4419-89fd-db53429f8d0d
丽水市,0000000G0000003F0000000700000010,9,2017/7/18,331100,98bc51b3-53e8-44e8-9e2e-fc871a36c1de
台州市,0000001Z00000036000000070000000X,6.33,2017/11/15,331000,3ee53b62-515d-49b7-9f2e-4e6ac9521988
杭州市,0000002200000038000000070000000X,3.53,2017/1/25,330100,881cfdfb-7e04-4421-ab1d-7c1a706d757a
丽水市,0000003100000081000000130000000X,84,2018/7/15,331100,067045c9-91af-44dc-a3cb-8e3ef1a10a42
宁波市,0000000M0000003V000000070000000X,15.07,2017/10/15,330200,5e45a635-274e-4198-b7ad-c9d17d42bad3
金华市,0000001A00000031000000070000000X,5.67,2018/5/25,330700,52e0c739-da8b-4173-b964-2ffe87392792
浙江省,0000000P0000003E0000000700000010,4.99,2017/12/26,330000,0b3bd84f-58ed-455f-869e-f0eacdbed41d
杭州市,0000000D0000002R000000030000000X,46,2017/8/5,330100,7ca0d4b3-d753-450a-8d58-5daecc1a4f35
舟山市,0000000X0000007T000000070000000X,43.33,2017/2/5,330900,e3c4c43c-50c1-4080-b6b6-f6723a7365b2
舟山市,0000001200000031000000070000000X,3.67,2018/11/25,330900,44eb5ef9-4247-4218-a09d-5a4f4dc3717e
绍兴市,0000003100000081000000130000000X,66,2017/11/25,330600,82acc254-409c-47ef-bec9-bd1133c83815
舟山市,0000001400000031000000070000000X,6.5,2018/1/5,330900,e2bc830f-a104-4a53-899a-ff4cb54215e0
杭州市,0000000K0000003U000000070000000X,33,2017/7/25,330100,cd538687-3b01-46ca-8be8-dd5779016e66
丽水市,0000001400000031000000070000000X,4,2017/7/25,331100,8da4bd63-3fce-45d4-af7a-0d144ef12c38
温州市,0000002U0000007X000000070000000X,4.67,2018/9/5,330300,256ea5eb-4074-4aae-8498-84acbc309f2a
台州市,0000000H0000003P000000070000000X,24.33,2017/10/5,331000,b46207ad-4bf8-40da-aaf5-5dceda542b63
嘉兴市,0000001500000031000000070000000X,5.67,2018/11/5,330400,d2e5b0a3-1e31-4003-9419-0b5e19350586
金华市,0000000J0000003Q000000070000000X,41,2018/11/5,330700,a7443ca5-d684-44ea-853d-c29e3b21098f
舟山市,0000002U0000007X000000070000000X,4.67,2018/12/25,330900,bdd78220-c7d5-4247-a63e-318c7ca3d4b8
宁波市,0000000J0000003Q000000070000000X,38.5,2017/4/15,330200,5da47a5d-6c75-491e-9400-f656aa7fb23d
舟山市,0000000M0000003V000000070000000X,14,2017/1/25,330900,bdd68586-c6ac-40b9-a1ba-fc21331ba257
杭州市,0000002U0000007X000000070000000X,4.47,2018/5/25,330100,020fd980-bed7-4fb1-9313-9008e8cfa3ff
丽水市,0000000M0000003V000000070000000X,10,2017/4/25,331100,338f000b-92f7-42a1-87ab-a507ed268a22
浙江省,0000000Z00000031000000070000000X,6.51,2018/9/25,330000,2ba4c24d-8cc0-42b9-8a6e-fc3bf335d3e5
台州市,0000000J0000003Q000000070000000X,41.67,2018/12/25,331000,47c0abf8-eee7-40d8-8c02-21c43ede4d08
金华市,0000000P0000003E0000000700000010,4.5,2019/1/8,330700,cb30456a-ae53-4343-9361-1f7fa77dcf07
丽水市,0000000S0000002Z000000070000000X,9.67,2017/10/15,331100,e16f84b0-785d-473d-a489-8c0c60fa723f
舟山市,0000000M0000003V000000070000000X,13.67,2017/4/15,330900,aea3bda5-8777-401b-8ce3-d1b47356d9b6
丽水市,0000000P0000003E0000000700000010,4.3,2018/2/27,331100,02a96244-465b-40fa-b1ec-d9c267b61df4
嘉兴市,0000000C0000002Q000000030000000X,66.33,2017/11/25,330400,14fb0e31-b0fa-490f-a0fc-e8a7435a8345
舟山市,0000000P0000002W000000070000000X,5.17,2018/5/15,330900,88161262-0c1c-4422-af55-1bd7116047eb
杭州市,0000000P0000003E0000000700000010,4.1,2018/5/15,330100,143332d9-5d03-49d3-a533-c7aaf2302b47
嘉兴市,0000000P0000003E0000000700000010,4.23,2017/1/31,330400,cee147d2-d162-4c80-a830-cae48c999245
温州市,0000001700000031000000070000000X,3.17,2017/12/15,330300,1ce326a9-84ec-4fdc-9cf9-ad896f19b943
宁波市,0000001E00000031000000070000000X,5.07,2017/6/25,330200,b015e4dc-e160-4b3b-b908-7b672ebffec8
丽水市,0000001E00000031000000070000000X,3.5,2017/1/25,331100,c495bd84-63b2-445c-b9bf-ed3fdaa5658f
湖州市,0000000P0000003E0000000700000010,4.8,2017/10/3,330500,4bb291b7-db22-4c97-8652-7436f96a5d9a
宁波市,0000001E00000031000000070000000X,4,2019/3/5,330200,cf737678-f72f-4c6e-94d4-30bb543fe1fa
温州市,0000000X0000007T000000070000000X,43.33,2018/1/25,330300,e5a693cd-e086-44e6-abc1-61a7eee668fe
丽水市,0000000J0000003S000000070000000X,34.33,2017/6/25,331100,bf01c166-8247-4a98-9377-d8c844d3ac0b
金华市,0000002200000038000000070000000X,2.5,2017/3/15,330700,8ea65c3a-893b-4ce7-87b3-1f54d30cb3fc
宁波市,0000002U0000007X000000070000000X,4.63,2017/4/15,330200,e6246191-bfe6-452a-a1fc-b5e18e360278
绍兴市,0000001E00000031000000070000000X,3.17,2018/12/15,330600,302f3382-eeb8-44e7-ae09-4d86aef32337
浙江省,0000002U0000007X000000070000000X,4.31,2018/8/25,330000,ced5c5fa-22fb-4ef1-a986-8488cb846fef
杭州市,0000000H0000003N000000070000000X,15.33,2018/11/15,330100,6a46d336-01c1-417f-ad9f-f70b6a3c73a8
衢州市,0000000P0000002W000000070000000X,5,2017/1/25,330800,408b0587-0f14-407c-a0cc-b329b84619a8
温州市,0000000D0000002R000000030000000X,51.33,2018/9/5,330300,9f20216a-a4d2-4950-b57a-792ba6d0198d
台州市,0000002200000038000000070000000X,2.83,2018/4/25,331000,b3c9dc0b-00f0-4737-8a54-e351cfa9a1d1
杭州市,0000001K00000031000000070000000X,3.6,2018/5/5,330100,487633f3-a88d-495a-8a5a-98ec9a82fe0d
丽水市,0000000S0000002Z000000070000000X,9.67,2018/12/15,331100,12b2a745-d836-4319-8f38-13fc26d06fb3
杭州市,0000002U0000007X000000070000000X,4.5,2018/6/15,330100,279204d2-2f99-496b-809d-7fd12044cbd8
湖州市,0000000J0000003S000000070000000X,34,2017/9/15,330500,1252e2c5-a083-4fcf-8ce3-0b4dfc10961d
丽水市,0000000G0000003F0000000700000010,12,2017/2/7,331100,2ab74d0f-a35c-48ea-8eba-017ada79e33d
金华市,0000002200000038000000070000000X,2.5,2017/10/5,330700,39e821ac-da0d-4e41-bd62-f8d86adc38f2
衢州市,0000000X0000007T000000070000000X,24,2018/12/5,330800,7dbd36f7-2a80-4f3d-8823-564e920e241a
湖州市,0000002P0000007W000000070000000X,3.89,2017/12/25,330500,571d54c3-96b3-42e7-b3aa-680d7db10d47
绍兴市,0000000P0000003E0000000700000010,4.6,2017/11/28,330600,66a339db-9b39-4c61-a92d-b40b93a1cc09
丽水市,0000001400000031000000070000000X,3.67,2018/5/25,331100,659aa930-b220-4c19-ab27-ad9b3e4c7c72
绍兴市,0000000J0000003Q000000070000000X,42,2018/8/5,330600,38a270a2-827d-4e3f-ae8e-db0d72a46803
浙江省,0000002P0000007W000000070000000X,2.86,2016/12/25,330000,ed6a41a9-0ae4-4dbc-8c91-25c056411cf4
温州市,0000002200000038000000070000000X,3.5,2018/3/5,330300,ce9164e0-8dbb-49f5-8234-e1cc10d51d9f
浙江省,0000000J0000003S000000070000000X,34.62,2017/11/5,330000,24734da5-e45f-486d-8cc6-8092ed294272
台州市,0000002200000038000000070000000X,3,2017/7/5,331000,72306313-c026-4b8d-a554-c5ce42283948
温州市,0000000S0000002Z000000070000000X,8.83,2017/12/15,330300,e60b82e0-a347-4abb-8fba-470f2d31a0e5
丽水市,0000000H0000003P000000070000000X,16.17,2018/7/5,331100,18fbb4f3-ab1a-4905-9eab-a480fa495190
丽水市,0000000X0000007T000000070000000X,38.33,2018/11/15,331100,857f85d0-e4f0-4136-b621-2569444fee45
台州市,0000002200000038000000070000000X,2.83,2018/5/15,331000,9bb2ecda-4996-4b5a-b3f3-6e3fbba56142
丽水市,0000000S0000002Z000000070000000X,9.33,2018/3/25,331100,5036fb35-cbf9-40b7-941c-c080d4126df4
宁波市,0000000J0000003S000000070000000X,31.83,2018/9/5,330200,a78e03dd-fc3a-463c-9b7d-5edd486e10f5
宁波市,0000002U0000007X000000070000000X,4.63,2017/3/25,330200,78c8cb02-26cd-4754-babc-87adb5beda62
丽水市,0000000H0000002T000000070000000X,18.67,2018/10/25,331100,e89b2a07-808b-4086-adea-9b3e277c92fe
金华市,0000001400000031000000070000000X,3.83,2017/6/15,330700,89562a61-ac95-447b-b4df-af7992f2b5f5
嘉兴市,0000001200000031000000070000000X,5.33,2017/2/25,330400,c83d0d20-7630-43c6-8290-48f13a7bbd33
温州市,0000000G0000003F0000000700000010,9.41,2017/9/19,330300,2640e0de-25e1-4743-8615-0bab8df4d3d4
金华市,0000000J0000003Q000000070000000X,40.67,2017/11/15,330700,3d5d664d-4482-4405-b4ef-91b777dbff0e
浙江省,0000000J0000003S000000070000000X,37.38,2018/11/15,330000,ab58440a-5c18-4319-a03c-31d8bf814cce
浙江省,0000001K00000031000000070000000X,3.01,2018/12/5,330000,9f652c12-7df0-467e-8cac-e1937d2f5729
宁波市,0000000K0000003U000000070000000X,36.17,2019/2/25,330200,1e004a3c-8a2d-4b89-974f-41f82abd729d
杭州市,0000000P0000003E0000000700000010,3.8,2018/4/3,330100,719b70e2-6558-40b4-9b4f-4c77a5686b7d
湖州市,0000000J0000003Q000000070000000X,38.33,2017/12/15,330500,2dd32818-d55d-4d8f-a7fd-517a89ef6c7d
绍兴市,0000002P0000007W000000070000000X,2.33,2017/7/15,330600,91c5d8e9-682f-441b-a100-758d726ab2f9
杭州市,0000001E00000031000000070000000X,3.83,2017/4/5,330100,d092f498-6260-4371-9875-a3ead54b42d7
宁波市,0000000J0000003S000000070000000X,32.83,2018/12/5,330200,df244ad8-443c-42a2-85ae-f831b2a07596
台州市,0000000C0000002Q000000030000000X,63.33,2017/6/25,331000,a0739ec6-7506-4e61-b640-fa1c3dbde7ef
绍兴市,0000000H0000003P000000070000000X,24.17,2017/6/25,330600,f2bf65b0-d133-4d2a-96d4-5add2d9d1947
台州市,0000000D0000002R000000030000000X,41.67,2017/3/25,331000,45d89338-8a2d-4647-9677-c4503d039dab
湖州市,0000002200000038000000070000000X,4.17,2018/7/5,330500,27699431-7846-4bb8-8dc7-164e9b0c55a9
绍兴市,0000003100000081000000130000000X,66,2018/10/5,330600,48603806-7f54-4de1-823d-abb9abb3a775
温州市,0000000Z00000031000000070000000X,2.83,2017/4/5,330300,f97ceba8-c240-4074-a7a1-ef04e0f124fa
绍兴市,0000000K0000003U000000070000000X,38,2017/5/15,330600,b0adf7b5-8dab-4f34-a75f-f13d26eb54fb
台州市,0000001K00000031000000070000000X,2,2017/4/25,331000,9808ce76-f157-4d94-8e24-92a8a096e586
宁波市,0000002U0000007X000000070000000X,4.7,2018/5/5,330200,9e0b1911-fb47-49bf-8ca3-9badc1cdd1b3
湖州市,0000001A00000031000000070000000X,7.17,2017/5/5,330500,57ce93a0-f15c-4c7d-a74d-c3b1e031df2d
温州市,0000000H0000003N000000070000000X,20.67,2018/12/5,330300,19bc5972-def3-4d90-b785-3861d963c695
杭州市,0000001400000031000000070000000X,4.73,2017/7/15,330100,1c317344-3e84-4fdf-a1de-0b38f7e499c4
浙江省,0000000H0000003P000000070000000X,21.82,2018/8/5,330000,278465b4-1d23-4522-a0c6-ee22b22bf589
舟山市,0000000J0000003S000000070000000X,33.67,2017/9/5,330900,b3e9fa73-1746-4ab5-9266-0b2c142ccc7e
温州市,0000001200000031000000070000000X,5.33,2018/3/5,330300,98621dae-0e93-4fe9-9c7b-7cf75d7e8e33
丽水市,0000001500000031000000070000000X,4.33,2017/6/25,331100,158c43d8-e55d-4e31-9c17-3fde96c2f869
宁波市,0000000H0000002T000000070000000X,15.33,2017/8/15,330200,0166ace2-6525-4e41-be30-ac55c0b5b8b7
丽水市,0000000Z00000031000000070000000X,5.33,2018/10/5,331100,84538d0f-6ba3-43d2-82b9-35f50f79cc3a
温州市,0000000J0000003S000000070000000X,48,2018/12/15,330300,f1573930-ad5c-4fe6-a63a-e4db9664823e
嘉兴市,0000001500000031000000070000000X,4,2017/4/25,330400,a54f7c31-c323-46f6-a8e9-0486edfd6c4b
杭州市,0000001A00000031000000070000000X,6.33,2018/3/25,330100,d7369a3d-2b34-4366-99bb-a1a353c3af0d
金华市,0000000H0000003P000000070000000X,19.83,2017/1/5,330700,6bc77038-dd62-4813-a5f8-d691280c4ff5
金华市,0000002P0000007W000000070000000X,3.9,2017/11/15,330700,19a46f77-b936-400b-b3a6-fc53c4848277
杭州市,0000001400000031000000070000000X,6.83,2017/3/25,330100,4ba55501-a853-41be-aa44-92d64b0087ef
台州市,0000000J0000003Q000000070000000X,40,2017/1/25,331000,82e97dcb-d13d-4521-9eea-6c0a77a6ef33
宁波市,0000000H0000003P000000070000000X,27.4,2018/12/5,330200,e21145c2-99d8-4e2c-afaf-747fffcdfa09
宁波市,0000000D0000002R000000030000000X,44.6,2018/2/15,330200,c0f6fcbd-22c5-4750-877b-2e9ef0ec5169
浙江省,0000001A00000031000000070000000X,6.9,2018/2/5,330000,20eeb393-6ac1-416d-bab8-62b7b746997e
台州市,0000000C0000002Q000000030000000X,63.33,2017/2/15,331000,2cd4454b-0bc4-4214-a379-509dc30c064e
丽水市,0000000K0000003U000000070000000X,32.67,2017/4/5,331100,88a2c011-882d-4fd0-b8ea-136b43d65c68
宁波市,0000000D0000002R000000030000000X,46.43,2017/6/5,330200,9e54b8b7-65be-40c8-b000-cdddd7262f55
丽水市,0000001E00000031000000070000000X,4.83,2018/8/5,331100,835ccfc3-fb13-4010-b1d0-4c78abd95105
台州市,0000000H0000002T000000070000000X,11.5,2018/4/25,331000,7e7f4544-75d4-4cc5-89cd-91680e44d1cb
温州市,0000000H0000002T000000070000000X,16,2018/4/15,330300,ff1337b9-fa9f-4bf2-b943-d180cbde512e
舟山市,0000002U0000007X000000070000000X,5,2017/1/15,330900,9e3f0494-d998-449e-9a92-42bfb48164b0
丽水市,0000001700000031000000070000000X,2.33,2017/1/25,331100,7d53e4f2-7aa5-4fae-a62b-96f612b036ac
湖州市,0000001700000031000000070000000X,3.17,2019/2/25,330500,b2623a0b-611f-44a9-9e4d-57d6f20bbb6f
浙江省,0000001200000031000000070000000X,2.95,2017/6/5,330000,61fc7f8f-90b9-41d2-b74d-9a677ceeb07d
台州市,0000001500000031000000070000000X,5.33,2018/12/25,331000,ad276663-b648-4146-bb7c-93aef34c409f
金华市,0000002U0000007X000000070000000X,4.17,2018/1/15,330700,47ba3c24-7837-4c10-90e8-30c246d0bdcf
绍兴市,0000002200000038000000070000000X,2.6,2017/10/5,330600,f5bc0f19-f341-43c1-8eb2-b2d0ad154cd2
舟山市,0000000M0000003V000000070000000X,13.67,2017/5/5,330900,9a21f94a-86b3-4f23-bb71-7bdaf2847fc0
杭州市,0000000D0000002R000000030000000X,46,2018/6/5,330100,ee013440-a33f-4021-9aad-eef581715a94
台州市,0000000H0000003P000000070000000X,24.33,2017/7/5,331000,5033297e-a5d3-4b73-a533-af0f67c140d4
衢州市,0000001500000031000000070000000X,5,2018/9/25,330800,999b4d91-fafe-4518-b52e-cc9719c358cd
丽水市,0000000M0000003V000000070000000X,11,2018/6/15,331100,84876fba-0d70-4360-8520-e2d866699e2c
杭州市,0000001E00000031000000070000000X,3.67,2017/4/25,330100,023cf9c4-34e3-4e33-bebf-5aa488fafa70
金华市,0000000P0000002W000000070000000X,4,2017/4/5,330700,3ca5cb8b-0395-458e-b231-db85fb369905
湖州市,0000000G0000003F0000000700000010,12.7,2018/9/18,330500,6731297f-2170-419a-9367-264ff28f8138
温州市,0000000P0000003E0000000700000010,4.7,2018/1/16,330300,e034d742-0aa1-4a8a-bede-e2b6ed3d86c3
金华市,0000000H0000003P000000070000000X,20.33,2017/3/15,330700,29157d77-6cb7-4626-96da-53bf4a655ff3
绍兴市,0000001Z00000036000000070000000X,5.33,2019/2/25,330600,3a27556c-e40a-4d24-a24e-f8330a2b7d49
衢州市,0000000H0000003N000000070000000X,13.67,2017/10/15,330800,dccdca56-5d63-43f4-80af-8903dc36e0ec
湖州市,0000000Z00000031000000070000000X,6,2019/2/5,330500,7c143a7d-b1c4-4df9-a2e7-0804302b3078
台州市,0000000C0000002Q000000030000000X,63.33,2018/10/15,331000,9fdb1b5c-b3e7-42fb-9676-ba9786b9f55b
台州市,0000002U0000007X000000070000000X,4.5,2018/9/5,331000,feba6e8a-ef1e-43b4-9034-1860792f12a9
浙江省,0000000X0000007T000000070000000X,35.73,2018/12/15,330000,8824a861-0998-4b3d-bda9-37595bce9c6f
金华市,0000000H0000003N000000070000000X,14,2017/5/5,330700,884c2705-ad64-4334-9bc0-dacce8f344aa
杭州市,0000000K0000003U000000070000000X,35.33,2018/6/5,330100,33b159cb-4256-46b3-a49f-c1d538fe865d
丽水市,0000001E00000031000000070000000X,4,2018/6/25,331100,0f659f3c-e07f-401c-ae01-5dc3ba5d7ea0
金华市,0000001700000031000000070000000X,2.5,2018/9/5,330700,fc0b074b-2f71-471d-82b7-386cecb223ca
湖州市,0000002P0000007W000000070000000X,3.89,2017/5/5,330500,08a9ebc3-29dc-4d29-b120-e1be19f94754
杭州市,0000000H0000002T000000070000000X,17.6,2017/5/15,330100,e7a0f58c-cb47-4c63-8bf9-d90e1615352e
杭州市,0000000H0000003N000000070000000X,14.8,2018/9/15,330100,147b5e17-72a4-48c7-a7d1-310d946d7b28
台州市,0000000X0000007T000000070000000X,36,2017/5/25,331000,3ffc3351-467d-45b9-8c0c-0408cde52ccd
丽水市,0000000C0000002Q000000030000000X,70.23,2017/2/5,331100,ae40b1b2-8797-46cd-86b6-6b177c9d384d
嘉兴市,0000001400000031000000070000000X,5.33,2016/12/25,330400,93a4f5c0-0c48-413b-b500-2624a10504fc
丽水市,0000000J0000003Q000000070000000X,38.67,2017/1/5,331100,0c66f9d7-2561-43dc-b167-fd7214c7a960
浙江省,0000001400000031000000070000000X,5.2,2017/11/25,330000,13fedb52-d633-43d6-b9fc-949e3bcdec59
台州市,0000001500000031000000070000000X,4,2018/1/15,331000,fcc5da8c-8010-4848-94f7-1cc8e2e5aa50
丽水市,0000000S0000002Z000000070000000X,9.67,2018/7/15,331100,3adbf34f-9887-40db-a1de-df766c054a35
浙江省,0000002200000038000000070000000X,3.26,2017/4/5,330000,3a8504d3-7b21-4b5b-8772-ece1f3df5b22
嘉兴市,0000000P0000003E0000000700000010,5,2017/10/3,330400,02d2e59d-2b2c-45cb-bb5b-50353d6303a4
嘉兴市,0000000J0000003Q000000070000000X,40.67,2018/1/25,330400,9332bf0f-05c7-4b08-a7b9-c23088dc913d
宁波市,0000001700000031000000070000000X,3.17,2017/11/15,330200,1f16aef9-b4c1-463f-8e97-ce59802ba4a4
湖州市,0000001Z00000036000000070000000X,5.67,2018/8/25,330500,7eb4657f-db6a-44f2-8fe3-3d700625deb1
宁波市,0000002U0000007X000000070000000X,4.7,2017/8/25,330200,58362771-7bc4-4a94-85a2-417cbd152417
衢州市,0000001K00000031000000070000000X,5,2017/9/15,330800,3ced8ba6-afad-43ae-abf3-44c572e9e949
舟山市,0000002P0000007W000000070000000X,3.33,2018/6/25,330900,f119c90b-a67d-4d90-8fd5-df21b496b6df
衢州市,0000000C0000002Q000000030000000X,70.33,2018/9/25,330800,2c91fe09-67d8-4741-9322-013ea8cfc4c6
温州市,0000000P0000002W000000070000000X,5.73,2018/1/25,330300,f4f9ff50-3524-446a-8d74-b176a1e7c6f7
台州市,0000000D0000002R000000030000000X,38.67,2018/12/25,331000,83c50c3e-01aa-4ff7-912d-3adc9f3c2476
台州市,0000002200000038000000070000000X,3.17,2017/5/15,331000,67a7a89a-b810-4b85-862f-3828e5e8d1f3
湖州市,0000000Z00000031000000070000000X,5,2018/11/5,330500,f92cadd6-0795-4ab8-b52b-a874c72343b2
温州市,0000002200000038000000070000000X,3.67,2018/11/15,330300,a912fea4-3f73-49a6-9c91-20d956ddb89c
金华市,0000000H0000003N000000070000000X,12.67,2017/7/15,330700,5320f1ac-7c2e-4605-8e71-cb66582e3407
湖州市,0000000G0000003F0000000700000010,9.6,2017/5/23,330500,07aa5b18-5f74-4612-8f61-e2b2b4f47161
金华市,0000002200000038000000070000000X,3.17,2018/1/25,330700,b138b27c-1159-4d72-8b89-cc6ceb74628b
湖州市,0000001400000031000000070000000X,3.83,2017/6/25,330500,3c06a7ec-3262-4874-9cb7-36b26e5c0384
台州市,0000000P0000002W000000070000000X,5.77,2018/10/5,331000,238d4373-84ba-4b19-bd81-d58818991cee
温州市,0000001500000031000000070000000X,5,2017/2/5,330300,56c72f9c-e5bb-4cce-85d4-438231f1e1fa
宁波市,0000000K0000003U000000070000000X,35.33,2018/10/5,330200,5b527dea-1b45-4df0-8915-04273d55b196
舟山市,0000001K00000031000000070000000X,2.5,2017/4/25,330900,89b6a7ba-b6b7-46e3-a501-e54ba84c53c5
宁波市,0000002U0000007X000000070000000X,4.63,2017/4/15,330200,ba079ea9-aa26-4f15-9d22-3e2fcbe76bfa
绍兴市,0000001200000031000000070000000X,4.5,2017/3/5,330600,26f4e1dd-874f-409e-98f0-1bbc8dde4bee
嘉兴市,0000003100000081000000130000000X,79,2018/7/25,330400,2878911a-892b-4a1f-9eda-0b0eb97b121b
丽水市,0000000G0000003F0000000700000010,12,2018/11/20,331100,3fd542cc-5b42-4faa-8708-b9540daa29aa
衢州市,0000001Z00000036000000070000000X,5.17,2018/2/5,330800,2c55147f-66cb-40f1-8b34-9b1d3d183738
金华市,0000002200000038000000070000000X,3.4,2019/2/15,330700,d60dbeab-6590-4b20-83f0-b016acd7f1b5
金华市,0000001E00000031000000070000000X,5,2019/2/5,330700,285df3ef-0ee9-4497-88d4-f27b529fcfa6
衢州市,0000001700000031000000070000000X,2.83,2018/3/25,330800,4fd5d383-1580-47fe-b54f-f448ebc20ade
宁波市,0000002200000038000000070000000X,3.83,2017/8/5,330200,63cadb6c-25e5-44dc-8123-8b973128b083
温州市,0000001500000031000000070000000X,4.83,2017/9/5,330300,cdcf569a-4777-4a02-9f78-c94e87f50c03
绍兴市,0000002U0000007X000000070000000X,4.67,2018/6/5,330600,ad623757-f190-40c4-8246-1ebb8cda809e
台州市,0000000P0000002W000000070000000X,4.6,2019/3/15,331000,4ac6aa49-2178-4bfb-899c-cfa62f3004e8
台州市,0000001200000031000000070000000X,3.33,2018/12/5,331000,ee58959b-ce11-437e-94ee-abcd6affebd8
浙江省,0000001A00000031000000070000000X,5.31,2017/10/15,330000,5803b7b4-40fc-4351-899f-7a5ac26f623a
舟山市,0000000J0000003Q000000070000000X,40.67,2016/12/25,330900,5cb9600a-7c63-4bd9-b5af-a4c7c3cf3e0a
嘉兴市,0000001E00000031000000070000000X,4.17,2017/4/5,330400,302e3e7a-9cc7-4f07-805a-ea7325f51f37
丽水市,0000000P0000003E0000000700000010,5.1,2018/9/4,331100,ab5fb6ec-d256-431b-9da6-438b747edeaf
湖州市,0000000K0000003U000000070000000X,0,2018/1/15,330500,1ad27682-147d-4d27-8675-df7581d67ac5
杭州市,0000000M0000003V000000070000000X,11.6,2017/11/25,330100,005e855f-bb32-4347-9340-bdd92ab45ec4
杭州市,0000000H0000002T000000070000000X,16.17,2018/4/15,330100,388feb9a-856d-4c70-82c3-0793724a4cd8
嘉兴市,0000001Z00000036000000070000000X,6,2018/1/15,330400,c2c24721-62a3-4a22-b3de-11e4ad7b8126
台州市,0000001200000031000000070000000X,5.33,2019/3/5,331000,8d2d6047-6680-46cb-a995-5ce35413332c
嘉兴市,0000002200000038000000070000000X,3.5,2019/3/15,330400,7eaeb58c-c975-4002-8529-640e8a25f773
金华市,0000002200000038000000070000000X,2.67,2018/7/25,330700,b9037b2d-03f3-4d81-9e3a-8035a902ad26
嘉兴市,0000002200000038000000070000000X,3.17,2018/1/5,330400,d2f6b5e6-09bb-4f72-be60-d0663353d3ae
浙江省,0000000M0000003V000000070000000X,12.55,2017/9/5,330000,81a3f228-a810-4d02-a629-f8d9efbedb4b
湖州市,0000000G0000003F0000000700000010,10.5,2018/10/16,330500,2c123559-20b8-4190-9c8e-0c52c874a1c7
金华市,0000001400000031000000070000000X,9.33,2018/2/25,330700,2071b865-671a-4a7e-8105-764ced39db03
浙江省,0000001500000031000000070000000X,4.51,2017/10/25,330000,a7a9c86d-b4e1-4c6f-b0cd-5ed94ac74ec9
绍兴市,0000000J0000003S000000070000000X,33,2017/5/15,330600,81a87b30-7c52-458d-8f96-a343cdab6393
嘉兴市,0000001A00000031000000070000000X,4.67,2017/12/25,330400,c3d871bf-961a-4034-ad48-81cd5f1c3988
宁波市,0000002U0000007X000000070000000X,4.63,2017/4/5,330200,0603b130-8837-4ff2-9288-c3568ccfed57
绍兴市,0000000J0000003S000000070000000X,34.33,2018/1/5,330600,ae231c18-d676-4c30-8481-0ef845100163
浙江省,0000000C0000002Q000000030000000X,63.92,2019/2/25,330000,19077a88-eb9a-4687-a6c3-e8afadf0dafc
衢州市,0000002P0000007W000000070000000X,3.06,2017/11/25,330800,531b02cd-6a0c-4be6-afae-192a4e788922
绍兴市,0000000J0000003S000000070000000X,34.67,2016/12/15,330600,625c02d9-8455-4562-b15a-6e8619879676
金华市,0000001K00000031000000070000000X,3.17,2018/2/25,330700,55e22077-22f0-41d7-88d6-11ec49179b0c
宁波市,0000000M0000003V000000070000000X,14.33,2018/10/15,330200,a24f23f2-e567-4d1b-8b88-f9782bdc45ea
湖州市,0000001200000031000000070000000X,6,2017/2/5,330500,14c1b0ba-bbe3-45ce-bf5f-00c45689e037
湖州市,0000002P0000007W000000070000000X,3.89,2018/11/5,330500,35088eb4-7a97-4660-a680-11d1f79bb449
绍兴市,0000003100000081000000130000000X,66,2018/1/5,330600,2fc1b7e2-31c6-499b-997b-1f5c09c44fcc
杭州市,0000001700000031000000070000000X,2.83,2018/1/25,330100,9508ab34-8f70-4ad5-b2b1-df22d5e3435a
温州市,0000001500000031000000070000000X,4.33,2017/3/25,330300,85d132c5-b36c-4047-88b5-ec77c4aea12c
浙江省,0000002200000038000000070000000X,3.02,2017/10/25,330000,dcf0d907-5024-458c-954c-6f847824e13a
台州市,0000000P0000003E0000000700000010,3.43,2019/3/5,331000,fc0d585b-2216-49d6-bbdf-c7ab91d70247
嘉兴市,0000002200000038000000070000000X,3.83,2017/5/25,330400,031e0923-d5b6-467f-9423-d841a9460022
衢州市,0000000X0000007T000000070000000X,22.67,2017/12/15,330800,3b6eda70-f34f-440d-a6f3-af4aa948db8a
宁波市,0000001K00000031000000070000000X,3.63,2018/2/25,330200,aaf7abdc-0ac1-4b3a-b395-ad584fb0d294
温州市,0000001500000031000000070000000X,4.67,2017/7/15,330300,298529ed-b62e-4130-89f0-3018f95399dc
舟山市,0000000C0000002Q000000030000000X,50.3,2018/4/15,330900,c739abe2-cabb-47ee-9b29-0f183789031b
温州市,0000001K00000031000000070000000X,3,2017/7/5,330300,9f055995-8a93-4717-a3c4-d5ad9aaf7a32
金华市,0000001K00000031000000070000000X,2.17,2018/5/5,330700,5f2cfba7-507e-47a3-9024-54d9228fe068
温州市,0000001Z00000036000000070000000X,6.67,2018/12/15,330300,6da2f937-1624-4093-85d4-326a64acf58d
绍兴市,0000002P0000007W000000070000000X,2.5,2018/7/25,330600,53803e0e-87e2-4e41-abcd-b3f42bee22d3
杭州市,0000000K0000003U000000070000000X,35.33,2018/5/15,330100,c7547f9f-97c5-4ab2-aa0a-a3563ef23be1
台州市,0000001200000031000000070000000X,3.33,2017/4/25,331000,0c330244-3f7b-4032-a1b3-8d7190a72472
温州市,0000000H0000002T000000070000000X,17,2018/8/15,330300,964d0503-6cf0-4985-9657-f9844cb8510d
嘉兴市,0000000S0000002Z000000070000000X,9.5,2018/7/25,330400,76ab8b41-c36c-42b5-9795-22251ed9e85f
绍兴市,0000000J0000003S000000070000000X,33,2017/7/5,330600,b60386fc-9720-47fa-a380-e3398eb9418a
衢州市,0000001E00000031000000070000000X,6.17,2016/12/15,330800,80540b17-2cf5-42e0-b38b-b3dc0f6e767d
绍兴市,0000001K00000031000000070000000X,3.17,2019/2/5,330600,256472bd-41f9-4f92-80c1-fc45b850638f
嘉兴市,0000001E00000031000000070000000X,5,2018/8/5,330400,70d4ae7e-85c2-4372-8a43-ba15b8cb61e8
台州市,0000001700000031000000070000000X,2.5,2017/2/25,331000,52148e2d-b857-445b-a423-53f9411e15bb
杭州市,0000000G0000003F0000000700000010,8.92,2017/5/9,330100,ce14fc81-9b88-4b64-a0ef-4e8c4b2402e5
绍兴市,0000001700000031000000070000000X,2.4,2018/2/25,330600,4b75b91f-125d-4b10-8ea9-787669478ae0
嘉兴市,0000000M0000003V000000070000000X,11.17,2017/4/25,330400,4a316c02-97bd-40b7-b825-16b3fb209a5a
浙江省,0000000J0000003Q000000070000000X,44.41,2019/2/25,330000,a70dc176-3823-410b-98e5-6f891257a65d
杭州市,0000000P0000002W000000070000000X,4.1,2017/8/5,330100,e370b21d-e822-4b6a-bd1c-1020f94b1735
宁波市,0000001200000031000000070000000X,3.53,2017/8/15,330200,9b365922-89da-4242-be02-3da7af8493bf
绍兴市,0000002200000038000000070000000X,3.17,2018/3/15,330600,43ef4030-3928-4516-bd1e-f085b1fbd4bb
绍兴市,0000000G0000003F0000000700000010,11.1,2019/1/29,330600,f4398d7c-57b1-451f-8fbb-f152cc116bd9
宁波市,0000000G0000003F0000000700000010,12.11,2017/2/28,330200,65ab1499-74ab-4288-9fad-5b1212ffc913
嘉兴市,0000001700000031000000070000000X,2.83,2017/6/25,330400,ca5b010a-1da0-4509-82ac-8766ef21fdc0
绍兴市,0000001700000031000000070000000X,2.5,2017/4/15,330600,f43b9b5a-dbc8-469a-bb78-7b8dc84d66d2
衢州市,0000000H0000003N000000070000000X,12.67,2017/7/15,330800,c9f6db0d-5966-471a-8d7f-9a5d2b783a96
金华市,0000001400000031000000070000000X,6.17,2018/6/5,330700,8fd61961-7b58-4914-9833-667030ed5e7b
台州市,0000002U0000007X000000070000000X,4.5,2017/11/25,331000,30980cef-7307-43bc-a20c-6b3407699d5d
湖州市,0000001A00000031000000070000000X,8.33,2018/3/15,330500,4fcb68d5-fa19-44ad-ae0c-2f5cc97d00f4
杭州市,0000000D0000002R000000030000000X,46.67,2018/12/15,330100,6b7196e2-7d23-4721-a845-19919eeabe96
金华市,0000000H0000003P000000070000000X,20.33,2017/6/5,330700,33205f13-1239-4462-9b2d-5dc34f216ba0
舟山市,0000001A00000031000000070000000X,5,2019/2/15,330900,86cab972-25e2-4d93-82c1-afef70d197b3
台州市,0000001400000031000000070000000X,5.33,2017/10/15,331000,a2a667e3-0cf3-4fd2-8dbb-1f946d3094ce
嘉兴市,0000000D0000002R000000030000000X,36,2018/6/25,330400,408d5169-c768-4ee6-b24d-a8608a7438e7
衢州市,0000000H0000002T000000070000000X,22,2019/2/25,330800,66c72f9d-a862-4f35-8aaa-0492f03b89e8
舟山市,0000000C0000002Q000000030000000X,51.6,2017/6/5,330900,61046783-f6b8-4317-9634-3fcacd6b8463
舟山市,0000000P0000002W000000070000000X,6.17,2018/10/5,330900,db894168-eb1b-40d2-9914-6803808fed5b
温州市,0000001500000031000000070000000X,6,2019/1/15,330300,050be76f-77f5-4f39-9c64-032c40d7f30e
台州市,0000000D0000002R000000030000000X,39,2018/7/5,331000,2617b1a2-9933-4fd2-9a08-67609ad7fc1c
衢州市,0000000P0000003E0000000700000010,3.35,2017/8/1,330800,475d9eb6-34d0-460b-b12d-0a8fc9f3f7ec
宁波市,0000001700000031000000070000000X,3.33,2017/4/5,330200,24290160-0801-4a84-a947-c0803cf8ac86
浙江省,0000001700000031000000070000000X,3.02,2019/2/15,330000,f8cc9e7b-c5ac-43f7-9d02-dc11ce908c41
湖州市,0000002P0000007W000000070000000X,3.89,2018/12/25,330500,610a839c-92e2-4a78-86dc-2ee147e8e37c
丽水市,0000000G0000003F0000000700000010,6.9,2018/5/22,331100,0baef387-9c8d-404f-858e-24947f89f6c4
绍兴市,0000000H0000003P000000070000000X,25.67,2018/2/25,330600,800941c9-be76-4a8c-bc0a-f0a44c14efc2
丽水市,0000001K00000031000000070000000X,3.67,2017/11/25,331100,b5d79380-fccd-49c5-be69-f47c64107c5c
浙江省,0000003100000081000000130000000X,94.13,2018/1/15,330000,6f05a80f-3525-43ea-928d-e827233d8af9
宁波市,0000001400000031000000070000000X,7.33,2018/10/25,330200,3f87e285-948b-4cf1-92ef-6fdac888fa82
宁波市,0000000H0000002T000000070000000X,16.57,2018/10/25,330200,ba1ead9e-25f2-4c7e-beb2-f18489d5ab3b
绍兴市,0000001500000031000000070000000X,3.83,2017/10/5,330600,1dafaf0d-8f95-41e5-8aea-0da8e4da9dfc
金华市,0000000H0000003N000000070000000X,13.67,2019/1/15,330700,1c4d3a94-078b-4d14-8755-e3dbff9e6d51
嘉兴市,0000000P0000002W000000070000000X,4.17,2017/7/25,330400,717154e5-d61e-4359-a922-8194ba6dc2a8
舟山市,0000000G0000003F0000000700000010,11.5,2018/12/18,330900,7cacb409-6bf9-412b-8afa-54ef203b6d56
衢州市,0000000C0000002Q000000030000000X,66,2017/5/25,330800,6343b46a-738c-4869-b7df-f237a0853460
浙江省,0000000J0000003S000000070000000X,34.64,2017/10/15,330000,c7169e86-4780-4c1e-b33c-435e4f5f05c5
舟山市,0000001500000031000000070000000X,4.33,2017/4/25,330900,88e15ffe-a38a-4a80-b550-bfeeb41e4196
杭州市,0000001400000031000000070000000X,5.67,2017/10/25,330100,b3286328-be00-4093-a818-a2adbb08691c
丽水市,0000002P0000007W000000070000000X,2.93,2019/2/5,331100,e41400b3-37b3-467c-92eb-1e2d512ffe71
嘉兴市,0000001200000031000000070000000X,4.67,2018/12/25,330400,b5031cf9-a831-427c-8521-d7e82ab42eb2
衢州市,0000000H0000002T000000070000000X,18.33,2017/8/25,330800,b3f824e0-b13e-4510-ac34-16c54bd9bd36
宁波市,0000001400000031000000070000000X,8.1,2019/1/25,330200,4e93ba48-5b31-49d1-b174-7fad23952516
舟山市,0000000D0000002R000000030000000X,43.63,2016/12/25,330900,c1fae2b9-f7c1-43b1-8c4c-e71a384e6310
绍兴市,0000000J0000003S000000070000000X,34.33,2018/5/25,330600,f0696609-a48f-4cbc-9d30-446212181baa
宁波市,0000002P0000007W000000070000000X,2.93,2018/10/15,330200,8a04cb12-0f13-47f5-9159-d7813d62af5c
杭州市,0000002U0000007X000000070000000X,4.5,2018/6/25,330100,b504de8d-29dc-4552-8fe8-c746bc2f2461
嘉兴市,0000003100000081000000130000000X,79,2018/11/25,330400,4e9bfb53-5930-49b1-b2a9-4f1d4474519b
嘉兴市,0000000P0000002W000000070000000X,4.93,2018/5/15,330400,d581b952-4b4d-4f96-a50e-faf3f89429ec
金华市,0000002P0000007W000000070000000X,3.7,2018/7/15,330700,47504d73-7432-4661-a5d8-1d4c5b229c64
杭州市,0000001200000031000000070000000X,5,2019/1/5,330100,e5707e55-c963-42dc-9e13-e89e2e5e7d52
浙江省,0000001500000031000000070000000X,4.67,2016/12/15,330000,aec17da0-46c8-444f-be8d-479a2f246662
衢州市,0000000C0000002Q000000030000000X,69,2018/10/25,330800,8665ec9c-ebd6-4537-8fc2-ef0bbce51b0b
湖州市,0000000D0000002R000000030000000X,40,2017/2/25,330500,8fe98c56-09cf-4855-a863-17a6f2c4ecc9
宁波市,0000000M0000003V000000070000000X,14.53,2018/9/15,330200,97e1fe73-282f-47f1-ba88-bae19b1a72a0
宁波市,0000001K00000031000000070000000X,3.9,2018/11/5,330200,43614267-1a1a-482d-a772-e90189241703
台州市,0000001400000031000000070000000X,5.17,2017/5/5,331000,cd76888d-55b3-40d7-ae93-fe415fa3dee4
舟山市,0000000P0000003E0000000700000010,5,2017/10/17,330900,5aa8b90e-8204-4d01-b079-b3e4383ad88f
舟山市,0000000P0000002W000000070000000X,5.33,2018/7/25,330900,0ae1317a-a619-4ac8-a1de-6093000e4e79
温州市,0000002U0000007X000000070000000X,4.67,2019/2/25,330300,9820d105-02e8-4eae-893b-b31ceffd8325
金华市,0000000S0000002Z000000070000000X,8.5,2017/9/5,330700,edfa2a38-f868-4d16-9b28-a83ddad2af6c
舟山市,0000000H0000003P000000070000000X,25.67,2017/4/15,330900,3651f631-660d-459b-b2c4-e81a6b826bbd
宁波市,0000001E00000031000000070000000X,4.6,2018/11/25,330200,0fac758f-9e92-47c9-9c5a-829bd1897b59
绍兴市,0000001500000031000000070000000X,5.33,2017/2/5,330600,3a2789b9-d9c0-4354-ba1b-465739031a10
台州市,0000002U0000007X000000070000000X,4.5,2017/9/15,331000,e033bcae-af2d-4e47-9d06-165daf442c04
湖州市,0000002P0000007W000000070000000X,3.89,2017/4/15,330500,c8197390-4e2b-4ff8-abeb-f67a480f3e3e
绍兴市,0000000P0000002W000000070000000X,5.83,2018/12/5,330600,76022b82-d73d-49b6-b2d5-1db1214cdd8a
丽水市,0000001K00000031000000070000000X,4.33,2017/10/15,331100,97cb7839-73ba-4991-a17b-4c43edb9f31b
嘉兴市,0000002P0000007W000000070000000X,3.2,2017/3/5,330400,4cde75c1-3124-41fd-aa55-56120374a563
宁波市,0000001K00000031000000070000000X,2.93,2017/3/5,330200,ff8860dd-b132-4e7f-aa3b-859857e6bff9
嘉兴市,0000003100000081000000130000000X,79,2018/4/5,330400,47129fda-c70f-4091-b6c3-6355f4bf4d51
舟山市,0000000X0000007T000000070000000X,35.33,2018/10/15,330900,3764c037-fed6-4c72-8a53-f75ddb846808
衢州市,0000000P0000002W000000070000000X,5,2018/7/5,330800,a9247ec7-2783-42cd-b2b3-1ac541469a0a
温州市,0000000S0000002Z000000070000000X,9.5,2018/4/5,330300,75dcd34d-2778-439c-97c6-b07ba2286e86
杭州市,0000001400000031000000070000000X,6,2018/10/15,330100,dbf3510d-98e7-4cf5-8264-3b3f64a8b655
丽水市,0000001E00000031000000070000000X,2.83,2017/1/5,331100,5b1ac5b5-b432-4d73-8686-8fa07fdd477d
宁波市,0000000S0000002Z000000070000000X,10.5,2017/11/15,330200,bb80c59f-801d-4ac2-a437-405701ff3dfa
金华市,0000000J0000003S000000070000000X,35.33,2017/5/5,330700,af37c35d-6d7a-4f17-a785-3921345f2324
衢州市,0000000P0000003E0000000700000010,2.6,2017/4/25,330800,f34e6f31-16f5-45a4-bf95-87b890755a08
湖州市,0000000P0000002W000000070000000X,4.67,2017/7/25,330500,6faf0cba-2324-4166-8e3f-fd0a80438bed
丽水市,0000000X0000007T000000070000000X,41.67,2019/1/15,331100,a78b4b1a-1aaa-453a-93d3-a8e941b221e8
杭州市,0000000G0000003F0000000700000010,9.29,2017/11/14,330100,344e1709-1f5a-44b6-946f-370cf7846caa
金华市,0000000Z00000031000000070000000X,5.17,2017/7/25,330700,6ebac527-21e3-4753-97fc-01a6a7b1ed58
金华市,0000001500000031000000070000000X,3.33,2018/5/25,330700,17539c19-15c5-4356-81b9-66e880938903
绍兴市,0000000G0000003F0000000700000010,7.2,2018/5/29,330600,94346bc3-1885-435d-9827-e4514ae03193
金华市,0000001E00000031000000070000000X,4,2019/2/15,330700,190047b6-a209-4ef6-8cfc-ad2eeb3dd662
丽水市,0000003100000081000000130000000X,84,2017/4/25,331100,d29fd77f-3cfb-4440-aa8b-85800846bfac
宁波市,0000001200000031000000070000000X,4.93,2018/9/25,330200,8e0c0f0e-a3a1-40b0-8646-562756c38dc2
浙江省,0000002200000038000000070000000X,3.1,2017/10/5,330000,24adc464-6657-41d7-a512-181c0722fd65
丽水市,0000000J0000003S000000070000000X,39.33,2018/10/15,331100,518fc17c-5a56-4ebf-a778-53a137ae58c3
杭州市,0000000P0000003E0000000700000010,4.3,2018/3/6,330100,a0734aea-1486-4c44-b71c-9799fa57ddb3
金华市,0000000D0000002R000000030000000X,40.17,2018/5/25,330700,181d6d86-542c-4a15-9760-907c2af57e9f
温州市,0000002200000038000000070000000X,3.5,2018/5/25,330300,51de3395-f217-43fa-a72f-30b110468f00
杭州市,0000000D0000002R000000030000000X,46.67,2018/2/25,330100,fedda528-53a1-430f-9688-42c0bc126dbf
金华市,0000000J0000003S000000070000000X,34.33,2018/4/15,330700,0af221d8-2654-4030-a852-747f2bb891b9
衢州市,0000000G0000003F0000000700000010,7,2018/4/3,330800,c8fe01a8-d7d8-4491-ba00-ad381aaf21db
浙江省,0000001200000031000000070000000X,3.59,2017/4/25,330000,decd8a5d-af7a-4fae-8330-2cee2dd17b5a
金华市,0000001500000031000000070000000X,5.83,2018/10/5,330700,764773c8-3a39-405f-b259-3caf08cb8b51
绍兴市,0000002P0000007W000000070000000X,2.56,2017/2/15,330600,b8545cc2-a8ca-4b3f-97c9-5f2088e56941
嘉兴市,0000000J0000003S000000070000000X,32.33,2017/3/25,330400,58d0d22a-9ebe-47cd-9dc4-6fa56ceac7f7
嘉兴市,0000001700000031000000070000000X,2.83,2017/11/5,330400,bd697966-d007-482b-b790-54920b98312e
宁波市,0000001K00000031000000070000000X,3,2018/1/15,330200,89bff520-b621-489f-ae00-fd2880b630df
杭州市,0000000P0000002W000000070000000X,5.57,2018/2/15,330100,5c15a455-b8dd-450c-b7bd-c974ef33f857
舟山市,0000000H0000002T000000070000000X,15.5,2018/3/5,330900,6d5e68d5-c2db-4c58-a3ca-e314c8f0e7c8
湖州市,0000001Z00000036000000070000000X,5.67,2019/1/25,330500,571d0e6d-5321-4d64-9784-bbb7c7700ec2
绍兴市,0000002P0000007W000000070000000X,2.56,2017/2/5,330600,f44c954b-e7c0-4f89-aadd-e4f21be5355d
衢州市,0000000S0000002Z000000070000000X,9.5,2017/4/25,330800,fd51b702-48dc-440c-a8f6-23ac3e038eb1
台州市,0000000C0000002Q000000030000000X,63.33,2018/3/5,331000,019b7551-5ccf-4655-86ae-9a1e097ab591
嘉兴市,0000000J0000003Q000000070000000X,40.67,2018/2/15,330400,5dddb210-134f-4c87-951c-20e80ecc1ba6
金华市,0000000M0000003V000000070000000X,12.33,2017/4/5,330700,df11b80a-466b-4ec7-8f36-470f593f5fb6
杭州市,0000000H0000003N000000070000000X,15.33,2018/11/5,330100,940cd427-ef29-41b5-a20e-684131a7a1e1
舟山市,0000002U0000007X000000070000000X,4.67,2018/12/15,330900,49dae7c1-8e22-4e4e-96f4-67a0696fd2dc
台州市,0000000H0000003N000000070000000X,12.33,2017/6/25,331000,66a48a43-9594-4936-9aff-b4c0af9f935a
温州市,0000000K0000003U000000070000000X,48,2017/9/5,330300,5e096930-b12c-4c1a-9678-826cefd2a083
浙江省,0000001200000031000000070000000X,4.81,2018/12/15,330000,7182dfb3-3682-4d07-acdf-93b5ef06f9a9
金华市,0000000Z00000031000000070000000X,4.5,2018/6/5,330700,169e87d9-1390-4c84-9a8a-6efa3bd84f8b
嘉兴市,0000001Z00000036000000070000000X,5.83,2017/11/5,330400,0c213f9e-0350-4b3c-9745-f9ea650d29fe
宁波市,0000001700000031000000070000000X,3.33,2017/3/25,330200,5473603b-4ade-423b-9e3e-57f5b982dc07
温州市,0000002P0000007W000000070000000X,2.17,2017/1/25,330300,cd5451da-4a4b-447a-b900-c281ec9a4d15
嘉兴市,0000000G0000003F0000000700000010,9.25,2017/10/3,330400,c0f42247-75f2-4d7f-9189-ed759fe6df85
温州市,0000000P0000002W000000070000000X,5.2,2018/4/5,330300,ac0f400f-b3c8-4cb4-b3f5-9bc174ffc8ec
台州市,0000001400000031000000070000000X,8,2018/3/5,331000,2bfd9d78-766e-4cef-b696-46bf02f1bedc
嘉兴市,0000000H0000003N000000070000000X,15.33,2017/3/15,330400,0ef3f252-6daa-4852-b7d4-c75afc6d0e76
金华市,0000001Z00000036000000070000000X,5.17,2016/12/25,330700,d911ee52-e7d7-4d18-acb6-966a4b5a36c1
丽水市,0000000P0000003E0000000700000010,3.6,2019/3/12,331100,61b20d9c-817f-4207-aed0-df859becb689
浙江省,0000000K0000003U000000070000000X,34.41,2017/6/5,330000,d8c453ab-717b-4ab8-9586-6b7d80eda411
浙江省,0000001K00000031000000070000000X,3.94,2017/8/15,330000,f01cbbc1-cbef-4155-94cf-a3dc1d1c357d
温州市,0000002P0000007W000000070000000X,2.33,2017/8/15,330300,c602a764-42b6-4a72-b4bd-e6d1f98488cf
嘉兴市,0000001500000031000000070000000X,5.33,2018/12/25,330400,d735d27b-11ac-4146-ac0c-c78da06d2c95
湖州市,0000000D0000002R000000030000000X,36.33,2019/2/15,330500,8dbc3b7a-9bae-4206-aa69-a4e9ff3b8acf
杭州市,0000000H0000003N000000070000000X,14.33,2017/10/25,330100,3fb55d45-66f9-48bd-8adc-bdff4227f5fd
温州市,0000001E00000031000000070000000X,5.67,2018/4/15,330300,3a1e69cc-0a10-466f-ba8c-5c73af6fa380
宁波市,0000002U0000007X000000070000000X,4.8,2017/6/25,330200,f42a1b8b-2115-4d15-9894-3ad55615d70e
温州市,0000000H0000003N000000070000000X,15.33,2018/5/15,330300,dfee55e9-42e9-48ee-9d74-6008ae7cf4eb
丽水市,0000000J0000003Q000000070000000X,39,2018/1/25,331100,b6515bd7-6038-49e3-831d-bb5470a98a1f
浙江省,0000000H0000003P000000070000000X,22.86,2018/3/5,330000,e9d16208-816b-48d0-8e66-8b38c006a403
衢州市,0000000G0000003F0000000700000010,9.5,2017/9/12,330800,b78baf90-c9af-4a3f-af72-26cbdaeb9bf5
台州市,0000000D0000002R000000030000000X,39.33,2017/6/5,331000,1d3a4225-0acf-4918-8a59-f4943baf6ba7
温州市,0000001K00000031000000070000000X,4.83,2017/11/15,330300,9f980986-9f11-40c3-807d-09bbd10fd20b
金华市,0000000G0000003F0000000700000010,11,2019/1/29,330700,ceaabed2-fbcd-41c4-9fcd-7aed7da29a61
台州市,0000002200000038000000070000000X,3,2019/1/25,331000,d41bce71-7bd9-4912-85a2-0fbc6783e355
金华市,0000000H0000003N000000070000000X,12.5,2018/3/15,330700,1f311b9f-b1ac-4b3a-bacd-5e96266c0b02
湖州市,0000000H0000002T000000070000000X,17,2017/1/15,330500,f4f3e062-96a3-4aae-a73b-410abd433d09
绍兴市,0000000C0000002Q000000030000000X,57.67,2019/1/15,330600,1cfe2b65-d508-4400-985f-f035350876d2
宁波市,0000002200000038000000070000000X,3.6,2017/1/15,330200,ba22e5e5-b89c-45a8-80f9-5bee5be4b50c
湖州市,0000000J0000003Q000000070000000X,38.33,2017/6/5,330500,07c8c518-25a9-4a74-8c22-d237ff676c59
浙江省,0000001200000031000000070000000X,3.92,2017/12/25,330000,cd4c1fbd-2243-42e7-9bf5-5905f9843702
台州市,0000000X0000007T000000070000000X,25,2018/10/5,331000,ba9e33b7-a72c-4ae8-a32b-a3c22381b206
绍兴市,0000000D0000002R000000030000000X,49.33,2018/5/5,330600,d698004a-0311-4803-9310-3eb236c9cd31
丽水市,0000000Z00000031000000070000000X,4.17,2017/10/5,331100,4aea088d-ba6b-425f-80a5-958918d494f3
宁波市,0000001K00000031000000070000000X,3.17,2019/1/25,330200,0d48eee5-aa03-45db-982f-30d5347d01e1
浙江省,0000000D0000002R000000030000000X,43.58,2018/4/5,330000,c9ab94ec-9d06-44f6-975e-b905e6cc9405
舟山市,0000001A00000031000000070000000X,6,2018/1/15,330900,7da6450e-1e64-4a05-9b6f-eb881ab34232
嘉兴市,0000001400000031000000070000000X,4,2017/10/5,330400,dfebef1c-9372-434e-9336-9f8a2c1a8b97
嘉兴市,0000000Z00000031000000070000000X,4.5,2017/2/5,330400,f732b1a6-9032-404f-9483-12b56a8165ba
绍兴市,0000000M0000003V000000070000000X,9.67,2017/7/15,330600,4a5912f3-69ac-48e6-9594-110764fabaa1
舟山市,0000000P0000003E0000000700000010,3,2017/7/11,330900,84ee82e3-5dfe-4ec6-9f00-059ebac2eca3
湖州市,0000002P0000007W000000070000000X,3.89,2018/4/5,330500,7db6e2a2-3018-4e44-8812-acd8e7d878b5
丽水市,0000001200000031000000070000000X,4.5,2018/3/5,331100,3e48899d-e649-4955-9957-cc431b32ec78
宁波市,0000001K00000031000000070000000X,3.33,2018/6/15,330200,674b50e4-f689-4850-ba88-28ac30f03a6f
湖州市,0000000S0000002Z000000070000000X,8.17,2017/4/5,330500,1e023791-8182-4bd1-9c18-c9d4fbdc0721
温州市,0000001200000031000000070000000X,4.17,2018/11/15,330300,35a769cd-27e3-43fe-b841-8969358351b2
湖州市,0000000S0000002Z000000070000000X,9.67,2018/7/5,330500,425efd6e-107c-43da-a949-535ecf855d60
宁波市,0000003100000081000000130000000X,138.33,2018/12/5,330200,719fdce8-a0c3-409f-b838-562d1ef3caee
杭州市,0000000K0000003U000000070000000X,36,2019/3/5,330100,018ee0e1-dd8a-4b1a-863d-a044e1518d92
宁波市,0000000G0000003F0000000700000010,13.52,2018/10/2,330200,b429c7cd-4849-4c97-b699-f212d674964f
浙江省,0000001E00000031000000070000000X,3.61,2019/1/5,330000,22a897f9-cfaf-444c-8a21-74518f55b694
温州市,0000001500000031000000070000000X,5,2017/1/25,330300,fa703c0a-b990-4df0-b126-6092540df992
衢州市,0000000P0000003E0000000700000010,4.75,2017/11/14,330800,8d64947d-4224-4d8e-a4b0-59b2e75f26c6
嘉兴市,0000000C0000002Q000000030000000X,69.33,2018/9/15,330400,bbee13c5-e286-4f5a-ac0f-b69d9b54fbbc
舟山市,0000001E00000031000000070000000X,5.67,2018/7/5,330900,d77ebb15-76ee-492b-84af-d1e7a80f292f
湖州市,0000000J0000003S000000070000000X,34.67,2018/4/15,330500,73f83dcf-6a2b-4080-ac01-3f428e04d759
浙江省,0000000K0000003U000000070000000X,35.81,2018/6/25,330000,f2e6d628-f1fe-4a3e-a8d1-a3b6cbb001b4
湖州市,0000000Z00000031000000070000000X,3.17,2017/4/15,330500,f4b154ea-f037-4c41-aa4d-43b6521110c5
衢州市,0000002P0000007W000000070000000X,3.06,2017/10/25,330800,537bdd28-8d47-4c21-889b-0a62bbc7757e
绍兴市,0000001700000031000000070000000X,2.33,2017/6/25,330600,6ed978d0-54ea-40c2-80ed-d665b69fd0d4
舟山市,0000000P0000002W000000070000000X,4.17,2017/5/15,330900,f3d42a32-cb21-426d-8e47-9a70fd543b1c
舟山市,0000001400000031000000070000000X,5.5,2017/12/25,330900,5ec1c916-67a7-4a5d-ad5e-59ea073824fc
浙江省,0000001400000031000000070000000X,5.47,2017/4/25,330000,67be4213-61b9-4997-a22c-38b113977785
嘉兴市,0000000X0000007T000000070000000X,36,2018/2/25,330400,2574829d-4eda-4f2d-9b71-0a72db6763f9
嘉兴市,0000000P0000003E0000000700000010,5,2017/10/24,330400,8770bc73-9d7e-4dc9-9f3d-48e13d8d66ff
湖州市,0000000P0000003E0000000700000010,5,2018/10/9,330500,5b0ac8cc-626c-4b19-bbe3-178631152967
温州市,0000000S0000002Z000000070000000X,9,2018/7/5,330300,9e35d07c-8832-448c-be28-428fbd1b8b36
嘉兴市,0000003100000081000000130000000X,79,2017/4/25,330400,774f706f-49ff-46ad-af89-4b3446e21285
杭州市,0000000P0000002W000000070000000X,5.27,2018/7/25,330100,10ffe856-9932-4de0-b39a-cd4e91ea55d1
杭州市,0000001200000031000000070000000X,4.1,2018/5/25,330100,51f9c9ed-8858-40e2-9ea9-e799c64c463d
宁波市,0000001A00000031000000070000000X,4.87,2017/12/5,330200,5a1bfa76-2b0a-45c1-bcc0-2e055fb06924
丽水市,0000000M0000003V000000070000000X,11,2018/8/25,331100,9b1349d0-ec53-486d-afa0-bdfcaf84ce38
杭州市,0000000D0000002R000000030000000X,46,2017/6/5,330100,bfa88166-1de0-4be7-bf24-707457cdef4a
湖州市,0000001500000031000000070000000X,5.17,2017/1/5,330500,e1584e44-5b46-4f91-a6f5-168d08021151
台州市,0000001E00000031000000070000000X,3,2017/12/15,331000,cb4829e7-676d-4dd9-8f2d-9826f16bd533
嘉兴市,0000000H0000002T000000070000000X,17.33,2017/4/5,330400,0f69b6fe-2483-490d-a683-36514b44f934
宁波市,0000000J0000003Q000000070000000X,42.33,2018/8/5,330200,60348441-4e76-4df4-8a22-08731b75a82c
湖州市,0000002P0000007W000000070000000X,3.89,2018/11/25,330500,51916c4f-ded1-4665-a38d-7e733c0d49bf
台州市,0000002P0000007W000000070000000X,3.45,2017/11/25,331000,19e93e5a-ba27-4be5-95a8-6d6c89827598
杭州市,0000001K00000031000000070000000X,4.1,2018/9/5,330100,ef4817b3-dab7-45ef-af6d-3c28b61ad31d
嘉兴市,0000000H0000003P000000070000000X,22.33,2018/1/25,330400,f40174d4-1685-466d-a007-7d7ae825b683
嘉兴市,0000000M0000003V000000070000000X,11.67,2019/1/5,330400,71b196ad-d63d-4b1f-b8b6-7539fb26e5e5
衢州市,0000001E00000031000000070000000X,4,2017/5/15,330800,7098a82c-1744-44d5-8791-e8dc27a586e2
宁波市,0000001500000031000000070000000X,4.03,2017/4/25,330200,5849fa86-f04f-49e7-a4b5-e07a2b145904
台州市,0000001E00000031000000070000000X,2.83,2018/1/15,331000,36b3f534-144c-47e8-a6d1-b1f8d6d97b94
台州市,0000000P0000003E0000000700000010,4.92,2018/9/11,331000,0da62947-7de9-4e18-aedf-8d86b63a5c58
丽水市,0000000P0000003E0000000700000010,3.4,2017/7/11,331100,c26fe749-0cc7-4990-ae59-211246c25268
杭州市,0000000D0000002R000000030000000X,46,2017/9/25,330100,e453f797-8a84-4890-bfb4-a78e09018862
衢州市,0000001E00000031000000070000000X,5,2019/2/15,330800,b5e26c25-c6f5-4b24-b0a2-99d0f430da86
衢州市,0000001Z00000036000000070000000X,5.33,2018/9/25,330800,0b016f61-9394-4707-89e1-4948ca143287
嘉兴市,0000000Z00000031000000070000000X,3.83,2018/4/25,330400,8cb64e94-b65c-4f2a-ae0d-5035463d0ee5
舟山市,0000000J0000003Q000000070000000X,39.67,2017/9/25,330900,4078d84c-92c5-4270-bf9c-081b26711b70
浙江省,0000000X0000007T000000070000000X,34.95,2017/12/15,330000,219a31cf-f3c7-4dee-95f1-5832b701701f
台州市,0000000P0000003E0000000700000010,2.85,2017/3/14,331000,f56b0920-72ed-4711-9697-8e6342d5d7f3
温州市,0000000M0000003V000000070000000X,16,2018/6/15,330300,52c1e4bc-d719-40b7-a0d6-882d1f924eb1
绍兴市,0000001Z00000036000000070000000X,4.27,2017/1/15,330600,79150e69-8538-4d0e-8140-e68cb46bbab1
嘉兴市,0000001Z00000036000000070000000X,5.67,2017/5/15,330400,ca85cfe6-255b-4971-93b1-b57e87cbfc16
衢州市,0000000P0000003E0000000700000010,4.9,2018/10/9,330800,d67146fb-ea66-4d0f-bdda-6c4cf3c32f8a
台州市,0000001E00000031000000070000000X,4.83,2018/4/25,331000,438851de-eded-4a9d-9737-aedae5aa4c24
绍兴市,0000003100000081000000130000000X,66,2017/9/5,330600,91f80b06-27f8-46d5-91b2-15a94b1a625d
衢州市,0000001200000031000000070000000X,4,2018/8/25,330800,2ffcbc97-61e5-4a7e-9a83-9e136d417776
宁波市,0000000H0000003N000000070000000X,14.4,2019/1/5,330200,f18b3f6b-5f5b-4361-b486-cb400d6411bd
台州市,0000001700000031000000070000000X,2.17,2018/1/25,331000,4b84c9bc-ceb6-40ce-80f3-acfe34e630d9
杭州市,0000000H0000003P000000070000000X,20,2017/8/15,330100,0f26474f-5ea3-4a13-9888-a1fbf491ad05
温州市,0000001700000031000000070000000X,2.67,2017/3/5,330300,d6304a70-b311-43fc-ad1d-d40cde3b4a45
丽水市,0000001200000031000000070000000X,3.67,2017/1/15,331100,0b00e338-7bbe-43ef-9669-7666f49ae38b
宁波市,0000001400000031000000070000000X,8.17,2018/3/15,330200,2c984d41-56bf-479c-8e6d-0ab9c38271ef
金华市,0000000G0000003F0000000700000010,7.7,2018/6/19,330700,a85a65c6-1ac2-4bbb-818f-9e4d18d130b6
台州市,0000000C0000002Q000000030000000X,63.33,2017/9/5,331000,3422c831-c77e-4ed3-9f3d-29bbddb7dea2
宁波市,0000001Z00000036000000070000000X,7.27,2018/11/25,330200,56d4bae8-2333-49dd-8317-e3d0ddd4dd2e
衢州市,0000000J0000003Q000000070000000X,41.67,2019/3/5,330800,6112e523-f52a-422b-8c9a-87ff1e8da632
杭州市,0000000C0000002Q000000030000000X,62.67,2017/12/15,330100,abf14112-d10e-47b9-b200-cbfa788fc162
温州市,0000001K00000031000000070000000X,3,2017/4/25,330300,c969d249-1af7-43ab-9738-c50baff123f3
舟山市,0000001Z00000036000000070000000X,7.67,2017/12/15,330900,2133ffd5-a918-42bb-bea3-f5c4f3f69900
宁波市,0000002P0000007W000000070000000X,2.93,2018/10/25,330200,e6381e54-89d2-4118-a4d4-9bdc524d3fab
丽水市,0000000H0000002T000000070000000X,14,2017/7/15,331100,02ff1b1a-0d77-4f84-91e0-f426ab4664cb
舟山市,0000000X0000007T000000070000000X,36.67,2018/12/5,330900,7e3c295c-6ce4-41d1-9319-a0599aa6953b
台州市,0000000G0000003F0000000700000010,9.8,2019/2/5,331000,4c22c4aa-ec2c-4ae9-b4f1-362813b51b4c
宁波市,0000000C0000002Q000000030000000X,81.33,2017/5/5,330200,04c04709-8d53-498b-8a0f-15538d05e8c1
杭州市,0000000Z00000031000000070000000X,6.27,2018/8/15,330100,198792a1-248c-4fa7-a3fd-b47a3a2a6346
金华市,0000000H0000003N000000070000000X,14.17,2017/4/15,330700,7ab5477e-d22c-4894-a3b9-3a0a0938ab66
舟山市,0000000C0000002Q000000030000000X,51.6,2017/6/25,330900,9432e822-0dff-4219-bdf0-3651cba0fd2e
金华市,0000001200000031000000070000000X,2.33,2018/6/15,330700,f6f343a9-fb97-4d2c-8ee2-c5b76fa7a77a
湖州市,0000000S0000002Z000000070000000X,8.83,2017/5/5,330500,bb45f855-2bb6-4c1b-b074-8b8c965337ad
舟山市,0000002P0000007W000000070000000X,3.33,2018/9/15,330900,9a7f4547-bf54-44dd-bc23-af0408e8a6d7
湖州市,0000000X0000007T000000070000000X,35,2018/10/5,330500,5ae19092-7fbc-4abb-b32b-3a6990f6f880
舟山市,0000000P0000003E0000000700000010,4.8,2019/1/8,330900,f928a4e1-2e30-4d2b-a72d-06fef33b6ff4
台州市,0000000S0000002Z000000070000000X,9.5,2017/4/25,331000,4968baeb-71c9-4d8e-83d9-02f09e5a550b
温州市,0000000H0000003P000000070000000X,29.67,2018/12/15,330300,dc6fadb7-f7d7-4889-8313-ce05ef0aa561
嘉兴市,0000000J0000003Q000000070000000X,40.67,2018/5/15,330400,b4713720-61b5-4c1b-9417-ba5b28fe8d1f
嘉兴市,0000000X0000007T000000070000000X,31,2017/8/5,330400,37aa0ac7-4f5c-4092-9f8e-58018ea3a667
嘉兴市,0000000G0000003F0000000700000010,8.3,2018/6/26,330400,d985692b-402a-4686-a086-8a712ed99ae4
舟山市,0000000C0000002Q000000030000000X,50.3,2018/5/5,330900,b72cbb56-b514-4c72-8fef-1244f10f11e3
衢州市,0000002200000038000000070000000X,2.67,2018/8/25,330800,00bfbdb5-9e5a-40c1-8ab1-c5c98633e952
舟山市,0000001Z00000036000000070000000X,7.17,2017/3/25,330900,c66e4c4d-5b5d-4c20-a12f-434871dd99d9
衢州市,0000000P0000003E0000000700000010,2.5,2017/6/20,330800,9ca9b0d6-c334-446c-ad11-c3011fb8db52
台州市,0000000S0000002Z000000070000000X,10,2018/9/25,331000,90359e03-7985-49f8-be4b-38e22618dd96
宁波市,0000001400000031000000070000000X,6.33,2017/11/25,330200,79b98fa7-c2b1-4cf7-b17e-2af833f70703
宁波市,0000000Z00000031000000070000000X,6.9,2019/2/5,330200,7816b174-c953-4ce6-9db6-142df81b36ac
温州市,0000002200000038000000070000000X,3.17,2018/2/5,330300,6d5c785f-b89e-4378-ac7f-1541dad954eb
嘉兴市,0000001E00000031000000070000000X,4.5,2017/2/15,330400,c0f6608e-c41e-4ea6-a322-65359fbcbced
宁波市,0000001200000031000000070000000X,4.03,2018/5/25,330200,ab095ed5-006f-49e4-b292-3e293b12eb2c
衢州市,0000001A00000031000000070000000X,8.5,2018/1/25,330800,30a71201-1754-430b-91ee-247ade83ee32
嘉兴市,0000000P0000002W000000070000000X,5.07,2017/1/5,330400,da830139-f1ae-4c64-a78c-3336d8f51f6a
舟山市,0000001A00000031000000070000000X,4.5,2017/8/25,330900,1be66e12-178d-48b3-bef4-7273c95b302b
衢州市,0000001Z00000036000000070000000X,5.17,2018/3/5,330800,cd63e893-eafb-4cae-89af-f53408e0343d
湖州市,0000000P0000003E0000000700000010,5.5,2018/8/28,330500,2805b3f9-36ec-478d-8d09-a362eca251db
舟山市,0000000P0000002W000000070000000X,5.17,2017/1/25,330900,941135e6-732a-4390-b2bc-ea7907b50664
衢州市,0000000X0000007T000000070000000X,24.33,2018/3/5,330800,257cceb6-1a5c-4edf-b3ad-e58332c8be41
衢州市,0000000D0000002R000000030000000X,37.67,2017/12/25,330800,3498543f-bbcf-4843-aa99-2072ba19e55e
台州市,0000001K00000031000000070000000X,2.67,2017/12/25,331000,066a6f45-e105-4915-a0fc-f9479c0cac42
嘉兴市,0000000J0000003Q000000070000000X,40.67,2017/2/25,330400,6b8ca265-39d5-40b9-b731-ad8cdf18d2ad
丽水市,0000000Z00000031000000070000000X,3.67,2019/2/15,331100,69465c3a-bf1b-460b-8daf-61b3c423db54
台州市,0000000P0000002W000000070000000X,5.17,2018/11/25,331000,7c267918-5d8c-4f1a-bdf4-2ea923707f8e
宁波市,0000000J0000003Q000000070000000X,42.5,2018/6/25,330200,628a132b-7b93-4e9c-b5f2-791e02443b3b
衢州市,0000001200000031000000070000000X,3.67,2018/4/15,330800,ceec708a-9db3-48cf-9a3d-cd7d34bd35bb
台州市,0000000X0000007T000000070000000X,33.33,2017/8/15,331000,351252b3-a62c-45f6-a103-7b438453feab
金华市,0000001400000031000000070000000X,4.5,2017/9/25,330700,0da50e2a-e019-457a-b207-ebd6e7d5680a
温州市,0000000G0000003F0000000700000010,10,2017/5/2,330300,00ff36a5-4f32-495c-8326-d8d21cc17ce1
丽水市,0000000K0000003U000000070000000X,33.67,2017/6/25,331100,3d307c41-92fd-4768-8bc7-5e7a4807029a
温州市,0000000C0000002Q000000030000000X,60,2018/4/25,330300,8e5a4e0c-1ab7-48ff-9401-576dc66b84dc
绍兴市,0000003100000081000000130000000X,66,2019/2/15,330600,7c4f36ab-b821-427f-aaf0-8d0d3605880e
湖州市,0000001500000031000000070000000X,4.83,2018/4/5,330500,2a73ef79-11d4-4659-875c-a2c67b3a4748
嘉兴市,0000000X0000007T000000070000000X,32,2018/11/5,330400,4407f3fd-7e25-4f45-86c3-f2eb2a6f0fbd
衢州市,0000001Z00000036000000070000000X,5.33,2017/8/25,330800,2c94a6ea-d0cf-4398-b253-43febbeec5ea
嘉兴市,0000000S0000002Z000000070000000X,10,2017/7/15,330400,16298eb9-52d1-4159-a8ec-b82159db8e22
台州市,0000000H0000002T000000070000000X,13.5,2017/8/5,331000,6d8b9792-b378-450b-86a4-505d8a1ab96c
宁波市,0000000M0000003V000000070000000X,15.17,2017/10/25,330200,f723f019-f2f4-42e3-b9a0-d55302f79928
湖州市,0000000P0000003E0000000700000010,4,2018/6/19,330500,74314888-3134-4ea4-b6b6-118a78b44d2b
绍兴市,0000001700000031000000070000000X,2.5,2019/1/5,330600,4805e2bb-f024-4b05-97c6-8d86c27dced5
杭州市,0000001Z00000036000000070000000X,6.4,2018/7/5,330100,e7ff1df6-48e0-455d-a54b-0e6989460377
温州市,0000000Z00000031000000070000000X,4.17,2018/11/5,330300,26fd3983-80b2-4a53-b055-9eec0ef69297
台州市,0000000H0000003P000000070000000X,24.17,2018/9/5,331000,f0f9ffae-7e02-475d-8403-785f18edac3b
绍兴市,0000000Z00000031000000070000000X,3.67,2017/1/25,330600,6b372fba-3c9d-432c-a9c7-59ded0be56c0
温州市,0000002200000038000000070000000X,3.17,2017/9/15,330300,258310ec-713a-431e-8ecf-6f46efdb895d
湖州市,0000000X0000007T000000070000000X,35,2018/4/25,330500,73cb758a-d6f0-45fc-a44e-d584f5fc77a6
温州市,0000002U0000007X000000070000000X,3.83,2017/2/5,330300,0bd42ed4-21d6-436c-8d28-33d67f1a0506
金华市,0000000C0000002Q000000030000000X,68.87,2018/2/15,330700,a5586b8e-db3d-4fe4-a46c-ae9aef022ed3
宁波市,0000000H0000002T000000070000000X,16.5,2017/3/15,330200,045753da-35d3-4b9c-81fa-d487ded83424
杭州市,0000001Z00000036000000070000000X,6.43,2018/7/25,330100,c2e9ef7f-faf5-4d81-8126-f4ceaee26309
杭州市,0000002P0000007W000000070000000X,2.65,2017/3/5,330100,504d44b2-6cfe-4e4f-86a3-156da7fdba80
绍兴市,0000000K0000003U000000070000000X,37.67,2017/9/25,330600,a874dd3c-efa4-46dd-aab9-5958184122ea
金华市,0000000G0000003F0000000700000010,12.4,2017/1/3,330700,c9738492-654f-43d0-ae05-b6721ef58472
舟山市,0000001E00000031000000070000000X,5,2017/9/25,330900,f3d098b6-8ab0-4f1d-92c8-153405ff9dab
温州市,0000000C0000002Q000000030000000X,60,2017/9/15,330300,ba631e9b-b339-4087-8db9-3171d6006d49
宁波市,0000000J0000003Q000000070000000X,38.33,2017/8/25,330200,ad6b2dae-968c-47fc-ab14-e001d2d0eccf
杭州市,0000000P0000002W000000070000000X,5.43,2017/11/25,330100,38325eff-5171-450e-8f23-12f0406c0921
舟山市,0000001500000031000000070000000X,4.83,2018/5/5,330900,28feae6e-36ef-446a-b0ac-329c4eaf5462
宁波市,0000000Z00000031000000070000000X,6.83,2017/9/5,330200,a643bce9-c1e7-466a-9630-4530b488db0c
宁波市,0000000S0000002Z000000070000000X,9.6,2017/6/15,330200,5652a546-58e9-49c3-b486-b91a12d0737b
金华市,0000001400000031000000070000000X,5,2017/7/5,330700,016cb91a-2c40-4eac-97b4-35134c98f6db
嘉兴市,0000000H0000002T000000070000000X,16.67,2018/3/25,330400,761472da-3196-4669-b85d-771b15191fea
绍兴市,0000001500000031000000070000000X,4,2017/8/25,330600,18280764-8696-4b2b-9405-7d758abeb8f9
舟山市,0000000J0000003S000000070000000X,35.33,2018/2/15,330900,293a26e4-9fff-49e4-8164-07920384671c
杭州市,0000001Z00000036000000070000000X,6.57,2018/3/15,330100,37f7f248-bae0-4fe8-95dd-f77d0e66d252
衢州市,0000000M0000003V000000070000000X,11.67,2018/9/5,330800,81c76501-7198-44f7-bc77-2889ed507a96
浙江省,0000000C0000002Q000000030000000X,64.09,2017/6/25,330000,52f77501-d52a-4792-ab84-da5ee96653f5
金华市,0000000P0000002W000000070000000X,5.1,2018/1/25,330700,6aa4486e-84b8-4a3c-ab4a-9ee4267d6105
丽水市,0000000D0000002R000000030000000X,54.6,2018/3/15,331100,fc1cc093-7b0d-4afb-bcf0-c2d8c5924c37
嘉兴市,0000001500000031000000070000000X,5.33,2018/2/15,330400,3bd7335d-cf3e-4059-84f0-29e5c5a38dc9
浙江省,0000000H0000003N000000070000000X,14.59,2017/5/5,330000,08203d1b-9b90-4d3b-8065-d3e7aeabbaae
衢州市,0000000K0000003U000000070000000X,33,2017/4/5,330800,1582f1d4-9893-4b51-9ca7-d1d88937cf69
金华市,0000001Z00000036000000070000000X,6,2017/10/25,330700,19677f6f-04e2-4d05-9860-cb2ace0a2661
绍兴市,0000002U0000007X000000070000000X,4.67,2018/3/5,330600,d6747cee-8f34-4a28-83c1-2b399455c65b
湖州市,0000000D0000002R000000030000000X,37.67,2017/9/5,330500,9f825dda-16db-4bfa-b812-266d87c8b0d6
舟山市,0000001E00000031000000070000000X,4.83,2017/11/15,330900,27ad0d22-5d64-4dc7-8d47-a2b618670adb
台州市,0000001E00000031000000070000000X,3.5,2019/3/5,331000,73009c0f-3626-4f69-ba7a-4f985f8e9936
台州市,0000001K00000031000000070000000X,3,2018/2/5,331000,386d57aa-fb6a-4c81-a390-068df536f01b
绍兴市,0000001Z00000036000000070000000X,5.33,2018/12/15,330600,f02b2a66-3afa-4fa6-ab74-c167f72021b6
绍兴市,0000000X0000007T000000070000000X,52.67,2017/4/5,330600,0821784b-4ebc-4b8e-a83f-545c3c340dbf
嘉兴市,0000000C0000002Q000000030000000X,66.33,2017/10/15,330400,8fc868d8-bd8d-408f-9646-9b9104494e4b
台州市,0000000G0000003F0000000700000010,9.8,2017/8/8,331000,b5acf5a0-5205-406f-b001-a4e09f1a469c
绍兴市,0000000M0000003V000000070000000X,9.5,2018/6/5,330600,619dc7fb-77e0-4ad9-82c7-e7f04056f377
浙江省,0000002P0000007W000000070000000X,3.04,2017/6/15,330000,3e84d4bc-959a-4020-ac11-e05f44565b7f
湖州市,0000001K00000031000000070000000X,5.67,2018/9/25,330500,498b4a99-2fc4-4091-818c-0ee9e79371b3
丽水市,0000003100000081000000130000000X,84,2018/8/25,331100,45e12bc0-f11a-411c-8579-b792613f9146
杭州市,0000000D0000002R000000030000000X,46,2017/12/5,330100,369b1684-0edf-4f40-ab53-0d04f2c0fc3a
温州市,0000000Z00000031000000070000000X,4.33,2018/3/15,330300,b02c25e1-9963-4f2a-95cf-b3696d3829e7
浙江省,0000000P0000003E0000000700000010,3.79,2019/3/5,330000,8c3683a7-e107-493d-b029-a34fdcd513dc
舟山市,0000001200000031000000070000000X,4.33,2017/11/5,330900,96a3b72a-242c-48d8-b48e-5c17e02c4a1f
嘉兴市,0000001K00000031000000070000000X,3,2018/4/25,330400,6bc4838a-0553-40ed-9110-147178405543
湖州市,0000000D0000002R000000030000000X,37.67,2018/1/15,330500,e5af5cdb-7fc0-4747-96f0-00d03288ba1c
绍兴市,0000001A00000031000000070000000X,3.5,2017/8/25,330600,07770afd-4a81-4f7d-bdc2-39715f6d16d6
嘉兴市,0000003100000081000000130000000X,79,2017/11/15,330400,efd56989-0e0c-44a8-aefe-6fb484f1dd0f
嘉兴市,0000000X0000007T000000070000000X,31.67,2017/8/15,330400,db0d13d3-47d9-4baf-980d-24ec82e28e21
浙江省,0000003100000081000000130000000X,86.35,2018/6/25,330000,ca737e9b-a167-4e4d-8c13-0ab5ebe114eb
湖州市,0000003100000081000000130000000X,77,2017/4/15,330500,56c6187d-8a4d-4967-bac5-9ac9614a8aed
温州市,0000000M0000003V000000070000000X,15,2017/3/5,330300,bb09f80b-5884-4704-ac23-3961ea05cb1d
杭州市,0000000M0000003V000000070000000X,11.67,2018/11/25,330100,c9336410-289e-4ea5-935d-453d3446849d
丽水市,0000001200000031000000070000000X,3.67,2018/1/15,331100,01268f25-d1d3-41b8-814d-4c63d4a7bd4f
浙江省,0000001A00000031000000070000000X,6.48,2019/3/15,330000,4447b4c6-c504-40d9-abf9-e78c38cbb581
湖州市,0000000Z00000031000000070000000X,3.17,2017/4/5,330500,a06f525c-c0f4-46da-9c52-14da2ae16259
绍兴市,0000001Z00000036000000070000000X,4.5,2017/1/25,330600,f6da2949-ed6f-4159-84ec-28e1c0c765af
湖州市,0000001500000031000000070000000X,4.67,2017/4/15,330500,ee94bb82-e89e-4235-b959-a1560eb039e8
温州市,0000000P0000003E0000000700000010,3.1,2017/7/18,330300,ef7fd730-f6a9-4254-bf80-6177df3a2616
金华市,0000000P0000002W000000070000000X,5.6,2018/3/5,330700,8f663aac-0b3d-40a3-9867-0b24db76d6fc
台州市,0000001200000031000000070000000X,4.83,2018/2/15,331000,f6fe5df7-fb16-4129-90b3-16deb8ee8414
杭州市,0000000C0000002Q000000030000000X,62.67,2018/1/15,330100,0a99c221-0895-4573-ad90-7fdedc5c07b5
杭州市,0000000J0000003S000000070000000X,35.67,2018/7/25,330100,0b3e95bd-5936-4ea4-93e6-fd303764ea2e
台州市,0000000G0000003F0000000700000010,9,2018/3/6,331000,2eaff3d1-79db-4491-95e7-5d9032243a5d
浙江省,0000001500000031000000070000000X,5,2017/2/25,330000,9c4ca19f-b50f-41e5-a2fd-e23403a6c1d1
金华市,0000002U0000007X000000070000000X,4.17,2017/4/5,330700,da4981bd-5d25-467c-9a0a-01352ddefd6f
浙江省,0000003100000081000000130000000X,86.46,2019/2/15,330000,5772c571-b52c-4ac3-a86f-b36334cd346c
嘉兴市,0000001500000031000000070000000X,3.17,2017/7/5,330400,59c2eaae-4bbf-4401-b190-672f7e4cabc8
丽水市,0000000S0000002Z000000070000000X,9.67,2018/12/25,331100,ffb287f3-fa48-4672-8080-28b2d45851c9
宁波市,0000000K0000003U000000070000000X,34,2018/4/25,330200,9e5f9b25-b4f6-4f6d-bc58-11abbca8b668
温州市,0000000H0000003P000000070000000X,23,2018/4/15,330300,5daa516e-1973-46f0-ab39-fe8b60618303
台州市,0000000H0000003N000000070000000X,15.83,2018/10/5,331000,7dfb1b11-f2eb-446a-9fd3-fb830833f4fe
宁波市,0000001A00000031000000070000000X,3.97,2017/8/15,330200,e2782255-d49a-4613-825e-f4a3d6962415
舟山市,0000001K00000031000000070000000X,3.17,2018/5/5,330900,5e4fed98-e281-4f42-b248-1e46a65a759e
杭州市,0000000C0000002Q000000030000000X,63.33,2019/2/25,330100,cfe19542-eb11-4418-b51b-549079ed7e35
宁波市,0000003100000081000000130000000X,178.67,2018/1/25,330200,dc4c7bc2-cc35-4236-a616-5868f5a2b62c
湖州市,0000000K0000003U000000070000000X,0,2018/2/15,330500,375427bc-37a5-41f8-98ad-89a488c8da4e
金华市,0000000G0000003F0000000700000010,9.6,2017/9/12,330700,375dbc61-5db8-4414-aeb7-c22a22a6e7cf
绍兴市,0000000M0000003V000000070000000X,10,2018/10/25,330600,8bf80506-8fe0-4335-b534-300ccd2af238
湖州市,0000001Z00000036000000070000000X,5.33,2017/3/5,330500,7e556fc8-1b21-41fc-9c63-75abf8597b16
宁波市,0000000K0000003U000000070000000X,35.33,2018/10/25,330200,9c2e54bd-cf33-4eda-ba77-544666514f8c
丽水市,0000000H0000003P000000070000000X,17,2018/7/15,331100,1e65397b-1ec4-42fe-b48a-987b16e7e498
绍兴市,0000000K0000003U000000070000000X,36.67,2017/12/15,330600,730745e3-7a34-4b5a-bb2e-69cf24382530
衢州市,0000000H0000003P000000070000000X,21.67,2017/8/15,330800,8ff5dc92-fe72-4ad8-ab69-3838ae0f1f6b
浙江省,0000000J0000003S000000070000000X,35.38,2018/3/25,330000,ee6c890a-1236-453b-bfab-aa80a56c7ab3
浙江省,0000000Z00000031000000070000000X,4.77,2019/3/15,330000,82d4ff5d-fdb6-41b8-be73-c1c2610583a1
舟山市,0000000H0000003N000000070000000X,15.17,2018/10/5,330900,6f946f53-a8c0-4405-afa1-618e0036ce02
嘉兴市,0000003100000081000000130000000X,79,2017/4/25,330400,bbf35fb9-0583-4a20-bf42-1f7635aedfae
温州市,0000000G0000003F0000000700000010,6.66,2018/4/24,330300,91c8bbdb-0e58-4b13-958c-61097c161566
浙江省,0000000Z00000031000000070000000X,4.96,2018/8/5,330000,a0b0b75e-026f-4f5a-ba05-bfa535d46de7
杭州市,0000001700000031000000070000000X,2.67,2017/9/15,330100,806b2634-3cd6-40fa-b568-cc73f9108de9
绍兴市,0000000J0000003Q000000070000000X,39,2018/1/5,330600,d38e5a66-9e71-4821-9563-010d82f0b64f
舟山市,0000000C0000002Q000000030000000X,50.3,2017/10/15,330900,6cdde091-e0e9-4bcf-b623-9a7e386463d0
衢州市,0000000P0000002W000000070000000X,4.33,2017/2/25,330800,1b37dcd5-ab5c-46bf-8f79-8f9b1bfcebf8
杭州市,0000000P0000003E0000000700000010,4.7,2017/10/24,330100,e3e0bddf-7537-45fc-af43-4ae15c52a3b2
衢州市,0000001400000031000000070000000X,6,2016/12/15,330800,366d14f1-0cfa-4c42-b9c2-f339d71077f3
衢州市,0000000G0000003F0000000700000010,9.2,2017/8/22,330800,85877357-353e-4bff-8f9d-2ea6a1586cf5
衢州市,0000001400000031000000070000000X,5.67,2017/1/5,330800,c654ee9b-24d9-413e-aa45-3ed3aa1c4b91
杭州市,0000000H0000003P000000070000000X,22.17,2018/10/15,330100,40a3b4bc-519a-477f-a506-16847b71a537
杭州市,0000000Z00000031000000070000000X,5.33,2017/12/15,330100,5cbbc6cd-e2ab-486d-8d2a-4f3756650ea9
绍兴市,0000000M0000003V000000070000000X,9.67,2017/3/15,330600,e3847d2e-dcd2-4939-8705-fea56347cdd7
杭州市,0000000P0000003E0000000700000010,5.1,2018/1/2,330100,32ca7b7a-7afb-488c-a6e2-81a9ecaec197
温州市,0000000D0000002R000000030000000X,50.33,2018/5/25,330300,ba4afde9-3453-40c5-bdc5-9b9d8d22dcfe
杭州市,0000000Z00000031000000070000000X,5.37,2018/6/25,330100,643b5d60-af96-4a33-8f56-0131857a863e
衢州市,0000000X0000007T000000070000000X,26.67,2017/5/15,330800,b8b8c521-5b8d-4f14-b8c4-dfc8fb5e5d0c
杭州市,0000000S0000002Z000000070000000X,8.5,2017/3/25,330100,465121aa-e606-4d12-a7a9-27c575560e33
嘉兴市,0000001400000031000000070000000X,5.83,2017/3/25,330400,36da9d53-2682-4ae1-bc10-71b06e4e239a
温州市,0000001200000031000000070000000X,4,2017/3/5,330300,d422c6c3-1a00-489c-89df-36ce987fa18b
浙江省,0000000K0000003U000000070000000X,34.19,2017/2/25,330000,cfa71392-9ea0-4f78-9078-d8203081d625
杭州市,0000000D0000002R000000030000000X,45.67,2017/2/25,330100,dbad4801-8145-489f-8eb8-ba519ead1668
绍兴市,0000000K0000003U000000070000000X,38,2018/11/25,330600,920f443e-25d2-4310-af4d-9830e9d0c775
宁波市,0000000H0000002T000000070000000X,15.73,2017/6/15,330200,6de59ff8-34b3-41f6-ae57-a7f3c80aea08
宁波市,0000001200000031000000070000000X,4.83,2017/3/5,330200,fcab3912-c223-4d7a-ac5e-69c7bbafa974
绍兴市,0000001200000031000000070000000X,3.67,2016/12/25,330600,6fbe9a9c-f277-4bfa-a55d-65aa605e2127
绍兴市,0000000H0000003N000000070000000X,12.5,2018/7/25,330600,d4ce5cfe-b005-43dc-b7cd-7d11eff78acf
丽水市,0000001700000031000000070000000X,2.5,2018/11/25,331100,60aa0257-bd7e-4aa0-82f3-7aa3678b49a1
绍兴市,0000000H0000002T000000070000000X,13.67,2018/3/15,330600,69ca9d44-4161-4a01-a607-82a6e9894a99
台州市,0000001E00000031000000070000000X,3,2018/1/25,331000,12ad669e-44ff-4e55-ba27-995accf7cdd0
台州市,0000002U0000007X000000070000000X,4.5,2018/7/25,331000,53bc914a-6c00-4b1f-8f0b-a9f9b1968439
台州市,0000000H0000002T000000070000000X,12.67,2019/3/5,331000,ead87580-6827-4266-9cd3-d8712b4b432c
绍兴市,0000001K00000031000000070000000X,3.67,2017/2/5,330600,19c2b128-eba3-4aa9-a1a3-16ecd60b15a6
绍兴市,0000001A00000031000000070000000X,5.33,2018/1/25,330600,55c7eaae-1cbc-4a45-b51e-448c14d5d164
宁波市,0000001400000031000000070000000X,6.33,2018/12/5,330200,cd1018c1-5fb9-4954-8f26-705a9076db82
金华市,0000000Z00000031000000070000000X,6,2018/9/15,330700,18dc8a32-2102-48c8-be29-5fd7fddd411f
绍兴市,0000000S0000002Z000000070000000X,7.83,2019/2/15,330600,7c471955-2ec7-4ce3-9a74-98b78407ed6a
浙江省,0000001K00000031000000070000000X,2.96,2018/4/25,330000,3c56fbe2-45bf-4c19-876c-af002a3ee0da
宁波市,0000001700000031000000070000000X,3.17,2017/10/25,330200,043b03db-6230-487b-bcf4-4d6edb41b2ca
绍兴市,0000002200000038000000070000000X,3,2018/7/25,330600,e1cce7ac-f80b-48fb-85a4-0f94d9e1dd7f
丽水市,0000000J0000003S000000070000000X,34.33,2017/4/5,331100,a193709f-0369-4ef5-8024-f62ba6deed22
丽水市,0000001500000031000000070000000X,4.5,2017/5/5,331100,e55be5ca-03eb-4b53-af71-3b56063515f7
舟山市,0000000J0000003S000000070000000X,33.67,2017/4/25,330900,cba8f473-ad9d-4111-be99-12e3d8b4a831
湖州市,0000000H0000003N000000070000000X,12.67,2018/6/5,330500,fef56832-5bb9-4ab8-a208-b7f28599b311
丽水市,0000000H0000003P000000070000000X,19.67,2017/12/15,331100,bbf8ccad-60c5-440c-ba28-dd57d0f1e46b
湖州市,0000001700000031000000070000000X,3.17,2018/3/15,330500,12fe5d49-b3b4-47ee-ba76-ad96d1c7b3de
绍兴市,0000000C0000002Q000000030000000X,57.67,2017/11/15,330600,ce696766-057e-4672-941d-b72bb75e5083
绍兴市,0000000P0000003E0000000700000010,3.7,2019/3/19,330600,809d0255-8ada-4bf6-a070-0e52520a17bb
宁波市,0000001200000031000000070000000X,3.33,2017/7/15,330200,522a351a-b320-4320-ac9d-de9f970fa6ad
衢州市,0000000J0000003Q000000070000000X,41,2018/10/15,330800,1af7afcb-11eb-4ff2-ba70-958802538276
金华市,0000002P0000007W000000070000000X,3.7,2018/10/15,330700,16bf1b70-0e7e-4517-a6c3-9c8134bea0fa
杭州市,0000001400000031000000070000000X,5.57,2017/5/25,330100,19012262-9800-41fb-8fdb-fbac5b46c906
嘉兴市,0000000S0000002Z000000070000000X,8.5,2017/4/25,330400,a2203d82-5d4e-48f2-b180-b0a46bdd9783
绍兴市,0000002P0000007W000000070000000X,2.33,2018/3/25,330600,48e7ddf4-19c2-4330-91c5-e163b0e4f3f0
舟山市,0000001Z00000036000000070000000X,7.17,2017/2/15,330900,5d7fcf65-52e8-4ab5-8d68-2d518eb23de5
绍兴市,0000000K0000003U000000070000000X,37.67,2017/6/5,330600,ef5f5516-65aa-45ee-a8f8-15d58de1ebc3
嘉兴市,0000000H0000003P000000070000000X,22,2017/3/25,330400,5775c034-c169-46f9-b061-e50b40761103
舟山市,0000002200000038000000070000000X,4.33,2018/4/15,330900,f941dd1a-cf40-456b-a1d0-cd0f1886e114
绍兴市,0000000H0000002T000000070000000X,14.17,2017/6/25,330600,5d44aa7b-022e-46e8-bec1-ee7466c178fc
浙江省,0000000H0000002T000000070000000X,14.64,2018/7/25,330000,3927f88e-1caf-4d45-8e03-44a9b12b2ab8
绍兴市,0000000H0000003P000000070000000X,24.33,2017/10/5,330600,f516eae5-797a-4493-9eff-ca21a4ac7d36
温州市,0000000H0000003P000000070000000X,25.67,2018/1/25,330300,0b2bfc64-faef-4df1-9410-49c2249d7777
杭州市,0000002P0000007W000000070000000X,2.87,2017/10/25,330100,92413a6d-3982-4b73-b23d-5dfb64cb147b
温州市,0000000K0000003U000000070000000X,48,2017/9/25,330300,58a1dd2c-4b9f-47ab-8a07-a3203b368dc9
舟山市,0000001Z00000036000000070000000X,8.17,2018/8/25,330900,21bcb513-4850-449e-b5a8-2f4c33399087
舟山市,0000000M0000003V000000070000000X,14,2017/11/25,330900,a95a9bb0-0caf-4205-b3b5-7078550e8de6
衢州市,0000000K0000003U000000070000000X,32.33,2017/9/25,330800,298ee1a1-327f-41ab-9765-a22027e2c611
宁波市,0000002P0000007W000000070000000X,3.27,2017/11/15,330200,496c212c-f128-458d-8288-a23191fb99db
温州市,0000001K00000031000000070000000X,4.5,2018/9/5,330300,3c47ef7b-dfbd-4a2e-8b82-2967137c62e6
浙江省,0000000S0000002Z000000070000000X,9.1,2018/11/15,330000,469ff686-a934-46e3-9b1d-b1ae075fe5bc
丽水市,0000001200000031000000070000000X,6,2019/3/5,331100,29c3615d-171b-4829-8320-de645953cf99
丽水市,0000000J0000003S000000070000000X,36,2018/1/25,331100,1c5faedd-c7ad-4aac-8099-e6230d9bf05a
衢州市,0000000J0000003Q000000070000000X,39.33,2017/2/25,330800,26693f82-f0d0-45ea-bb0a-876ae6955f02
丽水市,0000000D0000002R000000030000000X,54.6,2017/3/15,331100,42c09042-9845-47b5-ba77-f12b2a37d53b
嘉兴市,0000001200000031000000070000000X,4.17,2016/12/15,330400,3d2fefb8-aea5-4983-9b86-6b2dd4480c01
舟山市,0000000H0000002T000000070000000X,14.5,2018/9/5,330900,0d03bfa8-3d25-4294-9c27-4c110465fc5a
嘉兴市,0000002U0000007X000000070000000X,4,2017/5/5,330400,ac46481e-33d5-4971-a76a-6128f3b27762
宁波市,0000000X0000007T000000070000000X,40.33,2017/6/15,330200,19922d52-fa09-4e07-adea-f0a28455ad86
温州市,0000001E00000031000000070000000X,4.33,2018/4/5,330300,a606fce5-bc15-41b9-b3ba-eaa58b580d52
温州市,0000002U0000007X000000070000000X,4.33,2017/8/25,330300,92fa8068-22d3-4d9e-8c9a-d768e3dca0af
绍兴市,0000001700000031000000070000000X,2.5,2019/2/15,330600,dc3e3c65-1a72-413d-88e8-a6025496255d
衢州市,0000000J0000003S000000070000000X,36.33,2017/10/5,330800,c729d18d-9a87-4087-85ed-47a2a0be3150
金华市,0000001Z00000036000000070000000X,6,2018/11/15,330700,71a40756-3a03-47ce-a258-f7f1bc47d3a3
金华市,0000000J0000003Q000000070000000X,45,2018/2/15,330700,d37beaf0-8199-4b85-9f49-d31ec4b3f5e1
舟山市,0000000X0000007T000000070000000X,45,2017/12/5,330900,89a4506a-85ca-4cec-be4d-7784f74a22ec
杭州市,0000000P0000003E0000000700000010,3.8,2017/8/1,330100,4d41cfc3-2c94-4359-ab49-8e08b43ed980
丽水市,0000001K00000031000000070000000X,3.17,2017/3/15,331100,4a036aff-357b-4f95-a623-5b515ca6e0bd
衢州市,0000001A00000031000000070000000X,7.5,2017/4/15,330800,be686dd5-7dcf-47b0-a311-86fc67146a77
台州市,0000001E00000031000000070000000X,4.33,2018/6/25,331000,2c4013db-0f18-4705-a27b-af033e61b657
嘉兴市,0000001400000031000000070000000X,4.5,2017/8/5,330400,07d6969a-0cb6-418b-8f4d-46221de264b4
绍兴市,0000000P0000003E0000000700000010,3,2017/5/2,330600,d92cda42-7eff-4663-b80a-7403476972fb
舟山市,0000001400000031000000070000000X,4.67,2017/6/15,330900,1fbf07ac-9766-4b01-b0b7-3a6b4d639fdc
丽水市,0000000J0000003S000000070000000X,34.33,2017/10/25,331100,4f37955e-b3b2-4ace-b868-ee46b1a529d9
丽水市,0000000G0000003F0000000700000010,10,2017/4/11,331100,eba291a4-3c9e-49d9-bc75-ac6ef75443e2
舟山市,0000000H0000003N000000070000000X,15.83,2018/3/5,330900,fe96b0e7-3137-4009-89a7-a0ac66278e55
台州市,0000000D0000002R000000030000000X,39,2018/4/15,331000,ccc9e59c-5069-4e14-ad3d-c61fd9c6e456
浙江省,0000001Z00000036000000070000000X,6.18,2017/7/5,330000,35c9c6aa-f8e1-429d-b4f6-f155c579b657
宁波市,0000003100000081000000130000000X,173,2017/2/5,330200,1992a8da-488a-4bce-abc6-c5d7e10a0a3f
浙江省,0000002U0000007X000000070000000X,4.23,2016/12/15,330000,d228f036-1413-4629-8d98-6997af8ad77c
丽水市,0000002200000038000000070000000X,3.83,2019/3/15,331100,bb232e46-c5c6-496f-9d79-c203d794e5ba
浙江省,0000003100000081000000130000000X,86.46,2018/11/15,330000,2f8886af-28ff-4756-8d19-4bed40e37762
温州市,0000001K00000031000000070000000X,4.67,2017/12/5,330300,5b713670-ab28-4965-92eb-b7d5a3685b2a
宁波市,0000000C0000002Q000000030000000X,73.33,2018/5/15,330200,d42f8801-1516-46a2-9e47-03b9ead7e89b
杭州市,0000000J0000003S000000070000000X,35.67,2016/12/15,330100,5152da27-fc29-48fd-a9d9-c14c77708711
金华市,0000002P0000007W000000070000000X,3.9,2017/3/15,330700,794ba66a-b95d-4a0e-b639-717086a891fa
台州市,0000000S0000002Z000000070000000X,10,2018/8/25,331000,503702df-e4f6-4d4d-9a2e-bae8f980b19f
宁波市,0000002U0000007X000000070000000X,4.37,2018/2/5,330200,80f679da-aab2-4c9a-9d66-06ff1381569e
金华市,0000000H0000003P000000070000000X,22.33,2018/10/25,330700,afe4032f-0f31-41c4-8958-7b03c41938b1
金华市,0000000J0000003Q000000070000000X,41.67,2019/3/15,330700,04525cb6-a4d9-4238-89e5-d4c5ad5007c6
浙江省,0000003100000081000000130000000X,86.31,2018/9/5,330000,d50fc4a0-abac-4030-b72f-29e839939cf3
绍兴市,0000001500000031000000070000000X,3.83,2017/6/25,330600,697491c6-4dfc-4fc6-bcb7-b2e0c82e1e87
嘉兴市,0000001Z00000036000000070000000X,4.83,2018/7/5,330400,141f4c39-c50f-4a25-8fc6-abec6d3f4b26
金华市,0000000J0000003Q000000070000000X,42,2018/8/25,330700,47127e26-00a2-408d-854a-e502346e9609
宁波市,0000001E00000031000000070000000X,4.87,2017/12/5,330200,339e510c-1f01-4b41-ac36-5a443ddce0da
湖州市,0000001700000031000000070000000X,3.17,2018/11/5,330500,b9d3eed2-fbd7-434b-ba6c-2cf83912825b
温州市,0000000P0000003E0000000700000010,2.85,2017/3/21,330300,a2b28abc-2e6a-4725-bdad-a2684a9a7186
丽水市,0000003100000081000000130000000X,84,2017/10/25,331100,97d36209-5d70-418a-8d07-e89ae33fb3ea
金华市,0000000J0000003S000000070000000X,36.67,2018/12/5,330700,345ce98a-4500-42af-a112-42fdd5159344
浙江省,0000000K0000003U000000070000000X,35.67,2018/5/15,330000,747999f9-1c8e-4843-8d91-6077875e09a9
丽水市,0000000J0000003Q000000070000000X,38,2017/2/15,331100,65b1ef57-6a6b-497f-9736-96c2f6f747a4
舟山市,0000002U0000007X000000070000000X,4.33,2018/8/15,330900,3cf17d94-2dd0-4a33-a0d2-e048403ed4d7
金华市,0000001200000031000000070000000X,3,2017/9/25,330700,6b56ff86-01d6-4452-b289-8056b1bf95ef
宁波市,0000000P0000002W000000070000000X,5.7,2018/5/5,330200,ef011363-c6c5-4023-a2ca-faf1f732909a
金华市,0000000S0000002Z000000070000000X,7.5,2017/2/5,330700,0bb9c20f-2f89-4d2b-8163-f91cf62f73b4
丽水市,0000000M0000003V000000070000000X,11.33,2017/10/5,331100,89909ce3-22f7-420f-a7b1-2c3e86ee37ea
舟山市,0000000Z00000031000000070000000X,4.5,2017/7/15,330900,70041219-e0f6-4d37-b5c9-634d0ee4a31e
温州市,0000001A00000031000000070000000X,4.83,2017/2/25,330300,7e7b3643-530e-4046-a8f9-632527e014a6
台州市,0000001200000031000000070000000X,3.17,2018/5/25,331000,210d7ec6-a9da-4732-9495-bf48c660ff15
台州市,0000001400000031000000070000000X,3.67,2018/5/15,331000,bf8623eb-4828-458f-bd33-00d1cd328ce3
宁波市,0000001Z00000036000000070000000X,6.37,2016/12/15,330200,17ccce18-58cd-4db5-ad88-27b43e5c9048
温州市,0000000D0000002R000000030000000X,50.33,2018/7/5,330300,87220282-1519-4241-add2-f5aba2135bb0
杭州市,0000000H0000002T000000070000000X,16.17,2018/5/25,330100,5a86d31a-259f-4c6f-a722-81e5b06a33a2
温州市,0000000X0000007T000000070000000X,61.67,2018/5/15,330300,8e78188f-ba2e-437d-9437-7ee645e37834
湖州市,0000000S0000002Z000000070000000X,9.17,2019/2/5,330500,928313e0-6e1c-4b1e-b106-c64af9298f51
绍兴市,0000001Z00000036000000070000000X,4,2017/11/5,330600,aab785a3-d17e-4fa3-8812-1bd5af5ebbbb
丽水市,0000001Z00000036000000070000000X,5,2017/3/5,331100,f4049324-ab5b-437d-bc93-8db57c06cc0b
金华市,0000000J0000003Q000000070000000X,43.33,2018/3/5,330700,a2a4f469-ecd7-47b3-9248-a5d71b037b0c
宁波市,0000001400000031000000070000000X,4.33,2017/6/15,330200,752fb59b-4d6c-4e2d-a8b6-683b672a3bf1
杭州市,0000000K0000003U000000070000000X,33,2017/8/25,330100,83e7aa10-fd84-435b-bdb6-c495868f077f
湖州市,0000000P0000003E0000000700000010,5.2,2017/12/19,330500,223d13f6-31dc-47d4-bc5f-2717cb251022
丽水市,0000001500000031000000070000000X,3.5,2018/6/25,331100,d0306f62-b2ef-4bf3-9aa7-3f04132ee905
绍兴市,0000001A00000031000000070000000X,3.5,2017/11/25,330600,24ebe5ea-bcb1-4e4b-8af1-898c44851a5b
丽水市,0000000S0000002Z000000070000000X,9.33,2016/12/15,331100,a1b95df5-25b6-4cab-9156-e1b69aa0400f
绍兴市,0000000H0000003N000000070000000X,15,2018/12/25,330600,06fc7479-bd5c-471b-a1bb-c99ac9727e31
温州市,0000001A00000031000000070000000X,5,2018/7/15,330300,9477645f-a32b-44fa-99c2-9a8eebe027fa
嘉兴市,0000001Z00000036000000070000000X,5.67,2017/2/25,330400,d8089a48-95ca-43a8-91b5-bb12b98f731c
丽水市,0000002U0000007X000000070000000X,3.66,2018/4/5,331100,302667f4-f415-4c55-8226-06933408afb5
衢州市,0000001400000031000000070000000X,5.33,2017/2/15,330800,7fa2dafb-1099-4361-ba1a-d921e64105be
绍兴市,0000000S0000002Z000000070000000X,8.33,2017/4/5,330600,2c586d36-cbc1-47ed-8fde-6a1927a64b94
宁波市,0000001700000031000000070000000X,3.07,2017/1/15,330200,98326772-4e9f-4641-9298-43efe851c1ee
湖州市,0000000J0000003Q000000070000000X,38.33,2017/12/25,330500,6ab9806c-69e7-4642-af6c-c926f2db3697
舟山市,0000000P0000003E0000000700000010,4.2,2018/7/24,330900,a06cc915-bda5-4bea-be41-dbdb31fb935e
舟山市,0000000J0000003Q000000070000000X,39.67,2017/8/5,330900,525545aa-a36c-4ba3-ba58-2e6fc62174c4
浙江省,0000000X0000007T000000070000000X,38.42,2017/3/5,330000,29844b5f-712c-4755-ba57-5fd460a64314
丽水市,0000000P0000003E0000000700000010,4,2018/6/26,331100,c35fdb83-b5cc-4ad0-889a-63043f5a0172
绍兴市,0000000J0000003Q000000070000000X,45,2016/12/15,330600,1b69c0bf-acf5-4af5-84fd-9ca9e9faa1fa
湖州市,0000002200000038000000070000000X,4.5,2019/2/25,330500,075312eb-2f4a-44a8-bacb-aa620fe06bc3
杭州市,0000001A00000031000000070000000X,5.83,2019/2/5,330100,0e75bac0-83d6-4519-b335-b0d55226d4e0
浙江省,0000000M0000003V000000070000000X,12.53,2017/8/15,330000,b377e348-af0d-43b9-be77-47f39cf6814c
宁波市,0000000G0000003F0000000700000010,10.23,2017/4/25,330200,42883662-d471-4f3e-9474-6fe862a3a8a6
嘉兴市,0000000J0000003Q000000070000000X,40.67,2017/12/5,330400,e4cf66cf-eaee-4b2c-85a3-cf335ab0d95d
浙江省,0000000P0000003E0000000700000010,2.96,2017/3/14,330000,b24cfc48-bfdc-4c13-93fd-754e1f638697
杭州市,0000000P0000002W000000070000000X,3.77,2017/7/25,330100,0f9def7d-981a-472c-b46d-769a72f51c01
宁波市,0000002U0000007X000000070000000X,4.7,2017/10/25,330200,84e726f1-5967-4940-8693-e263afd586df
台州市,0000000G0000003F0000000700000010,10.2,2017/4/4,331000,7c173cc9-9649-4f23-95d0-ea4ba5a426e2
嘉兴市,0000001E00000031000000070000000X,3.67,2018/12/15,330400,f02e8025-e1aa-4630-b84c-c7f1dd47e2d0
宁波市,0000000D0000002R000000030000000X,44.43,2017/9/25,330200,f86377f6-afc5-42f3-b129-b2e5427f69a9
台州市,0000000J0000003S000000070000000X,32.67,2017/3/25,331000,efa98781-8db3-434f-bb53-485c0a7a2e71
台州市,0000001A00000031000000070000000X,3.83,2017/11/25,331000,60c27f48-8135-4703-975a-21b7db7c2fa2
舟山市,0000000P0000002W000000070000000X,5.17,2017/2/15,330900,fa2d84fd-4eaa-412e-9e3c-5f2ea5e50499
舟山市,0000002U0000007X000000070000000X,3.83,2017/12/15,330900,6f06fca0-fcf2-4f25-8db7-740b0b2ff890
宁波市,0000000P0000002W000000070000000X,6.53,2018/10/5,330200,22c60913-043c-48b0-aa38-3bbd51a1de8a
台州市,0000000D0000002R000000030000000X,38.67,2017/9/5,331000,06062a07-f10a-4134-b8b9-95bc297614df
衢州市,0000000J0000003Q000000070000000X,41,2018/12/25,330800,7c1aeff4-7e2f-4434-9594-d5ec427fcf6a
杭州市,0000000Z00000031000000070000000X,4.17,2018/4/25,330100,b027d685-6379-48b1-b7e9-ded454462bb2
丽水市,0000000P0000003E0000000700000010,4.7,2018/12/25,331100,827e5a53-7b59-442c-8e0c-b790f03f7483
衢州市,0000001A00000031000000070000000X,9,2018/1/15,330800,00262185-4383-4a84-9764-0e368e3cb622
金华市,0000002P0000007W000000070000000X,3.9,2017/4/25,330700,c53a335d-3eaf-42c2-8966-9a505c3200ee
金华市,0000000J0000003Q000000070000000X,41,2018/12/5,330700,1f8cead8-a78d-4fa8-bccb-89aa45ce56d8
衢州市,0000000P0000002W000000070000000X,6,2018/10/25,330800,afbcb8a2-4dfd-40e8-8cb2-45d75cdce71e
金华市,0000000C0000002Q000000030000000X,68.17,2018/1/5,330700,a69fa795-0086-4b72-b6e4-1d0ab35fbcd0
嘉兴市,0000001400000031000000070000000X,5.67,2018/5/5,330400,79af904d-e7a5-4e7f-abbc-511c7b4a2081
舟山市,0000002U0000007X000000070000000X,3.83,2018/3/15,330900,947476d8-6f82-4eb2-b507-41d22de4db42
嘉兴市,0000000H0000003P000000070000000X,22.67,2018/12/15,330400,d89e0e34-0a8c-4955-a2a8-efdadec489d5
温州市,0000001Z00000036000000070000000X,6.67,2019/1/15,330300,7320649c-88df-4079-8d76-8e40f23a4fde
杭州市,0000000C0000002Q000000030000000X,62.33,2018/6/25,330100,dffde4a6-1a14-40d7-86fe-f801da3d748f
杭州市,0000001500000031000000070000000X,4.5,2017/8/25,330100,97df5fe8-5491-49c3-87d2-421fa0eb54d4
宁波市,0000000M0000003V000000070000000X,14.83,2017/8/25,330200,c17c9d26-5a00-48c5-968b-a9058a016e7c
衢州市,0000000J0000003Q000000070000000X,38.33,2017/9/25,330800,f8dc6523-b633-4758-83e2-db8bc0ec0542
台州市,0000001A00000031000000070000000X,5.33,2018/3/15,331000,81ea22e5-f2b9-4947-aaad-3d97191726cb
丽水市,0000000G0000003F0000000700000010,14,2018/11/13,331100,6e84d50c-d14c-4d24-ba3e-e174abfcf0f3
金华市,0000000G0000003F0000000700000010,9.5,2018/9/4,330700,0e63c815-0bfa-479b-bde3-96b087cd2549
杭州市,0000001700000031000000070000000X,2.67,2018/6/5,330100,d2a426b4-2d15-46d6-8603-4a1a2cb92a42
衢州市,0000000M0000003V000000070000000X,10.5,2017/4/15,330800,15dd3373-2b98-4882-a58d-9db2ec886546
衢州市,0000000P0000003E0000000700000010,5.3,2018/8/21,330800,95084ada-43c0-4072-924e-fd0966b55096
金华市,0000000P0000003E0000000700000010,4.6,2017/11/28,330700,6b79caa4-7ee4-430c-9e7d-8e71e7de4e78
衢州市,0000001Z00000036000000070000000X,5,2019/2/25,330800,3b0d6c18-97cc-459a-864d-5f51e7fada09
温州市,0000000J0000003Q000000070000000X,51,2019/2/25,330300,2d20f9d4-c988-49a3-9fbf-03b5eb949fad
杭州市,0000000D0000002R000000030000000X,46.33,2018/4/15,330100,e2b57407-ce85-49a7-aa9c-feed0e6e1e09
丽水市,0000002U0000007X000000070000000X,4.66,2018/1/5,331100,68d7764a-1d16-4060-91f7-d7ea63b2b417
湖州市,0000001400000031000000070000000X,8.33,2018/2/25,330500,c8cedeae-6a36-46fe-b137-bbfe83112fb3
台州市,0000000D0000002R000000030000000X,39,2017/12/25,331000,986a28a9-acae-4c2d-83bc-2d3babfd2d2a
绍兴市,0000000D0000002R000000030000000X,49.33,2018/9/15,330600,f6ea25ef-1167-4f54-980d-cd8aab80b621
杭州市,0000000P0000002W000000070000000X,4.17,2017/4/25,330100,84510e22-8db6-498a-8864-48360990e616
绍兴市,0000001K00000031000000070000000X,3,2018/4/15,330600,b8e55bcd-b320-4fa3-906b-9f146471f3a7
衢州市,0000002P0000007W000000070000000X,3.06,2018/3/15,330800,84f0b6f5-b3bf-49f2-a3da-c63d9bd4ba7f
温州市,0000000S0000002Z000000070000000X,9.33,2019/2/5,330300,0b955b05-07ee-4617-bfbe-2ad1eccfa40e
温州市,0000000M0000003V000000070000000X,15,2018/2/5,330300,79352172-94fc-4492-a3a7-69a54c7c3312
宁波市,0000001500000031000000070000000X,5.1,2018/9/15,330200,56f5ebc2-29b5-4ec1-977c-3fb123245ccf
湖州市,0000002U0000007X000000070000000X,3.6,2017/2/25,330500,282ae478-6db6-4beb-a3af-7fa18eb38ef4
浙江省,0000000Z00000031000000070000000X,4.36,2017/11/15,330000,ab2fa632-f15b-4d09-aaef-c9399f6a066f
浙江省,0000001400000031000000070000000X,5.28,2017/12/15,330000,726d5971-94c6-49e6-b54b-4bdc2e39e9ab
嘉兴市,0000000P0000002W000000070000000X,5.5,2018/11/15,330400,9a879bd4-eef8-46dc-97ca-947387f75e97
嘉兴市,0000000S0000002Z000000070000000X,9,2018/9/5,330400,c63147d6-8f64-405d-ba41-cf0bc1b80f73
衢州市,0000001K00000031000000070000000X,2.17,2018/5/5,330800,6f5bb0db-0f04-42f2-a2e0-2176c9556d00
台州市,0000002U0000007X000000070000000X,4.33,2017/5/5,331000,0860b27f-7b97-406f-9f0b-5e7cc28ec46e
宁波市,0000000S0000002Z000000070000000X,10,2018/5/15,330200,f1f0f493-4f16-491b-9598-77c897e60aea
衢州市,0000001400000031000000070000000X,3,2018/7/5,330800,ea242241-ff65-4b65-bc86-ed5a070407fe
宁波市,0000000X0000007T000000070000000X,39,2017/10/25,330200,b415b941-5f81-4581-869f-9b2bb099bff7
浙江省,0000000X0000007T000000070000000X,35.12,2018/8/15,330000,83c32178-cf63-4d55-951d-b362e9f5ee33
丽水市,0000001E00000031000000070000000X,4,2017/10/15,331100,725cadd1-ff3e-404e-91a7-44e5ccce8ddc
嘉兴市,0000000P0000003E0000000700000010,3.2,2017/3/21,330400,63c5b92c-e20f-40be-9679-b9fc08f74e67
金华市,0000000C0000002Q000000030000000X,68.17,2017/10/5,330700,c109e8df-5f08-4599-9774-fcb2e175ec0e
湖州市,0000003100000081000000130000000X,72.6,2018/7/5,330500,788e0f44-6a8d-4e96-a7e7-e9c41446e043
丽水市,0000000S0000002Z000000070000000X,9.67,2017/2/5,331100,ed7c934f-f2da-4e00-af48-003c89b79579
舟山市,0000000P0000003E0000000700000010,4.8,2018/1/30,330900,aaf6ea1e-7c91-4f97-a529-08ace5217fe4
杭州市,0000000Z00000031000000070000000X,6.83,2018/11/5,330100,647b34e0-ae46-4e0e-ac8c-d5bddc042eaf
衢州市,0000002U0000007X000000070000000X,4.5,2017/11/15,330800,ca774a20-cff8-4081-8732-03a89bef6a28
丽水市,0000002U0000007X000000070000000X,4.66,2017/7/25,331100,66f2b73a-eee0-4c1e-970e-9005568f82ed
杭州市,0000000K0000003U000000070000000X,33,2016/12/15,330100,bad485f9-012b-4aba-9ce4-0ebec391fbec
浙江省,0000000Z00000031000000070000000X,2.91,2017/4/5,330000,fd071db7-1f8f-4e41-a83e-a5cb043b6c0f
宁波市,0000002P0000007W000000070000000X,3.27,2017/10/5,330200,07d0d1cb-897d-4356-b062-a25612a71fd4
衢州市,0000002200000038000000070000000X,3,2017/4/25,330800,79c5ae5b-36a8-465c-996c-13362ddcb656
丽水市,0000000J0000003Q000000070000000X,37.33,2017/3/5,331100,7bed7664-87e7-4286-a58d-b2e26f5c705f
浙江省,0000000X0000007T000000070000000X,34.67,2016/12/15,330000,b4c4c00a-4442-4881-b2ec-a52e17882fef
湖州市,0000002U0000007X000000070000000X,3.87,2018/3/5,330500,146c7667-03d0-4ca4-9796-30423742d8a4
浙江省,0000000X0000007T000000070000000X,35.3,2017/10/25,330000,02cfcf05-1947-4659-bcb4-b88048348d6d
宁波市,0000000X0000007T000000070000000X,38.33,2018/5/5,330200,7637134e-1d78-459e-b955-28023959ff10
衢州市,0000000D0000002R000000030000000X,38.33,2018/3/15,330800,9d20943c-c7d9-4cb0-85a3-e76faeb6ad2a
衢州市,0000000Z00000031000000070000000X,3.17,2017/6/15,330800,85130e77-bd5e-439c-8e53-9306ffdef521
杭州市,0000001200000031000000070000000X,4.33,2017/3/25,330100,8d399178-a5cd-48c0-8376-ce9556106f61
衢州市,0000000H0000003N000000070000000X,13.67,2018/1/5,330800,5a3a06b6-5ea3-462c-aefe-f40ffacc07cf
绍兴市,0000001400000031000000070000000X,6.33,2017/2/25,330600,431d15a2-1ed7-42d6-ad34-8f5d814c624d
温州市,0000000K0000003U000000070000000X,48,2017/2/15,330300,5e6646c3-8214-40b1-80a1-f090bcdad652
绍兴市,0000000X0000007T000000070000000X,52.67,2017/4/5,330600,0d68b705-9098-4ac1-9dd7-eeddefa6383f
杭州市,0000000D0000002R000000030000000X,46.67,2018/12/5,330100,be1da7e8-5fba-4b9d-a9ed-6f6dba6af6f2
台州市,0000000P0000002W000000070000000X,4.87,2018/6/5,331000,0b577a3f-cdc7-493a-9e0a-705832069617
舟山市,0000000Z00000031000000070000000X,4.83,2017/8/5,330900,e60a5e6e-5482-407b-b938-c8ab02e07c4b
台州市,0000002P0000007W000000070000000X,3.28,2017/3/25,331000,d5a33aef-920c-4227-9d2e-b2c11488397b
温州市,0000001500000031000000070000000X,5,2017/5/5,330300,db1f9c05-3f8c-4e9d-9d84-f8c9a2f20136
金华市,0000001E00000031000000070000000X,5.67,2018/9/15,330700,ceaf5194-de42-4e29-ae2a-c739462cd1c2
宁波市,0000000J0000003S000000070000000X,32.33,2018/4/15,330200,cd9941a5-8e52-4fee-873a-ab2b704a9988
金华市,0000000M0000003V000000070000000X,13,2018/9/15,330700,90002b2e-e3be-4908-b2d2-5d00fb6f419c
金华市,0000000D0000002R000000030000000X,42,2018/11/25,330700,1c1f5c31-4856-44c9-a306-792774ffe7eb
温州市,0000001Z00000036000000070000000X,6.67,2018/8/5,330300,c0fcd19f-0897-47c1-ac5d-eb6117ec33bd
衢州市,0000003100000081000000130000000X,77.67,2017/1/25,330800,25eb85b5-e930-44d3-abe5-6bcb88498ced
浙江省,0000001K00000031000000070000000X,3.21,2017/7/15,330000,0a83e243-6139-44d8-91b8-26e53bc7e9d0
衢州市,0000000H0000003P000000070000000X,20,2018/5/15,330800,740d4c45-e8f3-4e08-9997-74facd5040a3
衢州市,0000002U0000007X000000070000000X,4.5,2017/10/25,330800,569a75f1-33f6-4c41-9c7a-1c85d2046c58
温州市,0000000K0000003U000000070000000X,48,2018/9/5,330300,5929900c-8861-4337-9c0c-b963beb00799
浙江省,0000000G0000003F0000000700000010,8.29,2018/3/13,330000,67cf4303-d014-488b-a895-7eece255c95d
台州市,0000001200000031000000070000000X,2.67,2017/7/5,331000,8c61b620-f91d-498d-adb8-d70f953d3fdc
宁波市,0000002200000038000000070000000X,4.17,2019/2/25,330200,621cc5b4-3f2a-4f9f-80ce-a170a9d48854
温州市,0000002U0000007X000000070000000X,4.67,2019/3/15,330300,033caf8e-afa2-4bdb-b801-a7c2d81c8a31
丽水市,0000000C0000002Q000000030000000X,70.23,2018/10/15,331100,84d7213f-8a14-4938-9b36-1a9d36a52580
杭州市,0000000K0000003U000000070000000X,36,2018/10/5,330100,c7458ede-2936-4d80-9faf-d4953d77f7b7
台州市,0000000D0000002R000000030000000X,37.67,2019/3/5,331000,937cd7b8-8e3b-4d71-8c61-ce2b5a27e46f
浙江省,0000001Z00000036000000070000000X,5.89,2017/4/15,330000,e52ce0e8-ee66-49bd-b123-90cf74f49adf
衢州市,0000000M0000003V000000070000000X,12.67,2019/2/15,330800,aaf8352b-a73b-4566-84cd-1de3b34176e8
金华市,0000000H0000002T000000070000000X,12.83,2018/5/15,330700,6bf76829-d04c-45a2-befe-50b0e41d1065
舟山市,0000000H0000003P000000070000000X,25,2017/12/15,330900,1ed6be5a-1e4f-4c13-9cf6-b3b552ad8b7c
衢州市,0000000H0000002T000000070000000X,18.67,2017/9/15,330800,742dceda-c809-4999-90e5-61a6117def25
浙江省,0000000M0000003V000000070000000X,12.26,2017/3/5,330000,e8c24c10-cd03-4ead-be3c-5aa8d984649d
湖州市,0000001Z00000036000000070000000X,5.67,2017/8/5,330500,c5aaa4f9-a3df-4617-9603-1837aeaec8e7
杭州市,0000001E00000031000000070000000X,3.67,2017/5/5,330100,b1a2ffcd-0e68-4828-a698-00fbfdacbe22
温州市,0000000K0000003U000000070000000X,48,2019/1/5,330300,e6a698d3-cf20-4987-b93d-559f109b2e83
湖州市,0000000P0000003E0000000700000010,3,2017/2/21,330500,94979f99-1e3b-421f-b4c9-eaa1513e5942
金华市,0000000P0000002W000000070000000X,5.83,2018/2/25,330700,eb6237e3-527e-47ab-ad07-444a7f349144
宁波市,0000000H0000003N000000070000000X,14.5,2017/6/15,330200,4b1c978c-9536-4a19-bc4b-d58628c55e8a
台州市,0000000P0000003E0000000700000010,4.7,2019/1/15,331000,fd250481-89a4-4eae-9920-2eddf7266377
杭州市,0000001500000031000000070000000X,5.17,2016/12/25,330100,b38c8aea-29fb-40f0-a4b1-18bcbeeda9f9
湖州市,0000001A00000031000000070000000X,7,2018/9/5,330500,e575a96a-315c-4953-8393-a57cd54a783b
衢州市,0000001A00000031000000070000000X,6.67,2017/4/25,330800,83417f02-bd21-4840-87ca-23ef53e08eac
浙江省,0000000K0000003U000000070000000X,39.16,2019/3/5,330000,6890050e-392e-4b18-a636-3978f23d20cf
丽水市,0000000X0000007T000000070000000X,44.33,2017/10/5,331100,817049a9-b382-46e0-b3fd-ef16c8b87552
舟山市,0000000H0000003N000000070000000X,15,2018/1/25,330900,da6da8dd-219a-4d61-ab9f-c8929013421b
湖州市,0000002200000038000000070000000X,4.33,2017/7/25,330500,934bc426-aece-4195-9be5-0b6e1c800eb9
湖州市,0000000K0000003U000000070000000X,0,2017/1/25,330500,f413bfd5-875b-41a9-9ab5-c0e4593d2c0e
宁波市,0000001500000031000000070000000X,4.83,2017/10/5,330200,b1613f1d-0732-4d01-a50f-1bd30ac45663
宁波市,0000000K0000003U000000070000000X,33,2017/4/5,330200,652d5696-e0cf-4a3e-a37e-63b384fdce74
台州市,0000001A00000031000000070000000X,4.33,2018/6/25,331000,53183e13-4f35-4ddb-9b1e-a46b560f2b67
台州市,0000002200000038000000070000000X,2.77,2018/7/15,331000,9c0b8c24-059a-4e83-9f6f-dc9c95e9983d
温州市,0000002P0000007W000000070000000X,2.17,2017/2/5,330300,d5d6a1ed-890f-4753-a389-ae79bb0a3878
丽水市,0000000J0000003S000000070000000X,34.33,2017/10/5,331100,10c94b4a-1e85-42a0-9255-bed030ec4e1f
温州市,0000002P0000007W000000070000000X,2.17,2017/6/5,330300,6dbbe47b-9326-42e2-ba3a-58091b1869dc
温州市,0000000M0000003V000000070000000X,15,2018/2/25,330300,4a484a30-b962-46c6-8b02-66f70a359917
宁波市,0000001200000031000000070000000X,5.2,2018/12/25,330200,d31a09ba-4b14-4bff-a58d-82feeaccb390
浙江省,0000000J0000003S000000070000000X,35.15,2018/8/5,330000,f7cccb84-aca7-4914-b8fa-55c9ef339720
衢州市,0000000J0000003Q000000070000000X,39.33,2017/3/15,330800,5f4efa9d-7c96-4232-9cd3-b07ccd463393
绍兴市,0000001700000031000000070000000X,2.5,2016/12/15,330600,231a6912-6a7a-493a-8305-1de58c4adeca
丽水市,0000000Z00000031000000070000000X,3.17,2018/11/15,331100,374727f8-c699-4d86-a12d-878521677b82
金华市,0000001500000031000000070000000X,4.5,2018/12/5,330700,4152c537-b2ae-4fd8-905a-3a4921cea84a
舟山市,0000000M0000003V000000070000000X,13.67,2017/5/5,330900,76525881-c11d-4a18-93df-e6a35aa173bf
浙江省,0000000J0000003S000000070000000X,34.67,2017/9/25,330000,85fac44a-a00b-47c0-88fa-26e5c9824489
台州市,0000000M0000003V000000070000000X,10.67,2018/11/25,331000,12823a4a-9246-466f-a54b-2159e17815f7
丽水市,0000000H0000002T000000070000000X,14.17,2018/1/25,331100,9b84614f-b391-4cae-b4de-028260314259
湖州市,0000002200000038000000070000000X,4.33,2017/7/15,330500,c720368e-bd61-4c84-83bd-5820e3592f9a
金华市,0000002P0000007W000000070000000X,2.9,2016/12/25,330700,6dfba1d4-a25c-40c0-a8b2-3fb59e6d1c16
台州市,0000001200000031000000070000000X,3.17,2017/6/15,331000,be46007d-31f5-4034-9629-c2d0e9218c21
浙江省,0000000M0000003V000000070000000X,12.52,2017/11/5,330000,d6adfc4c-bebb-41e8-abd5-7280c0c9cd0e
舟山市,0000001400000031000000070000000X,6,2017/12/5,330900,20a6df30-91a6-49bc-b5d5-5a90a63a9996
丽水市,0000003100000081000000130000000X,84,2017/1/5,331100,051c7d90-61a5-4a39-a958-3f2b43bf00f5
嘉兴市,0000000H0000002T000000070000000X,17.33,2017/3/25,330400,fd6625d1-11d3-4069-8d19-184a4b1d2110
绍兴市,0000000P0000002W000000070000000X,5.67,2017/9/25,330600,74cb88cd-2bf1-424c-91dd-1c54ea3645f2
湖州市,0000000K0000003U000000070000000X,0,2017/6/5,330500,384d7863-8b82-4b4a-8ccc-198006d9c5c0
舟山市,0000000M0000003V000000070000000X,14,2017/11/15,330900,6e2d5665-75ad-43df-9097-019c4411fb9d
绍兴市,0000002P0000007W000000070000000X,2.33,2018/8/5,330600,74ec39bf-0130-4ef2-b574-7179cdc5621b
绍兴市,0000000P0000002W000000070000000X,5.5,2017/11/15,330600,ac38150b-111e-45a6-adab-b0e30330543d
浙江省,0000003100000081000000130000000X,90.79,2016/12/15,330000,3deb0629-5289-43df-b819-938ba450c5c0
绍兴市,0000002P0000007W000000070000000X,2.33,2017/11/15,330600,e35308cc-c21e-409b-b1f9-fcbbe529df1c
杭州市,0000000J0000003Q000000070000000X,41.33,2018/9/5,330100,6d2bd755-f232-4284-85e9-5ed338ff7f2c
浙江省,0000001K00000031000000070000000X,3.58,2016/12/15,330000,414888ea-0d26-4a48-b40f-bbe7faa6bd3f
浙江省,0000000J0000003S000000070000000X,35.48,2018/8/25,330000,df9c225c-f277-4bd3-bb14-145d74025653
杭州市,0000000H0000003N000000070000000X,14.33,2018/5/25,330100,8a7638ca-6e9d-41ae-8efa-adf888c600aa
绍兴市,0000000H0000003N000000070000000X,13.33,2017/8/15,330600,441f5faa-76e3-42ac-93ae-40da6a4c57ab
绍兴市,0000000S0000002Z000000070000000X,8.17,2018/5/15,330600,ba867ae4-3092-47f6-81b3-093b22d50a07
湖州市,0000000J0000003S000000070000000X,36.33,2018/12/5,330500,bb8bb947-565a-43d5-a188-2b1789c0c007
丽水市,0000001500000031000000070000000X,4.83,2017/1/5,331100,45cb0660-6a06-400e-9783-c6b2120c1b15
台州市,0000001E00000031000000070000000X,3.33,2018/4/5,331000,a5fb3481-5a96-4984-a347-21248e79bd2b
杭州市,0000000G0000003F0000000700000010,7.4,2018/5/29,330100,388577ed-e6c5-4268-bb59-1915f97d2c26
衢州市,0000000Z00000031000000070000000X,2.33,2017/2/25,330800,96da0c1e-0094-481e-bf15-d22216cecc21
湖州市,0000002200000038000000070000000X,4,2017/12/5,330500,b28b16b1-d093-4433-a70d-7a041cdaef80
绍兴市,0000002P0000007W000000070000000X,2.33,2018/1/5,330600,91b59bf6-37ea-4c69-b656-c57651373c78
浙江省,0000001500000031000000070000000X,5.35,2019/1/25,330000,62e92a6c-5338-4785-b0e0-ae8a3e000510
温州市,0000000J0000003Q000000070000000X,45.67,2017/9/15,330300,254fbcf2-159b-49af-9835-b73af4575cda
丽水市,0000001E00000031000000070000000X,2.5,2017/3/25,331100,ee1f18dd-e931-4234-bc44-25b5eed8680d
宁波市,0000001700000031000000070000000X,3.33,2018/9/5,330200,8337e5c7-08e7-4ab8-8636-003dbda87dff
嘉兴市,0000000J0000003Q000000070000000X,40.67,2017/12/15,330400,08f89c5a-53aa-44eb-b1bd-7b5b548306c6
杭州市,0000001400000031000000070000000X,4.9,2017/8/5,330100,e02fc247-d555-4e85-bcc4-54a2184e0229
舟山市,0000000J0000003Q000000070000000X,42.67,2019/3/5,330900,c72b5c34-f709-456e-b850-e5256f9c2862
浙江省,0000000K0000003U000000070000000X,34.78,2017/4/25,330000,2259dbd3-fea5-42af-8a12-751149589e32
舟山市,0000000Z00000031000000070000000X,5,2019/1/15,330900,556a19e6-5de2-429c-a2ba-7cb489a7d904
温州市,0000000J0000003Q000000070000000X,47.67,2016/12/15,330300,19e86128-8477-45ae-9eae-8137f12abc67
浙江省,0000001700000031000000070000000X,3.12,2019/3/15,330000,1a82a4e8-6606-4b05-9b68-3ec9c2328698
浙江省,0000000S0000002Z000000070000000X,9.62,2017/8/25,330000,9c6f4732-1490-4a85-9614-3f2c5daa8799
绍兴市,0000000G0000003F0000000700000010,9.72,2017/11/21,330600,91efe1c4-b598-4097-bd65-783eb815ee83
丽水市,0000000K0000003U000000070000000X,36.67,2018/5/25,331100,f5ec7adf-b1ac-4644-8a1b-cf44562162c0
丽水市,0000002200000038000000070000000X,3.33,2017/5/15,331100,57b9b8fa-8bbe-47e3-ab3d-66f3a756cbbe
湖州市,0000000H0000003P000000070000000X,18.67,2017/4/5,330500,b87fc77f-b5b2-4d9a-9d5e-5902eb47f3b1
嘉兴市,0000000H0000003N000000070000000X,13.5,2018/7/15,330400,19cb1795-1872-4198-8e66-7f4d9a3759ad
嘉兴市,0000001500000031000000070000000X,4.67,2018/12/5,330400,e373072d-e2fe-47f7-a3cf-7b0b7639c76a
湖州市,0000000X0000007T000000070000000X,30,2016/12/15,330500,2b3458b6-cf0d-4fc8-9bf2-3811a6273ca1
舟山市,0000000S0000002Z000000070000000X,11,2017/4/15,330900,0a8cd3d9-6d5c-4709-9b67-1896495bfbdb
衢州市,0000000J0000003Q000000070000000X,38,2018/9/15,330800,d7316248-3291-4188-9fa8-8c1861c25af2
宁波市,0000001200000031000000070000000X,4.67,2016/12/25,330200,857ffa68-6033-4419-bc62-3310cf69cd50
宁波市,0000000M0000003V000000070000000X,14.5,2017/3/5,330200,6d8a5ab6-e984-451d-aa81-913f60c224db
湖州市,0000000K0000003U000000070000000X,0,2017/7/15,330500,5ba9d2e2-09fe-4cf2-a3b9-9c62bc5640de
温州市,0000002200000038000000070000000X,3.67,2019/2/25,330300,cddacb6a-f9d6-4f52-b27e-aa081724049c
台州市,0000001700000031000000070000000X,2.33,2018/4/15,331000,12f95a63-d61f-4d85-9997-c0f60678635d
绍兴市,0000002200000038000000070000000X,2.67,2017/5/15,330600,60665be4-5bf5-4177-8742-05f6c68a5837
台州市,0000000M0000003V000000070000000X,10.67,2019/2/25,331000,396f4f23-2804-430d-8448-66b6208dca99
金华市,0000001E00000031000000070000000X,2.67,2017/3/15,330700,42e6f866-b5a4-4903-b7fc-6c45be670026
温州市,0000001A00000031000000070000000X,5.67,2018/1/15,330300,af6fde24-5c5b-4514-b6c7-299bfdc4532d
温州市,0000000Z00000031000000070000000X,4.17,2018/11/25,330300,1420097b-fd3a-4b23-8d7f-a9ea0b971607
舟山市,0000002200000038000000070000000X,4.33,2018/6/25,330900,9d8419cc-2bba-4da5-9161-41b06c6291e4
嘉兴市,0000001500000031000000070000000X,4.17,2018/8/15,330400,3b174132-4a26-4db0-aa23-8c264b912d1c
台州市,0000001200000031000000070000000X,4.33,2018/4/25,331000,8eb3f162-66e2-44aa-8f5d-32c337bbe382
湖州市,0000001500000031000000070000000X,6,2018/11/15,330500,8c0cd1dc-95be-438e-a54d-bed4b03cfde5
杭州市,0000000D0000002R000000030000000X,46,2017/4/5,330100,466b1539-4b68-4a43-8914-0c3aefa826c2
浙江省,0000000G0000003F0000000700000010,7.79,2018/6/19,330000,23237787-b2a1-4367-9c02-a172cfa0aed3
浙江省,0000000S0000002Z000000070000000X,9.32,2018/8/15,330000,d26503c3-7227-446f-8ba7-9c81987fbc98
绍兴市,0000000C0000002Q000000030000000X,57.67,2019/1/5,330600,04a0016f-3473-4173-b77a-939b629e8c6e
金华市,0000002P0000007W000000070000000X,3.7,2018/11/15,330700,7712eea1-5780-413c-8ce0-5397a95a84b4
湖州市,0000001Z00000036000000070000000X,5.33,2017/4/15,330500,05f74514-c95c-4c67-be87-8d9348bd205b
湖州市,0000000C0000002Q000000030000000X,57.67,2017/11/5,330500,093dafc1-0100-4efc-b464-84c1c652d724
衢州市,0000001A00000031000000070000000X,8,2018/2/5,330800,70208277-c534-4906-ac73-ba93ec9ce31a
宁波市,0000002P0000007W000000070000000X,2.93,2017/2/15,330200,cc3b7998-70d5-40be-b231-138dc5eafb35
杭州市,0000002U0000007X000000070000000X,4.47,2017/11/25,330100,983bae8b-ca24-4bb7-9cbf-aff7a369fb89
台州市,0000000P0000003E0000000700000010,4.63,2019/1/22,331000,46b67644-292c-446d-b179-732857508127
宁波市,0000000H0000002T000000070000000X,15.43,2017/7/15,330200,2069bcfc-c910-42bc-8a09-d645cd0ff821
衢州市,0000000Z00000031000000070000000X,3.33,2017/11/25,330800,e7bdf355-d35d-44a4-969c-38960abaca84
湖州市,0000000P0000003E0000000700000010,2.8,2017/2/28,330500,baa4cb5d-41ec-4fd4-8f91-087376dcd970
绍兴市,0000000C0000002Q000000030000000X,57.67,2017/11/25,330600,7ddcd770-ed11-4eb7-9f50-bcc2e6242e1e
湖州市,0000000P0000002W000000070000000X,4.67,2017/3/25,330500,2e5ceec6-2310-4811-ac23-c910455f952e
宁波市,0000001E00000031000000070000000X,5.23,2018/3/25,330200,628a9275-c914-48f5-ac79-0b93f5cde46c
浙江省,0000002U0000007X000000070000000X,4.28,2017/9/15,330000,e0f38fdf-33c8-4688-9316-3a79f1c243a3
杭州市,0000000D0000002R000000030000000X,46.33,2018/2/5,330100,de12c790-ae26-4bfe-89c6-3083948e7ed2
嘉兴市,0000001200000031000000070000000X,3,2018/6/15,330400,33e49a31-238f-45ab-89d1-4b82def91c78
杭州市,0000002U0000007X000000070000000X,4.27,2017/6/5,330100,5feb56f5-da8e-4475-b7bc-eff3f04b5d4b
金华市,0000000P0000002W000000070000000X,4.83,2017/1/15,330700,2ea540d6-d8f8-48c7-a2eb-29136599d7a1
台州市,0000001500000031000000070000000X,3.5,2017/5/5,331000,86d2371a-6f68-4f17-ab6e-a64f9ffeb675
金华市,0000001K00000031000000070000000X,3.33,2018/7/25,330700,9ac6a1d5-5cc2-4a05-a013-360cab315955
丽水市,0000002200000038000000070000000X,2.5,2017/1/25,331100,57012317-2ccc-4356-98d8-76c4f0fa4c6d
衢州市,0000001E00000031000000070000000X,5.33,2018/8/25,330800,61486540-0ae3-46bb-8ffb-cbae4fb38ea2
嘉兴市,0000000D0000002R000000030000000X,35.33,2018/5/15,330400,c8e13b17-3980-47a5-a0c0-d7780b60ddaf
浙江省,0000000P0000003E0000000700000010,4.61,2018/12/4,330000,5e85a9a8-8887-4fa4-948e-59d6cda521a2
绍兴市,0000000P0000003E0000000700000010,4,2019/1/29,330600,3cef37ed-5ca6-4883-9221-a10e8c912486
杭州市,0000001200000031000000070000000X,5.33,2019/1/15,330100,e4b69385-ae70-44a7-9f21-47b694a54c7e
舟山市,0000001200000031000000070000000X,3.67,2017/4/25,330900,2655cbb3-cd69-4b51-b804-9a88913b87ab
温州市,0000000X0000007T000000070000000X,50,2017/3/25,330300,417c38a7-c404-48fc-8dd1-8ad2d86bcfef
温州市,0000002P0000007W000000070000000X,2.17,2017/4/25,330300,9d3144b3-a16b-45e8-a409-a2e61d516b50
台州市,0000000J0000003S000000070000000X,32.67,2017/4/25,331000,902ba652-b472-48c0-9c4c-1bcfb391f4c3
丽水市,0000001700000031000000070000000X,2.5,2017/12/25,331100,8e5ee25e-2103-4ebc-888d-2786a4054fcf
金华市,0000001K00000031000000070000000X,2.67,2019/2/15,330700,cd4ace65-2d06-4a18-a198-78b032278392
绍兴市,0000000P0000003E0000000700000010,4.7,2018/3/13,330600,9fb541de-4395-4996-b46c-7b031d188ee6
舟山市,0000000S0000002Z000000070000000X,11,2017/3/25,330900,4ec9e0b3-2807-4592-81f5-f109b4b3dca9
浙江省,0000000G0000003F0000000700000010,9.49,2017/11/21,330000,c08fc75e-e2fd-442d-ab6d-577ab2dd215e
湖州市,0000000S0000002Z000000070000000X,9.67,2018/10/5,330500,b45aff09-33fd-42f8-9585-5579a2c60076
台州市,0000002U0000007X000000070000000X,4.33,2017/6/25,331000,3dbfa9a8-b654-40f3-97f6-6fa6a3e71cc6
杭州市,0000000H0000003N000000070000000X,16,2017/3/5,330100,b0c7a89a-b4cb-4b23-9fa2-0526eb0b5c07
台州市,0000002P0000007W000000070000000X,3.28,2017/7/25,331000,8d74bab8-a190-48dd-8f57-b4b3436a29c9
绍兴市,0000000M0000003V000000070000000X,10,2018/12/5,330600,743be415-ceb7-46ba-a6e9-19233f1edc0d
嘉兴市,0000000P0000003E0000000700000010,4.67,2019/2/12,330400,3cb2767f-0b8b-4eaa-9731-55fef0453019
杭州市,0000001Z00000036000000070000000X,6.4,2018/8/25,330100,1877c461-e482-415d-a5cc-a28cddd72a5d
温州市,0000000Z00000031000000070000000X,3.67,2017/2/5,330300,f57541e5-892f-4688-9a3e-a4798001c76f
杭州市,0000001200000031000000070000000X,3.83,2017/10/15,330100,3406a962-c887-4adf-83f5-e0966159db83
湖州市,0000000C0000002Q000000030000000X,57.67,2018/11/15,330500,705bf516-bb3c-4be1-b7f2-c50f0bc926f8
杭州市,0000001A00000031000000070000000X,6.5,2019/2/25,330100,00332ee8-c055-441e-804e-c44d9538b242
杭州市,0000000K0000003U000000070000000X,35.33,2018/8/25,330100,eca18e9f-cf23-47d4-824e-b348a94ab0d9
温州市,0000000H0000003P000000070000000X,23,2018/6/5,330300,704fd9d0-0dee-4613-bee9-8294653ab65e
绍兴市,0000000G0000003F0000000700000010,13,2018/12/18,330600,1b0a9f08-656e-4c49-839f-38e6e4923fa8
金华市,0000000G0000003F0000000700000010,10.2,2017/5/9,330700,3eeaa8a5-cb03-49cd-8e71-f1d9d649d098
衢州市,0000000S0000002Z000000070000000X,8.67,2018/4/5,330800,cc5e3a4f-d7e7-4f62-a75b-9f95745ca6d0
浙江省,0000002P0000007W000000070000000X,3.09,2017/10/25,330000,23d08e0a-3234-4f71-84c7-e451c3a6fb31
舟山市,0000000P0000003E0000000700000010,4.5,2018/5/29,330900,8d91053c-2d7d-451a-87fa-d784d59d5ec3
金华市,0000000H0000003P000000070000000X,19.67,2018/7/25,330700,78f7c5b8-89e1-4d23-8b27-2c4cae882222
嘉兴市,0000001400000031000000070000000X,4.67,2017/11/5,330400,2b659aab-db57-4237-a115-d35afc142cfa
温州市,0000001700000031000000070000000X,2.83,2018/6/15,330300,82b0c3a4-5694-4250-9d60-e72e69328bf8
绍兴市,0000000H0000002T000000070000000X,13,2018/5/5,330600,91c2f0b3-3281-447a-995f-eef1d6173292
温州市,0000000J0000003S000000070000000X,43.33,2017/7/5,330300,ae9de2b0-be45-44e8-a3ea-11a764bc500e
浙江省,0000001Z00000036000000070000000X,6.06,2017/8/15,330000,8dea246f-74f0-41d7-9c12-32020f1d6e0b
温州市,0000001400000031000000070000000X,6.17,2017/5/25,330300,8c51f98d-cef7-4ba6-a35e-523297d7db91
绍兴市,0000000J0000003S000000070000000X,36.33,2018/10/5,330600,07ac11cf-4098-472e-915b-be6ccbae2f65
丽水市,0000002200000038000000070000000X,3.33,2018/8/25,331100,8b97378f-9b60-4d47-bae0-c78167733069
台州市,0000000H0000003N000000070000000X,12.33,2019/2/25,331000,e03859a1-65a5-44cc-895e-a731e0bbe7cc
嘉兴市,0000000M0000003V000000070000000X,11.67,2018/11/5,330400,0e2150b6-a89c-48f6-b460-81dff377a680
舟山市,0000000H0000002T000000070000000X,15,2017/8/15,330900,f982878d-ac04-4025-b96c-07c068aa561e
杭州市,0000002P0000007W000000070000000X,3,2018/11/15,330100,f3e84fe8-0c8b-4ced-bb0b-c69e94037477
衢州市,0000002200000038000000070000000X,2.67,2018/9/5,330800,05cb1355-47cd-4b5e-a3cb-95d8b1c9818f
温州市,0000001700000031000000070000000X,3.67,2019/3/15,330300,414374c6-f091-4efd-ac4b-83cbc28f49d1
宁波市,0000001K00000031000000070000000X,3.57,2017/12/5,330200,1a130f79-276a-44eb-8bb9-9b027203e1ad
衢州市,0000001400000031000000070000000X,4.33,2017/6/5,330800,0b6ea1c2-7b1d-46fc-bfc6-d9d4fe3e5689
丽水市,0000000X0000007T000000070000000X,38.33,2018/11/25,331100,9ddaf4c0-55ef-43a8-a352-2ae0baee5aee
金华市,0000001200000031000000070000000X,3.33,2018/1/5,330700,b121bcf8-d296-4013-b172-f1d8b57534e6
台州市,0000002P0000007W000000070000000X,3.45,2018/7/15,331000,1ef9cd89-e2e7-425b-866d-38fbc1d47a40
宁波市,0000001K00000031000000070000000X,3.53,2017/8/15,330200,5d261d08-8ef8-4daa-b451-6774425941b6
舟山市,0000001400000031000000070000000X,5,2017/7/15,330900,276998ee-5e1e-4de1-aa68-1a8dffd483d9
台州市,0000000H0000003P000000070000000X,29,2018/10/5,331000,e34f497b-f938-48d9-bcc5-9077ed2c75ac
绍兴市,0000002U0000007X000000070000000X,4.5,2017/5/25,330600,e8f1d624-fb7b-4243-8240-d23e0c7500b0
浙江省,0000001A00000031000000070000000X,5.2,2017/3/25,330000,818d3bd9-4232-44b4-8c0b-7a90665ac848
绍兴市,0000000D0000002R000000030000000X,52,2017/1/25,330600,280c44f1-be57-47c6-9e17-a21c6f85937d
温州市,0000000K0000003U000000070000000X,46,2019/3/5,330300,04282eae-f7b3-4607-926d-c3a6a7b50e85
丽水市,0000001400000031000000070000000X,6.17,2017/2/5,331100,b9d3f523-4472-455e-bee4-5ad69eb03e5d
宁波市,0000001K00000031000000070000000X,2.6,2017/5/25,330200,b9f1daa9-2558-4512-a73d-94bd1462c87b
衢州市,0000001400000031000000070000000X,4.83,2018/10/25,330800,a5ab9f5c-622f-4ad6-83c9-e0b10ca0da41
湖州市,0000003100000081000000130000000X,77,2016/12/25,330500,2ea02b70-4b09-4d39-a997-cbb8e2e49baf
湖州市,0000001K00000031000000070000000X,3.5,2018/6/5,330500,f1ab0d6b-a754-4246-b4a2-4496746babd0
湖州市,0000002P0000007W000000070000000X,3.89,2017/8/15,330500,990c864f-22e1-4e4e-9737-a61e06967057
台州市,0000000C0000002Q000000030000000X,63.33,2017/2/25,331000,d5fec823-7e55-49cd-924d-02add7c2912a
嘉兴市,0000000D0000002R000000030000000X,38.33,2018/1/25,330400,3d89df32-1740-4cc4-8a78-102558c0092a
宁波市,0000000C0000002Q000000030000000X,73,2018/9/5,330200,8bc8d3c0-254e-4292-875b-336d73e37583
浙江省,0000002P0000007W000000070000000X,3.13,2018/12/5,330000,4ae0ef16-7452-40bb-a1b3-bcf2d8c0fe17
湖州市,0000001Z00000036000000070000000X,5.67,2017/10/5,330500,07adcc04-2029-4136-a945-7f73ddc36d81
温州市,0000000X0000007T000000070000000X,50.67,2019/2/25,330300,d2a7436c-67ed-44e7-8b9d-2487d2d86cf2
金华市,0000001400000031000000070000000X,5.33,2018/7/25,330700,79531a30-87ec-4a44-8c4f-c6c8c4bb1ddb
温州市,0000000J0000003Q000000070000000X,47,2018/1/5,330300,daf3ee85-c31d-45d0-b04b-de059d2fe977
宁波市,0000000C0000002Q000000030000000X,73,2018/10/15,330200,201dbcf7-74b5-4a55-93d0-aed911ee4a80
杭州市,0000000H0000003P000000070000000X,20.5,2017/4/25,330100,0a6af5ed-3104-4aba-8018-42645cb2b548
金华市,0000000H0000003N000000070000000X,13.33,2017/6/5,330700,1bf855ec-a9b0-4b6e-986d-76cca0e710fd
绍兴市,0000000D0000002R000000030000000X,49.33,2018/9/5,330600,ffb728c4-3a74-490b-b706-b2024df8c835
湖州市,0000000S0000002Z000000070000000X,9.67,2018/5/5,330500,2e943c01-da07-4ec7-920f-b9b2fb38c38b
温州市,0000001A00000031000000070000000X,5.67,2018/12/15,330300,4d4915ae-aad5-4eac-8bca-aaf644f13ac1
温州市,0000002U0000007X000000070000000X,4.67,2018/8/25,330300,ea354489-4fcc-4619-9b6a-523d83f67d2a
嘉兴市,0000000X0000007T000000070000000X,32.67,2017/9/25,330400,6ac032e2-0118-4972-a6cf-7cd323538352
台州市,0000000H0000003N000000070000000X,13,2019/2/5,331000,37c21b8b-ef2d-4b09-a806-47f398de9445
嘉兴市,0000000H0000002T000000070000000X,17,2017/11/5,330400,c3a9d018-3735-49ea-92de-771f2a53f6af
嘉兴市,0000000G0000003F0000000700000010,10.3,2017/4/18,330400,c6b04216-4d1a-4136-a136-6408a7ba8872
湖州市,0000003100000081000000130000000X,77,2017/8/5,330500,b8b014ec-36aa-4913-a438-19ab220c3ed2
湖州市,0000001200000031000000070000000X,4.17,2017/8/15,330500,98c8f0ec-cad0-4310-a5d1-15019991657b
绍兴市,0000000Z00000031000000070000000X,4.17,2017/6/25,330600,3452eb9e-4216-4e27-a2fb-62430c13cb30
宁波市,0000000X0000007T000000070000000X,40.33,2017/4/25,330200,b2ff20de-8e28-4a8c-9630-056fce8fd5ae
绍兴市,0000001Z00000036000000070000000X,4.33,2017/5/5,330600,9877507a-d793-4b6c-8391-ce7fbee8e23a
金华市,0000000Z00000031000000070000000X,2,2017/3/25,330700,0ce9b842-57ed-444c-8d62-5a6a98372c8a
湖州市,0000002P0000007W000000070000000X,3.89,2017/8/5,330500,562df617-7f29-40c7-94b3-93448cce98fd
温州市,0000000C0000002Q000000030000000X,60,2018/1/15,330300,71eb3e84-792c-44f0-9da8-713cb55409f3
金华市,0000001700000031000000070000000X,2.5,2017/6/15,330700,10a907e5-ce9a-4c6d-96e2-be71558ab663
温州市,0000000X0000007T000000070000000X,46.67,2019/3/15,330300,f04f8db6-e877-40b8-90b8-19fefe380a2a
浙江省,0000000S0000002Z000000070000000X,9.08,2018/12/15,330000,4c9339ca-ee30-4490-bc85-caa6917a25c1
金华市,0000000D0000002R000000030000000X,40.17,2018/2/15,330700,c3fb4b33-b0e1-47ab-ae55-94eaf18b86fc
台州市,0000001Z00000036000000070000000X,6.33,2017/11/5,331000,db32aa95-36ef-4819-9beb-d1901f3a2517
台州市,0000000H0000003P000000070000000X,24.5,2018/8/15,331000,3baf0fe6-1425-4632-b46b-060ce516c9be
嘉兴市,0000001400000031000000070000000X,7.33,2018/4/5,330400,4424b6ec-6424-4d10-8a74-1092122bf0a5
绍兴市,0000000P0000002W000000070000000X,5.17,2018/6/15,330600,aa7c9e70-720c-42e7-8307-c5d508b00aac
嘉兴市,0000002U0000007X000000070000000X,4,2018/5/15,330400,47e96802-fe2d-4006-8479-db2b0f301f43
绍兴市,0000001700000031000000070000000X,2.67,2018/5/5,330600,524b87ab-6d2c-472f-8a46-1cc89d321314
绍兴市,0000002200000038000000070000000X,3.13,2018/2/5,330600,a1e3605a-4cdf-4c84-bfde-4a662827a0bf
宁波市,0000001700000031000000070000000X,3.67,2019/2/15,330200,e7c9069c-8616-4ee8-88a0-6724c88b6ae2
嘉兴市,0000001200000031000000070000000X,4.83,2018/9/5,330400,4ce1cc66-7506-4a79-92d5-592b8373e746
金华市,0000000H0000003N000000070000000X,12.5,2017/10/15,330700,e48a55d5-1118-4e56-afec-f58943a26e4b
丽水市,0000000J0000003S000000070000000X,36,2018/8/25,331100,7700b544-386d-47c7-8ea3-7a38b47355e1
温州市,0000002P0000007W000000070000000X,2.33,2017/12/25,330300,cb27f745-1d77-466d-9f4e-087112265c1a
金华市,0000000Z00000031000000070000000X,6,2018/9/5,330700,5522cdcf-56bd-4acd-91cc-bd2ebca3960f
嘉兴市,0000001700000031000000070000000X,3.33,2019/2/15,330400,f266174f-3920-4b09-a588-436f45d03e9e
温州市,0000003100000081000000130000000X,63,2017/7/5,330300,efbc7555-488c-4770-9c6e-1ecd23c0c5cf
绍兴市,0000000C0000002Q000000030000000X,59,2017/4/15,330600,a5ba3e33-e78e-41f2-9a65-dfeac7e5e831
温州市,0000000P0000002W000000070000000X,5.6,2019/2/25,330300,ca2ff0f0-2eb7-40f2-8567-3d5ea5199059
衢州市,0000002200000038000000070000000X,2.93,2018/1/15,330800,bccd2c70-1774-49bf-af49-e000e57a9b9d
绍兴市,0000003100000081000000130000000X,66,2018/3/15,330600,15c0118f-d759-49c4-a9ba-d356cf77af1d
嘉兴市,0000000P0000003E0000000700000010,3.1,2017/5/23,330400,27fc6c70-5b9d-4a3b-977a-3fb460af4e96
嘉兴市,0000000J0000003Q000000070000000X,40.67,2018/1/15,330400,2a39e8f5-1a7f-4dfe-b082-a46136560650
台州市,0000000J0000003Q000000070000000X,38.33,2017/10/5,331000,33739f7b-ceb2-4eb3-a9ef-8d2c7e2ff3e9
丽水市,0000000M0000003V000000070000000X,9.67,2016/12/25,331100,f3cbe76a-e845-4762-9dfb-0f46cba03010
绍兴市,0000001200000031000000070000000X,4,2018/4/15,330600,a0f1a79b-02b8-4799-af8f-6018ec9a5e2a
湖州市,0000001500000031000000070000000X,5.5,2019/1/15,330500,9beda844-9af9-4fec-a571-860a4806ce49
湖州市,0000000X0000007T000000070000000X,35,2018/2/5,330500,4236f1e6-c563-4d9b-b452-fc2ed943a74b
丽水市,0000000H0000003P000000070000000X,19.33,2017/10/25,331100,87a6cade-e81e-4888-82ef-3faefe028b5e
浙江省,0000000P0000002W000000070000000X,4.97,2018/4/15,330000,9d0786a3-2c3f-40d7-b9d4-b29c0b7b6fce
杭州市,0000001Z00000036000000070000000X,5.83,2018/12/15,330100,19b4c4e9-97d3-49f5-ad79-83e0e602709d
丽水市,0000001700000031000000070000000X,2.67,2018/4/15,331100,bb2b69d6-55e9-44c3-960a-ff944b69dadf
浙江省,0000000D0000002R000000030000000X,44.48,2017/4/25,330000,019fd414-db2a-4935-b7a4-35052cbd8885
台州市,0000000G0000003F0000000700000010,9.6,2017/4/25,331000,a9f23233-8794-4686-a172-366e81441931
嘉兴市,0000001A00000031000000070000000X,5.83,2018/5/15,330400,3598e280-7995-4d4b-b525-57603749e908
温州市,0000000P0000003E0000000700000010,2.85,2017/5/9,330300,12cd3d5c-dbf7-44ce-8aac-d15a5e97c201
杭州市,0000000M0000003V000000070000000X,12,2019/2/25,330100,acbd4e18-5f5c-47d1-b54f-3beaf2bd160a
浙江省,0000002200000038000000070000000X,3.59,2018/4/5,330000,4fb608fe-272f-4316-ad54-8dd5e8623381
杭州市,0000000G0000003F0000000700000010,10.39,2018/2/20,330100,7e563a9e-5c0d-4569-85c3-c07670cd8fad
嘉兴市,0000001E00000031000000070000000X,4.5,2018/1/25,330400,279aa2f0-4907-45d3-9ba0-f05320995c1e
嘉兴市,0000000Z00000031000000070000000X,4.83,2018/7/25,330400,377f4d79-ce26-46c2-9624-83ada2a578ca
浙江省,0000000J0000003S000000070000000X,34.76,2017/4/5,330000,921cd699-ebd3-414d-95a5-d489bb6730fa
湖州市,0000000J0000003Q000000070000000X,39.67,2018/12/15,330500,764635ef-e6b6-4557-bf17-fa49620244df
衢州市,0000000G0000003F0000000700000010,9.3,2017/12/26,330800,a1223cea-8da6-4664-b852-122d2dd08129
台州市,0000000H0000002T000000070000000X,14,2019/1/15,331000,7a512b58-2549-4b04-8301-6a4f555a65ca
衢州市,0000002200000038000000070000000X,3.33,2018/12/25,330800,7ce3dc4e-a443-400c-9895-02ae9997ea6b
宁波市,0000001E00000031000000070000000X,4.53,2018/12/15,330200,4825861a-b9e1-4368-a3ff-df905cbdd4ee
衢州市,0000000P0000003E0000000700000010,2.6,2017/3/14,330800,13372610-99b5-4e4b-91b3-46347845bd2a
温州市,0000001K00000031000000070000000X,3.67,2016/12/15,330300,0daf3910-0de1-4f5f-af01-6a13685960f1
绍兴市,0000001K00000031000000070000000X,2.83,2018/12/25,330600,bf70a7fd-aa36-40a3-a8c4-00a61059f428
杭州市,0000001Z00000036000000070000000X,6.77,2017/5/5,330100,a1a8f5cb-a92f-4c68-a281-99b1b3dc2a44
宁波市,0000000J0000003Q000000070000000X,38.67,2017/3/25,330200,70d7a647-0121-4908-be35-132515bfab11
嘉兴市,0000000J0000003Q000000070000000X,40.67,2017/6/15,330400,e7a7606b-5219-47ab-b97c-38f19a172f4c
台州市,0000000D0000002R000000030000000X,39,2018/4/5,331000,e5564804-5c97-49b9-be61-5d1fdb171ad7
衢州市,0000000P0000003E0000000700000010,2.6,2017/5/9,330800,1c7746af-747f-4d27-b263-fae1a3f59b53
宁波市,0000000Z00000031000000070000000X,3.47,2017/4/5,330200,6c055ecf-a739-4257-8cfa-ca8c307cea36
衢州市,0000000C0000002Q000000030000000X,66,2017/6/15,330800,3fbeb388-571f-43a8-999c-2ba096d86baf
杭州市,0000000H0000003P000000070000000X,22.17,2018/10/5,330100,617950e6-371c-4254-9feb-7c45ec91089b
杭州市,0000001A00000031000000070000000X,5.17,2017/10/15,330100,80e9b220-5953-4387-861b-af4df4d5f236
金华市,0000000M0000003V000000070000000X,12.33,2017/3/25,330700,0d881d0d-8b32-41df-9b7a-d3bd2dd1b448
台州市,0000000M0000003V000000070000000X,10.33,2017/2/25,331000,2dbe68e9-84c8-4e04-b01a-a4bf9342bd2f
舟山市,0000001500000031000000070000000X,4.83,2017/10/15,330900,76eba7c2-1228-4d5c-9c89-f108f969ef03
舟山市,0000000J0000003Q000000070000000X,39.67,2017/4/25,330900,d3ae4b7d-fcd8-4c9b-bbc8-9137e3ff3da5
台州市,0000000H0000003P000000070000000X,26.33,2018/11/5,331000,88a180ac-7e26-4094-9660-10b6921c709b
舟山市,0000002200000038000000070000000X,4.17,2017/6/25,330900,87bb3e21-0ff1-4b74-b5bd-4d6f83e20aee
宁波市,0000000H0000002T000000070000000X,16.1,2016/12/25,330200,cc6beed3-4f76-49be-b6cc-1a46cefb2f26
温州市,0000000P0000002W000000070000000X,4.37,2017/3/15,330300,93e0b1c3-5a7b-43d7-94a5-c14167a9d52f
衢州市,0000002U0000007X000000070000000X,4.33,2017/3/25,330800,fd19e21c-6fd7-459b-9b7f-374b764436b9
浙江省,0000001Z00000036000000070000000X,6.35,2019/1/25,330000,56fbfaca-f484-4c08-a7f2-40fed0936b9b
浙江省,0000001Z00000036000000070000000X,6.36,2018/11/25,330000,4ec7f3bb-61e3-4928-adbe-2ebe6d91c4dd
湖州市,0000000H0000002T000000070000000X,16,2017/8/5,330500,2e39382c-cc0f-482a-9cf7-c8707ecb93c3
杭州市,0000001400000031000000070000000X,5.33,2017/6/5,330100,21f18476-b57c-4c0a-8228-be96b04cdac7
杭州市,0000000J0000003Q000000070000000X,41.17,2017/3/5,330100,ac46baed-e809-4d3f-b0f8-b0c74265ef27
丽水市,0000000H0000003N000000070000000X,11.33,2018/8/5,331100,a60d3968-73bd-4633-9dc0-060e0c959b2d
嘉兴市,0000001700000031000000070000000X,3.83,2017/2/25,330400,78d34cde-2641-4667-9c20-22ead051fb9e
温州市,0000000G0000003F0000000700000010,11.19,2017/2/7,330300,43ee7eac-f00f-43ad-958b-7088eff3d495
金华市,0000001A00000031000000070000000X,5,2018/8/15,330700,40552aec-944d-46cd-8d3a-6e6fd9dc8d46
湖州市,0000000G0000003F0000000700000010,7.7,2018/4/10,330500,87d7b6e1-9ada-43fd-b2c3-4290832d700a
绍兴市,0000001400000031000000070000000X,6.67,2018/3/15,330600,a3ea6ab5-aaf0-4c79-a6f4-c0e4d025696d
杭州市,0000000H0000003N000000070000000X,14.33,2018/2/15,330100,2343eea2-75ba-476d-afbc-030269cbdedd
湖州市,0000001A00000031000000070000000X,6.33,2018/6/5,330500,748a0464-fbf5-4796-99cf-5aa6a105eea1
湖州市,0000000X0000007T000000070000000X,35,2017/5/5,330500,34d36290-9ddd-4e06-ba73-796d1adbf246
温州市,0000001A00000031000000070000000X,4.83,2018/6/5,330300,6ee6a843-38f6-4718-b7ff-1676f299d0ce
温州市,0000001400000031000000070000000X,7.83,2018/4/15,330300,21dd9e84-5e7b-4b94-8f8b-19207d4a2d56
浙江省,0000001K00000031000000070000000X,3.48,2019/2/15,330000,b708ba10-fb3b-4633-96ab-f03cdd392b6c
宁波市,0000000H0000003P000000070000000X,25,2017/9/5,330200,4d4ad9b1-55c9-467d-86d6-7d1ed5e2b353
嘉兴市,0000000H0000003N000000070000000X,14.33,2018/4/15,330400,a9c6e7f1-faaa-4ff5-9850-826a5c226cf8
丽水市,0000000J0000003Q000000070000000X,38.67,2018/9/5,331100,ce451f43-142a-401e-b843-26da8cee6b55
衢州市,0000001E00000031000000070000000X,3.33,2017/3/15,330800,8b10b48f-36f6-4592-a4df-23b491797afc
衢州市,0000002U0000007X000000070000000X,4.67,2018/3/25,330800,e70ff466-a662-41f3-8e43-ff2071b40855
嘉兴市,0000003100000081000000130000000X,79,2019/1/15,330400,da1f2461-ebdb-41d2-b4b7-d5be63f1d03c
浙江省,0000000J0000003Q000000070000000X,40.74,2018/1/15,330000,cc8f517e-bbbf-44a4-913b-2329e147890f
温州市,0000000P0000003E0000000700000010,4,2018/6/26,330300,46e24ae2-664f-4362-aaae-02d8a18b9a30
宁波市,0000000M0000003V000000070000000X,14.17,2018/8/25,330200,6645cefc-29b3-4aaf-8508-047d32649536
杭州市,0000000J0000003Q000000070000000X,42,2018/10/5,330100,540e3e56-fda7-45a1-a391-d9e79ad3a2b3
衢州市,0000002P0000007W000000070000000X,3.06,2018/5/25,330800,0e4be69c-c58d-4779-97cb-6262524eabde
金华市,0000000J0000003Q000000070000000X,40,2017/9/5,330700,13631d83-a0d4-48de-a08a-783e82bb68e8
宁波市,0000000X0000007T000000070000000X,39.33,2017/1/15,330200,5137c80d-0f0e-4b0b-aafd-e05d2277d89d
台州市,0000000S0000002Z000000070000000X,9.5,2017/2/25,331000,b183a054-7e42-4a66-8f05-079bb6ff6381
嘉兴市,0000000D0000002R000000030000000X,38.33,2017/10/5,330400,2011bb5a-8a16-4f82-8974-cae59acf16c3
绍兴市,0000000G0000003F0000000700000010,7.45,2018/6/12,330600,9c5bfe7a-a256-4b30-98ab-3717cfb12b81
绍兴市,0000000H0000003P000000070000000X,25,2018/9/5,330600,597deff0-7f17-4914-9ca8-4d12404a5070
衢州市,0000003100000081000000130000000X,93.27,2017/9/15,330800,4537957a-0483-4fab-85ef-b5b411f7e481
台州市,0000000D0000002R000000030000000X,38.67,2018/8/15,331000,00959933-03fa-4496-b138-c2edec9b03dc
嘉兴市,0000003100000081000000130000000X,79,2017/4/15,330400,9c5b3cb2-9fe5-42c1-ba74-8c3c8fd0ff79
舟山市,0000001K00000031000000070000000X,5,2018/8/25,330900,4e74ba61-fb88-4da0-8b21-017ec6f43c87
宁波市,0000001Z00000036000000070000000X,6.33,2017/8/15,330200,80d1b80f-2c4c-4ea8-86fa-659718ae5e74
舟山市,0000001E00000031000000070000000X,4.67,2017/6/5,330900,5e01b251-4423-4d35-8c9a-72eb645e19bb
嘉兴市,0000000P0000003E0000000700000010,5.17,2018/11/13,330400,d989d96e-cbca-4b17-8652-3329b39df1df
衢州市,0000000M0000003V000000070000000X,10.5,2017/8/5,330800,b33bc915-7554-4c9f-9c27-709f7273ba66
丽水市,0000000S0000002Z000000070000000X,9.67,2019/1/25,331100,e879accc-b3dc-412b-b00f-3887006a97b5
绍兴市,0000001700000031000000070000000X,2.5,2017/2/15,330600,5f91c95f-ec93-4f8d-b531-abefe38a241b
嘉兴市,0000002200000038000000070000000X,3,2018/8/25,330400,84733cdd-0f18-4db1-abd9-8418fae4eeea
温州市,0000000K0000003U000000070000000X,45,2018/4/5,330300,79ae71fd-7f27-40d8-a5d2-09365370c55c
湖州市,0000000H0000002T000000070000000X,16.67,2017/4/25,330500,d4d89b2d-c857-4a3b-b398-c5a114224fbe
嘉兴市,0000002200000038000000070000000X,3.83,2017/5/5,330400,d1d048a4-1974-4f9d-9a06-a7c6a89eccf0
绍兴市,0000003100000081000000130000000X,66,2018/6/25,330600,b145ec99-6fb0-480d-910e-1353c98d000b
杭州市,0000002P0000007W000000070000000X,3,2018/10/5,330100,92c17fa2-857c-4fc2-bbab-52ab5bfc0686
金华市,0000000Z00000031000000070000000X,2.5,2017/2/25,330700,4892ec5c-6e46-464d-83c7-741e2885e9bb
丽水市,0000000H0000002T000000070000000X,12.67,2018/7/25,331100,c1399b21-8cc8-49c0-95d2-ce52b850d694
绍兴市,0000000K0000003U000000070000000X,33,2017/2/15,330600,91ab7fc6-8227-40d3-bd7a-37f8a3dd5f34
杭州市,0000000C0000002Q000000030000000X,62.33,2018/7/5,330100,22183350-7b2d-4713-97d3-c76d054fc82a
湖州市,0000001E00000031000000070000000X,4.83,2018/2/5,330500,63daaea8-71e9-4d8a-a6b8-91db5a6ec771
浙江省,0000000P0000003E0000000700000010,4.26,2019/2/5,330000,4e7a284b-46da-4dde-b2c3-a9967daf342f
舟山市,0000001400000031000000070000000X,5.33,2018/10/5,330900,d5367ff0-98b8-42db-8d99-2ca58f5ff0e3
绍兴市,0000002U0000007X000000070000000X,4.33,2017/3/25,330600,3d35d437-ce93-459a-bb8a-dab4ec8bc2be
浙江省,0000000H0000003P000000070000000X,22.77,2017/5/5,330000,47d9f2cb-cf92-4e9f-b9eb-44d33b32237b
舟山市,0000000M0000003V000000070000000X,14,2017/2/5,330900,73546c05-797f-4332-ac11-2c4648e91159
舟山市,0000001500000031000000070000000X,6,2018/10/15,330900,e9f3dcbc-ed0c-4c57-8ee7-1aed9562eddb
衢州市,0000001E00000031000000070000000X,3.83,2017/4/25,330800,9d6bb38c-aa5b-4e82-9a4b-47e8f8e5c6bf
浙江省,0000000K0000003U000000070000000X,35.88,2018/7/5,330000,dd2809e8-4730-41dd-8057-c03b1cc63530
绍兴市,0000000Z00000031000000070000000X,6.17,2018/8/25,330600,eaad0839-a407-4dce-95b7-834b8d89ef5a
杭州市,0000002200000038000000070000000X,2.83,2017/8/5,330100,3d6d83e4-826d-4e11-9402-8e2eb6e59eca
台州市,0000001A00000031000000070000000X,4.5,2018/5/25,331000,d9f54d51-aaaa-416b-9be8-b22999e04855
湖州市,0000001400000031000000070000000X,3.83,2017/6/15,330500,26972f4f-95d3-432a-9223-d4fe2bb12b2c
湖州市,0000000S0000002Z000000070000000X,9.17,2018/12/5,330500,b3ffd3c7-3849-4569-9ccd-b5727faebdb8
温州市,0000000H0000003P000000070000000X,24.33,2017/6/5,330300,8037303c-2fbf-4858-90ba-1a9c5c98153b
嘉兴市,0000000S0000002Z000000070000000X,9.33,2018/6/25,330400,9be7ebc3-562f-4096-aa8e-539f8bd33318
嘉兴市,0000003100000081000000130000000X,79,2017/1/25,330400,173bc65d-7fc6-45cf-860f-2c98c76301e7
浙江省,0000002200000038000000070000000X,3.35,2018/6/25,330000,619e02a7-8bfa-49d4-935a-1b4fb84fc7f0
杭州市,0000001A00000031000000070000000X,5.5,2017/9/15,330100,d2fb4a6b-9a93-487d-9c86-6b433472a1ea
浙江省,0000001500000031000000070000000X,3.95,2017/7/5,330000,c7ee7cd7-1936-4804-9a63-b70c3cefa12f
温州市,0000000H0000003P000000070000000X,24.33,2018/8/5,330300,a0221301-714f-4af0-8893-173f1afb1682
浙江省,0000001E00000031000000070000000X,7.75,2018/10/5,330000,04e6042f-4b9a-4234-a0e7-3c87c3ab3f4f
浙江省,0000000K0000003U000000070000000X,35.28,2016/12/25,330000,1bc7c822-d46a-4089-9b75-d87d3a747fc2
绍兴市,0000000H0000002T000000070000000X,15.67,2019/1/15,330600,a729c682-bbcc-4630-89ec-e65a329e4656
衢州市,0000001400000031000000070000000X,5.17,2018/11/25,330800,27ecd68c-a467-4f90-a6fd-e18266faee8a
杭州市,0000001400000031000000070000000X,5.5,2017/10/5,330100,0583ee2d-a3bc-4046-936a-d2f7f79d26da
绍兴市,0000002U0000007X000000070000000X,4.5,2017/12/15,330600,d91e3e8b-e01b-4820-afad-6554e1952cfb
绍兴市,0000002P0000007W000000070000000X,2.33,2018/10/25,330600,4922e8e1-53ae-411e-b7e7-73518ac56ea5
金华市,0000000P0000002W000000070000000X,5.33,2018/11/25,330700,3d145a02-67ac-4856-b48d-3a9d0761fd7d
金华市,0000001Z00000036000000070000000X,6.17,2018/3/5,330700,6172a5f4-a37d-4d3f-ae68-f0e5cea9d046
绍兴市,0000000P0000003E0000000700000010,3,2017/6/13,330600,59f65885-9d3c-4f0c-b04c-9454c2455af5
衢州市,0000001400000031000000070000000X,4.83,2017/11/25,330800,2486d527-8bd8-40d1-929a-536755953159
宁波市,0000000J0000003S000000070000000X,32,2018/8/25,330200,3dede177-202d-466c-8ceb-5ffe891f3a81
衢州市,0000000X0000007T000000070000000X,22.67,2017/10/15,330800,ddb7ae83-71d0-4285-a89f-5dc8e6a2e720
舟山市,0000001A00000031000000070000000X,4.67,2017/1/15,330900,5700a9d5-cfcb-4edc-98c8-10b94449567a
舟山市,0000000J0000003Q000000070000000X,40.67,2017/1/15,330900,aa959576-c86f-4288-acd5-a8fbb9ab7fdf
金华市,0000001Z00000036000000070000000X,6.33,2017/11/15,330700,3e630802-3b8a-43d2-9956-bcd3df4684a8
丽水市,0000000S0000002Z000000070000000X,9.67,2018/10/15,331100,e2aa8860-f73c-4763-81ba-85409afd81a2
浙江省,0000001A00000031000000070000000X,6.52,2018/1/25,330000,a7a74207-0a9e-43fb-8fa1-3809b4b50fe6
温州市,0000001K00000031000000070000000X,2.83,2017/1/15,330300,c94f2ed3-0a92-47c9-9fd3-c917e7f04248
湖州市,0000000C0000002Q000000030000000X,57.67,2018/5/5,330500,179239a9-9bc7-48eb-a484-2eaf6702029c
温州市,0000000J0000003Q000000070000000X,50.33,2019/2/5,330300,f75b5a34-01b5-4e14-8449-322b27524449
浙江省,0000001A00000031000000070000000X,5.72,2019/1/25,330000,eb78c2ed-c961-43f7-b2d9-3afa67103de5
宁波市,0000002U0000007X000000070000000X,4.6,2018/7/25,330200,5d4ee70a-4507-4eaa-aefd-b3fab1b9668b
绍兴市,0000001400000031000000070000000X,3.17,2017/6/15,330600,5d5be25c-52e6-4745-930d-3c9d25b5160b
温州市,0000001E00000031000000070000000X,5,2017/10/15,330300,3681d7a3-0742-4eeb-a9d7-11a122e4e51f
丽水市,0000001200000031000000070000000X,2.83,2018/7/25,331100,79d118bd-c09c-426f-b86f-3d8a3e008bfd
温州市,0000000M0000003V000000070000000X,14.67,2017/4/25,330300,c39edebc-b905-4a51-bede-897e5dc222f7
衢州市,0000001K00000031000000070000000X,2.67,2017/1/5,330800,5b136870-da85-4794-8760-40c79985cdb4
湖州市,0000003100000081000000130000000X,77,2017/6/5,330500,3072dd20-c6ed-41c3-af36-66c06a809721
温州市,0000003100000081000000130000000X,63,2017/9/5,330300,665d8b6c-b447-43b3-a0ec-6d058f0eb1e3
衢州市,0000001700000031000000070000000X,2.67,2017/7/15,330800,d60e735b-c52d-4317-95d2-737d41407368
杭州市,0000001700000031000000070000000X,2.83,2017/3/15,330100,abc9691e-f6e8-4c62-a425-842e914193bb
湖州市,0000003100000081000000130000000X,72.6,2018/12/25,330500,833641a8-9438-419e-9c88-b21f5d8635de
湖州市,0000000K0000003U000000070000000X,0,2019/1/5,330500,68516776-6ffb-4b28-8040-8b32c6f631c8
湖州市,0000001200000031000000070000000X,3.83,2017/4/25,330500,e66edfef-405b-44e2-8bf0-5006e505507f
绍兴市,0000000M0000003V000000070000000X,9.5,2018/8/5,330600,33dc2923-296f-4e2f-b1f4-896577fab520
舟山市,0000000M0000003V000000070000000X,13.67,2017/4/15,330900,5b2def10-fb5f-4d38-bce5-738c10350d4a
嘉兴市,0000000S0000002Z000000070000000X,8.33,2017/2/15,330400,28be445c-273d-44b2-8a97-8faee03b752d
金华市,0000001K00000031000000070000000X,3.5,2017/9/5,330700,810a4631-a6be-429b-aabe-641dd41dca10
绍兴市,0000000C0000002Q000000030000000X,57.67,2018/3/15,330600,f140f8e4-4d60-44a3-9d08-52f94f280f94
丽水市,0000003100000081000000130000000X,84,2017/4/15,331100,b0f55c23-11c2-4a41-a5f9-585f4197e4c1
金华市,0000000M0000003V000000070000000X,13,2018/12/5,330700,1d8fc66c-b54e-4b84-b576-59343050000f
温州市,0000000K0000003U000000070000000X,48,2017/5/15,330300,e12ae825-05de-44b5-b4f7-424873673f7a
衢州市,0000001200000031000000070000000X,2.67,2017/6/5,330800,1ab40919-3ee5-4806-87f7-1f6283e548f0
杭州市,0000001500000031000000070000000X,4.23,2017/7/5,330100,8ab42a11-7472-49d5-8114-8254929422b7
绍兴市,0000001400000031000000070000000X,5.5,2018/1/5,330600,b4c9e8f7-6d68-46ed-90e8-2fa01636bf13
丽水市,0000000P0000002W000000070000000X,6,2018/9/25,331100,c46be179-b3e4-43ca-9ed8-38ef83bb648d
丽水市,0000000H0000002T000000070000000X,14,2017/11/25,331100,01f56bb9-e784-4caf-b295-44e722f0ae78
衢州市,0000001A00000031000000070000000X,5.67,2018/7/25,330800,141c326a-6607-4cdc-87bd-4dc6e255975d
嘉兴市,0000000Z00000031000000070000000X,4.67,2018/12/25,330400,24bb5209-3f6f-4a43-9e61-cf34fd84213f
杭州市,0000002P0000007W000000070000000X,3,2018/5/15,330100,d6a1a792-cbca-4301-93ce-2f538dff7cb6
湖州市,0000000K0000003U000000070000000X,0,2017/4/25,330500,3896704a-2624-45f6-9fd8-fc67f7b16755
宁波市,0000000J0000003Q000000070000000X,43.33,2018/10/5,330200,8e8babcc-31aa-430f-a284-d686de220874
衢州市,0000001E00000031000000070000000X,3.67,2017/2/15,330800,1148e40c-248f-4cfb-9090-c284d7819a36
浙江省,0000000D0000002R000000030000000X,43.31,2018/11/15,330000,1da3b26e-7fc6-477c-bab9-a91096324fd3
宁波市,0000000G0000003F0000000700000010,10.47,2017/8/8,330200,861b49fc-7790-45fd-a63c-4e5fbaf7dcbc
舟山市,0000000Z00000031000000070000000X,5,2017/10/5,330900,923dd132-1c15-4f0f-8b99-cd0bb0f61363
衢州市,0000000S0000002Z000000070000000X,9.5,2017/11/15,330800,3ca2a7d6-d996-4dfa-bbe8-d00ca3bae635
舟山市,0000000G0000003F0000000700000010,10,2017/10/10,330900,055101a4-f98c-487d-bb3f-e1e0a85e2336
台州市,0000000H0000002T000000070000000X,11.5,2018/5/15,331000,f0e34715-076a-4c16-9ddf-5867a7c5cdfd
舟山市,0000000H0000003P000000070000000X,25.33,2019/1/5,330900,f13074ed-4fdf-4420-a0ef-edce37bb94a8
宁波市,0000000H0000002T000000070000000X,16.17,2017/4/25,330200,9d945a85-a10f-46bd-9ae1-6e2bbdd8987d
浙江省,0000000H0000003P000000070000000X,21.59,2018/4/5,330000,e6c7f321-8704-4dea-947c-e679c31c5cc2
湖州市,0000001K00000031000000070000000X,4.83,2017/9/15,330500,e9457d97-c641-4240-905f-af6685357497
宁波市,0000000D0000002R000000030000000X,41.5,2018/9/25,330200,873cda6d-b577-42c7-b8b3-5fe0c597e010
金华市,0000001Z00000036000000070000000X,5.5,2017/1/25,330700,285ca2c1-e3e8-4424-9b18-688a2a5e81da
舟山市,0000000Z00000031000000070000000X,3.67,2018/3/15,330900,e4e8d297-79c0-4cb4-aae0-40a1bea91031
金华市,0000000H0000003N000000070000000X,10.83,2018/7/15,330700,8a9144cf-fb52-4960-9178-75247cc1354f
金华市,0000000J0000003S000000070000000X,36.67,2018/10/25,330700,d8ec40f4-cc56-4b92-9811-0334ffd65384
湖州市,0000000M0000003V000000070000000X,17.33,2017/5/5,330500,f57edb34-acd9-46d5-b0da-39a279a5b6f5
舟山市,0000000H0000002T000000070000000X,15.33,2017/11/25,330900,1191bcde-07d0-4b9c-bab6-a7915dedc045
宁波市,0000000X0000007T000000070000000X,38.83,2016/12/25,330200,4b605510-145b-4b9f-9c4f-d6203dd8ff9e
宁波市,0000003100000081000000130000000X,138.33,2018/8/5,330200,0992a310-f0d8-4657-ac7e-dfdd4a2abb79
宁波市,0000001K00000031000000070000000X,3.33,2019/1/15,330200,3af7b94b-25c3-4337-8890-6ca7ebb72166
湖州市,0000003100000081000000130000000X,74.2,2018/3/5,330500,8b284973-9e6c-435a-9b55-8f7456c95159
浙江省,0000000G0000003F0000000700000010,11.7,2018/10/30,330000,b42d5cf9-6c64-412b-9e6d-44bf8fff6249
丽水市,0000001500000031000000070000000X,5.5,2017/1/25,331100,c63f00d1-31d7-4482-b3b9-f2ba8794925b
绍兴市,0000000P0000003E0000000700000010,5.3,2018/2/20,330600,77d3bab9-5d3a-48ba-bb9b-c35508282f5f
浙江省,0000001Z00000036000000070000000X,6.09,2017/8/5,330000,2e72b970-e761-4d38-a0e6-560a077dc261
嘉兴市,0000000Z00000031000000070000000X,5.5,2019/2/15,330400,324c3c6e-022c-4958-b70c-34ded6e06401
湖州市,0000000S0000002Z000000070000000X,9.33,2018/2/15,330500,bbcddcc2-b102-4e14-92dc-37033e8af657
杭州市,0000001700000031000000070000000X,2.83,2017/12/25,330100,3aa44f60-0fbd-4d94-a526-c04ced99f3ea
衢州市,0000001E00000031000000070000000X,4.17,2018/4/5,330800,be7003e3-5795-4b10-80fb-729845671906
湖州市,0000000H0000003N000000070000000X,12.33,2018/7/15,330500,4d746d5d-97de-4d7b-863a-8b6f6c542177
台州市,0000000P0000002W000000070000000X,5.57,2017/12/25,331000,bdaa41ef-7e9e-4dd6-9618-822eee79b730
宁波市,0000003100000081000000130000000X,138.33,2018/10/15,330200,539abe9f-064b-49f1-8728-f673efa1ae3b
杭州市,0000000D0000002R000000030000000X,46,2017/8/15,330100,a163c8eb-ccba-4cf1-8488-7391de70b10c
衢州市,0000000K0000003U000000070000000X,33,2017/10/15,330800,1b7d2393-b18a-4275-9d83-5e30b26ec65d
衢州市,0000000P0000003E0000000700000010,2.5,2017/5/16,330800,6a3a07d8-6122-43c9-89e5-5d03b7d4a7b5
衢州市,0000001K00000031000000070000000X,2.83,2017/12/15,330800,0f79d625-3616-4859-bc2a-734387002c9f
湖州市,0000000G0000003F0000000700000010,9.5,2017/11/7,330500,be12ba77-3b25-466f-90ca-b21afd769c73
台州市,0000000P0000002W000000070000000X,4.33,2017/6/25,331000,65dcbb6f-ad45-4e25-840c-f6e02d3394b5
温州市,0000000H0000003P000000070000000X,24.33,2018/7/25,330300,050782da-115d-4f27-bf50-fa3aa5194cd8
湖州市,0000002P0000007W000000070000000X,3.89,2017/7/15,330500,e2b5bf6a-e152-4689-8a2b-1b15d275a0f2
舟山市,0000000H0000003P000000070000000X,25.67,2017/4/15,330900,f66868aa-16a1-4645-a695-b84fa0f0e4db
宁波市,0000000J0000003S000000070000000X,32.83,2018/11/15,330200,f05e46a7-bdcf-4104-be64-ed47b8361f9d
台州市,0000002200000038000000070000000X,3,2018/2/25,331000,08841ebd-bfd8-4e3b-9f70-72cbd7e00d99
浙江省,0000000M0000003V000000070000000X,12.7,2019/1/15,330000,e3be3ea8-1590-42f3-bda1-fc872bfa0d9d
嘉兴市,0000000P0000002W000000070000000X,3.63,2017/5/5,330400,b49e0638-2b53-47e2-a3f7-e0856ca10f17
绍兴市,0000000G0000003F0000000700000010,10.05,2018/1/30,330600,90a605ba-b6f9-4e50-8e8b-265ff7754060
绍兴市,0000000P0000003E0000000700000010,4.4,2017/8/29,330600,7009c469-12d1-48b9-924f-cd6d0ef9cdaf
台州市,0000000C0000002Q000000030000000X,63.33,2019/3/5,331000,4cf0f50c-9780-4127-9903-e65782adb988
杭州市,0000000C0000002Q000000030000000X,62.67,2018/1/25,330100,8c15ff1b-ab9b-4452-8914-ea62b0d5a578
嘉兴市,0000000H0000003N000000070000000X,15,2017/6/15,330400,a16d4f7d-23e3-4727-8bd7-6ab18028dcdd
衢州市,0000000H0000003N000000070000000X,12.67,2018/3/25,330800,d95da55c-61e5-4688-b240-27fdaff4bbe1
绍兴市,0000003100000081000000130000000X,66,2018/4/5,330600,b5cfc15f-3d06-4307-a62f-1ec3ba1ae3ec
舟山市,0000000J0000003S000000070000000X,34.33,2017/1/15,330900,d0523a63-e88c-41d6-921e-b10971973389
金华市,0000002200000038000000070000000X,3.17,2018/5/5,330700,27a4f2b7-ad65-47ef-b3a8-f54075f8d107
舟山市,0000000D0000002R000000030000000X,44.97,2018/8/5,330900,2cdafdfa-c301-4d18-9ea4-a1bf76181519
金华市,0000002U0000007X000000070000000X,4.17,2017/12/25,330700,ab46158f-de24-401e-ade0-f3e4f27b677c
温州市,0000001200000031000000070000000X,3.5,2016/12/25,330300,3131a2d9-cb4d-4071-baf3-2b970d06776c
温州市,0000001700000031000000070000000X,3,2019/2/5,330300,ac4e5aa0-a728-4da6-929f-290e77ef20c1
宁波市,0000000P0000002W000000070000000X,4.67,2017/7/25,330200,7910502d-1288-4b90-a6ff-8ce9a168f759
嘉兴市,0000000D0000002R000000030000000X,35,2018/5/5,330400,9c5f59f7-f856-48e5-a14a-b4147d5fe412
温州市,0000000H0000003P000000070000000X,25.33,2017/3/25,330300,389d3f88-a11e-4493-9313-5ea81c4dab6a
金华市,0000002U0000007X000000070000000X,3.93,2018/12/25,330700,47fdb868-a536-43e7-b55a-7fd3e0cfbe98
湖州市,0000000J0000003Q000000070000000X,39.67,2018/12/5,330500,9b68da87-01ee-49e4-88f6-00310b1ae58b
湖州市,0000002200000038000000070000000X,4.27,2017/3/15,330500,e2ed4fb7-926b-4db3-99cc-b1971d4e27c5
湖州市,0000001K00000031000000070000000X,3.33,2018/11/15,330500,caa440cd-0c9f-4457-b21f-1c38c22cbc0b
湖州市,0000000C0000002Q000000030000000X,57.67,2018/10/5,330500,a4a9cd3b-5e11-443a-8468-3167a34633b3
宁波市,0000000H0000003N000000070000000X,14.57,2017/5/25,330200,efb4d564-f6a8-41fe-ae62-7db007fb0334
杭州市,0000000J0000003S000000070000000X,36.17,2018/1/25,330100,92c6b7e5-3756-4ae1-a798-05a65eda69fd
绍兴市,0000000P0000003E0000000700000010,4.3,2018/5/29,330600,739d33fa-6873-4dee-9203-e3586d72213c
湖州市,0000000P0000003E0000000700000010,4.3,2017/10/17,330500,992fc991-4685-4a83-a883-eb6b64803074
宁波市,0000001K00000031000000070000000X,3.83,2018/6/5,330200,f0b5ac09-6436-4e4c-a506-a122a5015719
台州市,0000000H0000003P000000070000000X,25,2018/2/25,331000,46d5ef3f-3e69-4fd3-a4e0-17780b741b51
宁波市,0000000X0000007T000000070000000X,42.33,2019/2/15,330200,72f7d26b-feea-4d80-b4f5-e232c47dc9ae
温州市,0000000P0000002W000000070000000X,6.17,2018/10/5,330300,93d8c524-ff21-4a1f-befb-6333f478baaa
台州市,0000001K00000031000000070000000X,3,2017/10/5,331000,478c36e5-afe7-4e76-aac5-75738a4c9726
杭州市,0000001A00000031000000070000000X,5.33,2017/11/15,330100,797233ea-043f-4f47-ab8d-0d4f6b6cbd70
宁波市,0000001Z00000036000000070000000X,6.6,2017/5/5,330200,2c6e4fce-4524-4a35-ade3-cba15bc11d94
金华市,0000001500000031000000070000000X,4.83,2018/9/15,330700,f25e16c4-6cf9-47c9-941f-7725731bbc79
丽水市,0000000K0000003U000000070000000X,33.67,2017/7/25,331100,a17bd73a-0eee-42bf-bf1a-edc0419ac1a0
浙江省,0000000D0000002R000000030000000X,43.94,2017/7/5,330000,a2177803-e9fa-49eb-8d43-21d6d89a7571
台州市,0000000H0000002T000000070000000X,15.33,2018/12/5,331000,8c1b312b-21be-43f3-b8e4-88ed0e52c928
浙江省,0000000P0000002W000000070000000X,5.32,2017/11/5,330000,50ba6758-dc32-4954-8914-8e9f324d5e69
湖州市,0000001200000031000000070000000X,4.33,2017/3/25,330500,cf141ff0-8311-4c49-b74a-330200eb6768
温州市,0000001400000031000000070000000X,6.67,2017/5/5,330300,539d8bbb-4865-45fd-8309-4c711d9beb35
丽水市,0000000P0000002W000000070000000X,5.67,2018/1/5,331100,f93ec5ee-eb1e-4607-9b1b-791a73f3301f
浙江省,0000000S0000002Z000000070000000X,9.27,2018/2/5,330000,c297dba7-7dbf-4d2e-966d-679845e21c0b
宁波市,0000000J0000003S000000070000000X,32.33,2018/3/25,330200,ee7272f0-15d5-490f-ad71-f5194c4d0275
湖州市,0000000P0000003E0000000700000010,5,2019/1/29,330500,33b67a8e-3d1d-4263-a915-f9c68a72accb
嘉兴市,0000000J0000003S000000070000000X,32.33,2017/2/5,330400,61ef7ad7-9e43-4bd1-83e8-187381860ee2
金华市,0000001700000031000000070000000X,2.67,2018/8/15,330700,ac9a3db1-0991-498b-991e-76cb61b5710b
温州市,0000001K00000031000000070000000X,3,2017/4/5,330300,6c4dfd0f-992d-4177-85b9-50d2336b6267
湖州市,0000001K00000031000000070000000X,5,2018/10/15,330500,d96319ee-2cf6-43a3-9960-861fabb6925b
温州市,0000000S0000002Z000000070000000X,9,2017/2/5,330300,6709b2af-20a2-43ff-b266-815845a4a7ae
绍兴市,0000002200000038000000070000000X,2.6,2017/9/15,330600,e7326b21-2198-4986-93da-04c00652fe77
温州市,0000000K0000003U000000070000000X,48,2018/7/25,330300,b828a151-0312-4643-a82b-a606b02444a8
嘉兴市,0000001500000031000000070000000X,4.67,2017/11/15,330400,d77cc91b-4e7e-4033-8911-242c95f7448b
绍兴市,0000000P0000003E0000000700000010,4.6,2018/8/7,330600,9fc15bee-edf8-42f3-9bdc-dcfcf735bd7b
金华市,0000000G0000003F0000000700000010,11.8,2018/9/18,330700,1414997f-6bbb-4ddd-9f8d-4d98ffa0debf
舟山市,0000001400000031000000070000000X,4.67,2017/10/5,330900,de20fdbf-21d8-4420-ae08-594dde5d32e2
舟山市,0000000M0000003V000000070000000X,14,2018/1/5,330900,f81116af-8608-4184-8bbb-89809b7532fd
湖州市,0000000Z00000031000000070000000X,3.17,2017/4/5,330500,6384e273-f635-4093-b66a-487bbe39f10b
杭州市,0000001500000031000000070000000X,4.5,2018/1/15,330100,bfebba42-2534-4add-93db-e0836b1f9c86
温州市,0000000X0000007T000000070000000X,50,2017/4/5,330300,a7cbc657-6d5f-40e0-acad-eb207883ce44
杭州市,0000000J0000003S000000070000000X,35.67,2018/6/25,330100,8068ecc4-8b2b-442e-9fd4-3713b83c2854
金华市,0000000G0000003F0000000700000010,10.4,2017/5/2,330700,ceef214f-cec4-4356-a87c-2368b54e7930
杭州市,0000002P0000007W000000070000000X,3,2019/1/15,330100,652286aa-a2f4-425b-994a-7a55af330bcf
温州市,0000000P0000003E0000000700000010,2.85,2017/4/25,330300,9f083234-1cdf-47a5-a5d1-311ab594790d
浙江省,0000000G0000003F0000000700000010,9.8,2017/5/9,330000,ecaf5965-d0af-474d-888c-57adc1b326d1
宁波市,0000000X0000007T000000070000000X,39.67,2017/11/25,330200,9a111e9a-493d-448d-8578-5dfe9f606f9a
绍兴市,0000001400000031000000070000000X,6.33,2018/12/25,330600,2d90fa21-a10b-42bd-8c95-7c204b763b43
金华市,0000002U0000007X000000070000000X,4,2018/7/5,330700,7e2f3595-3d8e-4f05-b71c-db6698c17957
金华市,0000001200000031000000070000000X,4.33,2018/9/5,330700,0579a408-177b-4b4e-a9b0-4bbeb3881235
衢州市,0000000H0000002T000000070000000X,22.67,2018/10/5,330800,90b38b84-0b1f-489e-aad1-bbb7b4fd9008
嘉兴市,0000000D0000002R000000030000000X,35.33,2018/6/5,330400,2b4a4e3a-eb8d-45fe-a764-b4ffedd099be
温州市,0000000C0000002Q000000030000000X,60,2017/8/15,330300,8c51295d-d5f9-40c8-915e-fa882f1a132b
台州市,0000000J0000003Q000000070000000X,38.33,2017/5/15,331000,b376b21e-9f2d-414e-ace3-538cc5dc3523
金华市,0000000H0000003P000000070000000X,21.33,2019/1/5,330700,adfa2d5f-f221-47aa-948b-8d73df7f346c
嘉兴市,0000000S0000002Z000000070000000X,10.17,2017/9/15,330400,d9a2be72-7f45-4567-ac98-193806e7fd8a
金华市,0000000P0000002W000000070000000X,5.27,2018/12/15,330700,68cb50b0-de00-4473-bfb5-3c6a6d846e7b
绍兴市,0000001A00000031000000070000000X,5.33,2018/10/15,330600,7cd62d0d-0ce6-4578-8435-43381cc723d2
舟山市,0000000S0000002Z000000070000000X,11,2017/2/25,330900,a9b39db1-f09a-489b-a667-a045beee1ce8
浙江省,0000000H0000003P000000070000000X,20.8,2018/5/15,330000,990862c0-baed-4347-8dfd-51a3cf78716f
温州市,0000000G0000003F0000000700000010,9.63,2017/12/19,330300,65d731a5-73ce-4d34-ace1-9115f718a9fd
嘉兴市,0000002P0000007W000000070000000X,3.3,2019/3/5,330400,c3e52b10-3584-4594-8b75-65cfc8ca5aee
湖州市,0000002P0000007W000000070000000X,3.89,2017/6/5,330500,ecc81d80-bade-4aca-8e7b-ac336386a2f0
绍兴市,0000001Z00000036000000070000000X,4.83,2018/9/25,330600,9a1ffb0f-bd3f-4f7a-8706-b49034c3be38
衢州市,0000000J0000003Q000000070000000X,45,2019/2/15,330800,f1e08cca-daa6-4ce6-959a-0ecee7e5da88
湖州市,0000000S0000002Z000000070000000X,9.17,2018/12/25,330500,151ae07e-d065-41ad-84dd-6a1364ad4187
舟山市,0000000C0000002Q000000030000000X,50.3,2018/8/15,330900,9fa25a61-6bc2-43ba-8863-01c2ef08cc2c
绍兴市,0000000J0000003Q000000070000000X,40,2017/5/5,330600,546befa0-87f3-42f4-b91f-ff58141ac05d
衢州市,0000001A00000031000000070000000X,12.33,2019/2/5,330800,53665957-349e-4a77-ad86-23cd254f6c0c
舟山市,0000000P0000002W000000070000000X,5.67,2018/8/15,330900,8c2f2869-ec6a-4db5-8fec-68ad28102119
杭州市,0000002200000038000000070000000X,3,2018/1/15,330100,050fa7c8-75aa-4b28-bd18-17f55d8709f4
杭州市,0000001Z00000036000000070000000X,6.43,2018/8/5,330100,df7b795a-8eba-4e7e-87db-3e2f24fccead
湖州市,0000001K00000031000000070000000X,3.33,2017/4/15,330500,b71bd125-7761-47c6-a497-15ba570a7d14
台州市,0000000H0000003P000000070000000X,24.33,2017/8/5,331000,fb075733-4c89-460b-826a-1942758dff8d
绍兴市,0000000P0000003E0000000700000010,3.8,2017/1/24,330600,17893146-a507-454b-95bf-7037ae80294e
绍兴市,0000001K00000031000000070000000X,2.5,2017/4/25,330600,8de01dc0-c97a-4616-a0da-cd14702114e3
宁波市,0000000P0000002W000000070000000X,5.57,2017/11/25,330200,adcd329b-51de-4d57-a28c-dd421d3d66f5
宁波市,0000000M0000003V000000070000000X,15,2017/9/15,330200,88d7cec1-44cb-46b0-b5ed-7b0d7064f28d
浙江省,0000000K0000003U000000070000000X,36.06,2018/7/15,330000,421dac40-f443-4e9f-958c-584df43c6fb2
宁波市,0000000S0000002Z000000070000000X,8.73,2017/4/25,330200,d469c43b-0ebe-4436-bc9f-9e154305b5db
温州市,0000002P0000007W000000070000000X,2.33,2017/9/25,330300,a095c87c-e722-4bfc-a3d7-a2a133b335cf
金华市,0000002U0000007X000000070000000X,4.1,2018/2/5,330700,948bda4c-e617-4c6a-8e61-7e1d672c791f
宁波市,0000000H0000003N000000070000000X,14.83,2017/5/15,330200,d56960df-39af-44bf-8252-bb24d7e92225
绍兴市,0000002200000038000000070000000X,2.67,2017/4/15,330600,b1f71821-4ecc-4064-b70e-4fa10f72aae3
丽水市,0000003100000081000000130000000X,84,2019/1/25,331100,25e5e8af-db7b-4f11-b30c-00593850f8a4
舟山市,0000001E00000031000000070000000X,5.67,2017/7/5,330900,91556dc9-d8c5-44b6-970c-085f59d36c98
丽水市,0000000H0000003P000000070000000X,21,2019/2/15,331100,05081357-8581-4af1-9671-946307d6ae9f
杭州市,0000002U0000007X000000070000000X,4.27,2017/4/15,330100,49c44272-8cb0-44fa-8ec1-455d9574d6ff
台州市,0000000G0000003F0000000700000010,9.2,2017/10/3,331000,f0bac2d7-a9a0-4f7b-b42a-9077e4299205
台州市,0000000G0000003F0000000700000010,7.3,2018/6/12,331000,9cca0916-eea6-41c7-91ec-63e38dcda51d
台州市,0000000S0000002Z000000070000000X,10.33,2017/8/25,331000,8ce09421-ba2c-4656-aa02-1b33f33ce859
衢州市,0000000P0000002W000000070000000X,6.33,2018/9/5,330800,5e08eea3-f73f-4be7-9829-3deda3a55e21
衢州市,0000001700000031000000070000000X,2.5,2018/6/15,330800,68c7ded8-d8bc-4d45-b661-ce73817d40b1
台州市,0000000J0000003Q000000070000000X,38.33,2018/8/5,331000,bce187a2-1013-4f30-bd17-f0b7684a0feb
嘉兴市,0000001K00000031000000070000000X,3.33,2018/11/15,330400,e58a4920-9792-4c0a-916b-101f1f408d69
衢州市,0000000Z00000031000000070000000X,2.67,2017/4/25,330800,48c7c754-8cf3-4e3b-bff0-f1186e4fad52
浙江省,0000001500000031000000070000000X,4.64,2017/4/5,330000,799084de-10b8-41b8-85ab-a9399605282f
湖州市,0000000P0000003E0000000700000010,4,2018/7/3,330500,1b4462a0-9962-4c90-bcd2-dfc1b85eb283
宁波市,0000000K0000003U000000070000000X,34,2018/6/15,330200,a79b418b-a4ba-4ac1-a4b9-35c46f87823d
嘉兴市,0000001700000031000000070000000X,3.17,2018/3/5,330400,351600ff-becf-4330-b00e-9550bf41d5ed
宁波市,0000001700000031000000070000000X,3.07,2017/2/25,330200,bfbfa656-bd1d-4861-9a06-aaeb6fed31c6
湖州市,0000000S0000002Z000000070000000X,8,2017/3/25,330500,c63870ba-20c4-4bb5-9e88-4835957424f4
舟山市,0000002200000038000000070000000X,4.17,2017/3/5,330900,8d4c9ed4-09a1-4206-b962-735e161440b2
舟山市,0000002P0000007W000000070000000X,3.1,2017/9/5,330900,f43c8b30-5594-4c92-b34f-f7937ff13e3a
舟山市,0000002P0000007W000000070000000X,3.33,2018/10/25,330900,8aaea19a-f1f7-48ae-b382-ed43b39db168
浙江省,0000001Z00000036000000070000000X,6.09,2018/10/5,330000,1eae1b5d-fffd-450b-aead-adfeccaf6f94
金华市,0000001400000031000000070000000X,5.33,2017/2/15,330700,03dd2c0a-d944-4ee9-81fb-a79abb82fa08
温州市,0000000S0000002Z000000070000000X,9.67,2017/10/5,330300,ae1c9f99-52ca-47b5-bf0e-a2ea50db0d25
金华市,0000002P0000007W000000070000000X,3.9,2018/3/25,330700,716bdc4a-0fe4-4f72-aa23-a6ed82f5f4ce
台州市,0000000D0000002R000000030000000X,38.67,2017/10/15,331000,6f4648d7-5a6c-40e4-9e6f-e49817454de4
绍兴市,0000000H0000003N000000070000000X,15.33,2018/11/15,330600,ebc31895-0fef-4bfd-b9e5-b4d44cbf21d2
台州市,0000000S0000002Z000000070000000X,10,2018/8/15,331000,67abc2dc-cedc-4438-9737-6b6b670f654d
台州市,0000000H0000003P000000070000000X,22,2018/6/25,331000,64879553-e313-48f0-a7be-bbc956443597
嘉兴市,0000002P0000007W000000070000000X,3.2,2018/8/5,330400,c427fb2e-da6b-47b5-b6ef-b6114410333c
台州市,0000000M0000003V000000070000000X,10.67,2018/8/5,331000,a04655ea-a61d-44c8-bdcd-5d4e1a81ce06
嘉兴市,0000002P0000007W000000070000000X,3.2,2017/4/15,330400,e8078428-8348-4a40-a88e-4b6d1c9d01dd
舟山市,0000000H0000003N000000070000000X,15.33,2017/8/25,330900,b7dd1a6f-0e63-443d-9ecf-980240f3d52f
杭州市,0000001Z00000036000000070000000X,6.43,2018/8/15,330100,2e6eebb4-0bff-4a11-8e13-e97cc42044f1
湖州市,0000000H0000003P000000070000000X,18.67,2017/3/25,330500,53b8ea7f-1e7c-4560-a8b0-15c849fd2c49
舟山市,0000001200000031000000070000000X,4,2018/5/5,330900,f7071ed4-10a4-4885-8c61-981c38f03c80
台州市,0000001700000031000000070000000X,2.17,2017/9/25,331000,3d841e5a-fac2-4a59-a4ac-5ddb34ee5e7f
舟山市,0000001200000031000000070000000X,4.33,2017/12/15,330900,74c81584-6ac4-4fdc-8f5d-d887ee500c74
浙江省,0000000X0000007T000000070000000X,35.25,2017/9/25,330000,a0955aca-76dc-4772-b2b2-05c321826461
绍兴市,0000000C0000002Q000000030000000X,60,2016/12/25,330600,632d332b-5be0-4d65-8b40-c6992afea42e
衢州市,0000000S0000002Z000000070000000X,8.5,2018/12/25,330800,3b23b2a1-d532-474a-9d27-2e88ae32cb7b
丽水市,0000002U0000007X000000070000000X,4.66,2017/5/25,331100,d07823b3-4be1-4ecb-aee2-ad37501e5734
嘉兴市,0000001500000031000000070000000X,4.67,2017/11/25,330400,f053c112-9ba4-4457-a16a-ea104613d2a2
舟山市,0000001K00000031000000070000000X,3,2017/4/5,330900,5b50244b-2e57-4365-8d62-373af9c89b5a
浙江省,0000000C0000002Q000000030000000X,63.85,2018/8/15,330000,75bb0e07-c2b8-497c-b95d-e9223bf2a9ad
浙江省,0000000J0000003Q000000070000000X,39.56,2017/8/15,330000,7598ef6e-5735-4288-8f2c-cedd624fffee
温州市,0000000J0000003Q000000070000000X,48.67,2018/11/15,330300,ebd28aba-b2d4-471e-9517-405942b1f414
衢州市,0000000P0000003E0000000700000010,4.65,2018/12/4,330800,2eeb1d78-e338-4bd9-9243-045bc553e1cf
浙江省,0000000P0000002W000000070000000X,5.59,2018/1/5,330000,efad847c-f66b-4905-98c1-1cae77d03ffa
绍兴市,0000000X0000007T000000070000000X,48.33,2017/5/15,330600,e4f2886e-257c-4138-b2ff-50d43bb329fd
宁波市,0000002200000038000000070000000X,3.6,2017/2/15,330200,c7b5f099-c1db-4160-bfc3-a3e3eccb4a75
浙江省,0000001Z00000036000000070000000X,5.85,2016/12/25,330000,5a343cc1-9cff-4405-afa2-f2ee4a03ad2b
温州市,0000001E00000031000000070000000X,3.67,2017/5/15,330300,51485fd4-a509-4875-8ea6-c0f2aee91db9
浙江省,0000002200000038000000070000000X,3.49,2017/5/25,330000,015de18b-6054-4da3-a9c5-f15521bd9255
温州市,0000001400000031000000070000000X,5.33,2018/7/5,330300,02032245-97f7-4df1-90f4-b8090293c4f5
金华市,0000000G0000003F0000000700000010,9.8,2017/12/5,330700,111953c7-2ce1-4897-88b3-7171e5dfe605
嘉兴市,0000000C0000002Q000000030000000X,69.33,2018/9/5,330400,872dc453-4f75-408b-b295-927946b00d5a
浙江省,0000001700000031000000070000000X,2.63,2017/7/15,330000,728a0ac1-6102-42cd-8030-1f2f45e63e6f
台州市,0000000J0000003S000000070000000X,34.33,2018/9/5,331000,11324875-eac0-4fe7-be8a-bf17f72a7f4e
温州市,0000000S0000002Z000000070000000X,9.33,2018/11/5,330300,cd70748f-fd08-4576-bc5c-6f91dfe112ed
浙江省,0000000H0000003P000000070000000X,22.12,2017/6/5,330000,3b45950d-054c-446f-8e64-c4bbf1542a5c
宁波市,0000001400000031000000070000000X,6.4,2017/12/15,330200,67b2e561-464b-414e-8e2c-03d1ed912a64
浙江省,0000000M0000003V000000070000000X,13.16,2018/2/25,330000,66f7cff5-70bc-4d1a-8ef6-4b69dca68907
杭州市,0000001K00000031000000070000000X,3.3,2017/8/5,330100,e65be466-7a64-4927-a595-274d1f0fc87e
舟山市,0000001E00000031000000070000000X,5.33,2017/10/25,330900,45d79486-b511-46bf-b0f0-6fe33519ff06
丽水市,0000001A00000031000000070000000X,5.33,2017/1/25,331100,7ec9426f-ebe8-4f15-a092-348104aec7f6
绍兴市,0000000G0000003F0000000700000010,7.35,2018/6/5,330600,b02efd2b-7d5d-4cf1-a890-5c24cb72e0c7
绍兴市,0000000G0000003F0000000700000010,10.33,2017/4/18,330600,ad55ebef-d264-4e48-bfca-e0cef28f70da
衢州市,0000001Z00000036000000070000000X,5.33,2018/1/25,330800,2f9019dc-a907-4bbe-ae2a-e2dbf5c31c1d
丽水市,0000000H0000003P000000070000000X,19,2017/7/25,331100,ac2965c4-3491-4188-aab2-ad21a5268f9b
丽水市,0000000P0000003E0000000700000010,5,2017/12/19,331100,59c54b7f-5012-4672-afa7-faaa82be1ca3
温州市,0000001700000031000000070000000X,3,2018/2/5,330300,af8b9307-d7de-4d26-9d48-b3344e583137
丽水市,0000001E00000031000000070000000X,2.5,2017/2/15,331100,aac2647c-f085-42cf-8e36-527692a3f7ee
宁波市,0000000D0000002R000000030000000X,45.27,2016/12/25,330200,fe5dfc96-655a-4505-a69d-d376fda4aa13
绍兴市,0000000Z00000031000000070000000X,5.5,2017/8/15,330600,65a29bc2-bea7-4e35-8132-6f519e69a798
衢州市,0000000K0000003U000000070000000X,35,2017/11/25,330800,484d7a2a-a53a-48f2-b701-2bc0fd3f25e8
台州市,0000000S0000002Z000000070000000X,9.5,2017/4/15,331000,c65ea313-bcca-4ac5-8fac-2f4c3a5d2def
衢州市,0000001400000031000000070000000X,4.67,2017/9/5,330800,76272b8c-b7b5-4bf0-8c46-d9c3ae312951
丽水市,0000000C0000002Q000000030000000X,70.23,2018/11/15,331100,7754b6f8-973f-464b-8e46-6884898132fa
浙江省,0000001200000031000000070000000X,5.02,2018/10/5,330000,7e3613ee-b076-4565-9361-ff3b7236e934
丽水市,0000002U0000007X000000070000000X,4.66,2018/2/5,331100,04e25240-ba7e-4915-baa1-38bf77b0d4fe
宁波市,0000000H0000003P000000070000000X,27,2017/5/15,330200,688bd920-54d6-4e80-b471-947e28f483a0
温州市,0000000P0000002W000000070000000X,4.17,2017/4/25,330300,a16dc5ed-996c-401d-a3ec-13753bbb9020
温州市,0000002P0000007W000000070000000X,2.17,2016/12/25,330300,1db9ebd5-920f-41f1-9fb9-89a5fb650d38
杭州市,0000000J0000003Q000000070000000X,45.33,2019/1/25,330100,db979613-c6c0-4bf8-b8b5-7d897ae25ae9
湖州市,0000000D0000002R000000030000000X,38.67,2017/5/15,330500,d6a0e37d-7434-4c29-b871-54bcd943c0ff
舟山市,0000000J0000003S000000070000000X,33.67,2017/6/25,330900,800809e0-9683-4cec-a9d6-b20f93cf044b
丽水市,0000003100000081000000130000000X,84,2018/8/5,331100,8201943b-da93-48ee-9bd1-677444ca780c
台州市,0000001200000031000000070000000X,3.67,2017/11/5,331000,8ecf0819-eed6-4421-9116-d087ec4ca40d
绍兴市,0000001200000031000000070000000X,4,2018/1/15,330600,453066d2-ca60-403d-8941-408201620221
温州市,0000002200000038000000070000000X,3.17,2017/10/5,330300,ae045f2c-80db-47e0-bf6e-599ef80cefd9
宁波市,0000000M0000003V000000070000000X,14.17,2018/11/25,330200,d5e5ffb5-bfeb-4081-8eb2-6102d455b65a
浙江省,0000000X0000007T000000070000000X,44.77,2018/2/25,330000,7b595c8b-d0e9-4bc6-9165-b9dffe9403bc
绍兴市,0000000H0000003P000000070000000X,24.67,2019/1/15,330600,e04ae3c4-d323-46ab-9c0f-347e44c55344
杭州市,0000000C0000002Q000000030000000X,62.33,2018/9/15,330100,840ed291-5788-4f3d-a126-a9e8144d913a
衢州市,0000001K00000031000000070000000X,3.33,2017/7/5,330800,41b8b3f1-78f2-4e68-87f3-72fe6ef7ed27
嘉兴市,0000002U0000007X000000070000000X,4,2018/5/5,330400,b3710217-c707-4cbb-9d27-80d7b4013f4a
台州市,0000000J0000003Q000000070000000X,41.67,2019/1/25,331000,f51d38b0-56c3-4fa1-b70a-b99a6b816fbd
舟山市,0000001500000031000000070000000X,4.83,2018/9/5,330900,fc137905-c123-4c9a-a8cb-534a7bee38c4
金华市,0000001500000031000000070000000X,3.67,2017/12/15,330700,b842c849-285a-4660-bc50-b9c78cdad041
嘉兴市,0000002200000038000000070000000X,3.83,2017/4/25,330400,1b5df944-a90f-4b4d-98c3-d83fe9d3b4f4
台州市,0000002P0000007W000000070000000X,3.28,2017/5/5,331000,e23332f0-44e2-446e-ac32-9786644046b8
丽水市,0000001K00000031000000070000000X,3.5,2017/2/5,331100,461940ac-b0b5-40c1-8a96-a1ede815c3b3
宁波市,0000000Z00000031000000070000000X,6.83,2018/2/25,330200,e75f4f61-96af-4bf7-9f86-3b9feaf90f3d
丽水市,0000002U0000007X000000070000000X,3.66,2019/2/15,331100,c7a6bb1b-dd27-4f6c-b731-0405b012de4a
宁波市,0000001400000031000000070000000X,8.6,2019/2/5,330200,21e01c7c-4690-4c65-abd2-ab8aa8b0ea5a
嘉兴市,0000000D0000002R000000030000000X,39.33,2018/2/25,330400,fbfd6f66-ddbc-4b59-8082-43bd3532b562
衢州市,0000001K00000031000000070000000X,4.33,2017/10/15,330800,5c0943ae-51b2-4790-afdd-eac4e3d21b50
金华市,0000000J0000003S000000070000000X,35.33,2017/4/5,330700,b6b496f3-de92-4134-acf8-6c2b43c88671
金华市,0000000Z00000031000000070000000X,4.17,2017/10/15,330700,a729166c-938a-4eef-a9e5-f0e7c86f3be7
丽水市,0000000H0000003P000000070000000X,22,2018/12/5,331100,c0757351-a241-4b5f-9618-8c744870d987
宁波市,0000000X0000007T000000070000000X,42.33,2019/2/25,330200,139c4d02-6814-413c-b37f-6e7ccd63127b
丽水市,0000002P0000007W000000070000000X,2.6,2018/3/5,331100,22664f97-6cbc-48ca-be82-f8a51b012797
舟山市,0000000H0000003P000000070000000X,22.67,2019/3/5,330900,52d40510-f5e2-4cd5-9a4f-dee167261211
嘉兴市,0000002U0000007X000000070000000X,4.17,2017/12/25,330400,6859592b-b69c-4dfe-af26-39a9166d704e
杭州市,0000000C0000002Q000000030000000X,62.67,2017/10/5,330100,a3793e9f-9f8f-4890-ba80-46c7f61ebf20
湖州市,0000001400000031000000070000000X,5.5,2018/8/25,330500,92c53611-15ef-4a0a-8d6c-8f4a32469f65
温州市,0000001400000031000000070000000X,6.5,2018/8/25,330300,d58c7f0a-debc-4fdc-908f-cf84d9e0402d
绍兴市,0000000H0000003N000000070000000X,13,2017/7/25,330600,c109352f-88b9-4e1a-826f-55aa57d4d6f6
舟山市,0000001Z00000036000000070000000X,8.17,2019/2/15,330900,0b8e0f6f-f167-4841-98a4-6c757794a780
宁波市,0000000J0000003S000000070000000X,32.83,2018/12/25,330200,48ddd89a-6cda-42a4-bac1-9e7cbd5c0977
舟山市,0000001400000031000000070000000X,4.67,2017/4/15,330900,2ed880a0-bfbf-4058-8546-22a1b9377e8f
温州市,0000001200000031000000070000000X,4,2018/6/15,330300,bb3545f5-5aed-423a-9819-6f22ac63cc40
嘉兴市,0000002P0000007W000000070000000X,3.3,2019/3/15,330400,78a4d66e-3d01-47d9-8ab4-7538a0552a48
丽水市,0000003100000081000000130000000X,84,2017/2/25,331100,58d88568-449c-4a39-a238-b0234f850bbc
衢州市,0000001500000031000000070000000X,4.67,2018/9/15,330800,f9e242cb-ebaf-4419-900a-9b457fc5aa3f
浙江省,0000000H0000003P000000070000000X,22.44,2017/9/25,330000,1cfa5696-ca9c-4fb3-aa1e-e9f626796ce6
丽水市,0000000K0000003U000000070000000X,40.67,2018/11/5,331100,73467ec0-acb9-4eea-9167-a7511db85cfd
舟山市,0000001Z00000036000000070000000X,8.17,2018/9/5,330900,2b4f63b5-6f8d-407b-8ca1-8e0607e199fe
丽水市,0000001200000031000000070000000X,5.67,2019/1/25,331100,56060448-fcad-4b58-b9fc-310d4ceb65dc
金华市,0000000Z00000031000000070000000X,2.33,2017/4/25,330700,118287d3-5c08-448a-8791-3ae4ab2cd619
温州市,0000001K00000031000000070000000X,4.5,2018/2/25,330300,5a76580f-4092-44cf-978d-5c1d7587de3f
舟山市,0000001A00000031000000070000000X,4.67,2017/4/5,330900,76e699a5-cf16-4914-9438-966f090be26a
衢州市,0000000S0000002Z000000070000000X,9.67,2017/5/15,330800,d3a65d2d-a9ed-46f0-b888-175df4f51c69
杭州市,0000001700000031000000070000000X,2.87,2017/3/25,330100,6eab739b-c4c4-462d-881e-091bace3469d
舟山市,0000001200000031000000070000000X,5.83,2018/9/5,330900,5a95bdc7-44c6-4fb0-b51b-4a2aab80a685
宁波市,0000000J0000003Q000000070000000X,38.33,2017/4/25,330200,f7857a7d-5f6b-4858-9607-525aedc9eb34
嘉兴市,0000000P0000003E0000000700000010,4.5,2017/8/15,330400,a3ee460b-f40e-41ad-b9bd-7064bf1ee4bc
衢州市,0000003100000081000000130000000X,93.27,2018/4/5,330800,77b49ba1-1349-4e9b-a250-26dee8946614
台州市,0000002200000038000000070000000X,2.83,2018/1/25,331000,9c994141-fd6e-4b00-93eb-4ba1d9420fa7
浙江省,0000000S0000002Z000000070000000X,9.27,2018/9/5,330000,d0390691-5484-4650-af9a-eb007e9ad453
丽水市,0000001700000031000000070000000X,2.17,2017/1/15,331100,d659a953-9619-484a-9735-4bbc0e770b64
舟山市,0000000D0000002R000000030000000X,44.97,2017/10/25,330900,4b768c8b-875a-4515-82e6-fdc3148bf8ff
温州市,0000001200000031000000070000000X,5.33,2018/9/5,330300,67fd68bc-cf27-429b-a58d-215801e33e61
浙江省,0000001K00000031000000070000000X,3.9,2018/8/15,330000,418f6db3-3c67-4989-905d-469786124ce8
湖州市,0000002U0000007X000000070000000X,3.77,2019/2/5,330500,53c4032a-1399-4342-8ee8-b278ce29b8c7
绍兴市,0000002P0000007W000000070000000X,2.33,2017/10/5,330600,2c846f7e-7afc-416a-84df-5c4d392ee501
嘉兴市,0000000P0000003E0000000700000010,5.33,2019/2/5,330400,a1c26a43-1035-4328-9ab2-aa3aa80fc5cc
丽水市,0000000H0000002T000000070000000X,16.5,2019/1/15,331100,a49d8317-961c-4b3b-abbc-280022fbfd5d
湖州市,0000000G0000003F0000000700000010,11.7,2017/2/14,330500,078dc095-94c9-433e-b044-d1157cc79872
湖州市,0000000H0000003N000000070000000X,15.33,2017/1/15,330500,bd8b0d9c-f010-485f-8286-b8298f091e88
温州市,0000002200000038000000070000000X,3.67,2018/10/5,330300,4387deaf-c6c1-4a1e-8e38-e9ba9dbf4b44
嘉兴市,0000003100000081000000130000000X,79,2017/12/25,330400,47fa64e7-da75-4a4e-9083-20425c01b6aa
绍兴市,0000000J0000003Q000000070000000X,43,2017/3/5,330600,362486aa-2100-4b36-8a3b-09f77c3b8c41
衢州市,0000000G0000003F0000000700000010,6.9,2018/5/1,330800,72133a22-4300-45e0-940c-9cf4107e3bd3
浙江省,0000000G0000003F0000000700000010,10.5,2018/1/9,330000,3740c624-e051-46b8-99d7-ea16cdc19770
丽水市,0000000C0000002Q000000030000000X,70.23,2017/6/25,331100,5ac6987e-dc99-4227-a215-03f11f4d2925
金华市,0000000G0000003F0000000700000010,10.1,2018/2/13,330700,23bfa4d5-4369-4060-bda2-23417f81da92
湖州市,0000001A00000031000000070000000X,6.67,2018/5/15,330500,74835b74-a57b-4a86-9b5d-ade523bfc9d3
金华市,0000001400000031000000070000000X,5.67,2018/9/15,330700,ad203b0c-14db-49ed-91fd-626fa2b1f57b
衢州市,0000001E00000031000000070000000X,3.67,2017/12/25,330800,f028501a-c224-4b18-a1e3-759d7b306583
绍兴市,0000002U0000007X000000070000000X,4.67,2018/1/5,330600,c30be093-dbf3-4eb1-ab74-5a99ec2f4b46
浙江省,0000000P0000003E0000000700000010,4.92,2017/12/5,330000,8932c0f6-bc9e-491b-ac8a-15dbcf9c5d4e
舟山市,0000000J0000003S000000070000000X,33.67,2017/5/5,330900,7021015a-1c82-483b-b326-48c3263c76da
绍兴市,0000000H0000003P000000070000000X,24,2017/11/15,330600,b782326c-6728-4509-ac4e-51e8392d19ea
舟山市,0000000Z00000031000000070000000X,5.33,2017/9/5,330900,4134bb2d-caf3-4848-a5a5-8948f058bfc8
温州市,0000000C0000002Q000000030000000X,60,2017/11/5,330300,cb25ce9e-8518-4bbf-8457-02275df87965
嘉兴市,0000001400000031000000070000000X,4.5,2017/10/25,330400,05cb1cb4-8ab4-4ce5-a1d0-bcf11324a8d7
台州市,0000000H0000002T000000070000000X,13,2018/8/5,331000,4a242bfa-422f-41ff-a161-23093249daf0
舟山市,0000001200000031000000070000000X,5.33,2019/3/15,330900,28e4f9f5-796a-4197-8e79-c2d6ed10430f
绍兴市,0000001Z00000036000000070000000X,5.67,2019/1/15,330600,9c790d43-5131-4ffb-9fe5-40f763bf499f
温州市,0000001400000031000000070000000X,6.5,2018/11/5,330300,26ccdfa4-dde8-44d0-92ea-aae72acc48ac
杭州市,0000000P0000002W000000070000000X,5.5,2019/3/15,330100,4826a122-b902-4344-898f-e2a9e588619d
温州市,0000001500000031000000070000000X,5,2018/7/25,330300,9d5e8204-49eb-4223-8fb0-76a8fcbdc5d8
宁波市,0000003100000081000000130000000X,178.67,2017/12/25,330200,b5288407-bed9-4e24-b3a7-be54d9c46748
湖州市,0000001500000031000000070000000X,4.83,2018/4/15,330500,ef5fd695-4f91-4e0c-99d5-74565968955a
衢州市,0000001400000031000000070000000X,7.33,2019/2/15,330800,031f4829-1aac-433d-8b85-c5bc9a190589
杭州市,0000000X0000007T000000070000000X,40,2018/3/5,330100,9c801630-365d-4818-b046-c808dce06360
嘉兴市,0000000X0000007T000000070000000X,32.67,2018/9/5,330400,e817a91b-4bb7-47ef-999b-aacbf8c7690d
绍兴市,0000000H0000003P000000070000000X,25.33,2017/4/5,330600,a2900409-5334-4da5-80f7-e0b699947a74
绍兴市,0000001A00000031000000070000000X,5,2019/2/5,330600,1fc257b7-4adf-446b-b9ed-0f9132e3e90d
衢州市,0000003100000081000000130000000X,93.93,2018/5/5,330800,e3308b37-b1d8-46d5-83e7-afa49d6f65d4
浙江省,0000000S0000002Z000000070000000X,8.85,2016/12/15,330000,685b7b23-444c-4cdc-9dc7-22b9b3f536ab
湖州市,0000001700000031000000070000000X,3.17,2018/11/25,330500,55f87582-b6ae-497d-8674-89a59a3ed4de
丽水市,0000000J0000003Q000000070000000X,37.33,2017/3/15,331100,d2dc63b8-174e-4614-97a2-aaa30bf1e0a3
绍兴市,0000002200000038000000070000000X,3.83,2018/12/15,330600,83601a9c-7750-445f-a377-0b35e4335e01
绍兴市,0000000J0000003S000000070000000X,34.33,2017/12/15,330600,e91422b0-deaa-499c-b684-1ea9bf29cb33
绍兴市,0000000M0000003V000000070000000X,10.33,2019/3/5,330600,444b2550-1f43-4f54-ab2c-68afa9c37bb9
湖州市,0000000J0000003S000000070000000X,34,2017/6/5,330500,4af8b525-8023-40a5-902e-44b8cc8c3adb
嘉兴市,0000000P0000003E0000000700000010,5.5,2018/9/4,330400,8ff9c1ce-e908-40b5-8c11-bd3ec4b7e5d8
台州市,0000000X0000007T000000070000000X,21.67,2019/3/15,331000,079c9cd9-3e9b-4e5b-91e2-388e3514ce21
温州市,0000001K00000031000000070000000X,3,2018/6/25,330300,7566105a-2e8f-455a-8919-0f29ee992756
台州市,0000002U0000007X000000070000000X,4.33,2017/7/5,331000,5a4728ed-2a0b-4889-9166-62a7b600da12
台州市,0000000H0000003N000000070000000X,12.33,2017/8/15,331000,0c244930-3572-443a-8b71-c40d743f3f27
湖州市,0000000H0000003P000000070000000X,17.67,2018/4/25,330500,c6f83a86-73cb-4eab-9b48-10d50301fedb
丽水市,0000000S0000002Z000000070000000X,9.67,2018/9/25,331100,96c4713c-d292-4881-913e-d17c3e65f0a5
温州市,0000000C0000002Q000000030000000X,60,2017/10/5,330300,f3ae8976-9156-4d30-80db-6222f1edb787
浙江省,0000000H0000003N000000070000000X,12.88,2018/4/15,330000,cafb274c-7b38-4206-9322-98b3c1a2f23b
衢州市,0000000S0000002Z000000070000000X,8.83,2018/6/25,330800,af82b1fd-1fc1-4334-9738-01e969dbccc8
金华市,0000000S0000002Z000000070000000X,8.33,2017/5/5,330700,816314f4-55fd-4b1f-9e02-1226b73a9cbd
宁波市,0000000S0000002Z000000070000000X,9.83,2018/10/25,330200,b51d03d0-e742-40cd-8048-e8800bc96cd8
温州市,0000000P0000003E0000000700000010,3.55,2018/4/17,330300,8a2720d2-068d-4501-85ce-fd7557debd5d
金华市,0000002U0000007X000000070000000X,4.17,2017/4/25,330700,c22cc747-6c12-42a7-ad99-d8d0d8251051
嘉兴市,0000000H0000002T000000070000000X,18.33,2017/1/25,330400,843e56cb-3471-46ae-81f7-2fe6d49976d8
舟山市,0000002U0000007X000000070000000X,4.33,2018/7/25,330900,8c077a1c-5203-46f6-8515-2f78b91dbcca
台州市,0000000M0000003V000000070000000X,10.67,2019/1/25,331000,e93ee094-061c-4a6e-9e11-e525795f5e29
浙江省,0000001Z00000036000000070000000X,5.89,2018/1/5,330000,ae3bdde3-a3a6-4245-bbec-d21b448b1f34
绍兴市,0000000S0000002Z000000070000000X,8,2017/12/15,330600,a530cc59-7c81-48db-9c3a-46fd0dc2a66b
杭州市,0000001A00000031000000070000000X,5.1,2017/5/25,330100,ed094706-4fbb-4673-b838-e22c3345835b
绍兴市,0000002U0000007X000000070000000X,4.3,2017/3/5,330600,418db91b-9655-46b1-9517-0398179b0ff5
杭州市,0000002P0000007W000000070000000X,3,2018/9/15,330100,f59da56e-043c-42a5-a067-c47e03b3232c
温州市,0000001700000031000000070000000X,2.33,2017/5/5,330300,5ec13094-674c-43ce-ab92-fd4098945662
嘉兴市,0000000S0000002Z000000070000000X,9.33,2018/4/25,330400,997ce1df-826e-4eb0-b8f5-e94c48da1238
绍兴市,0000001500000031000000070000000X,5.5,2018/10/5,330600,69928b77-aefd-4ce0-b244-958e379f33b0
衢州市,0000000K0000003U000000070000000X,34.33,2018/10/25,330800,82c5e9ee-2821-4b10-83d1-8434acbb259d
丽水市,0000001K00000031000000070000000X,3.5,2018/11/25,331100,b619b746-fb99-433a-8b2e-6fc6811345a7
衢州市,0000001Z00000036000000070000000X,4.5,2017/1/5,330800,da52a6aa-d70c-422e-bb3c-9c6b37518ae1
台州市,0000000H0000003N000000070000000X,12.67,2018/1/5,331000,dca611d8-dc27-4fa5-848b-03f410b3efb3
湖州市,0000000G0000003F0000000700000010,11.9,2017/1/17,330500,5d14ff92-c7f5-4d58-af87-8d0b31c82ce4
嘉兴市,0000001A00000031000000070000000X,4.67,2017/12/5,330400,37976691-1b98-4f53-82df-cc9004bf26d8
宁波市,0000000J0000003S000000070000000X,30.5,2017/3/15,330200,8af12997-6408-4a40-ac9b-85334ab27b07
宁波市,0000000H0000003P000000070000000X,28.2,2018/10/5,330200,fc2cbc10-ac9d-4552-85a6-f4e5b410117e
杭州市,0000000C0000002Q000000030000000X,62.33,2018/6/15,330100,fd892181-f0a6-4a51-8717-1e55bf887028
丽水市,0000002P0000007W000000070000000X,2.6,2018/2/15,331100,7016949b-f8e8-4c14-a919-9ea3072d40da
衢州市,0000000K0000003U000000070000000X,32.33,2017/9/5,330800,3626aa91-92d0-4c22-8d63-da2c3343eaa3
湖州市,0000000P0000003E0000000700000010,5,2018/11/13,330500,c96f0cd2-d734-419c-be87-e50cf64e17d6
衢州市,0000000D0000002R000000030000000X,36.33,2018/11/15,330800,65934fc6-5217-4eed-9ba2-a8131691c869
台州市,0000001K00000031000000070000000X,2.33,2017/6/5,331000,bc19c8c1-b971-4012-8c87-5d679fd14f0d
浙江省,0000000Z00000031000000070000000X,2.83,2017/3/25,330000,fbdd9378-dd56-4093-8080-211405d6d0ff
嘉兴市,0000000G0000003F0000000700000010,10.5,2017/3/28,330400,e97712c5-30bc-4c6f-80e9-f5dc7c88876d
嘉兴市,0000000C0000002Q000000030000000X,66.67,2017/12/15,330400,8026c34c-cb72-4fc4-a12b-713b78960a8f
舟山市,0000001E00000031000000070000000X,3,2017/3/15,330900,ad04219d-a7b1-40d8-8aab-9d17aee61599
杭州市,0000001A00000031000000070000000X,6.7,2018/2/25,330100,7645c273-f7c6-420a-88a6-b9e7d5adf1b0
杭州市,0000000P0000002W000000070000000X,4.53,2017/3/5,330100,9c2c6652-251b-4125-ad9d-24208a960be1
湖州市,0000001K00000031000000070000000X,5.5,2018/10/5,330500,c950eaf1-6afe-4503-a74c-7aca5612a526
浙江省,0000000H0000002T000000070000000X,14.31,2018/6/15,330000,bff4606b-f837-42c3-9dba-b1963b321da4
宁波市,0000000P0000002W000000070000000X,4.4,2017/6/25,330200,f097866d-ac7b-431a-a5f6-5d5f8877e837
丽水市,0000000D0000002R000000030000000X,54.6,2018/11/25,331100,4ae910c7-f3a8-49cf-aae3-96c7796bf824
丽水市,0000000D0000002R000000030000000X,54.6,2017/4/15,331100,9267b6b7-37b3-43c6-ad95-31168d8fa91c
金华市,0000000Z00000031000000070000000X,3.83,2017/8/25,330700,bc9b01e9-f02c-4615-9bec-760a8f2da414
绍兴市,0000000S0000002Z000000070000000X,8,2018/6/25,330600,07aaa810-0395-4bf3-bdb8-3b82bbc9d656
浙江省,0000001500000031000000070000000X,4.3,2017/12/15,330000,16ada364-1476-4f04-913f-6042d8ab1547
丽水市,0000001A00000031000000070000000X,4.17,2017/11/25,331100,74b95b99-b9d4-44ea-a28c-c9f057cd06de
台州市,0000000H0000003N000000070000000X,12.33,2017/6/15,331000,85bfb571-7f51-4e61-b1ee-ea3122581133
舟山市,0000001K00000031000000070000000X,3.33,2019/2/5,330900,70a01539-42b5-4c78-96a6-3e4e0ab15580
丽水市,0000000P0000003E0000000700000010,3.75,2018/4/24,331100,722900d9-1640-4a19-8225-e011aa890284
温州市,0000001200000031000000070000000X,6,2019/3/15,330300,288d9beb-cf77-44ae-8227-c7251a666430
宁波市,0000000M0000003V000000070000000X,14.83,2017/8/15,330200,9906264b-4434-4d69-9cf6-54acf5109c55
浙江省,0000000P0000002W000000070000000X,5.63,2019/2/5,330000,3b24d232-7bff-47a0-ba18-67dd9e3df34b
衢州市,0000001A00000031000000070000000X,6.67,2019/2/25,330800,878f551a-cf0b-460c-9bda-4dd02f414e05
杭州市,0000000S0000002Z000000070000000X,8.57,2017/6/25,330100,71934be4-695b-4e1c-8626-6a3ca985f3d0
嘉兴市,0000002200000038000000070000000X,3,2018/6/15,330400,0144eac3-bfcd-4488-b362-a4010c7baf0d
台州市,0000000H0000003N000000070000000X,12.5,2017/12/5,331000,70a1d5a0-6a18-4933-ab54-a0902d7d1342
温州市,0000000P0000003E0000000700000010,3.8,2017/1/24,330300,5a3e420c-7465-478c-b0ff-1bfac6a35582
舟山市,0000002U0000007X000000070000000X,3.83,2018/4/25,330900,c40a3c18-210a-4dd2-a3b9-8c8e425dbc09
杭州市,0000000C0000002Q000000030000000X,62.67,2018/6/5,330100,18f2daac-8cef-4091-bc75-373b161da26b
舟山市,0000002200000038000000070000000X,4.17,2017/5/25,330900,43163003-fb1a-49a3-a33a-d7e23858e7a6
宁波市,0000001A00000031000000070000000X,5.1,2017/2/15,330200,9cccc41a-0d87-4a13-9f3c-ff8ce5734ac0
杭州市,0000001500000031000000070000000X,4.67,2017/4/5,330100,6825631f-e281-4606-9055-41d23a39c409
衢州市,0000000G0000003F0000000700000010,10.1,2018/9/4,330800,4b506294-b637-4ca8-832b-6e6ed3538019
台州市,0000002P0000007W000000070000000X,3.28,2017/7/5,331000,3da4a993-aa72-4146-9352-f1c3867bca57
台州市,0000000X0000007T000000070000000X,30,2018/1/25,331000,38bc72ba-7e4f-4d19-abe5-c1759f2b2e43
浙江省,0000000S0000002Z000000070000000X,9.31,2018/9/15,330000,72635caa-916d-42d7-a42c-1693d132a280
温州市,0000000J0000003S000000070000000X,48,2018/12/5,330300,0d7bfdce-2cd0-4525-b048-989a4a70f6e0
衢州市,0000000H0000003P000000070000000X,25.67,2018/10/25,330800,c67f1d1c-1091-4c09-b695-ed73351b708c
绍兴市,0000000X0000007T000000070000000X,43,2017/1/5,330600,a155125c-c39a-4e1a-a7c6-7e9736a58af7
杭州市,0000000G0000003F0000000700000010,9.82,2018/1/23,330100,4d7259c0-d463-40e2-9f0d-0cc9bc5cc38c
浙江省,0000000G0000003F0000000700000010,11.21,2017/3/7,330000,4360f1b4-208f-45ac-99b6-c2fc10077fcf
浙江省,0000002200000038000000070000000X,3.35,2018/7/25,330000,113bd025-5b9c-40f3-b0cf-e661fd0ef298
湖州市,0000000H0000003P000000070000000X,18.33,2017/8/5,330500,8b65cc11-086d-46ad-8eca-63f278007a25
衢州市,0000001200000031000000070000000X,3.83,2017/4/5,330800,9d25bb5f-72a1-4650-9efb-749ccee30ae9
金华市,0000002U0000007X000000070000000X,4.17,2017/12/15,330700,f7a64319-4ef0-459c-a13a-69600a6d3ce9
浙江省,0000000J0000003Q000000070000000X,41.06,2018/2/5,330000,85d67d58-2b72-42d4-80bb-6ce31bc93577
舟山市,0000000P0000002W000000070000000X,5.5,2017/8/25,330900,6c73659a-7143-432e-b2d6-a2bc04c11cbc
衢州市,0000000H0000003N000000070000000X,13.67,2017/8/15,330800,e7b4fe69-d052-4f12-8750-68797f63788b
杭州市,0000000Z00000031000000070000000X,4.67,2017/1/15,330100,9a9920f5-d89b-488a-a195-21ffb2de5243
宁波市,0000000K0000003U000000070000000X,36.67,2019/2/5,330200,bddb8b5a-f5c4-4e18-a246-7a984f29a81c
丽水市,0000000X0000007T000000070000000X,43.33,2017/10/25,331100,746eff5d-541b-4cff-9f22-d1c979852fc3
湖州市,0000002200000038000000070000000X,4.67,2018/4/15,330500,e58d47d8-6f18-4dfe-aa19-5548cf90e1e8
嘉兴市,0000000H0000003N000000070000000X,14.67,2018/4/5,330400,b2a6e505-5e30-4a8b-a78f-21d2d77a9eb2
金华市,0000000P0000003E0000000700000010,4.8,2017/12/12,330700,f8273b03-8ec0-49ee-97db-a97f398f7414
嘉兴市,0000001Z00000036000000070000000X,6,2018/12/5,330400,74a7b7a1-7691-4850-9b98-cddea1c3c30f
舟山市,0000001200000031000000070000000X,4,2017/3/25,330900,4a5f3db0-9320-4b77-9c34-799eaff89518
绍兴市,0000000S0000002Z000000070000000X,8.1,2017/11/5,330600,52d5d36f-496a-4938-b91b-6a91d04c9384
宁波市,0000001K00000031000000070000000X,4,2018/8/5,330200,b9c89b4c-9074-4fb0-a905-1e087dd9fc47
浙江省,0000000Z00000031000000070000000X,6.3,2018/9/5,330000,731091dd-4946-472a-b07e-aa84dd009485
浙江省,0000001200000031000000070000000X,4.79,2018/9/5,330000,cfd4305d-f768-44ec-8fca-5b286e92c00f
湖州市,0000000H0000002T000000070000000X,16.67,2017/5/5,330500,550f918a-8408-4484-a7eb-00d3ded8c04e
宁波市,0000001K00000031000000070000000X,3.2,2019/3/15,330200,5727b2ff-72ac-4143-9ad4-3b6c3596b841
杭州市,0000000J0000003S000000070000000X,37,2018/9/25,330100,c75d30cf-0423-4551-b9b8-e7f44c9e8844
丽水市,0000002P0000007W000000070000000X,2.6,2017/5/5,331100,1701b687-3a82-4b21-8d47-947af62cb0b3
绍兴市,0000000X0000007T000000070000000X,41,2018/12/5,330600,05e9e148-a000-47db-9440-e6354a19279c
绍兴市,0000000J0000003Q000000070000000X,46,2019/1/5,330600,b2742e91-36eb-42c6-9f08-0954dfbb67af
丽水市,0000000K0000003U000000070000000X,33.67,2017/8/25,331100,cd561546-4c7a-4ab9-ac17-9ae446a70be3
嘉兴市,0000002P0000007W000000070000000X,3.2,2017/8/25,330400,6c93c6ef-f9ed-4fe9-8803-f260837604ae
浙江省,0000000D0000002R000000030000000X,43.32,2018/12/15,330000,0e4c8501-8bd8-4cdd-b69e-41c189b3878e
温州市,0000002200000038000000070000000X,3.17,2017/7/25,330300,0a64426e-f313-446f-9d6d-19db9b2c91da
温州市,0000000S0000002Z000000070000000X,9.33,2017/3/25,330300,02314d45-7938-4c8d-a719-dde944959a46
绍兴市,0000000H0000003P000000070000000X,23.33,2018/7/5,330600,96ec21df-2a02-458e-ba08-4bd4a70308f8
舟山市,0000000C0000002Q000000030000000X,51.6,2017/1/25,330900,d0a70c87-01d8-410e-9ded-7a9a3ac40d30
湖州市,0000001Z00000036000000070000000X,5.67,2018/8/5,330500,641814bf-e6f6-4068-ac38-91a370bc9da7
台州市,0000000X0000007T000000070000000X,26.67,2017/6/15,331000,f2302302-2eef-42ce-99fc-402ea8925af3
浙江省,0000000C0000002Q000000030000000X,63.49,2018/6/5,330000,d7b46bda-bca0-49eb-8b14-4a8daeb0d417
杭州市,0000000H0000002T000000070000000X,16.67,2019/1/15,330100,cb5d978f-0a1d-4f10-9058-cea1f735d332
衢州市,0000001700000031000000070000000X,2.33,2018/9/25,330800,1e58b011-76aa-438b-9914-2c84f7fcae07
舟山市,0000001400000031000000070000000X,7,2017/8/25,330900,884d8e07-5f5b-412b-b993-bd7be4fa0043
杭州市,0000001200000031000000070000000X,4.7,2018/4/5,330100,c0cd6ae6-4c35-4a2c-9e2f-dbd37726a9e8
台州市,0000000S0000002Z000000070000000X,9.5,2018/1/5,331000,12b099c0-0030-46cf-8cbb-9d65eeade2fc
丽水市,0000000C0000002Q000000030000000X,70.23,2017/12/25,331100,6cddcf13-62ce-417b-86e2-1598a9e01125
杭州市,0000001A00000031000000070000000X,4.93,2017/6/25,330100,d251bbbc-43ae-4e23-9609-c0b5caecd283
舟山市,0000001200000031000000070000000X,4.67,2018/4/5,330900,e513b824-3f9a-4c74-b2f5-b2c0151b3a39
台州市,0000000C0000002Q000000030000000X,63.33,2019/2/5,331000,180ddc40-a5c2-42ba-93ef-28fe911ee8cd
台州市,0000000G0000003F0000000700000010,6.7,2018/4/17,331000,f361b409-44e7-4320-8a82-1b66e856091c
台州市,0000001K00000031000000070000000X,2.5,2018/12/25,331000,c9fa48eb-4a21-4b74-8881-fbeb03cba9ed
丽水市,0000000H0000003N000000070000000X,16,2019/2/15,331100,44803ec0-aa77-4339-9578-71afeae292db
金华市,0000000M0000003V000000070000000X,12.67,2018/5/15,330700,0745ab17-ce43-4cfd-b94d-b3cea10ec71f
绍兴市,0000000P0000003E0000000700000010,5.2,2018/1/30,330600,2c46581e-8ba4-4264-aa03-eba741cf8ae1
台州市,0000001700000031000000070000000X,2.5,2017/3/15,331000,3495b1ba-f327-4b0a-bc61-9a14d39e859f
舟山市,0000001200000031000000070000000X,3.67,2017/10/15,330900,421f2fe5-525c-49e3-b3c3-37dbf1ed42c3
绍兴市,0000001400000031000000070000000X,4.83,2017/11/15,330600,484c6d38-3f3b-4b7d-a22e-2e470d6e6443
台州市,0000000Z00000031000000070000000X,4.83,2017/11/5,331000,00ffda30-faaf-4447-a7c5-f29170f73142
浙江省,0000002200000038000000070000000X,3.2,2017/3/15,330000,8ea0f0f8-cd4b-4e58-a585-8457833a4194
宁波市,0000000H0000003P000000070000000X,28,2019/2/5,330200,3927e0ef-2466-4c5f-a151-076695958436
湖州市,0000000J0000003Q000000070000000X,38.33,2017/2/5,330500,f6bec3ca-a991-4cda-bfef-3e9790849e83
嘉兴市,0000001A00000031000000070000000X,4.83,2017/4/25,330400,8ec768ba-6605-4625-a134-97979b100655
金华市,0000000S0000002Z000000070000000X,7.83,2017/12/5,330700,91123ec6-ccb0-4177-a473-3cee19c0e649
台州市,0000000P0000003E0000000700000010,2.55,2017/5/9,331000,46c1d892-0302-4bf0-88b9-2293a691cec4
台州市,0000001500000031000000070000000X,4.17,2018/8/25,331000,5fec0415-8901-4483-9fac-c9ef5d68f45e
温州市,0000000H0000003N000000070000000X,20.33,2019/2/5,330300,7b6aa1a1-2a9f-4ee5-9beb-de92026b4145
湖州市,0000000S0000002Z000000070000000X,9.67,2018/7/15,330500,1ebf199a-d17c-459f-b298-42d06f27e915
杭州市,0000000X0000007T000000070000000X,40,2018/9/25,330100,97ac41a5-c731-4f00-99dd-dbff935d7819
湖州市,0000001Z00000036000000070000000X,5.67,2018/1/15,330500,20978567-3faf-451e-b40f-59df6b4eb7a3
湖州市,0000001500000031000000070000000X,4,2017/6/5,330500,a60b213b-fb85-4aa9-adeb-a2a05fcd4705
温州市,0000000H0000003N000000070000000X,15.33,2017/7/15,330300,c8a154df-e2d0-480b-9e7c-ef88611ffed3
衢州市,0000000M0000003V000000070000000X,11.67,2017/11/25,330800,a6363b35-9521-4e53-bc84-593dc18d18f9
绍兴市,0000000G0000003F0000000700000010,8.82,2017/6/6,330600,5a8485e3-1217-4621-9ba7-3249a396ea17
衢州市,0000000J0000003S000000070000000X,37.33,2019/3/15,330800,ac6d08f6-1e0c-4dd4-8f78-521aee6dd4df
绍兴市,0000000P0000003E0000000700000010,3.3,2017/7/18,330600,66445eb9-7ed4-49b2-a483-5163c5b93f60
温州市,0000001700000031000000070000000X,2.83,2018/12/5,330300,40114ce6-4e4d-43e3-87fa-416f812c3621
丽水市,0000000P0000003E0000000700000010,3.8,2018/7/10,331100,9332a950-c2f3-4120-9540-e9e57d1d7f00
温州市,0000000H0000003P000000070000000X,25,2017/10/5,330300,719877fe-7abb-4479-b0d2-84dc7e68c30f
绍兴市,0000003100000081000000130000000X,66,2019/3/15,330600,776f3e1e-5fb9-4427-a7f5-fadfdecbdd73
衢州市,0000000H0000003P000000070000000X,25.67,2019/1/25,330800,f38b6de3-185f-4206-b1bd-a5087061ab5c
衢州市,0000000G0000003F0000000700000010,9.1,2017/7/4,330800,d72c26f2-28db-4b8e-8514-b14d323675be
金华市,0000002P0000007W000000070000000X,3.7,2018/6/5,330700,3c4a1f6c-dfdc-4698-a1ba-0370b9ff0603
舟山市,0000000D0000002R000000030000000X,44.97,2017/11/25,330900,186d313f-1959-46b3-bf86-98ee6e7a5b82
嘉兴市,0000000H0000003P000000070000000X,23.33,2019/2/15,330400,f7439717-9b27-46d8-8ee9-e70e51d02ca9
宁波市,0000000H0000002T000000070000000X,14.67,2018/8/5,330200,7bab983c-5079-40f3-96d3-4b785c444844
浙江省,0000000C0000002Q000000030000000X,63.67,2017/11/15,330000,5b19639c-b3bb-4580-b318-79880e92ed08
温州市,0000000D0000002R000000030000000X,46.67,2017/6/5,330300,04d921af-d28e-4cf7-a5fc-7cfc698b3887
金华市,0000000D0000002R000000030000000X,40.17,2018/6/25,330700,6576c251-0b99-4413-bd7f-4e5a676cd2d5
浙江省,0000000J0000003S000000070000000X,35.21,2018/4/15,330000,2f2330d8-9f9c-468d-9177-8993fef5be0c
温州市,0000000D0000002R000000030000000X,46.67,2017/9/15,330300,246546d1-f437-4c08-aab2-8cca0c8a249e
嘉兴市,0000000X0000007T000000070000000X,31,2017/7/25,330400,3d919b0f-e42f-485c-8c40-4b4ca0695dd3
湖州市,0000003100000081000000130000000X,74.2,2018/2/5,330500,4a5d1b83-420b-4dd5-9b24-78a77ad0d827
宁波市,0000003100000081000000130000000X,138.33,2018/6/25,330200,45dd517f-1997-4a15-af97-51cc06b8325c
金华市,0000001200000031000000070000000X,3.67,2017/8/15,330700,f34d4419-96c7-470d-8e0a-dfb607e43f02
杭州市,0000000Z00000031000000070000000X,4.83,2018/11/25,330100,6c4574b5-3e85-42ff-8fc3-b26747aad225
金华市,0000000G0000003F0000000700000010,12.2,2017/2/7,330700,6b8b66cc-46e2-451a-8083-9de3bfc5bd3e
金华市,0000002P0000007W000000070000000X,3.9,2017/9/15,330700,1261c698-ebaa-404c-8434-f1b7d704363e
嘉兴市,0000001500000031000000070000000X,6.17,2019/2/25,330400,3cda388a-88f4-402e-a542-a6695c514c59
绍兴市,0000001400000031000000070000000X,4.67,2017/10/5,330600,8d35db58-2b86-4aa3-bf4d-bf46f2e5ef31
浙江省,0000000K0000003U000000070000000X,35.63,2017/11/25,330000,63b92deb-22b1-48a0-992f-a8f36e5fbd4a
舟山市,0000000P0000002W000000070000000X,5.67,2018/2/15,330900,127b7498-88b1-4a0b-9687-0990c89b2397
温州市,0000001Z00000036000000070000000X,7.83,2017/5/5,330300,59c28e4a-8473-4541-bef4-2f549c5e3b0d
金华市,0000002U0000007X000000070000000X,4,2018/6/5,330700,8573b19e-aecb-4a33-ac2e-f5a5db21927b
丽水市,0000000H0000003P000000070000000X,19.33,2017/4/25,331100,ad67cf36-1945-4eae-8b42-6c8714c505a4
衢州市,0000001K00000031000000070000000X,2.5,2017/3/25,330800,ac0ac333-7460-4aa6-a1c0-a5241cb00d4b
丽水市,0000000C0000002Q000000030000000X,70.23,2017/1/15,331100,5a369ed5-d4b8-473b-8f3e-b1bed7fe6266
温州市,0000001500000031000000070000000X,5,2017/4/25,330300,8b1de5ae-fe37-4d58-b845-4151d42d5b33
丽水市,0000000G0000003F0000000700000010,7.4,2018/3/20,331100,e99a4115-f5c3-4cce-9f26-73248ebd0612
舟山市,0000000H0000003P000000070000000X,24,2018/4/25,330900,11f9be8d-65e5-4778-9d39-f4edc3e1ec85
台州市,0000000D0000002R000000030000000X,42.67,2017/2/25,331000,6c87c0ea-e90d-4acc-8f28-be8900b88ff3
温州市,0000001A00000031000000070000000X,4.33,2017/4/25,330300,c66a6d36-1354-4bfe-a244-f99c24f6605b
衢州市,0000002P0000007W000000070000000X,3.57,2017/1/5,330800,2c45d2b6-59e5-45cc-a813-dc5f58b4eef6
浙江省,0000003100000081000000130000000X,91.68,2017/5/5,330000,0f770ced-936b-4048-bcab-ceeb63d16e71
绍兴市,0000001E00000031000000070000000X,4.33,2017/8/25,330600,81d55009-ebdf-49ea-a06d-0d3e57471446
杭州市,0000000X0000007T000000070000000X,40,2018/3/15,330100,24defa13-1c1b-470c-9212-20ae47e84a29
舟山市,0000001Z00000036000000070000000X,7.67,2018/1/5,330900,6fc09921-5954-4c61-8b57-18f55d568009
舟山市,0000000G0000003F0000000700000010,11.5,2019/3/19,330900,8608b8c0-a15d-4c0f-bfee-b68f7155ea9f
金华市,0000001Z00000036000000070000000X,6.17,2017/7/15,330700,48df27bc-892a-445b-a238-f7706a1b1094
台州市,0000000Z00000031000000070000000X,4,2018/12/15,331000,042f1bcb-fad5-4e6d-a2f2-da3ea284213b
杭州市,0000000D0000002R000000030000000X,46.67,2018/10/25,330100,304c34f8-0520-418d-8882-cd2b5a5dc1f5
绍兴市,0000000X0000007T000000070000000X,34,2017/11/5,330600,233058c3-9dc2-4b89-966d-62954421038f
绍兴市,0000000G0000003F0000000700000010,9.97,2017/8/15,330600,938e8bc2-5a35-44ca-a929-126aaaf45565
湖州市,0000000C0000002Q000000030000000X,57.67,2018/5/25,330500,8132a244-0d0a-48ba-ae48-6230649935f1
杭州市,0000000J0000003S000000070000000X,35.67,2018/6/15,330100,bdce14a8-743a-4822-9259-c7e27a9f6ca3
浙江省,0000000J0000003Q000000070000000X,42.64,2018/11/15,330000,731bc8c5-7998-4173-b4e8-63c0bfed5cf5
绍兴市,0000002200000038000000070000000X,2.83,2018/1/5,330600,ee4adb27-f9df-4508-8f74-2e0ab9db07d1
湖州市,0000000D0000002R000000030000000X,36.33,2018/12/5,330500,0f1d85f6-7c7c-473e-8ef6-2ab27b537cf6
丽水市,0000000P0000002W000000070000000X,4.27,2018/4/15,331100,36e8f125-794c-44e7-86a1-ed6561a02e32
绍兴市,0000002U0000007X000000070000000X,4.5,2017/9/25,330600,b2d4aceb-6839-498a-ae8c-7a9f708252f6
宁波市,0000000H0000002T000000070000000X,15.5,2017/11/5,330200,3146b312-ab99-4761-b944-24b31479dc43
浙江省,0000001500000031000000070000000X,5.95,2018/10/25,330000,9e0ed6e2-7ee0-470d-a981-d5b6d773b067
浙江省,0000000H0000003N000000070000000X,14.26,2018/2/5,330000,f74451f7-5e46-4142-9fbe-33b93c70b734
衢州市,0000000P0000003E0000000700000010,4.85,2017/12/26,330800,2a23184e-f69e-4daa-9a85-4da0ef61b9f6
丽水市,0000001Z00000036000000070000000X,4.66,2017/4/15,331100,e60ef87f-e28a-4b61-86bc-bf036cb231bc
湖州市,0000000K0000003U000000070000000X,0,2017/5/5,330500,c8a31858-ab32-410e-90d5-cd40dd11f408
温州市,0000000K0000003U000000070000000X,48,2018/7/15,330300,a5e4e0d2-bfdb-4a97-8300-7e9246774bc2
宁波市,0000001Z00000036000000070000000X,6.5,2017/12/15,330200,1e2caf69-de33-4251-bd12-09e84e69dce2
丽水市,0000001E00000031000000070000000X,5,2018/9/5,331100,0420b1b0-647c-448d-8663-d1b27e194f6c
绍兴市,0000001E00000031000000070000000X,3.83,2018/5/15,330600,148ff306-a886-464b-849c-e047bc873945
台州市,0000000D0000002R000000030000000X,39,2018/5/5,331000,a44d3deb-e149-4606-b0ba-40864a35ab0d
绍兴市,0000000H0000003N000000070000000X,13.33,2017/8/25,330600,adf6752a-f54c-4204-abb1-21b82c616131
湖州市,0000000D0000002R000000030000000X,38.67,2017/5/25,330500,2838c1bd-883b-4c47-b171-5813c9040806
金华市,0000000S0000002Z000000070000000X,7.83,2018/11/15,330700,a92c4758-943c-4711-b627-8622ad03c85a
绍兴市,0000002P0000007W000000070000000X,2.33,2019/3/15,330600,a0766c47-a1cc-4e92-a9b0-7665b9e8f1c8
丽水市,0000001E00000031000000070000000X,7.5,2018/10/5,331100,73025977-640f-420d-b66c-968352193f95
台州市,0000000Z00000031000000070000000X,2.33,2017/4/25,331000,26afcba8-382e-411b-a283-dda5cd157f67
温州市,0000000M0000003V000000070000000X,14.67,2017/10/25,330300,698a8754-bcec-4d49-abb4-8e0926eec7aa
湖州市,0000000P0000002W000000070000000X,4.5,2017/4/15,330500,5d4cfb6e-edd4-4324-b7c6-fbfc072e3924
杭州市,0000001K00000031000000070000000X,3.83,2018/11/25,330100,d15fee3d-f74c-4089-9600-4b08b46b6d0e
温州市,0000000C0000002Q000000030000000X,60,2018/6/15,330300,be2bece0-75bd-4911-a7ba-e67f037e280d
温州市,0000001E00000031000000070000000X,5.33,2017/9/5,330300,d92efd70-02f7-4481-8522-f148575bf9ce
浙江省,0000000S0000002Z000000070000000X,9.31,2018/3/25,330000,489f5c44-d78f-434d-b787-7203c1fa1e42
嘉兴市,0000000J0000003S000000070000000X,32.67,2018/8/15,330400,a72c9434-a11d-48bb-bc9c-92d9bbb800fc
绍兴市,0000000D0000002R000000030000000X,49.33,2017/10/5,330600,36bb9de0-1d08-49f2-9498-317f3c4f8cbf
舟山市,0000000Z00000031000000070000000X,4.17,2017/12/5,330900,34f33301-75b7-4caa-ab4b-4e6b1451435d
舟山市,0000000P0000002W000000070000000X,5.33,2017/11/25,330900,2bda2890-2b79-458c-b380-dee6719368a7
杭州市,0000000P0000003E0000000700000010,2.6,2017/5/30,330100,706fcef7-0e8b-471f-b370-5858f00c8b6a
湖州市,0000000H0000002T000000070000000X,15.67,2019/1/15,330500,bd912d40-db7f-4d41-8667-bb1463eb4d5c
台州市,0000000D0000002R000000030000000X,38.67,2018/11/25,331000,36f9b856-6184-4e08-b8eb-c150ea2f9436
宁波市,0000002U0000007X000000070000000X,4.7,2017/10/5,330200,cacf29fa-eb87-434b-92e4-ab97b73b02ba
丽水市,0000000S0000002Z000000070000000X,9.67,2018/9/15,331100,1fc6a8e5-9f4a-4d99-97c4-7ae2bff1afbc
舟山市,0000000J0000003Q000000070000000X,40.33,2017/3/15,330900,62663c4d-5a64-4df4-8e8c-b9a76dd0a1d1
宁波市,0000002200000038000000070000000X,3.7,2017/3/25,330200,74acd7e2-2f7f-4e36-a1b6-7283f1a4f969
温州市,0000000P0000003E0000000700000010,4.55,2017/9/26,330300,9485c9d1-2e66-4199-9626-23009c586158
舟山市,0000001A00000031000000070000000X,3.5,2017/6/15,330900,f2bbf11f-2571-482f-b23d-78daadb51519
浙江省,0000000C0000002Q000000030000000X,64.88,2017/1/15,330000,727b2ec1-d769-4c38-a611-470ece8a0f3b
台州市,0000000S0000002Z000000070000000X,9.33,2018/11/15,331000,0217f5d1-52f9-42e3-bd10-f307693228cb
宁波市,0000001200000031000000070000000X,4.33,2017/12/15,330200,ffde05f1-b2dc-4b2f-a4a8-a97d86303b10
湖州市,0000000J0000003Q000000070000000X,39.67,2018/10/5,330500,3cfae12c-df05-4826-9716-dd3adc8f73d9
浙江省,0000002P0000007W000000070000000X,3.07,2017/4/5,330000,470b15e5-e13a-4132-86ae-57e90d10a23c
台州市,0000000S0000002Z000000070000000X,9.67,2017/5/5,331000,c50b08f0-6a27-450c-8a74-67ca46a0136e
衢州市,0000000K0000003U000000070000000X,32.33,2017/5/5,330800,26e7419e-de32-4236-8f8a-130960367c16
台州市,0000000G0000003F0000000700000010,9.5,2017/11/28,331000,7e92dde3-e5d3-499f-be82-b825954a27cd
绍兴市,0000000P0000003E0000000700000010,4.2,2018/12/18,330600,806bb40b-a88f-4e76-a19d-3a4d7c96e3de
台州市,0000000P0000002W000000070000000X,5.07,2018/3/25,331000,ac4cb03b-0211-41d7-8679-d3dbea6ffb28
温州市,0000000X0000007T000000070000000X,46.67,2017/1/15,330300,7081ea88-a343-459c-bd30-5cbce5431dea
台州市,0000000H0000002T000000070000000X,13.17,2017/12/15,331000,7fe07df5-74dd-4bf9-a1e0-24a835f4669b
丽水市,0000000P0000002W000000070000000X,4.27,2017/3/25,331100,8a27eaca-40ee-4bb7-99b0-b833dbef6e86
衢州市,0000000X0000007T000000070000000X,23.67,2018/5/5,330800,d962abad-9761-4de0-8c9b-4d95e11c1a39
舟山市,0000000P0000003E0000000700000010,4.8,2018/2/27,330900,e7d34878-a565-49b7-85f9-c342486f9d39
舟山市,0000000X0000007T000000070000000X,41.67,2019/1/15,330900,b12ce960-78d3-43be-b85f-9987199f6a6e
衢州市,0000001200000031000000070000000X,6,2017/2/5,330800,0d586552-62f9-4608-b70d-5a284aadab11
温州市,0000001700000031000000070000000X,3,2017/12/5,330300,5d18dfde-3c25-48c8-807a-3a2cb47364d5
丽水市,0000000G0000003F0000000700000010,10.1,2018/2/13,331100,d3859da9-4b45-44ab-ab87-26a043a1cb06
衢州市,0000001500000031000000070000000X,4,2017/8/5,330800,7c950269-d688-4611-8c13-ef6c23877485
丽水市,0000000S0000002Z000000070000000X,9.67,2018/10/25,331100,30b9394c-58f4-469e-8b7a-7cfe02daa3c1
宁波市,0000000Z00000031000000070000000X,4.93,2018/5/15,330200,88f833e0-e8a5-4d0b-9eca-4c1701607e60
台州市,0000000M0000003V000000070000000X,10.67,2018/2/15,331000,61877a84-2860-4a87-bdee-a31ff35b7bbf
嘉兴市,0000000G0000003F0000000700000010,7.45,2018/4/17,330400,f5e4d5b9-23e9-4b27-8ee4-e972199c190e
杭州市,0000000X0000007T000000070000000X,39.33,2018/8/25,330100,d123a333-aba2-432d-8bb8-d65a68e70cf9
温州市,0000001K00000031000000070000000X,3.17,2017/2/15,330300,801dcdd9-0639-4dd4-99a0-69e8b3e3d19a
台州市,0000001A00000031000000070000000X,4.5,2017/8/25,331000,93b997fc-47ff-4eb9-b97d-153440262ee3
绍兴市,0000001E00000031000000070000000X,4.5,2018/5/5,330600,5dbede0d-b480-4ed0-8be1-cae32c296a4e
浙江省,0000001400000031000000070000000X,5.08,2017/11/15,330000,515dc46c-0998-4c02-8321-c32bff600ce8
金华市,0000000C0000002Q000000030000000X,68.87,2018/9/15,330700,02ffd790-f41b-42bd-99cf-5b9308c554ab
台州市,0000000M0000003V000000070000000X,10.67,2018/2/25,331000,9e24873b-0f10-4159-8c28-ae3ab96dc5f5
衢州市,0000000P0000002W000000070000000X,4.67,2018/5/25,330800,4c746154-2495-4da2-a5d6-0deb5eecb523
绍兴市,0000000C0000002Q000000030000000X,59,2017/4/25,330600,8d9da771-fd5b-4770-9def-d583e67132a3
衢州市,0000000S0000002Z000000070000000X,8.83,2017/12/5,330800,af82e590-c439-4807-b55e-dcd082473660
绍兴市,0000001Z00000036000000070000000X,3.83,2018/3/25,330600,68a92236-daa7-44b4-933a-c572a9d0855a
浙江省,0000001E00000031000000070000000X,4.02,2017/12/5,330000,f2b4c50b-74f6-411b-84f3-a5bf4f8c89a9
温州市,0000000J0000003Q000000070000000X,47.67,2018/4/25,330300,4ed71aee-cdc0-492b-b92c-3707e406a5a7
绍兴市,0000000J0000003Q000000070000000X,39.67,2018/1/25,330600,a88ad20f-059e-499a-8053-b135cae8a3ff
绍兴市,0000000D0000002R000000030000000X,52,2017/2/15,330600,5bbf2777-b74b-40db-acb4-714a90f0ac36
宁波市,0000001A00000031000000070000000X,5.4,2019/1/25,330200,e6da03f0-b0ab-45ff-93f6-872479787177
台州市,0000000Z00000031000000070000000X,5,2018/11/5,331000,f23f6db6-1c17-4c80-9c3d-17b8e95ee924
台州市,0000000X0000007T000000070000000X,32.33,2017/8/25,331000,95d5b625-33d0-4a7f-b764-e0b63466a2a2
杭州市,0000002200000038000000070000000X,3.1,2017/2/25,330100,5531335e-e958-4711-afb1-e1bef26410bf
湖州市,0000000P0000003E0000000700000010,5,2019/1/1,330500,dbed72f4-e579-460e-a934-c9ebd35a3829
浙江省,0000003100000081000000130000000X,91.89,2017/7/15,330000,ec5b2273-bacb-4aeb-93df-f3840b6e156d
台州市,0000000X0000007T000000070000000X,25,2018/3/15,331000,7301df71-2723-48df-b899-8d2270da91f9
舟山市,0000001K00000031000000070000000X,4.67,2017/10/25,330900,e109faaf-1f43-4f89-89b7-cdd5ccd1f4fc
绍兴市,0000000C0000002Q000000030000000X,62,2017/1/25,330600,51d950e4-e32f-45b9-98fd-5c29a76a07f8
嘉兴市,0000000M0000003V000000070000000X,11.17,2017/5/15,330400,f94bdf49-1fac-44af-b535-8ae2a0887cac
金华市,0000000H0000003P000000070000000X,19,2018/3/15,330700,e766cbda-5663-4f51-86f8-af8325fd8dd1
浙江省,0000001E00000031000000070000000X,5.75,2018/2/15,330000,e68ccb6e-cd36-4b86-be74-0d0d047c88b6
温州市,0000001K00000031000000070000000X,4.67,2017/10/15,330300,9dba35d4-f639-41c3-8f49-a26b161a0c14
金华市,0000000P0000002W000000070000000X,4.83,2017/1/25,330700,b3c0ed7e-fcf2-48cf-a55b-56d2847d95a9
温州市,0000000J0000003S000000070000000X,43,2018/1/5,330300,fe6685ce-f563-4a6c-b642-33bac12de553
衢州市,0000001E00000031000000070000000X,3.5,2018/12/25,330800,4b7755aa-0599-457c-bc8b-e5be6b74253a
温州市,0000000P0000003E0000000700000010,4.53,2017/11/28,330300,ce25a187-6418-4a65-ac71-4dcac8d3f39a
湖州市,0000001A00000031000000070000000X,6,2018/12/25,330500,9afc3663-3143-4cc5-a19b-86f9759518e5
绍兴市,0000000H0000003N000000070000000X,12.33,2018/7/15,330600,21cecda3-60ed-4655-952d-019ab2373959
浙江省,0000002U0000007X000000070000000X,4.26,2017/10/5,330000,645b7dce-714f-4575-a197-79f0128ea82e
衢州市,0000001500000031000000070000000X,5.33,2018/10/15,330800,0c8424e4-2040-4ece-866b-8e989d26cd63
湖州市,0000000P0000003E0000000700000010,5,2017/9/5,330500,99605c0e-5db2-4e0a-8002-2c6861828745
嘉兴市,0000002200000038000000070000000X,4.17,2018/5/5,330400,f7c58595-d7fe-49f3-9e70-20f35d99779a
金华市,0000001500000031000000070000000X,5.5,2018/9/25,330700,388f4317-38b8-48fc-8689-e8e649c15c79
台州市,0000000X0000007T000000070000000X,22.33,2019/1/15,331000,ce82d6cc-ee66-4f98-b793-635abe2dfea5
金华市,0000002U0000007X000000070000000X,4.17,2018/1/25,330700,efccfa18-e799-4f43-8cb1-037c6fce8787
湖州市,0000001400000031000000070000000X,4.33,2018/6/25,330500,00a83475-3a98-4248-a2a7-25f59f4721b7
金华市,0000001200000031000000070000000X,2.67,2018/6/5,330700,02d35ae7-4d66-4e5a-8f2d-d0627a904309
衢州市,0000001A00000031000000070000000X,7,2017/12/15,330800,ff681cf0-c0b2-43a9-9472-b038c37137b9
湖州市,0000001500000031000000070000000X,4.33,2017/5/5,330500,8b0ce905-bd43-4f19-bb8e-1f35ab3168b0
浙江省,0000000M0000003V000000070000000X,12.71,2019/1/25,330000,7c125964-b543-48a4-b436-b61873d5f26f
金华市,0000001K00000031000000070000000X,2.5,2017/6/5,330700,753fe408-b945-4be6-9af8-3409bac38b63
台州市,0000000C0000002Q000000030000000X,63.33,2018/9/15,331000,6c80145c-a85a-44a5-aef4-3a2877ed41bd
杭州市,0000000H0000003P000000070000000X,20.5,2017/5/5,330100,433a7092-267a-415a-bcef-a47373d59d8b
台州市,0000000Z00000031000000070000000X,5,2018/8/25,331000,550c0e47-8fb5-4087-9540-59a93a023107
舟山市,0000000J0000003Q000000070000000X,39.67,2017/10/5,330900,3b864687-5273-4830-8e01-3e229b45d8e7
舟山市,0000000P0000002W000000070000000X,5.33,2018/3/25,330900,d5c74d70-92c7-48ff-a5cd-615af384c3b1
浙江省,0000000C0000002Q000000030000000X,64.94,2016/12/15,330000,15be5a30-40eb-4c92-acca-082280a0e995
绍兴市,0000001K00000031000000070000000X,3.67,2016/12/25,330600,26be059d-ebb1-4908-b354-d1cd5643cbf7
温州市,0000000P0000003E0000000700000010,4.05,2019/1/15,330300,f83f927b-7aa8-44f3-993f-536223c8b89a
浙江省,0000001Z00000036000000070000000X,6.03,2018/9/5,330000,e70e4423-4a1d-4ac0-b072-c44a679c0c8b
台州市,0000002200000038000000070000000X,2.67,2017/3/25,331000,ed74173b-2313-45db-99da-abd08aa22c48
丽水市,0000000J0000003S000000070000000X,40.33,2019/3/5,331100,bd74e097-8b69-41b1-b2d7-0c2e7db1e068
衢州市,0000000H0000003P000000070000000X,21.67,2017/9/5,330800,0dec3200-31e4-4274-8353-8eb37fd2339d
宁波市,0000000M0000003V000000070000000X,14.5,2017/4/25,330200,66677099-b8c3-4ce2-9204-f8c4a4a67ac0
宁波市,0000001200000031000000070000000X,6.17,2018/2/25,330200,e8b8420e-f397-4362-b7bc-09a109b5c9b8
衢州市,0000002U0000007X000000070000000X,4.5,2017/10/5,330800,fcdce2b4-9605-4b13-82b7-104d5287aa99
浙江省,0000001A00000031000000070000000X,5.07,2018/6/15,330000,6eb6044e-134d-4b90-a194-2b99af60b3b0
浙江省,0000001500000031000000070000000X,4,2018/8/15,330000,98c7a1b5-3ce8-4762-a9fa-bc2e11db2e92
绍兴市,0000000H0000002T000000070000000X,16,2017/2/25,330600,709ca0da-9556-43d0-a39a-14ea61619fc1
湖州市,0000001K00000031000000070000000X,5.17,2017/10/5,330500,1df22866-09e8-4a1a-a4c4-e3f3306f6437
舟山市,0000000G0000003F0000000700000010,9,2017/6/6,330900,07585fab-dd67-4415-b17b-b5aa847f9c39
丽水市,0000000G0000003F0000000700000010,6.9,2018/5/1,331100,8698e68c-c2a4-4245-9c49-4d8935dd1e9a
丽水市,0000001A00000031000000070000000X,4.5,2018/8/15,331100,c68c1514-5bfe-42fc-bf8e-0bbe25ba67a7
湖州市,0000000C0000002Q000000030000000X,56.67,2017/3/25,330500,c713d153-493d-49db-9b8c-f238468d1e4e
台州市,0000000Z00000031000000070000000X,5,2017/8/25,331000,5e57419e-9f95-4d55-a523-a0ecde0e5c0d
湖州市,0000001200000031000000070000000X,4.33,2017/3/25,330500,0ad5e71b-978d-4f2e-b6ff-42040fb68ec7
宁波市,0000001E00000031000000070000000X,3.7,2019/1/5,330200,bf11b688-f0e5-4f81-9882-e91b8f85c473
浙江省,0000000P0000003E0000000700000010,4.62,2018/12/18,330000,3d65d405-d709-4219-8e64-ea6d5c06cc9a
嘉兴市,0000000P0000003E0000000700000010,4.77,2018/7/24,330400,121f0d69-9d05-4a52-af94-9f9340266423
金华市,0000000Z00000031000000070000000X,2.33,2017/4/25,330700,0d59d714-e8cc-43af-8450-b1dbd48d8e10
衢州市,0000000M0000003V000000070000000X,10.67,2018/5/25,330800,b39ff45f-c855-4290-add9-a663383e08ae
衢州市,0000000G0000003F0000000700000010,9.2,2017/7/11,330800,812a63fc-7144-49b1-87fc-53e31d089791
金华市,0000000J0000003S000000070000000X,35,2017/6/5,330700,2e4e19b4-3241-4f7e-9696-119910ed1757
宁波市,0000001700000031000000070000000X,3.07,2017/1/5,330200,88625d26-07ed-4e4c-a9fc-4985717415dd
温州市,0000001A00000031000000070000000X,5.83,2018/4/5,330300,e9723d5f-de06-405f-af88-61c168c11658
浙江省,0000002U0000007X000000070000000X,4.3,2019/1/15,330000,975365a7-2c33-4214-b592-22adbef36b83
浙江省,0000002U0000007X000000070000000X,4.35,2018/1/15,330000,c3a43ff6-7085-4552-aa50-c77998c5608f
丽水市,0000001500000031000000070000000X,4.5,2017/10/15,331100,1fd9497b-6253-4317-a4f4-1dfbf768ea43
宁波市,0000000S0000002Z000000070000000X,9.9,2018/8/15,330200,52d18745-e7d8-4fa2-96d2-3f0b3af729e2
宁波市,0000000P0000002W000000070000000X,5.23,2017/1/5,330200,32a9ef1d-9c77-4c18-9e02-f36311304ecd
嘉兴市,0000001A00000031000000070000000X,5,2017/1/25,330400,716949d5-9750-422a-9cc5-a978d5ce761e
绍兴市,0000000Z00000031000000070000000X,5.33,2017/8/5,330600,86f9ceae-37f4-4388-a69a-7617c8e572f9
浙江省,0000000C0000002Q000000030000000X,63.64,2017/12/25,330000,26d66c9c-4f00-46a3-8c7e-c945af325cfb
嘉兴市,0000000P0000003E0000000700000010,4.57,2017/1/10,330400,9415481c-cc0e-42b5-ad97-f917ec885b33
宁波市,0000001Z00000036000000070000000X,6.67,2017/5/25,330200,43a3dfc8-5fd0-49a2-9106-d385e433a7eb
嘉兴市,0000001K00000031000000070000000X,3.67,2018/1/5,330400,b15f10c7-9f6a-420d-843b-3fbd4ba13816
浙江省,0000001Z00000036000000070000000X,5.89,2017/11/25,330000,0c085e0c-3053-465e-9d54-7c836f04d81d
浙江省,0000001A00000031000000070000000X,5.02,2017/4/25,330000,05d05f84-a298-4761-a9a5-de23be32615a
舟山市,0000000Z00000031000000070000000X,5,2018/8/5,330900,1e375f60-3439-4c4f-ac21-fecc0feb61ea
嘉兴市,0000001Z00000036000000070000000X,6.33,2019/2/25,330400,162be4e7-ef41-4952-8b1e-f756240ab43d
宁波市,0000001Z00000036000000070000000X,7.27,2018/9/5,330200,d9b7b3b8-ca71-48ba-89be-38e69d4f94ab
浙江省,0000000J0000003S000000070000000X,36.68,2018/2/15,330000,f9f4bad8-cec2-4d4e-b986-eaf189351b7a
杭州市,0000000J0000003S000000070000000X,35.67,2018/5/15,330100,421405f6-811c-4af5-b340-52f8e21966f3
杭州市,0000000S0000002Z000000070000000X,8.5,2018/1/15,330100,7ef024bf-e762-4a2a-a52e-e48ffa59b5e9
丽水市,0000001A00000031000000070000000X,5,2017/3/15,331100,0b2d712f-535b-4512-be1b-53bb9fbe2be0
温州市,0000001E00000031000000070000000X,5,2019/2/5,330300,b70d699c-9251-4fd1-b0b6-68c0477125c1
丽水市,0000000J0000003S000000070000000X,34.33,2017/8/5,331100,29c9c39b-4bdb-4e6a-8c40-ab0974ef560b
衢州市,0000000P0000003E0000000700000010,4.6,2017/9/5,330800,39a37a17-aaef-4757-8e80-fe9a961962d7
温州市,0000001400000031000000070000000X,13.33,2019/2/25,330300,1945047d-0ef7-4a26-bfc4-fbb9db932591
温州市,0000002P0000007W000000070000000X,2.33,2018/3/25,330300,2378eacd-0149-423b-977a-1d7a54da353c
湖州市,0000000P0000003E0000000700000010,3.8,2019/3/12,330500,30a2540c-c503-407e-879d-9fa778247caf
衢州市,0000000C0000002Q000000030000000X,69,2018/3/5,330800,34700578-3e4b-4a91-aef4-3c76c56a6115
温州市,0000001A00000031000000070000000X,4.5,2017/8/5,330300,02c8d244-08b0-4049-9649-88c609372668
丽水市,0000000P0000002W000000070000000X,5.5,2017/12/15,331100,b85a9a87-3152-41a0-a3e7-7c627830d289
嘉兴市,0000001E00000031000000070000000X,4.83,2018/6/15,330400,d7d7ede0-ffd0-48a6-8b6f-f4cccfff1bd4
嘉兴市,0000001A00000031000000070000000X,4.5,2017/6/5,330400,3a533bb3-37f8-4247-9e35-409439ca2db0
舟山市,0000002200000038000000070000000X,4.5,2019/2/15,330900,5d077578-26a6-4bcf-a835-d7fd0c952058
丽水市,0000001E00000031000000070000000X,4.17,2018/3/15,331100,edec4434-11e7-40f7-b32b-3436e032bcfc
丽水市,0000000J0000003Q000000070000000X,43.33,2018/12/25,331100,40e0517f-4ea8-43f7-819a-61b688e22cbe
浙江省,0000000C0000002Q000000030000000X,63.61,2017/11/25,330000,e1a2f9c5-d6a6-4efd-8986-6e1241452011
绍兴市,0000000H0000003P000000070000000X,24.33,2017/7/15,330600,9b9f63ac-ff1e-4105-b6e6-965d86e6e675
嘉兴市,0000000J0000003Q000000070000000X,40.67,2017/11/25,330400,16935d90-70dd-4bf1-85e6-716c07dacc9d
温州市,0000000H0000002T000000070000000X,21.67,2018/12/5,330300,0ec45231-17cf-46e3-b44d-d8156c8b6cbf
宁波市,0000002P0000007W000000070000000X,2.93,2018/8/15,330200,147767a5-19f1-4aea-b740-e0f3580c03a0
台州市,0000001E00000031000000070000000X,3.67,2018/2/15,331000,cab1d4fe-2c8e-4435-8a84-feff59f47e6a
浙江省,0000000P0000002W000000070000000X,5.18,2018/7/25,330000,3a2dfc22-cca8-4c31-9032-5d57c282189b
湖州市,0000003100000081000000130000000X,77,2017/1/25,330500,f68a8a41-8c0a-488e-ad84-55475d9ff5ab
嘉兴市,0000003100000081000000130000000X,79,2017/11/5,330400,a922d55c-0874-452f-a45c-466d8db383ac
衢州市,0000000D0000002R000000030000000X,38.33,2017/6/5,330800,938a938e-6796-4c51-b411-7c1c7f663ae5
湖州市,0000003100000081000000130000000X,74.2,2017/12/25,330500,d152bad2-cac8-4c08-9c54-aa6b58571dcc
舟山市,0000001E00000031000000070000000X,4.33,2017/11/25,330900,e1466a0a-4bf0-49fc-b724-bb0d3da1ce2f
嘉兴市,0000000S0000002Z000000070000000X,8.5,2017/4/15,330400,d3e7e0a5-a85d-4baa-aa29-f006b22fb853
金华市,0000000P0000003E0000000700000010,4.3,2019/1/22,330700,e2700932-fbc2-4cdc-b856-65f4dd0664da
宁波市,0000000Z00000031000000070000000X,6.2,2019/2/25,330200,47270278-875b-40b3-956f-51ac61b50186
舟山市,0000002200000038000000070000000X,4.5,2018/8/25,330900,4d0da736-a451-41ed-9914-6bfd07b278dd
舟山市,0000000Z00000031000000070000000X,3.67,2017/6/15,330900,b8de65ac-17b8-4950-9879-e46f0d3b1630
绍兴市,0000000G0000003F0000000700000010,8,2018/6/26,330600,23186214-bad1-476c-985b-d742f2aa8d59
丽水市,0000000J0000003S000000070000000X,36,2018/7/15,331100,cae4385b-d939-46bf-8c06-fa5e3a496fee
温州市,0000000S0000002Z000000070000000X,9,2017/8/25,330300,8c2e3fed-b7ac-4138-99ec-b0e3185fe200
温州市,0000003100000081000000130000000X,63,2018/11/25,330300,0f4d2be2-e97b-4d57-9f11-523cd410cb0d
嘉兴市,0000001K00000031000000070000000X,2.83,2017/4/25,330400,280fed17-4059-44bc-826a-e5e8b554be2b
绍兴市,0000003100000081000000130000000X,66,2017/1/15,330600,a544bd72-b687-40d5-a2f6-37d7320bb76e
嘉兴市,0000001700000031000000070000000X,3.27,2019/1/5,330400,895a3eca-a08e-48b5-8954-780df39d4151
湖州市,0000000C0000002Q000000030000000X,57.67,2017/6/15,330500,647850a0-d268-4308-bbf7-4ed0cf6d1b8a
台州市,0000000M0000003V000000070000000X,10.67,2017/12/5,331000,18ee2560-b4e2-4df9-9610-69ef34b7cb07
湖州市,0000000M0000003V000000070000000X,17,2018/5/5,330500,81eef917-2a5e-4530-91f9-c3853b70aaed
舟山市,0000001A00000031000000070000000X,4.33,2017/11/5,330900,04aea2d5-a33c-4490-a993-5ae9abb6da82
绍兴市,0000000P0000002W000000070000000X,5.83,2018/11/25,330600,7656f00c-83e6-48e2-9d19-5c06d57ad048
衢州市,0000000Z00000031000000070000000X,2.5,2017/3/25,330800,2d2157c3-349f-42ea-83d8-35c1d0dee0aa
台州市,0000002U0000007X000000070000000X,4.5,2018/6/25,331000,72d17496-bdcc-46d3-af38-864178322951
温州市,0000000C0000002Q000000030000000X,60,2017/4/15,330300,f464f741-467e-4da4-84ba-a55fc5bc1e20
温州市,0000000C0000002Q000000030000000X,60,2019/3/5,330300,41d961a4-d2e9-4c95-a81f-904e45d7ac68
衢州市,0000002U0000007X000000070000000X,5,2018/7/5,330800,fa79642f-11eb-437f-a6c1-b866b62925bb
衢州市,0000001A00000031000000070000000X,6.33,2017/3/25,330800,64a010ec-6169-417d-936b-bae6cacc0f74
绍兴市,0000000J0000003S000000070000000X,33.67,2017/6/25,330600,eb81d317-f977-4a2b-8906-314df1c0e768
湖州市,0000002U0000007X000000070000000X,3.6,2017/6/25,330500,bb8a69dd-1764-4311-85a8-d1de9e79824c
衢州市,0000000D0000002R000000030000000X,37.67,2017/11/25,330800,7c31003c-ccad-41b7-9935-06d95e4a8095
绍兴市,0000000K0000003U000000070000000X,38,2017/4/5,330600,1f117534-7ba6-4938-b0ea-72d18e706549
温州市,0000002200000038000000070000000X,3.17,2017/10/25,330300,e7dfa682-8d49-4422-9f65-4020a14ef17a
温州市,0000002200000038000000070000000X,3.33,2018/6/15,330300,1ef1e94a-2c04-4ea2-92eb-3ffe1dac34c1
舟山市,0000000J0000003S000000070000000X,34.33,2018/4/15,330900,959862ff-6864-4ec7-81ff-cb05a4a5805b
杭州市,0000000Z00000031000000070000000X,7,2018/2/15,330100,715b24bd-6421-469f-9980-6dbb79f93e43
嘉兴市,0000000J0000003S000000070000000X,32.33,2017/12/15,330400,c0e60bb7-6f44-457f-adce-90079497a559
台州市,0000000D0000002R000000030000000X,38.67,2018/7/25,331000,40853c75-f2e4-49c7-8151-b812f0040963
宁波市,0000002200000038000000070000000X,3.7,2017/3/25,330200,075592fa-1a3a-43bf-8de9-e4026d1a91dc
绍兴市,0000001K00000031000000070000000X,4,2017/10/15,330600,d99a9144-d2a2-4c2e-af8b-e58214fa05da
丽水市,0000002200000038000000070000000X,3.33,2018/10/15,331100,33eb3482-2fc0-41ff-b5d5-4f46902a43f7
丽水市,0000001500000031000000070000000X,4.67,2017/10/25,331100,d46a9e3a-8794-4dd5-a4a0-615e0639fae8
嘉兴市,0000002P0000007W000000070000000X,3.2,2017/11/15,330400,42e78bc0-6383-4c00-bd45-4855af5ad823
衢州市,0000000K0000003U000000070000000X,35.67,2018/12/15,330800,61ae9e93-f65b-4bb3-9b75-1795807a9bc4
舟山市,0000001A00000031000000070000000X,5,2018/1/5,330900,312bfcb7-27b3-424d-83bd-04f944c07ff4
舟山市,0000000H0000002T000000070000000X,16,2017/3/5,330900,df4f2162-ed60-4030-8314-813f1475a595
丽水市,0000002200000038000000070000000X,2.66,2017/11/25,331100,d440767b-e3a9-426c-9f09-3b8fca20f11f
杭州市,0000000G0000003F0000000700000010,9.14,2017/7/11,330100,04244918-ae45-40d9-bf9f-725f64cc8dd0
浙江省,0000000G0000003F0000000700000010,9.5,2017/5/16,330000,6908ca23-e3e3-453e-b0c2-5cbefd6a4378
浙江省,0000000C0000002Q000000030000000X,63.58,2018/5/5,330000,a8eef978-1a6d-4e5f-9094-3391a784f3e4
丽水市,0000001500000031000000070000000X,4.5,2017/10/5,331100,b76288f0-9037-44f0-bf8c-bc3a87dc7276
湖州市,0000000M0000003V000000070000000X,17.33,2017/7/5,330500,066902c9-15bd-4d5f-aed0-b6283871bb5b
金华市,0000001500000031000000070000000X,5.5,2018/12/15,330700,97888beb-1069-407d-a98a-be6e32d059ad
丽水市,0000000S0000002Z000000070000000X,9.67,2018/6/5,331100,66de5eb3-8f5c-4136-bc70-8c8f31c47f72
绍兴市,0000000D0000002R000000030000000X,49.33,2018/2/25,330600,c8919a87-ad4c-4d39-9ccb-92d32732d097
嘉兴市,0000000H0000003P000000070000000X,22.67,2018/12/5,330400,09210eaa-cb34-4bc3-b8b5-10b71b9266cd
杭州市,0000000P0000003E0000000700000010,5.1,2017/12/12,330100,8806b48d-9c30-405b-9a36-8d156b4ae19e
衢州市,0000000J0000003Q000000070000000X,38.33,2017/5/5,330800,04dbdd9f-d7a9-4b32-8a9d-f7b8c545c61d
金华市,0000001K00000031000000070000000X,2.17,2017/3/25,330700,09a2802e-31c3-4615-950c-a6869d15ba85
湖州市,0000001500000031000000070000000X,3.67,2017/6/25,330500,8752d137-69aa-477c-ba7c-8f65272c9c75
舟山市,0000001700000031000000070000000X,3.33,2018/4/25,330900,c437783c-cbda-4583-bba8-a841651253c3
台州市,0000000J0000003S000000070000000X,38.33,2019/2/5,331000,856403a2-aae0-48f1-9d27-f13ee6fbed59
浙江省,0000000J0000003Q000000070000000X,40.88,2018/7/15,330000,f06d6490-10f6-4fa1-a5d0-249645ad0b4c
衢州市,0000000H0000003P000000070000000X,24.33,2017/1/25,330800,89f3952e-07f5-47bf-9fa8-f46cc53fda0b
湖州市,0000000C0000002Q000000030000000X,56.67,2016/12/15,330500,4863297e-8b96-4591-994e-2e98da3ebba7
衢州市,0000000M0000003V000000070000000X,11.67,2017/11/5,330800,27602f16-e511-41ae-b8c7-a065234da49a
台州市,0000000X0000007T000000070000000X,25.67,2016/12/15,331000,03f8076b-8e8b-420a-a490-2136046a8cde
浙江省,0000000K0000003U000000070000000X,38.56,2018/2/25,330000,d3bdf003-41b8-4cf7-8b77-fb93eb154f36
嘉兴市,0000000H0000002T000000070000000X,17,2018/12/5,330400,0c5ee2f0-1d87-4f07-9cd9-5f2298534c29
绍兴市,0000001400000031000000070000000X,4.67,2017/9/5,330600,a33adbe0-26d0-464a-b48f-0906bc99bdc1
台州市,0000000M0000003V000000070000000X,10.33,2017/8/25,331000,d72e2945-9dbd-4c85-9183-1f42425848d6
台州市,0000002P0000007W000000070000000X,3.28,2017/3/25,331000,3ea5deae-ed20-4341-ad18-fd1db2549141
台州市,0000000H0000003N000000070000000X,13,2019/1/25,331000,e3ea7340-dbd1-4b65-a68f-5ce639f724aa
杭州市,0000002P0000007W000000070000000X,2.8,2017/4/25,330100,45444c6e-8f35-4c71-9114-65f00cc401a5
浙江省,0000000K0000003U000000070000000X,34.78,2017/5/15,330000,0d738f9a-68f2-4202-8f5d-9ee7065886ad
金华市,0000002U0000007X000000070000000X,4.17,2017/4/25,330700,169c17c8-5f0d-42e7-9320-d0bdea31dc82
宁波市,0000000J0000003S000000070000000X,30.5,2017/4/5,330200,e38af734-9ef2-40a0-b45e-836d6a08d979
杭州市,0000001Z00000036000000070000000X,6.67,2017/11/25,330100,73428e31-da0f-4a2a-bf86-6652687bbd80
温州市,0000001Z00000036000000070000000X,6.83,2018/2/15,330300,34fcb2df-67f4-4c26-bbec-2d48e59b231d
衢州市,0000001Z00000036000000070000000X,4.67,2017/4/5,330800,d2ab7532-83a2-4bcd-903a-fca32dbd08b7
浙江省,0000001700000031000000070000000X,2.75,2018/10/15,330000,eddce63d-c5cc-4667-8b39-d90445db9221
浙江省,0000000H0000003P000000070000000X,20.7,2018/6/25,330000,26116890-2a04-4371-ac8a-4efac136fb8f
浙江省,0000001K00000031000000070000000X,3.39,2017/2/5,330000,3acb8499-71b6-4403-8429-929e45425676
绍兴市,0000003100000081000000130000000X,66,2018/12/25,330600,b536c93f-3cc4-4a25-830f-03e7cc360edc
杭州市,0000002200000038000000070000000X,3.33,2018/10/15,330100,8ae8a2c4-50ed-4849-8bae-c2ee16b30f7f
浙江省,0000000H0000003N000000070000000X,15.71,2017/1/25,330000,6e27fb63-f678-42ad-8040-440f53c6e1c9
金华市,0000000D0000002R000000030000000X,44.67,2017/3/15,330700,de29784c-6740-46de-95ec-3a251515ae00
温州市,0000000X0000007T000000070000000X,50,2017/4/25,330300,490458e8-1a79-4719-82b1-94facfddfb14
温州市,0000001E00000031000000070000000X,4.33,2018/1/25,330300,0547613c-2588-41a8-9581-9b122c7c87a0
浙江省,0000001E00000031000000070000000X,3.97,2017/6/5,330000,540707ca-e4ce-416a-90b0-b1341dd4b26e
温州市,0000000H0000003N000000070000000X,16,2017/9/25,330300,f004d651-35ce-4058-8f01-d2bda8a649a3
绍兴市,0000001700000031000000070000000X,2.5,2017/9/5,330600,e7bb0ecb-7e01-4fe4-8a86-718595a6751c
温州市,0000000P0000002W000000070000000X,5.77,2017/10/5,330300,d56cdac0-a747-4490-9104-d933df5da55f
舟山市,0000001700000031000000070000000X,2.67,2018/6/25,330900,67beffb8-dff4-4c3f-a035-31f0dc1aef29
绍兴市,0000000H0000003P000000070000000X,24,2017/12/5,330600,b24180cc-daee-469e-9016-5583e61296c8
湖州市,0000000H0000003N000000070000000X,14,2017/7/15,330500,c2f6cccb-9b68-4e02-a497-11508e17d014
杭州市,0000000D0000002R000000030000000X,46,2017/7/25,330100,bbd272d8-13f5-4d04-8ae1-626713ddb5ab
杭州市,0000001E00000031000000070000000X,3.87,2017/3/25,330100,b8b3b717-1ea3-4a42-9d1f-54b0be3cc50f
湖州市,0000000Z00000031000000070000000X,5.17,2018/7/25,330500,4a68730b-01aa-456c-8981-1215f292c778
嘉兴市,0000000D0000002R000000030000000X,39.33,2017/3/25,330400,ed338d98-5be3-46ad-9c76-268a6a528699
台州市,0000000H0000003P000000070000000X,25.67,2017/3/25,331000,adedcab4-6823-4781-b231-09e44acf7b29
宁波市,0000002200000038000000070000000X,3.83,2017/11/5,330200,efc275e7-3380-4b4e-af41-8426bb44fad7
宁波市,0000002P0000007W000000070000000X,3.27,2017/8/25,330200,5438513a-a067-4a71-a99d-1200076f000a
温州市,0000000Z00000031000000070000000X,3.83,2017/1/5,330300,494b412d-43b4-4508-9e45-8e65c9d91ed4
舟山市,0000002U0000007X000000070000000X,3.83,2017/10/25,330900,3051a2fa-af6b-4392-a195-8eb3f3841c3a
绍兴市,0000000H0000002T000000070000000X,14,2017/10/5,330600,e904c764-cfb0-4d4f-96b2-48be9ce72773
浙江省,0000000M0000003V000000070000000X,12.57,2017/10/5,330000,0e817ebb-e3af-4d20-aca7-7463c2033089
绍兴市,0000001K00000031000000070000000X,3.83,2018/2/15,330600,b99f7d62-964a-4bb3-b50b-c63e3676bd77
衢州市,0000000D0000002R000000030000000X,39.67,2017/3/25,330800,a6416d4f-6465-42fb-a3ca-5086283c4f71
宁波市,0000000P0000002W000000070000000X,5.47,2017/11/15,330200,73798249-b2cd-4130-8e28-7b6a44ba48b2
杭州市,0000001700000031000000070000000X,2.53,2018/8/15,330100,21c432b0-3fd4-44e8-9565-9f31564a96dc
浙江省,0000001Z00000036000000070000000X,6.02,2018/3/5,330000,d1bd6100-deb1-4ee1-920e-c217b055446d
台州市,0000001Z00000036000000070000000X,6.33,2017/3/15,331000,3ae922df-95c8-404c-bdf0-ee0a4be32d78
嘉兴市,0000000P0000003E0000000700000010,5.43,2018/9/25,330400,7d9ee582-7041-4344-92d9-cceb1890281c
台州市,0000001500000031000000070000000X,3.33,2018/6/15,331000,5cd87975-cd83-4fcb-9f37-4d98dd0d3c72
丽水市,0000001500000031000000070000000X,4.33,2017/6/5,331100,b5193295-5b30-4fc7-bbd0-677f47dd4c5a
衢州市,0000000P0000003E0000000700000010,3.6,2019/3/19,330800,ffd9b6ba-a705-4c21-bc94-4af5c6509e5b
浙江省,0000002U0000007X000000070000000X,4.29,2017/11/15,330000,ce3a0f9f-c311-4cdd-89dd-e605dc7f9256
绍兴市,0000000M0000003V000000070000000X,9.67,2017/2/15,330600,8e2bde04-4fb5-4ee3-8437-7742cf193dc8
温州市,0000001K00000031000000070000000X,3.17,2017/6/5,330300,226e8ff8-c28b-4c4c-a5eb-58ac8a5980f4
嘉兴市,0000000J0000003Q000000070000000X,40.67,2017/1/25,330400,7f8d7064-465c-4a30-b6b6-d099079550b5
衢州市,0000000P0000003E0000000700000010,2.6,2017/4/4,330800,8794c119-5f69-4b70-9c47-0845c8976b23
浙江省,0000000G0000003F0000000700000010,7.67,2018/6/5,330000,88e09122-ee4e-4f11-8fd5-99f5a6e16080
温州市,0000002U0000007X000000070000000X,4.67,2018/12/25,330300,9bdd0d20-dbbe-4a73-953c-18b27fd1b1d3
衢州市,0000002U0000007X000000070000000X,4.33,2017/8/5,330800,50267879-aa9a-4070-86c4-c625adfaf61d
绍兴市,0000001A00000031000000070000000X,3.83,2017/4/25,330600,01dfc888-467f-4645-b962-4a90b6127744
嘉兴市,0000000H0000002T000000070000000X,17,2018/3/5,330400,07fdfeb1-1840-41b9-912d-8599ccc00e35
丽水市,0000000P0000003E0000000700000010,3.2,2017/7/18,331100,ddf7ae48-98e0-4cbc-9f51-a51da7eec2a2
嘉兴市,0000000J0000003Q000000070000000X,40.67,2017/5/25,330400,ebb43d5b-a372-4b5f-a1f4-7e18fdb366e1
宁波市,0000001500000031000000070000000X,4.77,2017/10/25,330200,a13f082f-c319-4ba9-b41a-885d568bf1c1
台州市,0000001A00000031000000070000000X,4.83,2017/2/15,331000,892a05d2-aba0-47b3-8e07-d5cdf4675dc2
嘉兴市,0000000H0000003N000000070000000X,15.33,2017/5/5,330400,aa1c7eed-7a2a-4e12-8264-8c7d20c172c0
衢州市,0000000H0000002T000000070000000X,19,2017/1/5,330800,30398b24-32ee-4506-84d8-25b229688d8a
浙江省,0000000H0000002T000000070000000X,15.8,2017/5/25,330000,944b41db-dbd3-42b3-9fbe-55f6a9d6db09
嘉兴市,0000002P0000007W000000070000000X,3.2,2017/5/15,330400,6eeb4150-c4a4-4a97-be9f-7379e3ab0514
舟山市,0000000S0000002Z000000070000000X,11.67,2018/4/5,330900,2f83d57b-2ab6-46e6-8178-da86a30e9fc8
嘉兴市,0000002U0000007X000000070000000X,4.17,2018/3/5,330400,07a2ee3a-fb2f-49f8-b447-c92ffaf5a3c6
舟山市,0000001E00000031000000070000000X,3.17,2017/4/25,330900,bd221b5b-ef25-47e8-ac44-4b60b53224d2
嘉兴市,0000000G0000003F0000000700000010,12.15,2017/2/7,330400,c7f23b04-eaa2-4cee-90ea-56792348192f
温州市,0000001700000031000000070000000X,3.17,2018/9/15,330300,7ae66348-c16a-484a-b34d-d46f40931058
舟山市,0000002P0000007W000000070000000X,3.33,2018/4/25,330900,9cb8cb2b-1376-4aa2-ba4d-af43cf006b51
衢州市,0000000G0000003F0000000700000010,9,2017/6/27,330800,44e78685-dae8-4f85-a885-cd54587af3c0
杭州市,0000000S0000002Z000000070000000X,8.5,2018/1/25,330100,ab977e0d-d40d-4802-83be-78c4ca59b830
衢州市,0000000H0000003N000000070000000X,15,2017/3/25,330800,c0af6506-a43a-431b-bb6c-793d0b502aed
浙江省,0000000H0000003N000000070000000X,13.99,2017/11/25,330000,b8e033b2-cddc-4553-af2f-2f283e7fd8f1
宁波市,0000001K00000031000000070000000X,3.5,2018/3/15,330200,c7692c68-0aa9-46b0-a202-39f5e4243d7f
丽水市,0000000M0000003V000000070000000X,11,2018/6/5,331100,52298783-97bd-4c53-a1fd-8c116e07c76a
温州市,0000000H0000003P000000070000000X,26,2018/2/25,330300,5a5fda5c-1f5a-4149-87be-e71d21b6b90c
浙江省,0000000G0000003F0000000700000010,9.51,2017/10/17,330000,10cda320-efff-45e0-a000-21c1133edafe
绍兴市,0000000J0000003Q000000070000000X,44,2017/1/15,330600,8fd71d76-d56b-4f01-9af7-65c3b5f85309
金华市,0000001200000031000000070000000X,2.67,2017/7/5,330700,7ccaaaa9-26ca-43d9-8049-7dbfe2593e23
衢州市,0000000C0000002Q000000030000000X,70.67,2019/2/5,330800,acb1993f-b64d-4eb9-a570-5c74632f8949
杭州市,0000000P0000003E0000000700000010,4.8,2017/9/5,330100,083c2fec-d6eb-4a90-9003-8ca6fd45206f
绍兴市,0000000P0000002W000000070000000X,5.83,2019/1/5,330600,a6019f54-d1fe-4ae4-9f22-df873d4cbe25
衢州市,0000000P0000003E0000000700000010,3.95,2019/2/5,330800,bc87b13c-fc96-448d-b40c-56a3f99ae396
浙江省,0000001A00000031000000070000000X,5.17,2017/3/15,330000,cd005f04-53aa-49fd-b07e-1458736e43d3
丽水市,0000001500000031000000070000000X,5.17,2018/12/25,331100,8585fdc6-c535-4aa3-8f4e-a160b2aecda9
宁波市,0000000G0000003F0000000700000010,7.99,2018/6/5,330200,a66f4b96-1eb2-442c-a795-b5e4578eba51
绍兴市,0000000P0000003E0000000700000010,5.1,2018/10/2,330600,7f411c57-4d68-4ee5-bfcf-df3efea075fc
湖州市,0000000K0000003U000000070000000X,0,2017/9/5,330500,886097e5-38de-42c0-b33b-69040dce1c59
金华市,0000001E00000031000000070000000X,2.83,2018/12/15,330700,5b557e96-1822-49b3-a570-7066a323364f
温州市,0000001E00000031000000070000000X,3.67,2017/4/15,330300,a20ebe74-8fb2-4abb-af6e-d7b8ca6d4b79
绍兴市,0000000G0000003F0000000700000010,12,2017/1/3,330600,35f6372d-f6e4-4a6d-9643-5a7229194fe3
舟山市,0000000G0000003F0000000700000010,12.2,2017/2/7,330900,9a64dd64-f2f9-45d6-bedb-f2866d5a873c
衢州市,0000001200000031000000070000000X,4,2017/10/25,330800,21da3a89-396d-4ed1-941c-b22eb84664ac
绍兴市,0000000P0000003E0000000700000010,3.6,2017/8/15,330600,11fddbab-3d4d-4b3f-9e15-108cb31b1fbd
浙江省,0000001500000031000000070000000X,4.47,2017/10/15,330000,6f9c0279-f90f-4528-9d0a-bde41b464d7a
丽水市,0000002U0000007X000000070000000X,4.66,2017/3/25,331100,c8054d58-6803-478d-9e28-afce4ed95101
舟山市,0000000J0000003S000000070000000X,34.33,2018/5/15,330900,86612368-7707-49b9-8b4b-d77e1f77db40
湖州市,0000000X0000007T000000070000000X,35,2018/3/15,330500,f3b61a4f-ab16-4fea-afc0-6e9f10aefc59
丽水市,0000000H0000003N000000070000000X,16,2019/2/5,331100,c4c8c920-879b-4ab0-9f21-a6bbbd247a91
金华市,0000001Z00000036000000070000000X,5.67,2017/4/25,330700,ffb8b26c-7759-4e75-90fd-54bfd7f2689b
杭州市,0000000K0000003U000000070000000X,35,2017/11/25,330100,65f00091-02a9-4255-83f2-15e0f0dd5aef
杭州市,0000001A00000031000000070000000X,5.33,2018/7/5,330100,7ce3d21a-b2a9-4228-9ec8-7a5a64c88a20
浙江省,0000000H0000003P000000070000000X,22.77,2017/5/5,330000,0e53d294-290a-4080-9631-50a5e85a75e2
衢州市,0000000M0000003V000000070000000X,11.67,2016/12/25,330800,6776df3e-9947-4ada-9efd-750ba33689f0
湖州市,0000001700000031000000070000000X,3.17,2019/3/5,330500,2cfc9b29-4d32-4b19-a067-62e32bf754c5
湖州市,0000001A00000031000000070000000X,7,2017/1/5,330500,c36da4f1-dba2-43ac-90bd-e8e78272e636
金华市,0000002U0000007X000000070000000X,3.93,2019/3/15,330700,07f9fc81-8a93-4e52-a23d-8ed9ee7b1c9d
嘉兴市,0000000P0000003E0000000700000010,5.43,2018/9/18,330400,07901713-5681-43bc-9a39-765712d7110b
嘉兴市,0000000C0000002Q000000030000000X,65,2018/2/5,330400,27d402b4-c687-4a4d-81c1-13ef4420cc49
宁波市,0000000Z00000031000000070000000X,5.17,2017/6/15,330200,203f8c2e-2247-449c-ae09-042db5dc2219
杭州市,0000000P0000003E0000000700000010,5.5,2018/8/28,330100,b2fe5aca-cc4e-4b3c-880b-d0985956939b
嘉兴市,0000000D0000002R000000030000000X,38.33,2017/8/15,330400,da615418-cc72-4336-b070-2e808a39e47c
金华市,0000000J0000003Q000000070000000X,41.67,2017/4/5,330700,19570585-3fd0-479e-9664-1548658c1e04
浙江省,0000001500000031000000070000000X,5.28,2018/9/25,330000,e6bf343a-1b66-45df-8c91-757723092415
金华市,0000001400000031000000070000000X,4.5,2017/9/15,330700,9ee50f95-f87f-4ef7-b728-a637eff0a8c3
丽水市,0000000G0000003F0000000700000010,9.4,2017/11/21,331100,0b6fa864-1afe-4735-88d7-e7ed166173db
舟山市,0000000C0000002Q000000030000000X,50.3,2017/7/25,330900,848b3585-63a6-488d-9553-e163074ed3ba
丽水市,0000000S0000002Z000000070000000X,9.67,2017/9/25,331100,fde0cafd-c6cb-4b54-b2b6-52fc2a02aa8c
杭州市,0000000H0000002T000000070000000X,17,2018/2/5,330100,6f0b9db0-8ec5-43f0-8a72-525102e12455
台州市,0000000C0000002Q000000030000000X,63.33,2019/1/25,331000,98f2c918-b8fd-471a-82b9-13de560ca6bd
杭州市,0000001200000031000000070000000X,4.5,2018/11/5,330100,e4547699-79f4-4571-8549-adb7298399eb
嘉兴市,0000000M0000003V000000070000000X,11.67,2017/2/15,330400,9039398e-259d-4777-ae9b-01e8419e0a5e
杭州市,0000000H0000003N000000070000000X,14.33,2019/2/25,330100,dca8a245-6178-455f-918f-a5b3d07fede9
丽水市,0000000J0000003Q000000070000000X,37.33,2017/6/15,331100,5c9b3837-d263-4e19-98c6-fda90aeffc1f
浙江省,0000001Z00000036000000070000000X,5.86,2018/7/15,330000,ed73a0f2-de00-49df-9075-0b83d82551b4
浙江省,0000000H0000002T000000070000000X,15.59,2017/6/25,330000,2a16d681-edca-482e-8f76-56a92602d2aa
丽水市,0000002P0000007W000000070000000X,2.6,2017/5/15,331100,31ea5b0c-44e4-4400-8245-63b9864e8d05
丽水市,0000001Z00000036000000070000000X,5.43,2018/3/25,331100,fcecb27c-e7d8-4059-a062-b286acc59846
嘉兴市,0000001A00000031000000070000000X,4.33,2017/6/15,330400,bdb2f269-5af7-481e-abd1-ae2ffac1fe64
湖州市,0000000J0000003Q000000070000000X,39.67,2018/10/25,330500,991f70f4-98fb-4cf1-9da5-2df36a1effac
绍兴市,0000000P0000003E0000000700000010,3.8,2017/2/7,330600,b147cd34-f735-41db-a994-e6fb08769f9a
舟山市,0000000J0000003Q000000070000000X,40.67,2017/12/5,330900,fe16c8b1-07b7-4f64-a8d9-6e7fe1f8b948
嘉兴市,0000001700000031000000070000000X,3.27,2018/12/25,330400,eb125c0a-8a38-419e-bbd2-52e1a0e5c6e5
绍兴市,0000000X0000007T000000070000000X,46.67,2019/1/15,330600,f31202b1-a25d-48ac-96e5-26b087dd984e
台州市,0000001K00000031000000070000000X,2.33,2017/3/15,331000,57bb7f32-ddd2-4d22-8d4c-964f12c3ba65
绍兴市,0000000H0000003N000000070000000X,13.67,2017/12/25,330600,8aee5874-92b2-482e-8271-16993d0ae3cd
丽水市,0000002U0000007X000000070000000X,3.66,2018/8/25,331100,0bb17772-7ec9-4c75-9d33-604a772cfbf4
温州市,0000001Z00000036000000070000000X,6.67,2017/8/5,330300,752edd5f-b69d-4f14-b742-6bf3d60a028e
绍兴市,0000000H0000002T000000070000000X,14,2017/12/15,330600,9b5d3db1-17dc-476f-af1c-f6fad3b9fb49
丽水市,0000002U0000007X000000070000000X,3.66,2018/9/5,331100,e7f11fb4-7e49-4138-bffa-aeee1d0cb023
衢州市,0000000X0000007T000000070000000X,24.33,2019/3/5,330800,f7f1dfc2-8fa3-42f0-9f55-180d22e8bedf
丽水市,0000000D0000002R000000030000000X,54.6,2018/2/25,331100,fb526ed2-58d2-4e00-9372-faae8bc80c58
绍兴市,0000000J0000003S000000070000000X,33.67,2017/11/25,330600,d85aa49b-32c3-4992-b5ae-f01d150f2f1d
湖州市,0000001700000031000000070000000X,3.17,2017/11/25,330500,95082e2e-975b-4a4f-894f-67531d95acca
温州市,0000002U0000007X000000070000000X,4.67,2018/11/5,330300,aeb1c2d9-1866-4cd2-a41f-fcff21ff83ce
宁波市,0000001E00000031000000070000000X,3.87,2019/1/25,330200,6cdbdbbf-ee74-473d-933b-8c0b7c62a1e8
绍兴市,0000000H0000003N000000070000000X,14,2017/4/15,330600,28dcc314-cdf5-45b5-acb0-b1ae0e5d81a5
金华市,0000000M0000003V000000070000000X,12.33,2017/7/15,330700,e52203a2-1a9f-4fec-9251-221e774152cb
嘉兴市,0000000H0000003N000000070000000X,15,2017/7/25,330400,cad826a9-e6af-403b-992a-7894112c9b27
绍兴市,0000000Z00000031000000070000000X,2.83,2017/4/15,330600,dd7212e3-896d-4d82-a8fa-63685118704c
金华市,0000001A00000031000000070000000X,6.17,2017/11/25,330700,138bf2a2-178c-4143-b336-2c966ebe7128
舟山市,0000000G0000003F0000000700000010,9.8,2017/11/21,330900,369f4c52-725f-4be1-a868-9a215e01a9b3
丽水市,0000000M0000003V000000070000000X,10,2017/5/5,331100,ae35f58e-8de3-402a-8425-746594048f9b
湖州市,0000000H0000002T000000070000000X,16,2017/10/15,330500,0fa20c9b-d72f-4f3d-b496-400927fd0d12
杭州市,0000000J0000003S000000070000000X,37.33,2018/11/15,330100,fe2e4d8e-8362-4cfc-8230-c42ba9e5b695
湖州市,0000001E00000031000000070000000X,5.67,2017/9/15,330500,c54ba726-f4f1-4f46-94b9-274e50d5f413
舟山市,0000002P0000007W000000070000000X,3.33,2019/2/5,330900,c55db079-f387-402d-858f-4cc0e1d8c2f2
金华市,0000001A00000031000000070000000X,4.5,2017/6/5,330700,bae40e46-08d6-4b5d-a0a4-691aeb765361
衢州市,0000000K0000003U000000070000000X,39.67,2017/1/25,330800,67e24504-9f75-4b45-b364-a72b55f1bc96
浙江省,0000001400000031000000070000000X,5.65,2017/4/15,330000,4e5b6bdf-2ffb-40f2-aff6-4399a174026c
台州市,0000000P0000002W000000070000000X,5,2017/9/5,331000,ab625c31-b3db-43b2-804b-383ed895c444
浙江省,0000003100000081000000130000000X,94.04,2017/8/15,330000,32fbc64f-dac1-4191-a50e-0087711ba1cc
舟山市,0000001K00000031000000070000000X,4.67,2018/10/25,330900,dcd5ceb6-7182-48c8-9b26-e54e68b2d3b4
绍兴市,0000000P0000002W000000070000000X,5.83,2018/10/25,330600,ded782ad-7249-4765-94c2-3f5a175b77fc
舟山市,0000000H0000003N000000070000000X,15,2018/2/5,330900,d931ad44-b0a6-4736-9e6e-e1c027634a08
湖州市,0000000G0000003F0000000700000010,8.9,2018/12/4,330500,daa99f42-78ff-4590-a0c5-309c185f2e84
宁波市,0000000H0000003N000000070000000X,14.33,2017/9/25,330200,c14a728a-ba8b-49b9-a3c7-f06cc7e62444
丽水市,0000002P0000007W000000070000000X,2.6,2017/4/15,331100,a147ffb9-a2bf-4121-9263-5fbd4fdf1d4e
嘉兴市,0000001400000031000000070000000X,4.17,2017/9/25,330400,eee40f83-3dd1-4c86-a57a-7a0181f6317b
绍兴市,0000001200000031000000070000000X,6,2017/2/5,330600,21687539-5851-4883-ba3e-51bc7d22c694
湖州市,0000000C0000002Q000000030000000X,57.67,2018/4/25,330500,f06b7492-9630-4eab-b0cc-eebbfb6bb614
湖州市,0000000P0000003E0000000700000010,5,2017/8/15,330500,f856953b-a4cc-4b8e-b779-bc4f32636f83
舟山市,0000001A00000031000000070000000X,5.67,2018/12/5,330900,0628d4a3-709a-4147-ae61-2287ac8eb714
浙江省,0000000G0000003F0000000700000010,11.38,2017/2/28,330000,79fc532c-7681-426c-beb0-2f7fd2f6d74b
绍兴市,0000001400000031000000070000000X,6.17,2018/4/5,330600,7cc3b8c8-379c-405e-81c6-0f2419d26bb1
杭州市,0000001700000031000000070000000X,3.17,2019/2/25,330100,34c7b0ef-ede6-457a-975f-b36cf6238f8e
舟山市,0000000X0000007T000000070000000X,40,2017/3/5,330900,23571b5e-767a-48b0-a118-f0cbf569da02
绍兴市,0000000P0000002W000000070000000X,5.5,2017/12/15,330600,3ce16364-09ea-46b4-9b07-283cead8c5ff
宁波市,0000000G0000003F0000000700000010,10.43,2018/8/28,330200,01c57745-31f1-4b3f-a060-29e75cfc0085
温州市,0000003100000081000000130000000X,63,2018/7/15,330300,21ce2038-2989-432b-9b3f-f942b89096bb
绍兴市,0000000K0000003U000000070000000X,37.33,2018/8/25,330600,bf7e18dd-63d7-4638-94cf-1460a0aa514d
杭州市,0000000J0000003S000000070000000X,35.5,2017/8/15,330100,36d8fd48-0b17-47ca-98fd-85ce6c41c38e
衢州市,0000000P0000002W000000070000000X,6.33,2018/8/25,330800,b89bff18-a851-46a0-92c2-37208350fca2
杭州市,0000001A00000031000000070000000X,4.97,2017/7/5,330100,7d73376d-ea81-454e-b10c-f3aac138991e
台州市,0000000H0000003N000000070000000X,11.67,2018/7/15,331000,56f85c06-fc8e-44e5-a695-7a14b5e6e10b
浙江省,0000000X0000007T000000070000000X,38.85,2017/6/5,330000,f6300d16-2de5-4122-872d-a6a4d5433810
舟山市,0000000G0000003F0000000700000010,10.5,2018/1/9,330900,28bf61ec-b0a4-4fa2-8762-602026fd1ad1
绍兴市,0000000C0000002Q000000030000000X,57.67,2018/6/5,330600,017d2a42-b6aa-4b74-be79-a7b218ae909a
浙江省,0000001Z00000036000000070000000X,5.92,2018/4/25,330000,d7a7eee5-9089-49a0-afd0-8d2e7833d7fe
温州市,0000001200000031000000070000000X,6.17,2019/2/15,330300,5515a2bc-c92e-451a-a698-54d9c7e18f94
丽水市,0000000S0000002Z000000070000000X,9.33,2018/3/15,331100,dd86628e-3da5-435b-a461-fb885edc0522
杭州市,0000000M0000003V000000070000000X,11.67,2018/11/15,330100,20c3111d-5e32-45e5-99c0-c22753036f58
台州市,0000000Z00000031000000070000000X,5.17,2018/6/5,331000,39c205fe-346c-45f9-9976-791d278b9ec6
舟山市,0000000P0000003E0000000700000010,4.8,2018/1/16,330900,2741454e-bde1-4273-b318-68446c4286ea
衢州市,0000000H0000002T000000070000000X,19.67,2017/2/15,330800,ba197f94-e4c0-491a-8a3c-40018daee709
衢州市,0000002200000038000000070000000X,2.67,2018/10/15,330800,77154c7d-91b5-4118-afef-369321457de2
嘉兴市,0000000J0000003S000000070000000X,32.33,2017/9/5,330400,a7890ba2-4b85-4177-86f9-df721dcc8fa1
浙江省,0000000X0000007T000000070000000X,34.82,2018/9/15,330000,4319664e-45f8-4a3d-81b4-9cda3e38a9f6
温州市,0000002200000038000000070000000X,3.17,2017/4/15,330300,5127380b-b3d1-451b-81b2-9ea4c3ed4320
温州市,0000000P0000002W000000070000000X,5.33,2018/6/15,330300,6e3c4a38-987c-4116-9ccd-5373cc441b4b
丽水市,0000000M0000003V000000070000000X,11.33,2017/12/25,331100,7c48c6dc-f836-48d3-9230-09fe39a1ba2b
丽水市,0000000P0000003E0000000700000010,5,2018/8/7,331100,30f262b2-8f6f-4afc-a047-b7e6cb35bad9
温州市,0000000C0000002Q000000030000000X,60,2019/2/25,330300,cbe8da4e-4281-45c1-9a8d-347d9e29ae16
台州市,0000001Z00000036000000070000000X,5.83,2017/2/5,331000,c5b41955-fe1f-46b6-852f-f6f464e8518c
台州市,0000000J0000003Q000000070000000X,38.33,2018/4/5,331000,da301429-fa47-4cd7-b931-0e8de8ea103b
衢州市,0000000Z00000031000000070000000X,4,2019/3/5,330800,7b655f8d-880f-47eb-908d-7766aeca9940
舟山市,0000000G0000003F0000000700000010,10.7,2017/9/5,330900,47057e28-07b6-4e99-981c-8c74b170a4f4
宁波市,0000003100000081000000130000000X,138.33,2018/6/5,330200,fd02c5fb-32c9-4b3e-9eee-9886b59538ec
绍兴市,0000000X0000007T000000070000000X,37.33,2018/9/15,330600,e94fc806-3eeb-490e-a799-093f75b3c1db
舟山市,0000001700000031000000070000000X,2.83,2018/9/5,330900,4d500e0c-8f92-41f1-8e95-661904ce42ba
丽水市,0000001A00000031000000070000000X,4.83,2017/3/25,331100,97e21763-ce95-4416-85a3-0fa444a756a5
浙江省,0000000H0000002T000000070000000X,16.64,2019/2/15,330000,1309ad9e-0744-416b-9004-5a77bb7b6883
浙江省,0000003100000081000000130000000X,94.57,2017/11/15,330000,8ddf7d12-d0a8-4f56-be5c-5c415a073527
舟山市,0000001K00000031000000070000000X,4.83,2017/10/5,330900,ef4d7c7f-e5b8-4573-af94-ac4cc594903b
杭州市,0000001K00000031000000070000000X,3.03,2017/4/25,330100,8120a0d2-a39e-4265-8b73-33b3564cf597
舟山市,0000002P0000007W000000070000000X,3.1,2017/1/25,330900,e8648c96-f463-4e86-b264-adb1dc1a4961
台州市,0000001400000031000000070000000X,5.67,2017/1/5,331000,1bb85f45-3e25-43b3-835d-c43f3d125391
湖州市,0000000C0000002Q000000030000000X,57.67,2017/5/15,330500,89510ae0-b23e-43ad-bf5c-485a119b8640
嘉兴市,0000002200000038000000070000000X,3.17,2019/2/25,330400,25148c94-0512-4451-96bd-7eda8b723280
温州市,0000001500000031000000070000000X,5,2017/5/15,330300,b83632d9-4768-4963-bb7e-aa2b59d37774
嘉兴市,0000001E00000031000000070000000X,4.17,2017/3/25,330400,b9152b64-b20d-4e8f-b0d9-f8ade298fc90
宁波市,0000001700000031000000070000000X,3.3,2017/3/15,330200,87faa522-c466-4d60-bbbc-6cfd76e81464
金华市,0000001E00000031000000070000000X,3.17,2018/5/5,330700,f24df1b5-61d4-44ca-9061-32ff0b59387a
绍兴市,0000000J0000003S000000070000000X,34.67,2018/8/5,330600,bba15f34-a34a-448f-b13d-f3dc9105b233
湖州市,0000000Z00000031000000070000000X,7.5,2018/10/5,330500,471f29db-0caf-4c71-ad95-da896e4d136e
舟山市,0000001Z00000036000000070000000X,8.5,2018/11/15,330900,1bd0eea0-9a03-4d7b-84ef-7cf09c47456b
绍兴市,0000000P0000003E0000000700000010,4.2,2018/11/27,330600,feafdc1b-3c8c-4456-95b7-d5ebbf826344
杭州市,0000001700000031000000070000000X,2.83,2019/1/5,330100,007bc8b5-eeb6-40cc-b448-3719ba9ab511
杭州市,0000000J0000003Q000000070000000X,42,2018/3/5,330100,857937f0-9861-49eb-9819-4fba968beaef
杭州市,0000000P0000002W000000070000000X,4.17,2017/5/15,330100,84513df3-446e-4254-b283-d9f91c48e729
湖州市,0000000J0000003S000000070000000X,34.67,2018/4/5,330500,0533c41f-63c4-4d5d-8bcf-0d99ecf5525b
丽水市,0000000H0000003P000000070000000X,19,2018/9/5,331100,c5c22a69-400f-4df3-9515-316e57995828
湖州市,0000000P0000003E0000000700000010,2.5,2017/5/9,330500,9802dd00-d525-43f6-9384-e69baccbff1c
温州市,0000002200000038000000070000000X,3.17,2017/4/15,330300,d17076d0-5bef-43f3-8a5c-fe1416c82a8f
宁波市,0000000H0000002T000000070000000X,15.33,2017/11/25,330200,37ddeed9-eedc-4aff-82c0-2ec4e1e5a0c6
杭州市,0000000X0000007T000000070000000X,39.33,2018/9/15,330100,0e833b2c-98e8-41cd-b853-8193f5d9ece9
丽水市,0000000K0000003U000000070000000X,44.33,2019/2/25,331100,65ecf6c7-ff4a-4fb3-989a-05ebf61f4f66
丽水市,0000000X0000007T000000070000000X,42.67,2018/8/25,331100,88bf2cb6-ff01-4943-888f-8490cc93c011
绍兴市,0000000H0000003P000000070000000X,25.33,2016/12/15,330600,9bd5e408-e3f8-4c17-b0b5-e1ad4bfbf9ff
丽水市,0000001A00000031000000070000000X,6.67,2019/2/25,331100,602b1cfc-0970-4564-a1a0-8a2be46776b8
宁波市,0000000D0000002R000000030000000X,41.5,2018/7/15,330200,cf8266a5-b065-4d28-a7d3-db724a957886
宁波市,0000000K0000003U000000070000000X,36.17,2019/1/5,330200,cbecdad8-cf3d-4572-b6fb-3b4713939973
宁波市,0000000P0000002W000000070000000X,4.7,2017/4/15,330200,b5f543c2-38c6-40a6-a14f-82e88c80face
衢州市,0000000G0000003F0000000700000010,9.9,2018/8/14,330800,9b246fe0-1a42-49fd-8497-4fd2a3f0bb1d
丽水市,0000001A00000031000000070000000X,5,2018/5/5,331100,72d5b59d-4d96-4b79-81ba-b3160a9786b0
嘉兴市,0000001Z00000036000000070000000X,6.17,2019/1/15,330400,ca59f460-b0bb-475b-8cf0-47602561e39e
温州市,0000002200000038000000070000000X,3.5,2018/6/25,330300,1d27c97d-34ab-495b-b4f6-9200d53cf540
金华市,0000000P0000003E0000000700000010,4.5,2018/12/25,330700,0db2dee1-765b-4447-9256-dd0b9c658eba
嘉兴市,0000000D0000002R000000030000000X,35.33,2019/1/5,330400,76c36478-34a2-4726-9ef9-70cdc68fef05
杭州市,0000001200000031000000070000000X,4.17,2018/5/15,330100,4d6cbf3a-731e-43ef-bd4a-a413aece4e79
衢州市,0000001400000031000000070000000X,5.33,2018/9/15,330800,7e476d03-6e13-4bab-a614-e0720bfc59cf
杭州市,0000000J0000003Q000000070000000X,31.5,2017/2/15,330100,92342cc0-92f0-48b4-b6a8-d881a3bb9171
宁波市,0000000H0000003N000000070000000X,15.23,2018/11/15,330200,a9cc8734-73b7-4c52-ad07-2a053852f17e
丽水市,0000001500000031000000070000000X,4.33,2018/8/15,331100,9752ef70-d65c-4a1f-a695-33a45d8dfc07
绍兴市,0000000M0000003V000000070000000X,9.5,2018/8/25,330600,b86469ce-1c66-46a1-bb73-61671e440f91
杭州市,0000002P0000007W000000070000000X,3,2018/12/25,330100,bb120547-a240-4064-8d77-fa0b59594a35
浙江省,0000002U0000007X000000070000000X,4.33,2018/7/25,330000,192b88cd-732c-45ad-b2a5-c1fc90e124ff
衢州市,0000000H0000003P000000070000000X,22,2017/5/25,330800,18bdc33d-9b6a-402b-ba4c-7b6b7a29d790
台州市,0000001700000031000000070000000X,2.5,2017/4/15,331000,bc377b14-b841-4251-aaaf-734f1485858f
湖州市,0000000G0000003F0000000700000010,9.9,2017/8/22,330500,b14bfe52-0149-46f8-83c1-7d6d269448d7
台州市,0000000H0000003P000000070000000X,26.67,2017/2/15,331000,a63f86a7-714c-4f8d-8178-2ab9f39a36ef
浙江省,0000003100000081000000130000000X,91.16,2017/4/15,330000,d0fec27b-1a8d-4856-90d9-2625a0de1014
嘉兴市,0000000P0000002W000000070000000X,5.5,2018/9/15,330400,59b19f1c-8257-4fa0-9ade-a5de19a3582a
湖州市,0000001200000031000000070000000X,3.5,2017/5/15,330500,9ad385d8-fe3f-4957-8064-4dc4a043f30a
台州市,0000002200000038000000070000000X,2.67,2018/8/5,331000,44454310-0cd9-458a-a7c8-557ac3d8abb4
浙江省,0000000J0000003S000000070000000X,34.77,2017/3/15,330000,2f3866c7-ba1e-4d84-b680-5363cc4a740c
丽水市,0000000J0000003S000000070000000X,36,2018/3/25,331100,71d164bf-dfe2-474c-a9cc-7ff1c013170d
杭州市,0000000D0000002R000000030000000X,46,2017/10/15,330100,ebc0bebb-858c-4de4-b501-0da3a9fdd2a6
杭州市,0000002U0000007X000000070000000X,4.27,2017/6/25,330100,41b428d5-de4c-4d3d-86df-4bed9e1dc9c4
浙江省,0000000H0000003P000000070000000X,22.12,2017/7/5,330000,b4826c46-93d6-4c7e-9259-fa5323f4e67c
丽水市,0000000X0000007T000000070000000X,38.33,2017/12/25,331100,4d86e1f0-524a-4a50-87b8-5dba684c1f63
湖州市,0000000H0000003P000000070000000X,18.67,2018/3/5,330500,46588d66-e3e8-4351-9256-7782f2936670
温州市,0000000D0000002R000000030000000X,46.67,2017/11/15,330300,4218753c-0190-4564-9497-6b305f830325
衢州市,0000000J0000003S000000070000000X,36.33,2017/4/15,330800,c10685fb-ef5f-46b4-ae8b-28029a52365a
衢州市,0000003100000081000000130000000X,86.27,2018/9/15,330800,b32a3871-e0cd-446b-8e0e-63ecdc72b404
嘉兴市,0000000P0000002W000000070000000X,5.4,2017/10/25,330400,4c47fb98-b3bb-4cf9-a8b4-e40fa59cc4cd
衢州市,0000000H0000003N000000070000000X,11.33,2018/7/5,330800,d97a35aa-967f-49f6-836a-d0c81e2c9b3b
丽水市,0000001E00000031000000070000000X,3.67,2018/7/5,331100,3882a997-f2be-4953-b8ff-1eff0eb47160
台州市,0000000P0000003E0000000700000010,4.28,2019/1/29,331000,40406425-52e5-48fb-a735-90e31d450bde
绍兴市,0000001700000031000000070000000X,2.5,2018/7/15,330600,23f85a91-8c25-4c34-a453-ad24bf455867
台州市,0000000J0000003Q000000070000000X,40.67,2018/10/5,331000,97e9313b-ab49-4cbe-ab0e-920c942f8843
宁波市,0000000J0000003Q000000070000000X,38.67,2017/1/15,330200,20fb1a2a-c51b-44ec-8e91-1cd5057bb3b9
嘉兴市,0000000G0000003F0000000700000010,9.5,2019/1/29,330400,b4aac66c-8637-40a1-9fa1-b24938c50048
宁波市,0000000P0000002W000000070000000X,5.33,2017/9/15,330200,2ac02218-54c3-4f48-9204-3ade0ecbff66
湖州市,0000002200000038000000070000000X,4,2017/12/15,330500,42e11bf1-6343-4c21-a1bf-ed8bfd98f04c
绍兴市,0000000H0000003P000000070000000X,24.67,2018/1/5,330600,c0086b7b-eec0-41f8-a630-2ab47fe1c339
嘉兴市,0000000M0000003V000000070000000X,11.67,2018/10/15,330400,ff72a956-acff-4d37-b493-df0a5dab3394
绍兴市,0000000J0000003S000000070000000X,33.33,2017/10/15,330600,8cbd4342-b939-4b8e-b314-1a6daf2140d9
嘉兴市,0000000X0000007T000000070000000X,32.33,2018/9/25,330400,0637f8a5-d4cb-49c7-b397-71ea9ad092c9
宁波市,0000000D0000002R000000030000000X,44.43,2017/10/5,330200,ec342c90-e782-4ff5-837c-b1a192e0619a
丽水市,0000000K0000003U000000070000000X,36,2018/1/25,331100,c06794f5-9d42-4604-adbe-4925f62c9e4a
丽水市,0000000H0000003P000000070000000X,24,2018/10/25,331100,392d2bea-a5c1-4c4e-b575-431c5edfa568
台州市,0000001500000031000000070000000X,3.17,2018/4/25,331000,184e17e9-e1b5-41df-896c-b9bc5469ba71
台州市,0000001E00000031000000070000000X,4.83,2018/8/5,331000,3250a194-d95b-473b-b3d3-a83f215b6749
嘉兴市,0000002P0000007W000000070000000X,3.2,2017/1/5,330400,ff294e9e-4e05-4ceb-9420-2e3a88d98f85
浙江省,0000000P0000003E0000000700000010,3.11,2017/2/28,330000,f41afc63-943c-40a5-93c1-d5cc88c48b23
湖州市,0000000P0000002W000000070000000X,5.83,2018/1/25,330500,53ab7a1b-be86-4fd6-9f09-4582013e63e9
温州市,0000000H0000003N000000070000000X,17.67,2017/1/5,330300,a2db7e0b-2bc8-4042-9a14-5cbdd4061470
绍兴市,0000000X0000007T000000070000000X,30.67,2017/9/15,330600,ac1b73e4-2cea-42b0-bcc0-ae5f647f65c4
杭州市,0000001A00000031000000070000000X,5.1,2017/3/5,330100,48e020e7-f75f-4f07-a1a0-0faa29088479
衢州市,0000000J0000003Q000000070000000X,39.33,2017/3/25,330800,c326d9c8-b385-47d5-8688-4137e7f6de51
台州市,0000001Z00000036000000070000000X,6.33,2017/9/5,331000,72590811-a6ab-4fa0-8ee6-3a3b275dc55d
湖州市,0000000H0000003N000000070000000X,14,2017/8/5,330500,3432ce7c-3198-48bb-8280-4acf35e4c132
丽水市,0000000M0000003V000000070000000X,11.67,2019/2/5,331100,39b86a3c-739b-4426-a5b0-d1083163cbae
湖州市,0000001200000031000000070000000X,4.5,2016/12/15,330500,b80cafc4-9ce3-4349-9afa-3eab91bcba7a
温州市,0000000M0000003V000000070000000X,15.33,2018/9/15,330300,90b2176b-2d53-4a05-b428-5b19216c839b
台州市,0000001A00000031000000070000000X,4.33,2019/1/5,331000,7c3756a5-5739-44a5-9b06-fbc3a0143055
浙江省,0000001E00000031000000070000000X,4.4,2019/3/5,330000,6b579ed7-223b-4f4e-979f-11812bd64ae2
丽水市,0000000H0000003N000000070000000X,13.67,2017/4/15,331100,e068d863-eb27-4a5c-b403-2f295363624f
湖州市,0000001K00000031000000070000000X,4.17,2018/7/15,330500,8c0bf9a9-c73b-4b80-b461-1aa6a6b6d904
金华市,0000001400000031000000070000000X,4.67,2017/11/5,330700,54b5ecce-081b-4709-8a6a-ee0c607e8a4f
绍兴市,0000000P0000002W000000070000000X,5.67,2018/1/15,330600,7fa11e33-ab6d-49ca-8578-21701ec73924
丽水市,0000000C0000002Q000000030000000X,70.23,2017/8/15,331100,e60743fa-8e10-4114-aa5e-b70d73c327f4
舟山市,0000001A00000031000000070000000X,5.67,2018/10/25,330900,e53e8368-ba11-44e8-a239-ad29c9cad79f
浙江省,0000003100000081000000130000000X,86.35,2019/3/5,330000,5bf15ecd-7c93-45cc-88d1-eed7d4f3d437
浙江省,0000001500000031000000070000000X,5.4,2017/2/5,330000,fb350229-b82e-4c76-9ec5-7b492bde5826
舟山市,0000002200000038000000070000000X,4.6,2018/11/5,330900,5f51afb4-b4cc-47d6-8d20-a71c723c201b
温州市,0000000H0000003N000000070000000X,16.67,2018/3/15,330300,b85b9a3c-b271-4fbc-8fbe-2edc2e2d7bfd
湖州市,0000000Z00000031000000070000000X,4.17,2017/6/5,330500,a7b66f9b-fb11-49c3-bde3-d97066231a3d
浙江省,0000000D0000002R000000030000000X,44.76,2017/4/5,330000,d10d14a3-882e-401e-946b-fd265ce3708d
宁波市,0000000J0000003S000000070000000X,30.5,2017/5/15,330200,13a63ba6-c4d1-46b0-b69f-20ba9b8bd585
湖州市,0000000G0000003F0000000700000010,9.6,2017/10/17,330500,a102184c-c041-417f-a55c-24fe431b367b
宁波市,0000001500000031000000070000000X,6,2018/10/15,330200,6d3e0aac-dd3b-4169-bbb5-b50a0c0a8fe2
宁波市,0000002P0000007W000000070000000X,2.93,2018/8/25,330200,0a23fc74-ceb2-4cb3-a294-f287bf607fee
湖州市,0000000C0000002Q000000030000000X,57.67,2017/5/5,330500,b0a7e567-ec0f-4c38-b75a-18a03828e431
湖州市,0000001A00000031000000070000000X,7,2016/12/25,330500,1c72cb9f-fef5-4b06-baa5-1d5ca167bb44
杭州市,0000002P0000007W000000070000000X,2.8,2017/4/15,330100,a85673c4-b6cd-4e9f-b057-e09aaabb5530
金华市,0000001E00000031000000070000000X,5.17,2018/6/5,330700,658bb76f-f238-4429-9e56-c8ef3b3e1166
浙江省,0000001500000031000000070000000X,5.39,2017/1/25,330000,04c60c9f-c87b-4c21-9861-07cefad2e113
金华市,0000000C0000002Q000000030000000X,68.17,2017/6/15,330700,7d09ff8f-c028-4136-ad3b-b36b4ed8e0ca
金华市,0000001K00000031000000070000000X,2.17,2017/4/5,330700,1be5b5ef-f802-4433-9f02-c766c7c7eb14
金华市,0000000H0000003N000000070000000X,14.33,2016/12/15,330700,31d724be-7a07-41cc-91b8-953a576619d8
嘉兴市,0000001Z00000036000000070000000X,5,2018/9/15,330400,834104a8-0ef0-4910-a27b-301e8ca42c81
金华市,0000001500000031000000070000000X,3.67,2017/5/25,330700,a0cc6710-0771-4751-aefd-bdd8d5d02a0f
衢州市,0000000M0000003V000000070000000X,11,2017/1/25,330800,8ac924a7-3d08-4569-a6f4-99ef0186b40d
舟山市,0000002U0000007X000000070000000X,3.83,2018/4/15,330900,f18c1a19-3aad-406a-bc9d-0bb8a0c32af0
丽水市,0000002U0000007X000000070000000X,4.66,2017/2/5,331100,59b42718-baf0-4d09-9687-1aab17a776cd
衢州市,0000003100000081000000130000000X,93.27,2017/11/15,330800,a292d63d-84ec-48a9-b9a9-716bd7a835ae
金华市,0000001500000031000000070000000X,2.83,2018/7/5,330700,0338d7d4-d0f9-4810-a77d-cf19228505ec
温州市,0000001E00000031000000070000000X,4.17,2017/6/25,330300,f987e575-ddff-4af3-9036-3816885ad3e3
湖州市,0000000S0000002Z000000070000000X,8.83,2017/4/25,330500,69f76426-ea83-4674-a1d0-9d534b17fda6
温州市,0000001A00000031000000070000000X,4.83,2017/11/25,330300,b429df09-3144-4bbb-819e-60d5b2767865
宁波市,0000002200000038000000070000000X,3.7,2017/4/15,330200,e4e30a6e-ddb7-4103-afc9-46e50a652752
温州市,0000001E00000031000000070000000X,5.83,2016/12/15,330300,661a37e4-7c38-4f89-ba1d-64e26fe43aa3
浙江省,0000000D0000002R000000030000000X,43.55,2017/11/25,330000,a6cb9d5b-41d6-4ab1-a606-c9865a88454c
绍兴市,0000003100000081000000130000000X,66,2017/7/25,330600,369392ba-cb3b-4f36-9d2c-a22310efc014
浙江省,0000000K0000003U000000070000000X,35.63,2018/1/5,330000,1664c021-abda-478e-907f-78b9a350d662
湖州市,0000002200000038000000070000000X,4.5,2019/3/15,330500,4c2ba934-cbdb-435e-bcc0-e8f9befa4192
舟山市,0000001E00000031000000070000000X,7.17,2018/9/25,330900,84c89c11-4c1b-4028-822e-966f84f40472
舟山市,0000000P0000003E0000000700000010,3.5,2017/4/25,330900,90492e85-10b9-4ae4-a621-60396fcff73e
舟山市,0000000S0000002Z000000070000000X,11.67,2017/10/15,330900,94517850-2eab-4186-8c78-13d27cc90f82
浙江省,0000002200000038000000070000000X,3.81,2019/3/5,330000,31949bdd-53b7-4372-b9c7-30b9d86132bd
金华市,0000001200000031000000070000000X,4.5,2018/12/25,330700,54d5fce8-8caa-4c13-bffd-a3c100e78162
衢州市,0000000D0000002R000000030000000X,38.33,2017/11/5,330800,76d4b2a3-11aa-4c8b-bf86-426f4877ac09
湖州市,0000000K0000003U000000070000000X,0,2018/11/5,330500,dd8c2e7b-65a1-44cd-b658-d7406d599fbb
湖州市,0000001A00000031000000070000000X,6.67,2019/2/25,330500,f3da19a2-64f5-4ef8-9650-c0ea8da01090
金华市,0000000C0000002Q000000030000000X,68.17,2017/7/25,330700,1237e42f-2ddd-4365-b8af-edea4800a12b
杭州市,0000000H0000002T000000070000000X,17,2017/8/5,330100,9007c235-5863-4580-888e-261adfd3cb9e
宁波市,0000000H0000003P000000070000000X,27.5,2017/4/25,330200,d4a58195-1347-4179-9fa8-a2fd8e2868db
台州市,0000001500000031000000070000000X,4.83,2019/2/25,331000,c7e27664-98b2-45ba-936b-1062ce4c73ba
温州市,0000000D0000002R000000030000000X,46.67,2017/12/15,330300,551c94c5-98d7-4ff4-b76c-07ccde856320
宁波市,0000000D0000002R000000030000000X,41.5,2018/8/15,330200,43cf3a85-aa90-4472-968c-988dd7e38163
舟山市,0000001200000031000000070000000X,5.17,2018/12/15,330900,b1829f7b-6c3e-47fe-95e7-9e612510495c
浙江省,0000002200000038000000070000000X,3.13,2017/12/25,330000,f2093ba5-ea90-48cd-bc59-19400639520b
嘉兴市,0000000P0000002W000000070000000X,3.83,2017/4/5,330400,1ed80ea7-c592-4087-856e-279353d1456c
温州市,0000001200000031000000070000000X,5.67,2018/9/25,330300,947c6b5b-d72c-4c14-a7df-4e8798a8292e
金华市,0000001K00000031000000070000000X,3.67,2018/2/15,330700,2ad14017-6bb3-40b8-9cab-e577e307fbdd
杭州市,0000001400000031000000070000000X,7.83,2019/1/15,330100,6c9a3310-0c60-4a32-964c-e9ec6edea597
绍兴市,0000000H0000003N000000070000000X,13.5,2017/12/15,330600,ff72c7ae-3d42-41e0-85be-a95aedca0deb
绍兴市,0000000Z00000031000000070000000X,5.5,2017/11/5,330600,8d113edb-705f-49aa-88ba-e4d52ecc76e2
丽水市,0000000G0000003F0000000700000010,11.3,2017/2/28,331100,478b4471-e4e3-454b-a3cb-0e854b7b2999
台州市,0000000H0000003N000000070000000X,12.67,2017/7/5,331000,bc61d44f-711b-41e5-8af9-c20793dd1cbc
丽水市,0000001K00000031000000070000000X,4.5,2018/9/25,331100,259bd90d-0674-4aee-b3ea-169fc098b950
杭州市,0000000H0000003N000000070000000X,14.33,2018/4/15,330100,e3667274-eded-43b0-8539-3d51ef163d44
浙江省,0000001700000031000000070000000X,2.7,2017/11/5,330000,28d376e1-7035-4af0-bb30-bd22fa646dc6
宁波市,0000000G0000003F0000000700000010,8.21,2018/6/26,330200,416472be-c9f2-4e84-b71d-0764e640d857
衢州市,0000000M0000003V000000070000000X,10.5,2017/4/25,330800,6a65f494-cca0-4153-ae2a-f3f38c38a2e9
丽水市,0000001500000031000000070000000X,5.67,2019/3/15,331100,904732ae-e7f5-428b-8241-59e5a4bebfc3
绍兴市,0000001A00000031000000070000000X,5,2018/11/5,330600,9ac48b8c-747c-41ee-a45e-288a88e19f2b
浙江省,0000000G0000003F0000000700000010,10.64,2017/4/4,330000,33cf0b57-14ec-4f1e-8b89-2567109576ad
温州市,0000000X0000007T000000070000000X,40.67,2019/1/5,330300,73571423-6a61-4f31-ac12-7dcf8065ba6a
丽水市,0000002P0000007W000000070000000X,2.6,2018/2/25,331100,52325e8a-7f6a-4303-a9f8-27d76f984a5e
宁波市,0000000Z00000031000000070000000X,6,2017/12/5,330200,062118d0-787b-4477-af79-eedf8679416c
湖州市,0000001A00000031000000070000000X,7.33,2017/10/15,330500,ab08a361-1d7c-499c-9e76-a8c7112dae23
湖州市,0000000J0000003Q000000070000000X,39.67,2018/4/15,330500,0cac90ac-5cf1-4a57-95a3-8078c3d31c9b
衢州市,0000002P0000007W000000070000000X,2.5,2017/3/25,330800,70fff7e8-7b17-403e-b147-ae43323bcc7f
衢州市,0000000H0000002T000000070000000X,17,2018/7/15,330800,60a7a183-1c41-4028-a248-994c08e985e3
衢州市,0000002U0000007X000000070000000X,4.33,2017/5/25,330800,b7676315-4a17-4dc2-a1eb-6cd2c762db86
湖州市,0000001E00000031000000070000000X,4.83,2017/10/5,330500,c48fa19d-32c6-46d1-b17c-f7db68adfb46
金华市,0000000H0000002T000000070000000X,15,2017/9/15,330700,c5dd20d5-c410-4b78-98fd-c29f5c78886b
绍兴市,0000000P0000002W000000070000000X,5.67,2017/9/15,330600,d904097f-8c1f-45f0-8a27-64926757d71a
嘉兴市,0000000H0000002T000000070000000X,16.33,2018/8/5,330400,39b962f6-d50b-48fb-aa2b-7a75d65db6fa
杭州市,0000000H0000003P000000070000000X,22.17,2017/1/25,330100,bfc7927a-4c37-40ee-a8ef-513052ba44dd
浙江省,0000001Z00000036000000070000000X,5.83,2018/1/25,330000,71892e9d-772b-4ffc-8702-8ecd3dc0a35b
浙江省,0000000H0000003P000000070000000X,22.65,2017/10/25,330000,9c69c610-6cdb-4fa9-8b0a-39be540fd454
衢州市,0000002U0000007X000000070000000X,5,2018/6/5,330800,3c1615a2-1d00-428a-99eb-1596dd6c0187
杭州市,0000001K00000031000000070000000X,4.33,2019/3/5,330100,2cee1ef2-4bb8-46bc-a0a0-30236cc81fac
丽水市,0000000H0000003P000000070000000X,22.67,2018/9/15,331100,cfd9238d-4a62-4c3a-85f1-3d6d16273891
金华市,0000000H0000002T000000070000000X,15.33,2018/2/15,330700,52ff1b0d-93b9-400e-8112-51aaf346a0fb
湖州市,0000002200000038000000070000000X,4.67,2018/5/15,330500,37766211-6cfb-4d08-91f2-5519e482b536
宁波市,0000000P0000002W000000070000000X,6.53,2018/10/15,330200,17441477-cd7e-4999-93ad-575943161cf7
温州市,0000000P0000002W000000070000000X,4.13,2017/5/5,330300,7b57ec0c-ba38-4198-b8e9-45b4c8d982cc
杭州市,0000000J0000003S000000070000000X,35.67,2018/8/25,330100,dbb8f2b7-3b5e-4606-a44c-11067486ce1d
杭州市,0000001A00000031000000070000000X,5.5,2018/12/15,330100,626c432c-a430-4fc5-bc2d-f2dfcc0dbb8e
嘉兴市,0000002P0000007W000000070000000X,3.2,2018/8/25,330400,0e11cfef-a5fe-49fa-bef1-43620529cbfd
湖州市,0000000P0000002W000000070000000X,5.33,2018/6/25,330500,929d53aa-6af5-4033-bd33-5ed84ad14d3a
舟山市,0000000C0000002Q000000030000000X,51.6,2017/4/25,330900,57d2120c-b0c4-4353-8573-b09301d2e7ac
台州市,0000001400000031000000070000000X,4.67,2017/11/15,331000,384d55ff-dce4-47f1-894e-59edccfc8d76
嘉兴市,0000001500000031000000070000000X,5.67,2018/10/5,330400,2a113f51-d9ce-411b-87ca-04dc83232148
湖州市,0000000H0000003P000000070000000X,18.67,2017/11/5,330500,a047c241-208d-45bd-ae15-16180f18cf0b
台州市,0000001400000031000000070000000X,5.5,2017/1/15,331000,50dd944f-525e-4f71-b4b0-5aaebb6f583b
嘉兴市,0000000D0000002R000000030000000X,35.33,2018/10/15,330400,fd49a467-6ce6-458b-a4bc-e063cafdcd5c
浙江省,0000001Z00000036000000070000000X,6.31,2018/12/5,330000,6a80c48c-70df-44b2-a6a1-28a5ceb80052
湖州市,0000000G0000003F0000000700000010,10.4,2017/4/11,330500,eb10fbe7-2f1f-48a5-b298-ef2a19258385
衢州市,0000000S0000002Z000000070000000X,9.5,2017/9/5,330800,a5354b3a-127e-4735-a55f-a02487ac5141
舟山市,0000001E00000031000000070000000X,4.5,2018/5/25,330900,de2d6e8f-2e39-4d84-bdf7-5ac48b50d148
杭州市,0000001400000031000000070000000X,6.07,2018/1/15,330100,dadeb1c6-24a7-4791-b097-bb2ad4713288
湖州市,0000002P0000007W000000070000000X,3.89,2017/2/5,330500,7043f0aa-4bf9-4456-9193-8662c03892ff
丽水市,0000000G0000003F0000000700000010,10.5,2019/3/5,331100,2dfe285c-6249-4c8b-a458-dfbba89fa4fb
嘉兴市,0000000H0000003N000000070000000X,15,2017/8/5,330400,cf827524-901f-4a93-9b53-033e5d2ec46b
宁波市,0000000H0000003P000000070000000X,28.33,2018/10/15,330200,6514db25-88b2-455a-a720-594613487dfc
嘉兴市,0000000S0000002Z000000070000000X,9.33,2018/4/5,330400,e4606328-8f0c-4b96-89b8-26731891339d
温州市,0000002P0000007W000000070000000X,2.33,2017/10/5,330300,f78b8764-fd36-4e2c-b610-7f95745aec10
绍兴市,0000000J0000003S000000070000000X,36.33,2018/10/15,330600,d7dfc09e-d589-4130-9a7f-cb6860ec466e
丽水市,0000000H0000003N000000070000000X,13.33,2017/9/25,331100,5e194dc3-6339-44e1-ab8c-a43310e40adc
台州市,0000000H0000003P000000070000000X,24.33,2019/3/5,331000,c91cd3d9-d118-4599-aa22-e1c17e1b9f7b
丽水市,0000000C0000002Q000000030000000X,70.23,2016/12/25,331100,c0095427-a42d-455e-a9c2-3a2d15e7a879
浙江省,0000001200000031000000070000000X,3.83,2017/10/15,330000,cf3bbd46-48c8-4fa0-a076-26a623181d2f
金华市,0000000P0000003E0000000700000010,4.8,2017/8/29,330700,9899684c-491a-48f5-bbf2-0fbb9c0e1802
宁波市,0000001400000031000000070000000X,5.23,2017/8/25,330200,f41d5118-e66a-47b2-8b3d-d7952936203f
浙江省,0000003100000081000000130000000X,94.13,2018/1/25,330000,d3dac098-2ad2-4c37-b91d-224526fd508c
浙江省,0000000P0000003E0000000700000010,4.55,2017/10/31,330000,1660fa47-e978-4da7-8ac1-309067300b61
温州市,0000001A00000031000000070000000X,5.67,2018/5/5,330300,b11aab9b-f9ce-4f6f-8664-16f1ae4fbb5e
湖州市,0000000P0000002W000000070000000X,4.33,2017/6/5,330500,6e350707-1d1a-4b35-9665-1f49a6acabbe
丽水市,0000000G0000003F0000000700000010,11,2019/1/15,331100,e8735a31-f324-4c86-8401-178905096808
浙江省,0000000Z00000031000000070000000X,4.88,2017/7/25,330000,8a7884b9-39cd-46e5-ad5f-7fee9cd81be7
嘉兴市,0000001E00000031000000070000000X,4.17,2017/3/15,330400,078d59c7-3f1b-4b9a-8ec7-4871afafdbb6
绍兴市,0000002P0000007W000000070000000X,2.33,2018/9/5,330600,eb765521-efc7-45f5-864f-9be2fffc2311
绍兴市,0000001200000031000000070000000X,4.67,2018/3/15,330600,7d37722c-9f98-4e46-95a0-f83dd4ece355
衢州市,0000001700000031000000070000000X,2.33,2018/10/5,330800,6d7cf174-fb99-43e8-8939-8c8ed8897eff
舟山市,0000000J0000003S000000070000000X,38.33,2019/1/15,330900,61025294-2564-4747-9540-d191ad2cdd06
台州市,0000000H0000002T000000070000000X,13.17,2018/1/15,331000,9b4b1340-11ae-455f-8ca1-00889a425d96
湖州市,0000001A00000031000000070000000X,6.67,2017/6/25,330500,a89e9ddf-0772-49c6-9372-20ff9b41e4ee
舟山市,0000001200000031000000070000000X,4.83,2019/1/5,330900,976d9e5e-5197-4c4e-b515-9937f52463bc
湖州市,0000000J0000003Q000000070000000X,38.33,2018/2/5,330500,7d4749ad-f687-4452-ba67-98ca75cbc0d5
湖州市,0000000P0000003E0000000700000010,2.5,2017/5/2,330500,98bfe878-7951-45c4-a82a-9210a484be3b
嘉兴市,0000001K00000031000000070000000X,3.83,2018/3/5,330400,b2bcb2c2-6f48-417d-95fc-b4c6b0c98a08
温州市,0000000H0000003P000000070000000X,27.67,2019/1/25,330300,3e6f9ce0-fa5f-4131-a103-04d4bcbd5aff
浙江省,0000000J0000003S000000070000000X,35.23,2018/1/25,330000,9cf8d208-09d9-4ecf-a3a5-125c410987e1
湖州市,0000000H0000003N000000070000000X,13.5,2019/1/15,330500,e548e899-f66b-4e1a-90c4-6e5288b595ff
杭州市,0000000D0000002R000000030000000X,46.67,2018/10/5,330100,57b1e3cd-b81f-40bd-ae1b-a6333f2968ba
浙江省,0000001400000031000000070000000X,6.27,2017/4/5,330000,b9daa984-b8c2-4789-9f6b-cf7e9c403ac2
浙江省,0000000M0000003V000000070000000X,12.58,2017/10/15,330000,d40df6ee-9c0c-4117-b191-f30e761fe323
金华市,0000000J0000003Q000000070000000X,41,2018/3/25,330700,295f7257-d85f-41c8-9888-75b42f70710e
温州市,0000001200000031000000070000000X,3.83,2017/7/25,330300,65364d34-15b7-49fe-a537-1a2e530459b7
宁波市,0000001Z00000036000000070000000X,6.33,2017/10/5,330200,81a85bb0-a3a3-4899-8373-2e88673f2f2f
湖州市,0000000M0000003V000000070000000X,17.33,2018/10/25,330500,456a89f7-2e21-4d34-9315-541c8b67c48a
嘉兴市,0000000S0000002Z000000070000000X,8.67,2019/1/5,330400,47c5bb53-6e35-4f03-8214-1d9b62b8e25f
温州市,0000001400000031000000070000000X,6.83,2018/7/25,330300,c4473594-f0a8-481a-bac9-5ada1fba041f
衢州市,0000000Z00000031000000070000000X,4.33,2018/8/25,330800,d05f3829-a5af-4d5c-a1c1-c2839c06aa73
宁波市,0000002U0000007X000000070000000X,4.6,2018/5/25,330200,8e70ba2f-0b81-4a9c-a62b-645175c0ca1d
丽水市,0000000X0000007T000000070000000X,40,2018/10/15,331100,0144a755-de2e-4a12-a8be-3706f769adf6
绍兴市,0000000Z00000031000000070000000X,2.67,2017/3/5,330600,1b46a696-d070-426d-92df-c71a9ee68fe6
金华市,0000000J0000003S000000070000000X,34.33,2017/12/25,330700,1207d18e-b3fb-4f4c-bc07-57ecb667625d
金华市,0000000P0000002W000000070000000X,3.7,2017/5/15,330700,558797d8-6704-4519-a6ee-ea13482d969f
浙江省,0000000J0000003S000000070000000X,34.95,2016/12/15,330000,0ba66802-b33d-446d-b929-95cef7197f43
温州市,0000001500000031000000070000000X,5.33,2017/2/15,330300,8cfbb177-fb10-4bbf-a5bb-6673150ce1df
舟山市,0000000X0000007T000000070000000X,40.33,2017/3/15,330900,b8608e29-6b8f-4358-a916-23964d5c3a38
绍兴市,0000002U0000007X000000070000000X,4.67,2018/11/15,330600,ca05f846-ad89-45f7-9d08-3b58fec5aa8e
衢州市,0000002P0000007W000000070000000X,3.06,2018/10/15,330800,a361f45b-2f17-47c0-b357-36fe89ec7b73
衢州市,0000000J0000003Q000000070000000X,39.33,2016/12/15,330800,b02c5e9d-42cc-4fc1-920c-d7a2412800ad
浙江省,0000001700000031000000070000000X,2.73,2017/11/15,330000,3369feb8-8e26-439a-be23-af9386ac7118
金华市,0000000J0000003Q000000070000000X,41,2018/5/15,330700,80e5ff3f-45f3-49ff-ad3a-86ecfd0740c8
温州市,0000001700000031000000070000000X,3,2017/4/25,330300,ed900276-f2ac-42d3-af21-378949ce9d1b
浙江省,0000000Z00000031000000070000000X,4.94,2017/9/25,330000,b8bec381-d165-4f82-aee4-a3c3a4542d19
台州市,0000000H0000003P000000070000000X,22.67,2018/6/15,331000,9dc6585c-8027-4f99-8e8d-263bd624f669
温州市,0000000H0000003N000000070000000X,15.33,2018/8/15,330300,900aff16-eb1a-4e14-8e49-34f23e5fb066
绍兴市,0000001A00000031000000070000000X,3.83,2017/4/25,330600,1ac10e5f-e571-46d2-83bb-ae2748c440fe
丽水市,0000000G0000003F0000000700000010,13.5,2018/10/23,331100,fa8eb67f-ea2c-499c-8e9a-eca9396403ba
嘉兴市,0000000H0000003P000000070000000X,22,2017/3/15,330400,9ca18b74-ba29-465f-822d-bc822fbe228b
浙江省,0000001200000031000000070000000X,3.82,2017/11/15,330000,f503ce8a-2ff9-493e-8558-a5d55cbb364c
杭州市,0000000D0000002R000000030000000X,46,2017/6/25,330100,f305a25a-f212-4cf2-a011-a546ca841a33
宁波市,0000001700000031000000070000000X,3.17,2017/8/15,330200,691329fd-08b5-4cc8-b8f5-d8799c2bcb35
温州市,0000001700000031000000070000000X,3,2017/9/15,330300,94326078-7c12-4a73-9a3e-62b1d9f73bd0
温州市,0000002200000038000000070000000X,3.83,2018/7/25,330300,29a6612d-b52d-4735-a423-53a5bcaeb76f
衢州市,0000000G0000003F0000000700000010,6.5,2018/5/22,330800,3a1db1b9-4d9f-4c78-905c-1f718f19ab3c
浙江省,0000001A00000031000000070000000X,5.42,2018/8/25,330000,829c0a00-ccec-460f-91d6-41057e8975af
宁波市,0000000H0000003N000000070000000X,14.5,2017/7/15,330200,34d2172d-a101-4252-96b7-df7c227bc089
金华市,0000001700000031000000070000000X,3.17,2019/2/25,330700,3dcf7008-c259-487d-9b90-2f68a7137147
杭州市,0000001500000031000000070000000X,4.67,2017/11/15,330100,6f241e05-431a-43aa-8da2-545af32bede5
嘉兴市,0000000P0000002W000000070000000X,5.6,2017/8/25,330400,6d4b29a5-a217-4196-b762-f11b62da639f
嘉兴市,0000001A00000031000000070000000X,6.33,2018/3/5,330400,047ca9c5-7454-44e6-b79b-745818afec80
绍兴市,0000001E00000031000000070000000X,4.5,2017/9/15,330600,ad077be0-b344-4575-8732-67cc7a0cccbe
宁波市,0000001K00000031000000070000000X,3.43,2018/3/5,330200,47b791cd-0b1d-476e-ac47-616d4ce37867
绍兴市,0000001200000031000000070000000X,4.5,2017/1/15,330600,cd015b41-7f37-46e5-956e-e1d1cf3803b5
杭州市,0000000S0000002Z000000070000000X,8.6,2018/5/15,330100,f51dc53a-71a6-47a4-b441-823e16262e4f
台州市,0000001200000031000000070000000X,4.83,2019/3/15,331000,7ecb2ac0-cde1-4d97-bfde-139ddd23df96
宁波市,0000001400000031000000070000000X,4.7,2017/7/15,330200,232dd25a-137c-439a-b265-99a6f572a392
温州市,0000002200000038000000070000000X,3.17,2018/1/15,330300,cda42dc4-eec2-4a3f-a47e-cb7ab11ad63e
杭州市,0000000P0000002W000000070000000X,5.5,2017/12/5,330100,7f04f8f3-0524-495a-a561-905587a48d14
衢州市,0000000G0000003F0000000700000010,9.8,2018/8/21,330800,4018967f-4956-4952-bc1f-20cfb7bdbfd3
绍兴市,0000000H0000002T000000070000000X,15.17,2017/4/15,330600,908132dd-0121-4af7-8c4d-90834e0001ad
丽水市,0000000D0000002R000000030000000X,54.6,2017/7/25,331100,0c8702ef-4c01-41ac-ac04-3bff09ff98bf
绍兴市,0000000H0000003N000000070000000X,13.33,2017/8/5,330600,9b561389-7a74-468f-9650-5c7fb1796e2c
湖州市,0000001700000031000000070000000X,3.17,2018/7/15,330500,af50e23f-e345-4bf8-a187-f315b9378dd1
浙江省,0000000X0000007T000000070000000X,35.13,2018/8/25,330000,b68a90d6-f157-41d5-b62d-bb222104a8f6
湖州市,0000000X0000007T000000070000000X,35,2018/12/15,330500,3d958add-10b6-463c-9e65-5df1c5ec5ef7
温州市,0000001500000031000000070000000X,5,2018/7/15,330300,cea022a8-9094-4eff-9a5f-1806c01e08af
金华市,0000000H0000003N000000070000000X,11.17,2018/8/5,330700,b60d80cb-1c52-4285-9e5c-7671b2fdf1c9
嘉兴市,0000000H0000002T000000070000000X,17,2018/1/25,330400,6fd5a767-d339-4b2e-aa3c-689943709a1c
舟山市,0000002U0000007X000000070000000X,5,2017/4/15,330900,6905bfaf-ee36-4ba2-ae16-caad6ff89266
绍兴市,0000000J0000003Q000000070000000X,38.33,2017/10/5,330600,fa6284cc-f2d2-4c88-b81a-3223d77b10c9
浙江省,0000001K00000031000000070000000X,4.29,2017/10/15,330000,18499796-51cf-40c6-b292-9495b5406061
温州市,0000000P0000003E0000000700000010,2.77,2017/5/16,330300,caf80fbd-799d-4337-96b5-e2d1ff76f3f0
杭州市,0000000P0000002W000000070000000X,5.5,2018/3/5,330100,d38fe04f-ecbc-4cf4-9979-f089046b9ac7
宁波市,0000000K0000003U000000070000000X,34,2018/3/25,330200,0902affc-76e1-4afe-abb7-3244d1d76db1
温州市,0000000J0000003Q000000070000000X,47.67,2018/8/25,330300,9129b6c6-2985-4cb1-8f14-54808f4ee648
台州市,0000000J0000003S000000070000000X,34.33,2018/8/15,331000,17b04f5c-3e51-4ec9-ac22-90f37e1a427f
丽水市,0000001700000031000000070000000X,2.5,2017/9/25,331100,0741c503-eea9-414e-9cb4-ed0ec620cf02
丽水市,0000000H0000003P000000070000000X,17.67,2018/3/25,331100,e4e42dd6-24d6-4201-832d-0cc040d72eaa
杭州市,0000000X0000007T000000070000000X,39.17,2017/1/15,330100,91a843bb-6fb1-4049-a79e-779c69efd083
金华市,0000001A00000031000000070000000X,6.5,2017/12/5,330700,88ad41de-e9c2-441a-ab8e-ddbdfb6c0afc
绍兴市,0000002U0000007X000000070000000X,4.33,2017/5/5,330600,2ca7ac7b-6ea8-467d-b47e-d8761ad447dc
衢州市,0000000H0000002T000000070000000X,17.67,2017/5/15,330800,932be1b7-51ec-4947-a74e-dc4b4aae9f03
衢州市,0000000M0000003V000000070000000X,11.67,2018/1/15,330800,07950bda-0b5b-4f66-af8b-0de92b0ae360
宁波市,0000003100000081000000130000000X,138.33,2018/7/15,330200,d8036730-ddf1-43e9-96d3-8c1cc4dfb93a
台州市,0000000Z00000031000000070000000X,3.33,2018/5/5,331000,5b638df5-d601-452a-9948-2caa008f422d
宁波市,0000001500000031000000070000000X,4.83,2017/10/15,330200,9d1bc048-938d-4128-b6c8-a29b7fefba6c
金华市,0000000D0000002R000000030000000X,44.67,2017/7/15,330700,231fd6a2-5937-4cbf-8849-3c470ac65370
绍兴市,0000001200000031000000070000000X,3.67,2017/4/5,330600,6806f2f4-7f1a-4cfd-8320-2cf3dd9a1116
台州市,0000001700000031000000070000000X,2.17,2018/5/25,331000,40f0e42a-1e4a-4cae-9a12-5dcb00da1add
绍兴市,0000001K00000031000000070000000X,2.67,2018/12/5,330600,d86a846d-b088-4c43-bbb8-af23b5b1758e
舟山市,0000000H0000003P000000070000000X,25,2017/9/15,330900,9c754192-80fa-477d-94e9-926641c33713
衢州市,0000000H0000003P000000070000000X,23.33,2018/2/5,330800,aebbbef6-5e0c-496c-ba72-c5a1e300e328
绍兴市,0000000G0000003F0000000700000010,7.6,2018/6/19,330600,ab1151be-8bcb-4861-b350-9aa54336464b
嘉兴市,0000001A00000031000000070000000X,5.33,2018/8/5,330400,f16cc8d3-0ecb-4b3d-9f05-86d171bbe39b
杭州市,0000001400000031000000070000000X,6,2018/10/5,330100,85f3f51b-646d-4c79-8995-e916e7ff1d29
温州市,0000000K0000003U000000070000000X,46,2019/3/15,330300,c290d79d-d9a1-4c90-908d-e68b96b27ce6
绍兴市,0000002200000038000000070000000X,2.77,2017/2/15,330600,e7363cd1-d042-43f2-a952-b0d19a304619
杭州市,0000000K0000003U000000070000000X,35,2018/2/25,330100,c5f6f49c-d32a-446d-8347-bc38404ce334
杭州市,0000002U0000007X000000070000000X,4.17,2017/1/25,330100,025818b3-8d5a-4ee5-99d9-55b3a3c2e8b6
金华市,0000002P0000007W000000070000000X,3.9,2017/9/25,330700,7077f19d-f461-4d69-a5c6-842b053797be
衢州市,0000000P0000002W000000070000000X,4,2017/6/5,330800,e54328d8-eff8-47fc-bcef-67ac2be9c987
浙江省,0000000S0000002Z000000070000000X,9.34,2018/6/15,330000,526bdd30-d3da-4dbe-887f-e529c8ceba4f
衢州市,0000000J0000003Q000000070000000X,45.33,2019/1/25,330800,91400b7d-9997-4af6-a008-ca98f7152f11
嘉兴市,0000001200000031000000070000000X,4,2017/3/25,330400,c47b5cf7-6383-401c-ba0c-cfc2d161858e
绍兴市,0000000G0000003F0000000700000010,11.15,2018/9/11,330600,40ee8fff-4dbb-4c57-91b5-ce21eb84722c
温州市,0000003100000081000000130000000X,63,2018/7/25,330300,e899402d-ce0b-40c4-9167-583abfa4578b
浙江省,0000000X0000007T000000070000000X,34.6,2017/11/25,330000,fc032605-bcbd-4a07-9d47-b708360a5519
绍兴市,0000001E00000031000000070000000X,4.33,2017/7/5,330600,3c7907b6-5515-4278-b507-d384e1ca07ff
温州市,0000000H0000003P000000070000000X,31.67,2018/10/5,330300,e837c163-62e3-4dcf-8f30-ca3012920255
杭州市,0000000J0000003Q000000070000000X,40.5,2017/8/5,330100,882d702b-27d8-4a71-ad0b-13a4a3885b9b
舟山市,0000001Z00000036000000070000000X,7.5,2017/6/25,330900,b37bb8ce-b868-4c0a-adb5-4c77b919c7b9
湖州市,0000001Z00000036000000070000000X,5.67,2017/7/5,330500,6aa90067-6300-498b-a311-deb4aa2173e0
衢州市,0000000G0000003F0000000700000010,9.8,2018/1/30,330800,fafd5a33-81d7-4c91-9a3e-30b2476890ee
杭州市,0000001500000031000000070000000X,4.33,2018/5/25,330100,780549ad-cbfa-470b-8e12-5f95c5fc03c9
舟山市,0000000Z00000031000000070000000X,5.67,2019/2/15,330900,4e6cead2-aaff-477a-9b7b-8ecd63ab2f81
杭州市,0000000J0000003Q000000070000000X,41.17,2017/3/15,330100,fdb11a84-8a6e-4006-8e0b-9586e5564a43
台州市,0000002P0000007W000000070000000X,3.45,2018/8/15,331000,0b681573-66cb-4578-a773-1b8608a19a6b
嘉兴市,0000000H0000003P000000070000000X,22.67,2019/3/15,330400,ec4c6e5b-6823-4066-8264-1691d9729196
嘉兴市,0000001Z00000036000000070000000X,5.83,2018/2/5,330400,4ef6d1b3-48e2-4ec3-81c8-e58db2be1cf2
金华市,0000000J0000003S000000070000000X,34.33,2017/7/5,330700,e5b88e82-c0d2-4b73-aa47-e6bf32f46f9a
杭州市,0000000G0000003F0000000700000010,11.68,2018/11/13,330100,d0f89702-c136-4940-a283-de22935b5418
丽水市,0000000D0000002R000000030000000X,54.6,2018/4/15,331100,1f3d1824-9ef1-4299-85d2-51512c5c44d1
温州市,0000001700000031000000070000000X,3.17,2018/4/25,330300,adc66d1a-76c1-4906-82a4-6cd3689a520a
嘉兴市,0000003100000081000000130000000X,79,2018/6/25,330400,0445e10e-f61e-449e-805e-b8074d0d641d
浙江省,0000002P0000007W000000070000000X,3.12,2017/12/25,330000,ff23f64a-978a-488c-b421-53d050aba1d5
湖州市,0000003100000081000000130000000X,77,2017/10/5,330500,4aa879cf-0d78-4f06-bcb1-bb94c3c37678
温州市,0000000J0000003Q000000070000000X,50.33,2018/12/25,330300,48541016-6559-49c4-995b-9ef7db873ef1
绍兴市,0000000P0000003E0000000700000010,3,2017/5/9,330600,7e436ef1-7228-4f7c-bae1-cad0013f898f
宁波市,0000000D0000002R000000030000000X,46.43,2017/3/25,330200,64f1bae9-b7c1-4f6f-9359-6fe551aefadb
舟山市,0000000M0000003V000000070000000X,14,2017/12/25,330900,35364dd4-1144-4c8d-92b6-8950ca6cf27c
衢州市,0000000Z00000031000000070000000X,3.67,2016/12/25,330800,6a201beb-7b10-4409-b1bc-3c00666b08bd
温州市,0000000P0000003E0000000700000010,4.6,2018/8/14,330300,45e3520e-1dce-456b-8908-7bacc0303ba0
衢州市,0000000G0000003F0000000700000010,7.4,2018/3/27,330800,5197bb57-c9ec-429a-91bc-6fc2f2ac2b23
湖州市,0000000H0000003P000000070000000X,19.33,2018/11/5,330500,62066586-da83-4ae9-8332-4bb609917274
湖州市,0000001700000031000000070000000X,3.33,2017/1/5,330500,f020a8d2-e035-4f1b-83d8-b4ed96c07f4a
杭州市,0000002200000038000000070000000X,3.53,2016/12/25,330100,b1d16aeb-728f-48f0-b5fa-0078b310ce6b
台州市,0000000H0000002T000000070000000X,15.33,2017/1/5,331000,fbd16a36-9191-4c89-b0f9-018f9848eb52
浙江省,0000001E00000031000000070000000X,5.16,2017/8/5,330000,053ade9b-09a4-4de8-87cd-630e43978e8f
金华市,0000000H0000002T000000070000000X,14.83,2017/12/25,330700,30a9013e-55b3-423a-8f58-83b00e0f59f9
浙江省,0000000H0000002T000000070000000X,16.36,2017/3/25,330000,0de1f7ad-d109-4859-9758-694e74bc2eb2
丽水市,0000000K0000003U000000070000000X,33.67,2017/5/5,331100,603c382b-2b9b-45a4-94a5-1dc7821e1f1a
衢州市,0000001A00000031000000070000000X,7.5,2017/4/15,330800,e5808700-174f-45ec-ad06-6a390d14f5d7
丽水市,0000000H0000003N000000070000000X,11.5,2018/8/15,331100,1408d181-59c7-4c2d-97ac-679168870252
绍兴市,0000000P0000002W000000070000000X,6,2018/3/5,330600,416caeed-95d0-487f-8932-9234d0fe4f9a
舟山市,0000002P0000007W000000070000000X,3.33,2018/12/25,330900,2accfec1-806d-4066-8b9a-aa85c18a5c1f
嘉兴市,0000001K00000031000000070000000X,3.83,2017/8/5,330400,f8be2c6b-4146-40e7-a813-0eb9d1c222b7
湖州市,0000000G0000003F0000000700000010,10,2017/8/29,330500,e59eaaf7-aca3-4f6a-a650-fcce6df3b3ba
金华市,0000000C0000002Q000000030000000X,68.87,2018/6/15,330700,99211b3f-2694-4435-9949-1879a525121e
丽水市,0000001500000031000000070000000X,6,2019/3/5,331100,d911179b-7837-44ca-8f54-e80a58ccf0cc
温州市,0000000C0000002Q000000030000000X,60,2017/1/5,330300,01f7cccd-f14b-4c47-946d-87d77f3075d9
金华市,0000002200000038000000070000000X,2.5,2017/10/25,330700,7c1cd095-1eeb-45cb-8a9b-3925a20393ae
湖州市,0000000H0000003N000000070000000X,14.33,2017/6/15,330500,0f883a97-38a3-4a8f-8c13-68f3de320805
绍兴市,0000001E00000031000000070000000X,2.83,2017/5/5,330600,d5e9b511-3204-41a6-bf37-79746fa47d17
绍兴市,0000000G0000003F0000000700000010,9.5,2018/8/14,330600,6c3b0329-2b7c-41ec-85e9-16255c7b9170
丽水市,0000000Z00000031000000070000000X,3.83,2018/2/25,331100,f3291fb6-8ee6-4ea7-9ef0-817355141cbe
宁波市,0000002200000038000000070000000X,3.93,2017/5/25,330200,e6d08b4a-2b92-40e3-8bd2-21f7228e553c
绍兴市,0000000H0000003N000000070000000X,14.67,2016/12/25,330600,08e4285f-6aa2-4864-9ff7-0f984a593c51
杭州市,0000000D0000002R000000030000000X,46,2018/7/5,330100,83ae6734-8211-41b3-a7f3-977e5a92d40c
丽水市,0000000S0000002Z000000070000000X,9.67,2018/8/15,331100,b15fd1f2-648b-4f06-9526-a44ef0c0917e
衢州市,0000000H0000002T000000070000000X,18.33,2017/11/25,330800,99fa4678-2d82-4c45-9872-3ad0fae589eb
宁波市,0000001500000031000000070000000X,4.13,2017/4/15,330200,49c3420d-e591-4584-b3c7-a576915c6eaf
舟山市,0000000P0000003E0000000700000010,3,2017/5/23,330900,2983abd7-78be-4a18-8bee-c12dc393bf33
舟山市,0000001A00000031000000070000000X,5,2017/3/25,330900,7fed7851-ae69-4287-9186-5a5e4d3a6213
嘉兴市,0000000Z00000031000000070000000X,4.67,2019/3/15,330400,1c8f55ae-902b-4e8b-8c27-ab04d7b21d95
嘉兴市,0000001400000031000000070000000X,5.67,2018/4/15,330400,fa1adb77-fc5b-4217-b82e-916205742c7d
衢州市,0000000X0000007T000000070000000X,25.33,2018/6/5,330800,127755b1-9717-4f01-a735-75ac06c6a4c9
温州市,0000003100000081000000130000000X,63,2019/1/5,330300,d3543e0f-ce87-4e77-aa14-2bbc72dbfdbe
浙江省,0000000P0000003E0000000700000010,3.68,2017/1/17,330000,99a8f7ca-e6b4-499a-9cb4-edd1a770350b
浙江省,0000000G0000003F0000000700000010,9.75,2018/2/20,330000,e0d495d5-b8a9-49d2-9622-b6aeabf6743e
杭州市,0000000S0000002Z000000070000000X,8.33,2017/3/15,330100,1933e130-c73a-4d6c-a7f1-23591f7e5711
嘉兴市,0000001Z00000036000000070000000X,5,2018/6/5,330400,9efbb86f-9cc5-48da-980c-562698d507cc
台州市,0000000S0000002Z000000070000000X,10.33,2017/9/25,331000,16d66e2c-5ab8-41dd-9503-2ebb3c1a421f
绍兴市,0000001Z00000036000000070000000X,5.5,2019/2/15,330600,59a20cff-8108-4447-958f-b3376cf47e36
浙江省,0000001A00000031000000070000000X,6.29,2018/1/15,330000,6cf16b19-4d80-40c2-afce-faa68d192e7d
嘉兴市,0000000G0000003F0000000700000010,11,2017/12/12,330400,9f11e9f2-7697-42c6-8dee-b55a5111b2ee
金华市,0000000J0000003Q000000070000000X,42.67,2019/1/5,330700,43b3f4c2-e2d7-489f-8e80-ccb1af98888f
丽水市,0000000K0000003U000000070000000X,32.67,2017/3/5,331100,9cd1a337-1890-430e-ad06-4b26c971019b
舟山市,0000001A00000031000000070000000X,5,2017/3/15,330900,1732fbd7-a31a-43d0-9558-777ff020e038
衢州市,0000001A00000031000000070000000X,6.33,2017/7/15,330800,695f5d15-1678-4ba5-8431-e59b20a36a1e
温州市,0000001K00000031000000070000000X,4.5,2018/2/15,330300,460c486c-9917-4971-9f72-984e38079345
金华市,0000001K00000031000000070000000X,3.67,2018/8/25,330700,1fce3c77-75ba-45e6-ae08-0c62c709de77
宁波市,0000002200000038000000070000000X,3.5,2018/1/15,330200,0c36b8a1-d0cc-45ca-8bf9-56daa13596d4
浙江省,0000000H0000003N000000070000000X,15.45,2017/2/25,330000,47fbe271-687b-4989-8c50-6c1c5988782d
嘉兴市,0000001K00000031000000070000000X,2.83,2017/5/5,330400,2f834bb1-5a25-4a7b-9084-872d7c6eacdf
嘉兴市,0000001A00000031000000070000000X,5,2017/9/5,330400,734a8216-b0a0-4fdb-ad35-d0424c96c8de
温州市,0000001500000031000000070000000X,4.83,2018/5/25,330300,85994e01-72ea-4a87-9686-39dfa7caf6ea
衢州市,0000002200000038000000070000000X,3,2019/3/5,330800,7f09f886-2e87-4c71-8b53-9670aac9c11c
台州市,0000002U0000007X000000070000000X,4.5,2019/3/5,331000,e9dca83a-33d4-49b3-a31e-cd683e20d584
丽水市,0000003100000081000000130000000X,84,2018/5/25,331100,807d5019-af86-4f27-904e-baa12a8980b9
浙江省,0000002P0000007W000000070000000X,3.09,2018/3/15,330000,8cad1629-1cfc-4481-bfa6-335d5f5c48fc
台州市,0000000X0000007T000000070000000X,24.33,2017/1/15,331000,7bd2a8ab-12e6-4d87-a905-7d3f9eff7895
宁波市,0000001400000031000000070000000X,7.17,2018/10/5,330200,68f8093d-f377-4c10-96a7-e09cf11829e7
湖州市,0000000J0000003S000000070000000X,34.67,2018/8/5,330500,53c2e8fd-3508-4f72-8819-9e5a00874256
衢州市,0000001500000031000000070000000X,4.33,2017/5/25,330800,72d6a748-c83a-4f37-897a-6e6ce1bfdafb
金华市,0000002200000038000000070000000X,2.43,2017/12/5,330700,5fd457f8-7cd0-4efe-8658-c3e910547111
绍兴市,0000000P0000003E0000000700000010,4.3,2019/1/1,330600,050e3f3e-03fd-47e7-84c9-e1e3cc881cb3
台州市,0000001200000031000000070000000X,3.83,2018/1/15,331000,a46a2205-795e-46e0-8820-b531cbf2185e
台州市,0000000D0000002R000000030000000X,39,2018/5/15,331000,5c69b2cd-7453-4017-972d-c92bb4d8ffcf
衢州市,0000000X0000007T000000070000000X,26,2019/2/15,330800,07ecf4c4-a0f1-4131-be65-3b8fc5353c0c
舟山市,0000000M0000003V000000070000000X,13.67,2018/4/15,330900,1a0b712c-824b-4cc8-b18d-0183f0c85845
台州市,0000001A00000031000000070000000X,4.33,2017/4/15,331000,18a9268a-656e-4ed1-b424-71f41c433e1f
金华市,0000000P0000002W000000070000000X,5.17,2018/4/5,330700,c83d0818-4edb-4116-8cff-70a7c4e4061e
杭州市,0000000H0000003P000000070000000X,20,2017/6/15,330100,39d87338-3ec8-40b2-a358-d6b343b60926
浙江省,0000002U0000007X000000070000000X,4.25,2018/4/25,330000,fccb3658-b285-480b-b148-d015a2a99a11
嘉兴市,0000000H0000003P000000070000000X,22.33,2019/1/5,330400,e04ee840-41a3-4ab3-9e4c-1cf197d8f583
绍兴市,0000000P0000003E0000000700000010,3.5,2017/8/1,330600,0e94b200-aeeb-4c71-8544-ebc427156ff2
衢州市,0000000H0000003P000000070000000X,21.33,2018/3/25,330800,2831c0b8-3b25-4103-8df2-0daa85932163
台州市,0000000P0000002W000000070000000X,5.33,2018/11/15,331000,64112535-ba7a-428b-b7c4-609d32d249db
温州市,0000000J0000003S000000070000000X,42.67,2018/3/25,330300,5114606c-ccaa-481d-92f3-1ef11a160701
温州市,0000000X0000007T000000070000000X,38.33,2017/10/5,330300,04197fda-399f-46a0-8e5a-771ecf9f68af
杭州市,0000002U0000007X000000070000000X,4.5,2018/7/25,330100,27cdd4fe-7422-4372-9e46-a3f8938aebeb
衢州市,0000001A00000031000000070000000X,6.17,2017/1/15,330800,cdeb4da8-b2c5-411c-b699-b981ebeed95e
温州市,0000001Z00000036000000070000000X,7.33,2017/1/15,330300,a0a64673-6307-4301-bb40-205f6ea6729e
温州市,0000000H0000002T000000070000000X,17.17,2017/9/15,330300,8c60e9f4-34dc-49fd-839d-df09235c8f1a
绍兴市,0000001400000031000000070000000X,5.67,2018/1/15,330600,9db033d4-7f85-4958-a705-feb85df1d538
丽水市,0000000J0000003S000000070000000X,39.33,2018/10/25,331100,9243eed8-bd31-411f-89c2-49993f3a2d73
温州市,0000000K0000003U000000070000000X,48,2018/8/5,330300,b95fa402-80bc-4ab6-b294-e342f77cc879
宁波市,0000003100000081000000130000000X,138.33,2019/2/15,330200,7fbc0a53-eff3-430b-9f3c-60ba24110cdd
浙江省,0000001200000031000000070000000X,3.88,2017/4/5,330000,61f59bb5-8b99-45a4-9dfb-1b697359ea50
台州市,0000000P0000003E0000000700000010,2.8,2017/6/13,331000,ac8c48f3-bfb6-4112-ae3c-c5ca14c16b41
衢州市,0000000K0000003U000000070000000X,32.33,2017/5/15,330800,c57dd997-d9bd-488c-9e05-e157e5c6889b
衢州市,0000001K00000031000000070000000X,3,2019/1/5,330800,9144483c-a319-4721-819d-dfbb3dd093ab
杭州市,0000000G0000003F0000000700000010,9.33,2018/7/24,330100,71be9f88-5d61-4011-bc2d-8fede58c360c
丽水市,0000000P0000003E0000000700000010,4,2018/5/8,331100,e409a428-3d10-4134-9a4b-879e36d77c64
嘉兴市,0000001Z00000036000000070000000X,5.67,2017/7/5,330400,8af685c1-5211-4d4c-8cdd-35bf583b7722
嘉兴市,0000001E00000031000000070000000X,5,2018/3/25,330400,b0d44b7e-46f0-4f2d-be9f-f962322bb83c
湖州市,0000000J0000003Q000000070000000X,38.33,2017/1/25,330500,aa462fd8-b74e-449b-a09a-3a7bcf92537f
嘉兴市,0000002P0000007W000000070000000X,3.2,2017/9/5,330400,20393a2e-6be9-4c94-8b87-eefb56abf51a
宁波市,0000000G0000003F0000000700000010,10.13,2019/1/22,330200,0edff547-2fb0-473e-879e-a8d69470d756
衢州市,0000000H0000002T000000070000000X,18,2017/4/25,330800,030aa4cf-3d04-4083-b83e-9c6d45caf600
舟山市,0000000M0000003V000000070000000X,13.67,2018/11/15,330900,95ee9f05-68e0-437b-825d-03e9aed3cf44
嘉兴市,0000001Z00000036000000070000000X,4.83,2018/8/25,330400,519ce503-6042-41c7-a5d0-23ef18f2ca72
浙江省,0000001K00000031000000070000000X,2.52,2017/5/5,330000,ad5adfb1-93f7-4e8e-b8ef-ec0689c0c7a6
温州市,0000000S0000002Z000000070000000X,8.83,2018/1/5,330300,e77a90bf-bb8c-4f0c-8d4b-babb9fdb16ef
舟山市,0000000H0000002T000000070000000X,13.5,2018/7/25,330900,9d3b398c-a447-4e2e-946c-7027c11b2ff5
宁波市,0000000S0000002Z000000070000000X,10,2018/12/25,330200,59d44e29-d3d5-4dd1-a2fc-d465cf787f13
台州市,0000001A00000031000000070000000X,5,2017/2/5,331000,288a0cb4-c905-4c46-9856-a6a1e6da6f14
丽水市,0000000J0000003Q000000070000000X,37.33,2017/12/5,331100,6d6d84e4-5740-4b3f-9d10-1da78da81cb1
舟山市,0000000G0000003F0000000700000010,11.2,2017/4/11,330900,b3d8ac40-999d-4cec-9c0d-ae2a0f48e12c
湖州市,0000001E00000031000000070000000X,5,2019/2/15,330500,ea318dab-84f4-4ce7-bc59-8cf3d33b8ffd
嘉兴市,0000000Z00000031000000070000000X,3.17,2017/3/25,330400,b8f492fc-c29e-4c52-8393-0d73cf51620d
衢州市,0000000S0000002Z000000070000000X,9.5,2017/10/25,330800,b705b48d-c8ca-4251-a66c-5694cfb4e502
台州市,0000001700000031000000070000000X,2.17,2017/8/5,331000,1c3a8add-8a63-40a6-8403-8bff22a121d2
台州市,0000001A00000031000000070000000X,5.67,2019/3/15,331000,1a242f4f-3734-4213-991a-dfe7ccff4d64
衢州市,0000001A00000031000000070000000X,5.67,2018/8/5,330800,ddc3bdd5-e682-4bad-a2b2-217d351d62c9
金华市,0000000Z00000031000000070000000X,4.17,2017/8/15,330700,1b864195-48a1-4a7f-8693-694644015172
丽水市,0000001Z00000036000000070000000X,5.66,2017/9/5,331100,0ae932e1-a366-49eb-8a7d-a36958db7723
宁波市,0000001200000031000000070000000X,5.8,2017/2/5,330200,8b4e0be8-47ea-4b40-893b-295af7c57bc4
湖州市,0000001700000031000000070000000X,3.33,2017/5/5,330500,a103cc7a-3866-45d2-9b70-ac6cde35982f
湖州市,0000000X0000007T000000070000000X,35,2017/2/25,330500,8819309d-2316-45f7-b57c-bdb8e4f6497f
台州市,0000000X0000007T000000070000000X,22.33,2019/1/5,331000,26f3e5ea-e330-4461-8d2b-35dfc4aabb82
绍兴市,0000001E00000031000000070000000X,4.5,2017/8/15,330600,83646b4f-054c-4928-9dfd-28162260b41d
金华市,0000001500000031000000070000000X,3.83,2017/11/15,330700,73d279fa-13f0-4040-aa10-6c43faa1756e
浙江省,0000000J0000003Q000000070000000X,42.67,2018/2/15,330000,53eef764-7e52-4b0b-9cc2-f80179a5bf11
台州市,0000002200000038000000070000000X,3.1,2018/11/15,331000,ac1f53f4-d3e2-4188-817b-f6de3e40a57b
杭州市,0000000Z00000031000000070000000X,4.83,2017/2/15,330100,60f56f40-9494-4a55-a2b6-21520716ba83
浙江省,0000000H0000003N000000070000000X,14.95,2019/1/15,330000,b3caacc1-78b1-4a0c-a841-83c67a1bd11a
金华市,0000000J0000003Q000000070000000X,41,2018/6/5,330700,3d49f295-bb1a-49a1-b73b-b96da559c6e4
金华市,0000000M0000003V000000070000000X,12.33,2018/3/25,330700,7187e7fe-1a6f-4241-add3-c5aeb129556a
宁波市,0000000S0000002Z000000070000000X,8.33,2017/3/25,330200,346cd01e-73e2-4148-bdf8-118d3636de4f
金华市,0000000H0000002T000000070000000X,16.33,2018/12/5,330700,aec6dd84-d119-4484-80d4-ae4f245341db
温州市,0000001A00000031000000070000000X,6,2018/11/15,330300,50040349-a2f4-4ca7-870e-a38c334fb36b
宁波市,0000003100000081000000130000000X,138.33,2018/7/25,330200,96f436e3-93bc-45b4-9788-9146d6e3d836
金华市,0000001E00000031000000070000000X,4.33,2018/3/25,330700,fc62d205-9499-437c-8f9b-ed5b584c1386
绍兴市,0000000D0000002R000000030000000X,49.33,2017/12/5,330600,7475e2ee-4a47-4bb5-ac67-bd0a48d1ee66
浙江省,0000001700000031000000070000000X,3.08,2019/3/5,330000,5a8443bd-2ee3-441f-b392-4c7c217dd4ab
浙江省,0000001500000031000000070000000X,5.42,2019/3/15,330000,4321f92c-de28-4014-82ca-ba370b986c4b
衢州市,0000001500000031000000070000000X,5,2018/12/5,330800,3c2b1abc-c1ab-4e10-9807-1a9abada26c2
舟山市,0000000P0000002W000000070000000X,5.67,2018/12/25,330900,a6bc7595-637b-400a-ad37-c4e018dd7d93
杭州市,0000000S0000002Z000000070000000X,8.27,2017/10/15,330100,ef643d73-211d-4692-aee0-c4a40edca594
湖州市,0000000P0000002W000000070000000X,5.67,2019/1/5,330500,5599998b-5007-434d-9206-96adea8aad92
嘉兴市,0000001700000031000000070000000X,3.33,2017/4/5,330400,793a28d9-4f98-4c37-a772-f9cc0ec33a96
湖州市,0000003100000081000000130000000X,72.6,2018/9/25,330500,73b49c3f-6593-4b1b-8ab8-2f1ff0a74513
杭州市,0000001A00000031000000070000000X,5.6,2018/6/5,330100,923254d6-cdb5-42e4-8734-315995ab3c72
舟山市,0000000H0000003N000000070000000X,16,2017/4/25,330900,23bcaadc-79a3-4910-8d54-3b474b77bb22
绍兴市,0000000Z00000031000000070000000X,4.83,2017/9/5,330600,421a1490-4852-476d-91a2-efcd8231d98a
绍兴市,0000000P0000003E0000000700000010,3.3,2017/3/14,330600,cf9e6bb4-2772-4179-83a4-3c5e9dd3bced
杭州市,0000000P0000002W000000070000000X,5.27,2018/4/15,330100,a86085ff-104a-43a2-8836-57fec5527e13
丽水市,0000000G0000003F0000000700000010,12,2017/1/24,331100,20a35b47-1100-49a4-9767-4efe262707ef
舟山市,0000001400000031000000070000000X,6.83,2018/9/5,330900,5ac2c688-7aa4-433d-9ccb-9966996b7735
衢州市,0000000J0000003Q000000070000000X,41,2018/11/25,330800,7cd3b614-003e-4bec-9815-36245a812674
丽水市,0000002200000038000000070000000X,3.33,2018/6/15,331100,cf127bb1-5ede-4502-95c4-8ec4df7fa8f1
嘉兴市,0000000C0000002Q000000030000000X,66,2017/5/15,330400,07ef724f-1747-4ba3-aad5-4397fd47e2d4
温州市,0000000H0000002T000000070000000X,21.33,2018/12/15,330300,c5c56361-25bf-4b01-9f81-efc17a9c718f
舟山市,0000001700000031000000070000000X,2.67,2017/8/5,330900,6274db90-9229-4b90-b331-545645072f3b
衢州市,0000000H0000003N000000070000000X,13.67,2017/5/5,330800,f91ee595-e8fd-427a-98f5-2ee51fd9d42f
衢州市,0000002U0000007X000000070000000X,4.33,2017/4/5,330800,fd6646d7-5b9d-4b12-abd0-8d984aa4e92c
杭州市,0000002U0000007X000000070000000X,4.17,2017/1/15,330100,722ce479-864a-4ac0-8832-7fa141729703
台州市,0000000J0000003S000000070000000X,32.67,2017/4/15,331000,fc38af27-0424-4e7b-9f53-53bcc7c47098
台州市,0000000H0000003P000000070000000X,26,2017/2/25,331000,af0bac73-586f-4462-bc94-3fb06f9b51e2
温州市,0000000X0000007T000000070000000X,44,2018/8/5,330300,e91ac96a-2789-48eb-9a02-739ee66bca9c
舟山市,0000000H0000003N000000070000000X,16,2017/4/15,330900,2930d6cd-c721-4fda-93e7-c86d68ae0f6e
湖州市,0000000G0000003F0000000700000010,10.2,2018/1/2,330500,4769646b-5707-4b05-a720-8b70a78029ce
宁波市,0000000H0000003P000000070000000X,28.17,2017/3/25,330200,de05c4a3-6b8e-4951-845d-59004763dd28
台州市,0000000S0000002Z000000070000000X,10,2018/7/5,331000,ec5fa41a-9938-4e2c-9fbf-b2cf12d7a4bf
温州市,0000000S0000002Z000000070000000X,9.33,2019/3/15,330300,25a353cd-7351-466c-bb6d-fb12ac5031b4
温州市,0000003100000081000000130000000X,63,2018/6/15,330300,6982ceff-549f-4b23-a7a6-dde9ed6f557d
衢州市,0000001E00000031000000070000000X,3.67,2017/12/5,330800,a3ed59d6-0d30-4b4b-a5b5-ace211c21b1f
舟山市,0000002200000038000000070000000X,4.43,2019/1/5,330900,2502725e-c5c8-4e57-80f3-9deeccd4beab
丽水市,0000000H0000003N000000070000000X,16.67,2018/10/5,331100,3d0c4db0-9cbf-4687-9a60-e0aece29e9a8
丽水市,0000002U0000007X000000070000000X,4.66,2017/2/25,331100,fcf93759-5e92-4d06-bb88-0a487b937fdf
宁波市,0000000D0000002R000000030000000X,44.43,2017/12/15,330200,4219b48b-8b35-4eba-af54-b424d25b69c6
杭州市,0000001700000031000000070000000X,2.83,2019/1/25,330100,d887faed-920a-402e-b2c1-000d1919f884
湖州市,0000000H0000003N000000070000000X,14,2017/8/25,330500,f48d2d98-6f39-46d3-8668-ab79071f22da
台州市,0000001400000031000000070000000X,4.67,2017/4/25,331000,824519b6-946c-4452-a6a6-2b2697ddbb9a
温州市,0000000X0000007T000000070000000X,34.33,2018/9/25,330300,a32656de-52ff-4b54-bbdc-ca3cc6bc572c
湖州市,0000000D0000002R000000030000000X,39.33,2017/4/5,330500,2b2e31b2-0423-4ea6-881c-ced6273250ca
宁波市,0000000K0000003U000000070000000X,33.83,2017/12/15,330200,f8766b76-563f-473f-a251-70620d8b7cb7
绍兴市,0000000S0000002Z000000070000000X,9,2017/7/15,330600,053ddeb0-3a3b-410d-b4b5-2d801e9d232f
丽水市,0000002P0000007W000000070000000X,2.43,2017/2/15,331100,f18636c1-f946-4dbd-b129-8278e76a7b96
嘉兴市,0000001K00000031000000070000000X,5,2017/9/5,330400,2c6f03f1-bc3f-4ed4-ac9c-67366e0c357a
杭州市,0000000P0000002W000000070000000X,5.6,2019/2/15,330100,12722af4-4d81-4d65-afc3-10d8f1db48b0
衢州市,0000001E00000031000000070000000X,7.33,2018/2/25,330800,11377022-0789-4818-86fd-736f0992aecc
绍兴市,0000000H0000003P000000070000000X,25.67,2018/10/15,330600,1cf7dcd8-dd01-4895-b052-601e21889549
温州市,0000000Z00000031000000070000000X,5,2018/3/5,330300,bd4a5078-5a31-49e9-9889-208def19b2ae
台州市,0000001500000031000000070000000X,3.83,2017/7/15,331000,6eb35bcb-a1b5-4607-a8f0-22ea3ce1e3f3
绍兴市,0000000P0000003E0000000700000010,4.8,2018/3/6,330600,54e4d37e-663e-4562-87f4-2825ca90a1c6
温州市,0000000G0000003F0000000700000010,10.91,2017/4/25,330300,567ff78a-2f15-4416-a45a-a61ce6afefdb
台州市,0000002U0000007X000000070000000X,4.5,2018/4/15,331000,f6d49f3f-5a96-4328-a882-f952116ba615
浙江省,0000001700000031000000070000000X,2.78,2018/8/5,330000,35e0821d-a427-444d-a693-43bd65536004
宁波市,0000001A00000031000000070000000X,5.43,2018/12/5,330200,de55c503-08d7-47f4-8322-0accd3f9d414
衢州市,0000001Z00000036000000070000000X,5,2018/9/15,330800,e50ea9f3-d929-4433-874f-e804d6a99b4c
衢州市,0000001200000031000000070000000X,4,2018/10/25,330800,cab18a0a-d9e0-4c68-a5f5-8601417ce8c1
金华市,0000002U0000007X000000070000000X,4.17,2017/2/15,330700,c02d5c6c-ba2a-43dc-888b-ec1afe627fec
丽水市,0000000H0000003P000000070000000X,19,2017/5/5,331100,979b0e68-3010-447f-b090-5085b845cad8
衢州市,0000002P0000007W000000070000000X,3.57,2016/12/25,330800,33d9730c-872c-4175-b466-c25c60d731ca
温州市,0000000J0000003Q000000070000000X,47.33,2017/5/25,330300,77655812-25c0-45aa-abe5-f0d587bd8424
浙江省,0000001E00000031000000070000000X,4.79,2017/10/15,330000,3ef8c1c7-e974-452a-878a-9417c78e22c2
台州市,0000001E00000031000000070000000X,3.33,2018/5/5,331000,8bf1b98e-48ee-4e32-a023-1723bd0b5e52
湖州市,0000000P0000002W000000070000000X,4.83,2017/3/5,330500,7d44fdd0-55dc-4371-b417-2451833901d4
宁波市,0000001500000031000000070000000X,5.93,2018/12/25,330200,31d0ec4d-1b4d-44e1-bb41-cef09853efcd
宁波市,0000001700000031000000070000000X,3.3,2017/5/5,330200,a8bcac96-eaf2-4a17-9aaf-a2c2d6bddd2b
绍兴市,0000000Z00000031000000070000000X,5.83,2017/10/25,330600,4786ec53-65ff-4b65-bd20-c7332f8e1bf1
嘉兴市,0000002U0000007X000000070000000X,3.83,2018/9/5,330400,e707f19a-21d8-4170-965e-d1a1dc369f01
宁波市,0000000P0000002W000000070000000X,4.7,2017/4/25,330200,014f0995-edaa-4c88-a1d4-a472b65a7f25
湖州市,0000002200000038000000070000000X,4,2017/11/25,330500,b52a161c-8c65-43d6-a107-22fe84c92e5e
金华市,0000001E00000031000000070000000X,5,2017/7/5,330700,e671e85b-8e86-4021-88e4-080110c4ea64
丽水市,0000001700000031000000070000000X,2.67,2018/8/25,331100,b051eef4-a5b3-4d54-b50f-9f83c73d9a5d
舟山市,0000001Z00000036000000070000000X,7.83,2018/4/25,330900,5ca1c87a-40fa-4756-9d1d-4c4c7c40b61f
金华市,0000000P0000002W000000070000000X,5,2019/3/5,330700,1ca2f6f6-2d03-4ea4-a553-b6b305a2555e
台州市,0000000J0000003S000000070000000X,35,2018/9/15,331000,0cc9c032-8349-4f54-bc04-4a3a542be4e6
丽水市,0000000H0000003P000000070000000X,21.33,2018/11/25,331100,49a90d6e-3cba-4e79-82e8-d75be713746b
浙江省,0000002U0000007X000000070000000X,4.27,2017/10/15,330000,aed3fd3a-520e-4fbf-a7a9-2bfadadd11da
衢州市,0000001Z00000036000000070000000X,4.5,2017/2/5,330800,72a692c5-989a-4604-af2c-d21bbd78fa5a
温州市,0000000D0000002R000000030000000X,51.33,2018/9/25,330300,422b68b4-e417-4012-aa52-124541111570
丽水市,0000000H0000002T000000070000000X,17.33,2017/1/25,331100,f047277a-7f3e-4d8b-9327-364e0f4da1f0
杭州市,0000002200000038000000070000000X,2.67,2017/9/5,330100,d0b6d4a4-1eef-4ee7-b31a-7bd0313b4dbb
台州市,0000000S0000002Z000000070000000X,9.33,2018/12/15,331000,c3cc1623-81a3-48d6-a1a1-b259c19cfdf3
台州市,0000001K00000031000000070000000X,2.67,2019/3/5,331000,3da40ed4-64cf-47ab-ad05-66008de8075b
温州市,0000001200000031000000070000000X,3.83,2017/6/15,330300,f9483b67-7487-42ab-a3e1-1df66fc239ef
舟山市,0000000H0000003P000000070000000X,23.33,2018/11/5,330900,9a06842b-9a53-4ffe-b7d6-80893df95008
绍兴市,0000001A00000031000000070000000X,3.83,2018/7/15,330600,8774f095-a988-4e8e-95d9-4bb2d7ba8ac7
湖州市,0000000K0000003U000000070000000X,0,2017/6/25,330500,3b46a4d0-284d-4fe3-a156-ed1489ba98ff
宁波市,0000001E00000031000000070000000X,6.33,2016/12/15,330200,15864ee1-e40d-41e8-ae51-580edb410cd0
台州市,0000002U0000007X000000070000000X,4.33,2017/4/15,331000,990eac77-2c17-41d7-960d-0fc05cdcf362
宁波市,0000001500000031000000070000000X,4.57,2018/4/25,330200,0c016b10-44b6-45ba-9574-c47c9dc6a458
台州市,0000000P0000002W000000070000000X,5,2018/5/5,331000,f672f82d-f391-46ad-8c1d-bd3b9479ff66
舟山市,0000001400000031000000070000000X,5.17,2018/9/25,330900,64ca942b-e2f1-4dde-9109-3a1b3936abe0
杭州市,0000001500000031000000070000000X,4.03,2018/8/5,330100,f56e6d54-13ec-4d7f-89ee-217df9557a2e
舟山市,0000000P0000002W000000070000000X,5.33,2017/9/15,330900,bedf7e50-03f4-4986-802a-aa1a6d8ee6aa
丽水市,0000002P0000007W000000070000000X,2.6,2018/1/5,331100,e7d29370-8c38-450c-8ec0-9a3c4f66d94f
浙江省,0000001Z00000036000000070000000X,6.2,2017/6/25,330000,8edc33a5-0c3e-4d20-b8b3-f7e3c3ea35df
丽水市,0000000S0000002Z000000070000000X,9.67,2017/12/25,331100,53f1a2c9-5465-491d-8a06-7500fe1dec7e
衢州市,0000001700000031000000070000000X,2.5,2017/1/5,330800,9a044615-a1dc-44aa-a08e-9f2f78f225d4
丽水市,0000000J0000003Q000000070000000X,39,2018/6/15,331100,c1c91423-4f71-42fc-99d6-08c922e42ac2
舟山市,0000000H0000003N000000070000000X,14.67,2018/6/5,330900,7847e3a8-f77f-4e4e-b2d3-0acf0243c89f
杭州市,0000002P0000007W000000070000000X,2.87,2017/7/5,330100,59a08b9f-6afc-4cf4-bce6-e94b78d1384e
杭州市,0000002P0000007W000000070000000X,3,2018/9/25,330100,e8f8caed-494d-4d0a-bc21-f87d12cb9c09
金华市,0000000H0000003N000000070000000X,12.83,2018/1/25,330700,21cf56a1-6ebb-4989-885d-47fa011fad8e
衢州市,0000001200000031000000070000000X,3.83,2017/10/15,330800,22b38d85-128c-497b-818f-99e4a3ed88fd
杭州市,0000000J0000003S000000070000000X,35.33,2017/1/15,330100,f33387c2-e878-4309-a536-3f14de431def
浙江省,0000000Z00000031000000070000000X,4.4,2017/6/25,330000,c4874b1e-48ac-4fec-a2e6-1e6e8411af75
温州市,0000002P0000007W000000070000000X,2.33,2018/2/5,330300,9acd2b60-8bd5-4c4d-87d7-f08efd2dd9c9
浙江省,0000000S0000002Z000000070000000X,9.32,2018/4/15,330000,65a8cb04-81a9-4b15-8be2-b91198b6e5ed
丽水市,0000000H0000002T000000070000000X,14.67,2017/3/25,331100,d9d183c4-325d-4896-816a-bb64a1919b04
台州市,0000001A00000031000000070000000X,4.33,2017/4/25,331000,73850d23-391c-4a5b-a7ca-6b27b6130cb9
丽水市,0000000M0000003V000000070000000X,9.33,2017/6/15,331100,41ea9df0-e905-4e7c-ba38-fca86f2805af
金华市,0000000P0000003E0000000700000010,3.7,2018/5/8,330700,84910af0-7ff5-4f0b-8dce-4346944e272e
宁波市,0000000S0000002Z000000070000000X,10.27,2017/12/25,330200,323b3e7a-1e0a-4211-96d1-1d4c740e7e47
温州市,0000000P0000002W000000070000000X,5.27,2018/8/5,330300,dd546949-0111-4aa9-902b-e12b480722d5
金华市,0000000M0000003V000000070000000X,13,2018/2/15,330700,f6ff5b34-d4f9-46e9-a8f2-7a0d3bd258ad
宁波市,0000000Z00000031000000070000000X,6.7,2018/6/25,330200,7586454f-7cc4-4b2d-8cc5-434bc01af92f
嘉兴市,0000000G0000003F0000000700000010,10.6,2018/1/23,330400,7a2441f8-eb89-4d30-8081-65efcf850e8b
杭州市,0000000H0000002T000000070000000X,16.67,2019/3/5,330100,c1842e7d-2678-4fee-b8f6-59c3128b28a4
衢州市,0000000X0000007T000000070000000X,26.67,2017/4/5,330800,a2c96552-eeee-4b39-8c80-c7e1cce88c2a
台州市,0000000J0000003S000000070000000X,35.33,2018/2/25,331000,6302fb0d-0cfe-47d8-b966-c005d7e87bf9
宁波市,0000000Z00000031000000070000000X,4.93,2017/6/5,330200,f7f50d44-b757-4440-9c54-1842621f2fdc
丽水市,0000002P0000007W000000070000000X,2.6,2017/5/5,331100,e1aed7c1-6b81-4c79-ac6d-7d0ffa46e145
绍兴市,0000001700000031000000070000000X,2.67,2017/3/25,330600,3e195f80-5d5b-4282-bf3c-20c6e9321571
杭州市,0000000M0000003V000000070000000X,11.33,2018/10/5,330100,3c8c9007-e892-425a-b053-64f4607d64ed
浙江省,0000002U0000007X000000070000000X,4.26,2018/6/5,330000,571ed29f-2465-4d5b-9a0f-cb293c96ae01
湖州市,0000000P0000002W000000070000000X,4.33,2017/5/15,330500,cea088c9-8e1e-4bf8-86dd-151ce6ba6ab4
温州市,0000000H0000003N000000070000000X,16.33,2017/11/25,330300,076b6b95-4e2b-420e-a1c5-2be96b1e6242
杭州市,0000000G0000003F0000000700000010,8.44,2017/5/30,330100,bb1ada54-7d79-4f9b-9e70-e3bd176ea9f7
浙江省,0000002P0000007W000000070000000X,3.05,2017/4/25,330000,1efb9630-53b0-46ee-a6e1-b8fc5c1f1ae4
丽水市,0000000J0000003Q000000070000000X,39.33,2018/4/5,331100,194a8d8b-3326-43cc-a572-f0a04fc16c7c
台州市,0000000H0000003N000000070000000X,10.5,2018/4/15,331000,783197fd-edea-42a2-88a1-0d66da00d825
浙江省,0000001200000031000000070000000X,3.77,2016/12/25,330000,33a35f77-080e-46be-bf85-63954b060922
宁波市,0000000H0000003P000000070000000X,27.33,2017/5/5,330200,dd089fc5-66e2-4e79-b78c-dc508550e99e
丽水市,0000002U0000007X000000070000000X,3.66,2019/1/15,331100,fe53b28e-6ec7-422f-9a8f-8884babf5e48
宁波市,0000001400000031000000070000000X,4.83,2017/7/25,330200,77f63866-1cf3-47f8-b030-1271b71e133a
温州市,0000000Z00000031000000070000000X,4.17,2018/5/5,330300,eea26fa2-0216-4681-8dbb-b4535a2bf40d
金华市,0000001200000031000000070000000X,4.67,2018/3/5,330700,3ef17185-b896-4472-91ad-e5c84fb9d444
嘉兴市,0000001700000031000000070000000X,3.27,2018/11/5,330400,9e63668c-6ed2-4ab9-8d4b-c8c277196b63
宁波市,0000001700000031000000070000000X,3.2,2017/5/15,330200,23cc59c0-0d7f-4421-8a38-95dda39e36b8
舟山市,0000000C0000002Q000000030000000X,51.6,2017/4/15,330900,f03f28c7-a592-44e8-b035-9671ccecc5b7
舟山市,0000001400000031000000070000000X,5.17,2017/5/5,330900,528b7b75-7c24-4bb3-8df7-50cea3bb5811
绍兴市,0000001200000031000000070000000X,3.67,2017/4/5,330600,e63dd92f-da51-4a7d-a473-d479c1d00bed
台州市,0000000H0000003P000000070000000X,25.67,2019/1/5,331000,67d9829b-6a7d-4822-be36-5f4f902a549e
衢州市,0000001400000031000000070000000X,5.33,2018/4/5,330800,61b49573-1eff-4a9d-95ae-2c5cbc601f0d
嘉兴市,0000000J0000003S000000070000000X,32.33,2016/12/15,330400,5a9ac0dc-f0b6-4edb-b616-6ca942267f9a
嘉兴市,0000000Z00000031000000070000000X,6,2018/10/15,330400,d321cfa0-b8ea-49d4-b32a-ef817446a9cd
舟山市,0000000C0000002Q000000030000000X,50.3,2017/9/15,330900,8056d70f-f5f7-461e-8a1c-b8ac70ab2f9d
金华市,0000001500000031000000070000000X,3.67,2017/12/5,330700,8e14fadf-7584-4402-9071-306719258617
舟山市,0000002P0000007W000000070000000X,3.33,2018/3/5,330900,cf04e5d6-6379-45f9-a023-ff436f63da49
金华市,0000001Z00000036000000070000000X,5.17,2017/2/15,330700,9c905a7c-d52e-46d3-ab4c-04e7b93329ce
宁波市,0000002U0000007X000000070000000X,4.53,2018/4/25,330200,3aca6438-6dce-41f1-b7e4-571948ba377f
宁波市,0000001E00000031000000070000000X,4.5,2019/2/5,330200,ff2afb26-d5d2-4e68-a7b2-e1a5f4097ae6
丽水市,0000001Z00000036000000070000000X,4.66,2017/4/15,331100,788e6fd3-b72f-4fed-ac20-23fb0635f6be
台州市,0000001A00000031000000070000000X,5.83,2018/3/5,331000,0d56bfee-eebd-4737-8fba-4b013f29c29e
嘉兴市,0000001A00000031000000070000000X,6.67,2019/1/5,330400,e8e0cd08-4eb7-4fda-afbb-82b4973532bd
浙江省,0000000X0000007T000000070000000X,37.1,2017/7/5,330000,b2e3c4ad-8ee2-46aa-bbcb-04b156d5c577
金华市,0000001700000031000000070000000X,2.5,2018/9/25,330700,e55c2391-654f-450b-9566-974871736eb0
金华市,0000000M0000003V000000070000000X,13.67,2019/2/15,330700,b30bf9f7-be5d-4b0b-898d-7e5a9c7482c0
绍兴市,0000001Z00000036000000070000000X,3.83,2017/4/15,330600,530a8942-2a0e-4494-adb3-336595d20abc
绍兴市,0000000C0000002Q000000030000000X,59,2017/4/25,330600,b5e7bf50-f591-4bc1-9c2e-14826beea3df
湖州市,0000000P0000003E0000000700000010,4.5,2018/3/13,330500,a8be5b6f-d502-4d2b-998f-a140944f3081
台州市,0000000S0000002Z000000070000000X,10,2018/6/15,331000,de05605c-cbc6-4c64-86c1-6a16892f8de6
台州市,0000000X0000007T000000070000000X,32.33,2017/9/5,331000,3a00b442-9b3a-4f18-9cd1-3a373c22275c
金华市,0000001Z00000036000000070000000X,5.67,2017/4/25,330700,4875ddac-383a-4eed-a246-64f1a3e8a053
杭州市,0000000C0000002Q000000030000000X,62.67,2017/9/25,330100,b60e5a0f-79d8-49aa-8748-68acfd74a355
金华市,0000000J0000003S000000070000000X,36.67,2018/11/25,330700,d7a4f9e6-f178-4abc-9ff5-b1bfb9c3bc82
衢州市,0000000M0000003V000000070000000X,11.33,2018/3/5,330800,d443c358-4d2e-41fb-b231-30ef760c0329
温州市,0000000H0000003P000000070000000X,25.33,2017/4/15,330300,efd6acb8-8c11-4c73-8c6e-1104bf22c186
湖州市,0000000K0000003U000000070000000X,0,2018/12/25,330500,b0a7e0f3-d32f-43cd-9ea1-989d65347b1a
衢州市,0000000H0000002T000000070000000X,18.33,2017/12/5,330800,3abf52a3-6f86-49c5-808e-ec3fb0f866b9
嘉兴市,0000001E00000031000000070000000X,5.83,2018/9/25,330400,e07f456c-9121-43b8-8ac5-ef9b3e5435e3
丽水市,0000000Z00000031000000070000000X,3.33,2016/12/25,331100,a4370899-0d98-49fd-a415-2183e69c9907
舟山市,0000002P0000007W000000070000000X,3.33,2018/7/25,330900,89e602a1-6cd6-4e1a-bc69-9058e5418cab
舟山市,0000002200000038000000070000000X,4.17,2016/12/25,330900,1c9335e9-b0db-4c2e-a86b-d206178a3a1e
杭州市,0000000H0000003N000000070000000X,15.67,2017/6/15,330100,b269dfeb-4208-4fb0-ace4-331d32548365
湖州市,0000001400000031000000070000000X,5,2018/10/25,330500,10440719-21c1-4c74-b57b-6589cbf5af1a
杭州市,0000000H0000003P000000070000000X,20.5,2017/5/5,330100,e8ef820c-1e40-483b-8cf2-a73da0738bfe
浙江省,0000001E00000031000000070000000X,3.28,2018/12/25,330000,8d990078-81e7-41db-a41e-875833e6465c
湖州市,0000001A00000031000000070000000X,7.33,2017/12/25,330500,cf9af99e-ec46-4ffb-818b-2320a004f0f6
宁波市,0000001A00000031000000070000000X,3.83,2017/7/15,330200,79854dba-7699-47e3-b61e-d185dfba7aa8
台州市,0000000J0000003Q000000070000000X,41,2018/11/5,331000,4d2dc1e7-b431-413e-b72d-388668869804
衢州市,0000001A00000031000000070000000X,5.33,2018/4/15,330800,71c1f876-ad1e-42c9-8eaf-c9142d422e33
浙江省,0000000H0000003N000000070000000X,14.21,2017/12/25,330000,ecee0547-e22b-43de-9c43-da2b7e9ed636
台州市,0000000H0000002T000000070000000X,13.17,2017/6/5,331000,f0baad32-695b-4613-8fa8-35e2ac15fc36
绍兴市,0000001E00000031000000070000000X,3.17,2019/1/15,330600,b5218768-8b3b-4952-922f-b4d620842c96
台州市,0000000P0000003E0000000700000010,2.7,2017/4/25,331000,50ba7085-1b84-427d-b923-ab73ba0cb345
杭州市,0000000H0000003P000000070000000X,21.33,2018/1/25,330100,86a9e873-cc8a-47b2-a29f-0391db92d932
丽水市,0000000J0000003S000000070000000X,34.33,2017/9/15,331100,31c0e4d2-61fd-444b-b9d7-ffe57a2a84eb
金华市,0000000D0000002R000000030000000X,40.17,2018/5/15,330700,a2fdc81d-98cc-4044-b830-c085971389bc
浙江省,0000000H0000003P000000070000000X,24.06,2018/12/15,330000,7551b2d0-ea31-45b4-bef5-3de90bdb48e9
杭州市,0000000H0000002T000000070000000X,17,2017/7/25,330100,ff0ca960-b43e-4a96-9745-f82301e87d4f
衢州市,0000001200000031000000070000000X,3.67,2017/10/5,330800,d37600ba-1e56-4839-a1ec-929e1e2a2858
台州市,0000000G0000003F0000000700000010,9.6,2017/8/22,331000,28f52f60-5592-4d23-be45-afcaf8913349
嘉兴市,0000000H0000003N000000070000000X,15.33,2017/5/5,330400,9197c863-ba09-4ac9-9dc6-39203f206088
舟山市,0000000M0000003V000000070000000X,14,2018/5/25,330900,eaf20392-5c77-43c7-bdc4-b31d418d44f5
金华市,0000000S0000002Z000000070000000X,7.83,2018/4/5,330700,2c07a435-d723-475d-9618-128555c7d248
浙江省,0000000M0000003V000000070000000X,12.74,2018/2/5,330000,986c7112-f7bb-46cb-849c-c6e9e8246bff
舟山市,0000000M0000003V000000070000000X,14,2018/9/25,330900,a27510df-2b9d-45cc-ba58-36a33d2a54c8
金华市,0000000H0000003P000000070000000X,22,2018/11/5,330700,173f53ee-9258-43ae-af6d-491244cdaea6
金华市,0000001700000031000000070000000X,2.33,2017/9/5,330700,dd50c037-e4ab-4e9d-afa1-8cf9ba961cf9
衢州市,0000001A00000031000000070000000X,6.5,2018/8/25,330800,22cab9c9-699e-4876-9c84-98163f712920
宁波市,0000000K0000003U000000070000000X,33.33,2017/2/15,330200,2bcf64e7-30a9-4902-a6e1-b5a90e2dc168
杭州市,0000000M0000003V000000070000000X,10.5,2017/9/15,330100,603fed58-5f27-4a6e-9181-318fb0a7aa61
台州市,0000001E00000031000000070000000X,4.5,2018/7/15,331000,eaef8c2b-40a4-4009-a432-70ab62b20c00
金华市,0000000C0000002Q000000030000000X,68.17,2017/3/25,330700,b5ce1b3c-7eeb-42c5-ad88-6853274f9817
舟山市,0000000S0000002Z000000070000000X,11.67,2017/11/15,330900,2427b6f9-f579-4546-a2fe-ea12a8cde22b
浙江省,0000003100000081000000130000000X,86.31,2018/12/5,330000,168ae8d6-4726-490a-a74d-fdf157c038b8
宁波市,0000001E00000031000000070000000X,4.43,2017/4/5,330200,1a197b94-7533-4c28-9426-ae3ce2a89e33
嘉兴市,0000000S0000002Z000000070000000X,9.67,2018/2/25,330400,2781ba24-b12a-477b-b95d-196ca3b62f5a
绍兴市,0000001500000031000000070000000X,3.83,2017/8/5,330600,a64a53af-c8e2-4cb4-bc6b-bc8d3aa57c51
温州市,0000002P0000007W000000070000000X,2.17,2017/4/15,330300,8f1f6ed0-a062-43c3-ac49-c9c5e80d53b2
绍兴市,0000001K00000031000000070000000X,3.33,2019/3/5,330600,a67dd720-305e-43ed-9e6e-62ad6ca8a9f2
浙江省,0000000S0000002Z000000070000000X,9.08,2018/12/25,330000,5423107c-c4b4-4a6c-874d-8ba8bd0860ee
宁波市,0000001Z00000036000000070000000X,6.6,2017/2/25,330200,2c027ae4-7a8d-44f8-a687-2ef9b1a79a1e
湖州市,0000000H0000002T000000070000000X,16.33,2018/1/15,330500,4cc2b843-6209-4fb7-893d-f14a3b34e9d8
湖州市,0000000H0000003P000000070000000X,18.67,2017/11/15,330500,8a7b0b65-fb8d-4abd-8206-57b81a56b750
衢州市,0000000P0000003E0000000700000010,3.6,2018/7/3,330800,1e48c0b4-7e88-4b7f-a2de-50ada25cb996
绍兴市,0000001E00000031000000070000000X,3,2019/1/5,330600,9fdd3208-bd69-4402-820a-452c68ca2cc8
嘉兴市,0000002U0000007X000000070000000X,4,2017/8/25,330400,ede99958-fcf8-4a6b-b06d-6cba3b14b5a6
宁波市,0000000H0000003N000000070000000X,15.5,2017/3/25,330200,2a80a3d1-0f1c-4e52-a30a-fe92f1b364cd
湖州市,0000000K0000003U000000070000000X,0,2019/2/15,330500,468c6cc0-7750-4b1a-9318-11c06ed5e2cd
丽水市,0000000C0000002Q000000030000000X,70.23,2018/5/25,331100,4b2523dd-145d-4c4e-a9bf-38586ea3c6b8
嘉兴市,0000000Z00000031000000070000000X,3.17,2017/3/25,330400,c9fc11b7-f357-498c-a41f-9f49b87bfff1
金华市,0000001A00000031000000070000000X,5.67,2017/4/15,330700,b09d6f69-86b2-43c5-b698-07bbd8801ab6
浙江省,0000000G0000003F0000000700000010,9.26,2017/8/1,330000,9e6b2562-ab79-4453-b04e-62792b4ca74c
温州市,0000001500000031000000070000000X,4.83,2018/6/15,330300,933b69c4-bc07-43e8-8d6b-f93992325e87
杭州市,0000001400000031000000070000000X,4.67,2017/7/25,330100,0a7ac722-39eb-4d71-8738-6a9e88c4044d
宁波市,0000001A00000031000000070000000X,4.9,2017/1/5,330200,a8b35a09-f99c-44cf-952d-d27c052ed135
丽水市,0000000M0000003V000000070000000X,10,2017/3/25,331100,2ab28fd1-1856-4ae2-8266-52de6e4f6c1c
舟山市,0000002P0000007W000000070000000X,3.1,2017/5/15,330900,7070d453-eeff-45a5-b234-1344a3c89358
舟山市,0000001700000031000000070000000X,2.67,2016/12/15,330900,2823daa1-dfe4-42be-aa37-96c744271aa8
杭州市,0000001K00000031000000070000000X,4.33,2017/11/25,330100,bdb34f98-2a53-40d5-8d34-2db1fb235c7d
衢州市,0000000Z00000031000000070000000X,2.5,2017/4/5,330800,9bf9756b-6437-4288-87fe-a211f0318aad
金华市,0000000G0000003F0000000700000010,10.6,2017/4/25,330700,6e95e798-9d53-4296-bc60-668339786455
绍兴市,0000000C0000002Q000000030000000X,57.67,2018/5/15,330600,b23a61f1-b89e-4db9-8f18-c4563263a439
绍兴市,0000000Z00000031000000070000000X,2.83,2017/4/15,330600,b71e1ac7-e68c-437c-8f7c-f80dc52f2d66
湖州市,0000000D0000002R000000030000000X,38.67,2017/4/25,330500,0c29f275-5938-495a-8f7b-d735782d13a1
金华市,0000001200000031000000070000000X,3,2017/11/15,330700,5b5559e9-b90b-4f9d-a7c1-15b090368f67
舟山市,0000000P0000003E0000000700000010,5,2018/9/18,330900,5de2f863-878b-406b-a178-2f5497b344c6
杭州市,0000000G0000003F0000000700000010,9.93,2017/4/18,330100,d59123b4-80c2-426d-afab-69aac2d5470a
台州市,0000000X0000007T000000070000000X,23,2017/3/15,331000,3e7f606d-62f2-4a42-9bdc-3f50de34ac56
金华市,0000000P0000002W000000070000000X,4.77,2017/2/5,330700,68dd79eb-aad5-43c0-a663-fc2ac116d980
绍兴市,0000000J0000003Q000000070000000X,44,2018/9/15,330600,2d2484c1-1035-43d4-a061-5873af5f5d1f
绍兴市,0000000P0000002W000000070000000X,5.83,2018/1/25,330600,b53c3d25-459f-4dcf-aefe-29303de8be01
湖州市,0000000J0000003S000000070000000X,34,2016/12/15,330500,536d414f-2ba1-49f4-8421-389bf16bfa23
湖州市,0000000P0000003E0000000700000010,3.6,2017/8/1,330500,0894fd36-961e-43e2-a342-4322390d509e
杭州市,0000000C0000002Q000000030000000X,63.33,2018/10/5,330100,e6f2095a-f5fd-48bc-b5eb-76192b227e3f
绍兴市,0000000P0000003E0000000700000010,5.3,2018/9/4,330600,991dfd74-3421-4856-bbc8-6f70eafe1a80
宁波市,0000001500000031000000070000000X,4.93,2018/3/25,330200,37ee39c6-66ca-4a17-b183-7fc2dd6bbff8
宁波市,0000003100000081000000130000000X,176,2017/5/25,330200,be08dffa-36da-4990-bf8c-2d058941261d
金华市,0000000G0000003F0000000700000010,9.9,2017/5/16,330700,4cb9e6d9-80a4-47df-a16b-0ff601010ede
湖州市,0000003100000081000000130000000X,77,2017/9/5,330500,c3d0226c-1665-48c0-a8ce-87d424bbd2c4
湖州市,0000000J0000003Q000000070000000X,40.33,2019/2/15,330500,dd67e496-4a0a-45c3-9140-b0748e75eef2
浙江省,0000003100000081000000130000000X,94.13,2018/2/25,330000,b75fca44-e020-4710-82a2-349e77535d82
绍兴市,0000001400000031000000070000000X,6.33,2019/1/15,330600,79bde02a-683c-4fa9-8fb6-ca77738b02b1
丽水市,0000000K0000003U000000070000000X,37.67,2016/12/15,331100,74ad1fbe-1aba-449a-b74e-4846cdd935bb
嘉兴市,0000000M0000003V000000070000000X,11.17,2018/4/15,330400,422285d3-b009-4fee-ad8d-3af26933df85
绍兴市,0000001K00000031000000070000000X,2.33,2017/5/15,330600,7a84f06f-0468-4cea-b2a8-fe979989085d
宁波市,0000001700000031000000070000000X,3.63,2019/1/25,330200,cfb0b9bd-1d5e-4396-afdd-7d2b575047ed
杭州市,0000001E00000031000000070000000X,5.27,2018/3/5,330100,2b3c5883-67e1-43e6-84a3-1b714947390e
绍兴市,0000001Z00000036000000070000000X,4.27,2016/12/25,330600,ea9d9f64-efe9-4b71-b99a-e35cfc9c607b
丽水市,0000002P0000007W000000070000000X,2.93,2018/10/25,331100,62339bfd-e7f1-4273-90e9-3e0fdf8e2c13
丽水市,0000001K00000031000000070000000X,3.5,2017/3/25,331100,8bf2c8d4-891e-4c67-a96c-e5845cea72fc
嘉兴市,0000001A00000031000000070000000X,6,2018/8/25,330400,906fe92e-9865-4694-994b-af002cf78b76
嘉兴市,0000000P0000003E0000000700000010,3.33,2017/3/28,330400,f2f2d3ad-361b-4420-9efd-831a565a49a5
杭州市,0000001A00000031000000070000000X,5.13,2017/8/15,330100,6cc246c2-ba61-4f5c-842d-a4f3a21a353f
嘉兴市,0000000H0000003N000000070000000X,15,2017/10/5,330400,dc5e6bb1-204e-49e5-b9fe-6321ed0b4db6
丽水市,0000000G0000003F0000000700000010,9.7,2017/12/5,331100,2b73b0e7-881f-4e0c-ab54-a0626ddfb1bb
温州市,0000000Z00000031000000070000000X,3,2017/1/15,330300,1864cddd-1268-4e12-a481-ddd34416f775
嘉兴市,0000002U0000007X000000070000000X,3.83,2017/7/25,330400,12e496f2-1a82-46bb-b0d4-f843d3e5bba4
湖州市,0000001500000031000000070000000X,6.5,2019/3/15,330500,5cc25551-9e97-4b32-86f0-8da1cdba1bd6
舟山市,0000000C0000002Q000000030000000X,50.3,2017/12/15,330900,b1dd3348-92bd-4050-bcf8-a271ad451965
嘉兴市,0000001A00000031000000070000000X,4.83,2017/11/15,330400,b71bb6b3-c860-4035-9750-32a8092c72be
浙江省,0000000P0000003E0000000700000010,4.82,2018/10/16,330000,f8161f2a-5123-426a-8450-ac8adb1549e0
舟山市,0000000D0000002R000000030000000X,44.97,2018/6/5,330900,d2bd6778-c58c-42c8-9d77-a6db391e2c73
衢州市,0000000Z00000031000000070000000X,4.33,2019/1/25,330800,b41aa450-63e5-4494-9806-bb7f927cd2c1
金华市,0000000J0000003S000000070000000X,34.33,2017/8/5,330700,3e9921a8-069f-46d1-a6e3-05acbe1f2c51
温州市,0000000P0000002W000000070000000X,5.67,2017/10/25,330300,8d9e0f81-cf95-4a25-b033-5e9d47be9383
浙江省,0000000C0000002Q000000030000000X,64.06,2017/4/15,330000,7e1e5305-7d67-4cae-864f-b55530a10ff2
宁波市,0000000H0000002T000000070000000X,15.5,2017/7/5,330200,1e320abf-97c7-4335-8f8a-74693766fb7b
温州市,0000000J0000003Q000000070000000X,46.67,2017/12/5,330300,111f73f2-c7d6-4e85-981d-cb94201f4359
宁波市,0000003100000081000000130000000X,138.33,2019/1/25,330200,8f997659-c9ad-4d06-9fbc-86a6dce80b1a
丽水市,0000001400000031000000070000000X,5,2017/5/5,331100,b178bc23-df69-4c90-b6a7-1961cb8afc52
舟山市,0000000X0000007T000000070000000X,50,2017/4/25,330900,8256468f-7512-4373-b3de-d627ce0d4cf9
衢州市,0000000H0000003N000000070000000X,13,2017/11/15,330800,baa6ce80-9479-4314-bead-72c5f69d1d19
金华市,0000001Z00000036000000070000000X,6.5,2017/8/5,330700,6fad4347-46b5-4e57-a595-14c97803c53c
嘉兴市,0000000D0000002R000000030000000X,36,2019/2/15,330400,0a01760b-b81f-4c39-aaa6-085d7d94283e
舟山市,0000000H0000003P000000070000000X,25.67,2017/4/5,330900,f226a1e4-8e23-4c25-a73a-9e2d9d68ee56
金华市,0000001500000031000000070000000X,4.33,2016/12/25,330700,bce60771-7411-4b0b-bb54-5a862d27693c
湖州市,0000000D0000002R000000030000000X,37.67,2017/9/25,330500,b55dde09-4d8b-4d6b-8809-53ea3b32958a
杭州市,0000001200000031000000070000000X,5.17,2018/12/25,330100,8ec432c2-3369-4387-83da-26b56ec95851
舟山市,0000001200000031000000070000000X,3.5,2017/7/15,330900,88fadeef-47fd-484e-a1d7-e6dd7310a74b
杭州市,0000001400000031000000070000000X,6,2018/11/25,330100,73335368-0c23-439d-a223-b4ba4f9ef0e7
宁波市,0000001400000031000000070000000X,6.13,2018/7/5,330200,0bd92110-3ad0-43e1-9d1e-c87eaad7af4c
台州市,0000002200000038000000070000000X,3,2017/5/5,331000,de9637ab-1a3c-4bb6-8c45-d1aa510b4621
金华市,0000001400000031000000070000000X,5.33,2017/10/25,330700,def7b990-0e18-4055-8b73-7b71b4f79fa6
温州市,0000001A00000031000000070000000X,5.67,2018/6/25,330300,cdfa84d7-bf7f-4fed-ad71-a6936367d9a8
杭州市,0000001Z00000036000000070000000X,6.77,2016/12/25,330100,1cf142a3-bf36-434b-b60b-049c1f1a4a97
宁波市,0000001Z00000036000000070000000X,6.57,2017/1/25,330200,815990bb-0fcf-4c40-9014-b305a0361abf
台州市,0000001Z00000036000000070000000X,6.33,2017/5/25,331000,dc4e5726-8fd6-4741-a5fe-0ca12b2e9fbb
丽水市,0000000G0000003F0000000700000010,9.5,2017/4/25,331100,9b596cb3-8a61-44d3-b29b-72e9abe3126e
温州市,0000001A00000031000000070000000X,4.17,2017/2/15,330300,613f21a3-a46f-429f-b956-8bd96349dd7c
绍兴市,0000001Z00000036000000070000000X,5.33,2019/1/25,330600,39f1adc6-f9c7-46c9-b7ad-8769ef05f09f
金华市,0000000J0000003Q000000070000000X,41,2018/4/5,330700,e080688a-ed4b-4272-b742-9815b8e34c53
绍兴市,0000000H0000002T000000070000000X,12.67,2018/6/25,330600,80aa6e0b-d954-44eb-96a4-2f558b63f0bc
丽水市,0000000C0000002Q000000030000000X,70.23,2017/3/15,331100,05693014-ceee-4f26-ab9b-3cbc67726afe
金华市,0000000C0000002Q000000030000000X,68.17,2017/5/15,330700,1372f0be-4f3a-4295-9e12-fb9c1a6bb45b
衢州市,0000002200000038000000070000000X,2.33,2017/9/5,330800,4572bb63-98e4-4bcc-8ccd-d1c9db5a49ad
衢州市,0000001A00000031000000070000000X,6.33,2017/2/15,330800,f6ad2d65-9ed1-4ab0-aaa7-0c4a08abecc3
台州市,0000000Z00000031000000070000000X,4,2018/1/15,331000,7f9dd07f-0b39-4b6b-8ba1-442ce9c38a89
台州市,0000000J0000003Q000000070000000X,41.67,2019/1/15,331000,f8adff16-cd7d-4359-b9d3-590e369a0d0f
湖州市,0000000J0000003Q000000070000000X,39.67,2019/1/5,330500,8a832c08-e945-4df0-8c93-f275fb019bc1
湖州市,0000001700000031000000070000000X,3.33,2017/1/15,330500,64691cbf-4f8a-4a9c-a914-cd2bc286d405
嘉兴市,0000001700000031000000070000000X,3.27,2018/11/15,330400,d9ca63ce-25d9-457d-829b-3f5eafe1d267
温州市,0000001400000031000000070000000X,6.67,2017/4/15,330300,b83e7b03-457c-4598-a840-c15fec085e59
浙江省,0000003100000081000000130000000X,91.16,2017/4/5,330000,f42fd947-cc5b-499d-bc79-289a5f8592d7
绍兴市,0000001500000031000000070000000X,3.67,2018/1/5,330600,1b15ee26-ef56-4abe-8d2f-c323829d0dbd
杭州市,0000000X0000007T000000070000000X,40,2018/3/25,330100,bafd32cc-23ef-4880-91a2-674f3cc934a0
嘉兴市,0000000D0000002R000000030000000X,35,2018/5/25,330400,fb69c800-65fe-4d38-8d0e-126682856aec
绍兴市,0000000M0000003V000000070000000X,9.67,2017/1/5,330600,65e2a73d-0f37-4184-a19b-2b561d59f810
绍兴市,0000000P0000002W000000070000000X,4.83,2017/2/15,330600,c64dc500-4803-4641-838e-8f3c0ea07344
丽水市,0000001500000031000000070000000X,4.33,2017/8/25,331100,deb817f7-9761-41fc-b36f-169e128844a9
嘉兴市,0000001200000031000000070000000X,4.5,2017/3/15,330400,63a62d95-ab2e-4b4d-a853-460350b10a22
嘉兴市,0000000J0000003S000000070000000X,32.33,2018/2/15,330400,7c0ab35c-dcd6-41cb-8b5c-58843cd37961
温州市,0000000Z00000031000000070000000X,5.5,2018/9/25,330300,49fba84c-8d71-41ce-a6f1-3814021ca053
舟山市,0000000H0000003P000000070000000X,25.67,2017/4/25,330900,0115ab86-fc46-45a3-853f-f3fbd933181a
浙江省,0000001A00000031000000070000000X,7.06,2018/3/5,330000,9611e821-f510-483e-aacb-fb957f9147ff
杭州市,0000000M0000003V000000070000000X,10.67,2018/9/5,330100,ef5a53b1-7fa3-4526-b979-dd631fcec63f
湖州市,0000000M0000003V000000070000000X,17.33,2017/8/25,330500,8f9f696b-1612-428a-a48d-d307948fb107
浙江省,0000000C0000002Q000000030000000X,63.46,2018/5/15,330000,9d61c2ee-d4e3-48c0-b4d6-791ef9fa9bd5
绍兴市,0000001400000031000000070000000X,3.17,2017/6/5,330600,85de0f7a-bfee-4f3d-bf9f-818c729a786c
衢州市,0000002200000038000000070000000X,2.67,2018/4/25,330800,5abba126-06fe-4ab7-bf13-75b4b2c3d1c2
湖州市,0000001200000031000000070000000X,3.67,2017/5/5,330500,d443d3fb-c6ce-4138-9516-32c87db9bf0e
杭州市,0000000H0000003N000000070000000X,14.33,2018/6/5,330100,fc50d0f5-0691-4a8d-b4d0-d656c93ebee9
温州市,0000000S0000002Z000000070000000X,9.33,2019/1/25,330300,13db3a18-a67e-4c25-87d2-68949687cf0b
浙江省,0000000H0000002T000000070000000X,17.81,2018/11/5,330000,8e19a258-125a-4621-a6bc-d1aa00aef4ce
舟山市,0000000C0000002Q000000030000000X,50.3,2018/3/25,330900,21736eca-aed1-4a54-9516-72f705cbebe6
湖州市,0000002P0000007W000000070000000X,3.89,2017/7/5,330500,744ac396-8bab-4a0c-ac65-3292ed3aa195
衢州市,0000001K00000031000000070000000X,2.5,2017/5/15,330800,8bf7acd7-72c9-4e69-a2ef-9ed29ce9a316
嘉兴市,0000000Z00000031000000070000000X,4.83,2018/1/25,330400,02257086-d0a8-4bbd-9087-abc38acae5b7
丽水市,0000001400000031000000070000000X,5.5,2017/1/5,331100,81e14f51-625e-400e-ae8e-2303d05ef7c3
杭州市,0000001A00000031000000070000000X,5.33,2016/12/15,330100,b10d33e5-aeca-4397-9ce4-48bcb92a8092
宁波市,0000001Z00000036000000070000000X,6.5,2017/8/5,330200,726017e9-8c0c-4f48-9362-a1ca09d7fda7
金华市,0000000J0000003S000000070000000X,35.33,2017/3/5,330700,7651229f-bcdf-45c9-ab2b-4c2c8c0d232c
舟山市,0000002U0000007X000000070000000X,3.83,2017/10/5,330900,9e25bb49-9d88-4a25-8dc3-61d869d74e43
衢州市,0000000X0000007T000000070000000X,25,2018/11/15,330800,c50eb125-5755-4a4b-8fce-3b3852142a7e
温州市,0000003100000081000000130000000X,63,2019/1/25,330300,689a3b34-593e-4913-b8c4-beb0c4254d02
丽水市,0000000M0000003V000000070000000X,9.33,2017/8/5,331100,a20e4d56-5a68-40b6-b887-eda41690ce1b
湖州市,0000000C0000002Q000000030000000X,57.67,2017/10/5,330500,03a19d61-b6d7-438e-bd15-06641043dffd
温州市,0000000P0000003E0000000700000010,3.7,2018/5/1,330300,a2fa1655-0cab-437b-9034-2dc265897f2c
台州市,0000000J0000003Q000000070000000X,38.33,2018/8/25,331000,cace08e1-c804-49e9-a62d-d4f04742d2e9
湖州市,0000001400000031000000070000000X,5,2018/12/5,330500,192dcbe6-7377-41a8-a057-e175e0f57442
台州市,0000001K00000031000000070000000X,3.33,2018/9/5,331000,5d8f8576-7c88-49a9-9843-4e8d5243a3f7
杭州市,0000000S0000002Z000000070000000X,8.6,2018/9/15,330100,8904a5bc-dc6a-4cbe-874d-d9befbffea4a
舟山市,0000000D0000002R000000030000000X,44.97,2017/11/5,330900,12621ac6-c380-4adc-9e67-67fb1b66156b
宁波市,0000000K0000003U000000070000000X,34.33,2018/8/5,330200,fa2bfa50-532e-4912-aca4-d8c09a60d27d
杭州市,0000000J0000003S000000070000000X,37.33,2018/10/15,330100,70dde9dd-a7da-4fa5-8fbf-be24adc0fc2c
浙江省,0000003100000081000000130000000X,86.46,2019/2/5,330000,3f4a10f9-f690-455a-92bb-87cd43f89665
温州市,0000000G0000003F0000000700000010,9.28,2017/8/8,330300,88530b8e-b16a-49c8-be2a-7206d2c64389
绍兴市,0000002200000038000000070000000X,3.83,2018/11/25,330600,228da6ce-1193-4031-887c-5fc3a2d3c301
台州市,0000000P0000003E0000000700000010,5.01,2018/2/13,331000,d5d3e18d-5a03-456b-8ace-aba396b72a02
金华市,0000000J0000003Q000000070000000X,41.67,2017/5/25,330700,ece981f5-f3f3-4746-95f4-9a7c87e693cf
衢州市,0000000C0000002Q000000030000000X,69.67,2018/7/25,330800,e7dca842-05cf-452d-ba5f-49deb7a0791c
浙江省,0000003100000081000000130000000X,91.32,2017/8/5,330000,d8ced226-424d-496f-859b-50e626413b6f
嘉兴市,0000001E00000031000000070000000X,4.17,2017/4/5,330400,138c7360-26c3-4069-8af6-470a440b458c
台州市,0000000M0000003V000000070000000X,10.67,2018/10/15,331000,d1af4163-6d7a-4708-9378-9817834d0e1f
宁波市,0000001A00000031000000070000000X,4.93,2018/8/5,330200,a6f3561b-3181-441a-978c-52fe6b738797
衢州市,0000002200000038000000070000000X,2.67,2018/6/5,330800,75e0ef43-de04-4a8d-ad82-2523b453602f
嘉兴市,0000002U0000007X000000070000000X,4.17,2018/2/5,330400,4aaa27d2-1b8f-4acb-a9df-91d41936a693
台州市,0000001K00000031000000070000000X,3,2018/8/15,331000,8a3a6dfb-8b9e-44c7-a2bd-08ca655a0c23
金华市,0000000G0000003F0000000700000010,7.5,2018/6/5,330700,c0211416-5438-4b21-9697-22353a8519ad
丽水市,0000000J0000003Q000000070000000X,39,2018/4/25,331100,4ca166a9-a4d0-499b-8e56-43fd7990a3d5
杭州市,0000002U0000007X000000070000000X,4.17,2017/2/15,330100,f6cc233f-8493-4f54-b41e-2d070603d943
温州市,0000001700000031000000070000000X,2.67,2017/7/25,330300,985cbad3-625c-428c-9d21-f293d818be32
绍兴市,0000000S0000002Z000000070000000X,9.33,2017/8/5,330600,22aab34a-0067-4258-8774-5fefac72c56f
宁波市,0000000H0000002T000000070000000X,16.5,2017/3/25,330200,af8e44a8-6eb7-40ec-bce2-92cff9e72269
金华市,0000002U0000007X000000070000000X,3.93,2018/8/15,330700,9c8b0236-725a-4594-b087-addd6d3b0958
舟山市,0000001400000031000000070000000X,5.33,2018/7/5,330900,facbf40d-259d-4502-999b-a1736ed17977
