商品采价地区名称,商品主键,商品价格,商品采价日期,商品采价地区编码,主键ID
台州市,0000000G0000003F0000000700000010,9.2,2017/10/31,331000,d9188fc6-2208-4945-a091-8b697fbf614c
衢州市,0000001500000031000000070000000X,3.33,2018/7/15,330800,96443791-1337-49b2-b00c-a38f717c7f58
嘉兴市,0000000M0000003V000000070000000X,11.17,2016/12/15,330400,6489deea-cff5-46cc-93fb-8a6e3ce7c1ca
宁波市,0000000Z00000031000000070000000X,3.7,2017/4/25,330200,f505bef3-8bf9-4612-a134-64a5ee7ac18c
台州市,0000000S0000002Z000000070000000X,9.67,2018/11/5,331000,ab844f45-63be-4af8-a9a5-caa163bd55da
温州市,0000000H0000003P000000070000000X,25.33,2017/8/15,330300,7b1cd041-c019-411f-acc2-4908020d45bd
台州市,0000000J0000003Q000000070000000X,38.33,2017/3/25,331000,79317cec-63dd-4fde-a0db-2f27d275ea9e
嘉兴市,0000000H0000002T000000070000000X,17.33,2017/12/15,330400,ff1f7f5a-907f-432a-a844-fafb7ce40ce5
金华市,0000001700000031000000070000000X,2.5,2018/11/25,330700,24b146f6-7e34-440e-81a9-e1d059079b64
衢州市,0000002U0000007X000000070000000X,5,2018/6/25,330800,cd41509f-00a6-4b62-8d1b-57dc55894257
嘉兴市,0000001E00000031000000070000000X,5,2017/1/5,330400,046f73e1-2223-4922-b28b-2483b4d0b085
湖州市,0000000D0000002R000000030000000X,37.67,2017/8/15,330500,8e1bf2ca-47bb-403d-90e6-fc167344476d
台州市,0000001400000031000000070000000X,5.67,2017/7/25,331000,9b36095e-8ce6-4caf-a516-54ac85ed4f5e
丽水市,0000000C0000002Q000000030000000X,70.23,2018/7/5,331100,c8de4029-c638-49d5-a816-a677d242fc2c
温州市,0000002200000038000000070000000X,3.33,2017/5/15,330300,082d6b6b-083f-4fcd-862f-ee6162ea26ad
台州市,0000000H0000003P000000070000000X,24.33,2017/11/5,331000,c627b6f4-fe40-41d3-89e8-099253bb9312
舟山市,0000000S0000002Z000000070000000X,11.67,2017/8/25,330900,e960a849-56ec-4add-8c2b-da30df3a92dc
台州市,0000000P0000003E0000000700000010,5.04,2017/12/26,331000,ea1d33d5-13c8-4be5-b0c7-91856c189a80
金华市,0000001Z00000036000000070000000X,6.17,2018/1/25,330700,0f6cfe68-bcbc-42c0-beac-6543a707fd19
浙江省,0000000K0000003U000000070000000X,34.81,2017/9/25,330000,d1ab4500-ad05-4be6-ab38-c068951e5f98
杭州市,0000002U0000007X000000070000000X,4.27,2017/4/5,330100,1597ad1f-7f13-4f1b-9431-32e24335b903
台州市,0000000J0000003Q000000070000000X,38.33,2017/6/25,331000,329ad498-5637-49ed-a2ba-33fe206642fc
浙江省,0000000C0000002Q000000030000000X,63.92,2018/9/15,330000,734af2e6-aa8b-4fb0-a9af-2bc4bc0ad58a
金华市,0000000J0000003Q000000070000000X,41.67,2017/5/15,330700,d5a4a955-e590-4adc-aa52-af1378af5aab
嘉兴市,0000000G0000003F0000000700000010,13.3,2018/9/25,330400,fe0cde13-a727-4857-8eb8-d5a486657a68
台州市,0000001K00000031000000070000000X,3,2017/11/15,331000,244d06fe-d4c2-4885-9f16-e44796ff4cea
温州市,0000000Z00000031000000070000000X,4.33,2017/8/25,330300,b1f97a94-0a81-4213-a861-ca312c535d0e
温州市,0000000P0000003E0000000700000010,4.75,2018/11/6,330300,8345ac3e-a443-4af0-96be-c8ebe24c5a48
嘉兴市,0000002P0000007W000000070000000X,3.3,2019/1/15,330400,8cd2573c-3532-45c1-bb43-c5daac02b3b2
湖州市,0000000H0000002T000000070000000X,16,2017/9/15,330500,b8887182-ec28-4ef9-9e67-b715ace64496
温州市,0000000P0000003E0000000700000010,4.05,2019/1/29,330300,ff4fb2a0-742e-489d-91db-5f456cfa4652
丽水市,0000000K0000003U000000070000000X,36.67,2018/4/5,331100,a5573d96-a3cc-4e06-88c1-d055fe710c03
台州市,0000000P0000003E0000000700000010,2.55,2017/5/9,331000,ad96ea3d-f712-45b5-a78d-b20706b018f5
金华市,0000000P0000002W000000070000000X,4.87,2016/12/15,330700,95a6cdb8-ba78-4c40-9909-a75aa7325cce
温州市,0000001Z00000036000000070000000X,7,2018/7/25,330300,7dccafb1-e85d-4748-a682-85988fbb71a6
宁波市,0000000H0000003P000000070000000X,25.5,2017/7/25,330200,019fd0ba-c3b5-4851-86a8-6720f4870bdd
浙江省,0000003100000081000000130000000X,94.13,2017/12/5,330000,ebee9f2e-30d7-44a3-9ae9-3856eade2837
杭州市,0000002P0000007W000000070000000X,3,2018/2/5,330100,2a2a0bd2-288a-4ae4-ad7e-e1964b4ed8e9
嘉兴市,0000003100000081000000130000000X,79,2016/12/25,330400,cf4e6acc-0dee-4dc4-a591-8b101940f2f1
湖州市,0000000J0000003Q000000070000000X,38.33,2017/10/25,330500,f78bd5fa-bb56-48b6-9e52-5ad42ecb53c1
杭州市,0000000P0000002W000000070000000X,5.53,2018/12/25,330100,633df5df-1177-4620-a0e1-b4d0951f4bc8
湖州市,0000000J0000003S000000070000000X,34,2017/8/5,330500,a358500c-ba4b-416e-8e35-cffb293e784e
台州市,0000000G0000003F0000000700000010,9.6,2018/12/25,331000,577ba871-f434-4222-967c-08527db16597
绍兴市,0000000H0000003P000000070000000X,23,2018/6/25,330600,22d23ce0-8c23-48cd-be2e-1e98521ed086
金华市,0000001400000031000000070000000X,6.5,2018/1/25,330700,f1650dd1-f2e7-4d30-b405-a664ac989811
湖州市,0000000Z00000031000000070000000X,6,2018/1/25,330500,f0d39294-400b-4953-8d5e-9697810f02a9
杭州市,0000000Z00000031000000070000000X,4.67,2017/1/25,330100,0240f6a1-b0d4-4f90-a929-a08a2234ea03
湖州市,0000000Z00000031000000070000000X,6,2017/12/25,330500,8e22ff8a-2725-43e8-aa7c-35fdb6e728ee
衢州市,0000001200000031000000070000000X,3.83,2017/11/15,330800,18e0b2e1-aa8a-4639-8940-439b1671ac79
湖州市,0000000H0000003P000000070000000X,19.33,2019/1/5,330500,486be316-6c46-49e8-a62e-c9b31a213006
温州市,0000000P0000002W000000070000000X,6.17,2018/11/15,330300,580c097a-fe2f-4448-814f-6a2606d5683d
舟山市,0000001700000031000000070000000X,3.33,2017/2/15,330900,8b109721-6ad1-4f24-a891-5f669397c402
宁波市,0000001700000031000000070000000X,3.33,2018/11/5,330200,ccf24454-4930-435a-9134-def65c5c1a1a
舟山市,0000001A00000031000000070000000X,5.67,2018/12/15,330900,bc1350f4-df24-4bb1-9f66-57a04b0df841
嘉兴市,0000001A00000031000000070000000X,5.33,2018/6/15,330400,eadc3935-239a-436f-8212-7181c4870311
嘉兴市,0000001200000031000000070000000X,4.5,2017/11/5,330400,afd0cb29-f30e-49fb-97a0-a970c6199b68
舟山市,0000002200000038000000070000000X,4.33,2018/4/25,330900,c929e121-8bb8-4d5a-83bf-bf74389b0063
宁波市,0000000J0000003Q000000070000000X,39,2017/10/25,330200,c9a70649-b2ca-4f5c-8f9f-a723d59164e6
嘉兴市,0000000M0000003V000000070000000X,10.5,2017/11/5,330400,ed8b260c-4026-4c1f-a37c-2c23ac266783
金华市,0000001400000031000000070000000X,5,2017/12/5,330700,0d7b30dd-450d-40b7-a734-fe6f36281914
嘉兴市,0000002P0000007W000000070000000X,3.2,2017/3/25,330400,57959e33-4191-4cc8-b32c-de4632f94f04
丽水市,0000001E00000031000000070000000X,4.5,2017/7/15,331100,83fbfb1c-6e34-4352-abf4-66bd96027531
丽水市,0000001Z00000036000000070000000X,4.66,2017/4/25,331100,d9856973-ffbd-4340-93ab-9523c7858ede
金华市,0000000S0000002Z000000070000000X,8.5,2017/7/25,330700,aeefb40d-50e8-4bec-99af-12fc4f8099f7
杭州市,0000000G0000003F0000000700000010,9.65,2018/2/6,330100,4ac4a14f-6ea2-4f8f-a9fd-780166caf53b
绍兴市,0000001A00000031000000070000000X,4,2017/3/5,330600,4679e5e1-34cf-4dd9-9a6d-d93676a95d7f
舟山市,0000000C0000002Q000000030000000X,50.3,2017/8/15,330900,6b78ca73-7165-4e77-963b-45bb2925127d
衢州市,0000001200000031000000070000000X,2.33,2018/7/5,330800,ef1edda0-fdf2-4640-80ca-bcbca29ef4b4
嘉兴市,0000001A00000031000000070000000X,4.83,2017/10/5,330400,b4794696-f3f5-4c00-a845-29f6a4090ba4
温州市,0000000J0000003S000000070000000X,42,2018/5/5,330300,578b647e-ed06-45bc-a61f-5bbb67b632b4
绍兴市,0000001K00000031000000070000000X,3.17,2019/2/15,330600,66e576d7-716c-4fa1-9a96-e4614e6e201f
衢州市,0000000J0000003S000000070000000X,36.33,2017/4/25,330800,e7bfa719-3168-408c-bd92-8358fe2ba551
衢州市,0000001E00000031000000070000000X,4.5,2018/5/15,330800,0baa9d0b-f9c4-4a10-a98d-9eba303b2060
温州市,0000001E00000031000000070000000X,6.33,2018/2/15,330300,50bdee82-8f7d-43d9-8725-852ee7e6f72b
绍兴市,0000001Z00000036000000070000000X,4,2018/6/25,330600,6981171c-c68a-4579-8b40-d2882bbeb1b5
温州市,0000000H0000002T000000070000000X,16.67,2017/6/25,330300,f52061de-d985-4c76-a64b-db85f4897130
浙江省,0000000P0000002W000000070000000X,5.31,2019/3/5,330000,7d8a2e0d-370a-4342-9f45-c4739279fca9
杭州市,0000000M0000003V000000070000000X,10.67,2018/5/5,330100,2c4ad33a-37ef-44dd-831a-e468026c7477
浙江省,0000000K0000003U000000070000000X,36.63,2018/9/15,330000,359366d8-f85f-4e66-80e4-3902b3e92fd8
丽水市,0000000H0000003N000000070000000X,11,2018/6/25,331100,cc187433-2c7a-42cb-9eed-aeae14448d5d
宁波市,0000000D0000002R000000030000000X,41.5,2018/8/5,330200,57f25042-4db9-4c18-bc08-2f54e51d45ba
嘉兴市,0000001E00000031000000070000000X,4.67,2017/6/25,330400,1846ae66-a679-4bab-a182-557ef6faaadc
浙江省,0000000M0000003V000000070000000X,12.63,2018/1/5,330000,6584e140-e2a9-4414-9143-4696a9d4d904
衢州市,0000000J0000003Q000000070000000X,39.33,2017/3/25,330800,06d2d505-d5f3-48f2-a7c1-e5c7f4005d77
舟山市,0000001A00000031000000070000000X,4.33,2018/12/25,330900,f71f67d5-dc73-431e-bf75-0595f441a1be
嘉兴市,0000000J0000003S000000070000000X,32.33,2017/5/5,330400,dbe0f183-4706-405c-8121-e95720f3327c
宁波市,0000000J0000003Q000000070000000X,42,2018/2/25,330200,a9495aa9-ad05-448d-83c6-aeb3e2e14684
衢州市,0000000C0000002Q000000030000000X,69,2018/3/15,330800,90e79882-3828-408e-9775-7183deebdaae
杭州市,0000001700000031000000070000000X,2.53,2018/9/15,330100,adf56517-cff7-47ce-8d1f-9d3feda2600e
台州市,0000000D0000002R000000030000000X,38.67,2018/8/5,331000,2234d3d4-6894-4154-86ea-e60372aa14ee
衢州市,0000000C0000002Q000000030000000X,70.67,2019/3/15,330800,95a12905-4a9c-4645-a506-c816ba5b921d
温州市,0000000P0000003E0000000700000010,3.7,2018/4/3,330300,178ea8fd-37b7-461b-89fe-e6d03a1c0742
湖州市,0000000M0000003V000000070000000X,17,2018/7/25,330500,4bf23c51-b3b2-422d-857b-16bcae2c3e91
嘉兴市,0000002U0000007X000000070000000X,3.83,2018/9/15,330400,befdf8ef-8b6d-4d21-a829-b74df0cc4ebe
丽水市,0000000G0000003F0000000700000010,7.8,2018/6/5,331100,915910f6-c839-4a8d-933e-dc0574799816
金华市,0000000D0000002R000000030000000X,44.67,2017/2/25,330700,f6e6434f-23e6-4d8c-a139-8c1bbc0aad0e
舟山市,0000000S0000002Z000000070000000X,11.67,2017/10/5,330900,cd2ce758-c002-4f37-8044-f18efce1f18a
台州市,0000000P0000003E0000000700000010,4.02,2018/5/15,331000,4e2bd03e-d453-4ae6-9dac-72b30b0641b3
杭州市,0000001E00000031000000070000000X,4.83,2018/1/5,330100,a55fe415-4c0a-45c2-9d05-ec29e17e41bf
宁波市,0000002200000038000000070000000X,3.67,2016/12/25,330200,b042cec8-94ad-4c26-81e7-b149be89df39
宁波市,0000001Z00000036000000070000000X,6.93,2018/8/15,330200,1bd79a2d-d59f-48d5-a2bf-32f489d8e43f
舟山市,0000000Z00000031000000070000000X,4.33,2018/6/25,330900,9817e2df-3cfb-4ddb-af91-f9294b30d3bf
金华市,0000001Z00000036000000070000000X,6.33,2019/2/25,330700,cf537950-be06-491f-8d89-0ef748289874
杭州市,0000000Z00000031000000070000000X,3.17,2017/3/15,330100,efef9bcf-17db-4b2f-af0e-c394afb4a3d7
湖州市,0000000G0000003F0000000700000010,9.3,2019/1/1,330500,8a859a9d-89c3-4f0f-87f5-4358de323a7e
嘉兴市,0000000P0000002W000000070000000X,5.33,2018/8/15,330400,1d847cd1-c39b-4a40-a6a7-e9a1f6a1ee75
绍兴市,0000000H0000002T000000070000000X,14.17,2017/7/5,330600,b74b8bdf-fa5f-4b8b-a43c-ee33eaf1c5a0
嘉兴市,0000002200000038000000070000000X,3.33,2018/11/5,330400,84ff224d-9382-420e-ad57-35d047d780fa
衢州市,0000001K00000031000000070000000X,3.17,2018/7/15,330800,f944fca1-8498-49d8-b99f-d13062e0925e
舟山市,0000001A00000031000000070000000X,4.5,2017/5/5,330900,deba469e-9c72-4922-9558-69f5e6e9e351
金华市,0000001Z00000036000000070000000X,6.17,2018/9/15,330700,317eaf91-240a-4cba-aa49-a05bb69da5b9
丽水市,0000000C0000002Q000000030000000X,70.23,2018/4/25,331100,d606d99e-99ab-46e5-911b-77b32afad00c
浙江省,0000001A00000031000000070000000X,5.69,2017/2/5,330000,26957c15-98aa-43fa-a5f5-f5944523117a
舟山市,0000000P0000002W000000070000000X,5.67,2019/2/5,330900,2681e399-88ff-4014-b4d5-13cf8fc73075
绍兴市,0000001Z00000036000000070000000X,4.33,2017/4/25,330600,b595f424-95bc-4e81-b4ec-78098f0fbd22
宁波市,0000000C0000002Q000000030000000X,81.67,2017/4/15,330200,f73bede8-33b0-4886-a34e-b05613c4950f
杭州市,0000000H0000002T000000070000000X,18,2018/11/5,330100,6f5e6fc7-6e9c-442b-b228-945d044cd7eb
杭州市,0000000D0000002R000000030000000X,46,2017/5/5,330100,187fb8f0-378a-45d7-be32-2bf285b7aaad
舟山市,0000000J0000003Q000000070000000X,43.33,2018/2/15,330900,48d41580-5148-4f14-8e03-97ee6f62f832
舟山市,0000000X0000007T000000070000000X,40,2016/12/15,330900,29cc8c9d-70cd-4ab5-897a-63ae9032d5bf
金华市,0000000P0000003E0000000700000010,2.5,2017/5/16,330700,ded82c78-e9de-4308-91eb-a566edd4766c
温州市,0000000H0000003P000000070000000X,26.33,2018/9/5,330300,72d0ad92-e719-45fd-b643-9f8fd53d09c3
嘉兴市,0000001K00000031000000070000000X,4.5,2017/10/15,330400,ff53f098-c647-4203-9926-5c08737e449b
衢州市,0000000K0000003U000000070000000X,33.67,2018/4/15,330800,947c1593-5e95-4772-a420-0835a5d8852b
温州市,0000002U0000007X000000070000000X,3.83,2017/1/15,330300,39683729-218f-4f9b-a1f5-80f877aa753e
浙江省,0000001200000031000000070000000X,4.47,2017/3/5,330000,84ac8b7e-9040-41be-b5c2-3fb99a89f5ac
丽水市,0000001400000031000000070000000X,6.5,2019/1/25,331100,d4957f4e-d772-4dde-84ef-ce58e3e59c16
台州市,0000002P0000007W000000070000000X,3.45,2017/12/15,331000,9ee187fe-6ff6-4718-aae1-d90c03a1c16b
绍兴市,0000000P0000002W000000070000000X,5.67,2017/9/5,330600,46675ae7-2b15-4d48-b546-ae7ee16b1792
舟山市,0000000G0000003F0000000700000010,9.1,2018/3/6,330900,9222e62d-434c-4b1a-844f-98274a8fac02
绍兴市,0000002U0000007X000000070000000X,4.67,2018/8/5,330600,e218e877-fd46-4796-8611-4a7eaf9ed02a
衢州市,0000001400000031000000070000000X,4.17,2017/7/15,330800,a75ebf33-f9f2-4e77-a789-e4c562b53733
宁波市,0000001400000031000000070000000X,5.27,2017/5/5,330200,208df783-1920-49b0-bf17-7b970a34e0d4
浙江省,0000000P0000002W000000070000000X,5.08,2018/5/25,330000,c2b45cf3-7294-4b81-8913-9d1c68fe1f9a
湖州市,0000000P0000002W000000070000000X,5.67,2017/9/25,330500,e13b3361-2134-4c47-8301-f7da95502bcd
杭州市,0000000K0000003U000000070000000X,36,2018/11/15,330100,1af5a55b-7162-4142-9322-c432d40164ef
嘉兴市,0000000P0000003E0000000700000010,4.77,2019/2/26,330400,f669dc51-c283-4180-bef3-afa1fdc0f582
浙江省,0000000G0000003F0000000700000010,10.1,2017/12/19,330000,30b70587-0877-4cf1-bcbf-f4f4a5d5b431
嘉兴市,0000000P0000003E0000000700000010,4.33,2018/6/5,330400,0fd0e055-b487-412a-a376-959fb15df392
丽水市,0000001A00000031000000070000000X,5.17,2018/9/5,331100,510dde05-4e59-408b-9f29-a8d86fe8b588
温州市,0000001700000031000000070000000X,3.17,2018/3/5,330300,40c8aa4b-de23-4609-a6bf-0a3b01d14dd9
宁波市,0000000S0000002Z000000070000000X,9.83,2018/10/5,330200,4f6a8df7-f5fc-4706-9c27-f4d017c2ba5a
湖州市,0000000X0000007T000000070000000X,35,2018/6/25,330500,7048b65e-e51e-4bfe-9405-437364662970
湖州市,0000000P0000003E0000000700000010,5.3,2017/12/26,330500,8d19fc15-728f-458b-95b7-56b671797e1b
台州市,0000002U0000007X000000070000000X,4.5,2019/2/15,331000,fca8e1c5-ed99-4c75-9157-d9c9cfb878c9
绍兴市,0000001A00000031000000070000000X,7,2018/2/25,330600,96625979-98ed-4834-b2ce-7bea4b645e28
舟山市,0000000P0000002W000000070000000X,6.33,2018/9/5,330900,bd12adb1-7855-4921-8e3e-74384509293e
丽水市,0000002200000038000000070000000X,3.33,2018/9/25,331100,a057af6f-8718-43aa-acb8-a3e8671477f7
宁波市,0000001Z00000036000000070000000X,6.5,2017/4/5,330200,cb0b68d7-c902-48f3-b462-ad864c02d13f
丽水市,0000000P0000003E0000000700000010,4.9,2017/12/26,331100,f1d35911-c2a4-4f59-a5e3-ee606a30c082
浙江省,0000002200000038000000070000000X,3.66,2018/11/5,330000,2adde5ef-45e0-4483-89ea-5621bdc05574
绍兴市,0000002200000038000000070000000X,2.5,2017/12/15,330600,7c81b594-b388-4900-989c-7501aa953b2c
嘉兴市,0000001700000031000000070000000X,3.27,2018/10/5,330400,9f1da098-7e1c-443c-aa63-8ff6b60b7502
台州市,0000001200000031000000070000000X,3.5,2018/5/5,331000,8c2b53c9-79a1-44dd-926f-3587906961e1
台州市,0000001Z00000036000000070000000X,6.33,2018/11/5,331000,1785b596-4785-4bdb-92bb-5f36d0115d16
绍兴市,0000000X0000007T000000070000000X,33.67,2017/11/25,330600,e519902d-abae-46fc-b7dd-d8c56d343a91
温州市,0000000H0000003N000000070000000X,16,2017/5/5,330300,7bade74c-9dbb-42e7-91c9-816d50d13265
湖州市,0000000K0000003U000000070000000X,0,2017/11/5,330500,585a45ab-805a-4de4-9926-4bd4ac99e124
绍兴市,0000002200000038000000070000000X,2.93,2017/6/5,330600,8e998872-3f40-48f3-ba47-9ede54cd5ea9
丽水市,0000001700000031000000070000000X,2.33,2018/5/15,331100,7519826a-9da7-4750-85e1-be17c33dea54
金华市,0000001E00000031000000070000000X,3.33,2017/11/25,330700,b788ead0-a9b0-4015-a4af-1de94bf64ba4
衢州市,0000000J0000003S000000070000000X,36.33,2017/11/15,330800,5987a4e6-8e73-4e9b-aff6-f778d8f434ec
衢州市,0000001A00000031000000070000000X,6.17,2018/12/5,330800,2a57bc91-b88a-4ca3-b68d-ad1c45b8f90b
丽水市,0000000X0000007T000000070000000X,37.33,2018/11/5,331100,4c2657ef-b5ae-49f4-96e8-445e71b21a27
浙江省,0000002U0000007X000000070000000X,4.34,2018/1/5,330000,171537c5-a3cd-43f9-b188-02637dc7a259
衢州市,0000000P0000002W000000070000000X,5,2018/7/25,330800,afa386af-a03c-491b-b388-4b292781dfc0
宁波市,0000001A00000031000000070000000X,4.3,2018/5/15,330200,399b48bd-35e3-4c0d-a368-3a0d8ddfaac4
绍兴市,0000001Z00000036000000070000000X,5.33,2019/3/15,330600,4edda281-336c-4d17-8f06-34af9a924945
温州市,0000001500000031000000070000000X,4.67,2017/11/25,330300,aa2bd3a7-69ec-480f-b884-af4cf8406f27
丽水市,0000001200000031000000070000000X,2.83,2017/4/25,331100,da528f82-6a04-4c60-b3e2-f642a0f6b8b6
舟山市,0000000Z00000031000000070000000X,4.83,2017/11/5,330900,fff8a833-eb18-44f0-881d-b0162f1490ba
嘉兴市,0000001500000031000000070000000X,4.5,2018/1/15,330400,cf6541ce-2e9c-4b3c-b4c9-2e4f5e2d7bfb
绍兴市,0000000S0000002Z000000070000000X,7.67,2019/1/5,330600,9bccb5fe-062c-4d8f-b426-8e2f0acff91c
绍兴市,0000000D0000002R000000030000000X,49.33,2018/7/15,330600,866a7f37-5564-49e5-b643-0a8f1a72ec12
宁波市,0000001E00000031000000070000000X,5,2017/10/5,330200,4b3fee9a-30db-4c1f-81f2-4e63f0590c33
宁波市,0000001Z00000036000000070000000X,7.47,2019/3/5,330200,07e1a096-b8a6-4249-b37f-3fb9654b4b79
绍兴市,0000000M0000003V000000070000000X,9.67,2017/3/5,330600,6d4c01f7-f5f4-4469-b2af-f1b82969dfb8
湖州市,0000001400000031000000070000000X,5.67,2017/1/15,330500,79e84b51-db4c-440b-a001-ae107b7df8e2
丽水市,0000002200000038000000070000000X,3.83,2018/12/25,331100,c59fb30b-bdfc-4e62-bf03-5e82a9fa809d
温州市,0000000M0000003V000000070000000X,14.67,2017/3/15,330300,df27635e-1a5b-434d-99e5-b58b09576c8c
嘉兴市,0000001400000031000000070000000X,8.33,2018/2/25,330400,9a43dc24-f63a-473e-b9bf-a6918b8d118c
舟山市,0000000H0000003P000000070000000X,24.33,2018/9/25,330900,bfdc3e3b-5a3a-4b00-813d-d0d5708b6ff4
浙江省,0000001200000031000000070000000X,3.62,2017/4/15,330000,5dfe5483-c51b-4684-b57d-e30a85f21b37
丽水市,0000000H0000003P000000070000000X,21,2018/12/15,331100,6421b11d-1cb4-4cce-8246-dda4b7fa1e23
浙江省,0000002200000038000000070000000X,3.17,2017/8/5,330000,9ada191b-3690-49ad-ac0e-05be2793d63a
金华市,0000000G0000003F0000000700000010,11.1,2019/1/8,330700,4c03360e-36dc-42d2-b928-5f7790d92b21
丽水市,0000000S0000002Z000000070000000X,9.33,2018/1/15,331100,bfa7b8eb-724f-498b-86ec-d04271801285
丽水市,0000000D0000002R000000030000000X,54.6,2018/9/15,331100,7ecb82b1-5f6e-4c0d-ace0-822c9bb945b9
湖州市,0000000D0000002R000000030000000X,37.67,2017/7/5,330500,9aca2e34-d578-44f4-a02e-c050ed5b5911
宁波市,0000001500000031000000070000000X,5.17,2016/12/15,330200,4584c71b-c510-44c8-a9f3-1f9288b635e3
舟山市,0000000P0000003E0000000700000010,3.5,2017/4/25,330900,d60e004e-1596-4042-beeb-0e1f48796bcb
湖州市,0000000H0000003N000000070000000X,12.67,2018/5/5,330500,c01d9ca5-87c9-4088-ba4f-40e307bb2ecf
宁波市,0000000M0000003V000000070000000X,15.13,2018/3/15,330200,bbd8548d-3af1-4056-b5c9-527675b8523b
金华市,0000000M0000003V000000070000000X,13,2019/1/15,330700,8cd5fb3a-ba65-44d2-ad35-6bf762ea6365
台州市,0000000M0000003V000000070000000X,10.67,2018/11/5,331000,14a5736b-1c3b-4703-ab5f-8c5d2e008952
嘉兴市,0000001E00000031000000070000000X,4.67,2018/6/5,330400,6e078c0d-72f6-4152-a92a-63d48d13a3da
舟山市,0000000J0000003S000000070000000X,33.67,2017/7/15,330900,39db6f98-d8d3-4992-bf6e-3914de979d84
金华市,0000001400000031000000070000000X,5.17,2018/11/5,330700,3a085bd0-d4bd-4c2c-8c81-1157b5296743
台州市,0000000G0000003F0000000700000010,9.6,2017/7/11,331000,0673eb17-b7e1-4314-8211-8264d4fb4c7c
台州市,0000001K00000031000000070000000X,2.33,2019/2/25,331000,0e2e1e0e-3151-4a34-a5e9-3e3f5910bb90
嘉兴市,0000001A00000031000000070000000X,4.83,2017/3/25,330400,11ac9044-36af-4eb8-a7f0-67eef2f95076
宁波市,0000000X0000007T000000070000000X,39.67,2018/1/5,330200,462f4422-aeb9-4d43-a069-ae15e0168f7d
丽水市,0000000S0000002Z000000070000000X,9.33,2018/1/25,331100,f035627b-2b5d-422b-a6f7-92073feaf99a
湖州市,0000000J0000003S000000070000000X,35,2018/9/15,330500,f4724811-b075-4d44-ba27-789cd4d720e7
杭州市,0000001500000031000000070000000X,4.5,2018/1/5,330100,763704b1-4f36-46b3-8117-6b66c296786b
嘉兴市,0000000P0000002W000000070000000X,4.1,2017/3/5,330400,12019ec8-423e-4695-b4d7-329ecf2c1664
浙江省,0000000M0000003V000000070000000X,12.49,2018/6/15,330000,d4250ce3-30dd-4b4f-8a4f-9e4455147989
舟山市,0000002P0000007W000000070000000X,3.1,2017/5/25,330900,be3e1266-ee64-4861-a109-0f2d5f72edcc
浙江省,0000000H0000002T000000070000000X,15.02,2018/8/5,330000,03731ccf-d0fd-4623-b749-24b9f38f517b
浙江省,0000000H0000002T000000070000000X,15.71,2017/6/5,330000,06f4d0ca-6218-4491-b9b0-64f5a2a62bc4
杭州市,0000000H0000003P000000070000000X,20.33,2017/10/5,330100,84c74d52-a157-4b5d-bd16-6abacec37344
金华市,0000000M0000003V000000070000000X,13,2018/11/15,330700,b04486cf-98f4-45d9-b0b2-6d5051f25b2b
丽水市,0000000C0000002Q000000030000000X,70.23,2019/1/15,331100,2076dfa3-67e5-4753-9cdd-32e4105e6bc3
绍兴市,0000000H0000003P000000070000000X,23.67,2018/7/25,330600,e67b7d47-76f8-4ead-8eb6-36cba44d146c
绍兴市,0000000H0000003P000000070000000X,25.33,2017/4/5,330600,8a60a5dc-c80a-4ba8-8024-6847eb6dce1b
湖州市,0000001500000031000000070000000X,4.67,2017/11/25,330500,d9281ee3-667d-4a4b-9062-cd9163ad8984
杭州市,0000000J0000003Q000000070000000X,41.17,2017/4/25,330100,c533ad4a-8241-4aa4-afc3-8f11bb1fbea7
杭州市,0000001700000031000000070000000X,2.67,2018/9/25,330100,58ba6278-2cbb-462a-8cdd-6ed4f05929bb
宁波市,0000002U0000007X000000070000000X,4.5,2018/12/15,330200,8384733e-8e67-4f9b-9a1a-538a7a44801c
台州市,0000001E00000031000000070000000X,6.33,2018/9/25,331000,90d20873-42b7-476c-8317-b8a1befbabfc
丽水市,0000000X0000007T000000070000000X,60,2018/3/5,331100,037980f9-17de-401a-aea5-bec3a425dc53
浙江省,0000000M0000003V000000070000000X,12.23,2017/4/15,330000,3557853d-56fe-40dd-8770-428b0e3ad287
金华市,0000000G0000003F0000000700000010,9.5,2017/11/7,330700,423fb51c-2fb9-411e-bc14-129f78b6b38d
温州市,0000002P0000007W000000070000000X,2.33,2018/1/25,330300,0fdb6429-da86-4dbd-9cd4-f70d1edaf1c1
绍兴市,0000001E00000031000000070000000X,5.83,2018/9/25,330600,667117cd-a60b-4294-a25f-cf47e915af30
衢州市,0000000J0000003S000000070000000X,37.67,2018/2/5,330800,6b93fe60-1aa9-4d87-9e61-88b483e51c52
嘉兴市,0000000Z00000031000000070000000X,4.33,2017/5/5,330400,53e7af74-2ea8-45e9-b3ee-36c3a74e4b39
宁波市,0000001Z00000036000000070000000X,6.9,2018/7/15,330200,8f5993db-95d2-4584-acda-6d447ccb8371
台州市,0000000P0000003E0000000700000010,3.62,2019/3/19,331000,d0b2024e-8d6c-42ec-9897-5d29cbf1b709
台州市,0000000G0000003F0000000700000010,9.6,2017/5/2,331000,ca0a476b-3673-4b45-96fe-922c1fbbc37c
宁波市,0000000P0000002W000000070000000X,6.4,2018/8/25,330200,0d2257d2-3aad-4c97-be9c-3a92363df8bb
舟山市,0000001400000031000000070000000X,4.5,2017/6/5,330900,be67e376-c39f-451c-a408-1248c0c6eb82
宁波市,0000000X0000007T000000070000000X,41.5,2018/7/5,330200,bc74018c-b106-4d95-bb1b-98d1b60c87f1
嘉兴市,0000000D0000002R000000030000000X,39.33,2017/5/5,330400,49d2500a-fde2-46a4-bd19-c66a18e05f79
温州市,0000003100000081000000130000000X,63,2017/2/5,330300,a3e2e14b-5fcf-4ddd-9413-bcb427ffc0da
宁波市,0000000D0000002R000000030000000X,41.67,2019/1/15,330200,4e293d45-a206-41a6-9c9e-87be57d8f46d
衢州市,0000001K00000031000000070000000X,2.33,2018/5/15,330800,9f8cd643-c61d-4c83-acce-18919de6239b
金华市,0000001E00000031000000070000000X,4.5,2017/9/15,330700,891f755c-8b38-416a-b288-eaf3fec5c1b4
台州市,0000000P0000003E0000000700000010,3.92,2018/4/17,331000,2aac6119-8f87-49ea-88ec-5f969e81f76c
宁波市,0000002200000038000000070000000X,3.93,2018/5/15,330200,75cfc8a8-12f5-47f8-add5-55ee2ab22c92
绍兴市,0000000H0000003P000000070000000X,23.33,2018/6/5,330600,f6cc62f7-75bb-4312-970e-fdc7ebdb2c2d
嘉兴市,0000001K00000031000000070000000X,4.83,2017/9/25,330400,b4b2fb2e-d16b-47ed-8463-6d2842c75c12
宁波市,0000000K0000003U000000070000000X,36.67,2019/1/25,330200,667b635e-0f3a-42f5-9542-964648578aac
衢州市,0000000H0000003P000000070000000X,23.33,2018/1/25,330800,2f853909-86e3-43e7-a2cf-b10ad2bd010e
浙江省,0000002P0000007W000000070000000X,3.06,2018/2/15,330000,f621df15-aaa8-4340-b251-e86ebd2f5c38
丽水市,0000000H0000002T000000070000000X,14.17,2017/8/25,331100,120b2a0d-c6a0-4a41-aff1-336cff9d56a3
嘉兴市,0000000Z00000031000000070000000X,7,2018/10/5,330400,d59efd2e-7cfa-42c9-a131-8f94f39eec1c
宁波市,0000000C0000002Q000000030000000X,74.33,2018/4/15,330200,32da5809-e3f9-4477-a9d8-8994447d11ea
衢州市,0000001K00000031000000070000000X,5,2017/9/25,330800,2dcc1f32-eaec-48d8-a879-b6cac80cfd67
湖州市,0000000P0000002W000000070000000X,4.67,2017/3/25,330500,280d38d7-9903-445d-a404-e13f8159a962
台州市,0000001E00000031000000070000000X,3.33,2017/5/5,331000,bbbfcba5-4b80-403a-becf-d7787b689f0a
台州市,0000002U0000007X000000070000000X,4.5,2018/2/15,331000,35480456-baf2-4ebd-b698-890cb27b8789
温州市,0000000J0000003Q000000070000000X,46.67,2017/2/15,330300,f833f23f-dece-4316-8295-5ad29e090b06
丽水市,0000002200000038000000070000000X,2.33,2017/1/15,331100,e4b0df3e-923c-48f3-9347-ba6981a71daf
嘉兴市,0000001E00000031000000070000000X,4.5,2017/2/25,330400,5691ba77-c89b-45b8-9ad4-b66377bd2d01
舟山市,0000000J0000003Q000000070000000X,39.67,2017/4/25,330900,80cf8cb8-799d-411a-a6f3-d1e69f2b3efc
舟山市,0000000H0000003P000000070000000X,23.33,2018/5/25,330900,6e2dc363-a87f-4bac-b51f-ece21994be65
杭州市,0000000P0000003E0000000700000010,4.7,2018/12/25,330100,259fcad3-8cbe-4c85-a2ca-b844df376535
绍兴市,0000000Z00000031000000070000000X,4.67,2019/3/15,330600,d738edf4-db23-497b-920a-c993a525d6ab
湖州市,0000002200000038000000070000000X,4.17,2017/4/15,330500,c636d3b4-7a0a-4941-9cf6-afe9246b7a99
宁波市,0000000C0000002Q000000030000000X,73,2018/8/25,330200,a20b40ef-ba66-4134-a721-bd4069f2fea8
湖州市,0000000M0000003V000000070000000X,17,2017/11/25,330500,e8e60256-8525-46a8-a326-6e309a1bcf75
浙江省,0000000J0000003Q000000070000000X,40.18,2017/12/15,330000,f202f61c-100f-49f7-b99f-7e0c49313986
绍兴市,0000001500000031000000070000000X,4,2017/4/5,330600,1973cdc5-f9dc-42be-a78d-217aa150ddb7
宁波市,0000001A00000031000000070000000X,4.83,2018/1/5,330200,b3caad38-d24d-4d17-b698-0316d122114e
宁波市,0000000H0000003P000000070000000X,28.5,2018/11/15,330200,25771b3f-cc2f-41bf-a992-4c5db5dafbe8
浙江省,0000000K0000003U000000070000000X,36.13,2018/8/15,330000,77734589-5266-4cec-a3fa-7956ab67640c
绍兴市,0000001Z00000036000000070000000X,4.27,2018/1/5,330600,75115b42-8cba-4073-8158-1ea252eb0160
衢州市,0000000X0000007T000000070000000X,22.67,2017/9/25,330800,e4a1c325-c813-45f2-b5fc-f4b505e0b575
湖州市,0000000P0000003E0000000700000010,5,2018/11/27,330500,b2d8dc02-2e90-408c-8e33-76866462310d
湖州市,0000000P0000002W000000070000000X,6,2018/9/5,330500,3426a576-917d-4e1e-9efb-92b016b9ce62
湖州市,0000000P0000003E0000000700000010,4,2018/5/1,330500,d939b4f9-f46d-4dbe-8d8f-224920291799
宁波市,0000000Z00000031000000070000000X,6.5,2017/10/25,330200,0d3d639d-8c1c-4784-bcb5-a712e5d0fc60
宁波市,0000001500000031000000070000000X,4.43,2018/6/25,330200,76097a4e-0410-4b24-9858-973ac8193d9b
金华市,0000001400000031000000070000000X,5.17,2018/10/25,330700,e6a2ab5b-84b0-4b3e-9532-dbc7d3958578
绍兴市,0000000P0000002W000000070000000X,5.67,2017/10/5,330600,69091045-8192-474f-93a6-148ee409856d
绍兴市,0000001200000031000000070000000X,4.67,2019/1/15,330600,ffd212f5-4b47-48a8-b6b6-29deb6976f42
湖州市,0000000Z00000031000000070000000X,7,2018/9/5,330500,203c00f1-8b9d-4511-ab58-74b19c4ed601
杭州市,0000001A00000031000000070000000X,5.17,2017/3/25,330100,4daa3f87-01fe-4e27-bbe9-48aa8113acc0
湖州市,0000001500000031000000070000000X,4.83,2018/5/15,330500,11836008-1109-4696-bda3-71d0ed97f448
衢州市,0000000C0000002Q000000030000000X,68,2017/11/5,330800,f4211bcb-b90e-44d7-8736-a73fc3c81409
温州市,0000001700000031000000070000000X,3,2017/8/25,330300,4c1228a5-309e-4ea9-99d4-d5796cd1e519
湖州市,0000000C0000002Q000000030000000X,57.67,2017/9/5,330500,30265f7d-a525-4a81-969a-e4dcc70b365a
绍兴市,0000001E00000031000000070000000X,4.67,2018/4/5,330600,cb7e6ce7-dbce-430d-95cb-92c74f9f702f
丽水市,0000000P0000002W000000070000000X,3.83,2017/7/15,331100,06f1c096-cefe-4f11-af6d-95647b7e685c
丽水市,0000003100000081000000130000000X,84,2018/4/15,331100,828d1a13-5738-4014-8e0a-ec7b2318aa5e
嘉兴市,0000002200000038000000070000000X,3.27,2017/12/5,330400,fe50a41c-cea6-4a9a-9596-e5d55f028623
湖州市,0000001700000031000000070000000X,3.33,2017/5/25,330500,1c36ebe8-9c5a-4216-a855-f8cc7f2bb496
浙江省,0000000G0000003F0000000700000010,10.52,2018/9/4,330000,6eed2dc4-920a-427c-913d-3e5ff6e43cd1
浙江省,0000002P0000007W000000070000000X,3.06,2017/7/25,330000,3d72f126-c1be-4647-a2e6-94c838a7ca88
金华市,0000000C0000002Q000000030000000X,68.87,2018/8/25,330700,e58cbb82-b1a0-4449-b8aa-9e46bb654103
舟山市,0000000M0000003V000000070000000X,13.67,2019/1/15,330900,25a441cd-ab97-4e73-8bbd-d15994045de0
舟山市,0000001Z00000036000000070000000X,8.17,2018/9/25,330900,f2bcf89e-fa83-4f9d-8702-10861796f94d
绍兴市,0000000J0000003S000000070000000X,33.67,2017/4/5,330600,14d8436b-822f-49be-acc9-d2ece5af6421
宁波市,0000000M0000003V000000070000000X,14.73,2018/5/15,330200,6f17f694-739b-4992-a2ad-fa67483f0f41
绍兴市,0000000H0000002T000000070000000X,15,2017/5/15,330600,a3dfea0c-01b8-432e-81cd-6758cb4fc3e1
杭州市,0000000J0000003Q000000070000000X,41.17,2017/4/15,330100,21d17bca-5ef9-4959-902f-e7dc15b89822
湖州市,0000000X0000007T000000070000000X,35,2018/6/15,330500,50ac2636-2214-4b5a-a3c1-d33cf17cbcf0
衢州市,0000000D0000002R000000030000000X,37,2018/7/5,330800,7cecf9e1-9a59-44f4-b428-163fa03dc173
杭州市,0000002P0000007W000000070000000X,2.87,2017/6/15,330100,20dcef47-2950-45de-9c37-abadfede1520
衢州市,0000001A00000031000000070000000X,5.5,2017/5/25,330800,568155ed-32ef-4b10-a63f-54502923e5db
宁波市,0000001A00000031000000070000000X,4,2017/9/5,330200,1198d133-4e9f-464f-a2eb-397ac50c171a
舟山市,0000000D0000002R000000030000000X,44.97,2018/2/15,330900,24d31a05-2d93-425b-b35c-3fb82c54160d
台州市,0000000J0000003Q000000070000000X,38.33,2017/7/5,331000,57256d62-648c-42bb-9b6d-1470fee4530e
宁波市,0000001A00000031000000070000000X,4.87,2018/7/15,330200,b0f2c19b-8f71-4599-bd34-ddff7675a266
台州市,0000000H0000002T000000070000000X,14.33,2017/3/25,331000,8f5f317c-47ff-41e4-9ce1-4aacbd3f5d60
舟山市,0000002U0000007X000000070000000X,5,2017/7/5,330900,2e501c27-c7a5-44a2-8a17-846d605c8bb5
丽水市,0000001A00000031000000070000000X,4.33,2018/7/15,331100,4c157746-d0a7-405f-bc54-2842970b110c
宁波市,0000003100000081000000130000000X,178.67,2017/12/5,330200,76d446d6-bf0c-4f7b-8036-94f938154e30
浙江省,0000000C0000002Q000000030000000X,63.58,2018/4/25,330000,0321ea59-88cd-4546-9700-e4fc30744ae3
绍兴市,0000001A00000031000000070000000X,4.33,2019/1/25,330600,65f720f0-dfbe-4a50-8f7c-04c5de3e072d
湖州市,0000001K00000031000000070000000X,2.83,2017/6/5,330500,bb130327-a4e9-4f25-83f2-fceba8ba5bfa
台州市,0000000J0000003S000000070000000X,34.33,2018/7/15,331000,c88ad85f-f554-40c4-9574-c5bbc043c510
金华市,0000001Z00000036000000070000000X,6,2018/5/5,330700,72ecbc06-219d-42de-a02f-cb4c6bc982e4
丽水市,0000001E00000031000000070000000X,3.83,2018/3/25,331100,2e3cd129-5086-45e9-8470-be6895c2fc03
浙江省,0000001200000031000000070000000X,3.22,2018/7/5,330000,ad7fa33c-1774-44d1-a872-8db672415adb
台州市,0000000M0000003V000000070000000X,10.33,2017/3/25,331000,6144690a-1912-4439-a2cd-41a5a87848d9
浙江省,0000003100000081000000130000000X,86.4,2018/12/25,330000,347f7a66-b1f1-4d35-9d43-496af7005ee4
丽水市,0000000G0000003F0000000700000010,11,2019/3/12,331100,451440e6-cf11-4b70-a4a8-30c5c6b48dd8
湖州市,0000001700000031000000070000000X,3.17,2018/1/15,330500,5cebad77-299d-4cd0-b831-5bf3f7fe75b2
金华市,0000001Z00000036000000070000000X,6.5,2017/7/25,330700,a68a5323-d4c3-4af1-971c-0e127987359e
杭州市,0000000Z00000031000000070000000X,6.5,2017/8/25,330100,213e8818-9661-4f54-a1ff-8c9f1f5cbfdc
丽水市,0000001200000031000000070000000X,3,2017/7/5,331100,960ed2f7-3c72-4992-85ac-67da60c68675
丽水市,0000003100000081000000130000000X,84,2019/3/5,331100,80f36242-9aa8-4c0f-9b7b-61bfd7fe5410
嘉兴市,0000000G0000003F0000000700000010,9.25,2017/6/20,330400,adfccffe-1f1e-47e9-b1e7-d287175e3aed
台州市,0000002200000038000000070000000X,2.1,2017/10/25,331000,fd97e5ac-bacb-4897-96d0-3480f53ca35f
金华市,0000002P0000007W000000070000000X,3.9,2018/1/25,330700,560a1002-3c90-4224-9d2f-404be681dc26
台州市,0000002200000038000000070000000X,3.17,2019/2/15,331000,60a18a7a-0811-4a14-a83a-671fa026065a
金华市,0000000J0000003S000000070000000X,37.67,2019/3/15,330700,b5183fb4-4851-45c5-98af-c83c15d99094
金华市,0000000H0000002T000000070000000X,15.67,2017/4/15,330700,9bc29c02-c491-49a5-9cf0-935655135b47
宁波市,0000001200000031000000070000000X,4.6,2017/3/25,330200,5663ac70-0ad5-449e-9427-0dbabf855c0a
温州市,0000000H0000003N000000070000000X,17,2017/2/15,330300,68b31a32-5cbf-4e67-913a-db06e7336b39
浙江省,0000000P0000003E0000000700000010,3.92,2018/7/10,330000,8dedad6a-6f18-4f89-95ab-a17909c3539d
嘉兴市,0000000J0000003S000000070000000X,32.33,2017/8/15,330400,3df5f8c4-bb6e-4421-b257-486bb2a01428
杭州市,0000000G0000003F0000000700000010,9.22,2017/10/3,330100,c77912a1-9dc5-46e3-af42-81f2d39f22d7
绍兴市,0000001200000031000000070000000X,3.5,2017/3/25,330600,8ddfd778-d63f-4f25-814e-5e25e23be3dd
嘉兴市,0000000P0000002W000000070000000X,5.07,2016/12/25,330400,cbadc2bc-41d3-44b7-95fb-2e23a5e65387
宁波市,0000000Z00000031000000070000000X,5.93,2019/3/15,330200,2fe9404c-302f-42ba-9d12-7fded48a87f9
浙江省,0000000P0000002W000000070000000X,4.96,2016/12/25,330000,5efc4bce-6a75-4d26-9be7-ae7b2f16c54d
湖州市,0000000J0000003Q000000070000000X,38.33,2017/7/5,330500,66b98c5b-dbc3-4a46-9bb7-253b8de011d8
温州市,0000000H0000003P000000070000000X,25.33,2017/4/25,330300,a3ad6996-3023-4ef8-ab40-a4478fd78a01
衢州市,0000002U0000007X000000070000000X,5,2018/11/5,330800,a7c78e39-a831-40f0-a58a-9d6f849810db
丽水市,0000001Z00000036000000070000000X,4.66,2017/2/15,331100,91a91869-3440-4fcb-8413-2fef62e25a67
温州市,0000000J0000003S000000070000000X,44.33,2018/10/15,330300,208843f7-c3c6-415b-8fcd-ad1df2a81bd5
衢州市,0000000C0000002Q000000030000000X,69,2018/11/5,330800,9cc72a92-ee90-4103-b5b5-ff2d2545dd4e
舟山市,0000000J0000003Q000000070000000X,40.67,2017/11/5,330900,b8b272ce-583c-4244-acea-8f65256d561a
温州市,0000000H0000003P000000070000000X,28.67,2019/3/5,330300,ade87406-b463-4c6c-ab9f-eb486ca4c7fd
绍兴市,0000000X0000007T000000070000000X,30,2017/7/25,330600,b61755e6-4f0a-4677-b038-5248004cba75
宁波市,0000000X0000007T000000070000000X,40.33,2017/4/15,330200,67d18851-b314-40ee-95b4-171a4e1045e9
舟山市,0000000J0000003S000000070000000X,33.67,2017/2/25,330900,bb0a70f6-22a1-4ef8-b286-97d977496d1b
杭州市,0000000H0000002T000000070000000X,17,2017/7/5,330100,cd485e9d-80ce-4521-9360-284df4839642
舟山市,0000000P0000002W000000070000000X,5.33,2017/9/5,330900,5a105f2e-21c5-432d-b2ea-fd9e9a9b439d
衢州市,0000000J0000003S000000070000000X,38,2018/12/15,330800,35e7d1f8-1f58-4d85-8e15-bb01a80c2e3c
宁波市,0000000J0000003Q000000070000000X,42,2018/3/15,330200,de3d9177-fbc0-4ff2-a552-69f97d78207a
宁波市,0000000H0000003P000000070000000X,25.83,2018/8/15,330200,4e63d211-001e-42e2-b77f-7ff9f1cdb046
绍兴市,0000000P0000002W000000070000000X,5.83,2018/11/15,330600,d6baf517-44ad-4bc7-b34c-e3f35fb3b085
杭州市,0000000H0000002T000000070000000X,18,2017/10/5,330100,f93556c6-632f-42a9-8f94-f52e5da3fa10
湖州市,0000001A00000031000000070000000X,7.67,2018/3/25,330500,e75b9349-5c4d-4426-918f-d8dc8dbc5501
金华市,0000000D0000002R000000030000000X,44.67,2017/6/25,330700,5adcd110-33f3-464a-8fd4-5eb4381ae472
丽水市,0000001400000031000000070000000X,4.5,2018/9/15,331100,e5c85346-f259-4e41-97c9-78cba316dcfb
杭州市,0000001K00000031000000070000000X,3.2,2017/7/5,330100,0bfb13eb-a9a4-4b7a-973a-60320d6f3d4a
金华市,0000000Z00000031000000070000000X,2,2017/3/25,330700,f3e5e116-987a-46f8-8527-d3ac63b83890
金华市,0000000M0000003V000000070000000X,12.33,2018/6/25,330700,e2eb85ba-bf80-4ce2-8c11-f316b8370875
舟山市,0000001E00000031000000070000000X,4,2018/1/15,330900,4eefbd80-3a89-4366-98c4-df51f47115d3
绍兴市,0000000K0000003U000000070000000X,37.67,2017/8/15,330600,02db5448-ba8a-43b0-b945-e4cce71a7c9a
宁波市,0000000X0000007T000000070000000X,40.33,2017/4/5,330200,cec2158f-54b4-46da-9cb5-8998be7ab2b1
舟山市,0000000H0000002T000000070000000X,15,2017/8/5,330900,b81ebfc4-f581-4eca-8079-91c17b1ff774
宁波市,0000000H0000003P000000070000000X,27.67,2018/12/25,330200,918c333e-d4ed-4afc-9a70-0c80ba49588f
绍兴市,0000002U0000007X000000070000000X,4.5,2017/10/15,330600,59801c25-ec42-478b-8669-94fb456f61d3
湖州市,0000001Z00000036000000070000000X,5.33,2017/5/25,330500,fb2166e3-f9e8-40e8-aaef-4b44157a8c62
浙江省,0000000C0000002Q000000030000000X,64.09,2017/6/5,330000,cef26abb-a63e-4425-8be6-a11119d90cdc
宁波市,0000001500000031000000070000000X,5.3,2017/3/15,330200,ab7ce36a-c073-4558-be03-02e4cadcd36a
台州市,0000000Z00000031000000070000000X,4.67,2017/6/25,331000,05d6cf7d-7b26-4ed5-9f65-327a5c7f79f8
丽水市,0000000X0000007T000000070000000X,47.67,2018/1/15,331100,02ef7d3e-b4cf-4eac-a04f-55ee72c7c182
浙江省,0000000S0000002Z000000070000000X,8.59,2017/2/15,330000,18619b7d-4ef6-4bd8-8c76-10d756b4536e
湖州市,0000000H0000003P000000070000000X,17.67,2018/5/15,330500,bc04f478-ccbc-4e86-8351-e9660c7214bd
湖州市,0000000H0000003P000000070000000X,20,2016/12/15,330500,771d0e74-3890-4af0-a0cd-93e00db0bdf4
湖州市,0000000D0000002R000000030000000X,40,2016/12/25,330500,36fe2c6c-2ac1-4e9f-9bc3-0b78d76f3603
浙江省,0000001E00000031000000070000000X,4.91,2016/12/25,330000,ccbb67c5-c9dd-4059-b2c3-fdd7543e65ba
宁波市,0000000H0000002T000000070000000X,15.83,2017/5/25,330200,b6fd6dc3-9aec-44fe-912b-4f823e32d5d0
浙江省,0000000S0000002Z000000070000000X,8.58,2017/3/5,330000,1385098c-6c82-44a5-825d-53bd4476b772
宁波市,0000002P0000007W000000070000000X,2.93,2017/2/5,330200,7152085e-e02a-4e03-ad93-35449478d90b
温州市,0000001K00000031000000070000000X,4.5,2018/3/5,330300,75de0774-5900-414b-97bf-87f659c92da7
舟山市,0000000S0000002Z000000070000000X,14.33,2016/12/15,330900,f88793ef-ab52-4d58-a4e5-1ce245ef8171
台州市,0000000P0000003E0000000700000010,4.93,2018/9/18,331000,a3021998-eda6-460c-bf01-3655010961a7
嘉兴市,0000000M0000003V000000070000000X,11.5,2017/7/5,330400,7781b095-cb86-40f3-8e53-2c30e9c6ba05
丽水市,0000000J0000003S000000070000000X,39.33,2019/1/5,331100,05c15838-b646-439a-bb77-61d46e36ec2b
温州市,0000001K00000031000000070000000X,3.33,2019/2/25,330300,c5f57a5f-0de7-41f8-b7e5-ae23632c1cb2
浙江省,0000000C0000002Q000000030000000X,63.96,2019/3/5,330000,770a838c-90e9-4bb0-83a6-511c2df56678
台州市,0000000P0000002W000000070000000X,5.1,2019/1/5,331000,d665fd17-d17f-448e-a58a-4563ec642e4b
衢州市,0000000P0000002W000000070000000X,4.17,2017/3/25,330800,e9172d5b-4335-462b-a339-b1850dc2d2fd
台州市,0000000Z00000031000000070000000X,5,2018/9/15,331000,7eb9f79c-be02-4f88-b288-65ef8cd94d6a
舟山市,0000000P0000002W000000070000000X,5.67,2018/12/5,330900,e00b9926-09c2-4829-b8fb-ab446858ecd6
舟山市,0000000X0000007T000000070000000X,36.67,2018/12/15,330900,6ff3157b-9038-45e6-a792-7c93157cb4ee
湖州市,0000001200000031000000070000000X,3.5,2018/6/25,330500,2d62875c-0e36-4a61-841c-0fcf64852bca
嘉兴市,0000001400000031000000070000000X,3.83,2017/7/5,330400,8698c849-cc6c-4e55-b93b-60090a50218b
湖州市,0000001400000031000000070000000X,6.33,2017/3/25,330500,433497fd-3d94-4b9b-9e62-763d85917e50
嘉兴市,0000000Z00000031000000070000000X,3.67,2018/4/15,330400,ca53ca99-e750-4668-a5b7-c159b3085194
丽水市,0000000Z00000031000000070000000X,2.5,2017/5/25,331100,763e8bca-5d9b-4146-a717-500df1d27edf
台州市,0000001200000031000000070000000X,4.33,2018/3/5,331000,44fdb73e-56ca-4a48-b33c-92b4659a6233
湖州市,0000002P0000007W000000070000000X,3.89,2017/1/25,330500,4ee037c5-19f4-44de-8d21-0ab36475a5cc
衢州市,0000002200000038000000070000000X,2.67,2017/3/25,330800,51b1e13f-6675-42e1-9f58-0cdfda083c24
金华市,0000001Z00000036000000070000000X,5.67,2018/7/25,330700,09de265c-c61a-47a9-a6b0-181039ef1c28
浙江省,0000000H0000003P000000070000000X,23.11,2018/2/15,330000,f86fc87e-71f7-4bac-93f8-2adc4d547cc6
宁波市,0000000M0000003V000000070000000X,15.17,2018/1/25,330200,ad90bf9c-f715-45d0-ab36-9ea55dd5ffcd
舟山市,0000001A00000031000000070000000X,6,2019/3/15,330900,e07c1398-6e11-4fdf-bb93-73fc7178afd0
台州市,0000001400000031000000070000000X,5.5,2018/4/15,331000,60736e05-78c2-485c-a022-1e4bd1ad2c8a
衢州市,0000000X0000007T000000070000000X,23.33,2017/8/25,330800,c845bb8d-be75-4de7-ba51-b64ae9ee527f
台州市,0000000J0000003Q000000070000000X,39.33,2018/1/15,331000,e0b8dfc9-9fda-4579-bd6f-bb60965d0ed4
金华市,0000000H0000002T000000070000000X,15,2017/6/5,330700,e25b7fe2-d0ee-4c72-b25d-28e5e6fd11a7
台州市,0000000M0000003V000000070000000X,10.33,2017/4/15,331000,dc7b3f55-d83c-4729-97c0-df8661cfffbb
嘉兴市,0000001500000031000000070000000X,4.5,2018/1/25,330400,cb8e42ce-1780-495b-a420-304779a6c3f6
丽水市,0000003100000081000000130000000X,84,2017/5/5,331100,678c2f83-5ace-46c6-aa96-0a14223a06e9
湖州市,0000000H0000003P000000070000000X,18.67,2019/2/5,330500,d8daf0b6-6aee-46bd-97d2-60112170e320
台州市,0000002U0000007X000000070000000X,4.5,2019/2/25,331000,dc34a31c-07b1-4d3f-b2ea-a3f05194bd21
金华市,0000000Z00000031000000070000000X,4.17,2017/12/25,330700,5f2cc2f3-5a4c-4a5a-83de-a39a115fd119
舟山市,0000000D0000002R000000030000000X,44.97,2018/3/25,330900,2018ddc9-8eef-4945-afb7-f0f552ecc766
金华市,0000000J0000003S000000070000000X,38.67,2019/1/25,330700,8514aac8-51b9-46b8-a0ba-6c9d26c34d4d
宁波市,0000000M0000003V000000070000000X,14.5,2017/7/25,330200,3ec66ef4-4374-40d4-8470-9c13981cba26
绍兴市,0000001K00000031000000070000000X,2.67,2017/4/15,330600,d3990a66-a240-4065-b0c7-a03e222154fd
宁波市,0000000H0000003N000000070000000X,15.33,2017/4/5,330200,ecb9970c-12bc-4aa2-bfab-0325713e72a1
台州市,0000001K00000031000000070000000X,3,2018/2/15,331000,8d578abf-d1f8-4ca3-a2bb-0870a7ff74e0
浙江省,0000000J0000003S000000070000000X,34.95,2016/12/25,330000,4c5c6011-9617-4ef4-b195-cc77fd0c460c
衢州市,0000000H0000003P000000070000000X,25.33,2019/2/15,330800,9fe0744b-ebf2-4495-814a-99625799d92d
嘉兴市,0000000J0000003S000000070000000X,32.67,2018/9/25,330400,04ebe0c4-b977-4f86-b48a-9fbbba82ce79
浙江省,0000000J0000003Q000000070000000X,39.59,2017/9/25,330000,1ac20545-34d4-4e89-b784-bd4bdd8f076c
嘉兴市,0000001700000031000000070000000X,3.27,2019/2/5,330400,9f7d1a29-16d1-4449-a71e-b9a1b2582f95
宁波市,0000001E00000031000000070000000X,6.97,2018/10/25,330200,a6b7e140-65de-44e2-b01a-c9f12678de6c
湖州市,0000001700000031000000070000000X,3.17,2017/6/25,330500,0c052674-7a69-4d49-a7d0-73dfeea54c2d
杭州市,0000002P0000007W000000070000000X,3,2019/1/5,330100,9cafdfcc-88a3-4782-b512-c21b75891011
湖州市,0000001500000031000000070000000X,3.83,2018/6/15,330500,0ca81e04-5efb-4936-80f2-6f5fee2bc1a3
宁波市,0000000X0000007T000000070000000X,37.67,2018/5/15,330200,f0e6201e-6197-40a0-a91d-e0972735e538
嘉兴市,0000000H0000003N000000070000000X,15.67,2017/2/15,330400,2241a937-1f67-4418-9962-b01190c05861
温州市,0000001400000031000000070000000X,6.67,2017/4/25,330300,c5ced628-1f52-4198-ab37-6a1f5930ead2
湖州市,0000000X0000007T000000070000000X,35,2017/6/25,330500,75f42bf0-7bde-4eb7-b138-6235d4a62a47
宁波市,0000000G0000003F0000000700000010,13.23,2018/9/18,330200,0cf283c1-26b3-4578-ae1e-ce7cf15cc48e
丽水市,0000001500000031000000070000000X,4.17,2017/8/15,331100,a474b609-6e6d-413f-b45f-dda208ba3483
舟山市,0000000H0000003N000000070000000X,15.17,2018/4/5,330900,7fd31f88-f311-4ec6-9a91-c21e3caea784
丽水市,0000002U0000007X000000070000000X,3.66,2018/11/25,331100,b3f87034-3186-4a6d-862d-d10434b6ab06
宁波市,0000001Z00000036000000070000000X,6.43,2017/9/15,330200,2ac28864-2cef-48e2-85d1-a429b1c9d17d
嘉兴市,0000000H0000003N000000070000000X,15,2018/3/15,330400,e08555f0-8b4a-4637-a3d9-641f4ffeb05e
绍兴市,0000001500000031000000070000000X,5.17,2019/3/15,330600,cb305ed5-995d-4046-b7c0-3334f01acf40
温州市,0000001Z00000036000000070000000X,7.33,2019/2/5,330300,5725aa2c-8948-49b0-9cef-ad655e542ce3
衢州市,0000002U0000007X000000070000000X,4.33,2017/1/25,330800,ae123460-a5e0-4f21-bfe2-6fd2723fd1d9
温州市,0000002P0000007W000000070000000X,2.33,2017/12/15,330300,5eebf2d7-bf22-430e-a477-7b2298bdaf79
嘉兴市,0000003100000081000000130000000X,79,2018/7/15,330400,a853b211-4b5e-4d1a-992b-6e8234be158b
衢州市,0000000Z00000031000000070000000X,5.5,2018/6/15,330800,a42068a3-d1cd-4268-a4d5-a6cea7bbf1b0
衢州市,0000000H0000003N000000070000000X,15.67,2019/2/25,330800,5751e2a1-6e90-4ff6-863f-db2e8ab02164
衢州市,0000001A00000031000000070000000X,6.83,2018/9/25,330800,84c02eca-405e-4176-af26-d75c831a9ba1
丽水市,0000000C0000002Q000000030000000X,70.23,2017/4/15,331100,559ee530-7a58-44e4-8817-2cf5e8fd81b3
湖州市,0000001500000031000000070000000X,3.67,2017/7/5,330500,31427540-cf46-4caf-bbfc-1e6d3e4e75c7
浙江省,0000000P0000003E0000000700000010,3.88,2019/2/26,330000,07488141-be30-43b4-9cc0-5542995efecd
杭州市,0000001200000031000000070000000X,4.67,2018/10/15,330100,c61a7ac9-b9df-400f-9da3-e75fed3e433d
金华市,0000000C0000002Q000000030000000X,68.17,2017/5/25,330700,95ecdcd8-6428-47b9-8288-0e1a4a0c79b3
丽水市,0000000Z00000031000000070000000X,3.17,2018/12/25,331100,ab667b55-3bcb-4e94-a4a1-ab06c9234f45
嘉兴市,0000002P0000007W000000070000000X,2.77,2016/12/25,330400,fd42474a-2888-4818-a0d2-97bc22deca59
温州市,0000000P0000002W000000070000000X,5.37,2017/11/15,330300,8dfaf95f-760b-4125-b16c-722cec154ba1
绍兴市,0000000C0000002Q000000030000000X,57.67,2018/8/5,330600,b5f89d91-5222-4507-9541-6dca3e8d907e
杭州市,0000000P0000003E0000000700000010,4.9,2018/8/7,330100,d5706c35-30f8-4216-88af-09c6beb0d66b
金华市,0000001500000031000000070000000X,4,2018/3/25,330700,565ff929-5098-4158-ae69-9790edb9b4c9
宁波市,0000000H0000003P000000070000000X,25.67,2018/1/5,330200,96d80f2c-e044-4886-a996-bb09f382c7e4
衢州市,0000000G0000003F0000000700000010,9.5,2017/9/19,330800,652e34eb-11c9-417e-9673-e4d98049673c
杭州市,0000000C0000002Q000000030000000X,62,2017/7/25,330100,3ac558eb-df95-4a3e-ac74-216c0bec562e
舟山市,0000000H0000002T000000070000000X,12.33,2019/2/5,330900,ce6d4f28-6fcb-41bc-ad54-b198351863e5
宁波市,0000000M0000003V000000070000000X,14.4,2018/9/5,330200,94d08114-d6d0-4e98-96df-f1c7cffe89f6
丽水市,0000000D0000002R000000030000000X,54.6,2017/4/5,331100,71bf0f59-5a2f-4c4a-96de-a2eb7e3efe43
湖州市,0000000D0000002R000000030000000X,37.67,2018/1/5,330500,182bfd7b-7b20-4504-9dfc-9a9351b713b0
嘉兴市,0000000D0000002R000000030000000X,35.33,2018/11/25,330400,7dd184f3-dcdc-4177-a824-984372031aa4
宁波市,0000000H0000003N000000070000000X,14.57,2018/11/25,330200,65f4a922-5db6-412e-85f8-138fabe1d13f
衢州市,0000001200000031000000070000000X,3.67,2017/4/15,330800,44a92201-cb52-4672-bda3-288ccf375b0b
台州市,0000002200000038000000070000000X,2.83,2018/3/25,331000,f5eddc67-0f22-4e0a-9243-87ad27014110
金华市,0000001500000031000000070000000X,3.83,2017/10/15,330700,9efcb904-7116-42f8-b708-488305514a2a
丽水市,0000000P0000003E0000000700000010,3.1,2017/3/21,331100,77b3d171-653a-42d4-87e6-98471af392a3
浙江省,0000000X0000007T000000070000000X,36.12,2019/1/5,330000,14448426-da6b-4144-b870-001e0c89f4c9
杭州市,0000001A00000031000000070000000X,5.67,2017/10/5,330100,350a12ff-f7e1-43f8-af34-4c8ac8720c5b
台州市,0000000H0000003N000000070000000X,13,2017/5/5,331000,5c2dc6b8-58f9-4604-ac0a-6e2b02767c33
浙江省,0000002P0000007W000000070000000X,3.08,2017/1/15,330000,6dd6610d-5297-49cb-9c66-665b5236a414
嘉兴市,0000002P0000007W000000070000000X,3.2,2017/8/5,330400,9d1641d4-8254-4a71-b8a1-5a6b62be2a5c
衢州市,0000000K0000003U000000070000000X,32.33,2017/8/25,330800,ce8129d4-6e22-494f-88f0-4391c62c6fb7
温州市,0000001200000031000000070000000X,4.5,2017/3/25,330300,850d26a5-05de-4fe2-9a6e-9953513ce227
温州市,0000000D0000002R000000030000000X,46.67,2017/1/5,330300,f10e872e-ea85-4790-a71a-fc10b5bd63f1
台州市,0000000C0000002Q000000030000000X,63.33,2017/4/25,331000,ab0bad74-8ae2-4213-8816-4d2fdbfacd35
绍兴市,0000000G0000003F0000000700000010,9.3,2018/3/6,330600,25801011-9496-484f-b9e3-8668da854ee3
衢州市,0000002200000038000000070000000X,2.67,2018/9/25,330800,f1fc1ad5-d094-4b5d-81af-6c29d8cffe56
台州市,0000002200000038000000070000000X,3,2019/3/15,331000,d0f556f9-ad9d-48df-a0ee-78cccf416b96
浙江省,0000000G0000003F0000000700000010,10.12,2018/1/2,330000,5d31f892-ed95-4003-811c-433603ff9295
金华市,0000001Z00000036000000070000000X,5.83,2017/12/15,330700,d2bca035-0d88-4680-9fb3-9df5e444dbf9
绍兴市,0000000P0000003E0000000700000010,4.5,2017/11/21,330600,fd7fccb0-d36f-4c1e-93b1-fd98f827a9fa
宁波市,0000001500000031000000070000000X,4.93,2017/3/25,330200,4213f012-6e1e-433f-8118-0789a7e76a3f
绍兴市,0000001E00000031000000070000000X,4.33,2017/11/5,330600,89760989-0acf-4ee3-aaa0-913dc56582e3
杭州市,0000002200000038000000070000000X,3.27,2018/6/15,330100,4ff007fd-02b2-4619-ada1-1d888cc1a0f6
温州市,0000001500000031000000070000000X,4.67,2018/8/25,330300,175f8e04-b993-45d5-b7ba-8502d5b514e8
湖州市,0000002200000038000000070000000X,4.33,2017/6/25,330500,e4e766dc-4593-4f30-b6a7-d96016b24864
浙江省,0000001200000031000000070000000X,6.71,2019/2/5,330000,1430ea0f-c940-4fff-9763-54cbf600a083
杭州市,0000000G0000003F0000000700000010,9.04,2017/7/25,330100,81263862-f2bb-4f9b-989a-6f619ffb2f9c
嘉兴市,0000000H0000003P000000070000000X,23.67,2017/9/25,330400,1ddbb1b1-ce35-4824-972b-863c8cc4fa18
金华市,0000000H0000003P000000070000000X,21.33,2018/12/25,330700,4db32278-fa32-423a-b64c-b21736159f50
温州市,0000000G0000003F0000000700000010,7.84,2017/6/27,330300,cb719cb7-dea3-4f9f-ad35-c38e8f8e39f8
衢州市,0000000Z00000031000000070000000X,4.5,2018/10/25,330800,6411d828-dc54-49c0-9ff2-771aff650ac9
杭州市,0000000D0000002R000000030000000X,46,2017/9/5,330100,6e9e7fea-aeca-4a3e-b1f5-9fdd3e2b6af8
绍兴市,0000000P0000002W000000070000000X,4.43,2017/5/5,330600,18dc8fb3-4aef-46bd-b975-a8f3688c2e1b
丽水市,0000001200000031000000070000000X,3.17,2018/1/5,331100,428a7446-079d-4987-b00a-71ab5caf7721
宁波市,0000000J0000003Q000000070000000X,41.17,2018/5/5,330200,d1190ee8-c217-4353-a5d7-ab7b2fad03d4
湖州市,0000000P0000003E0000000700000010,4.5,2018/2/27,330500,933b23bd-8d83-4ffa-9ad3-0430a534b399
衢州市,0000001E00000031000000070000000X,3.67,2017/4/15,330800,3830aec0-020a-472b-9921-f10d6ca1c24b
浙江省,0000000G0000003F0000000700000010,9.63,2017/10/3,330000,2301e719-d977-480d-bb83-d231252ce675
绍兴市,0000000D0000002R000000030000000X,49.33,2018/3/5,330600,deab245a-6d2e-429c-8cd5-1d115f4af239
金华市,0000000G0000003F0000000700000010,10.9,2018/10/30,330700,d5c18975-1b77-4fb6-9366-807256a51557
湖州市,0000000X0000007T000000070000000X,35,2018/9/15,330500,e1697749-94c3-450c-8ec4-4490e9e521c7
杭州市,0000000J0000003S000000070000000X,37.33,2018/11/25,330100,1de51c7e-3bb8-4ed2-b927-ba1449d5122b
金华市,0000000C0000002Q000000030000000X,68.17,2017/4/5,330700,9081d8f3-ff08-40e5-b730-6c6ea3907799
衢州市,0000001Z00000036000000070000000X,5.5,2018/12/5,330800,870cdea6-5216-44f2-9e66-e486df6befa4
浙江省,0000000H0000002T000000070000000X,17.17,2017/2/5,330000,54071530-5e84-4a17-ac46-067390aa2240
宁波市,0000002U0000007X000000070000000X,4.57,2019/1/15,330200,c003310b-8862-4892-baaa-ce2e84cbd0c8
温州市,0000001E00000031000000070000000X,4.33,2018/1/15,330300,708ed125-b9f8-49bd-9e07-0d358ae59069
金华市,0000001700000031000000070000000X,2.67,2017/5/5,330700,5664b05c-4308-421b-bb5f-d968347ee9c6
丽水市,0000001Z00000036000000070000000X,6.26,2018/12/5,331100,5ba25d1d-8d12-4137-adf1-18eac70cd627
温州市,0000000P0000003E0000000700000010,4.2,2018/12/11,330300,1908ff51-0ee8-42d8-b881-3d0aba0c8455
宁波市,0000000S0000002Z000000070000000X,8.33,2017/2/15,330200,00237e91-c18d-4901-8b02-1732caf59ba8
丽水市,0000000Z00000031000000070000000X,5.5,2018/9/25,331100,d856c9c1-66d8-4a2c-9632-22add1c797bb
浙江省,0000001500000031000000070000000X,4.27,2018/3/25,330000,b899052a-4a3b-4461-8d22-f1a5456404a6
嘉兴市,0000000P0000003E0000000700000010,4.9,2017/10/31,330400,05d78ad8-35c5-4b4d-b558-a7275f043c54
杭州市,0000001200000031000000070000000X,3.93,2017/9/25,330100,a7f1cb47-c24f-4038-8ea4-164f39045aff
衢州市,0000000H0000003P000000070000000X,24.67,2019/3/15,330800,8e8928b4-4f4a-42d8-891c-8cd3d8f8bfd2
绍兴市,0000000H0000003N000000070000000X,13.33,2017/9/15,330600,5b16ef74-1270-440f-84bb-b2cd16912f37
杭州市,0000002P0000007W000000070000000X,2.65,2017/3/15,330100,af2859fd-60a3-49e8-9a83-672ac9f155f2
嘉兴市,0000000J0000003Q000000070000000X,40.67,2017/9/5,330400,e6bd6e6b-66d4-45c9-bfb1-99b46dddc981
浙江省,0000000P0000002W000000070000000X,4.75,2017/2/15,330000,7eb9ffe5-adeb-40dc-92d5-a4baeb11d21e
杭州市,0000001700000031000000070000000X,2.6,2018/10/25,330100,aabb5646-73b6-457e-8aaf-5200ba6023fa
湖州市,0000000C0000002Q000000030000000X,57.67,2018/7/15,330500,8acccd88-7728-4f00-ac05-22714f397615
湖州市,0000001A00000031000000070000000X,6.67,2017/8/25,330500,22d0badc-2d6b-432b-adc7-1b3f1ea99881
台州市,0000001E00000031000000070000000X,4.67,2018/5/25,331000,6a9cc5cf-2488-407e-acc4-31c774f277d3
丽水市,0000002U0000007X000000070000000X,4.66,2017/4/5,331100,485c6bf6-8ee6-4e76-90a0-2476cb4cd75a
舟山市,0000000H0000003N000000070000000X,15.33,2017/11/5,330900,42c3e05e-3fc5-4a35-a8b4-c40ce3a0eca2
舟山市,0000000Z00000031000000070000000X,5.67,2018/9/5,330900,83a81917-9695-4b2e-a53e-603049223712
台州市,0000000H0000003P000000070000000X,25.67,2018/12/5,331000,0ecce661-42f8-43f7-9f71-37b4c42a6390
湖州市,0000001K00000031000000070000000X,5.33,2017/10/25,330500,99420cb3-8f7b-4319-b7ef-42883949f891
金华市,0000000C0000002Q000000030000000X,68.87,2018/4/25,330700,0c88ed72-e3f3-4230-9eda-e6bfedb5664b
衢州市,0000000J0000003Q000000070000000X,38.67,2018/9/25,330800,1efd9b15-d1ad-4da8-ac43-585e13c2b764
湖州市,0000002200000038000000070000000X,4.33,2017/7/5,330500,5db95dea-27e9-4a02-8270-927286aaf828
宁波市,0000000M0000003V000000070000000X,14.5,2017/5/5,330200,1b7589af-318d-4e01-951e-14d3845d29a4
温州市,0000000G0000003F0000000700000010,10.64,2017/2/28,330300,a7e22a1d-30f4-4c0e-8deb-3f781e467631
宁波市,0000000G0000003F0000000700000010,11.17,2017/4/4,330200,1ca7616b-d37d-4b4a-844a-84b14c85a513
宁波市,0000001700000031000000070000000X,3.13,2017/9/5,330200,99d32b3e-2a21-420a-b373-e042f2082a97
宁波市,0000000H0000003N000000070000000X,12.87,2018/7/25,330200,f143b8fd-9bff-4238-aaa4-caf64a17d83c
绍兴市,0000000X0000007T000000070000000X,41.67,2016/12/25,330600,97eb8bf0-36e8-4241-bbdd-d7d060b6cc0e
丽水市,0000000P0000003E0000000700000010,3.1,2019/3/19,331100,6a0c5503-d40c-46ba-b3ec-1fcd6c5b44f9
宁波市,0000000Z00000031000000070000000X,5.77,2018/1/15,330200,83b015bc-960a-4f3e-bfb0-f238338a220a
舟山市,0000001200000031000000070000000X,4.67,2017/8/5,330900,34f61061-b565-4b86-8035-428929037739
浙江省,0000000S0000002Z000000070000000X,9.15,2019/1/25,330000,654b10ca-92e7-4a02-8646-49b5cde7eb75
浙江省,0000000P0000003E0000000700000010,4.07,2018/6/12,330000,3568073a-5eb5-429e-a82f-7a3c57e6cf4a
衢州市,0000000J0000003Q000000070000000X,38.67,2017/11/25,330800,af4e1c96-d4ac-40ac-baa2-ca28f48fc8d7
衢州市,0000000H0000003P000000070000000X,23.67,2017/3/25,330800,77cc98fc-feec-4b4c-b428-cb14286d6375
温州市,0000000S0000002Z000000070000000X,9.33,2019/3/5,330300,7fc74dd6-c815-41d9-8420-c40c1e9b9684
宁波市,0000000P0000002W000000070000000X,6.1,2018/3/5,330200,047c3ea1-cdb7-4328-a082-30d64a1e6fe7
台州市,0000001700000031000000070000000X,2.17,2018/9/15,331000,98ac4d53-3d4d-4621-a9f3-27180775955e
浙江省,0000000C0000002Q000000030000000X,64.7,2017/2/15,330000,757a152f-3bbc-4ce7-95f2-b101494416d7
丽水市,0000000G0000003F0000000700000010,14,2018/11/6,331100,94b2dd08-202d-47d0-8222-36d166251c23
杭州市,0000000M0000003V000000070000000X,11,2018/3/25,330100,81cb176b-1ea2-4d1c-a03f-0b4705f8dbe9
绍兴市,0000000G0000003F0000000700000010,9.4,2017/6/27,330600,cbb49481-8900-4f61-b723-ccf64977da26
杭州市,0000000H0000003N000000070000000X,14.33,2018/12/25,330100,5532023a-6de3-4330-bde0-718d7d5512a6
杭州市,0000001700000031000000070000000X,2.7,2018/4/5,330100,bdcbec2f-726b-4ddb-82a1-e653ab4dc996
台州市,0000000C0000002Q000000030000000X,63.33,2016/12/25,331000,6674cae7-1564-45b8-a984-93bcf1dc2713
衢州市,0000000H0000002T000000070000000X,15.67,2018/6/25,330800,18774921-fcaf-4fbd-882e-366bf9ff0564
杭州市,0000002P0000007W000000070000000X,3,2018/4/5,330100,583955d8-dd3e-4a56-91fc-885533528f02
嘉兴市,0000000J0000003S000000070000000X,33.67,2019/1/15,330400,04e03292-ae28-44a1-9ad8-b4ce444527fd
浙江省,0000001A00000031000000070000000X,5.44,2018/5/5,330000,b05ff43b-3aa8-40f3-aae0-a6845b2b10c9
湖州市,0000000H0000002T000000070000000X,16,2017/7/15,330500,874b3196-2852-486c-adce-e636e34f320a
台州市,0000001Z00000036000000070000000X,6.33,2018/6/15,331000,8d663589-2e41-4284-8562-87fe19212bc8
金华市,0000002200000038000000070000000X,2.83,2018/1/5,330700,35b22454-4ad1-4007-8722-ac417dc8e041
金华市,0000000J0000003S000000070000000X,36,2017/2/15,330700,7dcde9c4-f095-44dc-8f52-4c41eeb0dc2e
宁波市,0000000G0000003F0000000700000010,9.66,2017/7/25,330200,a64459c4-4602-4c32-9595-49f218390bf8
舟山市,0000000J0000003S000000070000000X,34.33,2018/8/25,330900,2268944b-fc5e-4f3e-8c6a-f3940abb7a40
湖州市,0000002200000038000000070000000X,4,2017/12/25,330500,194ae996-ea94-4af4-9ef6-2352b0d19e0e
衢州市,0000000H0000002T000000070000000X,23.67,2019/2/5,330800,17b2bfc7-11c6-4fca-9f99-e371dd26655b
浙江省,0000000G0000003F0000000700000010,9.89,2017/9/12,330000,29631457-375a-4b14-9e69-c17a36fcd281
杭州市,0000002P0000007W000000070000000X,2.87,2017/10/15,330100,b362bb09-f1e0-4fcd-863f-4004c2d9d04b
丽水市,0000000G0000003F0000000700000010,9.5,2017/5/2,331100,ff108c8f-dd0a-4f24-a008-5b80f3c2a2d7
浙江省,0000000D0000002R000000030000000X,43.61,2018/3/15,330000,afd373da-974a-458f-813b-6b813be44f05
舟山市,0000000H0000003N000000070000000X,15.33,2017/5/15,330900,390a998d-68c6-4193-b78c-e1dd36882c53
浙江省,0000000H0000002T000000070000000X,16.27,2017/4/15,330000,9c4d7752-795c-4a12-9caf-c849340971fc
温州市,0000000C0000002Q000000030000000X,60,2017/8/25,330300,9b2f31e2-dd48-4725-927d-ac63bd566558
浙江省,0000002U0000007X000000070000000X,4.34,2019/2/25,330000,84deba43-8395-4eaf-a7aa-669beaf27931
宁波市,0000000P0000002W000000070000000X,4.33,2017/6/5,330200,caf5beff-961f-48e6-834c-ee9fccec1755
台州市,0000001Z00000036000000070000000X,6.33,2018/2/5,331000,de0a63a2-484a-4cdc-898d-e5896425e9ac
丽水市,0000000P0000002W000000070000000X,4.23,2017/4/5,331100,a17cd6ca-c361-44d7-87db-e812745b66ba
丽水市,0000003100000081000000130000000X,84,2016/12/15,331100,16a38ece-ac24-40f0-a0a2-d643d9716005
舟山市,0000002U0000007X000000070000000X,3.83,2018/5/5,330900,89eec065-940e-4ef1-b1ff-859a5185d1d2
嘉兴市,0000000P0000002W000000070000000X,5.33,2019/2/15,330400,2f9b9879-3028-4c20-824c-a0581f0595cd
嘉兴市,0000001Z00000036000000070000000X,5.67,2017/3/25,330400,01f48072-54bf-4127-b57c-aaa764d8f1fb
丽水市,0000002P0000007W000000070000000X,2.93,2018/4/15,331100,2ba794ab-6dd4-4600-b527-9b6f0c9dff4d
舟山市,0000000P0000003E0000000700000010,4.6,2019/2/12,330900,401ff39c-1e4a-4e03-9a6d-69f49f79a316
嘉兴市,0000000H0000002T000000070000000X,15.33,2018/5/15,330400,12432964-6385-4898-aa2b-b73594fc4042
温州市,0000000G0000003F0000000700000010,9.24,2017/9/5,330300,69723762-59a0-4f6c-8584-6183692fe3b6
舟山市,0000000G0000003F0000000700000010,8.3,2018/3/27,330900,a7487b7f-5ddc-4a9d-9305-fd19fbd09fd6
台州市,0000000Z00000031000000070000000X,3,2017/2/25,331000,9410b801-e02d-4533-aeb5-fff15ce71e4f
宁波市,0000001400000031000000070000000X,5.7,2017/4/25,330200,6d230c24-1b87-4dd5-bf1c-00fc4dc198f1
浙江省,0000000C0000002Q000000030000000X,63.94,2017/8/25,330000,6ace2135-bfaf-4265-bf35-c4cb847a2159
嘉兴市,0000001500000031000000070000000X,5.5,2017/3/5,330400,e884bf9b-e215-4853-b131-3ee5dfd831ce
湖州市,0000002200000038000000070000000X,4.5,2019/1/5,330500,134db6dc-fed2-4061-bd4a-caf6425c30a6
宁波市,0000000Z00000031000000070000000X,4.53,2018/4/15,330200,f89ee649-0eeb-441b-9213-fa563e878c34
绍兴市,0000000Z00000031000000070000000X,4.67,2019/3/5,330600,62e1f8e6-76a7-4b49-ae75-2672c85973ad
温州市,0000000H0000002T000000070000000X,17.33,2017/5/5,330300,5eb15915-26f4-4254-8a7a-41b6a1e9bcfa
湖州市,0000002U0000007X000000070000000X,3.6,2017/5/25,330500,fa4d5b13-8e62-4364-863f-22cb62b7afc8
浙江省,0000000H0000003P000000070000000X,23.88,2017/2/15,330000,1b4c7bb8-ca18-481d-9ec2-515945cf145e
浙江省,0000000K0000003U000000070000000X,39.19,2019/1/25,330000,81323335-6a71-4397-a8bc-202f624f80b5
嘉兴市,0000000M0000003V000000070000000X,10.5,2017/10/25,330400,38b1f529-ab85-474e-9192-7f699822ce01
宁波市,0000000Z00000031000000070000000X,6.33,2017/8/5,330200,100f59bc-4ea8-4b12-83ac-a3f91b046521
嘉兴市,0000000X0000007T000000070000000X,32.33,2017/3/15,330400,ecff2dc0-4c95-4692-ae2b-88bf8a452c82
宁波市,0000001K00000031000000070000000X,3.87,2018/9/5,330200,e0fe389e-c5d7-4c7c-bc54-469a5b3eacbe
台州市,0000002200000038000000070000000X,2.93,2018/2/15,331000,0f580636-7723-43ae-97f5-a1a0d383b5e6
衢州市,0000000P0000003E0000000700000010,3.95,2018/6/12,330800,c7ad7a0d-bcf1-4c9e-a607-5e9aa0fe33e6
嘉兴市,0000000D0000002R000000030000000X,35.33,2019/2/25,330400,d21d32f6-d938-48b2-8334-0f4a903132d4
金华市,0000000S0000002Z000000070000000X,7.33,2017/12/25,330700,def25af3-179b-4d7c-9ec0-24968b908a81
丽水市,0000000G0000003F0000000700000010,10.4,2018/9/4,331100,62ee0d49-3fe1-41d3-9d0c-d8052ee42e10
温州市,0000001400000031000000070000000X,6.33,2017/12/5,330300,2508e28d-a43d-4848-ba7d-d72187402586
丽水市,0000000H0000002T000000070000000X,14.17,2018/1/15,331100,64f78be0-aaa9-46cc-85f5-7959135fc080
丽水市,0000000D0000002R000000030000000X,54.6,2018/6/25,331100,c1cbf286-5f58-4a2a-a83c-6a1b6b4043c5
金华市,0000000H0000003N000000070000000X,14.5,2018/11/5,330700,ab5184ef-ed77-4f63-9a72-218ec2139a9f
衢州市,0000001200000031000000070000000X,2.67,2018/6/5,330800,b9a03f3e-26f5-407c-9cdc-a76a9109491b
杭州市,0000000P0000002W000000070000000X,5.43,2018/8/5,330100,01ae72cc-9bbc-4cc2-93de-01dacc537f79
衢州市,0000003100000081000000130000000X,77.67,2017/4/5,330800,0b50c361-bc01-4848-84eb-8d10fa4b0556
湖州市,0000001200000031000000070000000X,4,2017/8/25,330500,526e334a-ecc5-41cf-a078-c71f3217df03
湖州市,0000003100000081000000130000000X,72.6,2018/7/15,330500,8d214be0-c77c-4a4d-9987-9fb956c13ac1
温州市,0000000P0000002W000000070000000X,5.73,2018/3/5,330300,5ec97fcf-4988-43cb-a87d-a496290b1090
嘉兴市,0000002U0000007X000000070000000X,3.87,2018/8/15,330400,57ed1c26-4d9d-41f2-95e3-6e2d03ed6d46
温州市,0000002200000038000000070000000X,3,2017/8/15,330300,4ea15613-f731-48b2-8000-94b61d404a2c
舟山市,0000000H0000003P000000070000000X,25.67,2017/3/25,330900,76b30fd8-88ec-4644-bcbf-742f20627d05
金华市,0000001E00000031000000070000000X,4.83,2017/6/15,330700,01fca2eb-a6c0-40d5-a2d7-34d18f83e70f
温州市,0000001Z00000036000000070000000X,6.67,2017/10/5,330300,d29afc58-9fd1-462c-8a5a-9f3fecd75058
浙江省,0000000H0000003N000000070000000X,15.49,2016/12/25,330000,6c8172c0-8ba0-4570-b3e7-f87aca057357
金华市,0000001Z00000036000000070000000X,6,2018/4/25,330700,14c79035-615b-44eb-a2cc-284f193c1a2b
浙江省,0000000M0000003V000000070000000X,12.78,2019/3/15,330000,f746c805-3852-4656-a388-daa7b9e3562b
丽水市,0000000M0000003V000000070000000X,11,2019/3/15,331100,68aebb23-2f21-4057-ab18-7897ec9fc359
台州市,0000000M0000003V000000070000000X,10.33,2017/6/5,331000,93415429-6def-41c0-9437-722df8307963
浙江省,0000000J0000003Q000000070000000X,39.53,2017/7/15,330000,36e60157-147b-4596-a306-203f4dfe16ab
嘉兴市,0000000X0000007T000000070000000X,33.67,2017/10/25,330400,c3a9b5a0-8d89-4741-a1cb-65ce22a2f86f
舟山市,0000001K00000031000000070000000X,3.5,2017/7/5,330900,fda579d3-247e-42bc-83eb-0fec8fa4a710
衢州市,0000000P0000003E0000000700000010,4.95,2018/11/6,330800,e6b93456-f934-4621-be1c-84cd4d742ad8
杭州市,0000001200000031000000070000000X,4,2017/8/25,330100,04cac91f-801c-4c3e-bd7c-9ec944b736a8
湖州市,0000001A00000031000000070000000X,10.33,2018/2/5,330500,ecc28eef-471c-4dda-9eee-757afa23ba4f
舟山市,0000000D0000002R000000030000000X,44.3,2018/12/25,330900,575e7ea8-c581-45f7-abc3-e1e917ff854a
舟山市,0000002200000038000000070000000X,3.5,2018/1/5,330900,2a1d3261-0174-44b8-989e-ebc5ba46f562
台州市,0000000M0000003V000000070000000X,10.33,2017/6/25,331000,1f1cd8c7-4369-4aab-b3ff-32cbdded978a
浙江省,0000002U0000007X000000070000000X,4.26,2017/4/5,330000,811764b6-175c-4ab2-8292-9e96c88f97b3
绍兴市,0000001A00000031000000070000000X,4.5,2018/4/5,330600,1ce0a8d4-4de2-4b6e-9f66-70d8ace7d4df
嘉兴市,0000003100000081000000130000000X,79,2018/8/25,330400,8ed59f05-9267-4332-8d32-a75c2c04fa26
丽水市,0000000H0000003N000000070000000X,13.33,2017/6/25,331100,e59b8571-0355-454e-9f25-baf9ad86c563
宁波市,0000002P0000007W000000070000000X,2.93,2016/12/15,330200,b91445bd-98ba-4617-bee7-3e4c6ff1851a
杭州市,0000000P0000003E0000000700000010,2.6,2017/5/16,330100,4d791a34-7586-42ca-a430-8f580294fa6d
杭州市,0000002200000038000000070000000X,3.77,2019/3/15,330100,b98cf40c-c3b7-4520-b8b8-2d60a2103721
衢州市,0000000K0000003U000000070000000X,34.67,2019/3/5,330800,24d721e8-bac8-496d-90e5-8bd8e36b9439
浙江省,0000000H0000003P000000070000000X,22.29,2017/8/5,330000,d6d1044e-ed76-4d96-a548-49b01300d61c
衢州市,0000001400000031000000070000000X,7,2019/2/25,330800,fc2fa59e-6bee-4761-8381-626be29b9ef7
台州市,0000000H0000003P000000070000000X,26,2018/12/25,331000,c93ffdad-a0b8-4ce3-9c68-e0fc32eeeb95
温州市,0000000X0000007T000000070000000X,50,2017/4/25,330300,57c07b18-1cc4-43a8-b56e-ec9f25c51999
温州市,0000000X0000007T000000070000000X,36.67,2018/10/25,330300,08d0f3f7-a495-4905-acad-b593f8d3e445
宁波市,0000000H0000002T000000070000000X,15.33,2018/12/15,330200,a7532f1a-b378-4b18-8d53-3ce7f161440f
台州市,0000002P0000007W000000070000000X,3.45,2018/1/5,331000,021cf34c-8df5-4a2d-b861-ec961b9dc69c
湖州市,0000001400000031000000070000000X,5.67,2018/12/25,330500,927756ee-e871-4352-bde1-97bdf8f82ef0
绍兴市,0000001K00000031000000070000000X,4.17,2018/9/15,330600,7fd7acdb-0058-467f-8535-6071b784aeed
绍兴市,0000000M0000003V000000070000000X,10.33,2018/2/25,330600,ff414343-3779-49ed-b8e8-90146fc8000c
浙江省,0000000J0000003Q000000070000000X,40.73,2017/3/5,330000,4117da37-aa8c-4b39-8843-119144a6a8da
宁波市,0000001400000031000000070000000X,6.67,2017/3/5,330200,28d58c61-6035-444d-9f2c-6bbc0c15fb72
湖州市,0000001500000031000000070000000X,5.67,2017/3/25,330500,2073bd25-a394-491e-a491-0a30894bd081
衢州市,0000001K00000031000000070000000X,3.17,2018/1/25,330800,3f796ef3-a0a3-404a-b02c-9ab4369a7474
湖州市,0000000M0000003V000000070000000X,17.33,2018/12/5,330500,f19a5f25-6907-4d0a-8e6e-4bfaab415483
温州市,0000000C0000002Q000000030000000X,60,2018/8/5,330300,c6a2494c-781e-4e6c-a5c4-a9e596c37ce9
台州市,0000000J0000003Q000000070000000X,38.33,2017/11/15,331000,3edf523e-0b3a-4695-9bcb-f5e1a8ddaf78
嘉兴市,0000000G0000003F0000000700000010,9.85,2018/8/28,330400,387d7784-7f75-4c0f-bfaf-1d85a44a2a30
温州市,0000000Z00000031000000070000000X,4.67,2018/7/25,330300,3865a8bd-4dd1-474b-ba94-92191f45e9f0
宁波市,0000001Z00000036000000070000000X,6.7,2018/2/15,330200,f2962a6b-a22c-4b86-b5af-e0af7eefd0dd
舟山市,0000001400000031000000070000000X,5.33,2018/5/5,330900,6d714463-2e14-4ffe-9309-b3adcd8fb156
嘉兴市,0000000Z00000031000000070000000X,6.5,2018/2/25,330400,f02b4fda-571e-47a3-895b-95a41f083cc9
湖州市,0000000X0000007T000000070000000X,35,2017/8/15,330500,02da7179-f252-457a-bdb0-6572dea316dc
杭州市,0000000M0000003V000000070000000X,10.67,2018/6/25,330100,ef0c4f00-cbb7-4002-9cbb-ff277304486f
杭州市,0000000X0000007T000000070000000X,39.5,2017/6/15,330100,6ad5ff6d-fb17-41b4-91a9-8e3689485e30
丽水市,0000000H0000003N000000070000000X,14.67,2018/2/15,331100,fb48a7d9-e1f5-4985-b6f8-c3c85ce0f43c
温州市,0000001Z00000036000000070000000X,6.83,2017/8/25,330300,c9f68ab8-81ff-4fd7-8347-cce2b97115a6
温州市,0000000Z00000031000000070000000X,5.33,2019/2/5,330300,99c585a5-992e-4cf0-8a5e-4d9a63714962
衢州市,0000000H0000003P000000070000000X,20,2018/5/25,330800,ee2ddaf3-96d8-4d34-8bd2-64033f58ec1a
舟山市,0000002200000038000000070000000X,4,2017/9/15,330900,67eb9104-1d5c-4f09-aa13-fceedf05f01c
绍兴市,0000001A00000031000000070000000X,3.67,2017/9/15,330600,fe94a246-0142-450a-a41c-4a2a2373a32a
宁波市,0000000G0000003F0000000700000010,11.89,2018/10/23,330200,9113c1d7-d82d-431e-90d2-a18e6a04d5c4
浙江省,0000000P0000003E0000000700000010,2.82,2017/4/25,330000,987b5927-159b-4e73-8b06-e290cb9f0d5d
杭州市,0000000J0000003S000000070000000X,35.33,2017/2/5,330100,a974cbcf-5647-40cd-ad34-8342e25b382c
湖州市,0000001E00000031000000070000000X,4.17,2017/11/25,330500,4993694f-7d8f-4d91-bd91-b6b653b9765d
衢州市,0000000P0000002W000000070000000X,5.77,2018/3/5,330800,8748197e-b7c5-4518-bb48-7c4f49c28d76
温州市,0000001Z00000036000000070000000X,6.83,2018/3/5,330300,76259419-d489-4376-a871-bcabafe4bfe2
丽水市,0000000S0000002Z000000070000000X,9.67,2017/9/15,331100,b1431345-44b0-4462-bdbf-405755fb506f
舟山市,0000000D0000002R000000030000000X,44.3,2019/3/5,330900,e75db580-e95e-4a3e-93b1-19061f0c3674
浙江省,0000000K0000003U000000070000000X,37.31,2018/10/15,330000,66558a39-5301-4d18-8fa7-e6d721d309c9
温州市,0000000H0000002T000000070000000X,17,2017/8/5,330300,3ee95333-8cd2-4c64-98af-055f863481db
丽水市,0000000K0000003U000000070000000X,36.67,2018/6/25,331100,a79cff30-4cdf-48e5-a00c-964c01a50508
浙江省,0000000X0000007T000000070000000X,41.73,2018/3/15,330000,cba20b0e-d9ac-4a78-b3b5-2aa1810a809d
浙江省,0000001E00000031000000070000000X,4.97,2018/6/25,330000,3795e742-87ca-49f4-9907-d53bac8dd6f5
台州市,0000000Z00000031000000070000000X,3.67,2016/12/25,331000,80467e8f-a271-4365-b493-2980755d71a1
杭州市,0000000Z00000031000000070000000X,6.33,2018/8/5,330100,77cf6eff-5e38-4d7d-9edf-c0fe4897045e
宁波市,0000000X0000007T000000070000000X,42.33,2019/3/15,330200,d704d4a5-acbd-41de-aa46-1e42889856f0
丽水市,0000001400000031000000070000000X,4.33,2017/10/5,331100,3a94d013-9c70-41cf-acb4-7e884bd9347b
嘉兴市,0000000Z00000031000000070000000X,4.33,2017/5/5,330400,497bcf01-08be-4b37-81f0-c4d05d8e1282
台州市,0000001Z00000036000000070000000X,6.33,2018/9/15,331000,ea520b56-e8f4-4350-a2f2-694a2f0b6ef2
浙江省,0000000J0000003S000000070000000X,35.47,2018/2/5,330000,810a3329-b9cd-4850-a155-01a167cdf408
嘉兴市,0000000P0000002W000000070000000X,4.93,2018/4/25,330400,be0619f6-672e-487b-9868-60bd4f4c7831
金华市,0000000J0000003S000000070000000X,35.67,2017/2/25,330700,7275c1dc-5142-4bc5-977c-05ccfc05263f
舟山市,0000002200000038000000070000000X,3.67,2017/12/5,330900,6dcab126-ab57-4f48-b148-f061fa424dcf
衢州市,0000002200000038000000070000000X,2.67,2018/5/15,330800,a7b3ab72-1efb-46ca-9982-1852b4498ed3
金华市,0000001700000031000000070000000X,2.67,2018/7/15,330700,073dc56b-0938-4e35-9972-c59bd24809c7
宁波市,0000000G0000003F0000000700000010,10.23,2017/8/15,330200,3528f0e6-6193-4aad-94b0-5841bd049316
湖州市,0000000K0000003U000000070000000X,0,2017/4/15,330500,70571673-e63e-4d1e-bda1-3a32d164618d
绍兴市,0000002P0000007W000000070000000X,2.33,2019/2/5,330600,b37ab040-3093-41ac-93e3-7d4e9aa2f80f
湖州市,0000002U0000007X000000070000000X,3.6,2017/5/5,330500,2c491cd9-3a5c-4064-84a7-6ef77035ff1c
嘉兴市,0000000X0000007T000000070000000X,34.33,2018/3/15,330400,ec52ffe2-04ba-4ee0-b0fb-68cc5d0e8580
嘉兴市,0000001700000031000000070000000X,3.27,2018/6/15,330400,82aece82-a050-4cd8-9a3d-339cb92f7c3e
衢州市,0000001400000031000000070000000X,8,2018/2/15,330800,5929eb40-a515-4ef1-8138-d6347fdcdf66
湖州市,0000002U0000007X000000070000000X,3.87,2018/3/15,330500,230a027c-446f-45f7-8a0b-d0cd28579077
绍兴市,0000000H0000002T000000070000000X,14.17,2017/7/15,330600,14f96e05-e6a2-4497-902e-307be7c3d547
绍兴市,0000001A00000031000000070000000X,4.5,2018/4/25,330600,104c9047-a950-41c7-adf7-08f5f10f4150
湖州市,0000001500000031000000070000000X,6.5,2019/2/15,330500,94c43718-46e1-43e0-9a12-cd8ac430e82c
温州市,0000000G0000003F0000000700000010,11.23,2018/10/23,330300,7473e595-34df-44fd-82d7-ffc225019a79
杭州市,0000000P0000002W000000070000000X,4.87,2017/2/5,330100,68646991-7d43-402a-b0d1-23adbde548bc
衢州市,0000002P0000007W000000070000000X,3.07,2017/4/25,330800,a215b58e-0872-4c79-b1e6-c1289846080e
丽水市,0000000J0000003Q000000070000000X,37.33,2017/4/15,331100,8815d626-402f-4ff5-9bee-d04b01ffa073
湖州市,0000001400000031000000070000000X,5,2017/12/15,330500,1ea68f9f-92a5-4607-b8b0-29aa2e2506eb
舟山市,0000001700000031000000070000000X,2.83,2017/6/5,330900,15cf83b8-9bf9-41e3-baac-44ccb30c8f84
绍兴市,0000000H0000003P000000070000000X,24.33,2017/9/5,330600,5a85be17-88ec-4fc0-9fe9-ec00ab5a697e
杭州市,0000001500000031000000070000000X,4.5,2017/11/25,330100,c22719af-c034-4027-8d68-94fb9b54e25d
金华市,0000000S0000002Z000000070000000X,8,2017/9/15,330700,79245928-8dbf-441b-bbe4-bc510bb69b58
浙江省,0000001A00000031000000070000000X,6.4,2019/2/15,330000,1f47edf8-1795-434f-80c7-42f0fc693663
温州市,0000000J0000003S000000070000000X,43,2018/1/25,330300,d138a112-1fb0-43d9-b371-a2b2759b93ef
舟山市,0000000H0000002T000000070000000X,15.67,2017/4/25,330900,6c403027-710f-41d2-b479-0379195412e2
浙江省,0000002200000038000000070000000X,3.59,2018/10/15,330000,6c93602a-ea1f-4d71-b316-04067f721c61
金华市,0000001K00000031000000070000000X,2,2018/12/15,330700,66961c80-c548-46e7-a037-98cd638a81ff
嘉兴市,0000000H0000003P000000070000000X,22.33,2017/12/25,330400,750afa2a-8f82-4d48-bc11-74cd989ec321
金华市,0000001200000031000000070000000X,3.17,2018/7/15,330700,3750b417-6281-4acb-a2e9-2bd3368abc63
金华市,0000001700000031000000070000000X,2.83,2017/4/25,330700,560c280f-ce66-46e6-8594-81286310087e
浙江省,0000001Z00000036000000070000000X,5.97,2017/4/5,330000,85103bd9-bca7-46df-9c6b-edcc0e8f97ab
绍兴市,0000001A00000031000000070000000X,4.17,2018/5/15,330600,a0d21883-b0b2-4f2a-8ef7-a7246c6fd39f
台州市,0000000M0000003V000000070000000X,10.67,2018/12/25,331000,8a7cbb1a-1e8b-4c45-bf70-1be4ff009a8c
台州市,0000001200000031000000070000000X,3.33,2018/8/5,331000,f02d5551-5e21-48aa-9f86-7016891803e0
丽水市,0000000J0000003Q000000070000000X,43.33,2019/1/15,331100,b7ed0146-cfe2-43a5-a52f-b769f3e80408
金华市,0000000Z00000031000000070000000X,2.33,2017/1/5,330700,bcc8b682-5129-4f86-b090-ef03aeba7272
金华市,0000000H0000003N000000070000000X,12.5,2017/11/25,330700,f623a5e4-834b-47d1-93f1-0f3bcf817638
舟山市,0000000P0000003E0000000700000010,4.8,2019/1/15,330900,1beb3cc4-9e37-4dfd-a821-a87558770ddb
杭州市,0000000P0000003E0000000700000010,4.8,2018/10/23,330100,d0898227-fcb0-4a9d-b027-3f84b94e307c
宁波市,0000001200000031000000070000000X,4.6,2017/3/25,330200,1d8a74bd-cacc-4510-b4b4-00f3cf677a76
金华市,0000000G0000003F0000000700000010,10.5,2018/10/23,330700,e8bc25f3-a3af-4694-9343-ab913f0394d7
浙江省,0000000K0000003U000000070000000X,34.59,2017/7/5,330000,37f734d6-b144-488d-a37e-ea9469ab849a
湖州市,0000001400000031000000070000000X,7,2018/3/15,330500,75855be9-c261-4a17-b06a-1492cc1e77e9
温州市,0000002P0000007W000000070000000X,2.33,2018/6/5,330300,19c30236-4cc1-4eb3-8ddd-5702b949efec
舟山市,0000000J0000003Q000000070000000X,39.67,2017/5/5,330900,fc8ce89a-cceb-4e56-8129-38953f92ae7a
湖州市,0000001E00000031000000070000000X,4,2017/5/5,330500,3458dc93-95e0-4b52-a0d5-7bdbbf7e3dd2
浙江省,0000000P0000002W000000070000000X,4.18,2017/6/25,330000,47f2844f-fa72-41da-8a0f-dd15f560fa13
杭州市,0000002200000038000000070000000X,3.33,2018/8/5,330100,2880629d-7ea7-4e33-b7ee-179339747043
湖州市,0000000H0000003N000000070000000X,14.17,2017/12/5,330500,2faba770-7969-457b-869a-23b1a2aa86f1
台州市,0000000P0000002W000000070000000X,4.93,2017/8/15,331000,b9711581-b8e2-4a0c-9cd0-d29fa5b8b19e
丽水市,0000000J0000003Q000000070000000X,38.67,2018/7/25,331100,c25ce5f5-4a83-4f02-b9b1-649c1d51c6d2
杭州市,0000000P0000003E0000000700000010,3.4,2017/2/28,330100,d9b45047-f276-4563-adc6-7ee53af2a387
台州市,0000002U0000007X000000070000000X,4.33,2017/2/15,331000,241118c5-b68f-445f-b4a8-2de172e4c811
金华市,0000001E00000031000000070000000X,3.33,2017/5/5,330700,c781350f-9ddd-4d5c-8108-58be08455240
丽水市,0000000C0000002Q000000030000000X,70.23,2018/8/5,331100,5b14ffaf-a527-4ed3-8030-6b46b40c25fe
金华市,0000000H0000002T000000070000000X,12.5,2018/6/5,330700,0921071a-31eb-4232-b613-c8219b5464fc
衢州市,0000001500000031000000070000000X,4,2017/10/5,330800,825b06fc-b0eb-495a-86e5-494226f80a2c
浙江省,0000000K0000003U000000070000000X,40.63,2019/2/5,330000,34f8464d-62b8-4479-a772-90c8a1db968f
温州市,0000000S0000002Z000000070000000X,9,2017/8/15,330300,4e0081d3-ee64-4523-8345-3f2abba54244
嘉兴市,0000001K00000031000000070000000X,3.5,2017/2/25,330400,be1955aa-a6ac-484b-b141-d4d1ce8b641a
湖州市,0000000J0000003S000000070000000X,34,2017/10/5,330500,e77d1382-fb34-413b-90b1-87d78d6e225e
衢州市,0000000H0000003N000000070000000X,11.67,2018/4/15,330800,dd4ab676-2ec4-49b9-b030-8515101d11cf
嘉兴市,0000001700000031000000070000000X,2.83,2017/7/5,330400,7a3add61-f251-409c-9baf-11920258965a
金华市,0000000H0000003P000000070000000X,21,2018/11/15,330700,b9d791df-1253-4743-ace6-91dadb57ce29
宁波市,0000001500000031000000070000000X,3.93,2017/5/5,330200,564c089a-589b-423a-8098-e96bb45c38c9
金华市,0000001A00000031000000070000000X,5.5,2017/4/25,330700,2b31c675-d4ab-4857-9920-18f0cb95ac2e
衢州市,0000001400000031000000070000000X,5,2017/4/25,330800,f820914c-7fc7-4443-b395-81c8b9cf6144
浙江省,0000002200000038000000070000000X,3.58,2018/10/5,330000,6a3b377e-c255-4159-862a-e64bb0ca51a8
金华市,0000001A00000031000000070000000X,5.33,2017/4/5,330700,13efb60f-2a17-4b14-ab7c-b480232c0ae5
舟山市,0000000J0000003S000000070000000X,33.67,2017/4/5,330900,b35c4cb7-9dc2-4bd1-adc0-3c6b8287940a
绍兴市,0000001E00000031000000070000000X,5,2018/7/25,330600,61783fb8-3f80-4edd-9ebb-5e87df8b58bc
金华市,0000000P0000002W000000070000000X,5.6,2018/10/25,330700,664f8f58-04e9-4a7f-8f2a-4b5cd1f9700e
浙江省,0000002U0000007X000000070000000X,4.25,2017/3/5,330000,e070ab5c-fc6c-4546-807c-6e20c11baf89
舟山市,0000002200000038000000070000000X,4.67,2019/3/5,330900,df52fdf0-6373-4192-b808-5883cbc3d771
丽水市,0000001400000031000000070000000X,6.17,2017/1/25,331100,aa9480f1-f018-4079-a57b-13a4c15326c6
杭州市,0000000D0000002R000000030000000X,46,2017/11/25,330100,15167dad-a1c4-44e5-8a2a-bb9223d99d30
衢州市,0000001Z00000036000000070000000X,5,2017/5/15,330800,220608e0-6ee9-40e3-938e-179965511ce0
宁波市,0000001700000031000000070000000X,3.3,2017/3/5,330200,d1f82817-90cd-45de-9a16-fd6b77d02e59
丽水市,0000001E00000031000000070000000X,3,2018/11/5,331100,92e233f0-c066-4f0b-8b77-813dd0d6a1a3
衢州市,0000001700000031000000070000000X,2.67,2017/12/15,330800,1e30fc58-c894-4b43-8d27-34fca2d6f337
嘉兴市,0000000G0000003F0000000700000010,9.45,2017/6/27,330400,7a8eff5a-7ac6-4498-be9a-b81321e09a49
丽水市,0000000D0000002R000000030000000X,54.6,2017/9/15,331100,03c06b44-ac36-435e-8bc0-1c302b3a9e73
杭州市,0000001A00000031000000070000000X,5.17,2017/3/25,330100,44fa42af-d3ca-474b-8634-2537a39f16ee
宁波市,0000000C0000002Q000000030000000X,73,2019/2/5,330200,f1763ee0-8545-4d16-ade2-c684e9071d9c
杭州市,0000000X0000007T000000070000000X,39.33,2018/6/25,330100,4c31fb3e-e4ff-4e72-8d97-760499f21a8e
杭州市,0000000K0000003U000000070000000X,36,2018/12/5,330100,23c44dce-e10c-4d42-9d83-7d260e3db395
宁波市,0000000J0000003Q000000070000000X,38.33,2017/4/25,330200,305b4d87-1b11-467b-b710-72055f0a7d0d
嘉兴市,0000001Z00000036000000070000000X,5.33,2017/5/25,330400,78e7ddf4-a55c-4d45-934d-54a0080a85b9
金华市,0000001A00000031000000070000000X,7,2018/9/15,330700,9f9705e0-ee7c-41ee-a44f-97976e62e526
杭州市,0000000Z00000031000000070000000X,7.33,2018/9/15,330100,6cbf3c8f-e486-4cbd-8e71-23a043f49c58
宁波市,0000000P0000002W000000070000000X,6.53,2018/9/15,330200,0b22a8b7-fe92-4fce-9e7d-831d80d40afc
舟山市,0000001Z00000036000000070000000X,7.83,2018/11/25,330900,6df69abf-4f68-4001-af50-8ae77d521e39
舟山市,0000000Z00000031000000070000000X,2.83,2017/3/25,330900,8ee2fef7-e67f-438d-97b4-b58d72bb8cf9
温州市,0000001400000031000000070000000X,6.33,2017/1/5,330300,7aa4a9fc-65a8-45f0-8efd-d0e1675003d5
宁波市,0000001A00000031000000070000000X,4.73,2017/11/15,330200,7695e29d-7c3c-4921-bdbc-a96b72e14ce3
宁波市,0000000X0000007T000000070000000X,39.67,2017/7/5,330200,ce12e5f6-ffc2-4357-96c8-7f69526db5d3
浙江省,0000001E00000031000000070000000X,4.7,2019/2/5,330000,18d135e9-f27b-460b-91f6-5a9d669aa210
衢州市,0000000K0000003U000000070000000X,33,2018/5/25,330800,d450c142-4fac-4f12-a236-43a76117175b
湖州市,0000003100000081000000130000000X,77,2017/6/25,330500,bd93bb14-218e-4be9-b480-cb9bdbef4b7c
丽水市,0000003100000081000000130000000X,84,2018/11/15,331100,6b0f33b2-b799-4a42-b466-0d62f4a2a89c
嘉兴市,0000001500000031000000070000000X,3.5,2018/6/15,330400,c4d7fdc5-bd78-4793-91e0-2d1d9d0d7bd7
湖州市,0000000Z00000031000000070000000X,7.17,2018/9/25,330500,9be7e20f-df96-4dba-a160-dd6a844bba6e
绍兴市,0000001400000031000000070000000X,9.67,2018/2/15,330600,e4968246-3547-40db-9b6f-32d819de01d1
丽水市,0000000H0000003P000000070000000X,19.67,2017/11/25,331100,b410100b-bb5c-4dfb-aba0-aba25310f2f0
舟山市,0000000H0000003P000000070000000X,25,2017/11/5,330900,39d0f256-c9ba-414a-bac9-ea72dbe4966f
浙江省,0000000M0000003V000000070000000X,12.5,2017/9/15,330000,98c39773-3d66-40e7-adac-d81f6d2e3cd9
金华市,0000002P0000007W000000070000000X,3.7,2019/2/15,330700,f6b0ce32-7ada-476f-a5f4-d0200a86f105
杭州市,0000000S0000002Z000000070000000X,9.33,2016/12/15,330100,1c2b29b1-07db-44ab-84e7-5b46f5d0fe4a
温州市,0000001A00000031000000070000000X,6,2018/9/15,330300,cf38a8b1-f478-4a3d-b8cc-498a25d1fcab
嘉兴市,0000000J0000003S000000070000000X,32.33,2018/3/5,330400,a23d98a6-68a1-4774-a7aa-5f66af46b09e
绍兴市,0000001E00000031000000070000000X,5.67,2018/8/25,330600,8894412f-c8d9-45e7-a897-a399026392c1
绍兴市,0000000J0000003S000000070000000X,35.33,2018/8/15,330600,bb014c44-a0ef-4dec-8ddb-863ceb72a2ab
金华市,0000000Z00000031000000070000000X,5.67,2018/10/5,330700,a6c547a1-ec8c-484a-8baa-958ef584aa86
湖州市,0000000K0000003U000000070000000X,0,2018/4/5,330500,967b9251-c82f-46a4-9b75-8ff7efad5f99
绍兴市,0000001400000031000000070000000X,4.83,2018/12/5,330600,3a2201cc-95a1-48aa-9691-83f3cc560e14
杭州市,0000001400000031000000070000000X,5.27,2017/6/15,330100,4bdd0e5a-fa0f-49e0-acff-f64008765151
台州市,0000000P0000002W000000070000000X,4.93,2019/2/15,331000,7673fe42-5c83-4adb-9219-cc7f715d9d28
浙江省,0000000H0000002T000000070000000X,14.38,2018/4/25,330000,02022668-70f3-4c7e-90fe-47435f9e408d
湖州市,0000001E00000031000000070000000X,4.17,2018/11/5,330500,d7fe237a-cde6-4b2d-8af4-a56433e0a4fe
嘉兴市,0000000H0000003N000000070000000X,14.33,2018/12/5,330400,6b67a8f5-f2f3-4c46-83f7-f1691392d7fe
浙江省,0000002P0000007W000000070000000X,3.06,2018/1/25,330000,b676c134-539f-4030-9185-841142610092
嘉兴市,0000001500000031000000070000000X,4.67,2017/9/5,330400,cf1aaeb5-f48f-4e1b-ba55-1b7cadc3277c
丽水市,0000001400000031000000070000000X,4.5,2018/9/25,331100,a31cc3df-2cc6-4b10-825c-0f22320df4f3
嘉兴市,0000000G0000003F0000000700000010,9.85,2017/11/28,330400,2f9a307d-c8f0-4bd9-b68a-942ffe72ea24
浙江省,0000000Z00000031000000070000000X,4.93,2018/6/25,330000,4a9f2d73-e035-4752-92d8-811d1784161d
绍兴市,0000000K0000003U000000070000000X,36.67,2018/5/15,330600,f9fef2a6-ba69-4848-8c43-a314e766d465
丽水市,0000000H0000003P000000070000000X,16.33,2018/4/25,331100,9d06e739-8dc7-4004-b266-72cfd9fb9e6a
绍兴市,0000000D0000002R000000030000000X,49.33,2018/5/25,330600,8aa3e5b2-a5ab-460c-982f-e4371ad8929d
杭州市,0000002U0000007X000000070000000X,4.27,2017/4/15,330100,29e986ee-7f7e-48aa-a116-155d793562ef
衢州市,0000002U0000007X000000070000000X,5,2019/2/5,330800,d4e8c62b-93e2-4667-a7a2-4a497eb44c4c
台州市,0000000J0000003S000000070000000X,33.33,2017/9/5,331000,4c7ccbfc-d431-4e93-bb15-f2418b1a7933
衢州市,0000000S0000002Z000000070000000X,8.83,2018/8/5,330800,46d67e9b-de5e-4dc3-8b6a-c4ca62b20427
舟山市,0000000Z00000031000000070000000X,4.17,2018/1/25,330900,2903392c-0a39-4bfb-ae95-377e514729c1
宁波市,0000000C0000002Q000000030000000X,74.33,2018/5/5,330200,5f41aeca-29dd-438b-928a-55637e432329
绍兴市,0000000J0000003Q000000070000000X,41.33,2018/2/15,330600,95613ca6-b2b0-46f7-9eea-81c747102ca4
杭州市,0000000J0000003Q000000070000000X,42,2018/4/15,330100,b3608fe8-07ca-4aed-89eb-e4e41e49aeb0
浙江省,0000000D0000002R000000030000000X,44.03,2017/6/25,330000,0bb43413-8ac9-4c2d-8a69-d0a4600b058b
台州市,0000000D0000002R000000030000000X,39,2018/1/25,331000,88a98d34-15ee-46f5-804a-ad80aa96f603
浙江省,0000001K00000031000000070000000X,3.41,2018/1/5,330000,35995418-a593-4af0-ae9a-1de872e04ddc
浙江省,0000001500000031000000070000000X,4.48,2017/10/5,330000,78bea321-cea0-4eca-9696-c639d40cc375
绍兴市,0000001700000031000000070000000X,2.5,2019/1/25,330600,5cb21152-e9c7-417c-9345-4ac812db5102
金华市,0000000C0000002Q000000030000000X,68.87,2018/7/5,330700,fafc35c0-cef0-48a6-8a02-2abf3ae6d4c9
温州市,0000001K00000031000000070000000X,3.17,2017/4/15,330300,762b3a26-924c-44ea-a8ca-7567e8dde36f
浙江省,0000000K0000003U000000070000000X,34.72,2017/5/25,330000,5c0f7146-d4e2-4264-9be9-1a47f7854bfc
宁波市,0000000H0000003N000000070000000X,15.17,2017/1/25,330200,806152a5-fca9-4d59-930d-edd1ce4ee7ce
温州市,0000000G0000003F0000000700000010,9.88,2018/1/16,330300,9b59f6eb-51a4-4d0a-a280-68822e29cdf8
舟山市,0000001Z00000036000000070000000X,7.67,2018/3/15,330900,a864ba11-c5c0-4c1b-a6ea-d0c02c7d7b76
浙江省,0000001Z00000036000000070000000X,5.95,2018/3/15,330000,4e4b5b4b-cb0f-482b-af3b-3be9c308bf7d
湖州市,0000001500000031000000070000000X,5.83,2017/1/25,330500,ec834a15-9a7b-4445-a643-c5584eb4e64f
浙江省,0000000G0000003F0000000700000010,10.22,2017/4/25,330000,c365fbbe-f3eb-457c-bf91-ee17ce25ed1d
浙江省,0000000S0000002Z000000070000000X,9.39,2018/3/5,330000,c80af2d1-263d-474d-b8f5-034683aef1a4
丽水市,0000002200000038000000070000000X,3.33,2017/6/15,331100,2d76ed44-46cd-44cc-90ec-8f58b9c902d1
绍兴市,0000000S0000002Z000000070000000X,8.17,2018/1/25,330600,fc4fa422-8f48-44fe-99b3-3d14933a095b
绍兴市,0000002200000038000000070000000X,2.4,2017/1/15,330600,a9d2e78f-4ee5-4bae-a2d0-d8f6cf86d633
衢州市,0000000M0000003V000000070000000X,10.67,2018/5/15,330800,27940bff-db1f-4ca9-9d9a-7a75ee96708c
嘉兴市,0000001400000031000000070000000X,4.33,2017/11/15,330400,79e0485d-c05a-4fe0-af32-a9be2cc7f556
杭州市,0000001200000031000000070000000X,4.03,2017/4/25,330100,75e472aa-f490-45b0-a815-9210f916b71c
宁波市,0000001700000031000000070000000X,3.27,2018/5/25,330200,f030ef4c-70f3-47c3-9679-65bf6fc5cd5d
湖州市,0000001400000031000000070000000X,5.67,2017/4/25,330500,4fe7833e-343e-46e7-b882-9ee588197f5f
浙江省,0000001200000031000000070000000X,3.79,2017/11/25,330000,6a6515f8-989b-4fbe-b381-8b2b38ee077e
温州市,0000001K00000031000000070000000X,3,2017/5/5,330300,c940f932-1637-4b31-ab27-90f8273d96ba
湖州市,0000001500000031000000070000000X,3.67,2017/6/15,330500,9e8640b2-428a-4fd6-b86e-9771b477c797
湖州市,0000000G0000003F0000000700000010,9.3,2017/7/11,330500,5ce4cd2a-8ce0-4415-8c4e-7463c46726b5
杭州市,0000000G0000003F0000000700000010,9.18,2017/6/27,330100,8cf00ed0-a113-4289-9ce4-798ed96de86e
衢州市,0000000G0000003F0000000700000010,11.48,2018/11/20,330800,b26e233a-75ec-4ee0-8fd2-867c706e2131
绍兴市,0000000J0000003Q000000070000000X,45,2018/9/25,330600,7cc60dd4-3529-4198-aba0-fc98130f985e
湖州市,0000002P0000007W000000070000000X,3.89,2017/9/15,330500,fb884463-8f15-41ba-aaec-727eb72a5bb2
温州市,0000001A00000031000000070000000X,4.67,2017/4/5,330300,5bf40b50-28aa-41b7-8973-9f65923a948d
杭州市,0000000K0000003U000000070000000X,36,2019/3/15,330100,689a3821-7f32-4044-bf01-a6b5f574cfa1
湖州市,0000000J0000003S000000070000000X,34,2017/4/5,330500,9a6c44cd-849b-44f1-8be4-1a9c736b2b17
浙江省,0000001A00000031000000070000000X,5.02,2017/4/25,330000,490d2150-45c8-4aaf-817c-3636cb84bb79
衢州市,0000000H0000002T000000070000000X,17.33,2017/6/25,330800,af84b8b6-75a0-4bdf-859c-44b1d5cf2a26
金华市,0000000P0000002W000000070000000X,5.5,2018/3/15,330700,002f4f3e-6c15-41db-9d99-00d358d1353a
舟山市,0000000D0000002R000000030000000X,44.97,2018/7/15,330900,97b2e5e0-0b4c-44cb-bde6-880188368848
湖州市,0000000C0000002Q000000030000000X,57,2017/2/15,330500,99c30458-008e-42af-8012-11bd967a07c4
衢州市,0000001Z00000036000000070000000X,4.67,2017/3/5,330800,afa55558-a5dc-4ae5-b615-70d9a6a00e49
嘉兴市,0000002P0000007W000000070000000X,3.2,2018/10/15,330400,edda8428-fdb0-43ef-98ac-3eb852124b13
台州市,0000000P0000003E0000000700000010,4.6,2019/1/1,331000,1ffe3bb3-57f2-4512-9f90-cd0d763b5a94
台州市,0000000M0000003V000000070000000X,10.67,2018/4/15,331000,871b90a4-597e-461b-811b-6585d0ed68d4
台州市,0000000P0000003E0000000700000010,2.75,2017/2/28,331000,ed178385-215f-4e72-bb01-4f808451a3cf
台州市,0000001Z00000036000000070000000X,6.33,2018/11/25,331000,b8c5f2cd-d978-45cb-b75a-08c271850e82
绍兴市,0000000D0000002R000000030000000X,50.33,2017/6/5,330600,2c11cf42-a12b-4da6-b0c8-37b769cc4f31
绍兴市,0000000H0000003P000000070000000X,25.67,2016/12/25,330600,600d0a70-797d-4966-93ac-7b47342ea464
舟山市,0000000H0000002T000000070000000X,15.33,2017/7/5,330900,afa9f144-1414-4491-8c44-1f8a07461b98
湖州市,0000001K00000031000000070000000X,4,2019/2/15,330500,9e28d82f-257e-4679-bd76-1b61bdf8d1f3
湖州市,0000000Z00000031000000070000000X,5.5,2018/2/25,330500,f0fcf558-dde9-4228-ad24-a2e4090df4aa
丽水市,0000001A00000031000000070000000X,6,2019/1/25,331100,8d3e562b-6241-43ce-8ec9-e86c3cbb44e6
衢州市,0000000M0000003V000000070000000X,11.67,2017/9/5,330800,2061b492-e0a5-43f4-a51c-4274fd22f9bd
湖州市,0000000S0000002Z000000070000000X,8.5,2018/1/25,330500,8b145719-5419-452b-9e3a-18d914e60c5e
嘉兴市,0000000D0000002R000000030000000X,35.67,2018/7/15,330400,e342f318-4852-42c2-b9ce-2171fd6e8351
丽水市,0000001E00000031000000070000000X,2.17,2017/1/15,331100,2c9c2148-42da-4a06-98b2-7ff362bc6d54
丽水市,0000001K00000031000000070000000X,3.83,2017/8/15,331100,64d26180-568d-41f6-b85b-fd7820ab7a75
衢州市,0000000J0000003Q000000070000000X,38.67,2017/4/25,330800,4bac4243-5c6c-40e2-bdb7-292090b3b3e0
温州市,0000000J0000003Q000000070000000X,45.67,2017/8/5,330300,5ea43151-36f1-44b4-8485-c0bfd7141815
台州市,0000000D0000002R000000030000000X,38.33,2017/8/25,331000,81f3072c-b38d-460c-94c5-2a0e0708c494
温州市,0000000J0000003S000000070000000X,41,2018/6/15,330300,b8c3df24-e55c-4d31-b715-f6a177d34bf5
嘉兴市,0000000J0000003S000000070000000X,32.33,2018/10/15,330400,0d94abf1-1663-4031-8739-838ecb79e69b
衢州市,0000000S0000002Z000000070000000X,9.5,2019/2/15,330800,058515c1-6c03-44a6-87df-41fe6cd8cfb3
湖州市,0000000P0000002W000000070000000X,4.83,2017/8/5,330500,162c2091-0539-4e9a-8906-9a534fd7e70c
宁波市,0000001700000031000000070000000X,3.67,2019/2/25,330200,68f971fa-653c-471e-a2be-bbe0d94a51be
嘉兴市,0000001700000031000000070000000X,2.83,2017/11/25,330400,4a15d090-9b60-46b3-8e68-98c71b15b353
丽水市,0000001E00000031000000070000000X,4,2017/8/25,331100,3698d8f6-ddbd-4d72-9f95-ccbc085e1b74
宁波市,0000000J0000003S000000070000000X,32.53,2018/6/15,330200,e0e03ac5-d3f6-4e94-9b2b-167e7ddbb82e
宁波市,0000000H0000003P000000070000000X,27.83,2018/11/25,330200,a134197a-ebcc-4509-9ce3-c7826ba892c7
嘉兴市,0000002U0000007X000000070000000X,3.77,2019/1/25,330400,bcba5856-e6fa-49ef-ab68-0046283ac42d
绍兴市,0000000J0000003S000000070000000X,36.33,2018/11/25,330600,bc658c9b-39d9-4248-9eb5-da2002816229
绍兴市,0000001K00000031000000070000000X,3.33,2017/1/25,330600,2b619ccd-3a82-4ab0-b2ed-c90b7d519f76
丽水市,0000000M0000003V000000070000000X,11,2018/7/25,331100,a179ab97-f2f9-4fda-b958-558058027c51
浙江省,0000001200000031000000070000000X,3.16,2017/7/15,330000,e8df7e68-3e31-4623-a747-df35d19c371d
宁波市,0000002U0000007X000000070000000X,4.63,2017/1/25,330200,0080c5cd-e4b3-48e0-a3d2-07e9a519b11e
浙江省,0000000H0000003P000000070000000X,22.14,2017/6/25,330000,aefb61d6-2b75-4e9e-a0fc-c8c07faced99
杭州市,0000000K0000003U000000070000000X,33,2017/1/5,330100,a39a0919-3eb6-49b1-b0f4-afb3140108c0
台州市,0000001200000031000000070000000X,3,2017/11/15,331000,d031610e-11de-4984-8a5f-bb01f2867f4c
舟山市,0000000H0000003P000000070000000X,24.33,2017/7/15,330900,99a102ae-4d78-4f95-aa08-df9d334aef9f
丽水市,0000000J0000003S000000070000000X,39.33,2018/10/5,331100,8e6194ef-b987-4f80-bec4-760771113095
丽水市,0000001A00000031000000070000000X,4.5,2017/12/15,331100,2ceb13c7-504d-4e19-a5c4-580689e4e0df
绍兴市,0000001400000031000000070000000X,6.83,2017/2/15,330600,b88240eb-3201-46b0-85c6-9ff06fe3674e
绍兴市,0000000J0000003Q000000070000000X,41.67,2017/4/15,330600,7879351d-da8c-4dd4-ae5c-eabe8770ff57
舟山市,0000001Z00000036000000070000000X,7.17,2017/4/5,330900,d6aaad9d-72db-4958-b2e9-cac3daed2c3e
温州市,0000002200000038000000070000000X,3.07,2017/11/5,330300,89b0017d-46ca-4187-b821-db2e8a0b94ee
绍兴市,0000003100000081000000130000000X,66,2017/2/15,330600,0d2ca972-90a3-4ad9-b329-c2786ed6b826
宁波市,0000001K00000031000000070000000X,3.47,2017/7/15,330200,32e68c5b-38ac-491c-a618-cde7dcba9236
杭州市,0000000G0000003F0000000700000010,11.24,2017/1/24,330100,bacf493a-bfaa-4138-8f35-6c9906b2badf
衢州市,0000000Z00000031000000070000000X,3.17,2017/2/5,330800,b09b577e-7ee3-467b-b8ea-27261c79736c
舟山市,0000002U0000007X000000070000000X,5,2016/12/15,330900,b0a3cef7-f900-4914-b850-1a81934fdc5f
衢州市,0000000Z00000031000000070000000X,3.5,2018/12/5,330800,7c58d825-a17e-4254-8657-351807dd7408
宁波市,0000003100000081000000130000000X,138.33,2018/10/5,330200,2c7decb0-90b4-4558-ac2a-42299427e8ab
衢州市,0000000H0000003P000000070000000X,20,2018/7/5,330800,b7ae6e39-5f62-4082-a9c1-49c3bbd6c8a1
浙江省,0000000H0000002T000000070000000X,15.55,2017/8/5,330000,6bdd252e-1a3d-465d-a6df-72a8ec6fc364
湖州市,0000000H0000002T000000070000000X,17,2017/1/5,330500,f9559a37-f854-49a7-bec2-4b3f58d9693e
温州市,0000000C0000002Q000000030000000X,60,2017/11/25,330300,57510442-c210-4469-a0d1-fe97a2164b59
台州市,0000000H0000003P000000070000000X,25,2018/11/25,331000,51856d84-20e0-49d2-9591-ed772d452a80
衢州市,0000000J0000003S000000070000000X,36.33,2017/10/15,330800,69130263-bf81-4e15-b107-2d5179743ecb
绍兴市,0000000J0000003S000000070000000X,34.33,2018/4/25,330600,e84f6e84-dbec-451e-ac02-761f671e6c6f
舟山市,0000002P0000007W000000070000000X,3.1,2016/12/25,330900,e1407531-7129-44a9-b954-32eb3d3084b8
绍兴市,0000001A00000031000000070000000X,6.17,2018/3/5,330600,2370a99e-ce6b-4a9a-9da1-a52ce0fffbc9
丽水市,0000001K00000031000000070000000X,3.5,2018/12/15,331100,f80354aa-f540-4279-988c-c0c88126e9c6
宁波市,0000000K0000003U000000070000000X,32.83,2017/8/25,330200,ad072d83-dfa5-46f1-97d6-2bdaf48f90f2
杭州市,0000000P0000002W000000070000000X,5.27,2018/4/25,330100,e7fb76fa-87ee-4a48-a4e5-f4e05f987f8a
湖州市,0000000Z00000031000000070000000X,7.67,2018/9/15,330500,c3d5d58d-6d4a-41a4-b14b-3e4da7dcb707
浙江省,0000001Z00000036000000070000000X,5.68,2017/12/5,330000,7eaee3e1-3a2e-4141-a72e-0e25326be7c3
舟山市,0000002P0000007W000000070000000X,3.1,2016/12/15,330900,92ef0c2b-41a0-4b28-aab9-18e5b4f1a6d7
丽水市,0000000P0000003E0000000700000010,4.5,2019/1/8,331100,9221002f-3e97-4bdc-95e1-614125725ea4
温州市,0000003100000081000000130000000X,63,2018/4/5,330300,61a63694-e2b6-4757-907c-0a900cbe54e1
金华市,0000002P0000007W000000070000000X,2.9,2017/1/5,330700,08427a43-369c-41b7-98e1-1a1e40b75575
台州市,0000001700000031000000070000000X,2.17,2018/10/25,331000,7e64dc04-d6bd-42f6-b8fb-1f660ea94bd2
台州市,0000000S0000002Z000000070000000X,9.33,2019/2/15,331000,93f807bd-e858-4db6-921d-9eac237b14ad
丽水市,0000001A00000031000000070000000X,4.33,2017/9/5,331100,b9a92b49-f918-4834-a84a-26c1d4e0bc39
金华市,0000001E00000031000000070000000X,3.33,2017/11/15,330700,6147c375-3ead-47da-8af2-830db1832ffd
湖州市,0000000P0000003E0000000700000010,5,2018/12/4,330500,2022bc3b-44be-4a17-a187-f55f0c3016c6
杭州市,0000000S0000002Z000000070000000X,8.27,2019/1/15,330100,3418b229-f57d-49c3-9191-05987b65df5b
绍兴市,0000000P0000003E0000000700000010,3.7,2017/1/3,330600,9d1821cd-2904-4e51-95b5-105fbd6dd635
宁波市,0000000Z00000031000000070000000X,5.4,2017/6/25,330200,ecc99450-0c7d-44fe-87c1-183512ea61cf
湖州市,0000000Z00000031000000070000000X,5.33,2017/5/25,330500,8d4b18ce-045d-4f32-bb09-37ceea0eff05
舟山市,0000000P0000002W000000070000000X,6.17,2018/9/25,330900,09aea5fc-9f8f-434c-aba3-fe218fe8acc1
杭州市,0000001E00000031000000070000000X,5.27,2018/7/25,330100,af6cc4be-6a85-46c4-bd71-bf6f0293b50f
台州市,0000002200000038000000070000000X,2.67,2017/3/25,331000,442d1acb-2727-4f71-a6e6-c08c766391b2
绍兴市,0000000G0000003F0000000700000010,10.4,2019/2/12,330600,c906ee91-713f-4835-b9b0-4ecd6357a1be
衢州市,0000001Z00000036000000070000000X,4.83,2018/3/15,330800,dd7c3fe3-e696-4b20-aa46-3aa6c3a5add3
宁波市,0000001700000031000000070000000X,3.23,2018/6/25,330200,725dd314-9ba8-41e6-b3cb-63905f887ae6
嘉兴市,0000001200000031000000070000000X,4,2017/8/5,330400,ca9ef787-eab3-497e-a066-0f7ea084ff87
绍兴市,0000000J0000003Q000000070000000X,42,2018/5/25,330600,18f13877-653c-4547-9210-56f404b20ff4
嘉兴市,0000000S0000002Z000000070000000X,9,2017/12/25,330400,2436252f-8f10-4041-a426-f8040f6b79ff
宁波市,0000000H0000003P000000070000000X,25.5,2017/7/15,330200,0be53fed-ade7-4603-a5f1-173c7d386aaf
杭州市,0000000J0000003Q000000070000000X,40.5,2017/7/5,330100,e0b79ee0-cc50-4598-be5b-1be4cb2bd39f
台州市,0000000X0000007T000000070000000X,24,2018/11/25,331000,b62553fd-c391-46a6-96bc-10c365f4d8a6
绍兴市,0000000H0000002T000000070000000X,14.67,2018/1/5,330600,853feadc-2611-4ae0-986f-e4e84f02ef38
丽水市,0000001500000031000000070000000X,5.67,2019/2/5,331100,e3c009ad-eebf-4c57-a241-8d0774c2d0ef
宁波市,0000000J0000003S000000070000000X,30.5,2017/5/25,330200,41accca6-f826-4feb-a817-d6c982b4269e
绍兴市,0000001K00000031000000070000000X,2.67,2018/12/15,330600,cd52a705-5082-4aff-b010-2fffe2dc7af8
杭州市,0000000J0000003Q000000070000000X,42,2018/1/25,330100,1d2422ee-be48-4039-aa07-52c3cfc311cc
浙江省,0000000G0000003F0000000700000010,11,2018/11/20,330000,6e2d590c-d125-4141-b8a8-a182a3c28567
金华市,0000001200000031000000070000000X,3,2017/3/25,330700,3a642b11-7e0a-49d7-ab8f-f9e3de60c47c
杭州市,0000000J0000003Q000000070000000X,41.33,2018/8/25,330100,16516f77-5f2d-45dd-9cfb-a23df9a731b9
浙江省,0000000Z00000031000000070000000X,2.85,2017/3/15,330000,3c269e3f-b51b-4b00-b9ba-ecf2fb742083
绍兴市,0000001Z00000036000000070000000X,3.83,2018/6/5,330600,c77ce562-f999-4564-a153-5824b2064dde
温州市,0000001E00000031000000070000000X,5.33,2018/5/5,330300,88a72da3-d775-4792-b78c-50b4dd8443c8
温州市,0000001A00000031000000070000000X,4.67,2018/8/25,330300,70a55b7a-c48a-4e2e-8778-38c4e00b319b
金华市,0000001K00000031000000070000000X,3,2019/3/15,330700,26eccd82-120f-41d4-884f-9a912874190f
台州市,0000000H0000002T000000070000000X,14.33,2017/4/15,331000,bbfd3b6a-43b1-450d-8a3a-21e8992faae0
衢州市,0000000G0000003F0000000700000010,7.4,2018/7/10,330800,0f913f47-26f4-453a-a813-1be0b9b25aff
温州市,0000000M0000003V000000070000000X,15.33,2018/12/5,330300,879f2a4f-ada8-4571-8741-5646e20948b5
衢州市,0000000J0000003Q000000070000000X,38.33,2017/6/5,330800,69628686-52f3-49c8-bee4-16196f0cf5b8
衢州市,0000000Z00000031000000070000000X,4.33,2017/7/15,330800,356117ae-3fef-4b60-bd3d-7426237ca5e6
金华市,0000000J0000003Q000000070000000X,41,2018/10/15,330700,c02bca39-5b2d-41cd-a3ba-1f605d5522ef
湖州市,0000000Z00000031000000070000000X,6.67,2017/8/5,330500,39ab6408-2b7a-4abc-834b-b5e463a8e07e
嘉兴市,0000000M0000003V000000070000000X,11.5,2017/6/15,330400,219a2164-d4c5-47e6-bbb1-debcc2357587
湖州市,0000001A00000031000000070000000X,6,2019/1/15,330500,b6ad1b2c-2f37-4c50-8d93-69cf0d9a3f36
嘉兴市,0000001E00000031000000070000000X,3.67,2017/4/25,330400,112c4d98-7086-405d-a806-c4c472556b3d
衢州市,0000001A00000031000000070000000X,6.17,2018/12/15,330800,b57425a8-05a9-4164-a45c-9dc179df90e6
舟山市,0000000H0000003N000000070000000X,15.33,2018/11/15,330900,0bf829ea-4b16-4d75-809c-a1019d1a3bc7
浙江省,0000000J0000003S000000070000000X,34.64,2017/5/25,330000,e3462fdc-e120-47ba-a1d9-68b556d94fce
温州市,0000000C0000002Q000000030000000X,60,2018/12/25,330300,88cc9015-10e5-4a04-8d4c-80f44513cd3c
衢州市,0000001K00000031000000070000000X,4.5,2017/8/25,330800,03d4a547-4a1d-48aa-ab56-e9f499fdecec
丽水市,0000001Z00000036000000070000000X,5.33,2017/11/15,331100,efcebc98-1515-45cc-8b05-c2531417bfe8
衢州市,0000000X0000007T000000070000000X,24,2018/11/25,330800,45bb88a6-2571-4ab7-80c5-61fac1f9ee75
丽水市,0000000G0000003F0000000700000010,10.2,2017/12/26,331100,30820772-1f25-4227-92bd-5cdbf1229b4a
杭州市,0000000J0000003S000000070000000X,36,2018/4/15,330100,77f544ec-c0e5-432f-90b8-991fe2de0e4e
湖州市,0000000J0000003Q000000070000000X,39.67,2018/11/25,330500,0f0ab6b1-a760-4701-a3d0-45383e7cbf18
绍兴市,0000001500000031000000070000000X,5,2018/12/25,330600,fac3918f-d382-4108-a7d2-553e1438913d
丽水市,0000000D0000002R000000030000000X,54.6,2018/7/25,331100,1ba42221-52fe-429d-87f6-0ed51eb3bcbc
湖州市,0000001200000031000000070000000X,5.5,2018/9/5,330500,7b6fa95d-88c8-434e-a796-11661a235e46
湖州市,0000001A00000031000000070000000X,7.17,2017/5/15,330500,3bc5a2ca-1ca7-471c-9e41-733a9aa5c49a
湖州市,0000000X0000007T000000070000000X,35,2018/5/15,330500,6b7c5059-f503-474d-8e67-9b7c839e6e5b
杭州市,0000000C0000002Q000000030000000X,64.33,2017/3/5,330100,d7199b79-2bfa-4f6c-b5c9-d94dcd57a897
丽水市,0000000X0000007T000000070000000X,42.67,2017/1/5,331100,7a994351-8d74-41bd-b980-d638f9cd2999
温州市,0000002200000038000000070000000X,3.5,2018/5/15,330300,537b3a9d-9e19-4cc5-9071-c4ddab7444ae
丽水市,0000000H0000003N000000070000000X,15.33,2016/12/15,331100,de897c56-f08c-48b1-b0f1-b88bbeb15a03
嘉兴市,0000000P0000003E0000000700000010,4.67,2019/2/19,330400,900c5a7b-15b0-45b8-99b1-f40b082ae49a
绍兴市,0000001500000031000000070000000X,3.17,2018/7/25,330600,205f91a6-02a1-44e3-80e8-2790b6b7de5d
舟山市,0000000P0000003E0000000700000010,3.5,2017/6/27,330900,075c7f27-bc12-4a7a-ac05-afa2b199d5f4
宁波市,0000000H0000002T000000070000000X,15.9,2017/5/15,330200,6304d05c-c28f-4245-9801-94e99a7011ed
台州市,0000001Z00000036000000070000000X,6.33,2018/8/5,331000,709c7901-9cd7-4b06-a483-46a02f00da5e
宁波市,0000001200000031000000070000000X,3.4,2017/8/5,330200,24d3c894-334f-426d-bbc3-dd29d9b320e8
金华市,0000000P0000003E0000000700000010,2.7,2017/3/21,330700,8d68b3ad-3c9a-48c1-9393-3b072ef8239f
金华市,0000002200000038000000070000000X,3.5,2017/6/15,330700,039f22e7-6a78-4cb1-b35c-b90fe2bf89da
杭州市,0000001K00000031000000070000000X,3.77,2018/7/5,330100,323168ce-f6cf-4d8d-a5b1-85bb9bf18829
湖州市,0000000H0000002T000000070000000X,15.67,2019/2/15,330500,11905e42-858b-47d3-91e3-743b56858445
衢州市,0000000J0000003S000000070000000X,37.33,2018/10/5,330800,7328a9f9-2f9e-4e5f-85af-0d7c714e5430
台州市,0000001A00000031000000070000000X,4.67,2017/3/25,331000,0386c0b6-26b3-4333-a213-99e3c87e0e19
台州市,0000001700000031000000070000000X,2.17,2019/1/15,331000,c0c0d039-1f37-43ab-84eb-c0b6c1919558
丽水市,0000000M0000003V000000070000000X,11.33,2019/1/15,331100,652d3c83-c5b8-4750-aebc-f12efd5468b8
金华市,0000001E00000031000000070000000X,3.17,2018/1/5,330700,5558594a-769f-4c4a-859d-0ee7eae3658a
丽水市,0000000H0000003P000000070000000X,19.67,2017/4/5,331100,7bc5d313-58c1-4a34-87db-de55d28da695
金华市,0000000H0000003P000000070000000X,20,2017/6/15,330700,c3508c41-a709-4f3a-9257-24b3cdc6a07d
湖州市,0000000M0000003V000000070000000X,17,2018/1/5,330500,dba65b99-99e8-4e2b-b670-2fd8ccadb7fc
金华市,0000000H0000003N000000070000000X,15.33,2017/1/25,330700,0f79b68b-cd19-4aa2-b8b4-b1b686cfd81b
宁波市,0000000G0000003F0000000700000010,12.09,2019/1/8,330200,30cd8e47-a593-4972-a19f-4aec66e7a387
绍兴市,0000000G0000003F0000000700000010,9.97,2017/8/22,330600,871b50ba-9999-43af-a75d-41beb316242f
温州市,0000000Z00000031000000070000000X,5.33,2018/2/25,330300,4a32d49e-d67d-4884-ab91-cd8c9001a0cc
杭州市,0000000H0000002T000000070000000X,18.33,2018/10/25,330100,e91445f5-c726-4643-b88d-742af593df0d
杭州市,0000000H0000003N000000070000000X,14.33,2018/1/25,330100,9da3344c-bd5e-4a29-afd9-028982f32b1e
台州市,0000000G0000003F0000000700000010,9.6,2017/5/9,331000,d79432ad-2a4f-4a4e-808c-f2a1a20a03cb
嘉兴市,0000003100000081000000130000000X,79,2018/5/15,330400,441a8a96-7ba6-47c4-bb96-94c954616c8f
温州市,0000000M0000003V000000070000000X,14.67,2017/1/15,330300,abd274ed-9f7b-4901-8821-d5acc5cba4f7
台州市,0000002U0000007X000000070000000X,4.5,2018/8/15,331000,6dc9f37f-78e2-4a5f-a75b-46eca6e58156
嘉兴市,0000000P0000003E0000000700000010,5.5,2018/8/28,330400,4eda2715-eab3-40d2-909c-24f5b7ba1dda
嘉兴市,0000001Z00000036000000070000000X,5.67,2017/9/25,330400,ef2039b3-0bb5-4d65-8b63-4303125a365c
杭州市,0000000M0000003V000000070000000X,10.67,2018/7/5,330100,9fb18351-10cc-49e0-98ca-b118e06b380b
湖州市,0000000D0000002R000000030000000X,40,2017/3/15,330500,e33d888e-dc76-4930-9f7c-eeec710837f8
绍兴市,0000000H0000002T000000070000000X,13.17,2018/4/25,330600,abfc7677-50c8-4ca7-921c-6bfed7844186
丽水市,0000001200000031000000070000000X,3.33,2017/9/25,331100,b7da0fd6-ff93-4708-b0c7-b648cb7add37
丽水市,0000000D0000002R000000030000000X,54.6,2018/7/15,331100,ac048787-92d7-435d-bf41-024af6477eb7
金华市,0000000H0000003N000000070000000X,14.17,2019/2/15,330700,af382cb4-98de-4d02-8b68-6f1b01139a2d
丽水市,0000000G0000003F0000000700000010,8.8,2017/5/16,331100,17f0706d-ea68-4288-81d1-d39ce5613287
杭州市,0000002U0000007X000000070000000X,4.5,2018/7/5,330100,60deedeb-39d3-4739-89b5-80e40e7db5cd
浙江省,0000002200000038000000070000000X,3.1,2017/9/5,330000,f91dd1d3-c958-485e-9f9c-7201c502103c
嘉兴市,0000000G0000003F0000000700000010,9.5,2017/11/21,330400,75eda0fa-5ae3-4c8d-9124-c253fee9e91b
浙江省,0000000D0000002R000000030000000X,45.15,2017/2/25,330000,48653a75-912f-46e4-8cc5-2265c57b8fbc
嘉兴市,0000000H0000003N000000070000000X,14.33,2019/1/5,330400,6a324aef-b459-42a4-866e-00060bf950a1
嘉兴市,0000001400000031000000070000000X,7,2019/2/25,330400,0d99ae94-b5b6-4928-8bea-c2379dafb0a0
嘉兴市,0000000H0000003N000000070000000X,14.33,2019/3/5,330400,f693f7cf-1b36-488f-b324-db2865b43682
温州市,0000000Z00000031000000070000000X,3.83,2017/11/25,330300,2a3cbec6-f567-4e33-be40-4f122c779ea2
丽水市,0000001200000031000000070000000X,3,2018/11/15,331100,0424d90e-dbb1-4524-ad4d-ac4080850fdd
绍兴市,0000002P0000007W000000070000000X,2.33,2018/12/5,330600,969ce2a9-fdbc-41fb-b9f7-516629d97f16
衢州市,0000001E00000031000000070000000X,5.17,2018/7/15,330800,79a447f5-f763-403a-9bb4-22f6422fb602
衢州市,0000002U0000007X000000070000000X,4.33,2017/4/15,330800,99725611-a263-41b0-8d96-5182ccef5738
浙江省,0000001400000031000000070000000X,5.17,2017/9/15,330000,0a3687af-b5b0-422f-aa7f-58ea56e20fb7
嘉兴市,0000000D0000002R000000030000000X,38.33,2017/11/15,330400,06e69ea4-438a-4d0e-b493-bafa7334f7da
杭州市,0000000P0000003E0000000700000010,3,2017/6/20,330100,5440515a-fb46-43fc-bffb-abe53e186b5c
湖州市,0000000H0000002T000000070000000X,16.33,2017/12/25,330500,5fbb4eef-6121-4dcc-b30d-487c6bf2f28c
湖州市,0000000J0000003S000000070000000X,34,2017/12/15,330500,6c1ea6b5-75cd-4833-b172-98147386147d
绍兴市,0000002P0000007W000000070000000X,2.33,2017/8/25,330600,821806bb-00b0-4566-b50a-b3ae551568aa
湖州市,0000003100000081000000130000000X,72.6,2019/1/15,330500,f82ed41c-b9fc-4813-bbf6-24b07eec1e99
金华市,0000002U0000007X000000070000000X,4,2017/8/25,330700,f5a6b0d6-f870-4150-b84f-f370e1e48722
嘉兴市,0000003100000081000000130000000X,79,2019/2/5,330400,1f677ce4-37ef-4ecb-bf7c-5ecec5579e5c
绍兴市,0000000P0000002W000000070000000X,5.67,2019/3/5,330600,15d55acf-ded4-4e38-bc68-1a55f696ea41
台州市,0000000H0000003N000000070000000X,12.67,2017/7/15,331000,bf8898c4-ac61-4e6d-976c-ade0f0706220
衢州市,0000001700000031000000070000000X,2.5,2018/8/5,330800,41c830a6-8907-4946-8a1e-c6ac3d428446
杭州市,0000001E00000031000000070000000X,5.67,2017/1/15,330100,faaa13c5-5ac1-4a72-99db-5774345bfb73
湖州市,0000001700000031000000070000000X,3.17,2018/12/5,330500,f36d3c2a-e15b-4785-8691-e80e9c0ade97
舟山市,0000002P0000007W000000070000000X,3.33,2018/1/5,330900,4157ec05-0947-411a-9e31-7e8cfdaf1657
湖州市,0000000J0000003S000000070000000X,34,2017/3/25,330500,9ba469be-fe2c-4058-9106-4751aca2c7de
湖州市,0000002P0000007W000000070000000X,3.89,2017/10/25,330500,3cee76c3-0e25-47ff-a0f7-6af9bb6101f9
嘉兴市,0000000G0000003F0000000700000010,9.95,2017/5/9,330400,ab1a76c2-2f8a-435f-bd54-32517024e7a3
金华市,0000001400000031000000070000000X,4.17,2018/7/5,330700,2785918f-66e6-4a06-adc7-817928277783
丽水市,0000000K0000003U000000070000000X,33.67,2017/4/15,331100,04140000-c1b8-41cc-b1cd-0654a00e62ca
宁波市,0000002P0000007W000000070000000X,3.1,2017/2/25,330200,eda04487-d419-4423-aedb-c73b7dfadcfd
衢州市,0000001Z00000036000000070000000X,5.5,2017/6/5,330800,072ce2cf-1562-402e-8ba0-f919537d1db0
绍兴市,0000000H0000003N000000070000000X,13.83,2017/5/5,330600,0712c9a5-b14d-4ffa-8101-613c5377a313
台州市,0000001700000031000000070000000X,2.17,2017/9/15,331000,1e8eb4f7-10a9-4a48-8d41-411a52ecbcf4
衢州市,0000002200000038000000070000000X,2.6,2017/12/25,330800,add9755e-089f-466e-8678-fb0e19a77f23
浙江省,0000000S0000002Z000000070000000X,9.74,2017/6/15,330000,c832ae65-4b5c-4595-9ef8-1d805fad34b2
金华市,0000000C0000002Q000000030000000X,68.17,2017/2/25,330700,a3f05728-d9a3-4dbf-b9cd-c616df152a35
舟山市,0000002200000038000000070000000X,4.17,2018/7/5,330900,c930ac16-9248-4efe-97a3-8a5b935cc7d5
衢州市,0000002200000038000000070000000X,2.5,2017/2/15,330800,00175d7f-a1be-408b-9607-7fd76ae6fa36
丽水市,0000001700000031000000070000000X,2.67,2017/3/25,331100,42f18898-b548-4d34-ab4d-4bf2a26730e0
嘉兴市,0000000P0000002W000000070000000X,4.5,2018/4/15,330400,562f81a4-fcb6-4018-9dd2-5adef4af523c
金华市,0000001K00000031000000070000000X,2.5,2018/11/25,330700,32d61aa3-e469-47cb-b0f1-4e2678a5dfd1
嘉兴市,0000001700000031000000070000000X,2.83,2018/1/5,330400,9448b99c-6f06-40fe-ab48-2fd19c639f2d
金华市,0000001200000031000000070000000X,2.83,2018/5/5,330700,0338e3f7-0a31-4ffd-a2e4-59823e69cdd7
金华市,0000001500000031000000070000000X,3.83,2017/5/15,330700,d9226c76-f248-42e2-b42b-17e9862f2145
绍兴市,0000000J0000003S000000070000000X,34.33,2018/5/5,330600,720e4014-3310-4f03-aba3-a3a183dc4ca5
绍兴市,0000002P0000007W000000070000000X,2.2,2017/4/25,330600,67d055b9-45fb-43f2-bbb4-ad2ab90856f4
丽水市,0000000X0000007T000000070000000X,48.33,2017/5/15,331100,943bffc5-0878-4964-b075-2c30cc057152
丽水市,0000001A00000031000000070000000X,4.67,2017/10/5,331100,4d1184f1-1540-47ad-86e2-cd939e17d538
丽水市,0000000P0000003E0000000700000010,3.8,2018/7/3,331100,5efa80b1-11de-4359-9ce4-590e5c6b65d2
嘉兴市,0000001500000031000000070000000X,4.17,2018/5/25,330400,c281666c-2769-4916-9f3c-7fb0cd68235f
绍兴市,0000001K00000031000000070000000X,2.83,2018/5/15,330600,fdf8bc07-904b-4fac-b1bc-3111ed584840
绍兴市,0000000H0000003P000000070000000X,24,2017/5/25,330600,7bc1c2ab-94ef-4196-9b5c-9a899a36396e
浙江省,0000000P0000002W000000070000000X,5.62,2019/1/15,330000,8c749e64-a8b4-487b-bf53-5c51f106aa14
湖州市,0000002U0000007X000000070000000X,3.6,2017/5/5,330500,950deaca-86f4-49cb-81e8-53252e5be739
宁波市,0000001K00000031000000070000000X,3.23,2017/1/5,330200,77b153d7-3dd7-4e35-8c3e-d2ece2efd359
金华市,0000000G0000003F0000000700000010,11.1,2017/4/4,330700,e996c52f-afa8-46cb-8866-dc5a1b001276
舟山市,0000000P0000002W000000070000000X,5.33,2017/12/15,330900,51df7da4-606b-4b12-b4d4-45f96c273c60
舟山市,0000002P0000007W000000070000000X,3.1,2017/7/25,330900,ecfc2ba8-5665-4b83-96cb-e9e9b5ed89a3
宁波市,0000000M0000003V000000070000000X,13.8,2019/3/15,330200,84401f36-d647-4c89-bc0b-ec24fe142d7b
宁波市,0000000Z00000031000000070000000X,4.1,2017/5/25,330200,60dc521e-3a5c-4bad-8c02-d7d4cd9dc573
浙江省,0000001400000031000000070000000X,6.12,2019/1/5,330000,2872c979-5335-4c71-9fac-dd9400145ba6
浙江省,0000000C0000002Q000000030000000X,63.64,2018/1/15,330000,320a77ea-323e-4eb5-b7f2-eb58d96bab71
台州市,0000001500000031000000070000000X,4.67,2019/3/5,331000,c050744f-6758-42b8-a79a-46d3d1dcc099
金华市,0000001Z00000036000000070000000X,6.5,2017/8/15,330700,1e7dd53b-7a75-4709-a19b-b5a4b1db45ef
嘉兴市,0000000Z00000031000000070000000X,4.67,2018/6/15,330400,7feeb57b-570e-4a48-94d6-c89fb2aaa7c8
金华市,0000001A00000031000000070000000X,5.5,2017/7/25,330700,d3fbbb3a-9dce-4299-86b3-ccc4d329f091
嘉兴市,0000000G0000003F0000000700000010,9.5,2017/5/23,330400,efa2f8d6-5b49-4005-95fa-fe1dc6df0c47
杭州市,0000001E00000031000000070000000X,5,2018/5/5,330100,68cce356-0f94-4feb-ba17-f70571e34952
浙江省,0000001A00000031000000070000000X,5.12,2018/7/25,330000,60de0bef-688f-4f98-930a-bd907bf90899
绍兴市,0000000C0000002Q000000030000000X,59,2017/6/25,330600,7ea2e721-c054-4bc3-88a3-f6ae82b253a4
湖州市,0000000X0000007T000000070000000X,35,2018/1/25,330500,ddbe7785-d2c0-42e2-8e6f-fe1480a31c72
宁波市,0000000H0000003N000000070000000X,14.83,2017/4/25,330200,8834053b-1fe0-4b8d-ade1-ab51b37d4f43
温州市,0000000H0000003P000000070000000X,24.33,2017/7/25,330300,c6074e8c-6a71-4b65-b778-436375dd3007
温州市,0000001700000031000000070000000X,3.17,2018/2/15,330300,9c0a4ed0-97d5-4585-9977-aaa4a773e705
湖州市,0000000X0000007T000000070000000X,35,2018/11/25,330500,debf9ed6-fad3-4da4-a8a2-eeba763808eb
温州市,0000002U0000007X000000070000000X,4,2018/1/5,330300,d935a7d0-1ba6-4c4d-a91c-3a34b14733a8
舟山市,0000000H0000003P000000070000000X,25.33,2018/12/15,330900,b2683c2d-fe36-4ed4-aff6-3e6fc25501df
杭州市,0000000H0000002T000000070000000X,17.33,2017/9/25,330100,0d8abc06-293a-4ffa-b3dd-1d27a2fe97bd
宁波市,0000001500000031000000070000000X,3.9,2017/5/25,330200,f9501add-18da-4d0c-abbd-511c70718d07
嘉兴市,0000000X0000007T000000070000000X,30.33,2017/6/15,330400,02c71bb7-eab3-418a-8755-d264be611519
丽水市,0000001700000031000000070000000X,2.93,2019/1/15,331100,debc0be4-d44c-4d2c-b919-2f7a26bf531e
嘉兴市,0000001E00000031000000070000000X,5.67,2018/8/25,330400,50e350fe-0d73-4557-8d2e-f920b52ea9f5
绍兴市,0000000J0000003S000000070000000X,34.67,2018/1/15,330600,987af246-53a7-495c-9d93-7b4d3bc4b5f0
衢州市,0000000K0000003U000000070000000X,35,2017/12/25,330800,3a08af0c-7ad3-4fc7-b0aa-3da89be96392
台州市,0000000H0000003P000000070000000X,23,2017/9/5,331000,355d6932-0b51-4e5d-b34b-20e5f9ee1161
杭州市,0000000H0000003N000000070000000X,15.13,2018/6/15,330100,f6cdaede-ce0d-4554-b04c-2f560787b917
舟山市,0000000X0000007T000000070000000X,45.67,2017/7/15,330900,ca22c976-99c4-418d-b86c-c64e616ebf81
温州市,0000000J0000003Q000000070000000X,51,2019/2/15,330300,1ea12d9a-9a71-4038-91e0-0fae2819022c
金华市,0000000M0000003V000000070000000X,14,2019/2/5,330700,4e29fbd9-b4df-451d-b8c6-f67a10b7c306
绍兴市,0000000C0000002Q000000030000000X,57.67,2018/2/5,330600,15cf8e8b-7193-4edc-9984-71d66002703c
舟山市,0000001E00000031000000070000000X,4.73,2019/3/5,330900,defd49f6-7f05-4855-ba41-4e2c6b5318e0
湖州市,0000001200000031000000070000000X,4,2017/4/5,330500,258e5af7-57f1-47d5-9888-368a6f51b7bc
丽水市,0000001500000031000000070000000X,4.5,2017/5/25,331100,a075d90e-5e75-4b0e-9b45-22bc7babe764
绍兴市,0000000G0000003F0000000700000010,9.5,2018/8/7,330600,bcdf1567-b8c9-4876-9cd1-ad140a6b06c5
湖州市,0000000H0000002T000000070000000X,16.33,2017/6/15,330500,04c9ad89-e9b6-402a-b678-7ed554f21f5b
金华市,0000000H0000003P000000070000000X,20.67,2018/9/5,330700,e9207e50-5102-4e5e-a6b2-65f4bed8d29f
湖州市,0000001400000031000000070000000X,5.17,2017/11/15,330500,0612923c-c549-48cf-95f6-71674d9cd485
湖州市,0000000H0000003P000000070000000X,18,2018/4/15,330500,bef470cf-47ac-43e7-bf33-9b64c5bdad57
丽水市,0000001200000031000000070000000X,2.33,2018/6/25,331100,74d2aafc-c219-49d9-8b06-63537c8ada43
湖州市,0000002P0000007W000000070000000X,3.89,2017/4/15,330500,9244a689-5a53-4889-8293-f887846b50f3
舟山市,0000000J0000003Q000000070000000X,41.33,2017/2/15,330900,f072aa09-628d-41bc-a1af-53ac1a23c1fd
浙江省,0000001200000031000000070000000X,5.48,2019/3/15,330000,00caa349-3e99-4d2d-8049-300069e2f673
湖州市,0000000H0000003P000000070000000X,17.67,2018/8/15,330500,b81221bb-4850-4c57-b520-1cc1db09b379
台州市,0000001E00000031000000070000000X,4.67,2018/8/15,331000,4aee9b19-e8e1-4433-b98d-791b3d36655d
杭州市,0000000Z00000031000000070000000X,6.33,2018/8/25,330100,e6d13793-3ff8-468b-b8ce-0c21d2ccfbae
台州市,0000000J0000003Q000000070000000X,38.33,2018/9/5,331000,073079f8-5f8a-421d-9897-95dae3af4250
嘉兴市,0000000G0000003F0000000700000010,9.65,2019/1/22,330400,1e9897ef-9710-4d21-8561-b325c4c98f17
湖州市,0000000Z00000031000000070000000X,8.33,2017/9/5,330500,961dc800-2753-4474-818e-c3f96da74c31
湖州市,0000002200000038000000070000000X,4.5,2016/12/15,330500,68416f1e-0970-4d71-85ac-5979c296f395
杭州市,0000001200000031000000070000000X,3.67,2017/5/25,330100,5876330d-5c38-472d-8c5e-0f9283b185d5
湖州市,0000000P0000002W000000070000000X,5.33,2018/4/25,330500,008a9091-c8f2-4cf2-b7e0-be8eb815d8f9
宁波市,0000001A00000031000000070000000X,5.87,2019/2/15,330200,021e485c-5a93-487f-a479-9cb957f606bb
湖州市,0000001200000031000000070000000X,4,2017/10/5,330500,1fb66112-1fd1-4476-b18d-0e8c26eefe5b
金华市,0000000H0000003P000000070000000X,21.67,2017/2/5,330700,3eded344-f00e-477a-a4e7-4930b0af88bd
湖州市,0000003100000081000000130000000X,72.3,2018/5/5,330500,94054b82-efd1-41b8-9df9-4f17ff1a3f55
台州市,0000000C0000002Q000000030000000X,63.33,2017/7/15,331000,4d766473-a213-470e-bcee-db0d7d4f36be
衢州市,0000001A00000031000000070000000X,6.83,2019/1/15,330800,e7a82e72-425a-43e6-877f-48fbf4f0b5c1
嘉兴市,0000000P0000003E0000000700000010,4.83,2018/3/20,330400,e1f46d18-e91e-43b2-a705-d9f8870abc1d
绍兴市,0000002P0000007W000000070000000X,2.33,2017/6/25,330600,1814cb60-ffa6-4819-b5f9-341f255fd0ca
浙江省,0000000H0000003N000000070000000X,14.48,2019/3/5,330000,d0c73010-2109-4f3a-b89e-e114d4a4cc21
衢州市,0000000H0000003P000000070000000X,20,2018/5/5,330800,3b6b13d1-bf13-4cc1-b90e-d8756bdbc441
丽水市,0000000P0000003E0000000700000010,2.9,2017/4/11,331100,d7aa90e1-8380-454a-bc14-894a0130ad81
绍兴市,0000000J0000003Q000000070000000X,38.33,2017/12/15,330600,1fe36116-bb7a-4c31-be22-21cf42da23de
湖州市,0000002P0000007W000000070000000X,3.89,2018/7/25,330500,7783350d-cc37-4871-a944-b4d1008983c1
舟山市,0000000J0000003Q000000070000000X,39.67,2017/9/15,330900,2ac36e51-b90b-40d3-8424-54f0901b7f6f
浙江省,0000000S0000002Z000000070000000X,9.43,2017/5/15,330000,baaf2d5b-a076-4694-9b13-39669e6b6522
舟山市,0000000M0000003V000000070000000X,13.67,2017/3/5,330900,402e3b87-cc29-4280-96b2-031b87fe4331
宁波市,0000001A00000031000000070000000X,5.83,2018/11/25,330200,8b450679-7113-43bd-b712-ce7a5f8f010f
温州市,0000000P0000002W000000070000000X,4.87,2017/1/5,330300,a8b61f08-d70d-48b0-bc6f-3b017d37a482
湖州市,0000000P0000002W000000070000000X,5.67,2017/12/5,330500,8d15b6bc-3a9d-442e-9cca-410bc8af6c0a
台州市,0000000Z00000031000000070000000X,4,2017/6/15,331000,d163f4cb-682d-49b7-bc23-8a1c4ff5ca44
杭州市,0000000G0000003F0000000700000010,10.85,2018/11/27,330100,5fee711f-fc77-4490-8d64-e48fb604f1d9
金华市,0000001700000031000000070000000X,2.67,2017/3/15,330700,5f04754e-5a91-4af5-8bc1-e841685f1412
温州市,0000000G0000003F0000000700000010,8.58,2018/2/13,330300,271cfa46-b919-4e70-b56b-f5993c06d7df
金华市,0000000P0000002W000000070000000X,3.67,2017/6/15,330700,70922512-1d3c-4792-ab10-58c1176c0947
浙江省,0000000C0000002Q000000030000000X,63.88,2018/11/15,330000,4d6e753d-3106-4603-8c61-072e6d6fe235
嘉兴市,0000000J0000003Q000000070000000X,40,2018/9/5,330400,1757ae80-686d-4864-a200-85274d064245
舟山市,0000000D0000002R000000030000000X,44.97,2018/9/25,330900,a8a89013-3a66-4bfc-9bc5-2381d6db0b27
舟山市,0000001Z00000036000000070000000X,7.5,2017/1/25,330900,66b88e5e-3156-4417-af1c-83d424a16dfa
杭州市,0000001Z00000036000000070000000X,6.4,2018/11/15,330100,0b5c2022-7b5b-43b8-9958-d8b87ebc3368
衢州市,0000001500000031000000070000000X,4.33,2017/3/15,330800,46499eb6-58d3-4ce3-8293-e98571d3f1b8
台州市,0000002P0000007W000000070000000X,3.28,2017/8/25,331000,a2d469dd-2a81-4792-8fd5-b51f66ff2810
舟山市,0000000G0000003F0000000700000010,11.8,2018/12/25,330900,5cc6058f-ed0e-4908-acb9-f75b3d5651cf
绍兴市,0000000G0000003F0000000700000010,8.99,2017/6/13,330600,ca8591ee-290e-441a-8eef-3e31583fad27
台州市,0000000P0000002W000000070000000X,5.6,2018/9/5,331000,aa7219ca-038f-4e8c-b26d-929e59ff7782
舟山市,0000000S0000002Z000000070000000X,11.67,2018/11/5,330900,372fb85b-1345-458d-9a17-649eed856391
湖州市,0000001E00000031000000070000000X,5.67,2017/8/5,330500,f379e385-b94d-40a5-971c-7e160b014963
温州市,0000000K0000003U000000070000000X,48,2017/4/5,330300,96186bfb-6d54-4fa8-a5da-1023607deccc
温州市,0000000J0000003S000000070000000X,42.33,2017/2/15,330300,853fb744-906b-4efc-a376-3023209d07fb
宁波市,0000000P0000002W000000070000000X,6.1,2018/8/15,330200,760512c3-2b83-4190-8635-a6470937407d
丽水市,0000000P0000003E0000000700000010,3.95,2018/6/19,331100,79f18bcd-f6c7-422d-8e85-ce266e6ad474
湖州市,0000000P0000003E0000000700000010,4,2018/7/17,330500,d0ac4ec0-bed0-49f1-afc5-87f855c43c9b
浙江省,0000002P0000007W000000070000000X,3.12,2018/5/25,330000,2597266b-81cd-4d87-af52-01c8af1e912f
衢州市,0000000C0000002Q000000030000000X,69.67,2018/8/15,330800,81930007-2e06-4bb7-ac59-9585193c255c
舟山市,0000000P0000002W000000070000000X,5.17,2018/6/15,330900,2aa55a15-f6f6-4527-9a34-0879ee1567d0
湖州市,0000003100000081000000130000000X,72.3,2018/10/5,330500,7f087dea-9e43-497c-a9d4-420fb3463ab4
金华市,0000002P0000007W000000070000000X,3.7,2018/12/5,330700,28ccbabd-ad4c-4017-94f7-8c6edd0f866a
台州市,0000001Z00000036000000070000000X,6.33,2018/2/15,331000,f2e9fb2c-c84b-4182-aa59-98c8e40121b7
舟山市,0000000S0000002Z000000070000000X,11,2017/2/15,330900,c6561ff8-cd82-4777-9ed1-a87793a95757
台州市,0000001500000031000000070000000X,4,2018/1/25,331000,0d097476-ab86-43c7-8d78-ef9245c16d6a
嘉兴市,0000000X0000007T000000070000000X,35,2017/4/15,330400,8ed46786-5788-4335-87c2-96cd57e76461
湖州市,0000000C0000002Q000000030000000X,57.67,2019/1/15,330500,c6a1a6f6-3ad6-43b1-921c-2a4ecdc36cbf
浙江省,0000000H0000003P000000070000000X,24.03,2018/12/25,330000,0e57fba9-c355-4a1f-8a41-43f444fcd002
衢州市,0000000C0000002Q000000030000000X,69,2018/12/5,330800,8397759c-06a2-4b02-835e-bced6141c42c
衢州市,0000000P0000003E0000000700000010,4.45,2017/10/17,330800,97b3b395-607c-4adc-9544-7d9f50eb930f
丽水市,0000003100000081000000130000000X,84,2017/3/25,331100,90b0a045-5b31-472b-9d3d-10aa55488c9f
金华市,0000000H0000002T000000070000000X,16.67,2018/10/5,330700,88e11010-3bfd-460c-9d82-97fcf7c22bc1
衢州市,0000000M0000003V000000070000000X,10.5,2017/3/15,330800,ccf68d7e-b8ca-4e8b-a940-6d5ef01c5f09
温州市,0000003100000081000000130000000X,63,2018/4/15,330300,9300add5-3ed9-4bc6-80f6-0d5a5d551bce
衢州市,0000000X0000007T000000070000000X,25,2018/9/25,330800,9afff88d-445d-472a-8fc4-480cefb57de4
杭州市,0000002P0000007W000000070000000X,2.8,2017/5/5,330100,a4208338-91ed-497d-90f2-7266de7dcf74
丽水市,0000000Z00000031000000070000000X,2.17,2017/4/25,331100,6bc56898-1c32-481b-8369-e455a2679cd1
湖州市,0000001K00000031000000070000000X,5.33,2018/9/5,330500,926cdf34-b119-4c82-9e54-a6a7f297b66e
绍兴市,0000002200000038000000070000000X,3.33,2018/10/15,330600,e8bfcbd3-95c3-4503-8f71-5dab5eb44eb3
舟山市,0000001500000031000000070000000X,4.67,2017/4/5,330900,ddc00790-ac59-4948-9292-f98bbd2e84fc
台州市,0000000D0000002R000000030000000X,39,2017/12/5,331000,dc894b43-e70c-4a94-80e3-c062275f67ae
舟山市,0000000G0000003F0000000700000010,10.1,2017/12/5,330900,2cfd86b0-1720-424d-959a-4ada03b1606b
温州市,0000002200000038000000070000000X,3.5,2018/4/25,330300,ca058869-9f89-42eb-93c0-ed501bf1227f
丽水市,0000001500000031000000070000000X,3.83,2018/4/25,331100,fe2b1b7d-76f3-43bf-bc70-c5ef954ce1cd
嘉兴市,0000001700000031000000070000000X,3.27,2018/10/25,330400,9e10efb7-9580-4651-a259-6e639997a0fa
绍兴市,0000000M0000003V000000070000000X,9.67,2017/4/25,330600,249a0bb8-6f49-42b1-b72b-6e9a4a4c6059
舟山市,0000000X0000007T000000070000000X,45.67,2017/12/15,330900,34a36c20-ace4-4485-a047-7308572adc08
绍兴市,0000001A00000031000000070000000X,3.83,2017/5/5,330600,606e4104-878e-470b-863d-6ba0a24875c1
绍兴市,0000001200000031000000070000000X,2.33,2017/6/25,330600,6cdefc98-a7fc-400d-aea2-979f6c98eb5d
嘉兴市,0000000M0000003V000000070000000X,11.33,2018/4/5,330400,7c9e95d1-9d9a-498b-a6ab-6f45db3bc97a
宁波市,0000001200000031000000070000000X,5.03,2018/12/5,330200,18ad1ee0-440e-44e7-b51e-0d0dc30c2380
宁波市,0000000C0000002Q000000030000000X,73,2018/9/15,330200,fab00e66-3603-49ab-a9dc-2f64165f9ba8
金华市,0000001400000031000000070000000X,3.83,2018/6/25,330700,24d7902c-2b3b-4a75-be2f-28466c79e210
绍兴市,0000002200000038000000070000000X,2.67,2017/4/15,330600,65c1cf0c-148c-4d12-9fc5-1abbd95477b0
湖州市,0000002U0000007X000000070000000X,3.77,2018/9/15,330500,a05f6824-ed37-4b35-86aa-17d3d1d2a485
丽水市,0000001700000031000000070000000X,3,2018/2/15,331100,04a7671f-2b43-4d1d-a956-ffb716e0813b
丽水市,0000000S0000002Z000000070000000X,9.67,2018/6/25,331100,c6d85cb6-7dbe-4932-aa39-dfa63002de87
嘉兴市,0000000J0000003S000000070000000X,32.33,2018/2/25,330400,7096c95c-d4f3-451c-89c7-78db4103841a
丽水市,0000001200000031000000070000000X,3,2018/6/15,331100,020c9634-aedb-4c41-947a-2151227a8dc3
绍兴市,0000001Z00000036000000070000000X,5,2018/11/5,330600,e6191eb6-5ff3-439c-a028-c0dcdd126fa9
金华市,0000002200000038000000070000000X,2.93,2017/4/15,330700,97d3fda0-f558-4b19-82d5-2a81cbaa0071
衢州市,0000000S0000002Z000000070000000X,8.83,2018/10/15,330800,64c4f312-bcf9-4bfd-9a31-f51414590463
台州市,0000002200000038000000070000000X,2.67,2018/9/5,331000,0b92ebdc-23f3-48cf-9fc3-ae7348d80bb6
湖州市,0000001200000031000000070000000X,4.17,2016/12/25,330500,5d465c45-288d-4aca-ad03-4d85eed72955
浙江省,0000000J0000003Q000000070000000X,40.65,2017/3/25,330000,4ba7d350-e918-4435-af0a-087620e3a257
嘉兴市,0000000C0000002Q000000030000000X,68,2019/1/15,330400,f84350f3-9869-4279-af39-914fcf258d9c
杭州市,0000000P0000003E0000000700000010,4.9,2017/8/29,330100,7752d6b6-b074-4c5e-83d3-b81b02a2c1d6
浙江省,0000001K00000031000000070000000X,2.62,2017/5/15,330000,1a93676b-f1f5-4090-a52c-2ffbcb71ed78
宁波市,0000001A00000031000000070000000X,4.6,2017/3/15,330200,f8028fed-e341-46e0-87e8-d12ae7d01e2e
衢州市,0000002P0000007W000000070000000X,3.06,2018/8/15,330800,aaa04610-9f43-4eac-bfb6-6f33830ad857
嘉兴市,0000000S0000002Z000000070000000X,9.83,2017/10/5,330400,078ef319-233a-4830-92cf-c6285c6f058a
杭州市,0000000S0000002Z000000070000000X,8.53,2017/12/15,330100,0cdabebf-b82c-49eb-9fe3-1e9bf0b6c263
金华市,0000000P0000003E0000000700000010,5,2018/8/14,330700,76033cf4-3b0b-44e9-b7c8-c8c6c4a5a4e1
绍兴市,0000000P0000003E0000000700000010,4.9,2018/10/16,330600,c78b68b5-4a3c-4b33-a5de-377e2b6398db
衢州市,0000000J0000003Q000000070000000X,38.67,2017/4/15,330800,9f7b8c18-957a-46c4-b979-839db4f4ddc0
宁波市,0000001200000031000000070000000X,3.8,2017/4/25,330200,fa2426d5-fbea-4ca4-812e-5e57c3ac35db
金华市,0000000P0000003E0000000700000010,3.7,2018/4/3,330700,b01afd15-84ed-4228-a526-a3f290bf79a1
嘉兴市,0000000M0000003V000000070000000X,11.5,2018/3/15,330400,88691100-1de0-4a66-8363-1c2c6efc08bb
浙江省,0000000H0000003P000000070000000X,22.61,2017/12/25,330000,5c40f319-1c5a-426a-ae58-9ac490db72ad
杭州市,0000000J0000003Q000000070000000X,43,2018/11/5,330100,4f7bfb59-b380-446e-a207-f37cc9ab1dd4
绍兴市,0000002P0000007W000000070000000X,2.33,2018/2/5,330600,e5c18b6f-14d4-4ef3-9f5f-67cbb6adbf92
浙江省,0000001E00000031000000070000000X,4.71,2017/9/25,330000,ef8c4184-595f-48cb-bde4-c4600136a421
衢州市,0000002U0000007X000000070000000X,5,2019/2/25,330800,c96b5c2b-cfa3-4a40-a232-5b44c8061b3d
衢州市,0000000H0000003N000000070000000X,16.67,2018/10/15,330800,d2bbd5b1-a282-4c92-ba6f-0b574f729a6b
嘉兴市,0000000Z00000031000000070000000X,3.5,2017/3/5,330400,c8e199a2-80f5-4426-9b5d-bd9224eb84ab
杭州市,0000000P0000002W000000070000000X,5.53,2018/1/15,330100,424df8e7-0b36-4e6a-8f93-22f68f70d19e
衢州市,0000003100000081000000130000000X,93.27,2018/2/25,330800,d47ad710-f9d6-4e42-9c40-526001946ce2
嘉兴市,0000001E00000031000000070000000X,4.67,2018/1/5,330400,9e2b4c52-8940-4325-8635-1c54f22cd64c
衢州市,0000000D0000002R000000030000000X,38.33,2017/2/5,330800,bd3388bf-b421-4a6a-872f-433ba0efa5f3
台州市,0000002200000038000000070000000X,2.83,2018/6/15,331000,9eda5548-cca4-413c-b5e5-b8f089cba40d
宁波市,0000000K0000003U000000070000000X,33.5,2017/11/15,330200,2c109275-a0cb-468f-b0d9-851fcb5e32b4
金华市,0000002200000038000000070000000X,3.67,2018/12/15,330700,3bf2f4d1-6771-4309-b43a-b43a7f1b8a64
浙江省,0000000M0000003V000000070000000X,12.82,2018/3/5,330000,c92c995d-4a7a-4d34-9f75-f0963a574f7d
湖州市,0000003100000081000000130000000X,77,2017/4/15,330500,cfa7235a-15f7-420f-8f2b-eeaabc6d82dd
嘉兴市,0000001700000031000000070000000X,3.27,2018/9/15,330400,078f6f86-0156-48ae-9779-125e72b4a521
金华市,0000000P0000003E0000000700000010,4.2,2017/10/3,330700,094375aa-03a8-4377-aa74-8458a13e66e8
衢州市,0000002U0000007X000000070000000X,5,2018/7/15,330800,4cc72613-16e9-42b8-888d-806c12206f3b
舟山市,0000000G0000003F0000000700000010,12.2,2017/2/14,330900,8d93db9a-11f9-4432-9341-dc32027e4f2b
杭州市,0000000P0000003E0000000700000010,4.1,2018/4/24,330100,577656a0-9fb0-44e8-8969-d9189dbb3274
宁波市,0000002200000038000000070000000X,3.67,2017/12/25,330200,07913a48-c900-4d44-9d22-c2c756eded84
绍兴市,0000000D0000002R000000030000000X,49.33,2018/10/25,330600,1a381428-4c79-4071-838a-067e297ad853
宁波市,0000000C0000002Q000000030000000X,81.33,2017/5/5,330200,7b50d8dd-a5be-457c-8f2a-a64f87274bf2
台州市,0000000J0000003Q000000070000000X,41.67,2019/2/25,331000,950fdb97-50db-480d-bead-e61c9cca6a19
宁波市,0000000X0000007T000000070000000X,42.33,2017/2/15,330200,3a38e2d5-83c1-4df7-847c-69929b064372
嘉兴市,0000001700000031000000070000000X,3.27,2019/1/25,330400,20defedb-01a2-43f5-a9f4-daf6ffaf05b7
丽水市,0000000H0000003P000000070000000X,17.67,2018/4/5,331100,c6980c81-70af-468c-893f-26365ebe3e54
宁波市,0000001A00000031000000070000000X,4.2,2018/6/5,330200,9a02f254-4322-4b19-aeae-7e4c56789114
衢州市,0000000H0000003P000000070000000X,22.67,2017/4/25,330800,1bfb2458-2344-490b-9516-c740213207b0
浙江省,0000000G0000003F0000000700000010,10.79,2018/12/4,330000,1c5784a7-df27-487d-8c90-fb1b79bd7654
宁波市,0000000D0000002R000000030000000X,41.67,2019/2/25,330200,af7e4420-9f06-4a83-84d9-a420b2529e7e
金华市,0000000Z00000031000000070000000X,4.17,2018/5/25,330700,cd93b21c-2096-4104-982c-0cfb10ba818c
宁波市,0000002200000038000000070000000X,3.83,2017/7/25,330200,0eb649ce-adb2-453e-a14e-1b323699ee91
嘉兴市,0000000S0000002Z000000070000000X,8.67,2019/2/5,330400,426b088d-d977-4b8a-96f7-5d9ba5256e8d
丽水市,0000001400000031000000070000000X,4.33,2017/5/15,331100,e99aa256-fbd3-444e-9eab-f3674dbc5f9f
台州市,0000000M0000003V000000070000000X,10.33,2017/4/25,331000,703773ea-8fd2-49f8-8177-91ff9a109c22
宁波市,0000000J0000003Q000000070000000X,43.33,2018/12/25,330200,8ccb4631-4619-4b91-aef1-fcfdd8a4ff94
台州市,0000000G0000003F0000000700000010,9.8,2017/8/29,331000,cebe2718-c538-4d96-918c-ea2a5e12eea3
湖州市,0000000G0000003F0000000700000010,10,2017/5/9,330500,06cba9e3-2e6b-49b3-9ce9-db2e733392b5
杭州市,0000000J0000003Q000000070000000X,45.67,2019/2/25,330100,c7ca6728-e213-45e1-b487-111a39cb8c3e
衢州市,0000000S0000002Z000000070000000X,9.67,2017/7/15,330800,d674589d-c484-4e50-ad15-944899e8fb90
杭州市,0000002U0000007X000000070000000X,4.33,2017/3/25,330100,4c65ce69-c82d-4fdd-87e2-edd2782ff51a
丽水市,0000000H0000002T000000070000000X,11.67,2018/7/5,331100,2be5f424-a84c-4e69-bbd9-8b45aa9571f0
宁波市,0000001Z00000036000000070000000X,6.67,2017/5/15,330200,806cc949-1e41-4697-ab6a-ab520d0148ff
丽水市,0000000Z00000031000000070000000X,3.83,2017/7/25,331100,26da4e9f-cea4-4702-9092-ace952d90a8d
温州市,0000000G0000003F0000000700000010,9.4,2017/10/3,330300,4b86579c-1a04-4999-a37d-76467e682a88
温州市,0000002200000038000000070000000X,3.83,2018/7/15,330300,51e18326-4b9d-4575-ad8e-893ae7662b8a
舟山市,0000000G0000003F0000000700000010,12.8,2018/9/11,330900,917e4f13-3465-4dc2-b5c8-5bd6be1ac32f
嘉兴市,0000002U0000007X000000070000000X,4,2018/10/5,330400,ce49e9d0-195e-44b5-b93f-b96a0052ccc4
绍兴市,0000000G0000003F0000000700000010,9.8,2019/2/19,330600,e11b949a-33b6-4e7d-a049-a36b36059f21
舟山市,0000001400000031000000070000000X,5.5,2017/10/15,330900,b5cc543e-4145-48b4-9b83-bb7390a358df
温州市,0000000X0000007T000000070000000X,60,2018/6/5,330300,4c285e28-1edc-4644-8e9e-6684aacf2ebc
台州市,0000000M0000003V000000070000000X,10.67,2018/9/25,331000,9843e6aa-e26f-44c9-88e9-62a112ea3e57
台州市,0000000Z00000031000000070000000X,5.5,2018/10/15,331000,54300288-0656-4b0d-8c2a-475f06aba46a
台州市,0000001A00000031000000070000000X,4.67,2018/3/25,331000,9dc76765-3a13-47c3-a519-22b23ab10221
杭州市,0000000G0000003F0000000700000010,8.38,2017/6/6,330100,2abf0002-926c-4273-8884-30a6a9a21b56
嘉兴市,0000000D0000002R000000030000000X,35.67,2018/6/15,330400,b342f32e-7521-45c3-bd61-87dbaceacd40
衢州市,0000000S0000002Z000000070000000X,8.83,2018/6/5,330800,d52815a4-b549-40ba-bd5d-56988f2a67bd
嘉兴市,0000001400000031000000070000000X,5.17,2019/1/5,330400,163c9fdd-53a5-45cc-bbe9-8ff96bb8ae71
宁波市,0000000H0000003P000000070000000X,26.5,2017/5/25,330200,dfbdcdeb-ea00-4ec0-8bd7-a6b599c9a7dc
衢州市,0000001500000031000000070000000X,5,2019/1/15,330800,26f7c003-9855-4aad-a402-cc663e30d94a
台州市,0000002U0000007X000000070000000X,4.5,2019/2/5,331000,6532fc98-c326-453d-9474-7bfaae21cc6e
舟山市,0000000M0000003V000000070000000X,14,2018/5/5,330900,2367d8c0-4201-495b-9399-dd46ec667d37
衢州市,0000001500000031000000070000000X,4.17,2018/1/25,330800,63b181f8-b986-4f56-b379-16fa71a0827e
绍兴市,0000000C0000002Q000000030000000X,57.67,2017/10/15,330600,6e3e18be-474f-4948-a480-f220b7f9ca76
衢州市,0000000M0000003V000000070000000X,11.33,2018/12/25,330800,9ddec778-ab65-485b-8169-f91d214dc86d
衢州市,0000001E00000031000000070000000X,3.83,2017/4/5,330800,9fe533f7-7b01-4e0b-ae54-bdefe4b7ccfc
舟山市,0000001700000031000000070000000X,2.83,2018/8/25,330900,11d48a9e-33a2-4ed9-a0cc-833e6da1a610
台州市,0000000Z00000031000000070000000X,4.5,2017/9/15,331000,1ba5aff3-da09-4762-a6c6-7b9e5a4e2c82
杭州市,0000000H0000002T000000070000000X,16.5,2019/1/25,330100,d3597b12-f631-4311-a81d-7bb0484142a8
杭州市,0000001200000031000000070000000X,4.83,2017/2/25,330100,5d8a0a8c-4903-404e-a52a-a17b605e1d6c
湖州市,0000000S0000002Z000000070000000X,9.17,2019/1/25,330500,1d5cff5f-697b-46d2-ba96-e4585f8005c8
台州市,0000001K00000031000000070000000X,3.5,2017/9/15,331000,f12ff409-6068-44e7-8482-7686877cfba9
杭州市,0000001200000031000000070000000X,6.17,2019/3/15,330100,bc55dad9-c47e-45c1-a048-1f1ecc6d96a4
金华市,0000000H0000002T000000070000000X,15.83,2017/3/5,330700,59574eef-3a69-440c-a19c-1cb8a05c90c7
杭州市,0000001400000031000000070000000X,6.27,2017/5/5,330100,7a731b9a-489a-4e4a-865e-ece952f6e323
浙江省,0000001400000031000000070000000X,5.31,2018/8/25,330000,d4b9e33a-e458-4120-8138-b839474918dc
衢州市,0000000J0000003S000000070000000X,36.33,2017/9/25,330800,53b03f3c-7eef-49dc-ab22-84e2ab33a85e
宁波市,0000000J0000003S000000070000000X,30.33,2017/8/15,330200,0b78acbc-c487-4a61-9874-53fbef95aa61
温州市,0000002200000038000000070000000X,3.67,2019/3/5,330300,d9c60617-1555-4d1c-9da5-0b8bfb6f2068
湖州市,0000000K0000003U000000070000000X,0,2017/5/5,330500,9650f3e8-385c-4f86-ab1e-34727be0538b
丽水市,0000000P0000002W000000070000000X,4.67,2017/1/5,331100,cd048458-e597-4cd0-ae18-dfab0cd37ed3
舟山市,0000000J0000003S000000070000000X,34.33,2018/4/5,330900,771cfc63-fefc-464e-ab09-0b99b2124874
丽水市,0000003100000081000000130000000X,84,2017/6/5,331100,52a7adc6-8207-40d9-9cf9-d59165dcd352
金华市,0000000H0000002T000000070000000X,15.67,2017/4/15,330700,8363f2f4-6b07-4c0a-977f-d4754925881b
丽水市,0000003100000081000000130000000X,84,2018/9/25,331100,c6ad7383-2f03-4960-b963-87c35b146096
杭州市,0000000G0000003F0000000700000010,10.83,2018/1/9,330100,57301a4c-14f6-441d-b14c-8f9a9207432c
绍兴市,0000001500000031000000070000000X,4.67,2018/2/25,330600,21b13f6f-fd57-4920-bcb2-ed21f876fe1f
金华市,0000000P0000002W000000070000000X,5.43,2017/9/15,330700,6dfb5b00-7ec7-4159-b77e-db21ca1499b0
台州市,0000001E00000031000000070000000X,2,2017/1/15,331000,ac824b54-be2f-411d-8695-6cae2590bd30
丽水市,0000001200000031000000070000000X,4,2018/9/25,331100,3efeee74-d157-4e4b-87b9-70ed2bf39626
台州市,0000000X0000007T000000070000000X,24,2018/7/15,331000,49bdf887-c843-45db-a42b-e35fd1465db1
浙江省,0000000J0000003Q000000070000000X,45.15,2019/2/5,330000,96ef32c1-ab97-4dac-83f2-094a60e8ea69
杭州市,0000000K0000003U000000070000000X,33,2017/4/25,330100,6abc7e84-b93b-4623-96a3-40dee3c3a896
衢州市,0000000J0000003Q000000070000000X,41,2018/11/15,330800,c54ff6ae-8e50-4a22-ae91-8f20677de3e6
嘉兴市,0000001Z00000036000000070000000X,5.67,2017/12/5,330400,b2cdddf7-58b0-40f0-829c-8b4ee18c907f
宁波市,0000002200000038000000070000000X,4.27,2018/12/25,330200,075d0dc5-5375-43d3-aade-0189b39e1971
杭州市,0000000S0000002Z000000070000000X,8.6,2017/7/25,330100,5c7b4f99-82cb-460b-ba36-3f23dd1bc590
宁波市,0000000K0000003U000000070000000X,32.5,2017/6/15,330200,56b1f136-6f9f-4d35-8601-b00c286ec330
丽水市,0000000P0000003E0000000700000010,3.7,2017/6/27,331100,76dad587-e944-4eaf-82e2-dbd3322bf076
杭州市,0000001700000031000000070000000X,3,2019/2/5,330100,61f9975c-cf8f-4369-b878-f7ca1711d612
温州市,0000000H0000003N000000070000000X,15.67,2017/10/15,330300,844befb4-19d2-4031-85d8-20c04ea5ec2f
绍兴市,0000000J0000003Q000000070000000X,46,2019/1/25,330600,836afed4-9556-41f6-a2de-d87b8c796b0d
丽水市,0000001200000031000000070000000X,4,2017/3/15,331100,427b50dd-901c-49ba-9166-04bb7a7c7f58
金华市,0000000P0000002W000000070000000X,5.17,2019/2/25,330700,3962aee8-634a-456d-bd93-063be3830948
嘉兴市,0000000Z00000031000000070000000X,4.5,2018/12/5,330400,d23dcc78-6fc3-4470-8a36-dcab0bec0d12
金华市,0000000P0000002W000000070000000X,5.6,2018/11/5,330700,1b9377e4-d499-4d42-95f4-8f645cefd706
衢州市,0000000S0000002Z000000070000000X,8.17,2017/1/25,330800,e29fff7c-2ab5-4b45-98ad-73754d9d309c
杭州市,0000002U0000007X000000070000000X,4.5,2018/9/5,330100,14901133-daf4-4e59-9330-2997b9daddc6
台州市,0000000G0000003F0000000700000010,12,2017/1/17,331000,ce1a8dd4-fcea-4cc3-a9f2-d68b6441cce5
杭州市,0000000C0000002Q000000030000000X,62.67,2018/5/5,330100,2655a7a3-66e9-4b21-b8b9-92a9d71aebc4
嘉兴市,0000001700000031000000070000000X,3.67,2018/4/25,330400,ab3a4afe-5fce-49a4-b9f2-942b70a5c833
台州市,0000000P0000003E0000000700000010,4.53,2017/11/7,331000,f7894f09-5d49-4fba-a54a-4716f121d5fd
舟山市,0000000J0000003Q000000070000000X,41.67,2018/1/15,330900,439f02ac-1d58-4cc8-a5d9-0b6534a5fe64
丽水市,0000001K00000031000000070000000X,3,2018/4/5,331100,c4b876ea-461a-46a5-982d-be11bb58dc26
舟山市,0000001A00000031000000070000000X,5,2017/9/15,330900,5bc08fdb-e8ae-4b41-865f-c188b18bcb0d
丽水市,0000001E00000031000000070000000X,3,2018/1/5,331100,bd79419a-684c-4d07-9236-098a4b693450
丽水市,0000001A00000031000000070000000X,5,2017/3/5,331100,aca2f1a2-8531-49c3-9ef3-8eb7b20f0dac
衢州市,0000001E00000031000000070000000X,6,2018/10/15,330800,1481ca00-88f9-46a5-a8d7-ddfd14436482
丽水市,0000000P0000003E0000000700000010,5,2017/12/5,331100,40d3c302-835d-45ac-8ca5-890505794e60
台州市,0000000H0000003P000000070000000X,22,2018/6/5,331000,6f45c139-c089-4a59-8815-8b7712bf1c25
舟山市,0000000M0000003V000000070000000X,13.67,2017/3/25,330900,c446b976-9edd-4720-9b49-10b7130c1f94
舟山市,0000000J0000003S000000070000000X,39.33,2019/2/5,330900,7a903708-53de-41aa-9491-3cd724b59caa
舟山市,0000000X0000007T000000070000000X,41,2017/10/15,330900,6039162f-4c19-4c39-9033-020004175d04
温州市,0000001400000031000000070000000X,7,2017/3/25,330300,62dd7333-64c9-4092-8822-05204b2e2536
衢州市,0000001K00000031000000070000000X,3,2018/11/5,330800,1fd33699-6bd5-4479-aa2f-c50bc9d001f1
温州市,0000001E00000031000000070000000X,4,2017/6/15,330300,23fd620a-827c-426d-97ed-548625cac912
衢州市,0000000Z00000031000000070000000X,3.17,2017/1/5,330800,6e998fc0-3af9-4327-bf9d-6ff38ca412f8
台州市,0000001400000031000000070000000X,4.67,2018/11/25,331000,0d946c9a-f2a6-43d2-a9fb-db8acc991ef6
宁波市,0000001K00000031000000070000000X,2.7,2017/3/25,330200,443283d1-da17-4ff2-a1c2-5225913d398f
浙江省,0000000H0000003P000000070000000X,21.43,2018/7/15,330000,64f70aab-1590-45c6-ba6d-49414a105763
杭州市,0000000P0000003E0000000700000010,5,2018/9/25,330100,f3213e4f-9947-4235-a5bf-fccc031fe454
金华市,0000001E00000031000000070000000X,2.67,2017/1/25,330700,ca179e90-a836-471b-bfe4-41658ceee247
丽水市,0000000X0000007T000000070000000X,44.67,2017/1/15,331100,fe2060eb-e4e2-4067-bbbd-41515b874d5e
杭州市,0000000J0000003S000000070000000X,35.5,2017/4/15,330100,3b4ff42a-4d0b-4ba0-b43e-f751240d97fd
宁波市,0000000Z00000031000000070000000X,4.07,2017/3/5,330200,38cef527-a359-44a1-8cc2-aecb25ef5112
浙江省,0000003100000081000000130000000X,91.21,2017/1/5,330000,28740357-0cdb-4e5d-badd-142b323c644d
湖州市,0000002P0000007W000000070000000X,3.89,2018/4/25,330500,e4ac71f3-8034-4ef3-bb16-623a77606fc3
温州市,0000001K00000031000000070000000X,3,2017/3/5,330300,a6b7b46c-949f-4140-99ca-d4b14506b29c
金华市,0000001E00000031000000070000000X,2.83,2017/4/25,330700,2e005461-e0df-4bc9-bb1d-6cf7ae2cef28
浙江省,0000000H0000003N000000070000000X,15.52,2018/11/15,330000,b24ca343-6add-4080-961d-353cfe78c352
杭州市,0000000P0000003E0000000700000010,2.6,2017/6/6,330100,ae49945b-72bc-4543-b8b4-a06ad6cc8583
宁波市,0000000J0000003S000000070000000X,30.5,2017/5/5,330200,5b62db3b-3e03-4b81-af42-90666034f4ed
台州市,0000002U0000007X000000070000000X,4.33,2017/1/15,331000,573baec4-724c-47a3-85c9-d248ce1db493
台州市,0000000S0000002Z000000070000000X,10,2018/10/5,331000,dccf12a2-5641-4f1f-892c-b83f3b026614
温州市,0000000Z00000031000000070000000X,4.1,2017/12/5,330300,8c814221-0628-4dd0-b677-e9f5f55435ed
湖州市,0000002200000038000000070000000X,4,2017/10/25,330500,538884a7-c201-4b86-a4ba-fe7bb7cd183a
温州市,0000003100000081000000130000000X,63,2018/6/5,330300,358d3592-e784-4705-ba8c-d20592e1f753
温州市,0000000J0000003S000000070000000X,43,2017/6/15,330300,2fa40d42-8458-4f18-bca1-2b07f2f3be83
金华市,0000000G0000003F0000000700000010,12.4,2017/1/31,330700,9607248b-3054-4094-8907-aef8bda71c8b
杭州市,0000000J0000003Q000000070000000X,41.17,2017/3/25,330100,9fa32901-d834-4517-bc10-7b0271a1eb60
绍兴市,0000000Z00000031000000070000000X,4.5,2018/1/5,330600,e2d35239-48a9-42dd-ab29-74c7eb83a7e2
台州市,0000001K00000031000000070000000X,2.33,2018/3/15,331000,9a54b402-50ed-4fdf-ac7a-f436315bc5e9
绍兴市,0000000C0000002Q000000030000000X,57.67,2018/3/25,330600,b0e4aed3-3ac3-4f6e-9e94-fe8b29d066ba
衢州市,0000000C0000002Q000000030000000X,67.33,2017/11/25,330800,808d2735-cce6-4e2b-89c3-2b1fb695f3b5
宁波市,0000001200000031000000070000000X,6.17,2019/3/15,330200,fc26718c-8771-4b48-9c92-9a5e5c8416a1
台州市,0000001Z00000036000000070000000X,6.33,2019/2/5,331000,afa56cfd-a548-481c-b6e5-310ad96eccdc
温州市,0000002U0000007X000000070000000X,3.83,2017/4/25,330300,2f9f41be-ef29-497f-827a-26d9bbcd69a6
衢州市,0000001700000031000000070000000X,2.5,2017/6/15,330800,2d1eeb98-a101-4fe2-84ff-41ba2db218e1
丽水市,0000000C0000002Q000000030000000X,70.23,2019/2/15,331100,b5dbcc1b-bc69-4b71-b86e-c32d4c9c6acf
温州市,0000001A00000031000000070000000X,4.5,2017/12/15,330300,605c2cbe-e9de-46a2-8d77-294955fc6804
衢州市,0000000H0000003P000000070000000X,22,2017/7/5,330800,158a3a69-0b06-4e88-9cfa-9b5cbcc20136
浙江省,0000000H0000003P000000070000000X,23.36,2019/3/15,330000,4c5c2975-b050-47e9-88cf-e5689c3abd09
杭州市,0000000K0000003U000000070000000X,35.33,2018/5/25,330100,a1362c37-76f6-4544-92a6-d74bcd80b1a6
杭州市,0000000S0000002Z000000070000000X,8.6,2018/10/15,330100,622b77f1-9013-4a4e-bbf1-1bc008f0a95b
温州市,0000002U0000007X000000070000000X,4.5,2018/4/25,330300,2b05ca0b-7b9d-461a-aedd-0221a74068a3
舟山市,0000000P0000002W000000070000000X,5.17,2018/4/25,330900,6398bc53-c288-4ca6-983c-a7b8f8ae4751
湖州市,0000000K0000003U000000070000000X,0,2018/9/5,330500,c708e210-be2b-44c5-824f-e9668fad28fe
舟山市,0000001200000031000000070000000X,6.67,2017/2/5,330900,0c5d45b2-d1a4-4c78-9c1e-d7334c879086
杭州市,0000000D0000002R000000030000000X,46,2017/4/15,330100,0e526472-3886-4086-8180-8120efa050e4
绍兴市,0000000J0000003Q000000070000000X,40,2017/5/15,330600,b273d4ae-ce8c-4237-9cd2-2e2324d9f685
宁波市,0000000H0000002T000000070000000X,15.5,2018/4/5,330200,37689dc8-2ef1-4ee4-9125-108981b83151
宁波市,0000000M0000003V000000070000000X,14.4,2017/7/15,330200,3f357342-2684-48d9-992f-3940e5302c2c
嘉兴市,0000000H0000002T000000070000000X,18.33,2017/1/15,330400,19ef40fa-c97b-448a-a457-1dfe3a01760f
温州市,0000002200000038000000070000000X,3.5,2017/6/25,330300,4a5db7d6-9dce-465c-96b6-90acf907420f
温州市,0000000M0000003V000000070000000X,14.67,2017/11/5,330300,9e191635-abb2-43ff-97ae-cd923abc4be3
衢州市,0000002P0000007W000000070000000X,3.07,2017/4/5,330800,b36cf645-a194-4ac0-9a34-8b60624284e6
湖州市,0000001A00000031000000070000000X,6,2018/11/15,330500,82d1679f-735a-411c-a724-0e80e7bb5c9a
湖州市,0000000H0000002T000000070000000X,16,2017/7/5,330500,f45da2d1-ef8a-401c-8292-167af2145707
杭州市,0000000S0000002Z000000070000000X,8.5,2017/3/25,330100,eadf4397-0172-4b43-b99a-916efa16cdfe
浙江省,0000001700000031000000070000000X,2.77,2018/7/15,330000,b1c6afc4-90ac-47a2-8b1a-e8a35a14f131
嘉兴市,0000000P0000003E0000000700000010,5.33,2018/10/30,330400,9c262d2c-f98e-43bd-a25d-5e81bb976ae7
绍兴市,0000000J0000003S000000070000000X,33.67,2017/1/25,330600,70613ab0-5954-4489-84b2-65e73c0d72f8
杭州市,0000000P0000003E0000000700000010,2.6,2017/5/23,330100,170ee079-8327-488d-a24c-702a871635f9
衢州市,0000000D0000002R000000030000000X,39.67,2017/3/25,330800,8258bceb-32f8-4c9b-87a8-1d69631f4796
绍兴市,0000002U0000007X000000070000000X,4.5,2017/8/25,330600,e43dd66d-88dd-4960-b310-7ef8f38bd0b5
绍兴市,0000000M0000003V000000070000000X,9.5,2017/10/5,330600,1612a7d1-cd2d-482d-8c7b-cf3193cfbd88
台州市,0000000G0000003F0000000700000010,9.2,2017/11/14,331000,040d324e-92b2-4664-87cc-b00cc0231939
杭州市,0000000K0000003U000000070000000X,33,2017/7/15,330100,e4f6d2a5-13a3-405d-ba65-caec00537d0f
温州市,0000000S0000002Z000000070000000X,9,2018/6/15,330300,e4535b6c-8c78-4d91-a84d-a5b9e22c634e
绍兴市,0000000P0000003E0000000700000010,4,2018/5/15,330600,69c8e3be-8d2e-4319-b083-f348e9e69d38
宁波市,0000001500000031000000070000000X,4.43,2018/6/5,330200,518d6c29-a053-401f-a92c-7d99f1c161c5
衢州市,0000000J0000003S000000070000000X,40,2019/1/25,330800,21ad0d17-5525-4cd4-9049-8cc6b681296f
温州市,0000000P0000003E0000000700000010,3.65,2019/2/19,330300,3f1f6d25-9050-428c-bc6f-b57d3431b7c1
嘉兴市,0000000H0000003P000000070000000X,21.33,2018/4/15,330400,68913f4e-ea04-421c-9102-63f601bcae1e
湖州市,0000000H0000003P000000070000000X,18.67,2019/1/25,330500,b04cdb82-f01c-4b55-844b-6010067c9db5
台州市,0000000G0000003F0000000700000010,10,2017/4/18,331000,0b94aa89-6f53-4785-bd87-56dd5ad4da8f
绍兴市,0000000J0000003S000000070000000X,34.67,2018/3/25,330600,e6710f5d-bd97-4546-a06c-cd139693eb2d
温州市,0000000G0000003F0000000700000010,6.7,2018/3/27,330300,8c054338-8171-46c1-8f1d-3fe52805d266
衢州市,0000001500000031000000070000000X,3.5,2018/8/5,330800,e78e679d-e8ab-40a6-9619-91a6c0d8dd61
绍兴市,0000001500000031000000070000000X,4.67,2017/1/5,330600,0e069b41-3e62-4ff4-b123-e99ef6f2f0d5
宁波市,0000000S0000002Z000000070000000X,10,2018/3/25,330200,5c3c29c7-d8d4-4e20-92af-3924618483eb
丽水市,0000000Z00000031000000070000000X,2.33,2017/4/15,331100,4909d301-851b-4159-ae44-f20aa461e1d8
丽水市,0000002200000038000000070000000X,3.16,2018/5/25,331100,e1e48cf9-925c-4d5b-80f0-a282577f6e3c
丽水市,0000000M0000003V000000070000000X,11.33,2017/9/15,331100,efacc1f1-3dad-4dad-8a4f-e2bbcee8ab6e
浙江省,0000000Z00000031000000070000000X,4.33,2017/12/15,330000,195230a4-cbd8-4ce0-ae93-ff7d07d629b3
丽水市,0000001200000031000000070000000X,3,2017/10/15,331100,6ed348c0-4322-4c0d-989b-54d229dbef46
绍兴市,0000000P0000002W000000070000000X,5.17,2016/12/25,330600,9040c09b-6eb4-467b-b80d-49145a931cdc
绍兴市,0000000K0000003U000000070000000X,35.33,2017/3/25,330600,16af2be3-e9b4-44da-9ebf-8203601ee456
衢州市,0000001200000031000000070000000X,3.67,2018/11/25,330800,e7548067-c972-4311-908a-ff47585b04dd
丽水市,0000001500000031000000070000000X,4.33,2017/11/25,331100,7f739eda-8f98-4c53-a9d9-192af949109c
金华市,0000001A00000031000000070000000X,7.33,2017/12/25,330700,38f25bed-f0d2-4072-998f-346da2ed8276
湖州市,0000000J0000003Q000000070000000X,39,2018/2/15,330500,7a8099c4-409a-40b1-ad70-a26b3d6f6d9d
浙江省,0000003100000081000000130000000X,94.24,2018/2/5,330000,e0d58c9d-60b7-4627-b21c-500bdfc43319
衢州市,0000002200000038000000070000000X,2.67,2017/8/5,330800,d0b039ba-08dc-495c-8211-83bf808a9b21
金华市,0000001K00000031000000070000000X,2.33,2019/1/5,330700,2d5e6ac5-803c-4052-85f2-ca998eef23cf
杭州市,0000001K00000031000000070000000X,4,2016/12/15,330100,52c23e4d-705d-471f-a716-1c77e9ce43b1
绍兴市,0000000H0000003P000000070000000X,24.67,2019/3/5,330600,4a755d0d-8afb-4bee-8073-5ea01f98d357
温州市,0000000P0000003E0000000700000010,4,2018/5/22,330300,1b93f45a-147d-4c6b-af7d-5211bcefc6e1
嘉兴市,0000000P0000002W000000070000000X,3.5,2017/6/5,330400,45798b9e-37fe-4cab-8f34-869b1ef0d274
杭州市,0000000H0000002T000000070000000X,17,2017/10/15,330100,33ea5351-f590-4d94-823c-98d932f5dea8
金华市,0000001A00000031000000070000000X,5.17,2017/7/15,330700,16630614-f16d-489c-b82b-4cf52ec4d1cd
杭州市,0000001E00000031000000070000000X,6,2017/1/5,330100,ccf6bb51-9a8f-4793-9eae-9f62ae19192f
湖州市,0000000K0000003U000000070000000X,0,2018/1/5,330500,0d05cbca-b73c-4785-9b40-f2ce6af3bb14
湖州市,0000002U0000007X000000070000000X,3.87,2018/7/15,330500,116a60ac-cf4b-45a5-9064-86a490685a2e
浙江省,0000000C0000002Q000000030000000X,63.46,2018/6/15,330000,e561bfe8-06cb-4249-a706-879ff3cca54d
台州市,0000001400000031000000070000000X,6.17,2017/1/25,331000,1a9d7064-6e61-48d9-bded-b4a2294600a5
浙江省,0000002200000038000000070000000X,3.55,2018/3/15,330000,aec99458-97cf-4c7d-8a9a-91db833fcb66
台州市,0000001A00000031000000070000000X,4.17,2017/11/5,331000,9cb3df0a-80b5-4498-95d5-0dd67c6542c8
金华市,0000002200000038000000070000000X,2.37,2017/10/15,330700,ee2538a0-4876-479c-a011-ac8ce6502a82
绍兴市,0000000S0000002Z000000070000000X,8.83,2017/10/5,330600,cc7d6044-d93f-4658-80c4-5958087a4762
舟山市,0000000H0000003P000000070000000X,25,2018/8/25,330900,2db51f65-84ad-4885-9da4-8898f87308ed
湖州市,0000000J0000003Q000000070000000X,39.67,2018/7/5,330500,85b0625c-76a8-4323-8da2-4a67d5619c54
浙江省,0000000G0000003F0000000700000010,9,2017/5/30,330000,8e63c828-9b80-4526-b778-2c4ca91fd892
温州市,0000001A00000031000000070000000X,5,2018/7/5,330300,4fb9d272-be81-4025-966d-b255d2a55a04
衢州市,0000000H0000003P000000070000000X,25.33,2018/12/25,330800,7fc0a473-ebe2-410a-b650-968bdea0793d
湖州市,0000000P0000002W000000070000000X,5,2016/12/15,330500,c153dec3-ad14-44b0-a2a7-e7f1fa04aa06
绍兴市,0000000G0000003F0000000700000010,9.45,2017/7/18,330600,3efbeb7f-bb86-4637-8ee7-37cb03dfdd58
杭州市,0000001400000031000000070000000X,5.83,2017/5/15,330100,4869dbc2-3f04-482e-a14b-8153c38fab3a
嘉兴市,0000000M0000003V000000070000000X,11.5,2017/8/5,330400,ef522ac8-1a97-48d3-9ebe-81183993cc8f
湖州市,0000002P0000007W000000070000000X,3.61,2016/12/25,330500,45602d85-995d-44e8-b701-dd315bbabf69
湖州市,0000003100000081000000130000000X,72,2018/7/25,330500,09919258-33d2-4441-bff3-0443e76e0925
台州市,0000000J0000003Q000000070000000X,38.33,2017/9/25,331000,b29bd5b1-5f3b-4128-9485-91de959c43df
台州市,0000000S0000002Z000000070000000X,10,2018/3/15,331000,e0446804-b96e-48d3-9bfd-9a69f50f95d3
丽水市,0000000H0000002T000000070000000X,17,2019/1/5,331100,36c2893c-a519-4719-83ba-e99333861db3
丽水市,0000002U0000007X000000070000000X,4.66,2017/10/25,331100,a8b3f294-c78f-4189-8c0b-d42b2c880855
舟山市,0000000Z00000031000000070000000X,5.5,2018/10/5,330900,57aaab18-5db8-4fbf-86e9-ddb91c974ca6
浙江省,0000001A00000031000000070000000X,4.67,2017/7/5,330000,9ff474e0-1bee-4bf2-89b4-1fe37f12e774
宁波市,0000001700000031000000070000000X,3.77,2018/4/15,330200,43060e5f-7f95-4918-aac9-aa7c8e9af38c
台州市,0000001A00000031000000070000000X,4.33,2017/5/5,331000,aec9d44a-211c-4e02-9506-4e9310d936d4
台州市,0000001400000031000000070000000X,7,2018/3/15,331000,44f19510-4c8c-4404-9424-f910ca493cbd
浙江省,0000001700000031000000070000000X,2.74,2018/11/25,330000,1d0d7148-c869-4dc9-9f1b-2e47036887d5
丽水市,0000000P0000003E0000000700000010,2.7,2017/5/23,331100,9dbb2a73-62e6-477e-9bc1-ae7dda6de035
衢州市,0000001Z00000036000000070000000X,5.67,2019/3/15,330800,046f872e-40e7-4cdd-a1f0-c93939c6d7ea
丽水市,0000002200000038000000070000000X,2.83,2017/12/25,331100,3b944e07-83ff-426d-8a75-c16ec2ec5304
温州市,0000002P0000007W000000070000000X,2.33,2018/7/5,330300,bf9cf770-261d-47d4-9581-6ad5161ff6fb
宁波市,0000000Z00000031000000070000000X,6.1,2019/3/5,330200,950d3826-bce9-42be-98f2-307ed9baa8d9
丽水市,0000000M0000003V000000070000000X,11.33,2017/11/15,331100,9084caea-38cd-4a80-b2e6-e2185a32f220
杭州市,0000000H0000002T000000070000000X,17.5,2018/2/25,330100,6719ce89-499f-4a1f-b875-b1cf72db60ac
宁波市,0000001A00000031000000070000000X,4.87,2017/10/25,330200,98c70e02-1b4a-4629-b2ac-8791fa8e6899
台州市,0000000X0000007T000000070000000X,29,2017/12/15,331000,310f9ddb-eefa-4f41-8b39-cf3853d67d20
舟山市,0000000G0000003F0000000700000010,9.9,2017/11/28,330900,818dfc92-32e3-4baa-9568-c03f66e93c9c
台州市,0000001700000031000000070000000X,2.33,2019/3/5,331000,6771ec31-9422-412f-a955-ca5bb12249c5
丽水市,0000001Z00000036000000070000000X,5.16,2018/4/5,331100,6dd67a34-ea8c-4f13-9b2f-15ba9d6c393f
宁波市,0000000J0000003Q000000070000000X,38.33,2017/5/5,330200,4e90b7ee-45d4-4f41-87c7-b2c7f84edaac
湖州市,0000001200000031000000070000000X,5.17,2018/1/15,330500,ab967f72-766b-458b-a8c0-272ab430d741
舟山市,0000002200000038000000070000000X,4.5,2018/9/25,330900,2defb60b-83ce-442c-b506-41983b867a0c
衢州市,0000000G0000003F0000000700000010,12.3,2017/2/14,330800,0022c4ee-9089-4528-ade9-d0fbefaf6ae4
金华市,0000001500000031000000070000000X,3.83,2018/2/5,330700,e01ef3d8-9071-4902-8749-e3d63da5425c
衢州市,0000000P0000003E0000000700000010,4.9,2018/1/16,330800,45d1eb30-fe16-4aef-9def-bdfe5a8ae66f
丽水市,0000000M0000003V000000070000000X,11.33,2018/12/5,331100,cbadb146-4244-41df-a510-49ad04f18be5
台州市,0000002200000038000000070000000X,2.67,2017/4/5,331000,f8c8e407-43d1-4ab1-9457-7de37b0c284b
杭州市,0000001Z00000036000000070000000X,6.67,2017/4/5,330100,5478157b-7bd1-4365-810d-1618694fc542
衢州市,0000001700000031000000070000000X,2.5,2017/1/15,330800,c1457700-4b63-4c22-ae5c-a4ba4bfcfb6a
绍兴市,0000001A00000031000000070000000X,3.67,2017/7/25,330600,6d4cfc14-3c10-4274-920f-ee8527822ae3
衢州市,0000001E00000031000000070000000X,4.67,2019/2/25,330800,43e1056f-20f2-45fb-b5a5-c0645e346af5
浙江省,0000000P0000003E0000000700000010,3.05,2017/4/11,330000,9a39ec9a-8b27-4eec-895d-8445a0634cbd
衢州市,0000001700000031000000070000000X,3,2019/2/5,330800,56f03ece-48f3-4e27-a0ad-ff71036b8412
丽水市,0000000G0000003F0000000700000010,11,2019/1/1,331100,457a123c-5660-42fd-9765-ea334aaee6aa
衢州市,0000001A00000031000000070000000X,8.67,2019/1/25,330800,67cc756b-0c08-437a-8de1-d23b5e68f765
金华市,0000002U0000007X000000070000000X,4.1,2017/12/5,330700,0bb2ce36-7e99-4c33-a358-5a32bc92b46c
湖州市,0000000K0000003U000000070000000X,0,2018/4/15,330500,ea3e2e1f-4571-4f36-b9a1-126c2037538d
丽水市,0000000X0000007T000000070000000X,42.67,2017/8/5,331100,2a4fa3d0-b59b-417d-bbc1-8333c9f6ebac
绍兴市,0000000Z00000031000000070000000X,3.33,2017/5/5,330600,036b83d9-ed3d-4c98-82f3-ea3a5dcebc24
绍兴市,0000001Z00000036000000070000000X,4,2018/6/15,330600,b5145110-9ab9-4286-96f1-bedb35b27d18
温州市,0000000H0000002T000000070000000X,16.67,2018/7/25,330300,0e275707-1883-4e85-8ea0-3d8ff40bc04c
衢州市,0000001200000031000000070000000X,2.83,2018/5/5,330800,30963bb3-485d-47e2-bde6-5b3d7ae547bf
温州市,0000000G0000003F0000000700000010,8.87,2018/12/4,330300,cb6676ff-76a6-417f-be87-63407e02144a
宁波市,0000003100000081000000130000000X,138.33,2018/8/25,330200,809fb494-1ecc-48f8-8e2d-ea6d2221335a
湖州市,0000001500000031000000070000000X,6.5,2019/2/5,330500,ed0aa6f3-d378-4a24-bafe-87cb313aee76
浙江省,0000000P0000003E0000000700000010,4.06,2018/5/22,330000,4bca6768-a4ed-4692-89d3-126fc51754d7
衢州市,0000001Z00000036000000070000000X,5.33,2018/11/5,330800,8b24a4aa-bced-43b1-b541-ce8a954af3bd
丽水市,0000001500000031000000070000000X,4.83,2017/4/25,331100,08071034-a2bf-4879-9ccf-654839b9bc3d
宁波市,0000000H0000003N000000070000000X,14.27,2019/1/25,330200,0346a1d2-1a51-43ed-9a63-72071243fc0a
嘉兴市,0000000P0000002W000000070000000X,5.5,2018/1/25,330400,ddc7c42c-7e00-4ed0-8ce7-f6d97f901b6f
嘉兴市,0000000Z00000031000000070000000X,4,2017/2/25,330400,d264d1c3-0e20-4eb7-9b36-0afc86999361
舟山市,0000000M0000003V000000070000000X,13.67,2017/10/15,330900,4031b787-801f-437d-91e5-5323d9936653
金华市,0000000H0000003P000000070000000X,20,2019/2/15,330700,7b54701a-a26a-49a9-baff-9156f507ca17
舟山市,0000002200000038000000070000000X,4.17,2017/3/25,330900,db93e5d5-3427-4854-a522-a6e2c9286e88
绍兴市,0000000S0000002Z000000070000000X,8.83,2017/4/25,330600,a0dbf76e-4987-47d2-875a-0523f75df031
衢州市,0000001E00000031000000070000000X,7.33,2018/2/15,330800,ec3fe41c-5984-4588-8eeb-95242f23b7d9
衢州市,0000000H0000003N000000070000000X,16,2018/12/5,330800,3afd6bd4-8d74-4b79-9cae-effada5ca1fb
衢州市,0000000J0000003Q000000070000000X,38,2017/7/15,330800,d2f55f15-84ed-4ba7-869d-8fff696a5828
温州市,0000000M0000003V000000070000000X,14.67,2018/4/5,330300,514f7bc8-6fa8-4a0b-9690-da48faf0dbe7
杭州市,0000000D0000002R000000030000000X,46,2017/11/15,330100,b5a46e68-a10e-4b0e-9fc1-f0a44c06c525
嘉兴市,0000000H0000003N000000070000000X,14.33,2018/11/25,330400,f469087f-807c-4ea3-9ded-04684f6af754
杭州市,0000001200000031000000070000000X,4.7,2018/3/25,330100,020a7362-995e-48c2-9ffe-400bb39dcffa
衢州市,0000000H0000003N000000070000000X,16.33,2019/1/15,330800,2fca99e0-70c9-43dc-9760-6af4dd936cba
宁波市,0000001K00000031000000070000000X,2.67,2017/5/5,330200,2e828177-d578-48cb-a8c1-60e2dac2c2dd
衢州市,0000000C0000002Q000000030000000X,66,2017/5/5,330800,8b13feed-b3bf-4da6-bee8-f00ba4ed21b4
温州市,0000001700000031000000070000000X,3,2018/11/5,330300,ad1bb47d-fc5b-4beb-b5a3-85e8d9f654fc
舟山市,0000000H0000002T000000070000000X,15.67,2017/4/5,330900,6100b766-6159-47a1-bf95-df48b79bc075
温州市,0000001700000031000000070000000X,2.83,2017/2/5,330300,4ba43a69-8d03-4ea1-8c7c-d264aa1b186e
丽水市,0000000H0000002T000000070000000X,14.17,2017/4/15,331100,1fb2423f-687d-489f-a9e7-eb3df2c867bd
嘉兴市,0000001K00000031000000070000000X,3.67,2018/8/5,330400,65e116c9-2557-4ba6-b794-2ebf9cc04aa1
台州市,0000000X0000007T000000070000000X,24,2017/2/15,331000,afb8d08b-8e01-49ab-a2bc-d7593e31220b
宁波市,0000002P0000007W000000070000000X,2.93,2018/12/15,330200,8b08c100-d475-4663-a3e1-ce7d380c6d79
绍兴市,0000000Z00000031000000070000000X,3.83,2018/12/5,330600,3ce8fcc7-757a-4712-9809-a1554bed11da
湖州市,0000000Z00000031000000070000000X,5.33,2017/5/15,330500,cb0f1f97-c82d-45a3-af6e-fafae9bd0469
衢州市,0000000D0000002R000000030000000X,38.33,2017/5/5,330800,d75d9a70-6a26-4dcf-acf7-841934fb1251
丽水市,0000001K00000031000000070000000X,3.33,2018/6/5,331100,788ebd19-c5bd-4143-9662-65f59eeddc83
嘉兴市,0000000J0000003S000000070000000X,32.33,2017/4/25,330400,d96b64e8-d652-4d3c-bbc1-0d850d86da5c
嘉兴市,0000000Z00000031000000070000000X,4.17,2017/6/15,330400,c63f4092-243b-4a18-a753-5044c875d701
温州市,0000002P0000007W000000070000000X,2.17,2017/6/15,330300,aab0219b-c0bb-4456-9727-1579663a02ac
衢州市,0000000P0000003E0000000700000010,4.3,2017/10/10,330800,83c34346-5a54-4e48-8eb9-8134707361cf
宁波市,0000000M0000003V000000070000000X,15.17,2018/1/15,330200,172a06fc-7d3d-4359-bbd7-847cde5e15bd
嘉兴市,0000000S0000002Z000000070000000X,8.5,2017/4/5,330400,5f868719-0ac3-4622-8fe7-c3b203fb60ef
舟山市,0000000P0000003E0000000700000010,4.7,2018/12/11,330900,7d294207-ad78-4039-8e90-abf26542b22b
浙江省,0000000Z00000031000000070000000X,2.9,2017/4/15,330000,82c82cc1-f8c9-4523-abf8-07fd6a6beb2b
杭州市,0000001400000031000000070000000X,6.67,2018/6/15,330100,3072b91e-44ce-48f3-bb29-63443919b0ce
衢州市,0000000H0000002T000000070000000X,19,2016/12/15,330800,39d0292a-d2b4-4784-8777-af33072102fe
金华市,0000001700000031000000070000000X,2.67,2018/8/25,330700,1186f933-77ec-4268-b810-e94b487a3f89
金华市,0000000P0000002W000000070000000X,5.1,2018/3/25,330700,e98d1525-921f-448b-9a5c-c888654bbb74
浙江省,0000000K0000003U000000070000000X,34.59,2017/7/25,330000,2f5e5e9a-040a-442d-92e7-9f0cf0a5a333
嘉兴市,0000000X0000007T000000070000000X,32,2017/12/15,330400,1703082c-b125-4b9b-9ef2-79a7a7402b6b
温州市,0000000P0000003E0000000700000010,3.65,2019/2/12,330300,02ce8d02-7370-4d79-a940-4072ec585634
丽水市,0000000J0000003S000000070000000X,35.33,2017/1/5,331100,49d0bf6a-a8eb-45b5-ab1a-780ebde9c51d
衢州市,0000001400000031000000070000000X,5.5,2018/12/5,330800,76645276-f8b5-4924-8bc0-fe6a72e0e7fd
金华市,0000000J0000003Q000000070000000X,41.67,2018/12/25,330700,02179057-4089-49a8-b452-40014eb6f194
宁波市,0000002P0000007W000000070000000X,3.27,2017/12/15,330200,d13292d7-9f5b-4dec-a9f0-1be00659d49e
舟山市,0000000G0000003F0000000700000010,9.8,2018/2/27,330900,f6a4a650-06bd-4f80-853f-4feaf77b0ede
舟山市,0000000G0000003F0000000700000010,12.5,2017/1/10,330900,fe7df2e3-e8d3-4363-86c8-e08769b6e218
温州市,0000000C0000002Q000000030000000X,60,2017/5/25,330300,fc478ca4-3a7c-4594-851e-3f630ade4352
浙江省,0000000D0000002R000000030000000X,43.35,2019/2/15,330000,66736b6c-2b4a-454e-a5cc-73fb289e14ff
湖州市,0000000J0000003Q000000070000000X,39.67,2018/8/15,330500,d6ac7c34-06e8-4752-9a62-4836d57066bb
衢州市,0000001400000031000000070000000X,5,2017/2/25,330800,92aac5a9-3031-4e05-98e6-b079eda135e5
台州市,0000000H0000002T000000070000000X,12.67,2018/4/5,331000,33864693-26cc-41bf-9ff2-daca065e69df
丽水市,0000001200000031000000070000000X,3.33,2018/4/15,331100,f477fc39-daa5-45f0-bd4e-01e2981a9031
杭州市,0000001200000031000000070000000X,3.43,2017/7/25,330100,660a9e4d-86f8-4bed-b5ed-890c2193dfc3
杭州市,0000000M0000003V000000070000000X,10.33,2017/4/5,330100,43ae4877-59bd-4d3d-b7e1-591a7379dd72
宁波市,0000001400000031000000070000000X,5.17,2018/8/25,330200,643a1ea5-9033-48be-8809-84d12e8ee288
嘉兴市,0000001K00000031000000070000000X,3.33,2018/12/15,330400,a14043e3-8c3e-4ffd-b523-c44e16f58218
嘉兴市,0000000C0000002Q000000030000000X,69.33,2018/12/5,330400,f344e1fc-ae54-41fb-b083-fc13380f2a2e
湖州市,0000002P0000007W000000070000000X,3.89,2019/1/5,330500,9612998c-31fe-451f-b749-b57edcd4a51d
温州市,0000002P0000007W000000070000000X,2.5,2018/7/25,330300,416896a2-3831-48d7-9055-32a59eb4fc07
丽水市,0000001Z00000036000000070000000X,4.83,2018/5/25,331100,eab39a01-f778-4f9c-b88d-55231f3f1fff
杭州市,0000000K0000003U000000070000000X,33,2017/4/25,330100,4f2d3dc2-ee2a-4e01-8b5f-f4d3b54c29e2
温州市,0000002U0000007X000000070000000X,3.83,2017/2/15,330300,33ef5c22-7f42-41b3-8218-320998b696d5
丽水市,0000001400000031000000070000000X,4.67,2018/11/25,331100,4a4a0fc4-d2bd-4db5-851d-4dda71cbeaeb
温州市,0000000P0000003E0000000700000010,4.05,2019/1/22,330300,1935cea4-fe4e-4d6c-86c7-b13ca28cad8a
衢州市,0000001400000031000000070000000X,6.67,2018/3/5,330800,af5b6ed6-e6ec-4f97-8935-bc6454fe4872
温州市,0000000P0000003E0000000700000010,4.15,2018/12/18,330300,400cdf6e-d54b-4839-82ab-9ae5e384c94f
舟山市,0000000P0000002W000000070000000X,5.17,2017/2/5,330900,ef8e411d-b508-47f8-ab84-7fcb86771b4c
温州市,0000000G0000003F0000000700000010,9.23,2017/10/31,330300,bbc891e8-2b23-42f2-aecf-ec8f92f6f082
金华市,0000001700000031000000070000000X,2.5,2018/7/5,330700,bf0d0fb5-7dd6-4d82-accc-fd2bb1b16607
丽水市,0000000S0000002Z000000070000000X,9.67,2017/11/25,331100,d5812b28-b388-44de-9300-104042e61772
温州市,0000000D0000002R000000030000000X,50.33,2018/3/25,330300,3a5bb063-b391-467a-b327-583b89aa4c51
衢州市,0000000H0000003N000000070000000X,14,2018/2/15,330800,87c46d41-552c-4c84-ab87-03d178884c48
衢州市,0000001500000031000000070000000X,3.83,2017/12/5,330800,daf45580-4cee-478f-a02a-bedb32dc9ddf
湖州市,0000000H0000003N000000070000000X,13.67,2018/11/5,330500,a45ba445-48d7-4dce-a806-93b47d8f1380
绍兴市,0000002U0000007X000000070000000X,4.67,2019/1/25,330600,3e4b2f86-b477-473d-be92-68796d9bd8fd
嘉兴市,0000000D0000002R000000030000000X,38,2018/3/15,330400,3c640829-532f-413b-944c-c7c14df4ae03
丽水市,0000000H0000003N000000070000000X,13.17,2018/1/5,331100,9e3aa527-219a-46b7-aabe-3a68cf0846da
浙江省,0000000D0000002R000000030000000X,43.31,2018/5/15,330000,7858077f-54de-4fb0-8658-6ccba89b30be
嘉兴市,0000001700000031000000070000000X,3.67,2019/3/5,330400,8374020f-54cb-499a-b2ca-cb6355e4ca74
金华市,0000002U0000007X000000070000000X,3.93,2018/8/25,330700,d4d4ff4c-f07d-4e36-91ed-7ee2b562a6b3
宁波市,0000002U0000007X000000070000000X,4.63,2017/4/5,330200,92e5c06f-95aa-4f0c-9744-9a6544dd1880
丽水市,0000000J0000003Q000000070000000X,39,2018/1/15,331100,d24cf4da-f95d-4208-870b-d8a0f72fed77
湖州市,0000001K00000031000000070000000X,3.67,2019/1/5,330500,e77bf5d3-5fbe-49a4-8e07-27196f0dcabb
温州市,0000002P0000007W000000070000000X,2.33,2018/3/5,330300,a2af6fb0-f78a-4c76-8fee-9247b82c1ea5
宁波市,0000000H0000003P000000070000000X,25.5,2018/3/25,330200,c151f355-8ef5-4505-a9dc-1693406cc0fb
杭州市,0000002U0000007X000000070000000X,4.47,2017/11/15,330100,31d42652-d2be-4f0c-916e-68c70757941b
金华市,0000000C0000002Q000000030000000X,68.17,2017/7/5,330700,1e4c442a-0174-4377-92a6-03aed3f9dc7c
温州市,0000000Z00000031000000070000000X,5,2017/9/5,330300,b1352aac-79da-438d-9e70-a29a8c514695
温州市,0000000H0000003N000000070000000X,16.33,2017/8/25,330300,21f2c738-5e14-4626-903b-3bc089f7f22e
宁波市,0000000H0000003N000000070000000X,12.93,2018/7/15,330200,0364ada3-635b-4d0f-b49d-65b218ccc016
浙江省,0000000J0000003S000000070000000X,34.98,2017/2/15,330000,4d184e16-e436-49bd-80a0-3bf9d468feef
温州市,0000000D0000002R000000030000000X,46.67,2017/4/5,330300,0738fd80-767a-4a6b-a169-d5c4ee504fce
嘉兴市,0000001K00000031000000070000000X,3.67,2018/6/25,330400,726b03b0-3b02-4de3-a308-058389b205c6
衢州市,0000000G0000003F0000000700000010,11,2019/1/22,330800,7746f1e9-799b-48dd-a004-6ef4f1dfe09d
金华市,0000002P0000007W000000070000000X,3.7,2019/2/25,330700,12182878-2196-4d2f-abc6-16a3536dc95f
温州市,0000001400000031000000070000000X,5.83,2017/9/25,330300,e3592aa7-2afd-4570-a01c-0b567ba6e3de
丽水市,0000000H0000002T000000070000000X,16.83,2019/1/25,331100,d9a2d012-506b-4793-9084-dc939162d9f8
杭州市,0000001Z00000036000000070000000X,6.67,2017/8/15,330100,6262b169-fdfc-43fa-a4a9-0fbcf0edf9dc
浙江省,0000000H0000003N000000070000000X,14.05,2017/7/15,330000,74b69a5e-3c0a-4363-a647-425ef5eb269c
湖州市,0000001700000031000000070000000X,3.17,2017/11/5,330500,4c213fb1-5359-4de2-82ae-bfa3453ec4b9
丽水市,0000000P0000002W000000070000000X,5.17,2017/11/5,331100,8361ac1b-a5ee-44eb-af73-e843fd492cd7
浙江省,0000000D0000002R000000030000000X,43.29,2018/7/15,330000,360e6505-fce5-410a-b2f2-0944728f714d
湖州市,0000000J0000003Q000000070000000X,38.33,2017/4/15,330500,f6ca0595-5d29-4238-a068-39fcfbe3c6c9
杭州市,0000002P0000007W000000070000000X,2.87,2017/7/25,330100,26555fb5-d11d-495d-b08b-0b74c507315e
宁波市,0000000H0000002T000000070000000X,15.33,2019/2/5,330200,acf67ec4-7345-40e9-98af-c773478942fd
嘉兴市,0000002P0000007W000000070000000X,2.87,2018/11/5,330400,32aef6d3-d2d4-4015-8215-c2839c73517b
衢州市,0000000X0000007T000000070000000X,26.67,2017/4/25,330800,ea0a4547-8c00-4a6d-9f51-c75ad3d96638
温州市,0000000J0000003S000000070000000X,48,2019/2/25,330300,89fa70ec-813e-4781-833b-51737c4c743d
杭州市,0000000M0000003V000000070000000X,10.33,2017/4/25,330100,b518c071-f829-4e26-9c7e-4bb55b4cd5b3
丽水市,0000000K0000003U000000070000000X,33.67,2017/5/15,331100,bbaadf4b-f6ed-4e54-809b-5ec89b7f93c1
金华市,0000000J0000003Q000000070000000X,41.67,2017/4/25,330700,4492a533-e1c5-46bc-b37a-6e430d34b6e9
衢州市,0000000H0000002T000000070000000X,21.33,2018/12/25,330800,edae420b-8c6c-4e52-897f-435467dbfc76
丽水市,0000000D0000002R000000030000000X,54.6,2018/5/15,331100,927a67d2-8850-45cc-9a73-206479620922
金华市,0000000H0000002T000000070000000X,14.83,2017/7/15,330700,8469d27f-0a8b-4a07-96f4-4129b3b8c121
绍兴市,0000002U0000007X000000070000000X,4.67,2018/9/5,330600,efa7f3d2-7e5e-420e-a37e-89c82bbfda57
嘉兴市,0000002200000038000000070000000X,3.5,2017/4/15,330400,68303605-e20b-4bb1-8d7e-5e12bf203b17
浙江省,0000000P0000003E0000000700000010,5.02,2017/12/12,330000,35b86985-5d61-4957-aca8-9311d4f981b9
台州市,0000001700000031000000070000000X,2.33,2019/3/15,331000,6b0a95a9-1a48-47bc-82b7-0ddeeee8d9de
衢州市,0000001200000031000000070000000X,4,2018/11/15,330800,ec2a4e07-cf1d-4931-9b06-e72413be180a
台州市,0000000H0000003P000000070000000X,25,2019/2/25,331000,d84a3f81-7f7e-48f3-8937-dc59fd7f86ff
台州市,0000000C0000002Q000000030000000X,63.33,2017/7/25,331000,4b29ac2e-130f-4378-9573-f6a9122d11aa
湖州市,0000001500000031000000070000000X,4.17,2018/8/15,330500,d8988c0d-69df-4158-a49c-6351603f98ad
衢州市,0000001500000031000000070000000X,4.17,2018/9/5,330800,54e004fd-5bcc-431c-a51f-a60edfe57d73
浙江省,0000002200000038000000070000000X,3.57,2018/3/25,330000,989a72f5-95dc-458f-8ec7-40bb0f0e0b4c
宁波市,0000001Z00000036000000070000000X,7.23,2018/6/5,330200,faae841c-e0ae-4f42-946c-ed5e24a31833
衢州市,0000001A00000031000000070000000X,10.67,2018/2/15,330800,078dacd2-2561-4aa3-a446-7ff0ee259deb
湖州市,0000003100000081000000130000000X,72.2,2018/4/15,330500,a5441cd3-c5b8-40f6-a161-57e1b3a2d286
绍兴市,0000003100000081000000130000000X,66,2018/5/5,330600,6537662a-05e4-4aa1-8308-249243966b8e
金华市,0000000P0000003E0000000700000010,4.7,2018/1/30,330700,912b6504-4c31-47f0-8241-e21077797a73
宁波市,0000000G0000003F0000000700000010,9.72,2018/7/31,330200,66f9009b-025f-4ae2-91b6-aab45dc188c8
温州市,0000000H0000003P000000070000000X,29.33,2019/2/25,330300,04317467-7cf2-4cb4-aa40-bf4dadec3fcd
温州市,0000000C0000002Q000000030000000X,60,2017/12/5,330300,247dbc4a-218a-40eb-b607-74c21be7f5de
浙江省,0000000J0000003S000000070000000X,35.11,2018/5/5,330000,e05baadc-96ff-4681-9d2a-0fae07e59f1e
衢州市,0000000Z00000031000000070000000X,4,2018/8/5,330800,a1f9de0f-f7b1-451a-97f9-0d247ab765f9
金华市,0000000M0000003V000000070000000X,12.33,2017/11/5,330700,5d0ff1c5-5257-4f9a-bad2-79e51a8bd700
台州市,0000000Z00000031000000070000000X,4.67,2017/8/5,331000,8736c923-64de-41b2-b7c4-a1c8c3c3ab87
台州市,0000000H0000003N000000070000000X,11.5,2018/4/5,331000,6677e0ff-95e1-4e6c-a605-9496dfd14c07
湖州市,0000001700000031000000070000000X,3.17,2018/7/25,330500,290a3b34-4eef-473b-adf6-4cca72374d9d
湖州市,0000001K00000031000000070000000X,4,2019/1/15,330500,a1eb9036-3b0c-4748-88fe-e6a0cde03ae8
嘉兴市,0000000M0000003V000000070000000X,12,2019/2/25,330400,e7e862fa-6c86-4a98-b919-bb0a59317cb4
衢州市,0000001K00000031000000070000000X,3.5,2019/2/25,330800,ac0f569f-1c36-42f6-a9fe-00f023b3af1b
丽水市,0000000C0000002Q000000030000000X,72.93,2016/12/15,331100,e6c1f31e-68d7-494e-a804-3c56f39e5807
舟山市,0000000H0000002T000000070000000X,15.17,2018/11/25,330900,2a87e9d5-a249-4bf8-9c86-d88e81673ed7
台州市,0000000D0000002R000000030000000X,39,2017/10/25,331000,419dcedb-1862-4a0d-94d8-da62e9fecce3
丽水市,0000001500000031000000070000000X,5,2017/2/25,331100,419b46cf-b7ba-4b1e-bba8-f729272a7a85
嘉兴市,0000001400000031000000070000000X,4.17,2017/7/25,330400,a4c80024-f7a8-43df-8068-506265fb43d4
温州市,0000000H0000002T000000070000000X,16.33,2018/6/15,330300,1a4104b3-5bf0-4b84-9166-99553a94d687
温州市,0000001E00000031000000070000000X,5.33,2017/10/25,330300,8a799333-3b56-4619-9588-1ecbcfc0e802
嘉兴市,0000002200000038000000070000000X,3.17,2019/1/5,330400,13c207bd-bbcd-4e48-945b-68b36d578f83
台州市,0000001400000031000000070000000X,5.17,2017/10/25,331000,f8391a8c-0f21-4539-bd0c-6d4709b6a4cb
温州市,0000000K0000003U000000070000000X,48,2017/12/15,330300,d94a20d4-884f-456d-9e5b-d09945df8b9b
丽水市,0000000G0000003F0000000700000010,7.1,2018/4/17,331100,2ca9a5e3-1aee-4cbd-a2c2-0addf64c8d2b
台州市,0000002P0000007W000000070000000X,3.28,2017/9/5,331000,34d0ee00-d23a-4a61-809b-a20441359525
丽水市,0000001K00000031000000070000000X,3.17,2018/3/15,331100,dc8bb2cf-7680-48ed-b44e-8955bd070c82
台州市,0000001200000031000000070000000X,3.17,2017/6/25,331000,0c468175-d330-456d-b4d1-9abe091d4050
湖州市,0000002200000038000000070000000X,4.17,2017/9/5,330500,442012c4-5888-488b-b0d2-7a74bd1fe278
杭州市,0000000J0000003Q000000070000000X,45,2018/12/5,330100,0ad72a93-b092-4490-a16d-d0932d11c089
湖州市,0000000H0000003N000000070000000X,13.33,2018/12/15,330500,60623ac8-a4f8-45d7-a9a8-f9dc2a3bb1ce
衢州市,0000003100000081000000130000000X,86.27,2019/3/15,330800,d4b0641a-f6cd-4be4-bc14-ed0f75cc27f5
舟山市,0000000S0000002Z000000070000000X,11.67,2018/9/15,330900,6a3939c5-9861-447e-838b-44f1c4c55d02
嘉兴市,0000000H0000003P000000070000000X,22,2017/4/15,330400,c7d179bb-ac56-4402-8148-178ad3342a02
温州市,0000002P0000007W000000070000000X,2.33,2018/5/25,330300,198a05c9-9951-4d56-982d-67181aa5df78
湖州市,0000000Z00000031000000070000000X,4.33,2018/12/25,330500,21205f9c-44d1-4a9d-b825-71cb6dc682d5
丽水市,0000001400000031000000070000000X,7.83,2019/2/25,331100,2f23f5d1-fe53-4afc-a495-26dcdfa8b96d
杭州市,0000000M0000003V000000070000000X,11.67,2019/1/5,330100,818adc37-12b1-4fd8-8073-6983648de529
衢州市,0000002P0000007W000000070000000X,3.06,2018/11/15,330800,2a7e355e-ef37-4510-b954-b3b6466edcf4
嘉兴市,0000002200000038000000070000000X,3.83,2017/6/25,330400,1c3ceb52-bd35-4d08-b661-c517a6b6d3ea
宁波市,0000001200000031000000070000000X,5.33,2018/11/15,330200,0f15a2ce-7028-4ee5-bf9a-8bd07102d3ef
嘉兴市,0000003100000081000000130000000X,79,2018/1/25,330400,21c0ef54-96c7-4967-8fbe-2d2ed6e047f9
浙江省,0000001K00000031000000070000000X,3.48,2017/11/25,330000,d5c07afc-af94-409f-87d0-85ab4b5ce63e
舟山市,0000001200000031000000070000000X,3.17,2017/7/5,330900,ffaf266f-befa-47bc-be1b-bdea868edc70
金华市,0000001Z00000036000000070000000X,5.67,2017/4/5,330700,f509c31b-5d11-42d4-9012-d01a832c6f49
绍兴市,0000002200000038000000070000000X,3,2018/8/5,330600,3c79911b-9e55-4dde-a27f-2cb19e94bcc8
浙江省,0000001A00000031000000070000000X,5.07,2018/6/5,330000,c5f12d32-0257-40a1-9f27-f82bd6fcc4ec
绍兴市,0000001700000031000000070000000X,2.4,2018/3/15,330600,c8decc79-5d98-404c-aea6-bb806aa69f38
杭州市,0000001A00000031000000070000000X,5.17,2017/2/25,330100,6055b3ec-e137-437d-a3c4-b25b8c066caa
杭州市,0000001K00000031000000070000000X,3.03,2017/5/25,330100,ea1fa665-666e-44cf-82dc-50a1bc2c80f5
舟山市,0000000C0000002Q000000030000000X,50.3,2018/7/5,330900,5137fdba-41c5-4924-888b-b225da7a1014
丽水市,0000000P0000003E0000000700000010,5.2,2017/12/12,331100,3bcb3199-3fe1-43e6-a8fe-37171bcb924e
衢州市,0000000S0000002Z000000070000000X,8.83,2018/8/15,330800,21eaf933-ee94-423e-a734-94a8fd298140
杭州市,0000002U0000007X000000070000000X,4.47,2018/4/25,330100,1208810d-3f82-43a9-bb63-df9881184320
湖州市,0000002P0000007W000000070000000X,3.89,2018/3/25,330500,99a6afe4-c1bd-41aa-8c66-42dd88896641
杭州市,0000000J0000003S000000070000000X,35.67,2018/9/5,330100,a4214fb1-8db6-437f-b5db-07efc2f0bf25
湖州市,0000000S0000002Z000000070000000X,9.33,2018/4/5,330500,291f417c-aa52-4b7c-86ab-a97081ff93d8
嘉兴市,0000001400000031000000070000000X,6,2017/3/15,330400,ffab2ac6-edef-432f-9cab-c41779d89138
舟山市,0000000H0000002T000000070000000X,13.17,2018/7/15,330900,1977a2d5-1e89-426d-95a2-220c0f3039e3
杭州市,0000000J0000003Q000000070000000X,43,2018/2/25,330100,18548c0d-d4d9-4de2-9dd1-314fd24354a6
丽水市,0000000X0000007T000000070000000X,36,2017/12/5,331100,a164fa7f-def2-444c-88f7-c3e22cc1e26f
台州市,0000000H0000003N000000070000000X,10.5,2018/4/25,331000,e65fb879-6905-4b25-95f1-2118cdbc50b1
丽水市,0000001500000031000000070000000X,5.17,2019/1/25,331100,8620e883-df80-4bd9-a7b1-c9131e9948bb
舟山市,0000000H0000003N000000070000000X,17,2016/12/15,330900,7b469adc-e2b2-497e-9339-f3a410b42adf
舟山市,0000000P0000003E0000000700000010,4.5,2018/8/7,330900,285dadda-58f8-4aba-ae46-c7d318bbf409
温州市,0000000X0000007T000000070000000X,43.33,2016/12/25,330300,a832ece4-5b5e-4e9a-95ee-eb9d211d681c
丽水市,0000000G0000003F0000000700000010,10.5,2019/2/12,331100,1e6b8444-ec10-4711-92b2-36d34ef848d2
台州市,0000001400000031000000070000000X,5.17,2017/4/15,331000,17f4cbee-7a0b-48da-b556-f7bd21ecad92
丽水市,0000000M0000003V000000070000000X,10.67,2018/6/25,331100,a98ad98c-5111-4db9-9c8f-0c1dfc8bf7a8
衢州市,0000001Z00000036000000070000000X,5.33,2018/7/15,330800,9058ae23-8e21-41b3-812c-19ecf519d3d2
舟山市,0000001500000031000000070000000X,4.33,2017/5/5,330900,b57fde18-3a8c-43d9-b248-86c4b81e36cc
金华市,0000000H0000003N000000070000000X,12.67,2017/12/15,330700,c7edffbd-c0bd-4b09-b0c1-ad714e2d313f
宁波市,0000003100000081000000130000000X,178.67,2018/2/25,330200,47616298-6126-4c48-aec2-ccc93e0df9a8
舟山市,0000000H0000003N000000070000000X,15.17,2018/10/25,330900,dee25f97-c669-4ccd-a1d2-3e61c0f8127a
温州市,0000000D0000002R000000030000000X,46.67,2017/4/15,330300,2087688f-d070-4bf4-848d-b9a9c71584da
温州市,0000002U0000007X000000070000000X,4.67,2018/8/15,330300,23ff37a5-b70a-4824-9bf8-e1e7f9137603
杭州市,0000002200000038000000070000000X,2.67,2017/7/15,330100,81025360-f5d9-4b68-8603-2d95306f5c53
台州市,0000001700000031000000070000000X,2.17,2019/1/25,331000,0761dbdc-868f-450f-8a55-bdf8126e8a9b
温州市,0000000H0000003P000000070000000X,22.67,2018/4/25,330300,7f4b2f00-fadb-4e4d-b333-9c21f5bcfba2
台州市,0000000D0000002R000000030000000X,39,2018/5/25,331000,fdbe016e-8642-4a73-af2b-46827bf39161
绍兴市,0000000K0000003U000000070000000X,38,2018/10/25,330600,c53e3d75-3a69-4b5f-91b6-a2fab015d29a
金华市,0000002P0000007W000000070000000X,3.9,2017/10/25,330700,237fff85-f3c3-4e7f-b261-77544b33922f
嘉兴市,0000002U0000007X000000070000000X,3.77,2018/12/15,330400,e87e574a-719a-4a00-bdfb-f3ce0bd9c19b
台州市,0000000H0000002T000000070000000X,13.17,2017/12/25,331000,fdbce6ae-fcc4-4e18-9327-b606ba878ddf
杭州市,0000001A00000031000000070000000X,5.5,2017/1/15,330100,572d9d7f-8b36-4f6a-aa5a-a95228807136
浙江省,0000000H0000002T000000070000000X,17.11,2018/11/25,330000,b0cced06-27ed-4da0-81be-7478f651079b
舟山市,0000002U0000007X000000070000000X,3.83,2018/6/15,330900,a27344c5-b45a-4525-bac4-4326077d126a
台州市,0000001K00000031000000070000000X,2.67,2018/1/5,331000,c7632ef4-441b-4656-95d6-058cb9ccd523
绍兴市,0000000C0000002Q000000030000000X,57.67,2018/8/15,330600,a305db07-69a3-4ec8-a754-b18b146e16e9
嘉兴市,0000001200000031000000070000000X,5.33,2019/1/25,330400,007bda86-636f-4a46-84c7-34a3b9936323
宁波市,0000000C0000002Q000000030000000X,77,2017/10/25,330200,adc52cab-05bc-43cc-aaf7-88956e47fc2d
绍兴市,0000000D0000002R000000030000000X,49.33,2017/7/25,330600,4d0ed22a-a3ce-4bbd-b5a2-de0225900a56
浙江省,0000000D0000002R000000030000000X,43.58,2017/9/25,330000,d9f614c4-aa7c-4b77-85a0-51c3268ef1d5
绍兴市,0000000J0000003S000000070000000X,35,2018/2/15,330600,eb8902f5-78ad-4489-96d3-d5e17e023010
杭州市,0000001A00000031000000070000000X,5.17,2017/12/15,330100,378a81f8-61c9-483d-b6e2-a85c30a4a229
杭州市,0000001700000031000000070000000X,2.67,2018/8/25,330100,c938f094-dd2f-40fa-a39c-d71d1e57d131
嘉兴市,0000000C0000002Q000000030000000X,66.33,2017/2/5,330400,3d0a9047-0d8c-47a3-9fff-662245201736
丽水市,0000000G0000003F0000000700000010,6.9,2018/5/8,331100,46399fe7-62a9-46db-837a-b1cc60e64999
台州市,0000001Z00000036000000070000000X,6.33,2017/9/25,331000,acc67bcc-6c06-42ce-bccf-4ba89878ef2e
丽水市,0000000P0000002W000000070000000X,6,2018/8/25,331100,5c7832b6-ccd7-4fa8-b78b-4a6736c81f28
杭州市,0000001K00000031000000070000000X,3.77,2018/6/15,330100,a3a92d2a-7521-472e-a2b9-e01ab6e42cd2
丽水市,0000001200000031000000070000000X,3.83,2018/3/25,331100,7603ab4b-534b-4231-b7f7-eedee4a3c69a
金华市,0000002200000038000000070000000X,3.33,2018/4/25,330700,9a23bbb5-e004-47d1-bc1b-dc52b978aa9b
湖州市,0000000P0000002W000000070000000X,5.67,2019/3/15,330500,6c540570-6020-43e9-8ca6-27dcb4825f5a
绍兴市,0000000P0000003E0000000700000010,3,2017/5/9,330600,b23b9a53-3662-4f15-b4d5-293b181d8367
浙江省,0000000K0000003U000000070000000X,35.66,2017/12/15,330000,ea3d3cb1-a708-452f-ab47-e29dace6683a
浙江省,0000000G0000003F0000000700000010,9.43,2018/8/7,330000,787d9044-4b9a-48c4-8b9c-b48c1a94a9f1
嘉兴市,0000003100000081000000130000000X,79,2017/10/15,330400,77acea4c-6f32-4f3a-9689-b3b592ecdf64
舟山市,0000001200000031000000070000000X,4.83,2018/3/5,330900,27e73ea9-2c5a-417c-a674-c037a64089b0
嘉兴市,0000001500000031000000070000000X,4,2017/4/25,330400,a941aeab-7b19-4f33-addc-e7744588d81b
宁波市,0000002U0000007X000000070000000X,4.57,2018/9/5,330200,0bf45c06-b6fc-41cb-be50-2b1e778c4055
衢州市,0000001400000031000000070000000X,4.83,2017/12/25,330800,591648fd-269d-433a-8421-598ad4dae93f
杭州市,0000000X0000007T000000070000000X,38.67,2018/1/5,330100,b646002f-f89a-4270-84f4-9e4e641977f3
温州市,0000001Z00000036000000070000000X,7,2018/9/25,330300,edfc9ae2-98b0-499d-8dc6-702c783dcda6
湖州市,0000000D0000002R000000030000000X,36.33,2019/2/25,330500,f0307b09-964f-45d4-bc47-4254158beb19
嘉兴市,0000001500000031000000070000000X,5.5,2017/3/25,330400,059e91fd-231f-424a-acc1-dd7f6275a3c2
湖州市,0000000D0000002R000000030000000X,40,2017/1/25,330500,f77900cc-e321-4f5c-8527-f4c20a46c594
浙江省,0000001200000031000000070000000X,3.93,2017/3/25,330000,4372b9b1-ce92-416a-8299-944e5d41b4f7
金华市,0000001K00000031000000070000000X,2,2018/3/25,330700,58868c31-58bc-461c-9265-501730bf9947
湖州市,0000000H0000003N000000070000000X,13.33,2019/3/5,330500,218ad7f7-ebc7-40e4-9f90-4c5f32c0ab23
丽水市,0000000K0000003U000000070000000X,33.67,2017/7/5,331100,d7c850d6-32f2-43c9-845b-51882735fead
浙江省,0000002U0000007X000000070000000X,4.34,2019/3/15,330000,ce351e04-b55f-4400-aadd-e290c871bc3e
嘉兴市,0000001K00000031000000070000000X,4,2018/2/15,330400,5fb1096c-dc60-4e2d-803c-c996796e1962
金华市,0000000P0000002W000000070000000X,5.67,2018/10/5,330700,82cb3243-7c3a-4c4b-b3eb-29dcdaf4cb7f
丽水市,0000000K0000003U000000070000000X,33.67,2017/7/15,331100,29fb37f7-0714-4d78-90e5-bcbfd189e554
温州市,0000002200000038000000070000000X,3,2017/1/5,330300,f57d7ca0-3de2-420d-b3db-f3f3dd27f764
衢州市,0000001A00000031000000070000000X,7.33,2017/10/5,330800,b4b55e59-1f67-4a58-9a9e-70af82a5fe72
温州市,0000000H0000002T000000070000000X,18,2016/12/25,330300,71c940f2-39da-456f-a86d-4a0810f49c94
舟山市,0000001500000031000000070000000X,5.5,2019/1/5,330900,b508f722-3207-484b-b967-114e19a37e00
宁波市,0000002U0000007X000000070000000X,4.8,2017/6/5,330200,418ef070-2a16-4582-8f87-5c9ae6616b64
金华市,0000000G0000003F0000000700000010,9.6,2017/8/15,330700,bfdbaab4-20cd-4919-95be-049b92863708
衢州市,0000000D0000002R000000030000000X,37,2019/2/25,330800,b73aee34-47f7-4244-86d7-e06f4feeb4db
绍兴市,0000003100000081000000130000000X,66,2017/3/25,330600,d9c7c760-25c1-453c-84cc-7332b045069d
浙江省,0000000J0000003Q000000070000000X,39.83,2017/10/25,330000,2f05d6b9-def5-43fe-8bb2-630861e2c40c
金华市,0000000C0000002Q000000030000000X,68.17,2017/3/15,330700,0dddf522-1602-4f61-9006-402835dd8dc0
温州市,0000001500000031000000070000000X,5,2017/5/5,330300,9a12ac57-2105-4aec-b54a-4559e5eb004d
湖州市,0000001200000031000000070000000X,5.17,2018/3/25,330500,c946150f-8c6a-4711-96fe-1d0133c4243b
舟山市,0000000S0000002Z000000070000000X,11,2019/3/5,330900,770d364a-eb0c-449b-b9ab-b1fe39adf2b2
温州市,0000000G0000003F0000000700000010,7.02,2018/4/3,330300,eec4a0b2-774c-4eb1-adcb-323889fcbdba
嘉兴市,0000000X0000007T000000070000000X,31,2017/5/15,330400,8267fc22-b194-4d04-a52a-0072d8d31f45
丽水市,0000000G0000003F0000000700000010,7.7,2018/6/26,331100,eba7ca96-81c6-4465-b251-415e3acec781
台州市,0000000H0000003P000000070000000X,26,2018/9/15,331000,120bdb05-1038-4af9-a47b-755c8c4f9e5f
湖州市,0000000G0000003F0000000700000010,9.3,2018/12/11,330500,3d7987e4-03b2-4e8f-b0a9-1adc3fb18a1f
湖州市,0000000K0000003U000000070000000X,0,2016/12/15,330500,0fd6845c-704e-478d-9416-6e3ed8c1ec89
台州市,0000001E00000031000000070000000X,4.5,2017/8/15,331000,672c0fef-7d9e-48c4-9700-0372f825991c
温州市,0000000P0000003E0000000700000010,4.75,2017/8/29,330300,d562bec4-55d2-4729-9ee7-fedb83c4018d
衢州市,0000000D0000002R000000030000000X,38.33,2017/4/25,330800,5af05b4e-a949-4bdc-ba7a-98ac151b57d0
台州市,0000000J0000003Q000000070000000X,41,2018/10/25,331000,8bffd7c9-cd35-4cea-9c5c-116ab3e37496
衢州市,0000000H0000003P000000070000000X,19,2018/6/15,330800,2c92acc9-a3db-4fd5-b18d-d421928d3b5d
嘉兴市,0000001E00000031000000070000000X,3.83,2018/11/25,330400,bd8b21d9-af6d-4ba6-a8da-57913c396280
嘉兴市,0000000D0000002R000000030000000X,38.33,2017/2/5,330400,52f997c0-b7bd-474d-845d-50c0f1d599f4
舟山市,0000001E00000031000000070000000X,6.17,2018/8/5,330900,00879f2a-ebe2-484b-b921-43df0e964cf8
宁波市,0000000G0000003F0000000700000010,10.29,2017/10/10,330200,560c2fa3-739c-4b35-8496-a468f64f7bde
杭州市,0000001200000031000000070000000X,5.67,2018/2/25,330100,84eab36d-2563-4891-a462-f46d66f78569
宁波市,0000000H0000002T000000070000000X,16.57,2018/11/5,330200,ee16d1d7-e4e4-422f-8630-d93f8cd7cd9c
温州市,0000000H0000003P000000070000000X,30.67,2018/11/25,330300,c1f22e6c-fe03-4e0d-ae22-d37c61c70900
杭州市,0000001400000031000000070000000X,6.17,2017/1/5,330100,e1187e9d-eaa0-412e-b79a-6c5e21a7736b
湖州市,0000000P0000003E0000000700000010,4,2018/6/26,330500,146e51f2-22d5-48fe-a464-3a32eb21e6e2
杭州市,0000002P0000007W000000070000000X,2.8,2017/5/15,330100,70fc1487-f3f8-46b5-97de-54b047de9c01
宁波市,0000002200000038000000070000000X,4.17,2019/2/15,330200,2c0cd541-0061-4473-b13f-0528021a4331
绍兴市,0000000S0000002Z000000070000000X,7.67,2017/2/15,330600,210dd1c4-5fb8-4051-a9d4-c77c0ac58b25
台州市,0000000P0000002W000000070000000X,5.1,2018/12/15,331000,d2825b1b-96f0-45f4-a185-eddd88e3ef96
温州市,0000001E00000031000000070000000X,2.83,2018/12/15,330300,783d3e87-51bc-4705-9d39-b1b5e7de5c57
浙江省,0000000P0000002W000000070000000X,3.98,2017/6/5,330000,4af15b57-9845-4c5b-8dd1-39a53e16e219
嘉兴市,0000002200000038000000070000000X,4.5,2018/4/5,330400,c647bc4b-7e9c-49b0-9064-288b58a45247
丽水市,0000000G0000003F0000000700000010,9.3,2017/8/8,331100,7faa29dc-eb43-4b96-a5db-343d9cac40f7
嘉兴市,0000002U0000007X000000070000000X,3.77,2019/2/25,330400,168b345a-71ee-4423-a2cd-65a38aab67ca
宁波市,0000001700000031000000070000000X,3.23,2018/1/15,330200,58ee468d-63ed-4825-8b6d-bf5370aec0ee
丽水市,0000000C0000002Q000000030000000X,70.23,2018/10/5,331100,4a4f52b6-de73-453b-8d29-2f9c3ed1b31b
浙江省,0000000D0000002R000000030000000X,43.31,2018/10/25,330000,9e1b64a3-e10a-4384-9902-0fd62b6759e6
金华市,0000000H0000003N000000070000000X,12.5,2017/9/25,330700,b8c94095-5873-4bdd-a10c-86793fb5ef8d
浙江省,0000000G0000003F0000000700000010,7.11,2018/4/24,330000,892866e6-3b7c-42f2-a071-f831b16ae7d2
丽水市,0000000J0000003Q000000070000000X,38.67,2016/12/25,331100,4149f85f-357a-4632-a214-922ffb74cd3f
浙江省,0000000Z00000031000000070000000X,5.3,2017/9/15,330000,dd430587-5291-48dd-ac7f-09a58b33035e
金华市,0000001400000031000000070000000X,5.17,2018/1/5,330700,b3742692-7044-4e34-ab5b-820f0b8b023e
温州市,0000000M0000003V000000070000000X,15.33,2018/10/15,330300,6a597810-7ea0-42fb-9db9-def62387974f
浙江省,0000003100000081000000130000000X,94.13,2017/12/15,330000,3f07e2fc-beff-496e-bf70-8b76ed633066
台州市,0000000P0000003E0000000700000010,3.85,2018/7/3,331000,195f75b1-4d92-4954-bfa4-12468a2c6910
舟山市,0000002200000038000000070000000X,3.67,2017/10/25,330900,bb2bfded-b8e2-4f75-9f5b-c5686a85c2a6
台州市,0000000P0000003E0000000700000010,2.9,2017/6/27,331000,fe0ac0e7-5381-4330-80c5-1ee0e349ee1e
杭州市,0000000M0000003V000000070000000X,10.33,2017/4/15,330100,68741db8-f234-4e70-8216-3496e506c1d0
丽水市,0000000G0000003F0000000700000010,10.5,2019/2/26,331100,66fba88f-64bd-4e82-8913-97c6e20ea7da
温州市,0000000H0000002T000000070000000X,18,2017/12/5,330300,ea24b78d-d20e-47d6-9b36-33e3632f12ef
杭州市,0000000P0000003E0000000700000010,4,2018/6/5,330100,2fa12109-4e16-4d2a-9c63-340199b14008
金华市,0000000H0000003P000000070000000X,21,2017/2/15,330700,1df6411c-7da8-4f2d-af26-412762577b8d
绍兴市,0000000D0000002R000000030000000X,49.33,2019/3/5,330600,7c6efba3-582b-4104-a586-bfdc72b3dc38
温州市,0000001E00000031000000070000000X,5.5,2018/3/5,330300,0de06c12-376f-4492-abc5-e5ae01ee1892
金华市,0000000J0000003S000000070000000X,37,2019/1/15,330700,7fe164ab-4854-4443-9f1d-7fd42e580548
衢州市,0000000P0000003E0000000700000010,3.8,2018/4/17,330800,8ffef6ad-c778-47d8-a162-4676f55d2611
湖州市,0000000D0000002R000000030000000X,36.33,2019/1/25,330500,c8442cf3-3539-4a74-808c-bcf647c58f17
绍兴市,0000001E00000031000000070000000X,3.5,2018/11/15,330600,944d5303-8b86-4429-892f-a8d46176fd3d
绍兴市,0000000Z00000031000000070000000X,5.17,2017/10/5,330600,6d1e97b0-6be7-468a-83ec-004b1700148a
浙江省,0000001400000031000000070000000X,5.97,2017/2/25,330000,f1ab598f-2532-4704-ba21-94c1b65cf7be
台州市,0000000H0000003P000000070000000X,24,2017/6/25,331000,8ae14475-2e2c-48fb-ae7e-14af97697473
舟山市,0000001500000031000000070000000X,3.83,2017/6/5,330900,234bd5f7-cc07-481b-aad7-a44975c1fdab
台州市,0000001400000031000000070000000X,6.33,2018/10/15,331000,50732bf9-7334-4add-87ea-1eb7de3b8d5e
丽水市,0000003100000081000000130000000X,84,2018/3/25,331100,6b6bfcac-1417-4a4c-8aa4-8c9afa6a22e2
湖州市,0000000H0000003N000000070000000X,15,2017/2/25,330500,8d51e5ff-8503-4cea-a015-60fb12e72de2
台州市,0000000M0000003V000000070000000X,10.33,2017/6/15,331000,7741d792-fee5-4956-821b-c99346bd9e3b
宁波市,0000000Z00000031000000070000000X,6.57,2018/8/5,330200,204e14a7-4eb7-4847-a626-0cc8ca0df836
金华市,0000000P0000002W000000070000000X,5.67,2018/2/15,330700,b3d4631d-fb60-4fc6-a36e-c8c0b607f6a1
杭州市,0000000P0000003E0000000700000010,4.7,2018/12/11,330100,8e483ca5-f829-4ef8-b023-aec09b09d861
丽水市,0000000K0000003U000000070000000X,33.67,2017/4/15,331100,d0097777-e25f-4bac-9f68-13982b2f94c0
台州市,0000000J0000003S000000070000000X,34.33,2018/1/5,331000,4d649401-335f-43c7-9d91-a3c9898d299a
湖州市,0000002P0000007W000000070000000X,3.89,2019/2/5,330500,034d8499-f104-4a02-9e1e-37a45078c0d8
丽水市,0000001500000031000000070000000X,5.17,2017/3/5,331100,85219826-c42a-4658-a2a4-48ed91b82871
宁波市,0000000C0000002Q000000030000000X,74.33,2018/3/15,330200,e2249c08-3ca9-41db-adb6-a379bed87a1c
金华市,0000000Z00000031000000070000000X,2.83,2018/12/5,330700,c7213ddf-9257-4cac-87ae-fa5e0435b2f1
杭州市,0000001500000031000000070000000X,4.67,2016/12/15,330100,ccaccc66-cc2d-4b28-9f6c-fd3cf1e137ee
温州市,0000000G0000003F0000000700000010,8.25,2019/2/5,330300,03998971-b7bc-42e8-85f3-e108148527b5
衢州市,0000003100000081000000130000000X,77.67,2017/6/5,330800,d10982bb-f048-43c6-925b-e484c2c7568b
绍兴市,0000001200000031000000070000000X,3.5,2018/8/15,330600,58a50526-6202-4760-b649-1fc84dc7a3b3
台州市,0000000H0000003N000000070000000X,14.67,2017/1/25,331000,2ce5f29e-7461-43bd-97db-fdeeafba4611
丽水市,0000000S0000002Z000000070000000X,9.67,2018/9/5,331100,cbe79553-0cf0-4245-a71e-fb89163f264a
丽水市,0000001700000031000000070000000X,2.67,2018/10/15,331100,f87ab7af-939a-4d86-9962-ce7c60bb2975
嘉兴市,0000000P0000002W000000070000000X,3.63,2017/5/15,330400,d32d5833-1229-49cc-a7ac-693077abca35
舟山市,0000000H0000002T000000070000000X,15.67,2018/2/25,330900,8417c511-f226-4c71-bd5e-33727c15f62a
杭州市,0000000P0000003E0000000700000010,2.8,2017/6/13,330100,1613d97b-1e91-4651-baf3-2a0f0f1631e7
宁波市,0000000K0000003U000000070000000X,32.5,2017/6/5,330200,1731bf7d-adb3-493b-9a90-dd85295949f0
衢州市,0000000P0000003E0000000700000010,2.65,2017/3/7,330800,acf34754-a53b-408a-a170-8c746928e7f1
舟山市,0000000S0000002Z000000070000000X,11.33,2018/7/15,330900,18038706-b714-4545-a8b6-2bd96f63854d
嘉兴市,0000000G0000003F0000000700000010,9.85,2018/11/13,330400,90a78398-e4c3-465c-bbae-a80dfb522c6a
宁波市,0000002P0000007W000000070000000X,3.27,2017/10/25,330200,1eeb4b40-73c9-4c5c-8309-c769c9933124
绍兴市,0000000J0000003Q000000070000000X,43.33,2017/4/5,330600,89507482-1a1e-41e5-be02-9d9c2dcc9953
舟山市,0000000S0000002Z000000070000000X,11.67,2018/4/15,330900,df72e4c8-b33d-4a89-bf41-6babc8891971
衢州市,0000000J0000003Q000000070000000X,41,2018/12/15,330800,bcdf3890-e8b5-454d-8f2e-a49488ef13de
宁波市,0000000S0000002Z000000070000000X,8.9,2017/5/5,330200,2d92347c-4f6c-453a-93c5-bda7bd8f194d
舟山市,0000000P0000002W000000070000000X,4.33,2017/6/25,330900,da8f03f8-d13e-446a-a130-91d1f1e39db2
湖州市,0000000C0000002Q000000030000000X,57.67,2018/5/15,330500,bb7acad3-87b0-47cc-b238-cbb202c9c09d
衢州市,0000002U0000007X000000070000000X,4.33,2016/12/15,330800,4047c162-4c5a-4b9b-9047-1393917e7ba9
台州市,0000002P0000007W000000070000000X,3.28,2017/3/15,331000,25ec4c51-22b0-4749-a293-4c168642e28b
嘉兴市,0000000J0000003S000000070000000X,32.67,2018/10/5,330400,01b5d71b-0aa9-4604-be9c-a9eda5c99b26
舟山市,0000001500000031000000070000000X,4.17,2017/11/15,330900,0c79780d-bda7-4cc4-8088-324aeaa40838
湖州市,0000001200000031000000070000000X,4.67,2018/4/25,330500,5ebc912b-d4a3-4b01-8f7c-232fefea06ce
台州市,0000000S0000002Z000000070000000X,10,2018/9/5,331000,5561aa2a-a785-46e4-8f8d-6b1b3ebee213
舟山市,0000000H0000003N000000070000000X,16,2017/3/25,330900,71e3e713-70cd-442c-a1d7-ef189d4c88f4
金华市,0000000M0000003V000000070000000X,13,2018/11/25,330700,02ae9ab4-3b72-4dce-b511-b1f299bbee2f
宁波市,0000000X0000007T000000070000000X,38.83,2017/9/25,330200,5f1d46c0-fa8d-4e9b-8781-193d776cd6f3
嘉兴市,0000001E00000031000000070000000X,7.17,2018/10/5,330400,2cc06652-09f5-4ad2-be7b-0eeeae3ddd9a
舟山市,0000001E00000031000000070000000X,4.67,2019/2/15,330900,858d11bd-7e78-4cbc-b810-fc93d33ec86f
衢州市,0000000H0000003N000000070000000X,13.67,2018/1/15,330800,7b649ffb-e893-4de6-a623-5548de6ad4a7
杭州市,0000001500000031000000070000000X,5.43,2019/1/5,330100,ef7c54ff-cc55-4de7-b3d8-264e950f81ef
嘉兴市,0000000X0000007T000000070000000X,32.33,2018/12/15,330400,fd57442a-7db3-4081-abbb-ecf8515b54cd
浙江省,0000001K00000031000000070000000X,3.09,2018/5/25,330000,41d90c2a-4cbf-4d7f-944b-981998a56752
舟山市,0000000J0000003Q000000070000000X,39.67,2017/8/15,330900,f5fbb656-313f-4f57-acf7-9dadcc208ee9
绍兴市,0000000H0000003P000000070000000X,24.5,2018/2/15,330600,02475238-6c1b-4cd2-ad5d-4517d4500d71
浙江省,0000001400000031000000070000000X,4.46,2017/7/5,330000,a8344bb8-47ff-44e8-9c2c-6051f31ca24c
湖州市,0000000C0000002Q000000030000000X,56.67,2017/1/15,330500,d1da1e4b-d216-40a8-bcb0-e49203c3cce7
湖州市,0000000H0000002T000000070000000X,16,2017/9/25,330500,6b5a9f4c-c075-4993-8df9-fcb3b97ef1dc
台州市,0000001500000031000000070000000X,3.83,2017/4/15,331000,26520d9b-c456-44cb-87b9-e8b8b0ce6499
嘉兴市,0000001200000031000000070000000X,4.5,2017/9/5,330400,4ff49d2f-b948-4ef7-93c1-7704cecf8267
宁波市,0000000K0000003U000000070000000X,34,2018/6/25,330200,9b0a7cd3-a20c-4cfa-af85-003a39de5ae8
嘉兴市,0000000J0000003S000000070000000X,32.33,2017/3/25,330400,0db19ea0-0de8-4edb-bee5-bf702029a736
宁波市,0000000S0000002Z000000070000000X,8.5,2017/4/5,330200,45e654fa-6654-42dc-93e6-7a983d958e5b
嘉兴市,0000003100000081000000130000000X,79,2017/6/5,330400,faa3822e-6100-464b-ae53-47962f459f3e
绍兴市,0000000P0000003E0000000700000010,4.4,2017/9/5,330600,c8c0dd38-7a64-4f6e-869c-0b9ef1a0ff5b
嘉兴市,0000001500000031000000070000000X,5,2017/1/15,330400,9df49580-f16d-4672-9194-21f28854fc93
舟山市,0000002P0000007W000000070000000X,3.33,2017/12/25,330900,7c1ea045-7035-4ee2-ba13-3281a8cd0aa9
台州市,0000000P0000003E0000000700000010,5.01,2017/12/12,331000,b3f6cabb-825b-4c1f-9903-c6bb7d3891f2
金华市,0000000J0000003Q000000070000000X,42.67,2017/2/5,330700,cb80ca30-b09e-4fbf-b36f-435e1acf13e6
绍兴市,0000001Z00000036000000070000000X,4.5,2018/10/5,330600,bfa6b7a1-b850-472a-9803-0c632ddbc73a
杭州市,0000002P0000007W000000070000000X,2.8,2017/5/5,330100,6d1ea000-c9bd-4b96-aa41-12028f5f0d83
舟山市,0000001K00000031000000070000000X,5.17,2018/10/15,330900,2e5c18d2-03b8-4983-98df-abba5bea88d9
舟山市,0000002U0000007X000000070000000X,5,2017/4/25,330900,bf403ab8-81ab-447c-b3f4-92149776f215
嘉兴市,0000002P0000007W000000070000000X,3.2,2018/2/5,330400,3b31af73-1d2e-44a5-89fb-1124c6dd20bf
丽水市,0000001Z00000036000000070000000X,5,2017/5/25,331100,45c33382-9121-4bf6-ac7d-9dd390b9899c
湖州市,0000000H0000003P000000070000000X,18.67,2017/4/15,330500,b6ae608d-72c7-4f9e-a438-831cfb1bade8
宁波市,0000001A00000031000000070000000X,4.83,2018/8/15,330200,57c7473c-b9be-4e59-bcb9-ef62c232da97
嘉兴市,0000000Z00000031000000070000000X,5.83,2018/9/25,330400,1dcc6a16-70d3-480f-8da1-985ce6de906a
金华市,0000001Z00000036000000070000000X,5.83,2018/12/5,330700,95dd6869-9f0f-42e2-9255-6d63d01a8122
温州市,0000000J0000003Q000000070000000X,47.33,2017/5/15,330300,3832d9f4-5d58-4dd8-b9b3-b95f3a547a02
丽水市,0000000J0000003Q000000070000000X,42.67,2018/2/25,331100,c0a407bb-dc38-41f6-ad98-f8aabbc1c1d4
湖州市,0000000X0000007T000000070000000X,35,2017/9/15,330500,89e26740-ec68-42bf-ac14-264e66a8d3b8
宁波市,0000000J0000003Q000000070000000X,41.83,2018/3/25,330200,774b5b23-57dd-4668-99be-97256998ab8e
衢州市,0000000X0000007T000000070000000X,22.67,2017/10/5,330800,ef99d398-0877-4bd4-93ec-e2c5ca8f669b
温州市,0000000H0000003P000000070000000X,25.67,2018/3/15,330300,83a6ab5e-57ae-43c6-a7ab-7110988b7317
湖州市,0000001E00000031000000070000000X,4.67,2017/1/15,330500,d16f2483-e4d8-4111-8575-cdbd23078451
浙江省,0000002P0000007W000000070000000X,3.12,2018/5/5,330000,03f3e6b7-ef6c-42f8-a50f-72f9b799888e
丽水市,0000000G0000003F0000000700000010,9.7,2017/4/18,331100,e4fd01a5-bf4e-4e5f-a81f-af4bfa7a5f60
舟山市,0000001500000031000000070000000X,4.33,2018/3/25,330900,d94eecd4-0e8d-4ca9-9f04-900694cfd90f
湖州市,0000000P0000002W000000070000000X,5.67,2017/10/25,330500,7ba9969d-72f5-4479-a5b8-b6f5bd17f3ba
杭州市,0000000P0000003E0000000700000010,4,2017/1/10,330100,c16f2d26-850e-41a1-b598-4f09ad482bb3
湖州市,0000000J0000003Q000000070000000X,38.33,2017/9/25,330500,737a9b9e-e0a5-4b70-96c6-e1081c0b6f2d
浙江省,0000000C0000002Q000000030000000X,64.58,2017/3/5,330000,52184a78-34f8-45c9-97c9-51205d448ad9
舟山市,0000001Z00000036000000070000000X,7.5,2016/12/25,330900,f08bbd12-76fc-4755-84bc-c3c3047cde97
宁波市,0000001E00000031000000070000000X,7.5,2018/9/25,330200,1c805003-d640-41a9-bba1-9657b20be1ef
宁波市,0000001K00000031000000070000000X,4.57,2018/9/25,330200,06b89548-7571-43a6-b730-b9efe4ed13e3
绍兴市,0000000M0000003V000000070000000X,9.67,2017/1/25,330600,bb9d03d2-40b3-4353-a246-ff36d2ec55dd
衢州市,0000002U0000007X000000070000000X,4.33,2017/1/15,330800,3ada05fa-8151-4777-a37e-5520d0b9637e
绍兴市,0000000H0000003N000000070000000X,13.33,2017/9/25,330600,825ed9b5-b39f-471e-a370-2e6eaacd720f
金华市,0000000J0000003S000000070000000X,36,2018/9/5,330700,944618a1-d8a2-4168-947f-9bb881c156d0
宁波市,0000000X0000007T000000070000000X,40.17,2017/8/5,330200,2b638955-b5ef-4b77-85d8-dc26596e8695
绍兴市,0000003100000081000000130000000X,66,2017/9/15,330600,380171d6-6567-4e57-b392-6bc1e9a00e12
湖州市,0000000D0000002R000000030000000X,36.33,2018/10/5,330500,4cee6b61-2f99-47fb-9e44-370ca9736b58
丽水市,0000002200000038000000070000000X,3.16,2017/10/5,331100,454440fc-b921-427a-89fe-22187a0a9254
丽水市,0000003100000081000000130000000X,84,2018/2/5,331100,6a8a530a-e412-4fd9-b2b3-86a6e827c253
绍兴市,0000000P0000003E0000000700000010,4.9,2017/12/26,330600,62cffa67-b2ec-4245-af12-41b93d8dea85
金华市,0000001700000031000000070000000X,2.83,2017/4/25,330700,5da493a1-f119-4265-8432-312daf8ccdbf
丽水市,0000000K0000003U000000070000000X,33.67,2017/12/15,331100,1ca7da71-8e96-4a31-a2b8-0565d3cc7d1f
绍兴市,0000001E00000031000000070000000X,3.33,2017/2/15,330600,1fc39053-479d-40c3-8915-edb582b4df91
浙江省,0000002P0000007W000000070000000X,3.13,2019/1/5,330000,32a0d507-e328-4b41-ba7a-ea526b48632d
湖州市,0000000P0000002W000000070000000X,6,2018/9/25,330500,054136f7-9c3a-4a76-a6d1-44a19ff9e740
嘉兴市,0000003100000081000000130000000X,79,2017/2/15,330400,b0546b61-ea94-4de3-98f6-5a1bf0d19332
丽水市,0000000H0000003P000000070000000X,19.33,2017/3/25,331100,d524d809-39dc-4036-ae9c-1f5d0c4f3f8e
宁波市,0000002U0000007X000000070000000X,4.6,2018/8/5,330200,62a04394-78ca-4e1c-b979-8ab03346c051
衢州市,0000000Z00000031000000070000000X,4.33,2018/6/5,330800,87bfcb6a-cfbf-4501-860a-0ae638b08281
杭州市,0000000H0000003N000000070000000X,16,2017/2/5,330100,19dda8c4-b3fd-4073-90a2-9ffbf2f610bd
浙江省,0000000P0000002W000000070000000X,5.72,2018/2/5,330000,1da297aa-7d40-4339-9cb5-a94d723f3217
嘉兴市,0000000D0000002R000000030000000X,38,2017/2/15,330400,a4c26e29-0b6d-4d84-ba63-4991d9bbb95e
丽水市,0000000P0000002W000000070000000X,5.5,2018/12/15,331100,285e94b7-52e2-44c5-a706-bc3978c279ac
丽水市,0000002P0000007W000000070000000X,2.93,2018/10/5,331100,3144876d-ae16-46c9-aba4-3f96d6cc7b94
衢州市,0000001Z00000036000000070000000X,5.5,2018/2/15,330800,8dbac435-7617-4ae2-8be2-921c81a5c66e
舟山市,0000000X0000007T000000070000000X,48.33,2018/1/15,330900,cd71cb08-fb72-48ea-a4e3-aa646e3bdd24
杭州市,0000001200000031000000070000000X,3.67,2017/5/15,330100,0e39ba7a-0cc4-4e23-a6c1-8b9048caa895
嘉兴市,0000000H0000002T000000070000000X,15.83,2018/6/25,330400,5b6f9bb6-31bb-44f5-9af4-df00b362389d
绍兴市,0000002U0000007X000000070000000X,4.67,2019/1/15,330600,8ce0b8e7-8834-4271-8a96-064f07198e01
绍兴市,0000001700000031000000070000000X,2.4,2018/3/5,330600,f49caae2-f413-47d1-af14-bf2102398993
宁波市,0000001400000031000000070000000X,4.7,2017/7/5,330200,0c9ab9e2-5ee5-4f4d-979e-f92088a7160d
丽水市,0000000X0000007T000000070000000X,56.67,2018/3/15,331100,906ef4c5-3366-4f1a-9703-a9ba6384b95c
舟山市,0000001500000031000000070000000X,4.33,2017/5/25,330900,6298a5c6-348e-462d-bf9b-7652f8aeaa34
衢州市,0000001Z00000036000000070000000X,5,2018/8/25,330800,e2b21f29-3c5d-4c7c-ac9e-75f6bce2b577
宁波市,0000002P0000007W000000070000000X,2.93,2019/2/25,330200,bbb8d98d-a8d9-4e8f-abcd-b0d60138eea6
丽水市,0000000C0000002Q000000030000000X,70.23,2017/11/25,331100,a9a0c1e8-449a-4da7-bda8-dc6ef448d010
浙江省,0000000D0000002R000000030000000X,43.14,2018/9/5,330000,46a37ad7-a05d-4d44-910f-449bef421b88
嘉兴市,0000000H0000003N000000070000000X,13.83,2018/8/5,330400,b89cb162-eecd-4f76-839c-b515071117e6
绍兴市,0000001K00000031000000070000000X,2.33,2017/5/5,330600,962672a1-e86d-4fc8-aacb-cd70c2a4808c
金华市,0000000Z00000031000000070000000X,3,2016/12/15,330700,56a23321-d53c-4d15-9e1a-c762613029c6
舟山市,0000002P0000007W000000070000000X,3.1,2017/7/5,330900,dfdb37df-40ae-45d1-97e3-25cb4891892a
杭州市,0000002P0000007W000000070000000X,2.8,2017/4/5,330100,213ee54d-f0b5-4b4c-8ae1-5162aac9c292
宁波市,0000000S0000002Z000000070000000X,9.67,2018/12/5,330200,2bb9e19c-444f-4581-b08e-3431cc12a472
丽水市,0000001700000031000000070000000X,2.5,2018/1/25,331100,6497596b-5e27-4489-beac-8b22661b653a
浙江省,0000000C0000002Q000000030000000X,63.7,2018/3/5,330000,762fe50f-e59e-43cc-b67a-b5540ed55392
湖州市,0000001Z00000036000000070000000X,5.67,2019/3/15,330500,261e99f2-8f0c-4c25-9f14-1701a83785f0
浙江省,0000000H0000002T000000070000000X,15.67,2017/6/15,330000,afee2f94-7b71-47b0-b577-d3aada7e54fc
衢州市,0000001200000031000000070000000X,3.83,2017/3/25,330800,4d5ceff4-2862-4053-b0f5-428086a8b8d8
浙江省,0000001Z00000036000000070000000X,6.02,2017/5/5,330000,8c0fa110-996c-493d-964c-cb77b374bc72
绍兴市,0000002P0000007W000000070000000X,2.33,2018/10/5,330600,e8593dc4-b4af-4dad-a699-b855e7f6c4de
丽水市,0000000H0000002T000000070000000X,14.17,2017/8/15,331100,a5440b8e-09a2-4e82-8317-9b9e9eafd592
杭州市,0000001Z00000036000000070000000X,6.67,2017/4/15,330100,9bce36f1-a597-4c4a-b952-75d6a90dca17
浙江省,0000001700000031000000070000000X,2.74,2017/12/15,330000,edea88f9-2a2d-44cc-9a5c-49c07ddf3c16
嘉兴市,0000002P0000007W000000070000000X,3.2,2018/4/5,330400,f990358f-e970-408d-bafc-5bb0684e7432
衢州市,0000000Z00000031000000070000000X,4.5,2018/11/5,330800,87ac6505-72b8-444a-bb5a-78ef5b2d221f
温州市,0000000H0000003P000000070000000X,26.33,2018/2/15,330300,1b59e491-a5aa-4aa6-8eca-f606380bc6e6
金华市,0000001K00000031000000070000000X,3,2018/6/25,330700,b1924622-a293-4efb-82fe-ac9149d26965
温州市,0000000G0000003F0000000700000010,10.65,2017/2/21,330300,b7e6a25a-0ab4-43ad-baa3-0b55f097e869
绍兴市,0000000G0000003F0000000700000010,8.4,2018/3/20,330600,0f37a793-5e75-465e-a58c-cd647befacd0
台州市,0000000H0000003P000000070000000X,23.67,2019/3/15,331000,dee773ac-cb47-4bbf-a4cd-f9fc5c35defd
杭州市,0000001500000031000000070000000X,4.67,2018/3/15,330100,38b8aab2-ea44-43b3-ab8a-79531676937a
宁波市,0000001A00000031000000070000000X,3.97,2017/5/5,330200,c27e82cc-918f-4f92-97b9-ae15d6d18d93
舟山市,0000001A00000031000000070000000X,6,2018/11/25,330900,dc4d34f0-037d-41d8-867c-b59b8492e973
舟山市,0000001200000031000000070000000X,3.67,2018/11/5,330900,e89d5cc9-2024-4464-9192-a8719202532f
绍兴市,0000001E00000031000000070000000X,4.17,2019/1/25,330600,53c01338-866f-452f-9070-e5ad886c9dea
舟山市,0000002U0000007X000000070000000X,5,2016/12/25,330900,4ef9534a-55e7-4caf-b1f2-037d8c76ec51
绍兴市,0000001A00000031000000070000000X,4.67,2017/1/25,330600,6035570b-71f1-4748-8827-ba3d5a28963c
绍兴市,0000000Z00000031000000070000000X,4.83,2019/1/25,330600,ac9337ba-5a66-4e02-a3e8-cddc57c1e359
浙江省,0000001200000031000000070000000X,4.88,2018/9/15,330000,41bdb820-42b3-4138-85bf-67a19518cd58
杭州市,0000001A00000031000000070000000X,5.17,2017/6/15,330100,ef3c4c16-274f-4f74-894a-0e66869c5772
金华市,0000001500000031000000070000000X,3.83,2018/3/15,330700,a3b27f5d-cf64-4a28-85d4-95941f331578
浙江省,0000001500000031000000070000000X,4.33,2017/11/25,330000,84f5d0bf-b1e1-461f-8e8d-6a56dc1d9313
湖州市,0000001A00000031000000070000000X,7.33,2017/10/25,330500,db931d95-b0e7-4611-9bc9-783b333cb23c
衢州市,0000002200000038000000070000000X,2.5,2016/12/25,330800,98c1a9e7-453d-49a8-87b3-45bf7f4b575d
温州市,0000000Z00000031000000070000000X,4.17,2018/6/5,330300,0d015812-72ab-494a-b82a-1a55e3467f56
金华市,0000001400000031000000070000000X,4.5,2018/11/25,330700,86c98c85-7484-4594-a66f-d36ae91b7080
湖州市,0000001700000031000000070000000X,3.17,2019/1/15,330500,7d9c252f-02ce-4d45-a66b-497ad61027d5
浙江省,0000002P0000007W000000070000000X,3.04,2017/6/5,330000,80bda5b7-cffd-4fed-a331-72006ad1d78f
湖州市,0000000H0000003P000000070000000X,18.67,2017/10/25,330500,6eb22f93-b568-45ed-bff9-7056f410d7da
浙江省,0000000K0000003U000000070000000X,36.13,2018/1/15,330000,c58e5a6f-1375-4ab6-98a4-fb9ec0c3cd3c
温州市,0000000P0000002W000000070000000X,4.5,2017/4/15,330300,58624d2c-933e-4533-a2f7-4c2416770159
丽水市,0000001400000031000000070000000X,5.83,2018/12/25,331100,6f3abf42-f9c7-4c36-a66b-a5c6739f2c24
衢州市,0000002P0000007W000000070000000X,3.06,2018/9/25,330800,67ff10dc-ef74-452d-88aa-5e7f87a9e509
浙江省,0000000M0000003V000000070000000X,12.74,2018/12/5,330000,401275b5-fad9-4679-a7f6-744fb4ea7c3f
浙江省,0000000P0000003E0000000700000010,2.71,2017/6/6,330000,a8f29b53-7442-40c3-9a8c-d278b50edbd9
温州市,0000000C0000002Q000000030000000X,60,2018/9/5,330300,f367791d-34dc-4844-848b-e52373287a6d
台州市,0000001A00000031000000070000000X,5.17,2018/1/25,331000,fc365035-2ecc-4ebf-98f4-2ecc7bb25bde
台州市,0000000J0000003S000000070000000X,35.33,2018/4/15,331000,9063ed4d-d303-4bad-b154-b14745754063
台州市,0000000J0000003S000000070000000X,33.33,2017/3/5,331000,1031e2c4-2bd9-4c94-a67c-58fe99a70dc4
温州市,0000000H0000003N000000070000000X,16,2017/11/5,330300,0826ec48-3425-47e9-b89c-33850a21d3ea
温州市,0000000J0000003S000000070000000X,41,2018/6/5,330300,c0149604-3487-48ed-b786-bcfd10d07e15
温州市,0000000M0000003V000000070000000X,14.67,2017/9/15,330300,22a0c39c-c218-401f-a6c8-1aacd361a32c
杭州市,0000000P0000003E0000000700000010,4.7,2017/10/17,330100,44469859-f5b4-436e-ab47-b2604fe942e1
台州市,0000000X0000007T000000070000000X,36,2017/4/25,331000,c9b991aa-8a32-4aa8-9f2d-e9c6740fd546
嘉兴市,0000000X0000007T000000070000000X,34.33,2019/2/15,330400,35265a5f-5e0a-44f3-b945-4e0b3f16b01d
温州市,0000000H0000002T000000070000000X,17,2018/8/5,330300,7388b8ae-7e62-4655-9aa7-d02c38ee2256
浙江省,0000001700000031000000070000000X,2.98,2017/3/5,330000,9308aa55-b9b2-4510-a7bc-805bc98ef460
嘉兴市,0000000J0000003Q000000070000000X,40.67,2016/12/15,330400,e7081873-3e5d-40f4-ba90-82c6940b3e3f
丽水市,0000002U0000007X000000070000000X,4.66,2017/11/15,331100,66f9c211-560e-410c-a195-a71e6f6023b5
金华市,0000000H0000003N000000070000000X,12.83,2017/8/5,330700,ab259124-4748-45e8-a3ae-da8f56fa125a
衢州市,0000000M0000003V000000070000000X,11.67,2018/8/15,330800,3729a2fa-4153-4379-9a68-cf95a739fdf3
舟山市,0000000M0000003V000000070000000X,16,2019/3/5,330900,5eb6a30e-a435-44f2-9eb5-0f1daa8ba407
舟山市,0000001A00000031000000070000000X,6.17,2018/3/5,330900,ee84f70f-1f07-4bbb-9522-8695da144820
浙江省,0000001A00000031000000070000000X,4.57,2017/5/25,330000,f7a0d53b-2fbb-43ee-bc2c-34b11bd02b67
宁波市,0000000H0000003N000000070000000X,14.3,2019/3/5,330200,95bb4822-aa76-4679-b449-b904deffbb62
宁波市,0000001200000031000000070000000X,4.5,2018/1/25,330200,34026976-8f18-4444-b9b9-c62be43f6025
温州市,0000001E00000031000000070000000X,3.67,2017/4/5,330300,9deb3e1c-2db2-4620-bcb0-c219e989d9ba
杭州市,0000000K0000003U000000070000000X,35.33,2018/6/25,330100,8f6578ba-6328-4461-b4e7-9d3745e7f4af
丽水市,0000002P0000007W000000070000000X,2.93,2019/3/15,331100,aa8801de-813e-4b31-8560-6d8b4ba46fa6
台州市,0000000H0000003N000000070000000X,12.33,2018/2/15,331000,a5712e68-5aa4-497a-b239-d10982505db9
湖州市,0000001E00000031000000070000000X,4.67,2018/1/15,330500,370db6d4-b4c7-4885-86bd-c255b6a3168a
衢州市,0000000M0000003V000000070000000X,11.33,2019/1/25,330800,c178bcd6-ef97-4b94-9b78-ab66704c2888
台州市,0000000H0000003N000000070000000X,12.67,2017/7/25,331000,9f255201-07ca-4dbb-a9c0-db1bc31a1cb3
绍兴市,0000000Z00000031000000070000000X,4.33,2017/6/5,330600,af8d8cb3-042f-4cd5-b85a-014b33fd3cce
浙江省,0000001500000031000000070000000X,4.74,2017/3/25,330000,6aba8d68-42e5-4dc9-9136-69f3ef5344e7
嘉兴市,0000001400000031000000070000000X,5.83,2017/4/5,330400,3f1a3636-be02-42f6-b5ff-02eeecfdcc30
绍兴市,0000000K0000003U000000070000000X,36.67,2017/11/5,330600,d60d42ac-17fb-4707-b56f-192fbee78354
绍兴市,0000000G0000003F0000000700000010,9.56,2017/11/7,330600,cf09800c-e14e-45e7-9f4c-85dbfd1b5dfd
丽水市,0000001200000031000000070000000X,3,2017/5/5,331100,6ac18a7a-d2b9-49b3-b5a3-5099c5734cf9
宁波市,0000001500000031000000070000000X,5.47,2017/1/25,330200,6810989d-c0f0-4c5f-8a88-9c398668d394
金华市,0000002200000038000000070000000X,3,2018/6/15,330700,24cd434f-dd09-417f-b751-d067d2571547
衢州市,0000000X0000007T000000070000000X,22.67,2017/11/5,330800,df3ffb21-90f7-4f2f-98a7-d10ca6a363c8
衢州市,0000002200000038000000070000000X,2.5,2017/11/25,330800,5f816fe5-70d8-426a-a11d-759da45f98a4
宁波市,0000000G0000003F0000000700000010,9.13,2018/7/17,330200,b6a85a61-9cb6-49d1-abe5-2e0bad885c65
温州市,0000001200000031000000070000000X,5,2018/3/25,330300,69e760a1-fb17-431f-9929-49a0feecbd8c
舟山市,0000000Z00000031000000070000000X,5,2019/2/25,330900,c8db810c-288d-404b-b19e-2936315c41ab
浙江省,0000002U0000007X000000070000000X,4.25,2017/3/15,330000,3f0c5a2b-3d4d-4c22-90b1-249c09078ebd
湖州市,0000000M0000003V000000070000000X,17.33,2017/6/25,330500,9e96fe22-c50d-4f34-9592-8c2f7dfd2626
嘉兴市,0000001E00000031000000070000000X,5,2017/10/15,330400,065d7785-5b4d-4b9c-81b8-48f4cfaff95f
金华市,0000000C0000002Q000000030000000X,68.17,2017/9/15,330700,2b221741-7cf9-4ad9-9990-1c149ad243b2
衢州市,0000000J0000003Q000000070000000X,38.67,2017/12/25,330800,91c2c60d-7aae-4558-b13f-32a4079d16c3
宁波市,0000001700000031000000070000000X,3.9,2018/5/5,330200,5620db04-eb10-4a25-bbd4-04130509ad84
金华市,0000000H0000003P000000070000000X,20.67,2017/9/5,330700,b9204395-fec0-4ee6-acee-c27a72ad254a
温州市,0000000P0000003E0000000700000010,3.33,2019/3/5,330300,1b539338-7f0b-4ad2-a17a-77d7fa6a2494
台州市,0000000P0000003E0000000700000010,5,2018/1/23,331000,f3051c6e-911c-4107-a658-c9b47132ba66
舟山市,0000000H0000003P000000070000000X,24,2017/7/25,330900,bde7fe08-31e5-47ba-aa15-fb6ec2d53985
浙江省,0000000P0000003E0000000700000010,4.16,2018/7/17,330000,badb732d-0413-4dd7-a9ab-dd9ae5b018e3
丽水市,0000000H0000003N000000070000000X,13.33,2017/7/25,331100,1718667f-b2bc-4721-8bae-ca5f4c3ce3e7
衢州市,0000000M0000003V000000070000000X,10.5,2017/4/5,330800,34540de0-bf51-4334-93c9-ff053e1e0b50
丽水市,0000000C0000002Q000000030000000X,70.23,2017/9/15,331100,792f1259-a0a0-4738-874c-496b503e0e93
浙江省,0000001Z00000036000000070000000X,5.94,2018/8/25,330000,ba7bbe30-0d52-4d08-a50d-a2d857fe522d
浙江省,0000000D0000002R000000030000000X,43.45,2019/2/5,330000,d2d2a7eb-9a6f-4707-878b-b94b265f1df7
浙江省,0000000H0000003N000000070000000X,14.32,2018/3/5,330000,680c8a28-c94f-4b97-9b29-32d0fa315fe8
金华市,0000002U0000007X000000070000000X,4.17,2017/5/15,330700,af5c43d1-5da3-4351-850d-6fe46889334e
浙江省,0000001K00000031000000070000000X,3.21,2017/1/25,330000,2d7184fa-6cd5-4620-8ebc-1dbccf0a8672
湖州市,0000002U0000007X000000070000000X,3.77,2018/10/5,330500,ceee6b76-b3b3-4ecd-9c4a-c5a48774d271
舟山市,0000002P0000007W000000070000000X,3.1,2017/10/25,330900,b491ccef-d961-4580-8e87-e75521ef92d7
嘉兴市,0000000P0000003E0000000700000010,4.7,2018/5/1,330400,fb49c092-3292-4009-b758-ff503c951b05
台州市,0000001700000031000000070000000X,2.33,2018/3/15,331000,6cf39d4d-918e-49f9-acdb-91cc595bcade
台州市,0000000D0000002R000000030000000X,42.67,2016/12/25,331000,6cc7cb0a-a3a4-42be-a7ec-b9a1c41c3c79
衢州市,0000001Z00000036000000070000000X,4.67,2017/11/15,330800,52a25efa-344a-4f20-b94f-35415ee9a663
湖州市,0000000S0000002Z000000070000000X,9.33,2017/6/15,330500,dec985f1-96ac-4f8e-b6c5-fc629362d57a
嘉兴市,0000000X0000007T000000070000000X,31.67,2018/1/5,330400,bf7f5bf5-9cc8-420d-8ba5-27bfac249c05
宁波市,0000002P0000007W000000070000000X,3.1,2017/5/5,330200,e7d79883-63ed-4eab-b0ed-07f821ad696e
衢州市,0000000H0000002T000000070000000X,17.67,2017/5/25,330800,84b4d23d-7b18-4488-8f0a-f111f1800375
温州市,0000000J0000003S000000070000000X,43,2017/8/15,330300,b12143a6-5696-49db-8790-cadefe6b3f11
台州市,0000000G0000003F0000000700000010,9.6,2017/5/9,331000,0dfaa543-5ea6-4d39-a3e0-969afe189891
舟山市,0000002200000038000000070000000X,4.5,2018/5/15,330900,bcdb7a88-2eca-4fcd-9b20-e5c7b31276a4
嘉兴市,0000001K00000031000000070000000X,4.5,2017/8/15,330400,804cf3c6-8f00-418e-a83d-1b5c75096b31
金华市,0000001700000031000000070000000X,2.57,2018/9/15,330700,f2efa9cc-6de2-478a-a524-5e38db0074fe
丽水市,0000001500000031000000070000000X,4.67,2018/2/15,331100,2745a8e2-34f2-4dca-be8a-d6c77a3bd615
嘉兴市,0000000H0000003N000000070000000X,15,2018/3/25,330400,b1b34e17-3a8a-462a-a614-c96a844d94a9
浙江省,0000001700000031000000070000000X,2.96,2017/2/15,330000,844a2510-324b-461a-9893-ccadc10ec520
衢州市,0000000J0000003Q000000070000000X,38,2018/6/25,330800,e1fa9297-f944-4679-997f-afdf06a3606d
衢州市,0000000H0000002T000000070000000X,16,2018/6/5,330800,a20c8555-1994-496c-8b02-9416bc0b8d25
衢州市,0000000G0000003F0000000700000010,10.1,2018/1/16,330800,a3bb4127-4da0-4f5a-a4c7-9ad5ae7719e1
绍兴市,0000003100000081000000130000000X,66,2018/8/25,330600,0c39eb6b-766f-4ad2-bea3-edc71673b2da
衢州市,0000001500000031000000070000000X,3.5,2018/5/15,330800,c6130dab-a8b0-4618-aff8-cbb441f5bdc8
台州市,0000000C0000002Q000000030000000X,63.33,2018/8/5,331000,b1de2063-12a8-485e-8afe-fcec1c696905
嘉兴市,0000000C0000002Q000000030000000X,67.33,2018/6/25,330400,0ece3796-5168-40d8-a06f-ce7bcf839caf
温州市,0000001400000031000000070000000X,6.17,2017/10/25,330300,8f2e2759-4df8-4821-bfbe-3134a24b04f1
绍兴市,0000000P0000002W000000070000000X,5.17,2018/6/5,330600,ac02a458-17a2-47e6-8feb-503006b290d8
温州市,0000000P0000002W000000070000000X,5.73,2018/2/5,330300,0c05202b-8fd0-4776-9afc-6c4a599fb050
衢州市,0000000H0000002T000000070000000X,19.67,2017/3/15,330800,99d5cb92-25c5-4505-898e-a83f98df2e55
嘉兴市,0000001K00000031000000070000000X,2.83,2018/4/15,330400,392352f0-09aa-4353-abba-99b57459b39d
湖州市,0000001700000031000000070000000X,3.17,2018/8/5,330500,18af5aae-674d-46ce-a85e-d8237571f56c
衢州市,0000001500000031000000070000000X,4.33,2017/4/5,330800,ebd34190-6aba-4240-a112-4686181839aa
嘉兴市,0000000X0000007T000000070000000X,31.67,2018/5/15,330400,2397ccfb-b99b-405a-a2b1-14759e2f82ba
嘉兴市,0000003100000081000000130000000X,79,2017/10/25,330400,3fdd0aa4-7bd4-4480-81b6-646607394530
浙江省,0000000H0000003P000000070000000X,23.03,2017/4/15,330000,e6d06dec-8a3e-4815-a2cd-ac1bbc4268e0
台州市,0000000P0000002W000000070000000X,4.03,2017/2/25,331000,c4b564a9-bac6-4f41-a97b-8f8389de9fc0
杭州市,0000000P0000003E0000000700000010,4.7,2017/11/7,330100,2d6845f3-d6ad-434c-96b0-77ff864933c3
绍兴市,0000000C0000002Q000000030000000X,57.67,2017/12/25,330600,8b3353b1-74b4-4350-914a-a5dd56152e10
浙江省,0000000J0000003Q000000070000000X,41.12,2018/4/25,330000,1a358cd1-fc8c-40da-b71f-c0fdafb0dcca
湖州市,0000001500000031000000070000000X,4.33,2017/12/15,330500,c20cb368-f66a-4366-88f0-ebb3e726ff19
浙江省,0000001700000031000000070000000X,2.72,2018/12/5,330000,9f4b05a0-ae83-4902-b6a6-6baf5ec7b06d
浙江省,0000001Z00000036000000070000000X,6.51,2019/3/15,330000,e9aaf9f1-b8dd-43dd-b39d-6b3cff6a3ea7
衢州市,0000000P0000003E0000000700000010,2.5,2017/5/30,330800,1eb5ae92-32a0-4fc9-99c0-0be504d2181c
湖州市,0000000M0000003V000000070000000X,17,2018/9/5,330500,7f1f4e72-d8f8-4b29-ba8f-b55b3be6d12a
浙江省,0000001E00000031000000070000000X,4.88,2018/7/5,330000,6e48523e-b8f5-42da-8b52-41f19b55b5ad
宁波市,0000000X0000007T000000070000000X,40.67,2017/5/25,330200,bfe9adac-735b-4d21-80c0-09ec6b8c9899
衢州市,0000000H0000003P000000070000000X,21,2018/7/25,330800,0d2ce5b7-9e9e-4f5e-9691-478a665e239c
舟山市,0000001A00000031000000070000000X,4.5,2018/6/25,330900,1b9e8ab5-5ff6-4a09-83f3-235ec1bd89a7
台州市,0000000G0000003F0000000700000010,8.5,2018/7/31,331000,4d23fef4-e7f1-4aff-9d0e-9db4ea8cebcd
宁波市,0000001700000031000000070000000X,3.33,2018/11/15,330200,8550801f-8d1f-4201-a2d5-249077b3465f
嘉兴市,0000000D0000002R000000030000000X,36.33,2018/9/25,330400,87f3cd99-593c-4a94-bcc3-b8db1260a08b
浙江省,0000001K00000031000000070000000X,3.4,2017/12/5,330000,df6ddd34-8206-49c3-b8e7-103d31715fd6
嘉兴市,0000000G0000003F0000000700000010,9.4,2017/8/1,330400,5f8b81f0-e9ba-4025-bd29-ade9a493ed03
湖州市,0000000X0000007T000000070000000X,35,2017/10/5,330500,7ae3e439-6be0-466b-a18d-0b08ae92bc9d
衢州市,0000001K00000031000000070000000X,4,2018/2/25,330800,5d799b7e-a19c-49ed-8ffc-5fdc40710bf9
嘉兴市,0000000H0000002T000000070000000X,17.33,2017/10/5,330400,209900a6-123d-4640-9469-bd9dc6bf1bd1
绍兴市,0000000J0000003Q000000070000000X,44,2018/8/15,330600,779e45d7-eecd-4408-8432-c1c9b03b2028
杭州市,0000002200000038000000070000000X,3.2,2018/3/25,330100,828365eb-2ef3-4e2c-b3af-9381c4fb9d78
宁波市,0000002P0000007W000000070000000X,2.6,2018/2/5,330200,6cc57aa1-f4db-4c2e-8f24-ee82e4b3cc97
丽水市,0000001Z00000036000000070000000X,4.83,2018/6/25,331100,d5538239-9e8a-490b-a01b-182e8950e496
浙江省,0000000M0000003V000000070000000X,12.23,2017/5/5,330000,b35c5f88-1ac8-4d31-a676-851805f57d79
绍兴市,0000000K0000003U000000070000000X,39.33,2018/12/25,330600,5119e75d-92c5-4cb9-aff5-ebde2d5bf334
舟山市,0000000S0000002Z000000070000000X,11.33,2017/7/5,330900,aa8999e6-7f58-4fa1-ad98-fde0532852c3
金华市,0000000H0000002T000000070000000X,15,2017/10/15,330700,6fc7cf24-b893-494d-a5f1-68094b36e068
温州市,0000000P0000002W000000070000000X,4,2017/6/15,330300,72bc878d-69fa-4df0-92a4-873b6002ca9c
衢州市,0000000J0000003S000000070000000X,35.67,2018/8/25,330800,258f3e1f-4312-4ba1-bf7d-10ea643038fb
绍兴市,0000000P0000003E0000000700000010,4.2,2018/5/22,330600,470de5c6-04f5-4084-b39a-442d3da43303
浙江省,0000000S0000002Z000000070000000X,8.79,2017/3/25,330000,b41df0ff-75d2-4cd6-b696-7c48cdf8b36c
杭州市,0000001E00000031000000070000000X,4.07,2017/6/15,330100,7227b7cb-ec52-4c63-b083-d81be1edfd25
绍兴市,0000000Z00000031000000070000000X,5.67,2018/6/15,330600,83ffcc96-bd41-40d4-8045-6155ae702eba
浙江省,0000001A00000031000000070000000X,4.45,2017/6/25,330000,1a26ecc6-a16c-433c-890a-d175658b09c2
绍兴市,0000000H0000003P000000070000000X,24.33,2018/1/15,330600,fd8ba542-b207-4863-ab5b-3d8335177c38
湖州市,0000000M0000003V000000070000000X,17.33,2017/4/5,330500,cc7894b8-de30-405e-b59b-179652daa3e7
衢州市,0000000Z00000031000000070000000X,2.83,2017/4/15,330800,c10cf41c-b35a-442b-bae2-5a5e8d36f920
湖州市,0000002U0000007X000000070000000X,3.5,2016/12/25,330500,6a77377f-ef93-4981-bfd7-c52032188fbb
丽水市,0000001E00000031000000070000000X,3.33,2019/2/15,331100,a1df4932-7502-42ee-9084-e888627c1440
丽水市,0000000C0000002Q000000030000000X,70.23,2018/6/15,331100,a98eaf13-5233-4029-8772-0749f880e02b
衢州市,0000000J0000003S000000070000000X,35,2018/7/15,330800,26926fe8-2a10-4145-b714-2ca413d8d845
浙江省,0000002U0000007X000000070000000X,4.25,2017/2/5,330000,e18b97f6-20ad-4d29-b14c-b0a19e19138f
温州市,0000000M0000003V000000070000000X,14.67,2017/8/15,330300,7bb81da7-f5f9-4932-8ba6-98e459abf715
宁波市,0000000S0000002Z000000070000000X,8.07,2016/12/15,330200,bf1b844f-1da2-42ea-94a0-fe52a0fafdba
宁波市,0000000J0000003Q000000070000000X,43.33,2018/10/15,330200,e6a00535-a4c9-46d4-b887-dd46067d6f29
湖州市,0000000H0000003N000000070000000X,14.83,2017/4/25,330500,b10f6360-4ec5-483c-8e2f-4a630dbeeeb7
湖州市,0000000H0000003N000000070000000X,13.33,2018/4/15,330500,85aeae11-6eb4-408a-adb5-b026e78a907a
丽水市,0000000Z00000031000000070000000X,4,2017/7/5,331100,460eaac1-de57-4342-8854-ccad4651d466
嘉兴市,0000000J0000003Q000000070000000X,40.67,2017/4/25,330400,289cfb01-32fe-46ab-a005-cee6f5fd3cda
绍兴市,0000003100000081000000130000000X,66,2017/4/5,330600,a7d773ca-a1b0-448d-a904-cc8538347cca
温州市,0000000J0000003S000000070000000X,42.67,2018/8/25,330300,19c117ef-a70e-466d-8f78-8dcc0a0789c7
金华市,0000001E00000031000000070000000X,4.83,2017/6/25,330700,b90108cd-f8af-45cb-a9a9-d5e4a99512aa
绍兴市,0000001200000031000000070000000X,2.83,2018/6/15,330600,bc95e54f-a4e8-4899-a69c-fe14e52ff33b
金华市,0000000H0000003N000000070000000X,10.33,2018/7/5,330700,00d115da-d145-42e0-9d74-1786b6b8f051
宁波市,0000000J0000003Q000000070000000X,38.67,2016/12/25,330200,59ba698a-2334-420d-90b1-89825784de5f
温州市,0000003100000081000000130000000X,63,2017/7/15,330300,f9ada397-b4c7-4137-a812-64fad64983f1
嘉兴市,0000001Z00000036000000070000000X,5.67,2017/9/15,330400,efabfd25-6c8e-4233-a414-610b00d4e854
舟山市,0000001200000031000000070000000X,4.33,2018/4/15,330900,7e0a5ac1-76ad-464e-a49f-dd0086e229e0
舟山市,0000000Z00000031000000070000000X,4.33,2018/2/5,330900,11bce839-1b69-42e6-a0c0-5f18a0750d3b
衢州市,0000000P0000002W000000070000000X,4.17,2017/4/5,330800,c79ef797-8123-428c-80aa-f3ee1eacc81e
温州市,0000000D0000002R000000030000000X,51.33,2018/11/5,330300,d3127dd9-a083-42d7-b7e9-96bf43f710e1
温州市,0000000S0000002Z000000070000000X,9.17,2018/4/25,330300,986f4ccf-2439-4f77-ae11-f72993028c32
衢州市,0000000J0000003S000000070000000X,35,2018/7/5,330800,2212b1e5-2aa4-4ee8-8fc2-62f94888160b
台州市,0000001A00000031000000070000000X,4.5,2017/9/5,331000,022fb4ed-75ab-4312-ba22-200d3e4e2bde
台州市,0000000P0000003E0000000700000010,3,2017/4/4,331000,03461a67-c8aa-4fa9-8ce1-c401b9c04ef3
金华市,0000000P0000003E0000000700000010,4.8,2017/12/5,330700,892db7aa-e1c9-4d7d-9389-34e6d4dcc293
丽水市,0000002U0000007X000000070000000X,3.66,2018/3/25,331100,fa1f700d-1bd5-4d98-a716-aee6a2bc58fd
台州市,0000000P0000003E0000000700000010,3.92,2018/6/5,331000,2c37b1f8-3962-48ad-8f22-f0a7a88cd615
衢州市,0000001200000031000000070000000X,3.83,2017/4/5,330800,a3c496ad-866b-48f5-beb9-a91e50138d13
浙江省,0000003100000081000000130000000X,86.04,2018/11/5,330000,ae5aa73a-506a-4fae-b596-66ece073cf4d
台州市,0000001E00000031000000070000000X,3.33,2017/9/25,331000,6a5c4e11-aa02-4c6f-90e7-2de3a7c02a92
宁波市,0000000C0000002Q000000030000000X,86,2016/12/25,330200,a6b44421-d561-4ff6-883d-ddb2029a5b41
杭州市,0000000C0000002Q000000030000000X,62.67,2017/11/5,330100,d8886528-80b7-4ae8-84c1-e5e1d380efd9
丽水市,0000000Z00000031000000070000000X,4,2019/3/15,331100,54522837-3046-43e9-8cfe-7214e3dad795
浙江省,0000001200000031000000070000000X,3.35,2017/5/15,330000,ac759628-9a1b-46d5-a220-3679b9173458
绍兴市,0000001Z00000036000000070000000X,4.17,2017/3/25,330600,5636a837-6a84-4183-9323-9ae2ef508339
温州市,0000000G0000003F0000000700000010,10.43,2018/1/30,330300,e9027041-e729-4459-8842-272a3e39a3b8
舟山市,0000000D0000002R000000030000000X,43.63,2017/4/5,330900,47852449-a48c-4264-914e-04fb89d3c3b4
杭州市,0000002U0000007X000000070000000X,4.27,2017/7/5,330100,274c2cb1-0208-43b4-8fe6-964cc26917e0
绍兴市,0000002200000038000000070000000X,2.5,2017/11/15,330600,1dec2c06-7604-4a21-aecb-720557fb45dd
宁波市,0000001K00000031000000070000000X,4,2017/9/5,330200,c79878ff-7f19-492a-a015-8c78b38bd153
杭州市,0000002U0000007X000000070000000X,4.67,2019/3/5,330100,01f85ec4-4199-4d5e-97ad-a87067ac1f45
衢州市,0000000P0000002W000000070000000X,5.33,2019/2/25,330800,e829e3e4-63fb-4f6b-98b6-bea5263ddf84
绍兴市,0000003100000081000000130000000X,66,2018/5/25,330600,88d8a19d-4514-4a47-aed9-a4da0b0bc603
金华市,0000000J0000003Q000000070000000X,41.67,2018/10/5,330700,318e62c0-e244-4ca1-a673-51905e93026c
舟山市,0000000H0000002T000000070000000X,15,2017/7/25,330900,927f09e8-9f6e-4a04-8697-bb885c7137f5
浙江省,0000001200000031000000070000000X,3.93,2017/3/25,330000,32faf610-1fec-4e7c-893f-a4320ac802fe
丽水市,0000000X0000007T000000070000000X,49,2017/5/5,331100,2aa0c800-d944-4fbf-b887-19f095646928
台州市,0000000M0000003V000000070000000X,10.67,2019/1/5,331000,9b58f33e-be91-4018-a92b-637e20b913df
嘉兴市,0000000H0000003N000000070000000X,15.67,2017/2/5,330400,777383f3-a4c5-40d6-9e57-8eda6121ca08
温州市,0000000S0000002Z000000070000000X,9.33,2017/12/5,330300,18099ad8-f661-4735-b1d4-e270084c224f
嘉兴市,0000001E00000031000000070000000X,3.83,2018/5/15,330400,a42d2cc6-dc82-465a-8ab4-02f9237c540b
嘉兴市,0000000D0000002R000000030000000X,37.67,2017/1/15,330400,387c7198-efc2-46a7-9db9-615e2880a743
杭州市,0000000H0000003P000000070000000X,21.17,2017/3/25,330100,3afc3670-38d7-4608-ab8a-0d904216b7c9
金华市,0000001500000031000000070000000X,3.67,2017/5/5,330700,1a638b6e-274c-49f6-bd00-c13d3a787952
浙江省,0000001A00000031000000070000000X,5.28,2017/9/25,330000,cc1378a3-7186-4132-bec1-6512c523f6c9
绍兴市,0000000M0000003V000000070000000X,9.83,2018/1/25,330600,b098fb50-b0c0-4d90-980f-385f6da1d28a
浙江省,0000000H0000003N000000070000000X,14.98,2017/4/15,330000,76f4c81e-b612-4295-9a70-704b35074ffa
嘉兴市,0000000J0000003S000000070000000X,32.67,2018/8/5,330400,98bc69f5-bbfa-440f-87c1-93bd09a89ca3
绍兴市,0000001700000031000000070000000X,2.5,2019/2/25,330600,18e5ebd5-463d-4271-9f06-5bd8c637f44c
台州市,0000000J0000003Q000000070000000X,38.33,2017/8/25,331000,2f36c366-131d-4b8c-9882-bff696bca089
台州市,0000000P0000003E0000000700000010,4.68,2018/11/20,331000,a6be9ba9-1fee-438d-bffa-f479e31e2078
杭州市,0000001Z00000036000000070000000X,6.77,2017/3/5,330100,6bbe3808-36a3-4721-bdeb-ed6334b1e2e8
温州市,0000001A00000031000000070000000X,4.67,2017/3/25,330300,75a1b9aa-6a52-45a0-8c03-cffed723134c
杭州市,0000000P0000002W000000070000000X,5.67,2018/10/25,330100,98334ef5-de30-499e-b2e8-e479dc4df809
浙江省,0000000H0000003N000000070000000X,14.47,2017/5/15,330000,eee02540-7f54-4772-8ace-f36af266c063
宁波市,0000000H0000003N000000070000000X,13.13,2018/5/15,330200,b4455528-218a-48df-99ee-d2ee8b615dec
嘉兴市,0000000J0000003Q000000070000000X,40.67,2018/2/5,330400,e1c6c056-53da-4cc2-9f5d-e52ddfdf8115
浙江省,0000001E00000031000000070000000X,3.94,2018/11/15,330000,923c9c0f-fdf2-4eeb-bc84-04a001e92098
杭州市,0000001500000031000000070000000X,4.57,2017/4/25,330100,f2c5522f-3b87-4afe-997a-4932d3e78e68
绍兴市,0000001Z00000036000000070000000X,4.27,2017/12/25,330600,fdb27aa7-456e-446c-b105-a55e8028a57d
宁波市,0000000Z00000031000000070000000X,7.03,2017/9/15,330200,edf10a35-d420-41a3-81de-04c90a751031
台州市,0000000J0000003S000000070000000X,36.33,2018/11/25,331000,f80e07d2-b1cf-4886-827d-dddb9a9be62a
舟山市,0000000H0000003P000000070000000X,25.33,2018/12/25,330900,5ca6dc3c-ad37-4e9c-8adc-7e22266f874f
杭州市,0000001K00000031000000070000000X,4.67,2018/2/25,330100,6fb404bf-b255-4e68-9199-21da9a30e1e4
台州市,0000000G0000003F0000000700000010,13.8,2018/9/25,331000,133d54cd-fdc4-45fe-8bb7-127acd069826
丽水市,0000001500000031000000070000000X,6,2018/10/25,331100,dc82268a-5c93-4119-9ebd-38be2b12ffe6
温州市,0000000G0000003F0000000700000010,8.13,2018/7/10,330300,39318ec5-c07a-472d-9cdf-3df530689d9a
宁波市,0000000H0000002T000000070000000X,16.83,2018/10/5,330200,1df33007-d2e9-4b0c-b805-841b94e75e75
嘉兴市,0000002200000038000000070000000X,3.17,2017/8/5,330400,17bf44a4-99c4-43eb-93f2-72bfb8263e33
衢州市,0000001500000031000000070000000X,4.67,2019/1/5,330800,985e443f-365b-4dc3-ae3a-dd9cc36d80b6
湖州市,0000000H0000002T000000070000000X,16.67,2017/3/25,330500,bf78266f-9e26-4172-92ea-635135c777b7
衢州市,0000000J0000003Q000000070000000X,38,2017/7/25,330800,78d5b5fc-0895-4296-b1b4-85008ee37842
台州市,0000002200000038000000070000000X,2.83,2018/4/5,331000,1e3bdf37-5c03-4604-a1c4-e16c84e342f0
丽水市,0000001A00000031000000070000000X,4,2017/6/15,331100,60d038fb-026a-49c2-a766-2fa097f69b38
衢州市,0000000M0000003V000000070000000X,10.5,2017/4/25,330800,1cb20c0e-1157-4055-b462-b0b9858cf4c7
浙江省,0000001Z00000036000000070000000X,5.99,2017/2/25,330000,1c55af4a-f674-499f-88f0-b071aeba493f
嘉兴市,0000001400000031000000070000000X,3.83,2017/10/15,330400,2a297286-19b2-498c-bda7-ad3350fd3a15
衢州市,0000001A00000031000000070000000X,7.67,2017/10/15,330800,76303bcb-a2ab-4cac-9539-6f26f0c982b5
衢州市,0000000X0000007T000000070000000X,25.33,2018/5/25,330800,2d95764e-b605-466e-ae5d-df53f92bb3ce
台州市,0000000S0000002Z000000070000000X,10.33,2017/7/15,331000,2885c4af-9e66-4a4f-b50f-e182db70ebfd
绍兴市,0000000H0000003P000000070000000X,25,2017/4/25,330600,d494f5bf-cb5e-439c-9807-e09a6dbdc436
宁波市,0000001E00000031000000070000000X,5.63,2018/6/5,330200,ae113ced-7004-4d1a-bbf4-a32acda9922e
浙江省,0000000M0000003V000000070000000X,12.65,2017/2/5,330000,549bb8ad-8226-492b-953e-90f19714ee91
宁波市,0000001700000031000000070000000X,3.33,2018/12/5,330200,f8649bfc-eab1-4054-9ae7-1552e197cd38
金华市,0000001400000031000000070000000X,5.5,2018/6/15,330700,59c082af-d4ed-45f8-8b15-1a3eedc9e1d1
宁波市,0000001A00000031000000070000000X,5.83,2019/3/5,330200,c7d0736c-f197-499e-9317-cc51a2f30413
金华市,0000002200000038000000070000000X,3.33,2019/1/5,330700,51134986-9f55-4371-bdbe-dc8fa4000a50
温州市,0000000P0000003E0000000700000010,2.95,2017/4/4,330300,b0622eec-93a2-4c63-8ecd-ce987d185548
温州市,0000000H0000003P000000070000000X,23,2018/5/25,330300,52227787-f3f4-4ba0-b341-f0062394bfb2
绍兴市,0000001700000031000000070000000X,2.67,2017/3/25,330600,708244e4-3703-4d70-b336-af39052dab9b
杭州市,0000001K00000031000000070000000X,3.33,2017/3/15,330100,fcba6a26-1880-4713-8bba-da320e50556f
绍兴市,0000000X0000007T000000070000000X,32.67,2017/10/5,330600,6939b10d-db6b-4e7e-bec5-862a57979c45
台州市,0000002200000038000000070000000X,3,2019/1/5,331000,69205d74-5889-4421-a9df-1102253d01c3
湖州市,0000000H0000003N000000070000000X,12.67,2018/8/15,330500,ecb26aaa-cb8f-40fc-823e-38af27423922
丽水市,0000002P0000007W000000070000000X,2.6,2017/7/15,331100,63ce7c0a-2780-4c2e-af23-3c751c64b0c9
杭州市,0000000G0000003F0000000700000010,11.28,2017/2/21,330100,8e49a2c2-bbb5-473b-b114-8bc2b7fe2d2a
浙江省,0000000H0000002T000000070000000X,16.73,2019/1/5,330000,ee8431e2-d3c6-427e-a687-8534855b13f8
舟山市,0000000J0000003S000000070000000X,33.67,2017/11/15,330900,e44aec2a-c8d6-422b-bc32-42fc5bb06647
衢州市,0000000P0000003E0000000700000010,4.75,2018/1/23,330800,2243c063-6785-4a9f-92f3-35742059cf59
温州市,0000000C0000002Q000000030000000X,60,2018/2/15,330300,0c210986-a50a-49c2-b6e5-78efc6fd973e
温州市,0000001E00000031000000070000000X,7.17,2018/9/25,330300,a30d8438-c954-4e36-b5e0-12e1a4afb621
衢州市,0000002200000038000000070000000X,2.17,2017/10/15,330800,aa62d12f-3750-4c99-a6e5-00b689d379ed
丽水市,0000001K00000031000000070000000X,3.33,2017/7/15,331100,50161a95-2cc3-4301-a161-030527506d28
杭州市,0000000J0000003S000000070000000X,36,2017/2/25,330100,f7c58974-8645-4537-a23c-97c7a68311c2
嘉兴市,0000000D0000002R000000030000000X,35.33,2019/3/15,330400,1f38320c-fffa-48b7-8f68-b36696bc6780
湖州市,0000000X0000007T000000070000000X,35,2018/12/5,330500,11748df0-16ad-4013-bb86-844f8a7b18fa
浙江省,0000000K0000003U000000070000000X,35.41,2016/12/15,330000,e1e8d4e9-49c6-4817-a2c1-6b78d047cf8a
宁波市,0000000S0000002Z000000070000000X,9.83,2018/11/25,330200,aaadd766-fa7d-4993-ba83-90b5cd2d1fe7
宁波市,0000003100000081000000130000000X,138.33,2018/9/15,330200,2d3e4639-9999-41c6-a8d2-5881d8797de5
绍兴市,0000000G0000003F0000000700000010,10.15,2017/5/2,330600,54c5035d-f31c-4537-9913-f1cd085a6187
台州市,0000002U0000007X000000070000000X,4.33,2017/9/5,331000,209d7447-251a-43f1-86a6-ef588ad4406a
浙江省,0000000P0000003E0000000700000010,3.59,2017/1/31,330000,52a9e6cb-76c2-455e-8a6a-83815d69817e
衢州市,0000001K00000031000000070000000X,2.83,2018/7/5,330800,f569a47f-99ea-4ce5-9bea-d8007b864611
温州市,0000002200000038000000070000000X,4,2017/2/15,330300,ba832531-7b9c-40b0-a2a3-4b3453488021
湖州市,0000000J0000003Q000000070000000X,38.33,2017/3/25,330500,7657c4f1-a101-4500-9448-54626d818d6d
丽水市,0000001E00000031000000070000000X,4.67,2017/8/5,331100,aca696fe-52fe-40dc-a515-a9b51f28dd3d
台州市,0000000S0000002Z000000070000000X,10.33,2017/7/25,331000,8075979c-25d3-4cd5-a65e-637f2396f7d9
浙江省,0000000C0000002Q000000030000000X,64.06,2017/5/25,330000,72d4579c-1732-41e7-8632-def9281db337
衢州市,0000002200000038000000070000000X,3.17,2018/2/25,330800,8927cdf2-b020-4418-bad2-5304549048a0
台州市,0000001700000031000000070000000X,2.17,2017/7/15,331000,3c9e6389-be6b-4059-829a-6184aa48be91
杭州市,0000000H0000003P000000070000000X,21.83,2017/3/15,330100,9363cc73-39bc-4217-86ee-6b578eb6409b
温州市,0000000J0000003S000000070000000X,43.33,2017/11/25,330300,9f3ee9ae-f60d-41d6-92e9-f22b3d3ebb6c
宁波市,0000000K0000003U000000070000000X,32.83,2016/12/25,330200,fc36991e-bd87-4755-ab6d-f38ac3d81090
台州市,0000001500000031000000070000000X,4.67,2019/1/15,331000,b1bbb01d-6db8-4594-a269-74bd59742dec
温州市,0000002P0000007W000000070000000X,2.5,2018/7/15,330300,319653e6-30ea-4e9b-986f-ebfa69a7260b
宁波市,0000000H0000002T000000070000000X,15,2017/9/15,330200,50322fe4-2fef-4f38-b6a2-57962912c5ed
湖州市,0000000X0000007T000000070000000X,35,2017/12/15,330500,92df06ed-1dca-4da5-957e-53d852285d15
宁波市,0000001700000031000000070000000X,3.3,2017/5/5,330200,ab39df2d-36aa-4329-b58d-b7c7b62e331e
浙江省,0000001200000031000000070000000X,3.4,2017/7/25,330000,6bc87cec-f43b-4577-8a0d-6690260dc971
嘉兴市,0000001A00000031000000070000000X,4.83,2017/11/5,330400,0ed735d6-dfc3-4396-bde5-ef9c175dc027
衢州市,0000001K00000031000000070000000X,3,2017/2/15,330800,3bcdc84c-c761-44c9-8df7-a7823397436a
温州市,0000000H0000003N000000070000000X,15.33,2018/8/25,330300,1594287f-3b2e-4bca-8ba9-460e4f8c5d51
金华市,0000000M0000003V000000070000000X,12.33,2017/8/25,330700,8c98f4b5-ce34-4414-a904-f84813f897b7
宁波市,0000001K00000031000000070000000X,3.03,2017/12/25,330200,bf41406d-af03-4a2c-be96-d69d549f4260
湖州市,0000001A00000031000000070000000X,6.67,2017/6/15,330500,333d6b16-4b09-416e-a186-f306c79c979f
衢州市,0000000H0000003P000000070000000X,23,2017/4/15,330800,1053ad2f-f13d-4fec-81b1-f7bb03239774
湖州市,0000000Z00000031000000070000000X,4.33,2018/5/15,330500,48a7c851-3771-466f-a748-a2f58d568b91
浙江省,0000000H0000002T000000070000000X,16.36,2017/4/5,330000,06389845-871c-49c2-a2a9-cfa494a7e2f9
金华市,0000001700000031000000070000000X,2.5,2018/10/15,330700,38596f73-618a-4b21-b4c6-3365f15a4f5c
衢州市,0000000J0000003Q000000070000000X,38,2018/4/25,330800,41c58621-b9ab-4ec1-bf50-1e0374de6052
衢州市,0000000G0000003F0000000700000010,11.3,2017/1/3,330800,72c85155-5c07-4ae7-9985-008b7ac1e498
嘉兴市,0000002200000038000000070000000X,3.17,2017/1/5,330400,5a177e8d-014e-4582-b516-e9f73b472422
丽水市,0000001400000031000000070000000X,4.83,2018/12/15,331100,e865af7d-9954-4c0a-ad8e-4b7eac89c121
绍兴市,0000001700000031000000070000000X,2.67,2018/4/25,330600,83e37294-aadc-43f1-8635-0e0490c1a1e4
浙江省,0000000J0000003Q000000070000000X,40.97,2018/5/25,330000,c7d70e57-2b1d-46b1-9f53-fdd96b59dd03
丽水市,0000001400000031000000070000000X,5.33,2018/6/5,331100,5ab281bb-be37-4479-a844-9e3cc1d4c44a
湖州市,0000001200000031000000070000000X,5,2019/1/5,330500,2af42938-c9fb-476d-b9bd-412ee7ceea86
舟山市,0000001200000031000000070000000X,3.67,2017/10/5,330900,40c34c99-96a8-4c82-bdcb-d537997276ce
金华市,0000002200000038000000070000000X,2.83,2018/7/15,330700,c0af964d-3a0a-4c57-9c49-7c45f1d78df1
浙江省,0000000P0000002W000000070000000X,5.44,2017/12/5,330000,c6d8d739-bedc-4751-a413-576361988fdc
舟山市,0000000H0000003P000000070000000X,24.67,2017/7/5,330900,0d09f4f7-039d-4dbb-b9f1-c5e69cf1b095
嘉兴市,0000001E00000031000000070000000X,5.33,2018/8/15,330400,f2710562-1518-41bf-b962-bd9f3b34c2b1
杭州市,0000001400000031000000070000000X,6.5,2019/1/5,330100,8ee07814-fb08-4213-892e-725cbc663d43
丽水市,0000001700000031000000070000000X,3,2017/4/5,331100,5011906e-4866-4241-805d-0705d9a563c0
衢州市,0000000G0000003F0000000700000010,7.4,2018/7/3,330800,c9190455-eeff-4329-9d14-2ddb29478328
丽水市,0000001A00000031000000070000000X,4.83,2017/4/5,331100,c8e899f5-152c-49f6-98d1-b87ef359c0f8
绍兴市,0000000H0000003N000000070000000X,15,2019/1/25,330600,94f0366e-d089-45ed-816a-662e3a11e12d
湖州市,0000000G0000003F0000000700000010,9.1,2017/6/6,330500,618f5107-4cd2-46b0-bb57-3f4fea90f740
温州市,0000001500000031000000070000000X,5,2018/3/15,330300,51e30d86-1c28-4173-b73f-eb5602f7c1cd
衢州市,0000000C0000002Q000000030000000X,69,2018/1/25,330800,96628709-1b97-4695-a5bb-602aac6183dc
金华市,0000000D0000002R000000030000000X,44.67,2017/1/25,330700,4cbea955-2341-45a5-98ab-158c0761e055
嘉兴市,0000001K00000031000000070000000X,4.17,2018/9/15,330400,a213ce83-c531-45ea-88bd-f3c98e5b977b
衢州市,0000000J0000003Q000000070000000X,38.33,2017/6/15,330800,860915d3-43ae-479c-a3f5-3c38f6ab0744
绍兴市,0000000P0000003E0000000700000010,4.8,2017/12/12,330600,3f6a45d4-0d7f-4bbd-bcb8-5f713550b5f6
舟山市,0000001700000031000000070000000X,2.83,2017/11/15,330900,95e2824a-e531-4853-b0fa-87d7f3ddbca7
湖州市,0000000Z00000031000000070000000X,6,2017/9/25,330500,5b091a95-11e1-4b18-8a81-77689d174448
衢州市,0000000S0000002Z000000070000000X,9.67,2017/7/5,330800,3ff60b77-d3f5-4b25-b634-95e4a238e839
舟山市,0000001500000031000000070000000X,5.33,2017/2/25,330900,0b8b4641-75c7-4c68-8cd6-a25577076c90
台州市,0000000X0000007T000000070000000X,23,2017/2/25,331000,cdcbb2bd-1904-42e3-b468-82ae5993e611
宁波市,0000000H0000003P000000070000000X,27.5,2017/4/25,330200,6f0894f0-6ea4-4c9b-b77f-b47f94ef2ce6
杭州市,0000001E00000031000000070000000X,5.1,2018/3/15,330100,3929b257-e664-44ce-bd3d-48ceb9204950
台州市,0000000P0000003E0000000700000010,2.9,2017/3/28,331000,b4b5374c-a092-41e8-bf03-36f9375a82e2
宁波市,0000000H0000002T000000070000000X,15.33,2017/10/25,330200,61c36a2e-1d0b-4609-8ff7-1b5c0160f09a
衢州市,0000001500000031000000070000000X,4.5,2018/11/25,330800,4d4c02f6-b9da-4224-95c5-73482c95e3ac
舟山市,0000000D0000002R000000030000000X,43.63,2017/4/25,330900,b0e5fdc0-c573-4bdd-988f-64aa57b3941b
舟山市,0000000S0000002Z000000070000000X,11.67,2018/5/15,330900,1e1b7d05-c32d-4ec4-a9e2-72673da19ed7
绍兴市,0000001A00000031000000070000000X,3.5,2017/11/15,330600,6b644d1c-3c7e-4d87-abbc-15aef55df750
湖州市,0000001500000031000000070000000X,5.83,2017/3/15,330500,faca4665-f88d-44bf-bfc2-34178e07e604
台州市,0000000P0000003E0000000700000010,4.32,2018/3/6,331000,9c405e70-9d5c-4cd6-806e-577ef8e9a2cc
丽水市,0000001Z00000036000000070000000X,5,2018/5/5,331100,ed4320fa-8c8f-4c95-8786-80d29d43a7ba
舟山市,0000000D0000002R000000030000000X,44.3,2018/12/5,330900,7d92e75f-8b3f-4842-89c2-55d8cea83845
金华市,0000002P0000007W000000070000000X,3.7,2018/10/25,330700,1df210b8-ee3f-4b5d-95d8-18cb2c3c9a4f
丽水市,0000002P0000007W000000070000000X,2.93,2018/6/15,331100,c3a70deb-b9cd-40d5-86ce-96cb2a035027
金华市,0000001500000031000000070000000X,3.83,2017/9/25,330700,f31704a9-8712-47ef-8b3b-284a2c1a2c69
台州市,0000001700000031000000070000000X,2.17,2018/11/5,331000,20da0246-ce9d-4fe1-8582-def0e987da4c
绍兴市,0000000H0000003N000000070000000X,13.5,2017/11/5,330600,8722b36a-fb8c-4fdc-ac39-7cfb9accaadb
丽水市,0000001Z00000036000000070000000X,4.66,2017/3/25,331100,fbd5a203-2e26-4b43-8c55-52d17ce41044
嘉兴市,0000002U0000007X000000070000000X,4,2017/8/5,330400,1d722b2b-d30c-4cc3-aa2d-4153f8f3f891
宁波市,0000000D0000002R000000030000000X,41.5,2018/6/5,330200,5a16e5cc-7ab8-4b99-93ca-68f876aea652
绍兴市,0000001500000031000000070000000X,3.5,2018/6/15,330600,149fba47-f7ae-4562-beca-cabec698fd54
舟山市,0000001200000031000000070000000X,4.67,2018/2/5,330900,2010ab85-cc3c-4603-9537-17de53758c03
杭州市,0000002U0000007X000000070000000X,4.27,2017/4/5,330100,84f02014-b185-4afb-bb75-b3c6b5bd7d62
宁波市,0000001K00000031000000070000000X,4.17,2018/10/25,330200,2b8cb938-5606-49a7-b2e3-231f23c5ec20
湖州市,0000000P0000003E0000000700000010,3.7,2018/4/3,330500,5a082274-bd23-407c-8307-c1f1784bf3c8
温州市,0000000H0000003N000000070000000X,20,2018/10/25,330300,47519032-7cdc-4d66-b923-517c7de060bb
宁波市,0000000H0000002T000000070000000X,16.17,2017/1/15,330200,5fd28d44-3cdc-4d7b-bdf3-9848d5e1730e
绍兴市,0000000J0000003Q000000070000000X,38.33,2017/11/5,330600,c73a7d02-d1f4-4a5b-8250-564fd827e1a2
衢州市,0000001700000031000000070000000X,2.5,2018/1/5,330800,76fddc65-691b-403c-b091-577439c712a2
台州市,0000002U0000007X000000070000000X,4.5,2018/1/25,331000,998e497c-2c94-40b1-a95e-2ac1e81f6a88
杭州市,0000000H0000003N000000070000000X,16,2017/4/15,330100,79f70bc2-9c74-4b9c-9e65-86d16feb1f71
温州市,0000002P0000007W000000070000000X,2.33,2017/11/15,330300,51e4b718-3dd3-49f6-b7fb-5550ec80ea32
台州市,0000000H0000003P000000070000000X,26.67,2017/1/25,331000,0878a014-bcb9-4e30-9486-afad74b7cf9b
嘉兴市,0000000H0000003N000000070000000X,14.33,2019/1/25,330400,d08552d8-4424-4f00-b2af-cffe5bfc8203
温州市,0000002P0000007W000000070000000X,2.33,2017/11/25,330300,afa37293-147e-454f-b98b-56ff1f04bba7
衢州市,0000000H0000002T000000070000000X,21.33,2019/1/15,330800,c94096b5-630e-454f-858e-66680c0226b9
杭州市,0000002P0000007W000000070000000X,3,2018/7/15,330100,5359f17a-e898-4ff6-b2a3-e8afc4dd8b67
舟山市,0000001E00000031000000070000000X,5.67,2018/4/15,330900,8a8ef9c6-8373-43cd-8d45-83a746dde1b0
舟山市,0000000G0000003F0000000700000010,10.5,2017/9/19,330900,e77c61b6-aa9e-4cac-bcc4-548326a45f55
湖州市,0000000H0000003P000000070000000X,18.67,2019/1/15,330500,aa4ce91f-97bc-422c-a054-1cbcac894f8d
杭州市,0000000P0000003E0000000700000010,4.1,2017/1/3,330100,effa2df9-9a54-41b8-b1fa-7de707870b77
嘉兴市,0000002U0000007X000000070000000X,3.77,2019/2/5,330400,a3b370d8-c844-4328-998a-c8a8830f7b1f
金华市,0000000J0000003Q000000070000000X,40,2017/9/25,330700,4ec8348a-43f0-45c2-90fb-8127c3e312c4
嘉兴市,0000000J0000003S000000070000000X,32.33,2017/3/5,330400,d42f099e-499c-4419-a073-fe4903a5ac49
丽水市,0000001700000031000000070000000X,2.17,2017/6/15,331100,aaa176f0-0893-4e1c-a7a9-4914e71641c8
衢州市,0000001E00000031000000070000000X,3.83,2017/4/5,330800,13e8c973-985b-4a29-8ba5-313642f33492
衢州市,0000000M0000003V000000070000000X,10.33,2018/5/5,330800,477893f6-61ec-45a7-a7d1-44a07565934b
衢州市,0000000J0000003S000000070000000X,36.33,2018/3/25,330800,52dc7f33-6b0a-4293-8ca7-20f0322e72fd
浙江省,0000000P0000003E0000000700000010,4.99,2017/12/19,330000,056dc267-84c4-475f-9182-a22044a2ac2d
浙江省,0000000J0000003Q000000070000000X,41.12,2018/4/15,330000,a68cebca-711a-4dd2-97de-f5982438b422
杭州市,0000001E00000031000000070000000X,4.83,2017/12/15,330100,f47c1513-2fd0-46c5-99bb-56f78afea6d3
浙江省,0000000G0000003F0000000700000010,10.88,2017/3/14,330000,889eadf5-b09b-4c7a-b62b-2bbde3136284
湖州市,0000002200000038000000070000000X,4.33,2018/6/25,330500,c0e2eabb-de4e-4862-ab68-c450190a62b2
衢州市,0000001A00000031000000070000000X,6.17,2018/11/15,330800,8ff546b7-36bb-4c6e-b96e-b21332f636aa
金华市,0000000H0000003P000000070000000X,20.67,2017/5/5,330700,4dad6166-5168-4f2c-8543-c4437f03bbc0
舟山市,0000001400000031000000070000000X,5,2017/5/15,330900,ad8b94e9-29ce-404a-8f57-fc4ff8a9bd78
金华市,0000000D0000002R000000030000000X,42,2017/9/15,330700,83dbc9cf-7c75-4468-a841-161d73af7044
嘉兴市,0000000G0000003F0000000700000010,10.05,2017/5/2,330400,a41e87eb-dde3-470e-a1db-2b7f09c9da84
嘉兴市,0000000D0000002R000000030000000X,39.33,2017/3/25,330400,f79f099a-6162-4df6-9ca6-ee2e38ac4070
嘉兴市,0000001Z00000036000000070000000X,6,2018/2/25,330400,6c9c88dd-6804-4c72-b78b-5448a9730e4f
舟山市,0000001Z00000036000000070000000X,7.33,2017/10/25,330900,a0e31c2a-fc2b-4000-ab2f-4ccfca538cc7
嘉兴市,0000000S0000002Z000000070000000X,8,2017/3/5,330400,ac7ef964-dd1a-4bf4-8fdd-7756bdcf7680
衢州市,0000000S0000002Z000000070000000X,8.67,2019/1/15,330800,01513b56-82e4-46df-a554-afe636a70c95
宁波市,0000000X0000007T000000070000000X,42.33,2019/3/5,330200,8b98a394-f4a4-4b06-a901-43b892b28e4a
杭州市,0000000P0000003E0000000700000010,3.8,2019/3/5,330100,db2c421a-d510-4f7b-93b4-be7d7db6284b
绍兴市,0000001E00000031000000070000000X,5.17,2018/4/25,330600,8fd7cc4a-c47b-4b48-955f-2cbbc946cef3
舟山市,0000000P0000002W000000070000000X,5,2017/8/15,330900,a3dd4066-a506-4c52-879a-2f2a9c9cb620
宁波市,0000001500000031000000070000000X,5.83,2019/2/15,330200,ec3cdb92-e782-4cdc-8482-b57ded1331cf
温州市,0000000P0000002W000000070000000X,4.83,2017/1/15,330300,b36f7d08-37e8-45f3-b638-87148f48fa31
舟山市,0000001200000031000000070000000X,4.17,2016/12/15,330900,e1a13518-cdb3-481e-afcf-82ef36c29d44
浙江省,0000000D0000002R000000030000000X,44.12,2018/2/25,330000,18043b21-d8dd-4adf-be26-5b5966c79475
浙江省,0000000M0000003V000000070000000X,12.77,2018/12/15,330000,76ca3799-d3ee-4da4-9cfd-86f81b060d79
嘉兴市,0000002P0000007W000000070000000X,3.2,2017/7/25,330400,7982ae75-bf2c-4ef0-b289-68e13635d52c
绍兴市,0000001E00000031000000070000000X,2.83,2017/5/5,330600,acb9682f-fca4-4fc2-8fc8-5c58bf41247c
湖州市,0000002U0000007X000000070000000X,3.6,2017/4/25,330500,2bc5cc30-6d42-406e-bd0c-c60155f64b14
浙江省,0000001A00000031000000070000000X,4.95,2017/5/15,330000,adee5540-a5b8-492f-ba28-82f4e6686db4
湖州市,0000000H0000003N000000070000000X,14,2017/7/25,330500,81b1cd60-cd5a-4cc2-9fc6-710f67841a49
舟山市,0000001500000031000000070000000X,3.5,2018/7/25,330900,271d234b-3214-44a0-a615-fa7028a02d5f
嘉兴市,0000003100000081000000130000000X,79,2018/11/15,330400,a4788cb4-e115-4f6a-998c-a54a6e1fb8ce
台州市,0000000P0000003E0000000700000010,2.9,2017/3/21,331000,eb094e3c-e2ad-4c18-8efc-f60bda266acb
浙江省,0000000S0000002Z000000070000000X,9.68,2017/7/25,330000,5b50ee7a-d584-4274-a1c1-c55c7c62bbd9
嘉兴市,0000002P0000007W000000070000000X,3.2,2018/3/5,330400,17c2fc7f-fbff-4081-84df-cc1aa2d18dec
湖州市,0000003100000081000000130000000X,73,2019/2/5,330500,1e5a3c5b-5a2c-4291-aa2b-cc30b54cbd55
衢州市,0000000G0000003F0000000700000010,12.8,2018/10/16,330800,c4d32ef6-c634-46cc-9687-d23dba69a934
湖州市,0000000J0000003Q000000070000000X,38.33,2018/1/15,330500,44a47e59-cd16-4360-b171-449427493f6d
衢州市,0000000M0000003V000000070000000X,11.33,2018/3/25,330800,6eae96a6-d3aa-4645-8731-3099a2635676
温州市,0000000J0000003Q000000070000000X,47.67,2016/12/25,330300,d7f71871-0c40-4f40-80bb-4bd59701d63b
金华市,0000000M0000003V000000070000000X,12.33,2017/5/5,330700,f1c28a66-9b7d-4ebd-861e-72eb27434849
舟山市,0000000H0000002T000000070000000X,14,2019/1/25,330900,9de9635b-e584-4fe0-a2a1-f083107edd7f
浙江省,0000000P0000002W000000070000000X,5.59,2017/12/25,330000,fb4a4e6f-ceb2-4a20-aee8-36536e36ed91
舟山市,0000001A00000031000000070000000X,4.33,2017/11/15,330900,80d87f32-53a1-4119-8d9b-960ff8d13314
嘉兴市,0000003100000081000000130000000X,79,2018/4/25,330400,2be15917-b4fe-4ebc-9d95-ba0b3d72d80b
丽水市,0000000J0000003S000000070000000X,34.33,2017/2/25,331100,6459f4cc-7e7a-44ff-a686-7eb43fdaa566
台州市,0000002200000038000000070000000X,2.93,2018/2/5,331000,aaac4646-718a-4930-b032-3557261c0317
舟山市,0000000S0000002Z000000070000000X,11.67,2017/9/5,330900,55f039ca-8fbf-4d7a-9c52-1b0e07b4313d
衢州市,0000002P0000007W000000070000000X,3.06,2019/1/5,330800,91f0b1eb-837d-49b3-a27a-5305288c3683
宁波市,0000001400000031000000070000000X,6.4,2017/10/25,330200,b1a0ab57-9a05-4572-8280-fcd3bfe26ba9
台州市,0000000H0000002T000000070000000X,11.67,2018/7/5,331000,ec06a6c9-cf12-46cc-9f29-6850367656d2
衢州市,0000001200000031000000070000000X,4.67,2018/9/15,330800,1a4909e9-d2db-496d-bee2-0b6c54f4ce77
舟山市,0000000C0000002Q000000030000000X,50.3,2018/9/25,330900,dba72c9d-90dd-4e7c-bca3-0b6a39d56388
舟山市,0000001K00000031000000070000000X,3.67,2018/3/5,330900,574a00b8-7ade-4dac-8822-9838750abc00
宁波市,0000001Z00000036000000070000000X,6.6,2017/4/25,330200,78222707-0fc1-491d-be0e-96622e54e542
金华市,0000001Z00000036000000070000000X,5.33,2017/3/25,330700,3fb051a8-3f81-4c89-bcce-d4d6360882f6
绍兴市,0000000Z00000031000000070000000X,5.33,2018/10/15,330600,7b82f8c7-2252-4c66-b511-30ef3bd2cbb6
湖州市,0000002U0000007X000000070000000X,3.77,2018/11/5,330500,f07738d5-465d-4070-b7c7-a1cf70113143
台州市,0000001200000031000000070000000X,4.33,2018/1/25,331000,3986b1e1-d68b-4c2d-9954-3f14e4973e70
浙江省,0000000P0000003E0000000700000010,2.8,2017/5/2,330000,0b7e96db-77f0-48b7-aef6-d6158cfdf017
金华市,0000001400000031000000070000000X,4.67,2017/1/15,330700,c75a684d-37af-4c24-b33c-df5e4445174f
杭州市,0000000J0000003S000000070000000X,36.27,2017/11/15,330100,e38128be-2d59-40a1-879f-924669bb0d62
宁波市,0000000H0000003N000000070000000X,14.5,2017/5/5,330200,e3ddb687-401e-43ac-9edc-678171bd5a20
丽水市,0000001700000031000000070000000X,2.33,2017/7/25,331100,13a3007b-39a8-4f94-b54c-8a530bda52de
台州市,0000001Z00000036000000070000000X,6.33,2018/12/5,331000,c6c59684-9ea9-4d13-8ae4-2f9c5983d21a
台州市,0000000G0000003F0000000700000010,10.8,2017/3/21,331000,23b80c46-36dd-458e-8f41-9101e9788b3b
嘉兴市,0000000S0000002Z000000070000000X,9.5,2018/7/15,330400,71249d57-aece-49b2-9f2b-cbf620bed4e2
宁波市,0000000D0000002R000000030000000X,41.67,2019/1/25,330200,795ac1d2-6e75-437c-90ae-b048a225d367
温州市,0000000K0000003U000000070000000X,48,2017/7/25,330300,c84e3469-5222-44df-ba6f-5a8e78e698d7
湖州市,0000000H0000003P000000070000000X,18.67,2017/4/5,330500,c6fd0a55-d7d0-414f-a388-0dd0bcdefeee
台州市,0000000X0000007T000000070000000X,26,2018/6/5,331000,1a318f24-858c-4c43-b720-89002f9a0e61
嘉兴市,0000001K00000031000000070000000X,3.5,2017/3/5,330400,2076369d-61e2-4e11-9704-2d91e53b5a53
湖州市,0000000D0000002R000000030000000X,37,2018/4/25,330500,5bb33cea-d413-4ad3-b3c0-924996732d0e
宁波市,0000000J0000003Q000000070000000X,39,2017/10/15,330200,378be7bf-ddd4-453f-880c-309fd752676a
浙江省,0000002U0000007X000000070000000X,4.26,2017/4/25,330000,1082ee71-0df1-408f-8dcc-85d579d0985e
宁波市,0000002P0000007W000000070000000X,2.93,2018/7/15,330200,c4ee21a4-1cc8-403e-9dcb-d6670ec3d141
丽水市,0000001400000031000000070000000X,4.33,2017/11/15,331100,dd08fe1c-b176-4d9c-b548-0dd99d7c4256
浙江省,0000000P0000003E0000000700000010,4.55,2018/2/27,330000,a60b63b0-ca5f-4754-a129-528acd8dd6c3
湖州市,0000000S0000002Z000000070000000X,9.67,2018/8/25,330500,ea6c43a3-4f06-49c1-bcd5-b2f6d9ea496e
嘉兴市,0000002200000038000000070000000X,4.17,2018/4/25,330400,72db2cdf-3e9d-4887-897a-361dbb80dbe6
金华市,0000001400000031000000070000000X,4.67,2017/9/5,330700,c2dafcd4-ab64-4a71-981e-77391929b8ef
丽水市,0000000C0000002Q000000030000000X,70.23,2017/5/25,331100,4fa73efa-202e-4704-9587-fd6ed9eed096
台州市,0000000J0000003S000000070000000X,38,2019/1/25,331000,004e28ed-150f-4ff1-b4f8-441419efb270
金华市,0000000M0000003V000000070000000X,12.33,2018/8/5,330700,ccfe8b36-14b3-42f8-86f3-0a36f3c35751
嘉兴市,0000003100000081000000130000000X,79,2018/6/15,330400,f3eca0f4-be30-4f5d-ba57-2a2bff18047d
衢州市,0000002U0000007X000000070000000X,4.67,2018/2/15,330800,585081f2-5ad5-4c0c-8071-2709cae86803
金华市,0000000P0000003E0000000700000010,3.5,2017/1/24,330700,423f675e-dfce-4d31-af73-fad0ebf4e241
温州市,0000001200000031000000070000000X,5.83,2018/9/15,330300,14edce8c-4b74-4f56-9fd3-d376ed63a952
舟山市,0000000G0000003F0000000700000010,12.5,2017/1/17,330900,a2dabe05-67d9-4055-b1f7-7bc054e116f4
杭州市,0000000S0000002Z000000070000000X,8.33,2017/2/15,330100,61806ab9-7192-408c-8d99-f1898b3967a7
衢州市,0000001200000031000000070000000X,3,2018/7/15,330800,047aa877-1f6e-4d8b-a06a-5faca023925e
湖州市,0000000H0000002T000000070000000X,16.33,2017/11/25,330500,f6a5a392-4cda-4ff9-9c43-2af0147fff97
丽水市,0000001700000031000000070000000X,2.5,2017/5/15,331100,818ee2c9-46ec-4f04-95d4-01a5995542b5
绍兴市,0000002P0000007W000000070000000X,2.33,2017/9/15,330600,2f8780a8-8843-47de-acd6-1591adbd9023
舟山市,0000001500000031000000070000000X,4.67,2018/3/5,330900,1ea25f68-e7a4-448a-831d-717729a7f236
温州市,0000000P0000002W000000070000000X,5.5,2019/3/15,330300,8c6a0ce1-e4ba-4fff-b784-8bd7e1407f0f
嘉兴市,0000001E00000031000000070000000X,4.67,2019/1/15,330400,99e8bb15-610e-4f82-ae12-8b8bf457c5de
湖州市,0000002200000038000000070000000X,4,2018/2/25,330500,11c6bef6-b9ab-40d0-baf9-df90f6424ffa
浙江省,0000000G0000003F0000000700000010,7.77,2018/6/12,330000,81931157-004c-4839-97e0-9df2d1ec0a7d
宁波市,0000000P0000002W000000070000000X,4.4,2017/7/5,330200,4227b941-6652-4e1b-ad29-8c9c7b8e0d72
湖州市,0000001400000031000000070000000X,6,2018/1/25,330500,7adbebd3-898f-4133-af76-4fa786276cb2
浙江省,0000000G0000003F0000000700000010,12.67,2018/10/9,330000,a8ef597a-f600-4c08-8489-55b38cc0fd5f
舟山市,0000000H0000003N000000070000000X,14.83,2018/5/5,330900,25b5b36f-e07f-497a-b01c-70c9612ef288
金华市,0000000C0000002Q000000030000000X,68.87,2018/5/15,330700,948455e9-02d6-40c7-a6d4-da787fa76246
舟山市,0000000M0000003V000000070000000X,12.83,2019/2/5,330900,d9b809f8-4bd8-40d9-b366-1a000109c3c8
舟山市,0000001Z00000036000000070000000X,7.5,2017/7/5,330900,4cef7e93-4cdb-4ec1-beba-d8ba08c4702b
浙江省,0000002200000038000000070000000X,3.77,2018/12/5,330000,fa76f1a9-06d5-4450-a1e2-eb825a78cda8
丽水市,0000000P0000002W000000070000000X,3.83,2017/5/15,331100,9cfdf1f1-eec1-4f0d-b703-c9f078900bf7
温州市,0000001200000031000000070000000X,3.5,2017/7/5,330300,391e4bab-0339-4404-a73b-bcc4d6c116ea
温州市,0000001500000031000000070000000X,4.5,2017/7/5,330300,0fcd0453-99a9-41b5-ad0f-2fed096c3f1e
丽水市,0000000X0000007T000000070000000X,43.33,2018/7/25,331100,aa93f9e9-4e08-48fe-a9e9-afb8b93e2fd0
绍兴市,0000001K00000031000000070000000X,3.83,2018/7/25,330600,9c91a362-07a2-4ffb-9a07-2c3623cd7cdb
杭州市,0000001Z00000036000000070000000X,7,2017/10/15,330100,1a70d91f-dac7-44eb-84cd-f42e4b2f8552
杭州市,0000000J0000003Q000000070000000X,43,2018/11/15,330100,84b64f0e-eff0-43b8-980e-9ddff5787d5a
温州市,0000002P0000007W000000070000000X,2.17,2017/3/25,330300,524e5a94-5e1c-4a2f-90a0-c9f84be812e1
浙江省,0000003100000081000000130000000X,91.16,2017/3/25,330000,0514c904-2942-488a-a2fa-bb3fcece5137
衢州市,0000000G0000003F0000000700000010,9.9,2017/5/9,330800,88c8fe2e-1a4e-4804-9fb9-d702331bc23f
温州市,0000001700000031000000070000000X,3.17,2018/9/5,330300,23e54cdd-1a6f-4933-a343-060729d4e064
金华市,0000000M0000003V000000070000000X,12.33,2017/1/5,330700,b374abca-ecb0-41f2-9fcb-d72b929e5b86
丽水市,0000000J0000003Q000000070000000X,37.33,2017/5/25,331100,91f59eae-9b35-483a-8deb-290a13a250ea
台州市,0000001Z00000036000000070000000X,6.33,2019/1/25,331000,091aca3b-9b8b-45ab-899d-2bb203363fe1
宁波市,0000002P0000007W000000070000000X,3.27,2017/9/5,330200,fd107212-9eb0-4031-b9a3-0e4f78a1c05a
杭州市,0000001700000031000000070000000X,2.67,2018/5/25,330100,41e14210-456c-45e1-9021-66ed849ac83d
舟山市,0000001700000031000000070000000X,3.17,2018/3/5,330900,2f4ba19c-c069-4b06-b609-5f08c51f06bf
衢州市,0000003100000081000000130000000X,86.27,2018/11/25,330800,9e78c9ce-c6ea-4ba8-a554-02a3b870b15a
丽水市,0000003100000081000000130000000X,84,2017/5/5,331100,efaa5392-955e-4e26-818b-b1398b880664
浙江省,0000000M0000003V000000070000000X,12.4,2018/5/15,330000,f317d91f-f8d7-4eb3-8c52-e85d38562977
嘉兴市,0000000Z00000031000000070000000X,4.67,2017/11/15,330400,3b729ff5-5a8e-4723-af60-6b80c682565b
金华市,0000000H0000003P000000070000000X,20.33,2017/11/5,330700,a195115e-1c51-4636-bd6d-d17e03cf6a6b
浙江省,0000000P0000003E0000000700000010,3.49,2017/2/14,330000,e3ef00be-4e26-4c0c-995b-b8ebebe981b6
嘉兴市,0000000Z00000031000000070000000X,3.17,2017/4/15,330400,e7785cc3-2939-4ff2-809f-4a91f31c91e3
宁波市,0000002P0000007W000000070000000X,2.93,2018/9/25,330200,e8d86fe4-aef0-4ef1-ac9b-6f45b19bb839
衢州市,0000000P0000003E0000000700000010,4.7,2019/1/22,330800,e64caf74-beb6-4cc6-8533-b01c8b4c1cf7
衢州市,0000001500000031000000070000000X,4.83,2017/3/5,330800,d0e61caf-b0a9-4014-91f9-e3494fd42515
台州市,0000001400000031000000070000000X,4.33,2018/7/5,331000,821c9bac-3adf-43b0-b56e-f238247adb6b
宁波市,0000000D0000002R000000030000000X,41.5,2018/8/25,330200,c48592e8-2371-4340-a4c4-ab30ba07e043
金华市,0000000H0000003N000000070000000X,11.17,2018/7/25,330700,f3280808-e21a-4b91-834b-5e2a5fcc92c0
衢州市,0000000M0000003V000000070000000X,10.33,2018/4/25,330800,85ce5b49-333d-474c-8817-cc12f4acc41a
温州市,0000000C0000002Q000000030000000X,60,2017/7/5,330300,010188ab-6724-4e70-949a-626c6fb0ce3a
衢州市,0000000D0000002R000000030000000X,37,2019/1/15,330800,54bb5b20-368b-452f-9716-9eea9f303d41
杭州市,0000000P0000002W000000070000000X,4.17,2017/5/5,330100,ff8501a1-d6e2-4990-9467-cd7c881f7275
杭州市,0000000J0000003Q000000070000000X,43,2018/10/15,330100,f4a20180-447a-4e2b-91b6-5dfa9d6ede92
绍兴市,0000001E00000031000000070000000X,5.17,2016/12/25,330600,3632b8fd-ee2a-42f6-8cf5-36fda7eecf02
衢州市,0000000M0000003V000000070000000X,9.83,2017/7/15,330800,45fcca4d-c865-4787-a3f1-95ca4e93b62b
宁波市,0000000M0000003V000000070000000X,13.67,2018/6/25,330200,9020f6d1-ff49-4cda-a01f-287439252ad8
浙江省,0000000H0000002T000000070000000X,15.9,2017/12/25,330000,219efcc3-3db6-47ae-9391-9a719b7e54d0
丽水市,0000000S0000002Z000000070000000X,9.33,2017/1/25,331100,c56b1fec-8149-4d6a-826e-206192da752a
嘉兴市,0000002200000038000000070000000X,3.17,2018/9/15,330400,34038ffe-9b59-4677-9044-af4197ecf190
台州市,0000001500000031000000070000000X,3.67,2018/2/25,331000,ce5c6e1a-2be0-483f-abd4-f4f481ff7671
湖州市,0000000H0000002T000000070000000X,15,2018/5/25,330500,2c4962af-3765-4c19-9e21-010308815418
台州市,0000001Z00000036000000070000000X,6.33,2018/4/15,331000,5d26f7f3-fd55-4825-93fa-f2a324a57f3e
杭州市,0000000J0000003S000000070000000X,35.5,2017/8/5,330100,2a7b0a44-68c4-49ba-8cfc-87a22162cf8f
金华市,0000000D0000002R000000030000000X,42,2018/12/5,330700,79967b18-ae97-4c17-8f71-a1508845a707
绍兴市,0000003100000081000000130000000X,66,2018/2/15,330600,fe3968db-c3ff-495c-86a3-bef80f84bdfc
嘉兴市,0000002U0000007X000000070000000X,4,2017/5/15,330400,736d76d4-eb23-42d1-a2d2-158b23079671
舟山市,0000000P0000003E0000000700000010,5,2017/12/26,330900,23678a7e-8b4a-4e2f-a214-2344cf0a2546
衢州市,0000000K0000003U000000070000000X,33.67,2018/4/5,330800,38dbc38f-b585-428b-b296-4928dea47333
绍兴市,0000002200000038000000070000000X,3.17,2018/6/25,330600,e615bd94-bb50-4265-af79-9f315d1e72ba
嘉兴市,0000000M0000003V000000070000000X,12,2018/9/15,330400,85603932-6129-4cf1-8ca8-0bdd90c242da
绍兴市,0000001Z00000036000000070000000X,4.07,2017/11/15,330600,5b4f8c1e-4466-4ad3-a442-a249eca0f6d6
绍兴市,0000000P0000003E0000000700000010,5,2017/10/17,330600,ce777d9c-911c-4b0f-ac3f-18c56e67dc4d
丽水市,0000001K00000031000000070000000X,3,2017/1/15,331100,2ddc7061-9d31-4d7d-a9e1-1c54bccb8330
衢州市,0000001Z00000036000000070000000X,5.33,2017/7/15,330800,5f97f654-26d8-4eb8-8958-d32cc069b956
绍兴市,0000000Z00000031000000070000000X,4.33,2019/1/15,330600,6677f065-8a1c-4a9e-b0e2-09ff7a721b6a
嘉兴市,0000001A00000031000000070000000X,4.83,2017/1/15,330400,c750d551-098f-41d7-9118-301dcdf03bb5
丽水市,0000001A00000031000000070000000X,7.33,2019/2/5,331100,1fd01329-dbac-4eff-a1ad-a48fc97e5f54
舟山市,0000000X0000007T000000070000000X,55,2018/2/15,330900,1c351399-a30a-4d85-8849-90cedb714a16
舟山市,0000000G0000003F0000000700000010,10.5,2017/12/19,330900,7a6d50d3-3b89-4fa7-b54e-859b0eacc9ed
丽水市,0000000G0000003F0000000700000010,7.1,2018/4/10,331100,dbc9ec2d-a04a-45c1-9796-131d527898d7
杭州市,0000001K00000031000000070000000X,3.03,2017/4/25,330100,d82e7fbc-669d-4ce8-b4fd-77adb958c516
湖州市,0000002200000038000000070000000X,4.67,2018/4/5,330500,e8ae1df9-a9c3-43b8-bc98-6f03f730e79e
湖州市,0000001700000031000000070000000X,3.33,2017/5/5,330500,38adc267-9220-4f74-9832-30e87477d565
金华市,0000001K00000031000000070000000X,1.67,2017/4/15,330700,94d7f8ba-6df8-4b80-8dfc-42f93120e282
舟山市,0000000J0000003Q000000070000000X,41.67,2018/6/25,330900,3604d2a4-0e40-40ca-a067-fefd2f6cf925
衢州市,0000000X0000007T000000070000000X,26.67,2017/3/25,330800,352aece0-8558-4cb9-8f44-20e81bf37a97
金华市,0000000P0000003E0000000700000010,3.8,2018/4/24,330700,a2a1698d-f88e-4121-8fc2-1e4a14661ad2
嘉兴市,0000000G0000003F0000000700000010,8.05,2018/3/6,330400,d43e2dee-d3e9-4102-b943-8ace35ab3ed4
温州市,0000000Z00000031000000070000000X,3.17,2017/3/25,330300,b8e8a0f1-87b0-44c3-8925-10419996314b
金华市,0000001700000031000000070000000X,2.33,2017/9/25,330700,1c61d90a-ea0d-482b-be2b-1550fb53561e
舟山市,0000001500000031000000070000000X,5,2017/3/25,330900,31072d5a-1274-4627-bd99-5a078fbc1d1d
宁波市,0000000J0000003S000000070000000X,33.67,2019/1/15,330200,09ff8a2c-3d01-48b6-bc91-e9a3d1264d49
杭州市,0000002200000038000000070000000X,2.73,2017/4/15,330100,b9658826-7152-4bd0-909a-b409a72d0ae7
浙江省,0000001200000031000000070000000X,4.47,2018/4/5,330000,9b2f80eb-3255-42ba-966b-6fa2160dec41
绍兴市,0000000K0000003U000000070000000X,35.33,2017/3/25,330600,98769a56-432b-4129-913e-744de9938a2d
温州市,0000000D0000002R000000030000000X,46.67,2017/11/25,330300,c187ce10-a73a-44ab-892c-31597a5d2665
嘉兴市,0000000S0000002Z000000070000000X,9,2017/12/5,330400,e6124b49-8a4a-4eea-a835-646f0b9f3ed8
金华市,0000000J0000003Q000000070000000X,41,2018/9/25,330700,63f30d3c-438f-4918-8ef6-1268c3b0db2c
嘉兴市,0000002200000038000000070000000X,3.67,2019/2/15,330400,8175b4aa-72fa-4031-921c-31713df998b4
嘉兴市,0000001500000031000000070000000X,6.33,2019/2/5,330400,4768382a-8d3c-4c9a-906c-c072ac4440fe
浙江省,0000001400000031000000070000000X,9.02,2019/2/25,330000,f0c8cd37-9a93-4943-9ce9-9f9b4851acab
绍兴市,0000000P0000002W000000070000000X,5.83,2019/2/5,330600,267a5e0a-0035-4c44-8055-f6581e6c868b
台州市,0000000H0000003N000000070000000X,12.67,2018/1/25,331000,3cc26d24-a505-4b2f-8d5b-01ef5225dc96
温州市,0000000X0000007T000000070000000X,45,2018/4/5,330300,6ee10932-4c0f-4573-bf6c-69421f10d0a1
杭州市,0000000P0000003E0000000700000010,3.8,2019/3/12,330100,d9f80e4c-9efa-43cd-97d3-a7b54b68b5ca
宁波市,0000000S0000002Z000000070000000X,9.27,2017/5/25,330200,7afd2fa9-45d9-4e3e-b439-858f91b22f24
舟山市,0000000G0000003F0000000700000010,10.3,2019/1/22,330900,88f3b476-f98a-4511-96eb-dce563d1cdf3
湖州市,0000000M0000003V000000070000000X,17.33,2018/10/5,330500,5f751ed5-39fb-44e9-b3e2-5ed445c2a9f5
丽水市,0000001400000031000000070000000X,5.33,2017/4/25,331100,96c0a450-81b7-4e51-b0e0-7bce1045ea33
衢州市,0000002P0000007W000000070000000X,2.5,2017/2/15,330800,398f1378-c08a-43ba-859b-d5f706a0fd17
湖州市,0000001K00000031000000070000000X,4.17,2019/2/25,330500,4e308f0b-b72a-4a09-a978-6b432c0e42fb
台州市,0000000H0000002T000000070000000X,12.67,2018/3/25,331000,65dc933e-c29c-4e16-bf1e-400e4eef6e4f
温州市,0000000H0000003N000000070000000X,17,2018/2/5,330300,7eb3aa24-a40a-4a83-b023-1a416ecfc65f
金华市,0000002200000038000000070000000X,2.83,2018/8/25,330700,31e416c8-dfa8-4c2f-926c-ed3ad6e628e9
绍兴市,0000001A00000031000000070000000X,5,2018/1/15,330600,a10ece5d-dfd1-4345-aea0-096599affa5a
金华市,0000001K00000031000000070000000X,3,2018/3/5,330700,f5330486-c5cb-4610-8f84-c727f4950acd
金华市,0000000M0000003V000000070000000X,12.33,2018/8/25,330700,c2df9530-3a17-4059-ba75-d8d9225a40af
嘉兴市,0000002U0000007X000000070000000X,4.17,2018/1/5,330400,6674eae3-a4d9-4d3a-a0b8-e040a86f6b95
衢州市,0000000S0000002Z000000070000000X,8.5,2018/11/25,330800,0bb9c669-9d3d-4d01-a639-8e5067038bb1
绍兴市,0000000X0000007T000000070000000X,30.67,2017/7/15,330600,f60ad93a-b723-44c0-991a-6328eb7613b8
浙江省,0000001200000031000000070000000X,3.76,2018/5/5,330000,441ca925-3e9d-4869-80b6-5a25e3bd36c9
温州市,0000000J0000003S000000070000000X,44,2017/5/5,330300,4423388e-c7de-48dd-ae60-b993092009ce
绍兴市,0000001200000031000000070000000X,5,2018/12/25,330600,a24ebef0-b637-420e-9785-4b19c158cce0
绍兴市,0000001Z00000036000000070000000X,3.67,2018/4/25,330600,15548661-f7fe-4b00-a6d5-91fe0ace383a
温州市,0000000H0000003P000000070000000X,24,2017/7/15,330300,fffb2369-705c-45d1-a630-f512cef79b4b
金华市,0000001E00000031000000070000000X,5.83,2018/8/15,330700,48202aa6-7333-4096-a11d-506a77fdf827
温州市,0000000D0000002R000000030000000X,50,2018/3/15,330300,030966eb-93b6-4c91-ac62-9db3f5d5c016
杭州市,0000001200000031000000070000000X,4.67,2018/9/25,330100,bb1bcf2f-29d3-4c04-8785-4d0b79c5e133
杭州市,0000000Z00000031000000070000000X,4,2018/5/5,330100,bb22209f-73ce-4a73-b8f7-742f11062ee3
宁波市,0000001500000031000000070000000X,3.73,2017/6/15,330200,96e6cf9a-32af-4e1c-8e33-73dd877b53bd
湖州市,0000002200000038000000070000000X,4,2018/8/25,330500,a70c3bff-accc-4fa6-b4d2-6418af5e59f3
丽水市,0000001700000031000000070000000X,2.67,2018/9/15,331100,a81b2391-f687-4fab-aa58-c04267cbbdfe
湖州市,0000000H0000003N000000070000000X,14.83,2017/3/25,330500,0da56f4f-04de-459e-b70f-040991f0a276
杭州市,0000001K00000031000000070000000X,3.83,2018/12/5,330100,693a6b61-842b-47e5-b1ae-54be19dbe010
温州市,0000001700000031000000070000000X,3,2017/6/15,330300,fda5225d-38ad-4f95-a182-2c5f54c4530b
浙江省,0000000K0000003U000000070000000X,34.25,2017/3/25,330000,008cd08f-cd4a-4886-a8e2-288a16f4fd86
衢州市,0000000J0000003Q000000070000000X,40,2018/3/15,330800,26e4406f-8a1a-4f64-ac4a-e6d5be2d9b2b
丽水市,0000001700000031000000070000000X,2.33,2017/2/5,331100,b10d03d2-f847-4efe-bc44-4cfb97119fa3
丽水市,0000002P0000007W000000070000000X,2.43,2017/1/25,331100,6a6761bd-55f2-4741-9bb3-041aca2ed588
舟山市,0000000H0000003P000000070000000X,25.33,2018/11/25,330900,f753b7e9-34ef-4b38-91d8-406a89997a54
湖州市,0000000X0000007T000000070000000X,35,2017/12/5,330500,faac28ef-8dfe-4d08-adda-45aafbd3c9c4
宁波市,0000001A00000031000000070000000X,4.47,2017/4/5,330200,9aedc598-393d-4e10-9dbc-2e595182cde2
湖州市,0000000S0000002Z000000070000000X,8.83,2017/5/5,330500,5d79d09a-d104-4bfc-b283-0d42acf286af
宁波市,0000000M0000003V000000070000000X,13.5,2018/7/25,330200,873f3973-42be-4abd-8d5f-81cae1107d50
舟山市,0000000G0000003F0000000700000010,8.5,2018/5/29,330900,723ae1c0-f2df-478d-a150-d40de1f72376
丽水市,0000000K0000003U000000070000000X,33.67,2017/4/25,331100,8a06b2e1-4aa9-4a28-98a8-64e59c7913d4
浙江省,0000001500000031000000070000000X,4.33,2017/8/25,330000,0d59c1e2-6c03-4305-a700-e80b61635591
舟山市,0000000X0000007T000000070000000X,43.33,2019/2/5,330900,7fd15f74-e820-485b-880e-38c3548a9c3f
金华市,0000000H0000003N000000070000000X,14.67,2018/10/5,330700,85e6832a-450b-4e2f-b129-ab67e2def02b
丽水市,0000000P0000003E0000000700000010,4.9,2018/1/9,331100,197e109c-4a7d-4c60-8118-23d3114cb465
丽水市,0000000M0000003V000000070000000X,10,2017/5/5,331100,7ac7abc1-3ef1-4f79-af40-08502ce3a2ff
温州市,0000000C0000002Q000000030000000X,60,2018/6/25,330300,6a26a022-d451-4f62-a05a-af2ed716bbd7
杭州市,0000001A00000031000000070000000X,5.17,2017/10/25,330100,e6e00725-08a7-4251-8627-afb43fae3aea
衢州市,0000003100000081000000130000000X,77.67,2017/4/25,330800,230a828a-d3eb-4ca6-91a6-91f2b017729e
嘉兴市,0000001700000031000000070000000X,3.17,2017/5/5,330400,867bd310-b4b5-4399-8471-2015be2ef193
金华市,0000000P0000002W000000070000000X,4.9,2018/7/15,330700,3160f2ec-0870-413f-b8b8-b25b9660fe48
湖州市,0000001400000031000000070000000X,5,2018/11/5,330500,dd4de4f4-11dc-405d-804f-5a17fc540f20
宁波市,0000000H0000003N000000070000000X,13.1,2018/5/25,330200,98fd1eb7-3ba1-406a-95df-cd025ded1527
衢州市,0000000X0000007T000000070000000X,27,2018/11/5,330800,2f34f429-50aa-4f01-a89f-31b00e708e5b
湖州市,0000000P0000003E0000000700000010,5.2,2018/1/16,330500,215e9fa6-bbf2-4490-add5-bc4d9498676f
丽水市,0000000K0000003U000000070000000X,45,2019/2/15,331100,b6e810ec-d17c-43aa-8972-0675ea30c835
衢州市,0000001E00000031000000070000000X,3.83,2019/1/15,330800,b8e6adbf-e823-4635-a4f2-600941611295
舟山市,0000000G0000003F0000000700000010,9.8,2017/5/16,330900,8076f850-becf-4a13-8de5-a928244f5b95
绍兴市,0000003100000081000000130000000X,66,2018/5/15,330600,4ec963a7-908d-43bd-8245-ec2cbfecb639
嘉兴市,0000002P0000007W000000070000000X,3.3,2018/11/15,330400,d0f670d1-3fc3-460d-aa9e-a604df411b18
台州市,0000000J0000003Q000000070000000X,38.33,2018/4/15,331000,d9a8be94-672f-428b-a9fc-e73b15c7b1a3
台州市,0000000P0000002W000000070000000X,3.83,2017/3/15,331000,a618f4ab-2c61-464f-a6ef-bf9b3fbf5f90
金华市,0000002200000038000000070000000X,3.5,2019/1/15,330700,125c0a68-f3ea-49e7-9922-e49d01449980
丽水市,0000001Z00000036000000070000000X,5.1,2018/10/25,331100,91ba7d0a-fe49-434a-aa55-dfdf08539b27
温州市,0000001K00000031000000070000000X,4.33,2017/12/15,330300,671bd401-92e4-488c-887c-8249a248c90c
台州市,0000000P0000002W000000070000000X,4.53,2018/4/25,331000,efb062c8-c5c2-4f67-aabd-ae56754af81d
嘉兴市,0000001K00000031000000070000000X,4.83,2017/8/25,330400,2ea9136a-c29f-4591-92a5-9ad8e9dbfcf7
绍兴市,0000002U0000007X000000070000000X,4.33,2017/5/15,330600,bc6a00d8-7317-49de-8e15-f5eae8c19a02
温州市,0000001500000031000000070000000X,4.83,2017/9/25,330300,d55ca440-7988-45cd-b871-51d14f3a5292
温州市,0000000P0000003E0000000700000010,4.15,2019/1/1,330300,f691f049-70ed-4bd4-8d71-1e9203b08750
杭州市,0000000P0000003E0000000700000010,4.8,2018/10/16,330100,677056c0-daf8-48b4-935d-fd1d80450011
温州市,0000000G0000003F0000000700000010,11.38,2017/1/17,330300,59897534-bb2a-4712-b736-e0be76fe2e7b
丽水市,0000000M0000003V000000070000000X,11.33,2019/1/25,331100,5c8e425e-3aa5-4ad1-a339-4fbedbb53a83
杭州市,0000000H0000003P000000070000000X,21.33,2018/1/15,330100,59a02743-30ce-4768-a291-01facb4ea5d9
杭州市,0000000S0000002Z000000070000000X,8.6,2018/6/5,330100,c1b1d365-ae40-4d63-a4c6-c3b1e5e80b50
台州市,0000002U0000007X000000070000000X,4.5,2018/10/5,331000,3972ab3c-111e-4e54-87b1-d39cf5a356a4
嘉兴市,0000000J0000003S000000070000000X,32.33,2018/6/15,330400,9f79fe57-2a24-4b90-acf8-42b7ba19f39a
台州市,0000000P0000003E0000000700000010,4.91,2018/10/30,331000,dc6bbe67-24d8-4b57-a78a-268fc5c960f1
丽水市,0000001500000031000000070000000X,4.17,2018/3/15,331100,7e7b11a7-92a9-436f-8f93-5b1a1f2734ae
浙江省,0000001E00000031000000070000000X,3.74,2017/2/5,330000,bb32dc5b-6a4d-4f9d-aa8a-cb11748dfb3a
浙江省,0000001K00000031000000070000000X,4.04,2018/2/15,330000,c556515d-be66-4284-ab33-497638187e8d
绍兴市,0000000H0000003N000000070000000X,15,2017/2/15,330600,99d90c81-46a6-45b9-bed3-5f5775f53f4a
丽水市,0000001500000031000000070000000X,4.5,2017/12/15,331100,b6d25a2e-789c-4eb2-9f3d-33952df33f0d
温州市,0000001E00000031000000070000000X,5.33,2019/3/15,330300,96b322bb-615a-4bd5-9a53-ea507afd497f
丽水市,0000001Z00000036000000070000000X,5,2017/11/5,331100,4d5f2dca-4a4f-4e38-a35e-33f53569f40f
舟山市,0000000H0000002T000000070000000X,15.67,2017/3/15,330900,307b7b17-c0c5-4f5c-8d6f-6bda9cfca2f8
浙江省,0000000J0000003S000000070000000X,35.55,2018/9/15,330000,604f6f73-45f6-4595-acfe-6b316cc0b154
湖州市,0000000H0000003P000000070000000X,18.67,2017/4/25,330500,beab673e-7f01-47fb-8cf0-041d234cdd29
浙江省,0000001E00000031000000070000000X,4.08,2019/1/25,330000,e431cea6-c4bf-44ff-be35-d654c1f40055
台州市,0000000S0000002Z000000070000000X,9.33,2018/12/5,331000,917cb4b8-d6eb-4e8c-8e12-c4f71be2a5c9
宁波市,0000002U0000007X000000070000000X,4.6,2018/6/15,330200,535ad344-913b-4b3e-99c4-d9923ecbcedb
丽水市,0000001Z00000036000000070000000X,5,2018/8/5,331100,bcbb03ac-5337-41d8-946a-20956e6a2cea
温州市,0000001A00000031000000070000000X,4.67,2017/8/15,330300,b51a3878-dc3f-46f3-8b64-64890c00a777
金华市,0000000G0000003F0000000700000010,12.1,2017/2/14,330700,4b5f782d-fa87-47b3-91ac-d4da15d1296e
丽水市,0000000M0000003V000000070000000X,9.67,2017/5/25,331100,d8a582f0-0cd0-4044-b802-4385db956f38
台州市,0000000H0000002T000000070000000X,15.33,2017/1/15,331000,789f3930-b78c-448c-9440-12cca0e63857
丽水市,0000002P0000007W000000070000000X,2.6,2018/2/5,331100,2ad2234b-de6a-4cf2-8f69-892664ce6eff
舟山市,0000000S0000002Z000000070000000X,11,2017/4/25,330900,4f9b05fd-6b1f-4344-bf7b-bc80077bbfa4
衢州市,0000000G0000003F0000000700000010,13.2,2018/9/18,330800,a02bb6fc-48e3-47b8-a3a4-3c9443c3bced
衢州市,0000000M0000003V000000070000000X,9.83,2017/6/15,330800,d0b8fb3a-53b1-46a2-9a42-f2d16a0d3052
金华市,0000000G0000003F0000000700000010,8.5,2018/7/24,330700,317557c7-774a-4b29-9677-021f20a33c2c
湖州市,0000000S0000002Z000000070000000X,8,2017/3/25,330500,403ded01-9628-474b-bf75-7bfabc27ae17
嘉兴市,0000000P0000002W000000070000000X,3.8,2017/4/15,330400,31357ead-66ef-4751-8aaf-6d4149d4fd07
台州市,0000001Z00000036000000070000000X,6.33,2019/3/5,331000,817f79f8-6d78-4ec6-9bd9-49364303a88c
舟山市,0000000Z00000031000000070000000X,4.67,2018/11/15,330900,caade680-081c-47ac-8efa-469be0e6d9a2
绍兴市,0000001200000031000000070000000X,3.5,2017/9/15,330600,58b268c0-a9bd-4c46-8e7d-87eb9ce05ca1
浙江省,0000001Z00000036000000070000000X,5.88,2017/11/5,330000,43eebcd8-bd3e-4d30-a84a-2d5bf0fa0cc5
温州市,0000000M0000003V000000070000000X,15.33,2018/8/5,330300,c7c80189-ff8f-495f-aab0-e10e3c69f4fa
金华市,0000001A00000031000000070000000X,7.17,2018/11/5,330700,9cff3e88-ebe3-4ee7-9bd4-5aee93f028bd
金华市,0000001Z00000036000000070000000X,5.33,2017/3/25,330700,db49fdbe-8a0b-4c13-9795-6a3c47ec2981
温州市,0000000P0000003E0000000700000010,4.18,2017/10/10,330300,c6eaf7ff-95cb-4a4a-9912-ab09993e3c89
嘉兴市,0000000M0000003V000000070000000X,11.5,2017/6/5,330400,d72a2eb5-3c90-4dcc-8a3e-607546c7e946
嘉兴市,0000002200000038000000070000000X,3.33,2017/9/25,330400,835f6d4f-8c8e-437f-88cd-a379e4aafe49
台州市,0000000H0000002T000000070000000X,15,2017/3/5,331000,e02b1d74-330f-442f-8384-6307ece9166a
宁波市,0000001K00000031000000070000000X,3.5,2017/11/5,330200,6a58850e-765e-4753-b247-3cf7509f062b
舟山市,0000001Z00000036000000070000000X,7.5,2017/3/5,330900,5f405a7b-21b3-420d-977d-677eaa6c4ae2
丽水市,0000000C0000002Q000000030000000X,70.23,2017/10/15,331100,c6a7ea92-f7b5-441f-a38e-ba9096898fd8
绍兴市,0000000D0000002R000000030000000X,52,2017/4/25,330600,5617d80c-8fc7-4619-b6a3-4f3f0181159c
台州市,0000002P0000007W000000070000000X,3.58,2017/4/25,331000,44f28ddb-81ce-4452-b089-b6cb94a99c8a
宁波市,0000000J0000003S000000070000000X,30.5,2017/1/15,330200,5df3901b-9e64-473c-9490-b0099d12f546
温州市,0000001200000031000000070000000X,4.83,2017/11/5,330300,04ac3d85-9409-4e2b-b27e-e5502d549df3
台州市,0000001Z00000036000000070000000X,6.33,2017/4/25,331000,b3116583-3dca-4ec4-8cad-331d2f33348a
丽水市,0000000J0000003S000000070000000X,35.33,2016/12/25,331100,78d648c0-44bd-4580-8cb8-6082f77f584f
绍兴市,0000000J0000003Q000000070000000X,42.67,2018/4/25,330600,e1d4f110-8118-4b99-9188-2cd275f79fad
衢州市,0000000M0000003V000000070000000X,9.83,2017/7/5,330800,c477747b-4a41-498f-b1e5-1ab948642fb5
嘉兴市,0000000X0000007T000000070000000X,31.67,2017/5/5,330400,c9111d6d-0bea-4062-add8-f5a19bc27505
台州市,0000001700000031000000070000000X,2.33,2016/12/25,331000,7d230f12-0352-4b30-bd17-e98fc5d6cdcd
台州市,0000002P0000007W000000070000000X,3.28,2017/6/15,331000,52d480b0-4e08-484c-856f-08e39aa384ac
浙江省,0000003100000081000000130000000X,91.89,2017/7/5,330000,7f05a64f-aaee-4298-a118-bbe72c8edadc
舟山市,0000001E00000031000000070000000X,4.67,2017/6/15,330900,7213c512-12ad-4ec7-a652-15f1dd766215
舟山市,0000001200000031000000070000000X,3.5,2017/5/5,330900,5835ef9a-9890-4794-9157-297c47870825
杭州市,0000002P0000007W000000070000000X,3,2018/12/15,330100,05ef62a2-8125-41a5-aa62-96e56721ba12
湖州市,0000001500000031000000070000000X,6.5,2019/2/25,330500,d268c832-11a5-4017-9046-1c13011366c3
台州市,0000001500000031000000070000000X,4.33,2017/11/15,331000,7187fbb2-6812-47c2-befb-dd191cb6fc83
湖州市,0000000G0000003F0000000700000010,11.4,2017/2/21,330500,ab166529-8fdb-4327-871c-bee0c8e4acd6
温州市,0000001K00000031000000070000000X,3.17,2017/4/15,330300,2424b61f-8fbf-448b-b318-a8ffe8912780
丽水市,0000000P0000002W000000070000000X,4.8,2018/7/15,331100,9f1f9754-120a-4287-a5e9-b2d488d47cdf
温州市,0000003100000081000000130000000X,63,2019/2/5,330300,e14ca3a2-1606-408d-be31-6c1c857c3aeb
温州市,0000001E00000031000000070000000X,5.67,2017/9/15,330300,a0029a5a-7e9e-45a3-8a4f-b3ed6d55cc4a
台州市,0000000D0000002R000000030000000X,39,2017/12/15,331000,e9bbccfb-b670-4f1b-a187-d0c21a6f51ff
台州市,0000000H0000003N000000070000000X,14.17,2018/10/25,331000,8d8280a3-b2e8-4d44-8327-047c17f7fe7a
台州市,0000000G0000003F0000000700000010,8.5,2018/3/13,331000,3edd5c82-6625-4ea9-8b4c-a40f65204a6d
杭州市,0000002200000038000000070000000X,3.27,2018/3/5,330100,cc6539d0-c421-4c94-9125-66a8491e7fd8
绍兴市,0000001400000031000000070000000X,3.83,2018/7/15,330600,82039eb9-c2f3-4e88-8265-1780ccb22ef2
杭州市,0000001700000031000000070000000X,2.5,2017/9/25,330100,0941dacc-0645-4b55-bb62-143ed725ba0e
温州市,0000001A00000031000000070000000X,4.67,2018/9/5,330300,0997e651-6289-40f3-b92c-bdc60ffd2206
杭州市,0000001700000031000000070000000X,2.83,2017/1/5,330100,b4dabcb0-7f75-42dc-abe8-73e0e04ca29c
衢州市,0000000H0000003P000000070000000X,21.33,2017/7/15,330800,9d8b970f-5f50-435b-80e4-613a7939a297
台州市,0000000M0000003V000000070000000X,10.67,2018/9/15,331000,4665c1b9-f4fd-4638-8d95-7840332a10ed
宁波市,0000003100000081000000130000000X,175.33,2017/10/15,330200,a4e29248-1a2a-45d7-ab0e-6189fb4d0fd2
衢州市,0000001700000031000000070000000X,2.33,2018/11/5,330800,7442356a-730e-48d6-9335-7c6061b7b4bf
湖州市,0000000Z00000031000000070000000X,3.83,2017/1/25,330500,d5f89b6d-befa-4e2b-8052-9ac23bbf1b85
舟山市,0000001E00000031000000070000000X,6.67,2018/7/25,330900,e1f1ad08-0cbc-4d39-93a7-404270e9ea42
杭州市,0000000P0000003E0000000700000010,3.4,2017/7/25,330100,b6576d76-641a-4fcc-9da3-72e8076392dc
绍兴市,0000000X0000007T000000070000000X,33,2017/10/15,330600,665a5690-5596-4d0d-b801-9a5cce4bdcf8
台州市,0000000J0000003S000000070000000X,32.33,2017/11/25,331000,cdc607ba-8b64-42d7-ab88-236c8f097fbe
温州市,0000001500000031000000070000000X,5.17,2016/12/25,330300,1805b7c2-7528-4b66-a24a-efbebe6887cf
嘉兴市,0000000H0000003P000000070000000X,23,2017/10/25,330400,8b6ab17b-380a-4d57-b1ed-37b4ac56bcd2
浙江省,0000001700000031000000070000000X,3.04,2017/2/25,330000,571860c6-28f4-4722-84e9-f42ab2c1db08
丽水市,0000002U0000007X000000070000000X,4.66,2017/12/5,331100,bf2032dc-240e-4069-b622-371db06bc564
绍兴市,0000000P0000003E0000000700000010,4.2,2018/11/13,330600,76e4656a-52fa-42a6-b910-73d4ec2daeb8
湖州市,0000000C0000002Q000000030000000X,56.67,2017/3/15,330500,90e9557c-cde3-4a42-86b8-cbf54d2da838
绍兴市,0000003100000081000000130000000X,66,2018/11/15,330600,5e3244ea-f2d5-4566-ba69-845e10c10da8
丽水市,0000000S0000002Z000000070000000X,9.67,2017/10/25,331100,a5cdd59b-f94f-4559-b37b-7a5c1824e959
舟山市,0000002P0000007W000000070000000X,3.1,2017/5/5,330900,c095d4b1-9f6e-48c8-a009-24f991ce0dc9
衢州市,0000002U0000007X000000070000000X,4.67,2018/4/15,330800,75e19f3f-3d6e-4d3a-b70a-72426c98d3c7
衢州市,0000000C0000002Q000000030000000X,70.67,2019/1/15,330800,384d9875-d5e4-47a1-9e2d-1d3dce030b4e
舟山市,0000000J0000003S000000070000000X,36.33,2018/10/5,330900,d4ddea26-a2db-4b13-8f3d-9d8f1bb050ca
杭州市,0000000K0000003U000000070000000X,35.33,2018/8/5,330100,71a4367a-3e6c-4054-9479-f17f6ccc116b
金华市,0000000D0000002R000000030000000X,40.17,2018/4/25,330700,a5c69911-29f7-4bcf-85cd-728154e4ba4f
丽水市,0000002200000038000000070000000X,3.33,2018/3/15,331100,afc82756-3343-47b1-96b4-f0a7b42ce895
舟山市,0000000J0000003S000000070000000X,34.33,2018/7/5,330900,04318248-ca29-4fbf-8c86-dfbe179f5802
丽水市,0000000X0000007T000000070000000X,42.67,2017/7/15,331100,0f9a54c3-248f-4539-83c5-25f9eb0a263f
嘉兴市,0000002U0000007X000000070000000X,3.83,2018/8/25,330400,b5e94177-eafd-4029-bc18-0da5ecdd8afb
温州市,0000001A00000031000000070000000X,4.5,2017/1/15,330300,7617dd5e-43cb-4bcd-a358-bf5422b13276
绍兴市,0000001E00000031000000070000000X,5,2018/8/5,330600,479ab51d-7967-4194-8464-09f4123ef45b
温州市,0000000H0000003N000000070000000X,16.67,2017/3/15,330300,ef6f3335-0c67-4c8f-afff-c5e0e9377214
舟山市,0000001K00000031000000070000000X,3.5,2017/6/25,330900,3aa90280-f78f-47ca-82f2-b6a1469a3cb7
台州市,0000000S0000002Z000000070000000X,9.5,2017/4/15,331000,58406fb6-2695-430c-bb7a-cd7e76833869
丽水市,0000001500000031000000070000000X,4.83,2018/12/15,331100,4c7f08ea-759d-4a39-9beb-88b09e74d236
衢州市,0000000Z00000031000000070000000X,3.17,2018/3/15,330800,294f21b5-b6fc-455a-87f2-fe32d887095d
宁波市,0000001400000031000000070000000X,6.8,2017/3/25,330200,771bcbc3-c7f6-4ab9-be42-b5107658abfc
丽水市,0000001200000031000000070000000X,4.67,2018/12/25,331100,0d3c1e2d-e2ac-41b5-a587-1f74f3a3d1d2
绍兴市,0000001500000031000000070000000X,4.5,2018/9/25,330600,6e850428-e3de-46a2-987a-6aed6ee68330
浙江省,0000000K0000003U000000070000000X,36.19,2018/8/25,330000,0d561102-5173-48a5-b3ba-3647f8603823
丽水市,0000002P0000007W000000070000000X,2.93,2018/12/25,331100,3f7636a8-5b47-4d01-827c-b3b0f6de0c71
丽水市,0000000K0000003U000000070000000X,37.33,2018/8/5,331100,8ca29e9f-f523-488a-ade6-e6b2a120a4a2
金华市,0000000Z00000031000000070000000X,5.67,2018/2/15,330700,3b24a64a-cf33-483a-8972-b4b3c90e75be
衢州市,0000000G0000003F0000000700000010,9.1,2018/8/7,330800,e850ee1e-3a75-49a1-9a8c-9a52b1ee79b2
金华市,0000002200000038000000070000000X,2.83,2017/9/5,330700,3e2db3f0-bb58-4101-aa83-79e8f0eb49af
金华市,0000001200000031000000070000000X,5.5,2019/3/5,330700,f3f366fa-0bd7-4346-9464-ca975af8dc69
金华市,0000001A00000031000000070000000X,6.83,2017/12/15,330700,4a2095ea-7a95-44b7-ab42-9a788f737067
嘉兴市,0000001K00000031000000070000000X,3.5,2017/2/15,330400,23ec7dcd-a4d7-4c6f-95ae-286c45a9c188
舟山市,0000000P0000003E0000000700000010,3,2017/8/1,330900,5b18f47c-98e7-4897-86b5-c487c3c21510
温州市,0000002200000038000000070000000X,3.67,2018/9/15,330300,818f8be7-a44e-42b4-bb42-07a8f6f8c751
嘉兴市,0000000H0000002T000000070000000X,17,2019/2/5,330400,4463e35f-4c89-4cb4-94e6-b273c14e337b
台州市,0000000M0000003V000000070000000X,10.67,2017/11/25,331000,0d256aae-3ba8-44b4-b60f-4d074485d2d9
宁波市,0000000Z00000031000000070000000X,6.57,2018/7/15,330200,d2b9e98f-e323-4c6e-bcc2-de7577a0fd45
湖州市,0000002200000038000000070000000X,4.17,2017/4/5,330500,9ea1ea0d-3766-4a43-b1de-a0e99919b3cc
杭州市,0000000M0000003V000000070000000X,10.5,2017/5/25,330100,029eb66e-8255-42b6-b5e2-b6fe092382c7
嘉兴市,0000000H0000003P000000070000000X,21,2018/3/25,330400,754d8d72-a1c3-4de7-b634-3797f8015877
湖州市,0000000M0000003V000000070000000X,17,2018/4/5,330500,2e09ff12-fe3b-49a5-94bf-25e12d19bbf2
嘉兴市,0000001500000031000000070000000X,3.33,2017/7/15,330400,77c9df69-b100-492f-a490-0835c4d8eb9e
舟山市,0000000G0000003F0000000700000010,11.8,2017/1/3,330900,30f8339f-331f-4f81-aa3e-662c2fe34e97
嘉兴市,0000000J0000003Q000000070000000X,40.67,2017/7/5,330400,aaf7c160-d55b-406b-a7a1-afe0bfbb7517
湖州市,0000001E00000031000000070000000X,4.17,2017/4/25,330500,600ef84f-dbf8-4e96-9378-d3dd1412280a
嘉兴市,0000000Z00000031000000070000000X,5.67,2017/7/25,330400,4c35647c-a3c1-45cf-851d-68c74d185013
温州市,0000000H0000003P000000070000000X,25,2017/8/5,330300,83da6727-8d10-42e2-8fa1-0c0bc66a6b43
浙江省,0000000Z00000031000000070000000X,4.48,2018/5/25,330000,4645ec0f-2b12-47fc-83b6-249170d1ad82
衢州市,0000000J0000003S000000070000000X,36.67,2017/4/5,330800,3fd2b2d2-45f2-4a4a-a132-89adc43f5b9b
舟山市,0000000J0000003Q000000070000000X,41.67,2018/4/25,330900,65b55159-ec01-4ab6-8f7a-55b2256d0476
丽水市,0000003100000081000000130000000X,84,2018/10/5,331100,7643d46d-c655-4fef-a317-87680f6e26e6
丽水市,0000000P0000002W000000070000000X,5.53,2018/1/15,331100,2ee4a166-3770-47d3-ac5f-9f1a7fe16518
衢州市,0000002U0000007X000000070000000X,4.33,2017/5/15,330800,62a48da8-6734-426a-b37e-608a2766a0e0
衢州市,0000000H0000003P000000070000000X,24,2017/3/15,330800,add2851c-cd18-46ae-bae0-99d5db7019f6
杭州市,0000002P0000007W000000070000000X,3,2017/12/15,330100,a767ada2-cc7c-4f73-a12b-df8138ab259a
湖州市,0000001Z00000036000000070000000X,5.67,2018/5/15,330500,40e03749-68da-4e08-a19c-7c50a35ed131
浙江省,0000001200000031000000070000000X,3.8,2018/11/25,330000,41aad2df-1a44-4ed4-9bfa-cede9468a3b9
台州市,0000000S0000002Z000000070000000X,10,2018/4/5,331000,7e455a4d-3248-498d-a6d3-9ae4f026d3a8
宁波市,0000003100000081000000130000000X,138.33,2019/3/5,330200,4bdbf348-23af-4c6b-97e2-ccee7bfc1125
温州市,0000000C0000002Q000000030000000X,60,2018/1/25,330300,f77a016a-90bb-4141-a858-c260f31d4c9b
衢州市,0000000J0000003Q000000070000000X,38,2017/9/5,330800,a7f79bff-32ad-4738-9f9e-c300a639aaa2
宁波市,0000000M0000003V000000070000000X,14.5,2017/3/15,330200,df0366ec-fa46-494d-adb6-ed521eaf166a
温州市,0000002200000038000000070000000X,3.17,2017/10/15,330300,214ce3ac-2ec5-41f5-abc6-b99da4c1dbfa
宁波市,0000002200000038000000070000000X,4.27,2018/8/25,330200,ed999948-0208-46ea-8950-5ae753a91ad4
丽水市,0000002200000038000000070000000X,3.33,2018/3/5,331100,1b2709e6-755a-4b54-8bb5-ea84292de7ed
湖州市,0000000K0000003U000000070000000X,0,2018/4/25,330500,8423d665-001d-44d1-b586-e6c05a3cedea
金华市,0000000H0000003P000000070000000X,20.67,2017/8/25,330700,4e7d923c-7755-4873-bb9f-9f08c53b9571
温州市,0000000C0000002Q000000030000000X,60,2017/7/25,330300,dc194d71-fab4-423e-8105-e66b6da56b06
台州市,0000002200000038000000070000000X,2.67,2017/4/15,331000,0f7918e3-c1c3-4df1-a1b2-e08372098be8
台州市,0000002U0000007X000000070000000X,4.33,2017/4/25,331000,8aecc386-c7ec-40b5-819d-c032b3485ee7
宁波市,0000001A00000031000000070000000X,5.03,2017/10/15,330200,3d20bf14-02d6-4478-a7d1-be88c478633e
舟山市,0000000J0000003Q000000070000000X,40.67,2017/12/15,330900,60678ad0-89be-461f-9f4c-50bb45082429
杭州市,0000000H0000002T000000070000000X,17.33,2016/12/15,330100,f0c25672-1f77-41b6-aded-3fe8af7fd6f4
台州市,0000001Z00000036000000070000000X,6.33,2017/10/5,331000,6debed9d-8f1f-4531-a480-2e3919633f64
浙江省,0000000M0000003V000000070000000X,12.55,2017/2/15,330000,d78937e1-aea5-4de2-81b9-889fb87ee609
丽水市,0000001200000031000000070000000X,3.17,2017/8/15,331100,1c56369c-74fb-449d-a852-da923dfe0b76
温州市,0000000H0000002T000000070000000X,18,2017/1/5,330300,4fcc8c43-ea33-4967-bcc5-52274d9fcac1
宁波市,0000001A00000031000000070000000X,4.9,2017/1/25,330200,fe1b29db-2baa-4695-9559-4b9b491ec101
温州市,0000000M0000003V000000070000000X,15,2017/2/5,330300,d4068d2b-7257-409b-a6a1-01d4dc772145
丽水市,0000000X0000007T000000070000000X,50,2017/4/15,331100,0a7e4289-1ef0-4f22-817c-e219c83abe44
宁波市,0000000G0000003F0000000700000010,11.55,2019/1/15,330200,ca706748-a190-4005-a958-d1815f2cea23
台州市,0000000M0000003V000000070000000X,10.33,2017/9/5,331000,97251534-75a8-49e3-b46e-157a5ffcb8a8
金华市,0000001A00000031000000070000000X,6.67,2018/4/15,330700,04fc1bb0-b8f5-4665-98e4-3a2f9271fdf7
杭州市,0000002U0000007X000000070000000X,4.27,2017/5/5,330100,f6bc96e6-000b-4785-ae3d-6c338069d410
浙江省,0000000J0000003S000000070000000X,37.5,2018/11/25,330000,9a7420d2-d9cf-405d-acd7-2f6b405ab990
浙江省,0000000P0000003E0000000700000010,2.75,2017/5/9,330000,5c4f2ce9-563e-48dd-b63c-8a79b89221ce
温州市,0000000H0000003N000000070000000X,19.33,2018/9/25,330300,c0e5a3f6-18ae-4a5e-b56f-3d6b27ecf9a0
台州市,0000000X0000007T000000070000000X,24,2018/7/25,331000,dd940183-bb29-461a-becc-15bf8dd8e8b9
金华市,0000000H0000003N000000070000000X,13,2017/6/15,330700,5a6ba116-4805-4606-b8c2-69147853f0da
台州市,0000001400000031000000070000000X,5.33,2018/1/15,331000,8e8c254c-7c13-48a5-8722-22ca133ee0b3
温州市,0000001K00000031000000070000000X,3.5,2018/6/15,330300,01902f73-fb79-4a0d-ace3-afe47ac35063
宁波市,0000000S0000002Z000000070000000X,10,2018/8/5,330200,0f5b4ff0-550a-43cf-aa02-9f4d6caba4e0
台州市,0000002P0000007W000000070000000X,3.45,2018/9/5,331000,60428650-62ec-46b4-a1a1-cd770a57aa7c
衢州市,0000002200000038000000070000000X,2.67,2018/7/5,330800,b7b8d9d8-ba82-4164-b8d9-52e3b0b56aaf
杭州市,0000001500000031000000070000000X,4.5,2018/1/25,330100,a634cf58-2364-4f72-b0e5-a55bc7c7fe9b
金华市,0000000G0000003F0000000700000010,9.1,2017/7/25,330700,f3a3cd9a-c54c-416f-b9e1-765ce06a24e9
杭州市,0000000M0000003V000000070000000X,10.5,2017/6/15,330100,e00f4b65-2a31-406b-88d4-758d5f2d31c4
宁波市,0000001E00000031000000070000000X,6.4,2018/8/15,330200,f2e8102f-23c4-4dc7-9c1c-3706228ac55d
台州市,0000001500000031000000070000000X,5.17,2019/2/5,331000,b31cf936-3d13-4826-b499-648ceb264a76
嘉兴市,0000001700000031000000070000000X,3.67,2018/5/5,330400,1ed93190-4fd3-41ef-97e1-ccf2ea5c2ce9
杭州市,0000001A00000031000000070000000X,6.17,2018/4/25,330100,8c829f54-6a23-4c63-a637-c4aa31c0ae54
浙江省,0000000G0000003F0000000700000010,9.18,2018/2/27,330000,ba0be9eb-413b-4bbc-94a1-e9ef7a8c48e1
温州市,0000000K0000003U000000070000000X,48,2016/12/25,330300,f0ef36fd-c825-40c2-8d01-e874ee84c85b
舟山市,0000001E00000031000000070000000X,3.33,2019/1/15,330900,91f7e49e-3bd0-4f0a-96ad-b759ab7cc0c9
杭州市,0000001500000031000000070000000X,4.37,2018/9/15,330100,a2178d57-a4d4-4e0e-94b6-888b29b1a304
台州市,0000001K00000031000000070000000X,2.33,2018/4/5,331000,d1bdd658-c0c7-4b84-b59c-4c27037ec8ae
衢州市,0000001400000031000000070000000X,5.67,2017/2/5,330800,8fd1c2da-16ba-4701-ae6a-45886401d42e
绍兴市,0000002P0000007W000000070000000X,2.33,2019/2/25,330600,72f1d02a-da86-45cf-b7c7-d2313f8fe15d
浙江省,0000000P0000002W000000070000000X,5.78,2018/2/25,330000,4c658fbc-c574-499c-bf60-684511145aca
舟山市,0000000C0000002Q000000030000000X,50.3,2018/4/5,330900,90c19fa5-bd55-4be8-8455-a509638c9f89
绍兴市,0000000G0000003F0000000700000010,12.9,2018/11/27,330600,24344ff1-4ef2-4311-8bed-7e7daa627e4b
浙江省,0000001K00000031000000070000000X,4.24,2017/9/15,330000,499b14ab-bb89-4578-964f-ec51fc80a599
绍兴市,0000002200000038000000070000000X,2.67,2017/12/25,330600,1a7a4635-fee0-4471-af19-ab5be6a1551c
宁波市,0000000K0000003U000000070000000X,32.5,2017/4/25,330200,c2778c49-53d6-459c-9c8e-96a7c0d4a44d
宁波市,0000000K0000003U000000070000000X,32.67,2017/4/15,330200,e84ad2ee-4d20-40c8-b77e-2e25a9171b1e
丽水市,0000000J0000003Q000000070000000X,38.67,2016/12/15,331100,feec1807-1f58-4511-862c-12a4f334475d
衢州市,0000000H0000003P000000070000000X,23.67,2018/9/5,330800,ade1f69a-16b7-4bc3-9ee8-f826ec6f72e4
嘉兴市,0000001K00000031000000070000000X,3.17,2018/11/25,330400,73dd0fb9-f242-42fe-a871-3ea1f962a831
杭州市,0000000M0000003V000000070000000X,11,2018/4/15,330100,537a33ad-d72f-44ef-b16d-8ff7c339fd81
温州市,0000000P0000003E0000000700000010,4,2018/7/3,330300,c01245c5-231b-4d8a-9f45-9c05d177abe0
嘉兴市,0000000P0000002W000000070000000X,5,2018/3/25,330400,385849bf-c4bb-4aa0-b1de-06b40dd4ee8d
金华市,0000001Z00000036000000070000000X,6,2017/5/15,330700,fff9cde6-0087-453e-84eb-343e734d9e6e
丽水市,0000002200000038000000070000000X,3.16,2017/8/25,331100,b2490370-5ac7-4715-b76c-3cfd0237d83e
嘉兴市,0000000M0000003V000000070000000X,11.5,2018/3/25,330400,8a8c2a7c-438d-47b9-b303-eaf78a48dec2
宁波市,0000000M0000003V000000070000000X,15,2018/4/5,330200,3aee1bae-7b5a-4532-b703-dc52545c5bac
宁波市,0000001E00000031000000070000000X,5.5,2017/1/5,330200,219bd0b1-71a1-4ab1-9240-ec44b585d496
绍兴市,0000000J0000003S000000070000000X,33.67,2017/3/25,330600,b2739f2c-aa78-4da2-a9f6-5aad0efb50d3
绍兴市,0000000M0000003V000000070000000X,9.5,2017/11/5,330600,8824404d-131d-42f7-b9c5-3084576b8831
嘉兴市,0000001400000031000000070000000X,6,2018/4/25,330400,ee07b0b2-7e03-4ba7-8fc4-d455d00fb459
金华市,0000000D0000002R000000030000000X,40.17,2018/3/25,330700,ddd21366-4995-4386-908c-66578776ee7a
嘉兴市,0000002U0000007X000000070000000X,4,2017/11/5,330400,83680b9f-e1e5-465c-8807-5aaf6c61604d
舟山市,0000000P0000002W000000070000000X,5.5,2019/2/15,330900,f87797e0-32da-4532-a25f-4f69ef73a18c
台州市,0000000D0000002R000000030000000X,39,2018/2/15,331000,ade8f200-a5a2-4ae9-a885-132d076799db
金华市,0000002P0000007W000000070000000X,3.7,2019/3/5,330700,0ddaf1f3-e68c-49f7-8281-089c0e2269f0
舟山市,0000002P0000007W000000070000000X,3.1,2017/2/5,330900,6ebc8bba-b545-45ee-97dd-a9410a7bec00
浙江省,0000001700000031000000070000000X,2.98,2019/2/5,330000,4e4f7f89-0b4b-4666-8797-c7a9f9bc22fa
丽水市,0000000D0000002R000000030000000X,54.6,2018/3/5,331100,b485b799-6458-4f2f-9e81-16b9430c34f6
丽水市,0000000H0000003P000000070000000X,20.33,2019/3/5,331100,c4075597-8faf-472d-8ed4-c8dcac1b02e2
绍兴市,0000000P0000002W000000070000000X,5.5,2017/8/15,330600,eef88bac-0581-4242-9926-897573e21e4d
丽水市,0000001K00000031000000070000000X,3,2018/3/25,331100,1e9c2478-d6a8-4c60-9fbc-08ae6f68b3ec
浙江省,0000000S0000002Z000000070000000X,9.26,2017/5/5,330000,f28f1715-1304-41ec-b09e-a33f322aaed4
湖州市,0000002P0000007W000000070000000X,3.89,2018/3/5,330500,d4c59041-c1fc-4ae3-95ba-7e61a04a8089
杭州市,0000001400000031000000070000000X,6.67,2016/12/25,330100,f13d5314-bbb5-4a88-b153-d75844597c57
台州市,0000000S0000002Z000000070000000X,9.33,2019/3/15,331000,9f908632-da55-49bf-9d38-2033ffcddc01
杭州市,0000000D0000002R000000030000000X,46.67,2018/12/25,330100,66ed64bd-9671-4a58-a2c8-e87f55b937ec
宁波市,0000001E00000031000000070000000X,4.87,2017/11/25,330200,e1401b92-4136-43fb-8e3b-af770efb3078
金华市,0000000P0000003E0000000700000010,4.8,2018/9/11,330700,c6e28a3a-6366-4068-bbc0-51817f2559a5
宁波市,0000000H0000002T000000070000000X,15.43,2017/12/25,330200,22ca3daa-3722-4f1f-8b77-c90fd907c3cc
杭州市,0000000M0000003V000000070000000X,11.67,2018/12/5,330100,b21c369b-af9b-42bb-9f09-63d71a27f437
绍兴市,0000000X0000007T000000070000000X,37.33,2018/9/25,330600,6f3e5ee3-b4c5-462b-8215-83679158a07c
金华市,0000000M0000003V000000070000000X,12.33,2017/8/5,330700,f04a6a87-9f7a-4754-93fb-a79c160978da
嘉兴市,0000001E00000031000000070000000X,3.83,2018/12/25,330400,ac6c0ac7-3f87-47f6-98e0-b8930b0d6dbd
杭州市,0000000P0000002W000000070000000X,5.67,2018/1/25,330100,9d7a29a4-e09f-4446-8b5d-a0cbe9929da9
绍兴市,0000002200000038000000070000000X,2.83,2017/4/25,330600,15156e2f-0da3-4a50-9fe8-e3bd6863e456
浙江省,0000001500000031000000070000000X,4.94,2018/12/5,330000,3ca9f808-cfe4-4a42-b2a5-f2047703daee
绍兴市,0000002200000038000000070000000X,3.33,2018/10/5,330600,b9f2b1f2-d6ca-469f-b916-6132d3d117a1
舟山市,0000000P0000003E0000000700000010,5,2017/10/24,330900,c66f3672-1ccf-4339-88b8-afea992955b6
舟山市,0000001E00000031000000070000000X,3.17,2018/12/5,330900,ca235ac8-3ba6-45ed-8d2d-c677fbb349dc
浙江省,0000000P0000002W000000070000000X,5.97,2018/8/25,330000,9090bf8f-3bd4-4908-b641-6f4b96803b72
杭州市,0000000X0000007T000000070000000X,39,2017/7/15,330100,1f70aa76-132e-46c2-8bf1-ff9f1bbb9fc8
丽水市,0000002P0000007W000000070000000X,2.6,2017/8/15,331100,80b14f46-1d4c-416f-8341-fe5ee152b5bb
衢州市,0000000J0000003Q000000070000000X,39.33,2017/1/15,330800,5e6b631b-150b-471d-ab33-8549f463241e
丽水市,0000001Z00000036000000070000000X,6.33,2017/6/15,331100,9a9109fa-0a59-4ce1-8fee-d0f028042172
舟山市,0000001K00000031000000070000000X,3.67,2017/11/25,330900,41b9bd58-4cf3-47db-b511-2716a2cc03b1
台州市,0000000X0000007T000000070000000X,40,2017/5/15,331000,4059fe48-463a-4094-b813-8e7f9244558f
舟山市,0000001700000031000000070000000X,3.17,2018/3/15,330900,00029703-d470-4aa4-96cb-8e4d4d715a51
温州市,0000001E00000031000000070000000X,7,2018/10/15,330300,4b75b8c6-bede-43b7-b97a-95067c868f21
舟山市,0000000M0000003V000000070000000X,14,2017/12/5,330900,66cbe355-74aa-4804-a714-c2e9206d5e23
台州市,0000000D0000002R000000030000000X,38.67,2018/11/5,331000,2fe53104-6fe8-4ef5-b026-bc5ebb62e181
嘉兴市,0000000Z00000031000000070000000X,4.17,2017/11/25,330400,8973558d-8757-4cc3-bfb0-10fa156df688
衢州市,0000000K0000003U000000070000000X,31.67,2017/6/25,330800,127fe57a-3c46-4c9c-926e-2171c4d7aa59
宁波市,0000001Z00000036000000070000000X,6.5,2017/3/25,330200,852644bc-5d36-4ac0-afd5-26bc9be143c2
台州市,0000000X0000007T000000070000000X,24,2019/1/25,331000,4d82b30b-7403-41d9-9f13-cb57ee2736c1
衢州市,0000000G0000003F0000000700000010,6.7,2018/5/8,330800,1da817d6-735f-4f20-855c-a118645e474e
丽水市,0000000C0000002Q000000030000000X,70.23,2017/4/25,331100,061c1bea-f8c9-497e-80f7-ae2678821e6f
湖州市,0000000P0000002W000000070000000X,5,2017/1/15,330500,1d545cd2-95eb-49a0-aa5d-ba526a855e51
浙江省,0000000J0000003Q000000070000000X,41.03,2018/5/15,330000,323fd9fe-c503-4154-a9ca-4ee5e29c4664
衢州市,0000002200000038000000070000000X,2.5,2017/10/5,330800,e5a9bc96-ae53-4a2f-b8f5-03e2e8a558be
杭州市,0000000C0000002Q000000030000000X,61.67,2017/5/15,330100,1ef3d658-cd39-4670-9611-894a9a40fe47
温州市,0000000M0000003V000000070000000X,15.33,2019/3/5,330300,7343d71a-7f75-41e0-91e8-e4c4a6e1e360
舟山市,0000000J0000003S000000070000000X,37,2018/11/5,330900,9028ffff-01f9-4ad4-852b-a88bd35b8eaf
台州市,0000001700000031000000070000000X,2.17,2017/10/25,331000,318992fa-11a2-4973-bc32-8ee8730461ed
嘉兴市,0000000H0000003N000000070000000X,14.33,2018/12/25,330400,db64fae4-28d7-49c3-b76a-84e2faa79a36
杭州市,0000000H0000003P000000070000000X,20.33,2018/5/5,330100,82c26ae5-44a2-4c6d-8bc9-96c02f65beb0
舟山市,0000000S0000002Z000000070000000X,11.33,2017/12/25,330900,e583e9eb-5410-4e37-b9d6-a7e6ce72bea5
台州市,0000000J0000003S000000070000000X,39,2018/12/25,331000,3b37f0e6-250c-49e8-b1a3-5ef841f395c9
舟山市,0000000P0000003E0000000700000010,3,2017/5/30,330900,6fd3d665-2d38-47b9-ba92-91da1646f9ff
绍兴市,0000000M0000003V000000070000000X,10,2018/10/5,330600,0b938cd8-0d1d-4164-b386-fa48b84ce4f1
湖州市,0000002U0000007X000000070000000X,3.6,2017/6/5,330500,828657d9-c458-4266-b0d7-9e967eabe3b7
湖州市,0000002U0000007X000000070000000X,3.77,2018/11/25,330500,cf7347d1-0bbf-4afb-9a20-8155c8363212
绍兴市,0000000H0000002T000000070000000X,16,2017/1/5,330600,4ab12bd2-7af5-46ca-8c27-848219bd7d08
温州市,0000001E00000031000000070000000X,5.83,2018/7/15,330300,81a0c09e-1c1b-41ad-b627-02d8e9634bc6
温州市,0000000K0000003U000000070000000X,48,2017/1/25,330300,0736b337-3210-4aeb-9994-5815e083071d
绍兴市,0000000J0000003Q000000070000000X,39.67,2018/2/25,330600,fe323f7c-64d4-4093-a557-9ce774cc833b
衢州市,0000000H0000003N000000070000000X,15,2017/4/15,330800,bfe0b799-ebf5-42c8-9a75-a71fd3e614e9
金华市,0000001E00000031000000070000000X,3,2018/11/15,330700,8fc5e4d4-5cd3-4e80-a29b-5b65040697f8
宁波市,0000003100000081000000130000000X,138.33,2018/9/25,330200,b596ff4d-1318-417d-8c6f-7bc023645ed6
丽水市,0000001K00000031000000070000000X,4,2017/12/25,331100,386921c2-aa6b-4376-884a-1fbe2498246d
台州市,0000002P0000007W000000070000000X,3.45,2018/4/5,331000,42e59563-e830-4332-99f8-7e162843fbce
温州市,0000000P0000003E0000000700000010,3.05,2017/3/7,330300,3a98852b-6d15-463c-b00e-cf008556bc3e
舟山市,0000001700000031000000070000000X,3.17,2017/5/5,330900,80b20d9d-8c43-4537-9b05-d2bd25caf83e
金华市,0000001500000031000000070000000X,6,2018/10/25,330700,f28b125b-87b9-4a8e-ada7-36faa74892cb
宁波市,0000002200000038000000070000000X,3.8,2017/4/25,330200,1a4896f3-89f5-4f4b-b09b-b0a8459ff708
绍兴市,0000000H0000002T000000070000000X,14,2017/8/15,330600,80b5a9af-d685-465b-8b34-7322e7fa5820
浙江省,0000001Z00000036000000070000000X,6.27,2018/10/25,330000,d40a2586-5724-4096-955e-bfee4e57b236
金华市,0000001400000031000000070000000X,6,2018/1/15,330700,d06d6728-7d21-4479-b668-7a403def1777
嘉兴市,0000001200000031000000070000000X,4,2017/12/15,330400,f51ba91b-22ad-4248-962b-fa63c38e79ff
丽水市,0000000H0000003N000000070000000X,15.33,2019/3/5,331100,0cb4420d-45c8-452a-86a1-b13a554d689e
舟山市,0000000S0000002Z000000070000000X,11.67,2019/2/25,330900,6cc87201-4f63-4b5f-ae34-7c3a65a55bda
杭州市,0000001400000031000000070000000X,6,2017/11/5,330100,685b9597-3fce-43c7-a392-f0c6019d76ec
台州市,0000000P0000002W000000070000000X,4.43,2017/2/5,331000,01c2b139-488e-4429-968f-2bedc5a36d0a
丽水市,0000000H0000003N000000070000000X,16,2019/1/15,331100,505be922-05aa-475e-9ffe-0d7fc76db3de
台州市,0000000H0000002T000000070000000X,15,2017/2/25,331000,bf17781d-0c73-43f0-9a26-d0caa90ea982
台州市,0000000J0000003S000000070000000X,32.67,2017/3/15,331000,c56ecca4-df8c-42c7-b483-b25d904d4ba4
衢州市,0000000D0000002R000000030000000X,36.33,2018/12/15,330800,37b6aaaf-881f-4c88-8e24-9483b90f286e
舟山市,0000000J0000003S000000070000000X,34.33,2018/3/15,330900,0d487a3b-5f5b-4544-8a36-1463630053d1
温州市,0000001200000031000000070000000X,3.83,2018/7/5,330300,5764f081-032c-45d7-89e0-21ca5220a528
嘉兴市,0000000P0000003E0000000700000010,3.17,2017/5/2,330400,074f63f2-27fb-4b63-b39f-97c91ab1318a
宁波市,0000001200000031000000070000000X,4,2018/8/25,330200,75d5a2fe-bfc9-437a-8aa2-562da287a001
台州市,0000001E00000031000000070000000X,2.33,2017/2/25,331000,ad9da082-1eaa-4e82-98bd-9e9a5f112c0c
丽水市,0000000J0000003S000000070000000X,34.33,2017/4/15,331100,564c99c4-8cd6-4f40-b0c0-ba12695d9b84
嘉兴市,0000000S0000002Z000000070000000X,8.5,2019/2/15,330400,516888ac-2d2c-447b-ae30-af115a6b2143
舟山市,0000000J0000003Q000000070000000X,41.67,2018/5/5,330900,e8812ba7-8f35-4689-9765-defac729f9b3
衢州市,0000002P0000007W000000070000000X,3.57,2016/12/15,330800,fd466f88-601e-4eef-ba71-afd6e85a8c6a
嘉兴市,0000000G0000003F0000000700000010,7.45,2018/4/10,330400,90641ca4-7646-4ad7-a292-c8458b5d6908
嘉兴市,0000000G0000003F0000000700000010,10.05,2018/2/20,330400,ddef66c8-dccf-49ec-8b54-1a2adac3c71c
衢州市,0000000J0000003S000000070000000X,37.33,2017/1/5,330800,c3a225f0-64bb-448f-afe1-cb8d3490bf6a
舟山市,0000001500000031000000070000000X,4.83,2018/8/25,330900,13345e97-94d2-40a6-8a29-55a0f2d54e6a
衢州市,0000001500000031000000070000000X,5.17,2019/1/25,330800,c30262a3-0891-4882-b110-64b7f611cd05
浙江省,0000000J0000003Q000000070000000X,41.23,2018/8/15,330000,eef0d8bb-0e9e-4cc3-971d-476f2a4f4479
嘉兴市,0000001500000031000000070000000X,4.83,2018/12/15,330400,6e6dceff-d781-443d-b2db-64446c5c77ff
衢州市,0000001K00000031000000070000000X,2.83,2018/6/15,330800,9add884c-cb7e-4d1a-ac43-2b1261184d5f
嘉兴市,0000001700000031000000070000000X,3.33,2019/2/25,330400,fc9eda2f-4dbf-4841-844e-646450cae645
温州市,0000001K00000031000000070000000X,3.17,2017/6/15,330300,8997f2c1-758d-42ff-8f7b-21f971c9631d
金华市,0000000P0000002W000000070000000X,4,2017/8/5,330700,f01c2dcd-07d0-4586-9282-9bf03025bf54
浙江省,0000001Z00000036000000070000000X,5.93,2017/4/25,330000,9662d88e-49a4-4f50-a5ba-face444f2aba
湖州市,0000001200000031000000070000000X,3.67,2017/5/5,330500,41196039-49d5-4d36-a15a-55f4edb674a2
杭州市,0000000C0000002Q000000030000000X,62.67,2018/4/5,330100,57c877aa-030b-42b4-bacd-1934910f1e2b
温州市,0000001400000031000000070000000X,6.33,2017/9/15,330300,562a0b7e-bc8d-4a53-b092-094e1fd2cc03
绍兴市,0000000D0000002R000000030000000X,49.33,2018/1/15,330600,a584184b-884e-491e-a5f1-9da24e230b86
嘉兴市,0000001K00000031000000070000000X,3.5,2018/10/15,330400,c42df269-3294-428e-99ee-15ceb7e038fe
浙江省,0000000G0000003F0000000700000010,10.33,2017/4/18,330000,8865eaeb-9a58-4e1f-94dc-c2b02f4e9a69
丽水市,0000001500000031000000070000000X,4.5,2017/9/5,331100,9b85473f-4d28-4b13-a8cf-311073536d49
舟山市,0000000M0000003V000000070000000X,13.67,2019/1/5,330900,a843c62b-f59f-484e-b785-5941f863dc6c
衢州市,0000000P0000003E0000000700000010,3.5,2019/3/12,330800,30f1fee2-1fed-47b9-9c01-ec1944e3596a
衢州市,0000000J0000003S000000070000000X,36,2017/5/5,330800,fd700af0-1650-417c-beb1-ed24aed63898
湖州市,0000001500000031000000070000000X,5.5,2019/1/25,330500,b5a9f49e-33be-4b54-9b43-80dbf587629a
杭州市,0000002200000038000000070000000X,3.2,2018/4/25,330100,3a84c737-6afb-4bff-a466-01d0cc0830fb
嘉兴市,0000002U0000007X000000070000000X,3.93,2018/4/25,330400,e1b24f9c-ede2-4d1b-8353-73314d665c47
湖州市,0000000P0000003E0000000700000010,4.8,2017/9/26,330500,2111f203-ddd9-4396-a8b7-9f0979148aa7
杭州市,0000002200000038000000070000000X,3.27,2018/3/15,330100,a1fa1cd9-c9d3-4760-a61c-36130e8ee17a
舟山市,0000002P0000007W000000070000000X,3.33,2018/2/25,330900,6de1388b-ef07-43fa-aebb-b2d5e1faf4dd
绍兴市,0000002200000038000000070000000X,2.5,2017/11/5,330600,416f31e5-d129-48b6-831c-e7e681decf9a
金华市,0000000Z00000031000000070000000X,3.83,2018/1/15,330700,e538c964-8716-42c0-bca3-e555f12fb00b
丽水市,0000000P0000003E0000000700000010,2.5,2017/6/6,331100,61765bdc-62e0-4968-8a60-d2c986dcc669
宁波市,0000000S0000002Z000000070000000X,8.33,2017/3/25,330200,ade17185-b13f-49d4-80aa-597a687a84bf
浙江省,0000000M0000003V000000070000000X,12.24,2017/4/5,330000,58569b0f-cf64-4ee9-a25c-f02ba9c42202
金华市,0000001500000031000000070000000X,3.83,2017/11/5,330700,8bb844d7-c228-41e3-8a34-e73e4758dbb0
嘉兴市,0000000J0000003S000000070000000X,32.33,2018/6/25,330400,638d0766-eb9e-4163-8e80-3b7393ad6a25
湖州市,0000000H0000003P000000070000000X,18.67,2017/3/15,330500,ac3c6164-a219-46a3-82d2-b014d50c5329
舟山市,0000000P0000002W000000070000000X,5.5,2019/2/25,330900,570e05ab-575e-4d75-8895-48ae7f9299bb
温州市,0000001200000031000000070000000X,4,2018/6/25,330300,6b8a28cd-641e-4666-bcba-0c7de356db69
绍兴市,0000000P0000003E0000000700000010,4.8,2018/10/30,330600,6f5b4238-ee80-4248-8fbc-70ae36e2bb41
台州市,0000000Z00000031000000070000000X,4,2018/7/25,331000,841a34c0-6cad-420e-b452-37e7397c86c5
嘉兴市,0000000Z00000031000000070000000X,5.67,2018/2/15,330400,cfc6cdf9-4814-4a29-a820-8a660c486da6
杭州市,0000000J0000003Q000000070000000X,40.5,2017/10/15,330100,23c3b129-c5c6-41d3-a3ef-61fe7cae6500
湖州市,0000002U0000007X000000070000000X,3.87,2018/2/25,330500,8cf884a4-a97b-41db-aac6-9b296e127352
衢州市,0000002U0000007X000000070000000X,5,2018/11/25,330800,b841befe-6e29-4de2-9e70-8e2949f71c53
宁波市,0000000K0000003U000000070000000X,32.5,2017/7/25,330200,580675ba-48d5-4329-8667-51590f692563
浙江省,0000000D0000002R000000030000000X,43.67,2017/9/5,330000,44b331e3-156d-42bc-bf1e-e8c6730cbaa5
温州市,0000002P0000007W000000070000000X,2.5,2018/11/5,330300,48c850ac-0290-46c3-8f93-47f1398e6bf9
杭州市,0000000K0000003U000000070000000X,36,2019/2/25,330100,c64d4437-bd62-456c-a055-f34dc629a71a
杭州市,0000000K0000003U000000070000000X,35.33,2018/9/5,330100,eb58eb42-9d02-475e-add7-8d4a2730f98d
浙江省,0000001500000031000000070000000X,4.3,2017/12/5,330000,19f9db28-331b-4111-bdd9-61a02dc2fe73
台州市,0000002U0000007X000000070000000X,4.33,2017/2/25,331000,1944a1ac-4809-4ec7-aa38-ff4e0a01e408
湖州市,0000001K00000031000000070000000X,3.83,2017/2/5,330500,1715b601-b9b9-4b3f-aaf0-fcd80fd495fe
金华市,0000002P0000007W000000070000000X,3.9,2017/4/25,330700,43276bca-e029-4464-8304-c8ba09e0b949
温州市,0000000J0000003Q000000070000000X,45.67,2017/8/25,330300,d38c98f7-01bc-4de1-a921-3bd0749a3e77
浙江省,0000001K00000031000000070000000X,4.29,2017/9/25,330000,48d194f8-3e31-426f-ae6d-f81415ce1215
丽水市,0000001A00000031000000070000000X,5.17,2018/4/15,331100,822ffd55-7718-47b9-b910-0dc2f22ca37d
温州市,0000000M0000003V000000070000000X,14.67,2017/9/5,330300,4e3c10bf-cf0b-443b-bba6-328efe18f5f8
丽水市,0000000P0000002W000000070000000X,4.13,2017/5/5,331100,ba3fb9a6-697c-443d-816a-899dccb6f7cc
绍兴市,0000000M0000003V000000070000000X,9.83,2017/8/5,330600,8d7f3dfd-4a48-4b64-9dfc-49e5ecffc8d9
舟山市,0000002U0000007X000000070000000X,4.3,2019/1/15,330900,d211c852-2b9c-47d1-a983-0c62fca7512f
宁波市,0000000H0000003N000000070000000X,14.9,2016/12/15,330200,c04f9939-84cb-4f14-8133-415918446a62
温州市,0000002U0000007X000000070000000X,4.67,2019/1/15,330300,d4baa10c-e320-4804-a3e4-3f8c7b0a03de
宁波市,0000001Z00000036000000070000000X,6.6,2017/4/15,330200,8af8a563-06cc-4cf6-90e6-dd1ede58f00e
宁波市,0000000J0000003Q000000070000000X,41.17,2018/1/25,330200,caf183a2-bee5-4960-b9a7-e23473a76fcc
丽水市,0000001400000031000000070000000X,4.83,2017/12/5,331100,32b59580-9563-449e-935a-a0f8775d63da
温州市,0000001Z00000036000000070000000X,7.33,2017/12/25,330300,b9de8620-23e7-42f5-85fc-2dc9cc4398cb
宁波市,0000000H0000002T000000070000000X,15.33,2019/1/25,330200,6bededed-6b89-4e33-989f-928a6e14ce1c
衢州市,0000000C0000002Q000000030000000X,68,2017/9/25,330800,3824c973-a9a7-4ea5-87f9-a9b3c33ced00
湖州市,0000000M0000003V000000070000000X,16.83,2018/2/25,330500,72d5235a-6a2f-4d45-9b5f-dab31a88750d
温州市,0000000M0000003V000000070000000X,14.67,2017/3/25,330300,398024ec-f09b-4aa2-807e-577bf1e97dec
嘉兴市,0000001Z00000036000000070000000X,5.67,2016/12/15,330400,879ad8e0-0791-45ed-b6c9-041a83d17b8d
温州市,0000000K0000003U000000070000000X,48,2017/5/25,330300,af681d87-d2e9-4328-b67e-b93d5cac2a1f
浙江省,0000000H0000003P000000070000000X,23.44,2017/3/15,330000,ba00e18a-e527-4358-9006-3f5d5ef5a190
嘉兴市,0000000P0000003E0000000700000010,3.2,2017/4/25,330400,1fefe04c-8331-4653-88a8-80053ed74886
嘉兴市,0000001E00000031000000070000000X,4.33,2017/6/5,330400,722ced6d-0133-4c38-926d-45c8c3429576
丽水市,0000000Z00000031000000070000000X,2.5,2017/1/15,331100,1079a4a5-bd5d-437d-8aa2-4bebab8b1abf
湖州市,0000000K0000003U000000070000000X,0,2017/4/5,330500,122b4177-ef29-47ee-b739-26c4d4dd7cc3
绍兴市,0000000P0000002W000000070000000X,4.67,2017/4/15,330600,09b2d020-a731-434f-bd8a-7d4dd704648b
舟山市,0000000H0000002T000000070000000X,14.83,2018/4/5,330900,eacc9f16-8120-4520-a517-c279f0d291e8
丽水市,0000002P0000007W000000070000000X,2.93,2018/5/5,331100,f1cedecd-188e-4186-8c3b-dd3ee3a0bfc0
绍兴市,0000001200000031000000070000000X,4,2017/9/5,330600,817f5f55-854f-4d62-bff5-5ad1778018ec
衢州市,0000002U0000007X000000070000000X,5,2018/9/5,330800,0a9aeea2-50b2-4545-b4ea-3d9b64bee89a
丽水市,0000003100000081000000130000000X,84,2017/6/15,331100,ea99e16f-11a5-4129-931b-8247e16d51cf
宁波市,0000001K00000031000000070000000X,2.67,2017/5/5,330200,ea5ba74e-99d0-4054-b8d9-38b72be186a3
绍兴市,0000000H0000002T000000070000000X,14.67,2018/1/25,330600,54cf9517-3893-4ac7-aab9-124f11771c3b
舟山市,0000000P0000003E0000000700000010,4.1,2017/8/8,330900,d55a4b5f-fa8d-438e-b736-15adf7735c80
浙江省,0000001500000031000000070000000X,5.51,2019/2/25,330000,cf9bb687-ec34-46b9-99a2-f442dcabc05b
湖州市,0000001E00000031000000070000000X,5.67,2016/12/15,330500,d7a1dc65-1371-4681-ac02-e72bd044408c
绍兴市,0000000P0000002W000000070000000X,6,2018/9/5,330600,f84e4519-0ed7-443d-9c41-d695e557ced9
金华市,0000000P0000002W000000070000000X,5.83,2018/9/15,330700,b7ef4886-b9e1-43c2-9504-1ff3505c229a
宁波市,0000000Z00000031000000070000000X,5.23,2018/5/25,330200,85bdaa83-c05c-41b1-95e4-38f09421e6f6
温州市,0000000P0000002W000000070000000X,4.17,2017/4/25,330300,89fa9a3b-3ac8-4576-857d-1b12f891e2dc
台州市,0000000P0000003E0000000700000010,4.66,2018/11/27,331000,cd7a41bd-8e59-4581-80aa-bba43c1e92ee
金华市,0000000G0000003F0000000700000010,11.8,2018/9/25,330700,55373f56-9bc1-4f78-b934-fc5923c384ea
杭州市,0000000C0000002Q000000030000000X,62,2017/4/5,330100,8d874dd9-d58d-427e-987d-2cb97eddfb9d
衢州市,0000000J0000003Q000000070000000X,38.67,2017/11/15,330800,fece0f9f-bfce-4571-842f-9d46d648f37f
衢州市,0000000M0000003V000000070000000X,10.5,2017/5/5,330800,da1d94cd-a9fe-4d20-8032-37e8009be935
湖州市,0000000P0000003E0000000700000010,3.5,2017/1/24,330500,6388c48e-d006-49be-9c40-2cd930f9a2ee
丽水市,0000000M0000003V000000070000000X,11.33,2018/12/15,331100,ab4c4610-76d6-4044-9c12-f01da029f628
舟山市,0000001700000031000000070000000X,2.67,2017/9/15,330900,eb87c74c-ec6b-4388-bbcd-ebb68df1ec05
浙江省,0000000M0000003V000000070000000X,12.23,2017/4/25,330000,371808cd-1c46-4664-b012-7425d03303f5
嘉兴市,0000001K00000031000000070000000X,3.67,2017/1/15,330400,73c3069b-e7ba-4cea-9c10-998ceead4d18
湖州市,0000001E00000031000000070000000X,3.83,2017/4/15,330500,ba4de759-3e31-45b9-92b3-b8c569a0d40d
衢州市,0000001500000031000000070000000X,5.83,2019/2/5,330800,ce66ab82-2858-4fb7-9278-dbb2460d0259
宁波市,0000001200000031000000070000000X,5,2017/1/25,330200,937b0740-a3e5-4735-8922-a9732ff7c886
杭州市,0000000H0000003N000000070000000X,15.67,2017/6/5,330100,a1e1e074-fddd-4449-a583-35373868312c
浙江省,0000001400000031000000070000000X,6.48,2017/3/5,330000,5c5c39ad-41ed-48fa-9e9e-5f3bc45b4beb
绍兴市,0000001400000031000000070000000X,5.67,2018/4/15,330600,23c20ffe-ad84-4e1d-a32f-258bcfad61ba
丽水市,0000002P0000007W000000070000000X,2.93,2018/3/15,331100,0677103a-6a79-4254-ba89-a5230c6cefec
舟山市,0000000J0000003Q000000070000000X,41.67,2018/1/5,330900,c5b2294d-5e65-4cfd-9b1d-7b91aec363a8
杭州市,0000000H0000003P000000070000000X,21.17,2017/4/15,330100,c573f80b-fa75-4eb6-919d-cdeb7647aad4
衢州市,0000002200000038000000070000000X,3.17,2017/6/5,330800,076a9e8a-61d5-4784-9818-1f3708028ee3
嘉兴市,0000001200000031000000070000000X,3.67,2017/5/5,330400,396d6a0f-fa27-4dec-9a20-cc00ffb94ecb
丽水市,0000001400000031000000070000000X,3.5,2018/7/15,331100,cd573f62-bf0e-4daf-a182-4f644d3eecd1
绍兴市,0000000D0000002R000000030000000X,49.33,2018/4/15,330600,e48b4d26-d187-4cfb-ac99-d4469537015e
舟山市,0000002200000038000000070000000X,4.67,2018/2/15,330900,c9ec66de-69da-4abc-8137-77cb2e99eed3
温州市,0000002U0000007X000000070000000X,4.33,2017/8/5,330300,43ba045d-6de1-43da-8372-9eafe583cc32
湖州市,0000001500000031000000070000000X,5,2018/2/25,330500,d5491a66-069c-44e8-be4a-5083e4c8ada3
浙江省,0000001500000031000000070000000X,4.7,2016/12/25,330000,12341cd5-3ae4-4096-8dc8-6efd371d52bb
浙江省,0000000H0000003P000000070000000X,23.21,2017/3/25,330000,be2d26c6-050c-4bbe-b24a-2259a1883096
温州市,0000000M0000003V000000070000000X,15.33,2019/2/25,330300,3c0f75e8-0537-4c93-bc2c-b8dcc5c29fc8
绍兴市,0000002P0000007W000000070000000X,2.33,2018/12/15,330600,d2397fe4-37d2-4e95-a718-3017b9549b5d
杭州市,0000002200000038000000070000000X,3.67,2018/11/5,330100,e2d348d6-5fa3-4d13-8b5f-ae63be72bb2a
丽水市,0000000H0000003P000000070000000X,19,2017/6/25,331100,3ccd3e9a-8ef2-40ab-9474-4add70396beb
浙江省,0000002200000038000000070000000X,3.76,2018/11/25,330000,449bde76-3859-4776-8bb8-180a6b4b8f3f
湖州市,0000000G0000003F0000000700000010,8.8,2018/3/13,330500,d4397210-d4f0-4fd8-b7d4-de44de0dc2c8
杭州市,0000000H0000002T000000070000000X,17,2017/8/15,330100,636453f9-d625-4089-a5cc-fa33b8dc5222
杭州市,0000001E00000031000000070000000X,5.17,2018/12/25,330100,e7769863-5601-4c2b-b1b9-2e6323ed0203
浙江省,0000000K0000003U000000070000000X,34.72,2017/8/15,330000,2dba35c4-b6ba-4850-ad40-a7e9f49ef58c
温州市,0000000M0000003V000000070000000X,14.67,2017/5/5,330300,3e1784ba-dcc6-4aad-a7b7-df502addd651
杭州市,0000000G0000003F0000000700000010,9.8,2017/12/5,330100,f9097757-279b-4840-a6ac-2bf996069b72
舟山市,0000000S0000002Z000000070000000X,11.33,2017/5/5,330900,b2f1abca-51e8-4714-8b17-af851c1b5d33
温州市,0000000G0000003F0000000700000010,8.65,2017/7/11,330300,92eafa7c-cea7-409b-8bbc-080dabf0d0b4
绍兴市,0000000J0000003S000000070000000X,33,2017/3/5,330600,532b53a3-11c1-46b6-991c-47c1397968a1
丽水市,0000000S0000002Z000000070000000X,9.67,2019/1/15,331100,3b208632-f5a4-41e8-9a2d-1d2041859b61
台州市,0000000M0000003V000000070000000X,10.33,2017/1/5,331000,6f84bffb-8a4b-4a30-a673-d92ce969bb6d
宁波市,0000000Z00000031000000070000000X,6.13,2017/11/25,330200,357a9746-f416-43ef-a1ec-fda0f5e1898a
嘉兴市,0000000C0000002Q000000030000000X,66.33,2017/7/15,330400,3619779a-70c8-4625-ac8e-a1cba17f52f9
浙江省,0000001Z00000036000000070000000X,6.24,2018/11/5,330000,d38e52cb-0522-4b59-bed5-990ca30ab532
嘉兴市,0000002U0000007X000000070000000X,3.73,2017/2/5,330400,45a0c605-3f8e-41db-8c86-8ed5977297af
衢州市,0000000H0000003N000000070000000X,13,2017/9/5,330800,945e9789-38b1-4a7d-a747-e11371f70d18
杭州市,0000000P0000002W000000070000000X,5.27,2017/10/25,330100,7c68fae1-c07b-4121-bf5f-4e8c5cb16ed0
丽水市,0000002U0000007X000000070000000X,4.66,2017/11/5,331100,daad90eb-c76d-4bd9-91c1-350ce197c8b4
舟山市,0000000G0000003F0000000700000010,10.9,2018/1/23,330900,f919a168-1996-410a-a747-a0b0a7d53ee7
金华市,0000002200000038000000070000000X,3.5,2018/3/15,330700,696fdfc5-1cfe-4b1b-b825-e5d5c793bfb4
衢州市,0000001200000031000000070000000X,6.83,2018/2/25,330800,1d05b3d8-4408-42c0-8c39-afe14e5cc6e3
浙江省,0000000H0000002T000000070000000X,15.51,2017/7/15,330000,3e0618f9-f590-470f-8cb8-deef7222bde3
绍兴市,0000000G0000003F0000000700000010,9.53,2017/11/28,330600,e311e4cd-a850-41dc-95f5-6dc4f92ce1da
浙江省,0000000M0000003V000000070000000X,12.34,2018/7/5,330000,8bfd9c83-9820-442e-b658-e0713a780688
绍兴市,0000000H0000003P000000070000000X,24.17,2017/9/25,330600,f2704c1e-f019-4b15-8a5c-a96459fb334b
绍兴市,0000001E00000031000000070000000X,4.67,2019/2/5,330600,4792ffa7-795a-4a87-be27-b40ae205c873
宁波市,0000000H0000003P000000070000000X,27.83,2019/1/15,330200,f55f7192-a6d2-4162-8c91-b5e58c0530ee
浙江省,0000002200000038000000070000000X,3.29,2016/12/15,330000,5a84d6b2-5a18-4014-9429-54e2f3c49dae
温州市,0000001E00000031000000070000000X,5.17,2018/7/5,330300,069d4dec-d6f2-47fe-9062-4c50e7d5e767
温州市,0000000H0000003P000000070000000X,29,2018/12/25,330300,0b9985a7-1880-4acc-90c7-8494c19cc897
丽水市,0000000C0000002Q000000030000000X,70.23,2018/2/15,331100,d2f22c25-4ea4-4124-9e68-7d42d9066849
台州市,0000000S0000002Z000000070000000X,10.33,2017/10/5,331000,a03360f1-ef24-4053-aa08-828b788e2bf8
宁波市,0000001E00000031000000070000000X,4.1,2019/3/15,330200,f6ef4015-164d-4414-ad8b-176491c3fa12
金华市,0000000C0000002Q000000030000000X,68.87,2018/6/25,330700,2db9aa6d-8700-46c7-a398-ee778c60c739
衢州市,0000002P0000007W000000070000000X,3.06,2018/2/25,330800,77d16313-b142-43cb-b9e2-f24ba50d98f0
丽水市,0000001Z00000036000000070000000X,5.33,2017/1/5,331100,a05c7ad9-685b-4790-b81b-b80b7cf99315
舟山市,0000000H0000003N000000070000000X,15.67,2017/5/5,330900,9ad22aa6-bcd2-4134-9cd0-385e0b2fab28
浙江省,0000001E00000031000000070000000X,4.11,2018/1/25,330000,e83f7a9e-a465-46c0-b8dc-04f222c33160
浙江省,0000002P0000007W000000070000000X,3.09,2017/10/15,330000,44ca624c-bd78-4cc4-ad04-721d741c4b61
浙江省,0000001A00000031000000070000000X,5.69,2018/4/5,330000,e7004c9c-7283-4005-a50a-397aba4531a6
舟山市,0000000P0000003E0000000700000010,5.2,2018/10/16,330900,37d35dfe-de50-4ce8-8677-f18ce7578c54
杭州市,0000000G0000003F0000000700000010,7.61,2018/6/19,330100,59c291e2-68a6-49e1-9307-8886ec4d691e
舟山市,0000001200000031000000070000000X,4.5,2017/3/5,330900,85bdd2bd-d074-4e00-afd8-deec28d5e5c5
绍兴市,0000000P0000003E0000000700000010,5.2,2018/9/11,330600,3b8ecd13-1a68-470f-8b5f-09899ec7cda0
温州市,0000001200000031000000070000000X,4.67,2017/12/5,330300,ad9edd36-843b-4bed-8fca-8a0febd7c18e
绍兴市,0000000J0000003Q000000070000000X,42.67,2018/6/25,330600,06f4dc10-f4ee-4b85-8ddc-cb0a7ec9e75d
衢州市,0000002200000038000000070000000X,3.33,2017/5/5,330800,05e8d4e6-55a5-45d6-81c1-5c38b3d3e1e3
衢州市,0000000C0000002Q000000030000000X,66,2017/4/15,330800,a1404cb2-dc6b-423e-a6a8-b90e8e35dbe0
杭州市,0000000P0000002W000000070000000X,5.77,2018/9/25,330100,4bceb7a9-ffa8-435a-bdca-ad4103a6be7b
丽水市,0000000H0000003N000000070000000X,12.33,2018/3/25,331100,cdff2126-6b07-48c7-8f41-d12773c8abf9
丽水市,0000000J0000003S000000070000000X,36,2018/3/15,331100,ef59346b-6a01-4b0a-bace-5beef8e5a0f7
嘉兴市,0000000H0000002T000000070000000X,16.67,2017/7/5,330400,76951ca6-e840-4397-8994-796a3969ce13
台州市,0000000P0000002W000000070000000X,3.87,2017/4/5,331000,0ff6a305-d938-4927-b8d6-b735bfa84d44
湖州市,0000001Z00000036000000070000000X,5.33,2017/4/15,330500,39efbcd9-f2b0-41b9-a642-44066aa4b7bb
浙江省,0000001Z00000036000000070000000X,6.07,2017/9/15,330000,ff1558da-9253-4b23-be0d-eb1959cfb588
湖州市,0000000D0000002R000000030000000X,37.67,2017/6/15,330500,b3175d54-3ddf-4d27-8717-0d54d4cc94cf
衢州市,0000001E00000031000000070000000X,4.83,2017/9/5,330800,aa281971-a217-4c7e-b955-1a91b4ac09e1
绍兴市,0000000H0000003N000000070000000X,14.17,2017/4/5,330600,a91dc4af-ca2a-4aea-8f2e-a2f7c89a1eac
浙江省,0000000H0000002T000000070000000X,16.36,2017/3/25,330000,33f18504-e5f5-4d31-9e69-7607eaa7d004
温州市,0000001K00000031000000070000000X,3.17,2018/11/25,330300,7b0cb806-4c9f-4e88-b24c-e028e50f9c81
丽水市,0000000J0000003S000000070000000X,39.33,2018/12/25,331100,a48c6d05-7942-4c48-ab2f-15c9b30b4702
舟山市,0000000H0000003P000000070000000X,26,2017/1/25,330900,e8147081-164e-4f00-948a-0c07fbfd8df6
嘉兴市,0000000P0000003E0000000700000010,5.2,2018/1/9,330400,042e954c-64b2-4c43-97b9-65f85c55f4de
丽水市,0000001E00000031000000070000000X,6,2018/10/15,331100,6bd85b64-e02a-4550-a7f2-31775e83aae7
湖州市,0000000S0000002Z000000070000000X,7.67,2017/1/25,330500,b524dcb2-0704-4f9e-911a-6a1cdbf95515
绍兴市,0000000H0000003N000000070000000X,13.5,2017/5/25,330600,69b9cec8-a08a-48f5-884b-32841862b9cc
金华市,0000000H0000003P000000070000000X,20.67,2017/4/25,330700,d1c5c99b-daf5-4222-90fe-3169e2f6471a
宁波市,0000001200000031000000070000000X,5.33,2018/11/25,330200,c17780fc-5f1b-432e-a138-01c7f6e0e0ed
金华市,0000000Z00000031000000070000000X,2,2017/1/15,330700,a3bbaefa-7711-478d-99ff-723033fabbf3
宁波市,0000000Z00000031000000070000000X,8.93,2018/9/5,330200,84c8dfc9-bd21-4d3c-94b8-e5a4d9716fa8
杭州市,0000002200000038000000070000000X,3.33,2018/2/15,330100,2edc7991-3188-497d-ba4b-f0101c3075a0
绍兴市,0000000S0000002Z000000070000000X,7.5,2017/2/25,330600,f7c110b2-06b4-4af6-9444-31abccf4f4cd
衢州市,0000000X0000007T000000070000000X,24,2019/1/5,330800,e3bf0979-affd-4623-b03c-87fc7f471327
绍兴市,0000001700000031000000070000000X,2.33,2017/11/25,330600,6d3a66ef-6e9a-4459-9d65-fd50c5c0588d
嘉兴市,0000000M0000003V000000070000000X,11.17,2017/3/25,330400,cdd6041e-5e6b-4335-a246-c0d62c248e50
宁波市,0000001400000031000000070000000X,5.27,2017/5/5,330200,ca823b70-b8d6-468e-a4c7-f49f154f0cb7
丽水市,0000001Z00000036000000070000000X,6.5,2019/1/25,331100,43fca7ea-cea4-4416-b833-d2db5913c896
绍兴市,0000001K00000031000000070000000X,3.67,2018/10/15,330600,2f714e98-7e63-42d8-97df-92ca37ce4a6a
杭州市,0000002U0000007X000000070000000X,4.17,2016/12/25,330100,18741b0c-9118-4657-9d91-acb2a624cfcd
台州市,0000001400000031000000070000000X,5.5,2017/2/15,331000,998e2a88-e3cf-4a98-80d2-41283da60d35
浙江省,0000000M0000003V000000070000000X,13.17,2019/2/5,330000,51d99079-7dac-4861-a2a4-fdeca073f775
杭州市,0000000C0000002Q000000030000000X,63.33,2018/10/15,330100,4a003d2e-5300-40c4-8c29-9247908c8f8b
舟山市,0000002U0000007X000000070000000X,5,2017/3/15,330900,3b947981-c535-4d0d-a8cd-dd92e2b6974a
浙江省,0000000J0000003Q000000070000000X,40.19,2017/12/5,330000,c94ef2d3-0a0c-45ed-9f76-a51acb6e48bc
丽水市,0000001400000031000000070000000X,4.17,2017/8/5,331100,6bceab9d-1f89-4f28-aa07-a8c8f0149fbe
浙江省,0000001200000031000000070000000X,5.49,2019/1/25,330000,2eb70996-ad8a-4e2c-83e6-1f97484974a9
舟山市,0000001E00000031000000070000000X,6.33,2018/7/15,330900,e53287e1-4b2e-48c1-be58-0374f3df743f
杭州市,0000001E00000031000000070000000X,4.5,2019/1/25,330100,30715d99-1859-4972-8f4a-969f38987489
台州市,0000000P0000003E0000000700000010,5.02,2018/8/14,331000,b37fe3f2-288e-4dfd-8136-5da99d4b2ed3
温州市,0000000M0000003V000000070000000X,15.33,2018/11/25,330300,d9ca9257-e2b9-4c2b-9e47-e99dc5d8baf5
丽水市,0000000J0000003Q000000070000000X,43.33,2019/1/5,331100,a2c35444-49f8-41e3-aac1-b0a23013b947
湖州市,0000002200000038000000070000000X,4.33,2018/3/15,330500,27d18227-6359-47d5-916f-3be118db95dc
台州市,0000000C0000002Q000000030000000X,63.33,2017/10/25,331000,a3e587c1-3b6c-4121-ac41-6ab5e578df89
台州市,0000000H0000003N000000070000000X,10.83,2018/6/15,331000,09c26d31-de0b-4daf-b4ff-d655d20431d4
金华市,0000001400000031000000070000000X,5.33,2017/4/15,330700,25c72a44-e1c2-4ef9-9c85-27d6d55aef28
湖州市,0000000G0000003F0000000700000010,10.5,2019/3/19,330500,47c7c434-db11-4160-b0e5-9dd20c79ebd5
绍兴市,0000002P0000007W000000070000000X,2.33,2017/6/15,330600,49898c00-3d27-4055-9d80-9d6365e4be90
嘉兴市,0000000H0000003N000000070000000X,13.83,2018/7/5,330400,c828dfe5-22bb-49e3-b8c7-92e6f23ecd16
丽水市,0000001400000031000000070000000X,4.83,2018/10/25,331100,a74c74e4-b044-438f-8e94-ae4eb0dd38f5
衢州市,0000000M0000003V000000070000000X,11.33,2018/4/5,330800,79ef9250-7f3f-4a75-8eb8-e37210362db8
嘉兴市,0000000H0000003P000000070000000X,23.33,2018/11/5,330400,5d1c3e8c-d5d6-49c0-ad7d-abe37d0fcf93
宁波市,0000003100000081000000130000000X,138.33,2018/5/25,330200,8e6f73c9-46b0-45be-a1b6-d962f636af6e
台州市,0000000J0000003S000000070000000X,32.67,2017/5/15,331000,256629c3-a83c-4f0b-9faf-a333eb73a950
温州市,0000001A00000031000000070000000X,4.67,2017/4/15,330300,8b0f22ef-61d8-4b2d-a92c-f6dc352fbb32
台州市,0000000G0000003F0000000700000010,12,2017/2/21,331000,d63f9bd1-dbaa-4796-bece-5d6549edbcab
丽水市,0000000M0000003V000000070000000X,11,2018/5/25,331100,82b63c10-d7d5-4050-b67b-670285aad04a
浙江省,0000001200000031000000070000000X,3.05,2017/6/25,330000,999cc4ad-1311-4459-a4f8-727eb11fa5a4
湖州市,0000000D0000002R000000030000000X,37,2018/6/15,330500,a4a70803-8e7c-4d2f-8bcf-3e21d24091a7
台州市,0000000P0000003E0000000700000010,3.82,2018/5/22,331000,78a2e13c-4128-4abe-aca7-26fc1e20fb57
舟山市,0000001700000031000000070000000X,3.17,2018/5/25,330900,0bab2787-011f-4685-b6ae-585f89c3b096
浙江省,0000001500000031000000070000000X,4.26,2018/5/15,330000,60326c9a-d00f-4325-b0fb-181f35903b08
杭州市,0000000H0000002T000000070000000X,17,2017/12/25,330100,a1725eb1-9b25-4daf-b723-75c04e255b09
浙江省,0000003100000081000000130000000X,91.68,2017/4/25,330000,a53895c1-fcce-4c83-aaed-42162c0c09f5
杭州市,0000001700000031000000070000000X,2.67,2018/10/15,330100,bb8a9743-4d2c-4bb5-80e8-b6d98f5a8365
绍兴市,0000000M0000003V000000070000000X,9.67,2017/4/15,330600,0cac1ba9-557b-4cef-a91f-dd82c338b12a
嘉兴市,0000000J0000003S000000070000000X,32.67,2018/7/25,330400,a79f80b7-6916-4835-9fe9-e03721b0895b
舟山市,0000000H0000003P000000070000000X,24.67,2018/3/15,330900,3c449897-e3e5-4b11-8643-96d714e1241b
舟山市,0000000Z00000031000000070000000X,4,2017/6/25,330900,1ba0cdaa-3713-4d47-a7d9-4e5504c8c8bd
宁波市,0000000C0000002Q000000030000000X,77.83,2017/9/15,330200,ea06b458-081b-4228-baae-78fdde0d16c9
绍兴市,0000002200000038000000070000000X,2.77,2017/3/25,330600,d54f3a91-53e1-4ce3-bba6-8be6dbef2671
湖州市,0000000M0000003V000000070000000X,17,2018/4/25,330500,8c6ea945-3e6f-4c88-8a9a-0b71ce65ed27
丽水市,0000000P0000003E0000000700000010,3,2017/4/4,331100,5da3ef30-f392-464c-890d-06a0a188d623
杭州市,0000000H0000003N000000070000000X,14.33,2018/2/5,330100,fb6b2b3e-30c3-4581-8391-2a93b282d4a1
绍兴市,0000000P0000003E0000000700000010,5.3,2018/1/16,330600,46ecd58b-5b09-49fa-aefa-0ec25e84d0e1
衢州市,0000000J0000003Q000000070000000X,44,2018/2/25,330800,ad664194-ae55-4062-9fe6-6f19b83c9992
温州市,0000001500000031000000070000000X,6,2018/9/25,330300,09cdcf5a-ebf2-426c-ad21-284127614949
嘉兴市,0000003100000081000000130000000X,79,2019/2/15,330400,f719f2c3-d699-4c92-b818-25e1ee2457ee
嘉兴市,0000000X0000007T000000070000000X,34.33,2018/3/5,330400,69f823b1-36ae-4872-adfe-51e45d3ceb66
宁波市,0000001700000031000000070000000X,3.6,2018/4/5,330200,3efbbc9a-4496-405b-ae31-a34bdbb136ad
浙江省,0000000Z00000031000000070000000X,3.22,2017/5/5,330000,60ef62ae-0ed1-4307-bad2-636a8919a948
丽水市,0000001Z00000036000000070000000X,5.16,2018/10/15,331100,75000b80-a61f-4a11-929e-21bd15cb4728
绍兴市,0000001K00000031000000070000000X,3.17,2018/1/5,330600,6b059476-3bde-428d-8768-b4afad9b9b52
杭州市,0000002P0000007W000000070000000X,3,2018/3/25,330100,6c9039fc-473a-4a81-8ec0-8607d1cca67c
温州市,0000000S0000002Z000000070000000X,9,2017/9/15,330300,3d309666-19f4-403d-8fbc-8bc863fea7ca
绍兴市,0000001700000031000000070000000X,2.33,2017/8/15,330600,2a7450cd-afcf-4013-86ca-077bc78cc234
绍兴市,0000000Z00000031000000070000000X,4.5,2018/5/25,330600,be09a27c-22bf-4bbd-ae12-b00ff5ae9902
衢州市,0000000D0000002R000000030000000X,38.33,2017/7/15,330800,13dc405d-64fd-4a34-8dae-19e3c189bb24
湖州市,0000001Z00000036000000070000000X,5.67,2018/12/15,330500,290208ca-6a8c-4487-9a64-e7dec8fcae8f
舟山市,0000001Z00000036000000070000000X,7.5,2017/1/15,330900,d95f6212-5a10-43b0-9276-fa0b6f24c9cf
丽水市,0000001Z00000036000000070000000X,5.16,2017/12/5,331100,8689fe20-ca2d-4e28-92bd-585d8cf47b7e
杭州市,0000001400000031000000070000000X,5.83,2018/1/5,330100,84c530fa-b180-42cd-8144-8920af5b70b1
绍兴市,0000000J0000003S000000070000000X,33.67,2017/8/15,330600,ed0f00fe-eb66-445a-b6eb-ca17821b4dcd
绍兴市,0000000C0000002Q000000030000000X,59,2017/5/25,330600,a4e9e687-4eb3-48a2-b66d-e49f41e1ace2
衢州市,0000000J0000003Q000000070000000X,38,2018/4/15,330800,8a4a3b72-3f51-4587-baf7-0c694ad3d2e2
金华市,0000001200000031000000070000000X,2.67,2018/11/5,330700,e5e7b3a6-f2ee-4e51-bf20-88f8c8e71f89
宁波市,0000000H0000002T000000070000000X,14.5,2018/7/15,330200,81db099f-3f4f-41f7-8df9-8e85679fbcf7
浙江省,0000001400000031000000070000000X,5.13,2018/8/15,330000,6885a818-64cc-4f6a-ab0e-44ab049434a0
衢州市,0000000J0000003Q000000070000000X,38,2018/8/25,330800,3404ba58-5125-4e80-be6f-f0c8f229cf3e
嘉兴市,0000000P0000003E0000000700000010,3.97,2017/7/4,330400,9048e8e4-3719-4525-9c81-d103e703d9ac
嘉兴市,0000000J0000003Q000000070000000X,40.67,2018/11/25,330400,e220a4d4-4111-4828-b589-242b804ba638
嘉兴市,0000000S0000002Z000000070000000X,9.5,2018/6/15,330400,e802c6f8-628e-40e9-8225-f099b4eecfd3
舟山市,0000001500000031000000070000000X,4.17,2017/11/5,330900,c6f2f7b9-b933-4abf-97b3-5fe1a609d53e
金华市,0000000M0000003V000000070000000X,13,2018/10/15,330700,71747f8c-070c-49f0-ac85-c1bac9d7b9ca
丽水市,0000000X0000007T000000070000000X,42,2017/9/25,331100,6a02c418-4a35-404f-8093-bdd5a9c605c8
湖州市,0000001Z00000036000000070000000X,5.67,2018/10/25,330500,8070d214-7021-4adb-9ba9-c0eaec6dfab6
浙江省,0000000P0000002W000000070000000X,4.31,2017/4/15,330000,919ebcef-d95d-4433-be92-daeebd71a53d
丽水市,0000002200000038000000070000000X,3,2017/4/15,331100,b83fb690-2a51-4582-9aa4-fcae13dca3d8
浙江省,0000001700000031000000070000000X,2.78,2018/10/5,330000,72ea7a68-02cf-4fa1-bfe5-2c533d23a541
宁波市,0000001200000031000000070000000X,3.5,2017/6/25,330200,6c46190b-988b-4965-bd8a-b9883a5c3545
丽水市,0000000H0000002T000000070000000X,17,2019/2/15,331100,57499afb-1fd9-4d76-b625-ac9a1f0d9257
湖州市,0000002P0000007W000000070000000X,3.89,2018/6/5,330500,7ee85e30-f706-41fc-aadb-008e0a04da91
杭州市,0000000Z00000031000000070000000X,4,2018/5/15,330100,c0453d43-b390-47fa-8fd3-e33e7d18e024
舟山市,0000001E00000031000000070000000X,5,2017/10/5,330900,31fb104a-b4a1-4fdd-a9e3-8ea474ad3dd5
舟山市,0000001200000031000000070000000X,3.83,2018/10/25,330900,ef8f432a-55dd-4897-89f4-3094253f1c38
金华市,0000001200000031000000070000000X,3.17,2017/5/5,330700,552c1bda-8243-4aeb-8a9e-b04fc74abaa1
舟山市,0000000H0000003P000000070000000X,24.33,2018/3/25,330900,f16b5bea-1ae1-4712-9ed9-200803b5ae4c
绍兴市,0000003100000081000000130000000X,66,2018/10/25,330600,9dcc9349-617c-417f-870c-b385423fce81
绍兴市,0000001A00000031000000070000000X,4.5,2018/9/15,330600,63d3f1a4-0b65-4075-b58d-03d1ecd2bf0a
浙江省,0000003100000081000000130000000X,94.04,2017/10/15,330000,ddaa6143-7006-4b2c-9183-7f5e62038431
绍兴市,0000000C0000002Q000000030000000X,57.67,2018/11/25,330600,418ef861-69a2-4bd5-9663-e5dcb252c8d0
湖州市,0000001700000031000000070000000X,3.17,2017/9/15,330500,8bf25b78-77a3-45a8-b00f-6e84826412e5
宁波市,0000001500000031000000070000000X,4.5,2017/9/25,330200,587ae93d-ce94-4511-b3b2-40c8b8468adc
嘉兴市,0000002P0000007W000000070000000X,3.2,2018/9/25,330400,eaa76c35-3642-4e96-98dd-ec77412fc49e
丽水市,0000001500000031000000070000000X,4.83,2017/11/5,331100,29936334-bc99-49d3-8a64-b7e8386161a4
宁波市,0000000J0000003Q000000070000000X,42.5,2018/8/25,330200,61fd2579-de0f-44f5-a44a-93cbfa4e8026
宁波市,0000000S0000002Z000000070000000X,10,2018/7/25,330200,5c106b43-bb5d-4ee4-9754-7f5427b85e83
嘉兴市,0000001500000031000000070000000X,5.67,2018/10/15,330400,1e13fec6-7b2e-4636-a94e-53e174d342a8
杭州市,0000000M0000003V000000070000000X,10.67,2018/7/25,330100,6415b401-67a6-4152-abbe-91d8b4c3cb8d
湖州市,0000001K00000031000000070000000X,3.5,2017/3/25,330500,bd51d35d-020a-49a3-92f1-5851a54be2d4
湖州市,0000001200000031000000070000000X,5.5,2018/2/5,330500,5267dfd5-8796-4c5e-8d3f-d1bfd26164df
丽水市,0000000J0000003Q000000070000000X,37.33,2017/5/5,331100,fe2954bf-effb-41a5-a4d0-cbaac9f81b91
嘉兴市,0000000G0000003F0000000700000010,9.5,2017/10/24,330400,c30ea64f-091e-4f2f-8d6f-9ca3b6ccdf2d
绍兴市,0000001700000031000000070000000X,2.17,2017/10/15,330600,4d250cae-44d0-42ca-811e-c4d1b83dceb0
丽水市,0000000P0000003E0000000700000010,5.2,2018/9/18,331100,2336cb5a-c344-42c2-b584-33ae641e137a
台州市,0000000C0000002Q000000030000000X,63.33,2017/5/5,331000,d56274f2-1c76-48a4-bf16-e719d7231845
台州市,0000001Z00000036000000070000000X,6.33,2017/6/25,331000,af6a557d-e9c6-4b66-95d2-d91636c492a7
台州市,0000001A00000031000000070000000X,4.83,2017/2/25,331000,9f240e60-54f4-4132-990a-5d1cd71d28f6
湖州市,0000001Z00000036000000070000000X,5.67,2018/6/25,330500,93f07424-fd91-40ab-98da-8f6543dc883e
衢州市,0000000H0000003N000000070000000X,13.67,2017/12/25,330800,1a70270c-c0a5-43b3-9a7a-36719f2e75c0
嘉兴市,0000000G0000003F0000000700000010,10.1,2018/12/25,330400,e20d620d-1f49-4515-a3a9-d0770a4809cd
衢州市,0000002P0000007W000000070000000X,2.5,2017/1/25,330800,44e7ecde-82d0-4d30-b6bf-1bb9498435de
嘉兴市,0000000H0000002T000000070000000X,18,2017/9/5,330400,931c7e56-c09c-4ae8-b986-246aeb9f62d5
金华市,0000000H0000002T000000070000000X,16.33,2018/12/15,330700,adcfea78-a79d-4ad7-9e34-119c2df473ff
绍兴市,0000001A00000031000000070000000X,5.17,2019/3/15,330600,cfdfc05e-507b-4d47-a679-7300be994b18
宁波市,0000002200000038000000070000000X,4.27,2018/9/25,330200,64b36017-6bed-425b-bb6f-aa7f39528ae0
台州市,0000000G0000003F0000000700000010,9.2,2017/11/7,331000,e047c4b3-9239-4690-9764-53346cc6f8d4
嘉兴市,0000000C0000002Q000000030000000X,68.33,2018/7/5,330400,4aee71c3-9570-4116-9707-df5ffdf8fb4e
衢州市,0000000C0000002Q000000030000000X,70.33,2018/9/5,330800,3ebee14b-96cb-468d-8f4f-25ca80db3f6a
绍兴市,0000000P0000003E0000000700000010,4.7,2017/12/5,330600,8bc9eb26-795f-4660-98aa-12b262846553
湖州市,0000001E00000031000000070000000X,5.5,2018/6/25,330500,efb096b2-b734-417e-9cd1-f74ece929272
金华市,0000002200000038000000070000000X,3.17,2018/3/5,330700,de047d84-6cbe-49d6-8063-93a0e3617904
浙江省,0000001K00000031000000070000000X,2.81,2017/4/5,330000,9d30ad1b-3df2-4e60-8dfb-b3e93e95713d
宁波市,0000001500000031000000070000000X,5.87,2018/12/5,330200,35df2d7a-481c-436b-9054-226f725a668e
嘉兴市,0000000P0000003E0000000700000010,4.43,2018/5/15,330400,f5262863-8507-4ede-812e-92ae95294e83
丽水市,0000000P0000002W000000070000000X,5.53,2018/1/25,331100,02d47417-17ff-4dd1-9057-b296ccf30e00
温州市,0000001500000031000000070000000X,4.5,2018/7/5,330300,feef7675-50ce-414e-b310-6ab1bb41e038
台州市,0000000H0000002T000000070000000X,13.67,2017/4/25,331000,2d7e61a4-00ad-45b0-8850-1be537deb902
宁波市,0000003100000081000000130000000X,175.33,2017/8/25,330200,6080a858-1407-4232-a67c-18a2a6e8d03c
衢州市,0000003100000081000000130000000X,86.27,2019/1/5,330800,8b932fa4-9be1-4838-a4ca-9cca04f4a8c7
浙江省,0000000G0000003F0000000700000010,9.76,2018/8/21,330000,35fe59f8-56ac-49b9-8a13-2f169a834dba
浙江省,0000002P0000007W000000070000000X,2.87,2017/1/25,330000,672177dd-08f7-480a-9d7b-fbdfa5396823
宁波市,0000000M0000003V000000070000000X,14.5,2017/5/15,330200,81f7bfdf-1f6e-4c58-8301-af824b74cbb0
宁波市,0000000Z00000031000000070000000X,6.4,2017/7/25,330200,f1274c5a-1ddf-439f-a5e4-6ffdbc881f5e
台州市,0000000P0000002W000000070000000X,3.67,2017/6/5,331000,0c0502b4-cfb6-405d-b81a-fd21f3b9ca17
金华市,0000000H0000002T000000070000000X,12.83,2018/7/5,330700,758b1deb-fca8-4d22-b098-f9176b40216a
宁波市,0000000P0000002W000000070000000X,6.1,2017/12/25,330200,43c1861c-8358-4bcc-b413-a7e3443b6467
温州市,0000000D0000002R000000030000000X,46.67,2016/12/15,330300,f2ee9d19-f8cb-447d-bec9-e5841b17abcf
丽水市,0000003100000081000000130000000X,84,2018/9/5,331100,f689c408-1fdc-4554-b53f-7240d4c3b49b
温州市,0000001Z00000036000000070000000X,7,2019/2/15,330300,30ac472d-21fe-48ff-a4b3-6abd56149a52
杭州市,0000001400000031000000070000000X,5.83,2018/12/15,330100,65e166d5-177a-496e-9081-3a011fdf4748
杭州市,0000002U0000007X000000070000000X,4.27,2017/9/15,330100,18b729f2-3f39-4dcb-8864-1993239fb397
台州市,0000001K00000031000000070000000X,2.67,2018/5/25,331000,cc8d8e18-5eb9-45d8-ae09-1af9ff67a499
温州市,0000001200000031000000070000000X,5.33,2018/8/25,330300,1ce9611e-4968-432d-914e-e0af0272410a
浙江省,0000001A00000031000000070000000X,4.85,2017/7/25,330000,3f1edd7e-67fd-42ea-a0ae-35d625090d69
衢州市,0000002P0000007W000000070000000X,3.06,2018/2/5,330800,e19d8037-41e5-4e51-ae81-0ad6eccceab7
宁波市,0000000H0000003N000000070000000X,15.17,2017/2/5,330200,1c22b304-dc5a-4efa-b565-3710c0e424b8
湖州市,0000001A00000031000000070000000X,7.5,2018/4/15,330500,c2d8fda0-e7e7-4628-9333-a0e8ac77fc39
温州市,0000000G0000003F0000000700000010,10.08,2018/11/27,330300,00fb366a-240e-42c1-9bf3-6024a4c1d1ef
金华市,0000001500000031000000070000000X,5.17,2019/1/5,330700,7b3d7aaa-e340-48e0-8817-269cbc353c24
杭州市,0000000H0000002T000000070000000X,16.17,2018/6/5,330100,3388a440-d1d0-48da-a3fd-15db5d09d668
台州市,0000002U0000007X000000070000000X,4.5,2018/3/5,331000,ac1a0fb5-0e8c-4d4d-9701-f6179af8339e
浙江省,0000000M0000003V000000070000000X,12.66,2019/1/5,330000,eadea1ac-69b7-47c7-81ef-c8f454c0b54d
湖州市,0000003100000081000000130000000X,72.3,2018/6/25,330500,283efb5f-b83b-4fdd-a409-ded7f86b367d
杭州市,0000000G0000003F0000000700000010,9.74,2017/12/12,330100,67d268c8-cc41-4193-9706-02cb303ba56f
湖州市,0000000G0000003F0000000700000010,11.1,2017/3/14,330500,0f4028a1-284f-4fa2-b415-be159a07603b
湖州市,0000001Z00000036000000070000000X,5.67,2017/11/25,330500,8103b972-b49b-4e5b-9502-dc9b8bf0c42e
嘉兴市,0000000P0000002W000000070000000X,5.4,2017/10/15,330400,1525a4bd-b354-49ee-ba11-9b716e621df8
金华市,0000000D0000002R000000030000000X,40.17,2018/8/5,330700,fb5d4c96-5239-4a88-9881-a9dd0d87e3ad
绍兴市,0000003100000081000000130000000X,66,2017/6/25,330600,5bd17ffe-620d-481b-9e52-152952464513
嘉兴市,0000000J0000003Q000000070000000X,40.67,2017/4/15,330400,3ddc0551-ee60-4564-a024-6c05a135dac5
浙江省,0000002U0000007X000000070000000X,4.3,2018/7/5,330000,5f2404f8-08cb-4d6b-9aed-c41db8582472
丽水市,0000001A00000031000000070000000X,5,2018/12/15,331100,6be2a285-78d8-4516-b361-200d90123cfe
舟山市,0000000D0000002R000000030000000X,44.3,2019/2/15,330900,cbd1c20d-f23f-4a4b-9758-b020e4609b2e
衢州市,0000001Z00000036000000070000000X,4.67,2017/12/5,330800,90995667-c6a3-434e-bbd3-88e93f4e3c90
金华市,0000000J0000003S000000070000000X,34.33,2017/11/15,330700,70b0a988-2986-4aad-b956-179d6ea999b7
金华市,0000001200000031000000070000000X,3.5,2018/1/15,330700,40c3fc6e-30b2-46fe-8ee4-33ae3b4b4e97
台州市,0000000M0000003V000000070000000X,10.33,2017/5/5,331000,142b957c-13b9-43e9-9391-d33d8696f880
湖州市,0000002P0000007W000000070000000X,3.89,2017/9/25,330500,cd87805b-511f-4ceb-bed3-f2b7ced10e07
杭州市,0000000K0000003U000000070000000X,35,2018/2/15,330100,cf2bf9bd-e04e-4a5e-894c-3f6ee9f2ddb5
衢州市,0000000H0000002T000000070000000X,19.33,2018/8/15,330800,066c5532-2650-43d2-a0f2-0a5f8e0611cf
金华市,0000001200000031000000070000000X,3.17,2017/7/25,330700,8b5dbcc5-0d66-451a-ac80-1482c45603aa
台州市,0000000S0000002Z000000070000000X,9.5,2017/2/5,331000,6e753d01-bfdf-49cc-b6c1-1f277d311d51
金华市,0000000G0000003F0000000700000010,9.2,2017/7/4,330700,f4212f49-833a-4e11-a45f-2e44bb3c01a2
温州市,0000000H0000002T000000070000000X,17.33,2017/11/5,330300,ef2a0a4a-4da9-4fc9-9323-c8baf33c188c
金华市,0000000M0000003V000000070000000X,12.33,2017/9/15,330700,985de1d9-8623-40ee-8c9e-e8d1a16b7e53
衢州市,0000001E00000031000000070000000X,5,2017/9/25,330800,ad1b8715-1e68-45a5-b733-2132f86d3c81
丽水市,0000000X0000007T000000070000000X,43.33,2019/2/25,331100,d1b336ef-06b8-433d-a276-891d0f3d6b9b
温州市,0000000X0000007T000000070000000X,34,2017/11/25,330300,46986d49-ceb9-4470-a374-6e6d1dd21d4a
嘉兴市,0000002U0000007X000000070000000X,3.83,2018/10/25,330400,98f005a5-924d-4174-94a3-28f83680a3ee
宁波市,0000001200000031000000070000000X,4.73,2018/5/5,330200,d8380770-2738-4b73-ab5d-33ef3bc61ceb
温州市,0000000H0000002T000000070000000X,21.33,2018/10/25,330300,5cd2f3ca-10bf-47aa-a1ea-f5c844039207
金华市,0000000H0000003P000000070000000X,17.5,2018/6/25,330700,b05ed39e-4cd9-4baf-a3e9-ed140304836f
杭州市,0000000Z00000031000000070000000X,4.17,2018/4/15,330100,be2ed0a0-8616-43f4-9995-75fa3c200438
绍兴市,0000000H0000002T000000070000000X,16,2016/12/15,330600,67087bf3-e3cf-4b23-82ba-8659fe1928fe
湖州市,0000000D0000002R000000030000000X,38.67,2017/5/5,330500,b5171904-9e84-45a9-9600-ae8c40ed020c
湖州市,0000000G0000003F0000000700000010,9.4,2017/10/24,330500,e89ea0f0-eee4-470c-94c8-d12ecf223973
金华市,0000000S0000002Z000000070000000X,7.67,2018/10/5,330700,54d9fd98-f95c-4fe5-a85a-de6e477a020a
绍兴市,0000000X0000007T000000070000000X,46.67,2019/1/25,330600,4bc69878-1a69-4f32-9dc9-d59569313b99
杭州市,0000001500000031000000070000000X,5,2018/12/25,330100,d7164df4-8d0c-497b-8d4d-5779e36e43e7
宁波市,0000002200000038000000070000000X,4.17,2019/2/5,330200,2521a023-c686-4d46-a25e-864d5a3ffcfd
台州市,0000002200000038000000070000000X,3,2018/10/5,331000,5ef5120d-5642-4e38-9254-5cbafc57439e
台州市,0000000P0000003E0000000700000010,4.73,2017/8/29,331000,072935e7-a6d2-463d-b4d9-f1938b7a9d3b
宁波市,0000001A00000031000000070000000X,4.07,2017/4/25,330200,295161bb-9dd1-4db7-8b2c-fdfef6f797c8
浙江省,0000000D0000002R000000030000000X,43.22,2018/5/5,330000,9ff6a404-a502-4c62-9a29-f145696fd1c8
湖州市,0000000J0000003S000000070000000X,34.67,2018/5/15,330500,5ad2b11e-54c7-43a3-b3d3-234ab6b29bf2
嘉兴市,0000000H0000003N000000070000000X,15,2017/12/15,330400,d243e1fd-b903-4ede-814b-86adb62dd04d
宁波市,0000000G0000003F0000000700000010,8.58,2018/3/6,330200,8a0affb6-3470-4194-a618-0dce854b7f9f
湖州市,0000000H0000003P000000070000000X,18.67,2017/3/5,330500,18bd7d2f-f715-4f12-aa0a-2afe552510ba
浙江省,0000000J0000003S000000070000000X,34.64,2017/6/5,330000,1537f6b5-a54d-44ae-a9ab-ee90fe97a9d8
浙江省,0000001400000031000000070000000X,6.28,2018/4/15,330000,10b02f78-5ff7-448e-ab62-27475e79736c
衢州市,0000000P0000003E0000000700000010,4.25,2017/8/8,330800,6829e9a4-977d-44c7-a60f-a54fc442747d
杭州市,0000001500000031000000070000000X,4.83,2017/11/5,330100,5212f60c-1f45-489d-a874-466a72226df3
杭州市,0000000J0000003S000000070000000X,35.5,2017/3/25,330100,525fafa3-f141-48db-a3df-d922d5dbde74
丽水市,0000000P0000003E0000000700000010,2.7,2017/4/25,331100,0ec9f426-4106-444d-837f-1b51b0b468d6
丽水市,0000001500000031000000070000000X,5,2017/2/15,331100,35063806-749a-4dc0-be44-e66d86c4b09f
丽水市,0000001A00000031000000070000000X,6.67,2018/2/25,331100,11567add-7bb6-4970-b76a-1e9fbca9db2f
金华市,0000000M0000003V000000070000000X,12.33,2017/6/15,330700,f5705e87-7386-4486-982d-3d4565915833
台州市,0000000D0000002R000000030000000X,40.33,2017/4/15,331000,a9de4d83-45ff-48d3-a97e-93155012986f
丽水市,0000001E00000031000000070000000X,5.83,2018/9/25,331100,e55b072b-6907-4534-92ab-2b6026a36c81
嘉兴市,0000000Z00000031000000070000000X,4.67,2018/6/25,330400,870277cd-0617-4e69-91ae-5b136aeb39ba
丽水市,0000001K00000031000000070000000X,4,2018/2/5,331100,9d8eff7f-86b9-4f11-968b-aea080c7f3d0
衢州市,0000001200000031000000070000000X,3.33,2017/5/15,330800,5a1502bb-d129-423d-8084-435ed242fca4
丽水市,0000000C0000002Q000000030000000X,70.23,2018/5/15,331100,3ddef845-5b13-4f04-87d8-d3963d28b48a
嘉兴市,0000000P0000002W000000070000000X,5.33,2019/1/25,330400,5bff4d09-4633-4a88-8d1e-ca27e7198633
衢州市,0000001A00000031000000070000000X,6.17,2019/1/5,330800,0c62ccf3-6a59-48b9-86b5-777375f5c0a6
宁波市,0000001200000031000000070000000X,5.53,2018/12/15,330200,9adec8b2-2570-4d00-a125-836107a17e27
舟山市,0000001K00000031000000070000000X,2.83,2017/5/25,330900,51efd4df-6a50-4afd-9a54-1648b5475e8c
衢州市,0000001400000031000000070000000X,4.83,2018/11/5,330800,24b85b0a-5a10-4532-ac90-f9ad6767a552
绍兴市,0000003100000081000000130000000X,66,2017/2/25,330600,a00b5dc7-2017-4811-82b2-701f0c8f0ae1
舟山市,0000001A00000031000000070000000X,6,2017/1/25,330900,0ed061f6-6b6a-4ddc-914e-c5ad2504673d
杭州市,0000000K0000003U000000070000000X,35.33,2018/3/25,330100,1317ffc2-4c26-4208-b33c-d7ed9bdd6d15
绍兴市,0000002P0000007W000000070000000X,2.33,2018/4/25,330600,ba7423d7-84b1-43bf-ac45-7fc61f5c4830
金华市,0000000D0000002R000000030000000X,44.67,2017/4/5,330700,53e5de9c-cdc8-4050-89b3-5f2806306fc4
杭州市,0000000J0000003Q000000070000000X,47.67,2019/3/15,330100,9e543c0b-50d3-4fd5-8814-c1ccba80c4cf
衢州市,0000000H0000002T000000070000000X,18,2017/4/25,330800,761a36d7-d921-4c9e-8c08-99c4f8be9cb4
温州市,0000000P0000002W000000070000000X,4.37,2017/3/25,330300,682d0469-7a07-43ed-95e0-e06547433bee
舟山市,0000002P0000007W000000070000000X,3.33,2018/11/15,330900,fcf2d3de-bbf6-4a82-abef-734255c47075
湖州市,0000001400000031000000070000000X,4.33,2017/8/5,330500,a057a4cd-3c1b-4726-9193-1a9b162d6e0c
温州市,0000001E00000031000000070000000X,4.83,2017/11/5,330300,90ca5f5f-436d-4b0c-9dda-ce009b7ffd78
金华市,0000000M0000003V000000070000000X,13.33,2018/10/25,330700,2427b35a-9730-42db-bd23-431316acc335
丽水市,0000000D0000002R000000030000000X,54.6,2018/4/25,331100,d1590329-7df2-4e9f-b649-379465ec121f
金华市,0000000M0000003V000000070000000X,13.33,2018/12/15,330700,2b1175b9-d9ef-4121-b5dd-92b893e56e15
衢州市,0000000H0000003N000000070000000X,12.67,2018/4/5,330800,07d3b625-f272-41d9-9c32-3863bd58b024
丽水市,0000000P0000003E0000000700000010,4.8,2018/11/13,331100,68789c55-6132-49ea-946e-3e7b9bc746b5
衢州市,0000001200000031000000070000000X,3.5,2016/12/25,330800,143660d3-8571-4bb6-921e-a9e9708d5e9a
金华市,0000001400000031000000070000000X,4.17,2018/5/25,330700,4f0b61ca-c887-425e-bfa9-4cbb93e1162f
台州市,0000002200000038000000070000000X,2.83,2018/5/5,331000,f9cba64b-f48e-4231-9c12-9125ef3faca8
浙江省,0000001200000031000000070000000X,3.89,2018/11/15,330000,a0a14aa7-a96d-44da-98e3-7a51075a14cb
嘉兴市,0000000H0000002T000000070000000X,17.67,2017/4/15,330400,ef6dd6ef-e3e3-4348-ad45-50250fc7732d
嘉兴市,0000001E00000031000000070000000X,5.67,2016/12/15,330400,ac1284a7-6f41-4f95-9039-113a83ce45b5
浙江省,0000000P0000002W000000070000000X,5.68,2018/11/25,330000,043c7076-fa6e-46aa-bfc8-a87c2f1c69db
湖州市,0000000H0000003N000000070000000X,13.33,2019/2/25,330500,8689ab88-4a73-4209-bbf4-14a054211490
温州市,0000000K0000003U000000070000000X,45,2018/3/25,330300,39b9c902-7ffc-459f-99b9-b7d079683409
绍兴市,0000000C0000002Q000000030000000X,57.67,2019/1/25,330600,9d2bcdf6-6205-460e-a36d-5f3459817764
台州市,0000000P0000002W000000070000000X,5.17,2018/12/5,331000,204cc0a1-0b71-4dab-ae60-26163e04b8c9
丽水市,0000000D0000002R000000030000000X,54.6,2017/8/25,331100,aaea05bd-18a9-4734-baea-17fcfd8b34cd
宁波市,0000003100000081000000130000000X,173,2017/1/25,330200,7fe6e671-d412-4021-b1b8-4b97af90dc67
宁波市,0000000D0000002R000000030000000X,44.43,2017/11/25,330200,78d4af31-0220-4c8b-b7fa-57ec41690888
宁波市,0000000H0000003P000000070000000X,26,2018/8/25,330200,975f9283-d1b5-4c3b-bd01-62bee9d7c7fa
衢州市,0000001700000031000000070000000X,2.33,2018/10/25,330800,ee804d2a-4858-4306-934d-b837ac3f0831
衢州市,0000000D0000002R000000030000000X,39.67,2017/3/15,330800,e9e052b1-f5f8-4979-9e4e-4d716849b799
嘉兴市,0000000S0000002Z000000070000000X,9.33,2018/3/25,330400,181841dc-94a2-49f0-92ae-84c1570b2746
金华市,0000000P0000003E0000000700000010,3.2,2017/6/20,330700,3ce18ca3-f523-4af0-8abf-0a14397be4d7
杭州市,0000000H0000003P000000070000000X,19.83,2018/7/5,330100,1ce6c0e0-4785-4a3e-9682-d86761eb5955
杭州市,0000000C0000002Q000000030000000X,63.33,2019/3/15,330100,714cafb5-25d4-4a84-bb03-4c1e2b796d46
舟山市,0000000P0000002W000000070000000X,4.17,2017/6/5,330900,6dc16d59-6694-4a28-b8ce-5203fa44fa9c
丽水市,0000001400000031000000070000000X,6.17,2019/1/15,331100,6ce2af9b-27e8-463f-8217-de964cefdf0f
衢州市,0000001E00000031000000070000000X,3.5,2017/3/25,330800,4c963443-e7ae-419d-8c40-76a88ee596f4
宁波市,0000001500000031000000070000000X,5.4,2019/3/5,330200,c7bea154-f542-49bd-acda-f66de52d80ac
浙江省,0000000P0000003E0000000700000010,4.58,2018/12/11,330000,f46bd410-8571-4f12-84b7-a4b7ffc3998f
金华市,0000002200000038000000070000000X,2.5,2017/11/25,330700,876c5a06-406b-418e-b7d9-c5b291121152
宁波市,0000000G0000003F0000000700000010,7.41,2018/4/24,330200,13a0de3a-954e-4c24-b0e9-79f094ca9f34
浙江省,0000000H0000002T000000070000000X,17.79,2018/10/25,330000,4a0e1247-4c86-4944-af7f-62b68443b05b
金华市,0000002U0000007X000000070000000X,4,2018/5/15,330700,55570f22-b0ba-4fdc-924e-7db70664884d
嘉兴市,0000000J0000003Q000000070000000X,40.67,2017/8/5,330400,a13555ac-3e23-4f82-b587-1d10dac1a3ec
浙江省,0000000C0000002Q000000030000000X,64.36,2017/3/25,330000,33caf8b5-08a1-4ffa-98f8-ba0d846a4185
温州市,0000001400000031000000070000000X,4.5,2017/6/15,330300,088fc87f-e18f-4452-98f4-a6e62467f7fe
嘉兴市,0000002U0000007X000000070000000X,4,2017/10/5,330400,d7158a54-1d39-4f15-a67b-1693e54b579e
湖州市,0000000C0000002Q000000030000000X,57.67,2018/1/5,330500,35308527-5a89-4446-a6da-b336b262e73b
绍兴市,0000000M0000003V000000070000000X,10.17,2017/9/5,330600,b47ee64a-7937-4494-a556-825195e2b062
湖州市,0000000H0000003N000000070000000X,15,2017/3/15,330500,21d9976f-6b34-4d65-b285-7d48d7655f84
浙江省,0000003100000081000000130000000X,86.31,2018/8/5,330000,62d37088-b60a-4a58-a266-8ed13ed5b387
台州市,0000001400000031000000070000000X,5.33,2018/11/5,331000,f67dbfcf-6b22-4d6c-b4b5-4469aade1083
湖州市,0000000P0000003E0000000700000010,5,2019/2/5,330500,2007d31f-37e0-4018-90df-51ca9c52d49d
浙江省,0000002200000038000000070000000X,3.18,2017/2/25,330000,01dbf6fe-5f07-4133-83fb-dbd4761b70c1
宁波市,0000000G0000003F0000000700000010,9.33,2017/6/20,330200,3c9d842a-98d4-4c62-b46c-461396e8472e
杭州市,0000001K00000031000000070000000X,3.33,2017/2/25,330100,0c3882f4-8111-4c06-8922-48696a94a1c6
嘉兴市,0000000H0000003P000000070000000X,22.33,2016/12/15,330400,6af731bc-d5ef-42dd-a75a-cfe70c7007d6
丽水市,0000000H0000003N000000070000000X,15.67,2017/1/25,331100,2aac3902-9450-452e-b0be-4aabd4a95df6
衢州市,0000000P0000003E0000000700000010,4.4,2018/7/24,330800,1fffb6a0-2ef2-493c-99e7-efc2927793cb
温州市,0000002P0000007W000000070000000X,2.5,2018/8/15,330300,a3366fe1-a53c-49d1-83f2-5a85fa98bfd9
杭州市,0000001500000031000000070000000X,5.83,2019/3/15,330100,2e4f577e-709b-4f9d-bcd4-43faf267f68b
温州市,0000001500000031000000070000000X,5.5,2019/3/15,330300,66680dcc-7541-4f85-a0f9-ee6ae34f706f
台州市,0000001A00000031000000070000000X,5.17,2018/1/15,331000,3345a505-ac00-49f8-8060-62d69fef737e
丽水市,0000000C0000002Q000000030000000X,70.23,2017/2/25,331100,6cbf475b-cc89-4707-966a-7b45e61ecb20
绍兴市,0000001200000031000000070000000X,3.67,2017/10/15,330600,78b6ec79-4dba-45aa-bc85-f43ab09a1d2b
衢州市,0000000H0000002T000000070000000X,19.67,2017/1/25,330800,729a15d7-5477-4644-83f5-424036e69a0b
宁波市,0000002200000038000000070000000X,3.83,2017/10/5,330200,9b0dd964-e0ed-414c-b1a8-78f949af8a74
金华市,0000001200000031000000070000000X,6.67,2018/2/25,330700,f0b5f9ed-ab4c-4d61-be76-757e27d60f31
温州市,0000000K0000003U000000070000000X,45,2018/5/25,330300,11364286-ce81-4e1b-aa98-eec17ed1b2b4
宁波市,0000000K0000003U000000070000000X,32.5,2017/5/5,330200,8ecfe626-a31c-4a8b-8e95-1940e98368cb
丽水市,0000002200000038000000070000000X,3.16,2018/2/5,331100,10281f67-0675-46bd-a4ad-e13b31a565c3
温州市,0000000P0000003E0000000700000010,4.23,2017/11/14,330300,7faebe03-7442-4ab7-a86e-b18bfb1d9373
衢州市,0000000P0000003E0000000700000010,3.9,2018/3/13,330800,ae6cb4cf-85f2-49ff-9ff8-32184e78c849
湖州市,0000000S0000002Z000000070000000X,9.33,2018/2/5,330500,9f2e5a18-3016-4ac1-b848-20b0bcfe59dd
舟山市,0000000M0000003V000000070000000X,13.67,2019/1/25,330900,edce78a4-c552-44b8-af04-699e9b3a525a
嘉兴市,0000000P0000002W000000070000000X,4.93,2018/6/25,330400,84a92889-8b02-42c4-9453-f3c5ec932ba0
丽水市,0000000J0000003Q000000070000000X,43.33,2019/2/15,331100,653bd7c2-3b01-4398-ab84-883c166a1c9c
金华市,0000002200000038000000070000000X,3.5,2018/10/25,330700,eacde5d7-c93f-41b8-af59-5f491e56364f
绍兴市,0000000X0000007T000000070000000X,39.67,2018/6/25,330600,9732b9b3-20c3-47a7-ad81-32169ca10a95
台州市,0000000H0000003P000000070000000X,27.33,2018/10/15,331000,276f7c3e-faf4-4897-8145-6b87f347ccdf
湖州市,0000001200000031000000070000000X,5.17,2018/3/5,330500,028a0f6b-b455-4e31-bbe3-44dd1d236b38
温州市,0000001400000031000000070000000X,6.83,2019/1/5,330300,e1a875a9-290a-42f5-9ec0-9b9e555a56f6
湖州市,0000000D0000002R000000030000000X,36.33,2018/7/15,330500,ecfa0499-cf5a-4095-99f9-277f230a985b
衢州市,0000000H0000003P000000070000000X,22.33,2016/12/15,330800,3f846de2-7179-44af-9c67-0c0feb976297
宁波市,0000000H0000003P000000070000000X,27.5,2017/4/15,330200,0bb5b841-7108-4e38-8df5-69c39fc9e0b1
绍兴市,0000001K00000031000000070000000X,4.17,2018/9/5,330600,50412d9e-a923-4ae4-a45b-2488727f2097
衢州市,0000002200000038000000070000000X,2.67,2018/7/25,330800,50a6a024-989d-4dd6-8c67-3f5e1198a816
金华市,0000001400000031000000070000000X,9.33,2019/2/25,330700,c163d60b-eb58-402d-ab3f-064ff52ce3d3
丽水市,0000000X0000007T000000070000000X,42,2017/8/15,331100,8bcd8215-65bd-4bd0-ba58-6e773771cf7e
绍兴市,0000000M0000003V000000070000000X,9.67,2017/1/15,330600,33ee9225-d924-4c70-a718-fea181ce5bbd
绍兴市,0000002P0000007W000000070000000X,2.33,2018/11/5,330600,142e74bb-161d-4ecb-a09e-8e5147a4c7b2
金华市,0000000S0000002Z000000070000000X,7.33,2018/1/5,330700,3242e7d0-25af-40fd-b57f-5982bf568a26
台州市,0000000G0000003F0000000700000010,10.8,2018/1/9,331000,5d8e76e7-63e3-45b7-9f9b-2d4a0acbbc09
杭州市,0000000M0000003V000000070000000X,10.5,2017/7/25,330100,f5454921-1984-4124-9271-973d7035ea97
温州市,0000000X0000007T000000070000000X,55,2017/5/5,330300,6b1781e4-50ca-43a1-b796-9ab90d4a8c95
杭州市,0000000H0000002T000000070000000X,16,2018/7/25,330100,fdb9049f-4f64-4eff-af0b-2b76958d2c8f
温州市,0000001Z00000036000000070000000X,6.67,2019/1/25,330300,05301853-4c91-4573-a5e6-cdd0ba35e43d
衢州市,0000002P0000007W000000070000000X,3.06,2018/4/25,330800,9a6be487-d441-4bb5-9e1f-07644a4a6bca
杭州市,0000001E00000031000000070000000X,5.33,2018/2/15,330100,64b5d9c4-4213-435f-b10f-736b43b0180e
浙江省,0000000K0000003U000000070000000X,38.81,2018/12/25,330000,9d5ea461-d6ca-4263-9e9a-07729f15a965
金华市,0000000G0000003F0000000700000010,9.7,2017/10/10,330700,18a7e09d-5013-4d20-bb04-9eacd54c3c99
宁波市,0000001500000031000000070000000X,4.27,2018/8/5,330200,9fffb67e-7ef4-443a-9605-c1fe84c14afc
舟山市,0000000J0000003S000000070000000X,33.67,2017/6/5,330900,6f835bcc-9d29-459e-ba8a-4a7a8db09377
金华市,0000000P0000003E0000000700000010,2.5,2017/4/25,330700,5c6a584a-d48f-4512-8733-15494ba3e76c
绍兴市,0000001K00000031000000070000000X,3.83,2018/8/5,330600,70fa08e4-2413-44c4-8fe8-bbd9f301f43b
宁波市,0000000J0000003Q000000070000000X,41.67,2018/4/25,330200,e471de58-c902-4e0e-bfb2-1d75260ee7e2
舟山市,0000000H0000003P000000070000000X,24.67,2017/11/15,330900,c27449f8-54ef-4592-99b9-68aaa0fddb08
台州市,0000001E00000031000000070000000X,3.67,2016/12/25,331000,2016db5e-de91-4f18-88aa-3cc43f99fe1d
绍兴市,0000000H0000003N000000070000000X,15.33,2018/12/15,330600,513be194-78a2-4d72-a5fa-3e90535b4687
温州市,0000000D0000002R000000030000000X,46.67,2017/6/25,330300,d1141e54-08d1-4220-9ffa-1f718afef52c
舟山市,0000001200000031000000070000000X,5.67,2018/2/25,330900,e4545922-3394-4e89-b09b-1eabf8f195e1
绍兴市,0000001400000031000000070000000X,5.17,2018/10/15,330600,83748300-b39b-4086-b066-7f00d2275002
宁波市,0000000S0000002Z000000070000000X,10.33,2017/12/5,330200,1268f470-40b9-4edf-9769-15f0843b7f07
丽水市,0000001200000031000000070000000X,4.33,2018/2/5,331100,0aa2712e-ed64-4d3b-9581-4d45ec6181c4
金华市,0000000P0000002W000000070000000X,5.33,2019/1/25,330700,acc6a8e2-d77a-4b66-9898-d5819a4576a7
衢州市,0000000H0000002T000000070000000X,20.67,2019/3/15,330800,3fbf593a-daa5-491a-81b4-549fa2500b0f
台州市,0000000J0000003S000000070000000X,33.33,2017/1/25,331000,1d8bf40e-9191-4372-a24c-dd2ee3dd38f3
宁波市,0000000M0000003V000000070000000X,14.67,2017/1/15,330200,6c12cd8a-de7b-4e6b-a377-2fb049140b4b
宁波市,0000000J0000003Q000000070000000X,40,2018/1/5,330200,ba0bc201-1a2e-4f69-90ad-f4a6d0c7ed48
金华市,0000000H0000003N000000070000000X,12.67,2017/12/5,330700,8083b7fd-7856-4ab1-af02-bfedc6703507
台州市,0000000X0000007T000000070000000X,30,2017/3/25,331000,0628983c-541c-48eb-bceb-14090da3edf0
杭州市,0000002200000038000000070000000X,3,2017/12/25,330100,62b5547b-534c-4948-aa87-528dacbb25d6
宁波市,0000001200000031000000070000000X,5.83,2018/10/15,330200,44c3ba12-0e87-4f3b-9bc4-14b1378e7f61
金华市,0000002P0000007W000000070000000X,2.9,2017/1/15,330700,de134312-9933-4e85-9f01-301b816e59b5
杭州市,0000000P0000002W000000070000000X,5.5,2019/2/25,330100,5f872e40-47ad-42dc-b6f1-728b1feaf44f
嘉兴市,0000001400000031000000070000000X,4,2018/8/5,330400,6f616038-8c08-4a75-96e0-da1e24b8e4ef
丽水市,0000001Z00000036000000070000000X,5.16,2017/12/25,331100,4c445d3c-182e-4cc4-b2af-dddc2c0aa9bd
丽水市,0000001K00000031000000070000000X,4.33,2017/10/25,331100,b6f89f16-d953-4862-b7b6-df3566f43520
舟山市,0000002P0000007W000000070000000X,3.1,2017/3/25,330900,cbe34b4b-25aa-4776-943f-291fb301a1a9
浙江省,0000000D0000002R000000030000000X,43.73,2017/8/15,330000,26a29521-012c-46c3-a492-f676f70a33ef
台州市,0000001400000031000000070000000X,5.33,2017/4/5,331000,cdef69b8-03d1-4fed-83bd-5d5701a55c04
绍兴市,0000002U0000007X000000070000000X,4.33,2017/4/15,330600,2697a243-9d20-49d5-81cd-0fb530a1cf70
台州市,0000000J0000003Q000000070000000X,39.33,2018/9/15,331000,02a7e3fe-b2da-463c-a3dc-a4ee26ea9daf
湖州市,0000000H0000003P000000070000000X,17.67,2018/5/5,330500,226c042a-3433-49c3-8287-980852e03581
浙江省,0000000P0000002W000000070000000X,5.33,2018/3/25,330000,4a7707ab-2adb-4309-9aa6-aea735aebe50
丽水市,0000000H0000003N000000070000000X,12.33,2018/4/5,331100,17ffe3f7-9b7b-4ee6-9940-c150232eda4f
衢州市,0000000G0000003F0000000700000010,9.1,2018/2/13,330800,bbdbaec9-0201-496a-a4a2-6306a784c7b1
金华市,0000000H0000003N000000070000000X,14.33,2017/4/5,330700,57df4e5f-8ace-4b5e-b687-bcff562c519c
嘉兴市,0000000P0000003E0000000700000010,3.43,2017/6/27,330400,24d751a0-fbc6-46d8-ad38-d514b13bcd94
湖州市,0000000S0000002Z000000070000000X,9.33,2018/3/15,330500,ee14ff81-e970-4885-bc7f-30ecdecbe1de
温州市,0000000P0000003E0000000700000010,3.8,2018/5/8,330300,1586a51d-86d0-477f-9b1a-e8047df3cf06
浙江省,0000000P0000003E0000000700000010,4.37,2019/1/29,330000,73b90f42-2484-4c62-9b1d-5b81d7b38c93
湖州市,0000000K0000003U000000070000000X,0,2019/3/15,330500,90e1c613-d565-4fe1-824c-ceddcc44c61f
丽水市,0000001E00000031000000070000000X,2.5,2017/2/5,331100,eeff38c5-7de7-43a1-b20c-d83325d64692
温州市,0000000D0000002R000000030000000X,47,2017/2/25,330300,82373e5d-18a0-427c-98d5-5a17f0ec3878
金华市,0000000P0000002W000000070000000X,4.83,2019/3/15,330700,4b551ab4-807b-4fd7-870d-2e54bee6d25e
衢州市,0000001700000031000000070000000X,3.17,2017/4/15,330800,f6889730-14e3-47fd-8309-1ea1b9171db2
温州市,0000000H0000002T000000070000000X,21.67,2019/2/15,330300,d5c18701-8a19-4998-978e-f4db7661ed35
绍兴市,0000000X0000007T000000070000000X,42.33,2018/1/15,330600,4f5724df-1460-4feb-9345-68232051eaaa
台州市,0000000P0000003E0000000700000010,4.02,2018/4/24,331000,cac69069-966d-4d96-a246-ad535c253e53
湖州市,0000000J0000003S000000070000000X,34,2017/3/25,330500,ffd893c9-a8c7-4f2e-ad02-fe205a1adb0f
台州市,0000001Z00000036000000070000000X,6.33,2019/1/5,331000,60bebf25-b5bf-4975-b094-daeb8555b8a8
宁波市,0000001400000031000000070000000X,5.57,2018/6/5,330200,aa6c9828-2e52-48c3-aabe-6ee20523da7a
浙江省,0000002200000038000000070000000X,3.29,2018/1/25,330000,afffa5ae-4a59-4e80-9d53-ea6b9508bec6
浙江省,0000002P0000007W000000070000000X,3.13,2018/12/15,330000,fb0db8b1-0cd3-42a4-ae7e-10163e06f3c3
嘉兴市,0000000C0000002Q000000030000000X,67.33,2018/7/25,330400,b5c6bca1-2946-4087-90c7-f2e8b0b80ca2
绍兴市,0000001200000031000000070000000X,3.83,2018/11/15,330600,ad5d7121-a523-4198-ac93-e4a1a2bcb9d2
衢州市,0000003100000081000000130000000X,93.27,2018/3/15,330800,5557397c-3d78-4fb6-94a7-6b17859833a5
舟山市,0000000H0000002T000000070000000X,15.67,2017/3/25,330900,2e86600b-8f43-4748-b0fe-f4d81539429c
浙江省,0000001E00000031000000070000000X,4.14,2017/11/25,330000,a1f2537d-5c4d-4ac5-b88f-5aeba055b224
金华市,0000001200000031000000070000000X,4.67,2019/1/5,330700,64b7bcba-21d3-4899-8dcc-a7fefaff65e8
湖州市,0000001700000031000000070000000X,3.17,2018/1/25,330500,aa3347fd-4711-4862-86ba-e2a936650eab
温州市,0000003100000081000000130000000X,63,2017/5/5,330300,d0f1f025-15e7-4c23-b7c2-9beaae6b0227
丽水市,0000000K0000003U000000070000000X,43,2018/12/5,331100,a9dfb861-d162-4d38-aab0-f6671637a2f5
金华市,0000001500000031000000070000000X,5.33,2018/11/15,330700,f14a65f8-2292-4d04-a1a9-ba0d349a33b9
杭州市,0000000Z00000031000000070000000X,5.5,2019/1/25,330100,707c3b13-a5d1-4dc8-a8af-f5bafefa43e1
浙江省,0000000G0000003F0000000700000010,7.09,2018/5/22,330000,48af5f31-4556-40eb-ba70-fca0ec064f12
绍兴市,0000002200000038000000070000000X,2.77,2017/6/25,330600,087bda0e-175f-46af-9490-4013b8a134b0
嘉兴市,0000002U0000007X000000070000000X,3.77,2019/1/5,330400,16b6da5e-eca0-46a7-b6ed-5b2ca074959a
湖州市,0000003100000081000000130000000X,77,2017/2/5,330500,a28032e5-e153-4bf3-9917-bf9326685e7f
丽水市,0000000G0000003F0000000700000010,7.8,2018/6/12,331100,4533a438-347b-42af-90a8-3a78f0305f76
湖州市,0000001500000031000000070000000X,5.5,2019/1/5,330500,fcd8900e-addc-4359-b8a1-1d44850d4aeb
台州市,0000000M0000003V000000070000000X,10.67,2018/3/25,331000,9e3a0778-8aee-4e7d-987e-33245e2deaad
丽水市,0000000H0000003N000000070000000X,11.67,2018/4/15,331100,fe9f6769-ca4c-4f34-af7d-6ad215513982
金华市,0000000P0000002W000000070000000X,4.77,2018/5/25,330700,02b3cd0f-d3e6-436f-8012-17c927ffe8e4
衢州市,0000001200000031000000070000000X,3.67,2017/11/25,330800,0c997e8c-13a1-470c-8201-a58b3ec9436b
衢州市,0000000H0000003P000000070000000X,25,2018/11/15,330800,150ad863-aa42-401e-bb08-393ab35209d2
台州市,0000000P0000003E0000000700000010,3.85,2018/6/19,331000,7ec3d1b2-a7c6-436b-92c0-2dc666a64348
台州市,0000000S0000002Z000000070000000X,9.5,2017/4/25,331000,035624a8-265c-48a3-8893-37a6cd104b2e
湖州市,0000000G0000003F0000000700000010,9.4,2017/11/14,330500,e6338caf-bca6-4faa-89d0-11be460b8a59
丽水市,0000001500000031000000070000000X,4.17,2018/1/15,331100,7fc8cd2b-f962-41fe-abda-99786739f7cf
衢州市,0000000P0000003E0000000700000010,4.5,2017/10/31,330800,6ff7860e-62ed-4829-a4c6-eab3516ac5a3
舟山市,0000000J0000003Q000000070000000X,39.67,2017/10/25,330900,2e9e4758-5c37-40ce-a71d-9e6b2bde975a
宁波市,0000000K0000003U000000070000000X,36,2018/12/25,330200,4629f5b5-12e7-4641-bf08-558d661c065e
杭州市,0000000X0000007T000000070000000X,39.33,2018/7/5,330100,8ced8942-c799-4ec3-9ff0-633b473b8565
舟山市,0000002P0000007W000000070000000X,3.33,2018/3/15,330900,0e5c22d3-0f9e-4ab3-ad7b-a8e54fbe05dd
丽水市,0000002U0000007X000000070000000X,4.66,2016/12/25,331100,41730263-e91d-4a78-a5ec-2ec0a26ec003
金华市,0000000H0000002T000000070000000X,15.83,2019/2/15,330700,5ba64953-1031-41c3-885d-df9f61f56054
衢州市,0000000Z00000031000000070000000X,2.83,2017/5/5,330800,bcce2443-dc8f-437f-a2e0-5593949436f2
宁波市,0000003100000081000000130000000X,138.33,2018/8/15,330200,9c1c1fe7-82ce-4902-8339-cc0e7d55a830
台州市,0000001700000031000000070000000X,2.17,2018/2/5,331000,6f4eb4db-374c-450c-bb6d-3fddca07ab26
嘉兴市,0000000J0000003S000000070000000X,32.33,2017/4/5,330400,6920eeca-71da-42df-b4ae-1927fe6beb0c
杭州市,0000000H0000003N000000070000000X,14.67,2017/9/25,330100,f518991d-7054-4a1c-9eea-2a2f89501088
丽水市,0000000K0000003U000000070000000X,44.33,2019/3/15,331100,ac948afa-33a6-4b7f-bf90-9f00fb9e20db
宁波市,0000001400000031000000070000000X,6.17,2017/9/25,330200,0114a4a9-4022-4c02-9507-f53ea4806b87
浙江省,0000000J0000003S000000070000000X,34.59,2017/8/5,330000,e62a63fa-a583-4db8-8ecd-4f852a4bed1d
舟山市,0000000H0000003N000000070000000X,16,2017/4/5,330900,c9edaa7b-9e18-4baa-929f-e1976e74166b
丽水市,0000002200000038000000070000000X,3,2018/1/15,331100,9d6ae9a3-56ae-4b1f-b464-0af4e46c80c9
台州市,0000000G0000003F0000000700000010,9.4,2017/7/18,331000,348505d1-cc22-47aa-bc96-2998c916650f
台州市,0000002200000038000000070000000X,2.6,2017/7/15,331000,e6e42ded-3b74-41e8-8146-ca5d64c9996d
舟山市,0000000Z00000031000000070000000X,4.83,2018/2/25,330900,349f14ee-30ca-4b5e-a63c-8c51f494017a
浙江省,0000000C0000002Q000000030000000X,63.7,2018/7/15,330000,fbdf696b-6011-45b3-8a12-306bbc1b6067
浙江省,0000000H0000003P000000070000000X,21.98,2018/3/25,330000,5db5e54b-7961-4ea2-aa3b-70965f52de8e
衢州市,0000000G0000003F0000000700000010,10,2018/1/9,330800,1f39d17b-c498-4b7e-a6c4-75cf68549ca4
丽水市,0000001A00000031000000070000000X,5,2017/2/25,331100,c5dc6d59-46cc-4d5c-99f6-088638c7fc5b
衢州市,0000000H0000003N000000070000000X,16.33,2018/9/25,330800,ff92c62c-f8b8-416a-8803-f9ea80533658
衢州市,0000001700000031000000070000000X,2.5,2017/6/25,330800,d81fbd7f-e1b9-4913-9b55-1035e7930f4e
衢州市,0000001K00000031000000070000000X,3,2017/6/15,330800,430b3bed-b9e4-4e7c-b7cf-b6e4d1550cd5
杭州市,0000001A00000031000000070000000X,5.33,2018/12/25,330100,c6c03715-5c60-4b71-8c18-526acd5b673c
嘉兴市,0000001E00000031000000070000000X,3.67,2017/5/25,330400,9e9775f9-5943-4f79-b6e2-04bea816f9a3
温州市,0000000K0000003U000000070000000X,48,2017/3/5,330300,c5fb4a3f-462f-4256-a722-2021d324346e
浙江省,0000001400000031000000070000000X,6.75,2017/1/25,330000,5f88d4cd-97dc-4c5c-8e38-2df4aaff5e26
舟山市,0000000H0000003P000000070000000X,24,2018/5/5,330900,0a789d0f-eb99-43c8-8f05-11e95ca0eccc
金华市,0000000H0000003P000000070000000X,20.33,2018/8/15,330700,8a13ae60-b4ed-48df-a433-20f6e8cabe3b
浙江省,0000000D0000002R000000030000000X,43.32,2018/12/25,330000,99b1d457-848d-489b-b143-27aa32338c78
杭州市,0000002200000038000000070000000X,3.33,2018/7/25,330100,7640c327-5a08-4359-9892-1ab6a1eb838c
嘉兴市,0000001500000031000000070000000X,3.67,2018/6/25,330400,6c3bcc82-2136-4507-8aaa-377e469fd424
台州市,0000001200000031000000070000000X,4,2017/10/25,331000,acff3c2e-330f-4fbf-a0b4-3296c5b42093
台州市,0000002200000038000000070000000X,2.17,2016/12/15,331000,d1059610-2c60-4170-b7d4-97eeafcde39c
浙江省,0000000C0000002Q000000030000000X,64.06,2017/5/15,330000,fd1c283c-5df4-4b82-a190-ad204919b960
绍兴市,0000000D0000002R000000030000000X,49.33,2019/3/15,330600,8214f000-8585-4ee7-8873-aee5642943b0
浙江省,0000000H0000003N000000070000000X,14.51,2018/2/25,330000,4396f7aa-be09-4ea2-8f3e-8c5bf319f2af
温州市,0000002U0000007X000000070000000X,4.5,2018/6/15,330300,3b6d9939-58c9-4412-81b3-a13c31b3aeaa
舟山市,0000000H0000003N000000070000000X,15.33,2017/8/15,330900,594dd4a8-c7e0-4708-82d7-5004ed674d0e
湖州市,0000001A00000031000000070000000X,6.33,2018/7/25,330500,18d429b9-9a4b-4e22-9ff6-8560cdea7403
嘉兴市,0000000Z00000031000000070000000X,5.5,2018/9/5,330400,43f6dcaa-d9b3-4501-9e27-e67907f9a236
丽水市,0000000M0000003V000000070000000X,11.33,2017/8/25,331100,657044c0-e982-4714-bd2c-61206b375811
舟山市,0000002P0000007W000000070000000X,3.33,2018/5/15,330900,16754d66-e0e3-4c6f-b049-7817e05590e9
温州市,0000002U0000007X000000070000000X,3.83,2017/5/5,330300,77340cd9-733d-438d-9053-6f6567c63b33
丽水市,0000000P0000003E0000000700000010,3.9,2018/5/22,331100,7aa3a561-6e49-480a-88e9-c1a0596b6372
金华市,0000001200000031000000070000000X,4,2018/3/25,330700,31bf10b9-1fea-4d9e-8178-95210394fa88
嘉兴市,0000001A00000031000000070000000X,5.67,2017/2/5,330400,962fdfcb-364e-450f-b00a-7dd1758bf92b
浙江省,0000000D0000002R000000030000000X,43.23,2018/6/15,330000,3727471a-387f-4775-9c71-5e56f1a7a27b
台州市,0000000H0000003N000000070000000X,14.17,2016/12/15,331000,bb1b00b6-1770-4fc1-a3d3-3d1b8fbedfed
丽水市,0000000P0000003E0000000700000010,3.9,2018/6/5,331100,51bad530-7b49-4e3e-8bcd-72a3fa605ef2
宁波市,0000002P0000007W000000070000000X,2.93,2018/9/5,330200,92bfe85a-3eb7-40ee-928b-05abc998c79c
温州市,0000003100000081000000130000000X,63,2018/11/15,330300,39b195a3-be18-41cf-aaa1-69cd25ab8c60
宁波市,0000001A00000031000000070000000X,5.73,2018/12/15,330200,de0c35e4-682a-42da-adf6-f4355bbc6847
浙江省,0000000C0000002Q000000030000000X,63.82,2018/12/15,330000,4d95ce87-2aa6-48f3-9772-0a8b1534eb34
杭州市,0000000H0000002T000000070000000X,17.93,2017/4/25,330100,5ae0717d-7df5-437c-886c-afc5c5575b08
温州市,0000001400000031000000070000000X,6,2018/7/15,330300,f1762de9-82bc-4aee-a334-c283a2f65953
嘉兴市,0000000J0000003Q000000070000000X,40,2018/6/5,330400,0b69f9e9-8b04-42b4-838e-a1f322c6eead
温州市,0000000G0000003F0000000700000010,8.95,2017/11/7,330300,d3aa87c4-b584-4a64-8170-6213478093ac
宁波市,0000000G0000003F0000000700000010,10.21,2018/2/20,330200,0c3c32ad-3847-463c-aab4-166c5a648284
丽水市,0000002U0000007X000000070000000X,3.66,2019/1/25,331100,6d9ae4a7-c9ed-4711-855d-22f059761bce
绍兴市,0000000H0000003P000000070000000X,24.33,2017/9/15,330600,8ffd07a4-97a6-4ac5-adf7-479f7b8b1124
温州市,0000003100000081000000130000000X,63,2018/12/15,330300,025d766c-a8cc-4717-967c-1638a8455aa6
宁波市,0000000C0000002Q000000030000000X,77,2017/11/25,330200,510fcb1d-63f2-4818-b642-44bfc6a544f9
金华市,0000002200000038000000070000000X,3.17,2017/7/15,330700,f878b005-e96d-4156-8723-df8c9ac32f49
舟山市,0000000H0000002T000000070000000X,15.33,2017/11/15,330900,1721605c-0d8a-4718-8b74-cfb10a684171
绍兴市,0000000H0000003P000000070000000X,25.67,2018/9/25,330600,6a5fbe1d-92eb-4153-9402-949fe1037cc9
衢州市,0000002P0000007W000000070000000X,3.06,2018/10/25,330800,bcdc231a-07f0-4e9e-8a1e-eb512e4e6e6b
衢州市,0000002200000038000000070000000X,2.5,2017/11/5,330800,da5e9b25-1293-450f-b1dd-71d5baeea8d7
衢州市,0000001E00000031000000070000000X,5.5,2018/10/25,330800,aa09fbae-ae12-4737-91ed-2d869c165f6d
丽水市,0000000J0000003Q000000070000000X,37.33,2017/12/15,331100,7ff43546-48ec-4a7c-abc8-545ecc831358
杭州市,0000000S0000002Z000000070000000X,8.43,2017/12/5,330100,e3c8acdb-9db6-41dd-9053-11aa97b0ff15
温州市,0000000P0000003E0000000700000010,4.2,2019/1/8,330300,14cf0d7f-987d-4321-a4f8-9ea5e62c4176
金华市,0000000J0000003Q000000070000000X,40.67,2017/10/25,330700,86d694c7-0485-4404-82d6-7fa03db6defe
嘉兴市,0000000J0000003Q000000070000000X,40.67,2017/10/15,330400,70d8b653-6783-4dc9-9c51-4b68cbb97a29
浙江省,0000002P0000007W000000070000000X,3.14,2018/7/25,330000,8d8075dc-0efd-4485-9f09-4f08a819b2a0
宁波市,0000000H0000003P000000070000000X,27.87,2019/2/15,330200,5fdab87e-df55-48ed-941a-b43d8d95def9
嘉兴市,0000000H0000003P000000070000000X,22,2017/7/25,330400,3dbb76f5-1c65-425f-b050-b07d8fe8ce6f
浙江省,0000000H0000002T000000070000000X,15.21,2018/8/25,330000,4eb61e15-cdeb-4bb5-b2a8-2a4c10e61866
台州市,0000002P0000007W000000070000000X,3.45,2018/7/5,331000,1b75cdad-5fd8-4a78-94a2-8adb5fca05ba
嘉兴市,0000000S0000002Z000000070000000X,10.17,2017/9/25,330400,f9735c5f-3096-494f-81d3-f5ef370e2583
金华市,0000000J0000003S000000070000000X,35,2017/5/25,330700,d3a71fba-c289-4e8c-b683-d8a3f11ab4d8
宁波市,0000000H0000002T000000070000000X,15.33,2019/1/5,330200,2c8f7a58-72de-44fa-9bab-7c7b2c1be824
湖州市,0000002U0000007X000000070000000X,3.77,2018/12/25,330500,5fdac8d4-8ca1-4527-bc6e-a87c1257d18a
杭州市,0000000J0000003Q000000070000000X,41.17,2017/5/5,330100,fa59b0dd-10bd-4281-b21d-233f16872710
衢州市,0000000H0000002T000000070000000X,18,2017/5/5,330800,95866fb9-f008-48d1-bdd7-f4141edf2f9f
嘉兴市,0000000C0000002Q000000030000000X,67.33,2018/7/15,330400,75cd34bf-78ee-48b9-8ec4-1cbbad09a248
嘉兴市,0000001400000031000000070000000X,5.33,2018/9/15,330400,46cc08fc-bc23-49fe-bb39-50eb95834d0a
衢州市,0000000J0000003Q000000070000000X,38.33,2017/9/15,330800,26ff76b6-0153-42a8-a164-ffa8516c2e97
浙江省,0000000C0000002Q000000030000000X,64.09,2017/4/25,330000,fac4aaa7-fe9e-4d32-a42a-07389e0b3a08
舟山市,0000000H0000002T000000070000000X,15.33,2019/1/5,330900,99dff880-f5de-4758-b69b-7529de55f3f0
舟山市,0000001500000031000000070000000X,5.5,2018/11/25,330900,a4927649-7080-4f81-8732-425cd6d88f22
温州市,0000001500000031000000070000000X,4.5,2018/4/5,330300,6d2e09ba-5b8f-40b0-a5e0-adec686370dc
丽水市,0000001A00000031000000070000000X,4.33,2017/11/15,331100,b405248d-3a90-4fb1-a898-0c3e7afc0fe6
舟山市,0000000H0000002T000000070000000X,15.67,2018/2/15,330900,04bad571-17b7-43ba-b98a-04246b6e07ca
嘉兴市,0000000P0000002W000000070000000X,5.17,2018/8/5,330400,59cfddb6-e1bd-427d-bb64-f1c89d18a46f
台州市,0000000S0000002Z000000070000000X,9.33,2019/1/25,331000,36812b57-0cf5-42cb-833f-b0c803711574
金华市,0000001700000031000000070000000X,2.5,2017/1/25,330700,b5b7021f-14ce-4edf-8ade-c181267e39ae
浙江省,0000000H0000002T000000070000000X,16.64,2017/3/15,330000,44eea61e-dcd3-488d-91ff-2538053bfbe0
嘉兴市,0000000D0000002R000000030000000X,35.33,2019/3/5,330400,a51b24a1-8485-482d-a05b-b1b3c2ba0c33
温州市,0000001200000031000000070000000X,4.83,2018/12/25,330300,abb68bd1-a841-45c4-855e-ac32f478e4fe
宁波市,0000001700000031000000070000000X,3.5,2018/5/15,330200,1a85a7cc-dd84-46ce-92cb-f091051d34ef
杭州市,0000000M0000003V000000070000000X,11.63,2017/12/5,330100,4220f79b-f4f5-4780-9af3-40b4db9f3060
宁波市,0000001200000031000000070000000X,5.4,2018/3/15,330200,27455061-24d9-47df-9757-607e3edc07cb
丽水市,0000000D0000002R000000030000000X,54.6,2017/3/25,331100,f9110adf-0aa0-47ea-a22d-18f7baf2525a
绍兴市,0000000H0000003P000000070000000X,24.67,2017/5/5,330600,a44c6dbc-9646-4708-940a-73e3623ddca3
舟山市,0000001A00000031000000070000000X,4.17,2019/1/5,330900,7befc5e7-39dd-4fa9-a8a3-892d4affcadc
嘉兴市,0000000X0000007T000000070000000X,35.67,2017/1/5,330400,7f75be54-733b-4492-8f50-ea6f83c804cc
金华市,0000000D0000002R000000030000000X,44.67,2017/5/25,330700,e2c347f8-6e08-4f69-beb3-12db616f8c83
温州市,0000000K0000003U000000070000000X,43,2018/1/5,330300,507d228c-5370-45a1-9d2e-c5e6bbf23bca
杭州市,0000000J0000003Q000000070000000X,41.33,2018/7/25,330100,4b9e1a4e-dbd9-43a2-871e-8332a9ce1f92
丽水市,0000000H0000003P000000070000000X,20,2017/2/25,331100,9dcc49c0-31dd-410b-818d-b3c8a7906164
金华市,0000000J0000003Q000000070000000X,41,2017/11/25,330700,39996c0d-8ff3-4971-829f-abbcf08526cf
衢州市,0000000K0000003U000000070000000X,34.33,2018/11/25,330800,e17cbbfd-f938-40fc-ae3d-90884daa0af9
台州市,0000000M0000003V000000070000000X,10.67,2018/6/25,331000,30d94ab4-0755-4e78-ae10-8de07ba0fbec
舟山市,0000000P0000002W000000070000000X,5.5,2018/6/25,330900,7d5d3735-297d-4b88-8c1c-b308fffd26b2
台州市,0000000H0000002T000000070000000X,13,2018/8/15,331000,5ff81e04-451b-4276-b631-681a4bd1013c
宁波市,0000003100000081000000130000000X,173,2017/1/15,330200,43761b59-ade6-4088-b8cf-b5103c83528c
浙江省,0000000M0000003V000000070000000X,12.68,2018/1/15,330000,598fc745-5fad-4cc1-a96d-c16f70ba478a
宁波市,0000001K00000031000000070000000X,3.23,2019/2/25,330200,ced5bb84-67ac-4f55-908b-3a61e4dac244
金华市,0000000G0000003F0000000700000010,9.8,2018/2/27,330700,b66da4a2-37f9-4a9a-bf20-e932279e3420
杭州市,0000001700000031000000070000000X,2.83,2016/12/15,330100,c72dea31-a2a3-44cd-abea-52e48aec7447
宁波市,0000000G0000003F0000000700000010,11.52,2018/12/4,330200,ae488f90-6edb-4e9c-869b-2113edfbe993
衢州市,0000003100000081000000130000000X,93.27,2017/12/5,330800,f18c2ade-ec27-451e-8557-bbe3f91c705f
金华市,0000001500000031000000070000000X,4,2016/12/15,330700,9ba7bf52-9bfe-4476-9114-03fe74e81c11
衢州市,0000002200000038000000070000000X,2.67,2018/6/25,330800,d9394298-42cf-4624-8266-6dfa1fdb0ec6
台州市,0000001K00000031000000070000000X,2.5,2017/1/5,331000,55dd2339-be54-4844-a8c6-f8e92535d9cb
温州市,0000000J0000003Q000000070000000X,48.67,2018/10/25,330300,06f4a71c-3421-4299-9a50-5486852f7256
台州市,0000000M0000003V000000070000000X,10.33,2017/7/5,331000,caaf1675-7653-462e-91ec-16ca3d4ddc33
宁波市,0000001K00000031000000070000000X,3.5,2017/8/25,330200,2f367685-7b58-43fb-8ecc-84196326dc17
宁波市,0000000S0000002Z000000070000000X,9.67,2017/8/25,330200,90bd864f-2074-4df9-8bfb-ebfcf241a609
湖州市,0000000M0000003V000000070000000X,17.33,2018/9/25,330500,57f8fbcd-5dbd-4ee5-ab4d-ef60aa4d1da3
舟山市,0000001400000031000000070000000X,4.67,2017/6/25,330900,b9cb46d6-de8e-405b-af1e-4c2c16fbeb77
丽水市,0000000H0000003P000000070000000X,18,2018/3/15,331100,dd069d7f-c228-40e6-88f5-fcc40041337f
湖州市,0000000J0000003Q000000070000000X,38.33,2017/4/5,330500,57439823-3f8c-4fd8-82a1-6cb262a218f0
浙江省,0000001A00000031000000070000000X,5.12,2017/4/5,330000,3dc85d74-0407-4894-94da-929024e8fe5e
衢州市,0000002U0000007X000000070000000X,4.5,2017/9/5,330800,0c242527-c773-4de5-9578-ad90d4efd94c
浙江省,0000000J0000003Q000000070000000X,40.15,2017/2/15,330000,0cd42189-18fd-4350-8fc9-f3e4272b174b
衢州市,0000003100000081000000130000000X,83.6,2018/10/5,330800,027c8f75-1840-4f83-9a5a-c9a92fe13022
嘉兴市,0000003100000081000000130000000X,79,2017/8/5,330400,ee884e4c-b965-4db7-a8da-4d842e56d9eb
温州市,0000000C0000002Q000000030000000X,60,2018/7/15,330300,0256f926-d3f8-4e99-aac5-723c7039820c
金华市,0000000P0000003E0000000700000010,4,2018/7/17,330700,10931984-c392-4544-b3ef-e485b1b8b2d8
浙江省,0000000H0000002T000000070000000X,15.82,2018/9/5,330000,b074cf4f-2b87-4de3-81a0-9b60a21c3710
金华市,0000002P0000007W000000070000000X,3.7,2019/3/15,330700,e945877d-322b-4a50-9f49-127a5d12ccea
湖州市,0000001E00000031000000070000000X,5.67,2017/8/25,330500,53d40b71-8ff3-4bb3-beac-819213e5d98a
浙江省,0000001A00000031000000070000000X,6.06,2018/9/15,330000,014e1285-a278-4920-ad43-215eb2a106e1
金华市,0000001200000031000000070000000X,2.83,2018/5/15,330700,235ba1a2-8630-4146-a68b-fe3aa12fc1ce
湖州市,0000000H0000003P000000070000000X,21.33,2018/10/5,330500,0cda91fd-c1d1-4ffb-a2a0-18f9cf11b5c4
舟山市,0000002P0000007W000000070000000X,3.1,2017/5/5,330900,e9b85f78-df9d-48c5-b59d-4e2321f42ac7
丽水市,0000001E00000031000000070000000X,3.5,2019/3/5,331100,0f9698f5-8fd7-4b33-b07d-2e63f162011e
丽水市,0000000S0000002Z000000070000000X,9.67,2017/2/15,331100,43b73d75-be95-446e-8c5a-259debd776af
台州市,0000001E00000031000000070000000X,2.83,2017/4/25,331000,7e0ebbce-a4af-4b71-8a34-73131788b818
杭州市,0000000J0000003Q000000070000000X,40.17,2017/7/15,330100,a70df0db-218e-4cb9-b69a-586b32e9f823
丽水市,0000001200000031000000070000000X,3.33,2017/8/5,331100,7801fbe1-8632-4138-80b4-31700d709395
温州市,0000000K0000003U000000070000000X,48,2017/8/15,330300,2cc74027-330b-4d5d-bd5d-b4b6ad169e42
衢州市,0000000H0000003N000000070000000X,15,2017/4/5,330800,5afa17ca-4150-418b-af3c-5bd6931267e3
浙江省,0000001A00000031000000070000000X,5.51,2018/12/15,330000,de0daeef-9a2e-452f-bfec-2855fef1a30e
宁波市,0000001400000031000000070000000X,6,2017/9/15,330200,c9c1d9d1-8669-44b7-9d79-90900b1ad812
浙江省,0000000H0000002T000000070000000X,16.19,2017/4/25,330000,87a962e6-f8c2-4fcb-90bc-02a4ba1a8e17
金华市,0000000J0000003S000000070000000X,34.33,2017/8/15,330700,5edda3b5-756a-4a45-9a40-b3cf672c40e1
嘉兴市,0000002P0000007W000000070000000X,3.2,2018/3/15,330400,e22dff19-2684-401f-9703-0c119fe89757
丽水市,0000001A00000031000000070000000X,4.67,2017/12/5,331100,135ded8a-cd42-46e1-ad89-70e4398ccf07
绍兴市,0000000K0000003U000000070000000X,37.67,2018/2/25,330600,715eedaa-6741-47b2-b0f1-bda653eb8781
温州市,0000001Z00000036000000070000000X,7.33,2018/12/5,330300,5e563089-e6dd-4a2f-8cbf-ce6e74d603c5
衢州市,0000000Z00000031000000070000000X,3.83,2017/8/25,330800,4a23992c-ca5a-4416-b822-fce9e396d4c7
丽水市,0000001Z00000036000000070000000X,5.66,2017/10/15,331100,132e74e1-5683-42fb-88af-eaac3e31b11d
金华市,0000000J0000003Q000000070000000X,40,2017/7/15,330700,be637bc2-3942-4d7d-b334-dc37c9325387
浙江省,0000000G0000003F0000000700000010,9.46,2017/11/14,330000,bb2a6128-f0ab-44d9-8201-8bdaf0ceff4d
浙江省,0000000H0000002T000000070000000X,14.35,2018/6/5,330000,c43a8092-8f3a-4d97-9e1d-6e6024564cf2
金华市,0000000G0000003F0000000700000010,10.4,2017/5/2,330700,c201cbad-3d25-41da-bb7c-0168f113b7b2
丽水市,0000000D0000002R000000030000000X,54.6,2018/9/25,331100,4e8282d0-a3a2-4b2b-82a3-403dec1b9521
舟山市,0000001200000031000000070000000X,4.67,2017/9/5,330900,3189cf80-cd49-4242-a44d-2dce70af9f24
温州市,0000000G0000003F0000000700000010,10.23,2018/10/16,330300,f221d8fb-458f-475a-ad38-191bcdcd75b1
舟山市,0000001700000031000000070000000X,2.67,2019/1/25,330900,e6b6017e-c484-43fa-990f-4438eac29894
浙江省,0000000D0000002R000000030000000X,44.44,2017/1/15,330000,a84b8e5a-c1b8-478f-8cbe-f9145506a102
嘉兴市,0000001A00000031000000070000000X,7.67,2018/10/5,330400,471eb793-c192-4d50-ae2a-03aaabb17894
台州市,0000002P0000007W000000070000000X,3.45,2018/5/5,331000,dbcf4424-a713-43bf-adb7-17a22c1ce571
宁波市,0000000X0000007T000000070000000X,38.33,2018/4/5,330200,46d9aa17-fc7a-4185-974d-19171a88373e
温州市,0000001E00000031000000070000000X,6,2018/8/25,330300,298465ed-3b73-4208-acb3-ee76a517f5ff
浙江省,0000002200000038000000070000000X,3,2017/1/5,330000,b2642485-e42e-42b5-90f6-3b0cbcd57a65
宁波市,0000000J0000003Q000000070000000X,43.83,2019/2/15,330200,c96087dd-2a85-4c62-8365-3742caeedbfe
绍兴市,0000000P0000002W000000070000000X,5.17,2018/4/15,330600,b4e2f19e-1674-4bb6-bf06-ead95c2c80da
衢州市,0000001Z00000036000000070000000X,4.5,2017/2/15,330800,f6f94ccc-82af-4d20-ae5b-23d2e508429a
湖州市,0000001E00000031000000070000000X,6,2018/4/15,330500,15f48281-1bb7-40f3-b071-cf5259b14a19
浙江省,0000000H0000003P000000070000000X,23.56,2017/1/15,330000,b0c3e22f-bffb-4d48-aa4f-3f42b4f68f2d
温州市,0000000H0000003P000000070000000X,25.33,2017/4/15,330300,1d5ba57c-9991-4bde-bf8b-8d1babf1642d
温州市,0000002U0000007X000000070000000X,4.67,2018/10/15,330300,6f115491-81f8-4230-9733-a971f0271113
舟山市,0000000D0000002R000000030000000X,44.97,2018/3/15,330900,2080e2e4-a01e-421b-8b90-203119b3540e
嘉兴市,0000001E00000031000000070000000X,4.5,2017/3/5,330400,2b0363b4-e817-4ecf-b555-b5fdef72bc8a
宁波市,0000000J0000003Q000000070000000X,38.33,2017/6/25,330200,9c729f84-7f21-4c52-bccc-d1feba7e2da9
衢州市,0000000K0000003U000000070000000X,33.67,2018/9/25,330800,f85bddbb-6c14-4c82-af76-ef9fa156cfa2
台州市,0000000X0000007T000000070000000X,23,2017/3/5,331000,f26984ec-9b24-41be-954b-f2f8f833aee7
舟山市,0000002P0000007W000000070000000X,3.33,2017/11/15,330900,b9971185-9eb6-40b6-bd80-c8b52b44631f
丽水市,0000002200000038000000070000000X,3.1,2017/4/5,331100,a1b66bda-2641-4dd0-bc32-3c689d9ff50f
嘉兴市,0000002P0000007W000000070000000X,3.2,2017/10/5,330400,c5f8d1c2-f0b1-4ea6-af18-a8ca0e8ec029
湖州市,0000000J0000003Q000000070000000X,38.33,2017/12/5,330500,ba5dda0b-5fe9-41d7-82f8-5c8b31486d9f
绍兴市,0000002200000038000000070000000X,3.33,2018/5/15,330600,8622ca57-e98a-4b5e-8d64-76f08ee3e797
温州市,0000000C0000002Q000000030000000X,60,2017/10/15,330300,6b617967-bf10-46fc-aaee-e2b3cebf98f2
金华市,0000000Z00000031000000070000000X,3.17,2018/11/25,330700,3b63559d-ab93-4c2a-b905-bb935b5d200e
杭州市,0000000P0000003E0000000700000010,4.6,2017/8/8,330100,c2eb35f8-037e-45b8-b7f4-ce63334ed323
金华市,0000000J0000003S000000070000000X,35.33,2017/3/25,330700,6e681b96-0e7f-48da-a645-71657c4dcd55
丽水市,0000002P0000007W000000070000000X,2.6,2017/10/25,331100,900a35f3-8bd6-4dc3-a4f6-23324120b84c
金华市,0000002P0000007W000000070000000X,3.83,2018/5/25,330700,da953e55-9bb3-4f8f-8c72-8da4580101e8
浙江省,0000000H0000003N000000070000000X,14.58,2019/3/15,330000,0a03b1e0-8a09-46b5-bfd0-2df8b648c153
丽水市,0000002U0000007X000000070000000X,4.66,2017/8/25,331100,6dcad22d-9d6c-419f-87ef-09d558c4930b
绍兴市,0000000J0000003Q000000070000000X,45,2018/10/15,330600,856cddd0-ee3e-4d1f-8a4f-0ff89a63cd82
嘉兴市,0000000G0000003F0000000700000010,10.5,2019/1/1,330400,509a5440-28bf-475d-9230-84246998859c
浙江省,0000000C0000002Q000000030000000X,63.98,2019/1/5,330000,48c9c68d-7e29-4ac8-865d-845a40626768
温州市,0000000K0000003U000000070000000X,45,2018/5/15,330300,67126ccd-d51b-4c53-80c5-b3ace74f1bea
浙江省,0000000C0000002Q000000030000000X,63.96,2019/3/15,330000,9f8f9677-54ef-4200-8529-d86988192d9c
舟山市,0000000H0000003N000000070000000X,16,2018/2/15,330900,005d19a1-25c1-4cee-ba5f-e0bececbf932
嘉兴市,0000001E00000031000000070000000X,5.67,2019/2/5,330400,e33b822f-138d-4879-824a-09c62ec99536
台州市,0000001500000031000000070000000X,4.83,2019/1/25,331000,b3813731-5876-4048-94ee-726b9be50039
丽水市,0000000C0000002Q000000030000000X,70.23,2018/1/25,331100,5975bb56-c0d0-4a83-afdb-15b9b444b931
宁波市,0000000H0000003N000000070000000X,15.27,2017/2/15,330200,62a94528-c5ea-41b2-88f0-f88622281644
金华市,0000000P0000003E0000000700000010,4.8,2017/12/19,330700,0991bd71-956f-4fe4-8e05-ad77e2a784c9
台州市,0000002P0000007W000000070000000X,3.45,2019/1/25,331000,8264cc06-73e8-40f7-96f7-0edb50d220ba
舟山市,0000000D0000002R000000030000000X,44.97,2018/8/25,330900,ae95afcb-2a7c-449e-8970-046dc60c0792
台州市,0000002U0000007X000000070000000X,4.5,2018/12/5,331000,2ff2b8e9-e992-4a8c-a61a-0e376c2d625e
绍兴市,0000002U0000007X000000070000000X,4.33,2017/1/15,330600,9b396053-a89d-46d7-a73a-34631f2e30a6
舟山市,0000002U0000007X000000070000000X,4.33,2018/9/15,330900,de5fb4d9-250f-4f58-bf4f-13364337c326
丽水市,0000000K0000003U000000070000000X,33.67,2017/9/15,331100,10a62e0d-2fef-4ebb-b050-68d8d25ffeaa
湖州市,0000000D0000002R000000030000000X,36.33,2018/9/5,330500,b7ff899f-0748-4147-afd4-b834d2a98fb6
丽水市,0000003100000081000000130000000X,84,2017/7/25,331100,c8c52946-3677-402b-8459-e7b35dc38d74
绍兴市,0000002200000038000000070000000X,2.5,2017/1/25,330600,1d6c79d4-2e91-434d-b41b-5473e854393a
丽水市,0000001700000031000000070000000X,2.83,2019/3/5,331100,9e352fab-1360-4b39-b9f9-e045740aeca9
舟山市,0000000J0000003S000000070000000X,34.33,2018/8/15,330900,e9c775ce-ff77-4bcd-bf6e-71934f43b576
杭州市,0000001400000031000000070000000X,6.33,2018/2/5,330100,869d91fc-ad14-4b05-aff3-a2da566aa5af
温州市,0000001400000031000000070000000X,7,2018/9/5,330300,f86717c1-3cb1-4022-b327-71da6512ca76
台州市,0000001E00000031000000070000000X,2.83,2017/1/5,331000,08792366-1254-425c-8ef4-1c520eb74517
丽水市,0000002P0000007W000000070000000X,2.93,2019/3/5,331100,eeacfae0-12b1-44f0-9e73-2eacbf42fd8a
宁波市,0000000H0000002T000000070000000X,16.33,2017/4/5,330200,cb2daa12-1d12-4bd6-815d-58c7713a5e28
嘉兴市,0000000X0000007T000000070000000X,30.33,2017/7/15,330400,4b3a89e4-dcba-4920-884f-97a346c3f2f2
台州市,0000001A00000031000000070000000X,4.5,2017/7/5,331000,86cd00c5-6e4f-4279-a8da-65bafec250cb
舟山市,0000000X0000007T000000070000000X,48.33,2018/3/5,330900,c88979dc-c85c-445e-8f78-71a257f738c5
丽水市,0000000M0000003V000000070000000X,11.33,2017/12/5,331100,5d4d0e7b-42eb-43a4-835a-373f94d60c3f
嘉兴市,0000000H0000003N000000070000000X,15,2017/7/15,330400,63a037a7-ef9e-4942-b4d2-bd1ea900ae13
浙江省,0000000H0000002T000000070000000X,15.76,2017/10/5,330000,2ed80e99-656e-474d-8c42-a46cb34f5c98
杭州市,0000000J0000003S000000070000000X,35.67,2016/12/25,330100,710d4ef4-2458-4548-8e47-5a3d9cb25c99
嘉兴市,0000001700000031000000070000000X,3.33,2017/4/5,330400,40ae669e-12a1-4713-b0fb-89d608f363b9
台州市,0000001200000031000000070000000X,4,2018/4/5,331000,271105ae-3129-49a8-a21a-ceec6eb3c7e8
湖州市,0000000P0000003E0000000700000010,2.5,2017/6/6,330500,061c95e9-2ff7-4f12-abe4-71673f97fe43
金华市,0000001400000031000000070000000X,5.17,2016/12/25,330700,c1f13305-d7cd-433b-9e60-82df28d34c58
绍兴市,0000001Z00000036000000070000000X,4.17,2017/3/15,330600,f7271526-6bd0-42a9-9f6f-23866ebd0cad
浙江省,0000001Z00000036000000070000000X,5.83,2017/2/15,330000,ae3f1fdb-9335-4e66-8cfd-a318b654cfc1
丽水市,0000001K00000031000000070000000X,3.67,2018/7/15,331100,5e965ab9-4f62-4d41-950a-399505f5ab9a
温州市,0000000K0000003U000000070000000X,48,2017/3/25,330300,00702300-a963-4128-91f8-40b07f466ff3
金华市,0000001400000031000000070000000X,4.67,2018/8/15,330700,35cc0336-d60b-4606-bb04-9824729d6119
绍兴市,0000001A00000031000000070000000X,3.33,2017/5/25,330600,e0fa8d24-1534-40a5-a80a-fa3fed635b8f
湖州市,0000000H0000003N000000070000000X,15,2018/10/15,330500,b8e66abc-a0e5-4aa1-aa5f-2ed40906e1ff
温州市,0000001K00000031000000070000000X,3,2018/12/5,330300,1648e497-810b-4de2-906e-6490216c80f3
台州市,0000001A00000031000000070000000X,5.17,2018/2/15,331000,f081f131-b4a7-4d61-8b91-af9e47569a14
丽水市,0000001E00000031000000070000000X,4.5,2018/6/15,331100,7424cbfc-86f5-45c0-ad20-afdb5f2a060d
湖州市,0000000J0000003Q000000070000000X,39.67,2018/8/25,330500,38e07db6-bc30-471c-9943-7f3e9e77eaf4
湖州市,0000000P0000003E0000000700000010,4.1,2017/10/10,330500,48f7d4d4-2d66-4779-87eb-8790ac32aa04
嘉兴市,0000000C0000002Q000000030000000X,66.33,2016/12/15,330400,0d7e89ab-8eb1-45d8-bbdf-5f7ee13fe041
衢州市,0000000K0000003U000000070000000X,34,2016/12/25,330800,fbe96dfd-b51a-4bb6-91b3-cee6907dd866
金华市,0000000J0000003S000000070000000X,34.33,2017/10/25,330700,ea6f56d7-a272-4b60-a1a1-222ab9269149
嘉兴市,0000002P0000007W000000070000000X,3.2,2017/3/15,330400,7a65e98a-30f7-44df-b34d-7fa2fb4d4dc4
浙江省,0000001200000031000000070000000X,5.05,2018/3/5,330000,c35fc7ea-8fbd-4efe-bac3-e8f5463e26fb
杭州市,0000000G0000003F0000000700000010,6.66,2018/4/3,330100,cca08e7c-8d9d-419e-8d74-ffdf1165f519
杭州市,0000002P0000007W000000070000000X,3,2018/5/5,330100,25129336-dad5-4305-9d64-b844f4f69e4a
温州市,0000001400000031000000070000000X,6.5,2018/8/5,330300,7082a756-bff7-417d-a349-e92a3781ce0d
绍兴市,0000000D0000002R000000030000000X,49.33,2017/9/5,330600,3a53dd8e-a0e0-40d5-8f43-c78a37c15e79
宁波市,0000001200000031000000070000000X,4.77,2017/1/5,330200,c78acacb-11ae-44ea-a771-bf84d77e556f
台州市,0000000C0000002Q000000030000000X,63.33,2017/6/5,331000,36b04177-daf8-44cf-a1d2-1dc6590de126
湖州市,0000000S0000002Z000000070000000X,8.67,2017/11/25,330500,12acf3c2-fe43-4cc6-9bb8-fbf9fdf289ae
舟山市,0000000P0000003E0000000700000010,4.5,2019/3/12,330900,dea887eb-c768-442e-af30-e203ffe3a191
浙江省,0000000K0000003U000000070000000X,39,2018/2/15,330000,59721397-5320-4d14-aa26-c5b8fcaf064e
金华市,0000002U0000007X000000070000000X,4.17,2017/5/5,330700,755f1d7d-d44b-4d15-811e-35ca8b261c96
衢州市,0000001400000031000000070000000X,5.83,2017/5/5,330800,c6534712-8474-4562-918e-bdb88c3b9151
嘉兴市,0000000G0000003F0000000700000010,10.2,2018/10/23,330400,9fc78d92-9403-4ce5-9bcd-ee7dcf9aaf3f
浙江省,0000000H0000003N000000070000000X,14.08,2017/7/25,330000,b9fb0654-bb7b-4250-80cd-b01e57c12c00
嘉兴市,0000001Z00000036000000070000000X,5.67,2017/6/25,330400,54667b44-03ee-4214-a798-3b326d867c51
湖州市,0000000H0000003N000000070000000X,12.67,2018/5/15,330500,a3edd2da-4f9e-4f6f-a529-0826a85b06d1
金华市,0000000P0000002W000000070000000X,5.33,2018/12/25,330700,d487009f-cd1b-498c-94d8-846ed179d892
杭州市,0000001700000031000000070000000X,2.93,2017/5/5,330100,633c655f-5867-4e2c-84e9-e835487e549d
丽水市,0000002200000038000000070000000X,3.16,2018/2/15,331100,ad962d29-ad48-4e77-bb28-a738d93ee599
杭州市,0000000S0000002Z000000070000000X,8.83,2017/1/15,330100,9951f344-e0fe-465f-a0da-518d205e118d
舟山市,0000000H0000003N000000070000000X,14.17,2018/8/25,330900,3ebc3664-e5d6-473f-9d4e-64e0a2ce4450
金华市,0000000Z00000031000000070000000X,4,2017/10/25,330700,8f614072-647f-4f68-8239-c5236cb0528e
丽水市,0000002200000038000000070000000X,3.5,2018/11/5,331100,2ba5bfd7-cd8d-4bd4-b92d-4119bdb7f7b4
温州市,0000000J0000003Q000000070000000X,47.67,2017/3/15,330300,afcb23b3-4dcf-4303-81e2-b909d6ae777c
绍兴市,0000000X0000007T000000070000000X,53.33,2019/2/5,330600,6277b1ee-3385-4ca1-811e-ecdf8772c5d7
舟山市,0000000S0000002Z000000070000000X,11.67,2018/6/5,330900,8d4477ef-b10a-422d-809b-86d2f9d03b66
金华市,0000000H0000003N000000070000000X,14.5,2017/3/5,330700,b8b4cb43-20e0-4b90-8b52-4b8add3e4a0d
宁波市,0000000P0000002W000000070000000X,5.93,2018/3/25,330200,fa536556-bfcc-4e6c-8911-acfb2164b330
嘉兴市,0000000G0000003F0000000700000010,7.3,2018/5/8,330400,1ec81f17-2718-486a-84c3-6bb48a0c2182
金华市,0000000H0000002T000000070000000X,15.67,2017/5/5,330700,4621eb37-899f-4913-a765-583ec7e86bba
浙江省,0000000H0000003N000000070000000X,15.05,2017/4/5,330000,93fe1d8d-e92e-4dbc-ae08-068a01a2801a
宁波市,0000001Z00000036000000070000000X,7.47,2019/2/5,330200,4db64c70-78db-49f0-b517-18e8da576616
舟山市,0000000M0000003V000000070000000X,13.67,2018/8/25,330900,fcd8c8dd-b481-4609-8d29-5bf3f4531c8d
嘉兴市,0000000S0000002Z000000070000000X,7.67,2017/1/5,330400,936beded-9a21-425c-b8b3-e6e182faa0cc
宁波市,0000001400000031000000070000000X,5.83,2018/1/15,330200,a487d0f5-cf39-475c-a2ed-7c2fec1177bd
浙江省,0000000H0000003P000000070000000X,24.1,2018/12/5,330000,b22b7d29-2d3c-4d61-a0c3-1ad849019123
湖州市,0000002U0000007X000000070000000X,3.6,2017/4/25,330500,59483ac2-ec48-41de-ace4-06bc580fc8d4
温州市,0000001K00000031000000070000000X,3.17,2017/1/5,330300,d79929d1-77c2-4a3d-9440-9e3dad0c24b8
嘉兴市,0000000G0000003F0000000700000010,11.1,2017/2/21,330400,09e908a2-96a1-4393-820d-cfb331e45a78
衢州市,0000000H0000002T000000070000000X,17.33,2017/6/15,330800,332afd55-6c42-4d7c-9a61-66a4e7165e14
浙江省,0000001Z00000036000000070000000X,6.14,2018/2/15,330000,0963823f-06fc-4879-9b40-067a0f26a60c
宁波市,0000000P0000002W000000070000000X,5.93,2017/12/15,330200,33d2e5eb-0d71-4ce5-8601-a02f933dd2b7
宁波市,0000000H0000003N000000070000000X,14.33,2017/8/15,330200,e1c4a86b-f135-4dab-a92d-2368071bb705
浙江省,0000000Z00000031000000070000000X,3.53,2018/4/15,330000,30fd2540-f5c3-4658-8fe0-d88f451f577d
嘉兴市,0000000J0000003S000000070000000X,32.33,2018/1/5,330400,fda446dc-bfd6-4461-8910-7e912fc5cd01
嘉兴市,0000000G0000003F0000000700000010,9.25,2017/5/30,330400,20b00d53-a4f8-4cae-b412-6a6fd7b87625
浙江省,0000000Z00000031000000070000000X,5.08,2017/11/5,330000,00da5aea-86aa-42b9-a9b6-8bee82093d60
浙江省,0000000P0000003E0000000700000010,4.58,2017/10/10,330000,0f72e46f-8357-4c63-ae83-fc40ea91142a
台州市,0000000J0000003Q000000070000000X,38.33,2018/6/15,331000,313d423d-effa-4b37-99c7-0337cb1f07d5
温州市,0000001700000031000000070000000X,3.17,2018/3/15,330300,4c142a3c-f64c-4a68-aa52-890810e1db48
台州市,0000001500000031000000070000000X,6.17,2018/10/15,331000,16ade41f-0190-42d8-80e2-da84b8795c1b
宁波市,0000000M0000003V000000070000000X,14.73,2016/12/15,330200,0cc017bc-3f03-40c8-a49c-833a347b3617
温州市,0000000Z00000031000000070000000X,4.83,2019/2/15,330300,bd6b2c31-18d5-4640-a242-3fa4d682b6fa
嘉兴市,0000001A00000031000000070000000X,5.67,2018/7/25,330400,6db5c41e-0b7a-44a4-b856-57ab15b0b29f
浙江省,0000002U0000007X000000070000000X,4.34,2018/10/5,330000,79286f77-104e-4131-983e-d5a7b44716f9
舟山市,0000000Z00000031000000070000000X,4.67,2018/6/15,330900,dcd5abf5-5563-492e-a2fe-cb26411cdfd4
舟山市,0000000Z00000031000000070000000X,3.33,2018/3/25,330900,0dfdb6da-225f-4e59-9a4d-1ccc8806646e
温州市,0000000G0000003F0000000700000010,9.25,2018/11/6,330300,026175a6-c91d-4cbc-851d-6f8be6bb298b
温州市,0000000G0000003F0000000700000010,9.08,2017/11/14,330300,51bf1aa4-5425-4c21-9b30-e2c726cd33c6
绍兴市,0000000K0000003U000000070000000X,36.67,2018/1/5,330600,526f71bf-caf0-42ed-89e5-c51906ee5be5
绍兴市,0000001K00000031000000070000000X,3.83,2018/8/15,330600,b7a7e66f-8a21-4eba-8310-cc90207a0ce9
丽水市,0000001K00000031000000070000000X,3.67,2019/1/15,331100,c8d355b2-07d1-49b5-ad9b-09e20de90c5d
台州市,0000000M0000003V000000070000000X,10.67,2018/12/5,331000,f72e8664-da45-4af8-9426-ab8afa9aaab2
舟山市,0000000X0000007T000000070000000X,45,2019/3/15,330900,4b7f27ca-acc2-4e4d-9496-db266d08cd4d
衢州市,0000001Z00000036000000070000000X,5,2017/6/25,330800,86c5ef0e-f740-4f94-b4c4-769bc60be9db
台州市,0000002200000038000000070000000X,3,2018/10/25,331000,9473911d-9792-448e-8507-2676a22ea2d8
浙江省,0000002P0000007W000000070000000X,3.13,2019/2/5,330000,7cb3c084-783b-472f-b9a0-050e37f58e57
衢州市,0000001200000031000000070000000X,4.17,2018/3/15,330800,0c04a89b-ec78-4b63-b391-f673c92acb8a
丽水市,0000000C0000002Q000000030000000X,70.23,2017/7/5,331100,6643ce40-85c6-4f26-ad63-79eb27a32801
温州市,0000000H0000003P000000070000000X,28.33,2018/9/25,330300,cc7c98e3-a97f-49a1-90f5-7d588df58df3
丽水市,0000002P0000007W000000070000000X,2.93,2018/9/15,331100,c031e418-e813-4ce4-bb71-2d24511bc6a0
温州市,0000000J0000003S000000070000000X,43.67,2017/4/5,330300,7517a6ff-ba11-45e0-af7c-cccf245e9dcc
台州市,0000000P0000003E0000000700000010,4.95,2018/9/25,331000,7220f28e-ad87-45c7-9cdb-aefc3ac664b6
宁波市,0000001500000031000000070000000X,4.5,2018/5/5,330200,6c264ef9-5d96-47aa-bcf3-a7db9c675758
杭州市,0000000S0000002Z000000070000000X,9.33,2016/12/25,330100,580677a9-850b-4436-a040-a8b9bef8b562
台州市,0000002U0000007X000000070000000X,4.33,2017/8/5,331000,a2582e1a-6269-46a7-9c98-0f9ae71df5ee
金华市,0000001A00000031000000070000000X,5.33,2017/3/25,330700,145fbabe-a2d4-4108-8aa7-aafba87194b4
衢州市,0000001Z00000036000000070000000X,4.83,2018/5/5,330800,ed96e186-59f6-4644-954c-2feec0b8916f
浙江省,0000000K0000003U000000070000000X,37.84,2018/11/5,330000,d44db86e-7ec9-4383-8d8d-e87e52dafcc0
嘉兴市,0000000M0000003V000000070000000X,10.83,2018/1/5,330400,6fdf43ca-0825-49f0-8c2b-67c9203ca148
杭州市,0000000K0000003U000000070000000X,36,2018/10/25,330100,c58ba9cc-925a-46a7-8eb4-c514bbbf6c5b
杭州市,0000000X0000007T000000070000000X,39.33,2018/9/5,330100,9765fcca-b2f2-4346-a8cc-2166e58be8d4
嘉兴市,0000001200000031000000070000000X,5,2018/3/25,330400,7d0fcb1a-8b01-422d-a64d-af1a8a30a542
绍兴市,0000000M0000003V000000070000000X,10,2017/8/15,330600,127eb993-b972-43f6-a314-9fe5c5d25edd
金华市,0000001E00000031000000070000000X,3.5,2017/6/5,330700,30def190-53a9-487d-8ac0-e7b501229e04
嘉兴市,0000000P0000003E0000000700000010,4.67,2017/8/22,330400,7b28097e-37d7-4df3-a841-df4535828f48
嘉兴市,0000001700000031000000070000000X,2.83,2017/6/15,330400,760a9000-8439-47fc-a70f-ea4326d5d1e9
温州市,0000000P0000002W000000070000000X,6.17,2018/9/25,330300,d1824a1f-8088-413f-9191-80740f14ad04
湖州市,0000000S0000002Z000000070000000X,9.17,2019/1/15,330500,2b05861d-06ba-4050-9b3e-9543c7beea04
舟山市,0000001700000031000000070000000X,2.67,2018/10/15,330900,85f90f84-241b-4e83-b0d4-256d6773aba4
嘉兴市,0000000H0000003N000000070000000X,15,2017/6/5,330400,34161e59-bb81-4709-b71e-1cc1ea443a1e
衢州市,0000001200000031000000070000000X,4.17,2017/9/5,330800,d5f28ccb-a981-4709-b5cc-aaf4a9533261
杭州市,0000001700000031000000070000000X,2.83,2017/2/15,330100,43a32fde-2fde-4b48-a850-3d2e5b36caea
湖州市,0000002U0000007X000000070000000X,3.6,2017/10/15,330500,bd9155b1-52f1-48cc-a6d9-bed72c5e1e0a
丽水市,0000000K0000003U000000070000000X,33.67,2017/4/25,331100,81770e58-3f5e-41ae-aa52-270509cf1c1d
宁波市,0000000J0000003Q000000070000000X,38.33,2017/5/15,330200,9dc0be6f-f8de-48b8-80e2-052c11aeb7b6
湖州市,0000000M0000003V000000070000000X,17.33,2019/3/5,330500,4893f689-7981-4b7a-b1b0-f7a7c759e484
衢州市,0000001A00000031000000070000000X,7.17,2019/3/5,330800,e7a7ccff-9491-4d6f-a213-906d244273de
绍兴市,0000000D0000002R000000030000000X,49.33,2018/10/15,330600,fe6217c7-7f2a-49e1-900b-95c75cf5f2a3
台州市,0000000P0000002W000000070000000X,5,2017/8/25,331000,7b947a9c-0500-4060-a5da-87b8448151c9
湖州市,0000001E00000031000000070000000X,4.33,2019/1/25,330500,292f9a88-fbbe-4ed1-b83f-cf21ac61cfa6
宁波市,0000000G0000003F0000000700000010,7.63,2018/4/3,330200,1bd833f3-9a6d-458a-8b01-76345b52d7d5
浙江省,0000000P0000002W000000070000000X,5.88,2018/10/15,330000,eab3c5ae-ced1-4785-9725-3c33f2df7cca
湖州市,0000001700000031000000070000000X,3.17,2017/10/15,330500,6b3eb2c8-b348-47aa-9be6-3e59cec5a5b6
嘉兴市,0000002U0000007X000000070000000X,3.77,2018/11/25,330400,22ca6142-e108-4338-bdf5-c0baad3dc042
舟山市,0000000G0000003F0000000700000010,8.5,2018/4/3,330900,785446e7-f6cf-4593-bdba-65a6dd4d33d7
温州市,0000001200000031000000070000000X,3.83,2018/5/15,330300,e8c18537-8751-4810-a14b-789d5fa76133
舟山市,0000000G0000003F0000000700000010,8,2018/4/10,330900,247122ea-549b-4fd7-b03f-9576491d7025
宁波市,0000000H0000003N000000070000000X,14.33,2017/9/5,330200,2bb0ba99-ed2c-4628-9057-0d614e28d67e
杭州市,0000002P0000007W000000070000000X,2.8,2017/4/25,330100,9daa2222-a83b-4558-ac4f-37202b427085
温州市,0000000P0000002W000000070000000X,5.33,2018/6/5,330300,19e45006-cc04-4cef-9419-2880fcab179a
嘉兴市,0000000Z00000031000000070000000X,5.83,2017/8/15,330400,5dbc9272-2b1c-4902-80e9-0c2748e47667
台州市,0000000H0000003N000000070000000X,11.67,2018/3/15,331000,5ce847af-e612-450a-9867-f131439cdf5c
绍兴市,0000000P0000002W000000070000000X,5.83,2018/2/5,330600,3ca90c93-91c0-46f0-b6b3-606d3d6f21a7
宁波市,0000000K0000003U000000070000000X,33.33,2017/10/15,330200,a240b380-bf23-436a-bf73-b76ca191bfd9
衢州市,0000001Z00000036000000070000000X,4.83,2017/10/15,330800,fb761d50-9ae9-4c16-b758-6f7b6ed08bf7
绍兴市,0000002200000038000000070000000X,3,2018/4/15,330600,ea15b0b1-6dad-4e8c-8550-82099b128ed3
嘉兴市,0000002200000038000000070000000X,3.17,2018/12/5,330400,3b72200b-c798-483e-ae28-f2a440358b80
丽水市,0000000Z00000031000000070000000X,3.33,2018/12/15,331100,dd1178f1-ea14-4bc7-9e3d-42c2197547db
丽水市,0000000X0000007T000000070000000X,38.33,2018/12/5,331100,e0f68b43-9065-4b29-81e5-2e55d3639f8b
金华市,0000000M0000003V000000070000000X,12.67,2018/1/25,330700,8406f1e8-6669-4ef6-af5c-fc9095de5daa
温州市,0000002200000038000000070000000X,4,2017/2/25,330300,008a1b08-120c-4b4d-8c05-7eb0c5f7fbbd
丽水市,0000003100000081000000130000000X,84,2017/4/15,331100,41c05771-0819-4c12-bdd8-54b35e57b2f7
杭州市,0000000J0000003Q000000070000000X,45.33,2018/12/15,330100,7547f0d6-93af-40d0-89f1-85189e5b746f
温州市,0000000S0000002Z000000070000000X,9.17,2018/2/25,330300,fe685b73-d750-4916-af1e-49266cd83900
丽水市,0000000Z00000031000000070000000X,2.17,2017/2/15,331100,39a4de45-ed79-4043-954c-a00b7ac33e99
湖州市,0000001200000031000000070000000X,5,2018/1/5,330500,6e13be99-a5ca-4e4f-863b-728212eae23f
温州市,0000000X0000007T000000070000000X,40.67,2018/12/25,330300,07173bde-0edd-4f68-aca3-6233e45098d6
浙江省,0000000M0000003V000000070000000X,12.37,2018/5/5,330000,4151a371-e19d-4e2a-9694-2501815537e3
湖州市,0000001A00000031000000070000000X,7.33,2017/11/25,330500,22fc2076-9d42-4e14-9b1b-8c85f9dcb0b1
台州市,0000001700000031000000070000000X,2.17,2019/2/5,331000,0b127e5c-d00f-47c8-88e7-a59142c63f22
杭州市,0000000K0000003U000000070000000X,33,2017/9/15,330100,24871dde-31bb-4398-87fe-415354be762a
舟山市,0000001K00000031000000070000000X,3.33,2018/1/5,330900,a10e3f71-c8a2-491c-9f08-812037718321
杭州市,0000001E00000031000000070000000X,5.17,2018/6/5,330100,ca03ded4-94b3-4b9b-98f3-fe3c5c8cd23e
宁波市,0000002U0000007X000000070000000X,4.7,2018/1/15,330200,653157e3-ae03-4a03-a514-b8d5849b11ff
丽水市,0000000S0000002Z000000070000000X,9.67,2017/5/25,331100,31ec6bfb-18d6-48f7-96f7-feac1811b8e7
嘉兴市,0000000M0000003V000000070000000X,10.83,2017/9/15,330400,507b60f0-3b16-4fdf-af5e-1262b209de32
嘉兴市,0000000P0000002W000000070000000X,5.33,2019/1/5,330400,9b26f2cc-c3be-426f-b96c-c0caf027f453
湖州市,0000001Z00000036000000070000000X,5.67,2018/1/25,330500,db88f765-6ba2-4ad2-889f-bd3a8f26bdf8
绍兴市,0000000K0000003U000000070000000X,36.67,2018/4/5,330600,cf5f5dd7-04a4-464e-be20-151b9c60a68f
绍兴市,0000000C0000002Q000000030000000X,59,2017/4/15,330600,06fc6224-9005-4c16-9118-4849ebf4a1f7
衢州市,0000000P0000002W000000070000000X,5,2018/7/15,330800,31024575-c817-4f35-bbb3-2688ac53aece
丽水市,0000000H0000003N000000070000000X,13,2017/11/25,331100,348ecbf9-c736-49b6-aaf4-d475f87167a5
湖州市,0000003100000081000000130000000X,72,2018/8/25,330500,cf2c63c4-7e17-4b55-9113-3c918780af5b
舟山市,0000000Z00000031000000070000000X,3.83,2018/12/15,330900,325065ba-22b2-4512-b3d8-fa2fa2d90270
台州市,0000001200000031000000070000000X,5.33,2017/1/25,331000,fddc5610-ef12-4050-8abb-4ca8607f8b82
湖州市,0000000Z00000031000000070000000X,4.5,2018/11/25,330500,582e04f9-3fb0-4432-acc3-79a6a9ce7a43
绍兴市,0000001A00000031000000070000000X,4.67,2018/11/15,330600,f92b6157-046f-489b-87bd-c344eb8cd384
宁波市,0000001K00000031000000070000000X,2.7,2017/4/5,330200,616c02cd-85f4-4e77-a027-d4afe323177f
杭州市,0000001E00000031000000070000000X,5,2018/12/5,330100,c0c361e7-f304-4777-8356-576ffa6f03f5
衢州市,0000001500000031000000070000000X,4,2018/1/15,330800,56a80a1d-2a0f-432d-b72d-9e9b8bd52511
衢州市,0000003100000081000000130000000X,77.67,2017/5/15,330800,6840c51e-9e19-454c-9a79-5f7992ec5891
宁波市,0000002U0000007X000000070000000X,4.53,2018/4/15,330200,810cb3a6-7a21-435e-b818-20d743e1043d
嘉兴市,0000001400000031000000070000000X,5.67,2018/5/25,330400,31c825b8-67a1-4eec-8b16-bc30e8b984f0
杭州市,0000000H0000003N000000070000000X,16,2017/2/25,330100,f884ad68-4611-4ad8-b2f8-1649b34a7f10
绍兴市,0000000D0000002R000000030000000X,52,2017/4/5,330600,582321c6-a1b9-4af3-96be-aeb5b7038a3a
浙江省,0000000H0000003P000000070000000X,22.44,2017/8/25,330000,5238fc9b-b2bc-4f02-aecd-35ab29d92d8c
温州市,0000001K00000031000000070000000X,2.83,2017/3/25,330300,5dbe7d02-be3d-401b-be74-6791a46329b7
金华市,0000002P0000007W000000070000000X,2.9,2017/2/5,330700,bf35705e-2e66-429d-998f-c1c6039f3285
台州市,0000000H0000002T000000070000000X,12.67,2018/7/15,331000,91979749-a88b-47fb-b363-c24517c92469
嘉兴市,0000000J0000003Q000000070000000X,40.67,2018/3/15,330400,13799400-5057-439f-8557-3cd7950656ac
宁波市,0000002U0000007X000000070000000X,4.7,2017/9/5,330200,f948a2a8-dc91-4a57-80dc-5660d5bdb1cd
宁波市,0000000K0000003U000000070000000X,36.33,2019/3/15,330200,5e09b814-1cc5-44db-b68c-13f5f8809c59
湖州市,0000000S0000002Z000000070000000X,9.67,2018/8/15,330500,96e59dca-3e0d-40d3-880f-8be76da8acb0
杭州市,0000001700000031000000070000000X,2.77,2017/8/15,330100,10d6f5cb-2221-471c-90af-ffc3f3758a09
温州市,0000001200000031000000070000000X,4.67,2018/1/25,330300,367d0d26-71e2-4d0a-bd45-0c08a070f9a0
温州市,0000000K0000003U000000070000000X,48,2017/10/15,330300,158af571-02f7-45c4-bd49-453098f88932
舟山市,0000000Z00000031000000070000000X,5.5,2018/9/25,330900,e505693d-ce58-4edd-994e-0af1929e2503
台州市,0000001A00000031000000070000000X,4.33,2018/7/5,331000,623d8349-36a1-43da-865f-29be2868bba6
绍兴市,0000000P0000002W000000070000000X,4.43,2017/5/15,330600,f972b7fe-eec6-4240-a4a1-136f8107206d
丽水市,0000000H0000003P000000070000000X,19.33,2017/3/25,331100,e8294f66-e695-4649-85cf-05efaba79996
杭州市,0000002200000038000000070000000X,3.67,2018/11/15,330100,6bee9382-0546-4367-aa87-0389b7982cf7
湖州市,0000000D0000002R000000030000000X,37.67,2017/8/5,330500,ba158ecc-6c1e-47ca-b081-5ac7d6d47082
湖州市,0000001400000031000000070000000X,4.67,2017/8/15,330500,9e96a955-1a2a-4677-9485-cdad2594a369
台州市,0000001400000031000000070000000X,4.67,2017/4/25,331000,87215307-da6a-44ab-8e76-659f8fe677a7
台州市,0000002U0000007X000000070000000X,4.33,2017/3/25,331000,ad13aed0-18a0-4925-9fd7-59ef3c75dabf
绍兴市,0000000Z00000031000000070000000X,2.83,2017/4/5,330600,b2a89309-5cbe-4b86-8ba8-009bc7ec2fc6
浙江省,0000001Z00000036000000070000000X,6.07,2017/10/5,330000,82a1b109-1ed3-44d4-ace6-44daeeffc39b
杭州市,0000000P0000002W000000070000000X,4.87,2017/1/15,330100,aef72929-312e-4855-a2e2-6f28ab05562a
温州市,0000000H0000003N000000070000000X,16,2017/5/25,330300,914386e7-7da5-4766-91c0-2c67d70a9042
湖州市,0000000H0000003P000000070000000X,18.33,2017/8/15,330500,1399c9bb-82ed-4b61-aff3-07272cafda5e
杭州市,0000000G0000003F0000000700000010,9.63,2018/8/7,330100,7b7538df-faee-47d8-94ae-68d03c9f57ee
湖州市,0000001500000031000000070000000X,5,2017/10/25,330500,2c6b0062-939d-4027-bf4b-ed4e1b2fcc3a
浙江省,0000000S0000002Z000000070000000X,9.46,2017/10/15,330000,54f41799-e541-4117-9c27-1048c4109ddf
绍兴市,0000000X0000007T000000070000000X,53.33,2017/2/15,330600,9dabd4da-8e13-4ca5-96a6-e0d957db246a
丽水市,0000000S0000002Z000000070000000X,9.67,2019/3/5,331100,5e5c25da-b059-4bf9-8bb5-34f5be2457e4
绍兴市,0000002200000038000000070000000X,3.17,2018/9/25,330600,c0c43685-f515-474d-9940-46f15b8f5985
浙江省,0000001Z00000036000000070000000X,6.11,2018/2/25,330000,6ddae0f4-23fd-4d2b-9c6b-159e44ddf472
金华市,0000001700000031000000070000000X,2.33,2017/10/25,330700,81488840-dc81-4aa6-9cbf-ccd6c31194df
舟山市,0000000C0000002Q000000030000000X,50.3,2018/12/5,330900,916a2ac2-f9f2-47f4-bdd1-02dfaa6e60ed
杭州市,0000001K00000031000000070000000X,4.17,2018/10/15,330100,1b894d47-71c9-4cb6-95b4-a6d2ebb1eceb
丽水市,0000000D0000002R000000030000000X,54.6,2017/3/25,331100,b25e58c4-d041-4d23-98ae-64f549a0c86f
金华市,0000000Z00000031000000070000000X,4.67,2018/2/25,330700,c8eb94a4-c977-4eb8-8271-bc283f1e43d2
台州市,0000000Z00000031000000070000000X,3.67,2017/1/5,331000,c8edde8d-d7b3-4dc8-9d9e-da7df2fe1974
绍兴市,0000000P0000003E0000000700000010,5,2018/1/9,330600,44d6cb8a-0a7a-4f56-87eb-231f9d3077de
绍兴市,0000000D0000002R000000030000000X,49.33,2018/6/15,330600,27006885-09cd-49eb-bc0b-97bebd0b5120
台州市,0000000M0000003V000000070000000X,10.67,2019/2/15,331000,d17cc218-c826-422f-b506-fe006f9bedf6
舟山市,0000002200000038000000070000000X,3.83,2018/1/15,330900,addeddcc-99a9-4f09-bf4e-f7efc3fcbb3e
台州市,0000000P0000003E0000000700000010,3.6,2019/2/19,331000,e2738bec-27a4-47c1-be84-d15a2f0ee2e8
温州市,0000000H0000002T000000070000000X,16.33,2018/4/5,330300,deb7449a-fc7f-4fb1-a08e-0efb839d2ddc
衢州市,0000003100000081000000130000000X,77.67,2017/8/5,330800,1436845e-c2fc-4310-a1ce-f5896fe49ac0
温州市,0000000P0000002W000000070000000X,6,2018/9/15,330300,2fb5b288-0481-4133-b82c-bb91244d9b3b
湖州市,0000000P0000003E0000000700000010,5.5,2018/8/21,330500,dcbffbcd-3c65-497c-927d-8130b1f19338
宁波市,0000000J0000003S000000070000000X,32.67,2018/10/25,330200,ce45c34b-5209-42b6-a1a9-d4203df098f2
宁波市,0000002P0000007W000000070000000X,3.1,2017/3/25,330200,2f3d93fe-b00e-46eb-9cdc-585446dd9a03
绍兴市,0000001K00000031000000070000000X,3.17,2018/1/15,330600,72201a87-fb14-4d54-915b-88d5a0828c25
舟山市,0000000J0000003Q000000070000000X,39.67,2017/5/25,330900,4aa1e361-5593-4c01-a26d-7a210a4fdac4
宁波市,0000000G0000003F0000000700000010,13.33,2017/1/31,330200,a9f9a1ef-63b3-418e-97e7-e63bff93bb29
丽水市,0000001200000031000000070000000X,3.77,2017/10/25,331100,bf4f2a07-504f-4ebb-bba8-18f0e0bd90ae
湖州市,0000000P0000002W000000070000000X,5.33,2018/3/25,330500,363ad20f-7892-4779-b2b2-efb6a37dde5e
温州市,0000000X0000007T000000070000000X,46.67,2018/7/5,330300,f0b09859-478a-409a-bbd3-363c1fbd61a0
浙江省,0000001700000031000000070000000X,2.87,2018/5/15,330000,12d13ea1-292d-4d95-b8da-979c14641aec
金华市,0000000H0000003P000000070000000X,20.67,2018/8/25,330700,75c275eb-fcb2-44b2-bb48-9d3afc302365
浙江省,0000001400000031000000070000000X,5.42,2017/9/5,330000,b74a2cf6-ef7d-455c-9bd6-693fc74fd907
湖州市,0000001E00000031000000070000000X,4.33,2017/2/25,330500,202b2457-2b95-4ee2-98d3-ed581fd83c29
嘉兴市,0000001200000031000000070000000X,4.67,2018/4/5,330400,708e7fff-7806-4620-b1b8-c553f1f54acf
金华市,0000001500000031000000070000000X,3.5,2018/4/5,330700,af1e521c-e31d-4a9e-b24d-d23478e3c547
浙江省,0000002U0000007X000000070000000X,4.25,2018/3/25,330000,2316a0b9-a58c-4f31-adc8-5586c2d49933
宁波市,0000000G0000003F0000000700000010,10.23,2017/4/25,330200,f70da5fc-51db-4a5b-ac0c-31f611972f60
衢州市,0000000H0000003N000000070000000X,17,2018/10/5,330800,cf78c2d4-2f75-4aef-a8c1-00e411a19fda
绍兴市,0000000H0000003P000000070000000X,26.67,2017/2/15,330600,a4a4b622-cb17-4aca-b61f-5a41be1553aa
嘉兴市,0000002U0000007X000000070000000X,3.93,2018/4/15,330400,2c7da82c-dde0-4e36-a530-247ae00f73b4
杭州市,0000000D0000002R000000030000000X,46,2018/5/25,330100,6821baec-51e1-4269-aa60-5c37342eaa83
湖州市,0000000C0000002Q000000030000000X,57.67,2018/8/25,330500,de6e12c3-b1b6-47c0-9e4b-7613ad168a24
舟山市,0000001700000031000000070000000X,3,2017/4/5,330900,c903a905-9ff9-44db-8dc3-90619974d302
宁波市,0000002P0000007W000000070000000X,3.1,2017/6/5,330200,5c4c12d5-c862-4bf2-9717-a63594f296c1
温州市,0000002U0000007X000000070000000X,4.33,2017/10/25,330300,0a250fe8-64d6-4d4d-b421-dd9813eadfe3
温州市,0000000H0000002T000000070000000X,18.67,2018/3/5,330300,7af6088d-04f4-44a4-a127-413b1c7aa674
宁波市,0000000D0000002R000000030000000X,44.43,2018/1/5,330200,fa886d20-8040-49d9-bca2-0673c6badca9
杭州市,0000000P0000003E0000000700000010,4.1,2018/5/8,330100,cdd6a02d-ab54-4484-ba46-e9dd4a41bbac
温州市,0000002P0000007W000000070000000X,2.33,2018/1/15,330300,9aa943a8-e947-4d09-a392-aaaba1dcf112
嘉兴市,0000000H0000002T000000070000000X,16.67,2019/1/15,330400,72f529d4-e14b-488c-be53-e111f9b888dc
丽水市,0000001Z00000036000000070000000X,5,2017/4/5,331100,d18f587b-5e4d-4fbf-867d-a8e3a882ee3d
宁波市,0000000K0000003U000000070000000X,32.5,2017/5/5,330200,543bddd0-d52e-47ce-a923-14b411a126b5
舟山市,0000000H0000003N000000070000000X,16,2017/4/5,330900,cf1f9f0c-5ea7-4a13-8be2-728427beb437
杭州市,0000001500000031000000070000000X,5,2018/12/5,330100,edacd6af-07f5-43a5-995d-b3484283c28e
浙江省,0000002200000038000000070000000X,3.77,2018/12/25,330000,9783b139-332d-4e41-8717-3d3f6750421c
衢州市,0000000H0000002T000000070000000X,19,2016/12/25,330800,1f379407-4bde-477a-8198-7d8493fe3cfd
杭州市,0000000D0000002R000000030000000X,46.67,2019/2/5,330100,c62c03cc-3185-49ed-be7f-ef1ce8703405
舟山市,0000000P0000002W000000070000000X,5.33,2016/12/15,330900,093484fa-22f6-44dd-898d-13243eac97d4
温州市,0000000D0000002R000000030000000X,51.33,2018/8/5,330300,27e2a90f-2158-4b1d-a30d-6515b099d45b
金华市,0000000H0000002T000000070000000X,15.67,2017/4/25,330700,1a5a512f-0977-4790-9b8f-a25f2446b106
浙江省,0000002P0000007W000000070000000X,3.13,2018/11/15,330000,db813afc-1365-42b6-9e19-dd3580297f29
宁波市,0000000C0000002Q000000030000000X,79.33,2017/8/15,330200,b3bc0344-faae-42df-985c-1541c5229ccd
绍兴市,0000000J0000003S000000070000000X,39.67,2019/2/25,330600,75407ec2-e6f3-4c6a-bb14-a93546cdca92
丽水市,0000000D0000002R000000030000000X,54.6,2017/4/5,331100,88e89067-3ce4-4f9e-b427-4805fc6cfafa
绍兴市,0000000X0000007T000000070000000X,36,2018/7/15,330600,1ab8f82b-e412-45ff-b912-1294171efbd8
湖州市,0000001K00000031000000070000000X,4.83,2017/8/25,330500,ece91be3-be9f-4303-9451-6351e04cb97e
宁波市,0000000J0000003Q000000070000000X,41.33,2018/5/25,330200,1cc6cdcc-b45d-406b-a50e-e763b720fce2
丽水市,0000000H0000003P000000070000000X,19.33,2017/5/15,331100,62816cad-1118-4f82-9f38-fa0e0227867f
金华市,0000001K00000031000000070000000X,2.17,2017/3/25,330700,4c288223-c85d-4b74-8588-06bf2afff98e
丽水市,0000001E00000031000000070000000X,4.67,2018/2/25,331100,6b0b3e07-4c25-4469-b03a-784db40f9b0b
绍兴市,0000003100000081000000130000000X,66,2017/12/15,330600,82ef41cd-2604-41ce-81e7-e18286d54eb9
衢州市,0000000P0000003E0000000700000010,4.8,2018/11/13,330800,78e50d90-9873-4acf-8054-8ce30e45c53f
湖州市,0000001200000031000000070000000X,5,2018/12/25,330500,8f11c2d1-948c-4025-a62e-8980c734c410
台州市,0000000H0000003N000000070000000X,13.83,2017/4/15,331000,ba22ffc2-8d74-41cb-8b1f-e9d15818ccb1
舟山市,0000000X0000007T000000070000000X,41.67,2019/1/25,330900,ac9aa19e-34b1-4cd7-871f-551111313959
温州市,0000002U0000007X000000070000000X,4.5,2018/3/25,330300,9a399fc5-0ec0-4ba7-b6cf-946048b90881
宁波市,0000000G0000003F0000000700000010,7.41,2018/4/17,330200,17c124fc-3996-4516-b2a4-6871f7519f72
杭州市,0000002200000038000000070000000X,3.77,2019/3/5,330100,fef0268e-e15a-49ce-8b31-d0f929b8cc77
舟山市,0000000P0000002W000000070000000X,5.33,2017/9/25,330900,952cc7dc-901f-41dd-9193-bec3870eda70
嘉兴市,0000000H0000003N000000070000000X,15,2018/10/5,330400,de8f7b6b-1b82-4328-8119-ce8f574d7036
杭州市,0000000M0000003V000000070000000X,11,2018/4/5,330100,c6f5db47-5ee7-4d5c-9654-3468e2251b69
杭州市,0000000H0000002T000000070000000X,17.93,2017/4/15,330100,51c30843-c209-45d3-9fa8-d39ac10fc2c5
嘉兴市,0000000C0000002Q000000030000000X,66.33,2017/4/5,330400,ff34749f-3dd6-41d0-9693-49a471536177
金华市,0000002U0000007X000000070000000X,3.93,2019/1/25,330700,eef44fd6-00d4-49e2-a141-e6d9d325f4b1
湖州市,0000000C0000002Q000000030000000X,56.67,2017/1/25,330500,bd8ce6cf-8929-492e-ae6f-6728ec1468af
台州市,0000000M0000003V000000070000000X,10.33,2016/12/25,331000,80892bff-e4c6-4535-92a8-51874e2baaa2
浙江省,0000001200000031000000070000000X,4.02,2017/1/5,330000,012897e7-7e77-496b-b37a-9c537c2a89fa
舟山市,0000000D0000002R000000030000000X,44.97,2017/8/15,330900,a533f972-0c5f-44b8-a160-70926ef585e5
衢州市,0000000X0000007T000000070000000X,26.67,2017/2/25,330800,4eb3147a-d613-4aa9-b6ac-17d29083c6ea
杭州市,0000000D0000002R000000030000000X,46.33,2018/3/25,330100,e9e7bec4-bee0-406e-8375-e80205e22bc2
衢州市,0000003100000081000000130000000X,86.27,2019/1/15,330800,5ba40d1c-1232-41e1-977a-4906865fe274
金华市,0000001K00000031000000070000000X,2,2017/1/5,330700,2d958a6a-3145-4b48-983b-8619fbab1b51
台州市,0000000H0000003P000000070000000X,24,2017/6/15,331000,2f3ca0a0-5788-4003-adfb-fc587a6ed5fa
宁波市,0000000G0000003F0000000700000010,10.73,2017/12/12,330200,ffbfccea-cfcf-4954-b0c6-598dbe07a211
台州市,0000000J0000003Q000000070000000X,38.33,2017/9/15,331000,c09149be-099d-4208-aad6-04eeab3b406a
温州市,0000000C0000002Q000000030000000X,60,2017/3/5,330300,a6a1cd74-6574-43bd-9e9c-a738eaef6010
嘉兴市,0000001Z00000036000000070000000X,5,2018/10/5,330400,3204d57a-54db-46b0-9bcf-588f79dad418
丽水市,0000001K00000031000000070000000X,3,2018/5/5,331100,6a5b16dd-0481-46b8-87ef-49af6d1af75d
台州市,0000000S0000002Z000000070000000X,9.33,2019/2/25,331000,1bdb6f4f-d737-4da1-870c-171d99319de2
绍兴市,0000000X0000007T000000070000000X,58.33,2018/3/15,330600,7998dc7f-0716-49d7-9812-bbf3a0aa9c8e
衢州市,0000000H0000003N000000070000000X,14,2018/9/5,330800,6cf17850-d7b9-4981-a84a-5172d14bd323
丽水市,0000001400000031000000070000000X,3,2018/7/5,331100,9780c69d-87c0-4071-827f-7f7acfdc633f
嘉兴市,0000000G0000003F0000000700000010,9.2,2018/7/17,330400,20cff694-b802-4dd2-a78f-aa7b72d32887
绍兴市,0000002U0000007X000000070000000X,4.67,2018/7/15,330600,1e94c7e1-5a61-478d-ae94-1a9dfd99a641
台州市,0000000C0000002Q000000030000000X,63.33,2019/1/15,331000,d1b285c2-0d06-47cb-8160-1e4f52e3804f
丽水市,0000000J0000003Q000000070000000X,37.33,2017/8/5,331100,1080adbb-7d1e-4251-8210-438073f67be4
台州市,0000000P0000002W000000070000000X,5.57,2017/12/15,331000,bbde1060-fee4-4097-8b5f-d2ef6bd7a622
温州市,0000001700000031000000070000000X,3.17,2018/5/15,330300,47648182-3d62-4923-983f-f2ba8024cf6c
台州市,0000000X0000007T000000070000000X,24.33,2018/9/25,331000,c7e0f703-6716-4791-9127-1cda4c733026
湖州市,0000001E00000031000000070000000X,5.17,2018/6/5,330500,8541c877-a017-40b0-a00b-e5c20af980b2
温州市,0000000X0000007T000000070000000X,34.33,2018/9/5,330300,a597379b-b1f1-4938-ac8c-c04a00462798
绍兴市,0000000H0000003P000000070000000X,24.17,2017/8/5,330600,95d504a4-8064-48c1-9cd4-314619d8d959
嘉兴市,0000000H0000003P000000070000000X,21.67,2018/7/25,330400,e23de0e5-b8d2-4e34-a7c1-c5d13364474d
湖州市,0000001700000031000000070000000X,3.33,2016/12/25,330500,b10de38c-cff0-470e-b5b2-ec1c23252d5e
金华市,0000000P0000002W000000070000000X,4.77,2018/5/5,330700,055ca0bb-5ac6-4c46-82c5-73d01f97a9ed
温州市,0000000P0000003E0000000700000010,4.73,2017/9/19,330300,548e39e6-07cb-4dc6-aa2e-f046d7d71ab3
嘉兴市,0000000G0000003F0000000700000010,9.98,2018/12/18,330400,fa00446a-698a-46b1-8b86-2f0b14b6fe55
衢州市,0000000D0000002R000000030000000X,38.33,2017/4/5,330800,61eb77bd-dd16-4fdc-be31-fc1db6880db8
湖州市,0000001700000031000000070000000X,3.5,2017/2/15,330500,ea66633b-ca35-47ee-b417-272aa3297c0d
温州市,0000003100000081000000130000000X,63,2019/2/15,330300,568727f0-cbdc-45bb-8782-3b6370ff3c7b
宁波市,0000001700000031000000070000000X,3.67,2019/3/5,330200,dcde06b0-5877-40c9-b81a-6e806a9b90a5
台州市,0000001E00000031000000070000000X,4.33,2017/10/15,331000,e602eaaa-1c53-439c-96c5-526c87830062
宁波市,0000000G0000003F0000000700000010,10.11,2019/2/26,330200,88288bfa-2cbe-43d0-be73-1df1c0d13273
湖州市,0000001A00000031000000070000000X,7.17,2017/4/25,330500,fe53434d-73eb-43b6-b90d-09c58460beaa
浙江省,0000001Z00000036000000070000000X,5.92,2017/2/5,330000,caf5cf1d-7373-460e-afcf-1e4bf2a03ca6
湖州市,0000000S0000002Z000000070000000X,8.83,2018/1/15,330500,3d65c7a7-2b25-4ba4-b518-525053d7eeb2
湖州市,0000000H0000002T000000070000000X,17,2016/12/25,330500,5ec50458-1b8a-46ea-81ab-c584dcbea760
嘉兴市,0000001A00000031000000070000000X,6,2018/8/15,330400,2b1ed2e7-0acb-4d97-86f2-2bc1b244e6e7
宁波市,0000000K0000003U000000070000000X,32.67,2017/3/25,330200,50caeb30-dff2-4236-9f35-79bf635c34ce
湖州市,0000002P0000007W000000070000000X,3.89,2018/10/25,330500,329c6430-5f4c-42c0-b847-a50e80332770
温州市,0000000G0000003F0000000700000010,6.55,2018/5/8,330300,c221d8f2-f691-4e0d-8e44-2bd1a5dec97e
丽水市,0000000S0000002Z000000070000000X,9.67,2018/4/25,331100,b757083a-f96e-418f-b039-a0d9c1e247bc
杭州市,0000002U0000007X000000070000000X,4.27,2017/4/25,330100,74500170-a40e-4f67-acf3-58c4dfc81572
舟山市,0000000J0000003S000000070000000X,33.67,2017/5/25,330900,7ac0234d-f6a7-486d-98f3-2b7fb21cc4cd
衢州市,0000000S0000002Z000000070000000X,8.67,2018/3/25,330800,e952a979-a1bb-40a5-8548-268f8cc7f376
嘉兴市,0000001500000031000000070000000X,6,2019/2/15,330400,164873db-8863-45c4-9066-7038df083fda
衢州市,0000001A00000031000000070000000X,6,2017/6/5,330800,1b1fb814-d03e-4d12-801c-911db995c9bc
金华市,0000000J0000003Q000000070000000X,41,2018/7/15,330700,1bffd4ce-b883-4d4c-b63a-6efca851b2c0
湖州市,0000002P0000007W000000070000000X,3.89,2018/12/15,330500,85bba6ca-e3b1-4f3c-a8ab-47b6e3c13ead
嘉兴市,0000000J0000003S000000070000000X,33,2018/11/15,330400,aa70ff4e-855d-4261-a7d6-d7793903cdad
金华市,0000000C0000002Q000000030000000X,69.53,2018/10/15,330700,cef71504-b682-4eb8-9058-0409265073d2
绍兴市,0000003100000081000000130000000X,66,2017/4/5,330600,011f2392-d8c1-43c8-9508-e472fd1ca55d
丽水市,0000000X0000007T000000070000000X,50,2017/4/25,331100,c7aec7d1-3627-4fe5-bd88-4000e987ecc4
嘉兴市,0000002200000038000000070000000X,2.93,2018/6/25,330400,e313447f-6a9b-4c47-afc5-651baa9232f3
宁波市,0000000Z00000031000000070000000X,3.7,2017/5/5,330200,2c008602-6749-46c0-9810-6cdc166c79a1
温州市,0000000H0000003N000000070000000X,16.33,2017/9/15,330300,6462ceb8-fc5f-45ea-a344-fe5151e13082
衢州市,0000000M0000003V000000070000000X,10.5,2017/4/15,330800,fd8bf58f-fca3-481a-94f3-66d35e8743af
衢州市,0000003100000081000000130000000X,86.27,2018/8/5,330800,2d139798-94c8-44da-9650-65aec7bdf441
台州市,0000002U0000007X000000070000000X,4.5,2017/11/15,331000,7ff886ce-49a5-47bd-8e94-2179c83cb2e0
台州市,0000000H0000002T000000070000000X,16.67,2018/10/15,331000,44eb9d21-5fa8-44d6-84b7-72508f926857
丽水市,0000001700000031000000070000000X,2.5,2017/5/5,331100,a1fb6421-d074-43ee-bfd0-cf620300a3c4
绍兴市,0000000J0000003Q000000070000000X,46,2018/12/15,330600,283d7d4d-5683-4a21-b916-90f4653ad2b3
舟山市,0000001400000031000000070000000X,6.17,2017/2/5,330900,eaa6d64a-9745-45a4-8a42-543371ec70ee
丽水市,0000001500000031000000070000000X,4.5,2018/2/5,331100,a15a0138-e427-4a9e-8691-e615eb48d315
宁波市,0000001700000031000000070000000X,3.33,2018/8/25,330200,d921289a-dde0-4ba7-9836-21bf994d4c53
嘉兴市,0000000X0000007T000000070000000X,35.67,2016/12/25,330400,f756b231-ff20-4bee-b765-c8e866b2622e
宁波市,0000003100000081000000130000000X,138.33,2019/3/15,330200,5797fd92-eabf-472f-beaf-635f1128f852
宁波市,0000000S0000002Z000000070000000X,10,2018/7/15,330200,3f36c2d1-cf62-4903-889a-f61408126847
嘉兴市,0000001200000031000000070000000X,3.83,2017/4/15,330400,de591dec-73d0-48bc-b7d3-326cb64da7b6
衢州市,0000000M0000003V000000070000000X,14,2019/2/5,330800,ed9c9e0b-d438-4027-a336-3445f200a92a
湖州市,0000002200000038000000070000000X,4.33,2017/2/25,330500,e49b301c-597a-4d01-982a-e0c4d3eb4363
浙江省,0000000G0000003F0000000700000010,8.53,2018/3/6,330000,2c2a6544-e866-4f06-844d-5835a488a7ab
金华市,0000001E00000031000000070000000X,5.17,2018/8/5,330700,54f29e69-4158-43cd-909f-dcd21a691cc0
绍兴市,0000001E00000031000000070000000X,2.83,2017/4/25,330600,9f87ebcf-53f2-480a-a087-a62d4289b9ee
丽水市,0000001K00000031000000070000000X,4.5,2018/10/25,331100,aaecded2-7c4b-480a-8d8e-ac9cbddfccbc
宁波市,0000001K00000031000000070000000X,3.33,2019/1/5,330200,9d91835c-de23-4407-9f70-43b746f89407
杭州市,0000000G0000003F0000000700000010,10.12,2017/3/28,330100,f2f1dd58-653c-4876-9c73-37a93036ad70
衢州市,0000000X0000007T000000070000000X,24.33,2018/7/25,330800,57156f84-6954-414e-b8dc-6aba7cd99a20
金华市,0000000M0000003V000000070000000X,12.33,2018/6/15,330700,344add89-fe53-4f81-8800-ecace1e955d4
衢州市,0000000M0000003V000000070000000X,11.33,2018/6/5,330800,004dd66d-51b8-47af-8717-e4927cdd3424
绍兴市,0000000P0000003E0000000700000010,3.2,2017/4/4,330600,cfa6939e-47b8-4677-8779-c67f482039d5
杭州市,0000000H0000003N000000070000000X,15,2017/10/5,330100,119ac8ed-101a-4b83-953b-2373b879d20b
温州市,0000000C0000002Q000000030000000X,60,2017/11/15,330300,ad7a7296-2cfe-411b-9187-528fef23072f
浙江省,0000000H0000003P000000070000000X,20.98,2018/4/25,330000,507f9866-8508-4c03-8feb-fa255feb04a7
嘉兴市,0000002200000038000000070000000X,3.17,2018/9/5,330400,481bdb4a-3f98-4ad4-bd0f-f80ebf60df29
丽水市,0000001200000031000000070000000X,3.5,2018/1/25,331100,5eef5513-c2d2-4138-ad73-158df42abcac
衢州市,0000000C0000002Q000000030000000X,69,2018/1/15,330800,a801076e-4d2d-4c5e-8bc4-8edf42591789
湖州市,0000001700000031000000070000000X,3.17,2017/9/25,330500,c5b8ec08-eecd-4cd9-85ba-6f01de5c608e
衢州市,0000000P0000003E0000000700000010,4.6,2018/10/16,330800,3c8f12b6-e20f-4382-9417-ae916851018c
舟山市,0000001500000031000000070000000X,4.33,2018/4/15,330900,e541e27e-897d-4036-86a8-e1cc260a5d9a
台州市,0000002200000038000000070000000X,2.67,2018/8/25,331000,2a05ce58-f867-4aad-84d7-d18b6877ebff
浙江省,0000001K00000031000000070000000X,2.52,2017/5/5,330000,dd06313b-5e4c-4781-865c-5dea75cd4628
衢州市,0000002U0000007X000000070000000X,4.67,2018/1/25,330800,df7815d7-5288-470a-b1e6-7732c2b4ff9a
丽水市,0000000H0000003P000000070000000X,19.33,2017/9/25,331100,fea6d01e-6110-41d6-ae93-32d9923a2f35
绍兴市,0000000Z00000031000000070000000X,3.33,2017/1/5,330600,acb95b77-69e1-4f17-9677-2b0615b92924
绍兴市,0000000P0000003E0000000700000010,3.5,2017/8/8,330600,1e5cf8fc-7235-4199-94be-29e7370797e6
金华市,0000000H0000002T000000070000000X,13,2018/4/25,330700,da0816d0-db92-4468-b918-42a1b009b423
浙江省,0000001400000031000000070000000X,5.68,2017/1/15,330000,4d9d4269-38b5-4caf-91ac-035dbb630d42
绍兴市,0000000J0000003S000000070000000X,33.67,2017/4/5,330600,de2ada91-1863-47ba-91ba-586af30116fa
杭州市,0000001Z00000036000000070000000X,6.43,2017/3/25,330100,93e157f4-0088-4b57-bc3b-ba743cf51c73
台州市,0000000H0000002T000000070000000X,13.17,2017/6/25,331000,a3719fe5-0123-4c78-97a3-f55816270f89
绍兴市,0000000H0000002T000000070000000X,15,2017/5/5,330600,f0a98e80-7547-412f-81e0-5b67e76d221a
杭州市,0000001700000031000000070000000X,2.6,2018/11/5,330100,cf506b7d-8f89-43cd-a714-5fb7affeb2b1
金华市,0000002200000038000000070000000X,3.5,2018/10/15,330700,d74eb521-b4de-4a1d-b4cc-27e72c5a979f
杭州市,0000000K0000003U000000070000000X,33,2017/4/15,330100,fbaf9e5a-9071-479f-929b-605adb384c71
丽水市,0000001E00000031000000070000000X,3.5,2016/12/25,331100,2d29763b-cd38-47ca-8c22-a7907c214968
金华市,0000000H0000002T000000070000000X,14.67,2018/1/15,330700,86c7ce45-f2e3-49ec-bd88-2ea49755fa46
金华市,0000000G0000003F0000000700000010,9.3,2017/6/13,330700,a0ce936a-815c-4de4-af45-8db8eb42321d
温州市,0000000P0000003E0000000700000010,4.4,2018/3/6,330300,3f983bd9-a382-4c2a-9846-7935424dad97
宁波市,0000001400000031000000070000000X,7.5,2018/9/25,330200,a0c29ef5-a386-4d2d-970d-20d7848d4ed5
绍兴市,0000000J0000003S000000070000000X,36.67,2018/12/15,330600,8e3010c2-c5aa-4bd0-a322-d91bd5e6db33
湖州市,0000000H0000003N000000070000000X,14.83,2017/4/15,330500,57a2e575-6175-4d30-99a8-f655cb93cfd1
金华市,0000000P0000003E0000000700000010,4.5,2019/1/15,330700,decc6405-9d95-4cf2-b73b-4f3fd0fc456d
浙江省,0000001A00000031000000070000000X,4.9,2017/8/15,330000,f46e65d5-3e8c-440b-b5b0-b07707fc4f86
丽水市,0000000H0000003P000000070000000X,16,2018/5/15,331100,f13c10cb-432e-4461-8e27-d3324e9b1286
舟山市,0000001200000031000000070000000X,4.5,2018/3/15,330900,f1272609-eb49-4e85-900e-edeb52d129f4
舟山市,0000000M0000003V000000070000000X,13.67,2017/4/25,330900,434d622f-be98-4200-9658-df696e466b0c
金华市,0000000G0000003F0000000700000010,9.7,2017/8/22,330700,c08b006e-5053-4c02-ad27-3b8c1751f486
嘉兴市,0000000H0000003N000000070000000X,12.5,2018/5/25,330400,3030547f-f21a-415d-bafb-1d808091c1f0
温州市,0000000C0000002Q000000030000000X,60,2017/4/25,330300,e67611d5-0c74-405b-ad1d-af17bde64991
温州市,0000000Z00000031000000070000000X,4.17,2018/4/5,330300,d96b9711-f71e-4919-a70d-1446baba827f
金华市,0000000G0000003F0000000700000010,9.6,2017/11/28,330700,f3c1831d-76ab-4c11-8969-be8ab437e14d
丽水市,0000003100000081000000130000000X,84,2017/5/25,331100,1986f15b-6a3b-4d0b-b630-7ae09c1c8e33
杭州市,0000002U0000007X000000070000000X,4.5,2018/12/25,330100,241e0830-7401-4e52-9227-8a59b5ebd001
金华市,0000000J0000003S000000070000000X,34.33,2018/6/5,330700,1d43f9bc-0312-4df0-9069-0812b15eec2b
丽水市,0000001E00000031000000070000000X,3.33,2019/1/5,331100,089fe15e-12f7-4119-b120-aa0e248d6bc6
绍兴市,0000000S0000002Z000000070000000X,8.33,2017/4/15,330600,73f54a70-7a51-4d49-a3f8-bc76554becde
衢州市,0000001A00000031000000070000000X,8.67,2018/3/5,330800,32754f50-fad6-4cf1-8dcd-dac5642b24d1
台州市,0000001K00000031000000070000000X,2.67,2018/11/5,331000,48288691-3792-4af2-ac3c-ae13d15ee744
浙江省,0000001K00000031000000070000000X,3.35,2016/12/25,330000,a9b4105a-77d8-4da7-8fbf-7202a59a6594
绍兴市,0000000H0000003P000000070000000X,24,2018/4/5,330600,d8c1b2df-1580-4bd3-8538-e61dfd1f1486
舟山市,0000000M0000003V000000070000000X,13.33,2017/9/15,330900,41eebdac-205f-49a0-b3d5-27c9f666f391
丽水市,0000000J0000003Q000000070000000X,42.67,2018/11/25,331100,93c064f7-65e0-45ee-ad6a-ffe918c98641
金华市,0000000J0000003S000000070000000X,34.33,2018/6/15,330700,59e6224f-6a87-43da-964c-6342c6b30d0b
衢州市,0000001Z00000036000000070000000X,5.33,2018/1/15,330800,148d5eef-2a84-4469-b7c8-c9bcb76ff8ff
衢州市,0000000J0000003Q000000070000000X,38.33,2017/10/5,330800,c4627d8c-70e2-48b9-a1e4-15db39b4bbd2
浙江省,0000000D0000002R000000030000000X,44.36,2017/5/25,330000,888db070-fadc-4a05-8f4f-bc21ff625932
杭州市,0000000P0000002W000000070000000X,4.17,2017/5/25,330100,1a19e45a-e905-4efe-ac07-1e198926d9d1
绍兴市,0000000K0000003U000000070000000X,38.67,2018/10/15,330600,331a2b65-7651-4d76-99aa-2726a9ac3081
台州市,0000000S0000002Z000000070000000X,9.33,2016/12/15,331000,3ef1f0c0-1ced-4f26-99b9-c99ee4d9e959
嘉兴市,0000000G0000003F0000000700000010,10.4,2017/4/11,330400,3d96c137-d548-48a2-b9d4-ac4a6ad831b1
绍兴市,0000001A00000031000000070000000X,4.17,2018/5/25,330600,5d5f17ad-ad7f-486d-8c34-babdc8ecd874
杭州市,0000000M0000003V000000070000000X,10.33,2017/5/5,330100,b9bb305c-0ebb-4094-94d8-3b5717e3a1af
杭州市,0000002U0000007X000000070000000X,4.5,2018/1/25,330100,3e0c98ae-db8c-4d4e-955a-20c05b429505
金华市,0000001400000031000000070000000X,5,2018/8/25,330700,19a1c96a-3d72-46e5-98b5-9cb5707d9530
丽水市,0000000Z00000031000000070000000X,3,2018/11/25,331100,54feed72-a45b-44ec-8e8b-fe48278a3b6d
台州市,0000001400000031000000070000000X,4.83,2018/6/5,331000,990c9be2-e42b-421f-ac81-86a56c77f28e
丽水市,0000001500000031000000070000000X,4,2018/6/5,331100,f616a393-f1ee-4d0c-be78-a6aaec983bd6
宁波市,0000001Z00000036000000070000000X,6.5,2017/7/5,330200,45c73049-8850-4e6b-a356-71af3ebbdcdb
台州市,0000000S0000002Z000000070000000X,9.5,2017/3/15,331000,b985e91b-95a2-48a5-bf98-cd602522d167
浙江省,0000001400000031000000070000000X,5.72,2018/9/5,330000,54596bf2-234e-4dd3-86f1-f3b1276a3419
杭州市,0000000P0000002W000000070000000X,5.27,2018/5/15,330100,93071667-7fce-4b96-973f-6d43d1d3bf29
温州市,0000000M0000003V000000070000000X,14.67,2018/1/25,330300,9e788137-40ef-43e5-a04a-f7ea39c93b8b
温州市,0000001Z00000036000000070000000X,6.33,2017/9/25,330300,afda0713-2fad-4e91-9662-101fa8a7d892
温州市,0000000X0000007T000000070000000X,43.33,2018/7/25,330300,25f1b7ce-19cd-4879-b2a7-719313a133ee
衢州市,0000000P0000002W000000070000000X,5.33,2019/3/5,330800,35c0c0df-0e5e-452b-9abc-aad9f0ec4dc8
绍兴市,0000000K0000003U000000070000000X,40,2019/1/5,330600,28139604-0d60-4a55-9079-456ff617ac95
台州市,0000000G0000003F0000000700000010,9,2017/10/17,331000,18ebfee3-700f-4baf-b5aa-f15b3775f568
绍兴市,0000000H0000002T000000070000000X,14.67,2017/5/25,330600,ab81f3d3-2a33-4ff5-9273-ce41850a64e8
杭州市,0000002U0000007X000000070000000X,4.5,2019/2/5,330100,d0159c97-0414-4796-8a33-4c00cab3c3f5
嘉兴市,0000002U0000007X000000070000000X,3.73,2017/4/15,330400,e0dcf205-9e57-4379-af00-b668d3481b04
丽水市,0000000J0000003S000000070000000X,36,2018/5/15,331100,118d9b48-b70b-4efc-a9d9-64fc3d82fd9d
温州市,0000000Z00000031000000070000000X,3.67,2017/7/15,330300,26e1e7d8-3fd7-4a46-ac77-09af53a30df3
杭州市,0000000P0000003E0000000700000010,4.7,2018/2/6,330100,9a7b9b07-6078-4e49-a4f2-100ae25e2bd2
丽水市,0000000J0000003Q000000070000000X,37.33,2017/10/25,331100,b2e141ad-0f12-4fb7-bf1a-1847da48b61b
宁波市,0000000P0000002W000000070000000X,5.23,2017/2/5,330200,91045cd2-1fb8-4af1-b7ed-320fc6250949
宁波市,0000000J0000003S000000070000000X,32.33,2018/8/5,330200,202abe5f-a609-4d1c-bf2b-efb95553050f
浙江省,0000000Z00000031000000070000000X,3.92,2018/5/5,330000,e568b53a-9a9f-431e-8a03-665547fdcd38
衢州市,0000000K0000003U000000070000000X,34.33,2018/10/15,330800,0810e0ec-387e-4989-8eb9-a3ea7cd45e00
湖州市,0000000K0000003U000000070000000X,0,2018/2/5,330500,79b869bf-44c5-4763-9742-19dca37dddb7
杭州市,0000000P0000003E0000000700000010,4.3,2019/1/29,330100,4c9ee83c-301d-4fb9-aefd-8175a728a371
浙江省,0000000P0000003E0000000700000010,4.35,2018/7/24,330000,e0b8a1f6-49e2-4f7f-9409-4958ba4c0e78
舟山市,0000002U0000007X000000070000000X,3.83,2018/1/15,330900,278641f3-281c-42fa-94c0-a334f7e9efe7
湖州市,0000000J0000003Q000000070000000X,38.33,2017/4/25,330500,e22eeef0-58b4-48bf-bc67-083ed0f8cb14
嘉兴市,0000000H0000002T000000070000000X,16.67,2019/3/15,330400,9cd08328-5a4d-4dce-958c-f0a916616424
丽水市,0000001500000031000000070000000X,4.83,2017/3/15,331100,289c33e1-d0b1-4974-b464-b0d949082d52
湖州市,0000001K00000031000000070000000X,3.5,2017/2/25,330500,ae681e7f-a214-46da-9e69-9719482a55f1
湖州市,0000002U0000007X000000070000000X,3.87,2018/1/25,330500,dbdae8b0-f001-409d-b556-a3a59ee17871
嘉兴市,0000000D0000002R000000030000000X,38.67,2018/2/15,330400,8e4ea3b1-62fb-4799-a595-98ede87ee512
绍兴市,0000000S0000002Z000000070000000X,7.83,2019/3/15,330600,350c3165-0bc3-4b01-8079-45f52eb88919
温州市,0000000H0000002T000000070000000X,18.67,2017/12/25,330300,29f82888-7685-4ce3-90df-e35d23916d1e
湖州市,0000000S0000002Z000000070000000X,9.67,2018/8/5,330500,1053ce3d-293b-4a99-bb2f-a44fa4d18969
杭州市,0000000M0000003V000000070000000X,10.33,2017/3/25,330100,75b71def-9bb8-4090-bd40-a251184f0e17
舟山市,0000000H0000002T000000070000000X,14,2018/8/15,330900,c5ce8ee3-2406-45ce-8d8c-0f2f3ba5d152
温州市,0000001E00000031000000070000000X,3.17,2017/3/25,330300,6ba70b36-dd42-456f-8121-a2bb29699550
杭州市,0000000H0000003N000000070000000X,16.33,2017/2/15,330100,cd4ce336-f280-4043-9415-0adcb8209625
宁波市,0000000H0000003N000000070000000X,13.1,2018/6/15,330200,742bd83d-f25d-4305-a0ab-5aa7e560a240
宁波市,0000001K00000031000000070000000X,2.7,2017/3/25,330200,2c94cc10-2c32-4c7e-8c99-893331e8cad8
湖州市,0000000S0000002Z000000070000000X,8.17,2017/4/15,330500,259fc3cf-40c4-454d-9dd4-89bf1b020c39
温州市,0000000M0000003V000000070000000X,14.67,2017/6/25,330300,39a56f27-546b-4138-8c09-cd922a0c9dc5
温州市,0000000M0000003V000000070000000X,14.67,2017/5/5,330300,5791d157-a7b2-46ee-affa-d43967512a01
衢州市,0000000C0000002Q000000030000000X,68,2017/9/15,330800,e836724f-7094-4ea9-a5f7-2fdb2d55b5c6
杭州市,0000000P0000002W000000070000000X,5.67,2017/8/25,330100,74423821-38bf-465a-80e4-c35e398dd7fb
绍兴市,0000001400000031000000070000000X,4.17,2018/8/5,330600,13afd48b-7632-4796-8c37-40014be01090
丽水市,0000000H0000002T000000070000000X,14,2017/9/25,331100,ff2453ae-24e6-4893-9e6d-ad4f949a09ff
浙江省,0000001200000031000000070000000X,3.1,2017/7/5,330000,f8838c5e-1024-499f-bff2-8614d3fe00c4
台州市,0000000J0000003Q000000070000000X,40,2018/3/5,331000,c5e0d24c-a016-4d37-a662-cd212ef5b5e4
湖州市,0000001400000031000000070000000X,5,2017/11/25,330500,bcec4deb-c047-4261-b64a-7174befefa17
舟山市,0000001Z00000036000000070000000X,7.33,2017/9/25,330900,9aa114ca-99d6-486e-96c9-dcd585b70fe1
台州市,0000000P0000003E0000000700000010,3.7,2017/8/1,331000,a4c57d51-90d0-4dc8-96c5-7ebcb6b9aec6
温州市,0000000P0000003E0000000700000010,2.95,2017/4/11,330300,be1ac58a-2da3-43b6-ac8c-5549735204e1
衢州市,0000000H0000003P000000070000000X,24.33,2019/3/5,330800,0e7e978e-b6b4-44c2-bb97-7d8136d550d7
浙江省,0000000H0000003P000000070000000X,22.42,2017/9/5,330000,b381e921-1862-4899-aeeb-f71b3de1968f
绍兴市,0000001Z00000036000000070000000X,5.33,2019/1/5,330600,47a96e31-6476-4a0e-b158-ec92c7bfcb65
舟山市,0000000J0000003Q000000070000000X,40.33,2017/2/25,330900,5ebb39f2-42de-41f2-9e30-d4f036eaa8db
舟山市,0000002U0000007X000000070000000X,4.67,2018/10/25,330900,da1128b8-74c6-4fed-b40d-7bff8cde1a41
舟山市,0000000J0000003Q000000070000000X,41,2018/9/15,330900,7a5508d1-82a9-476e-bbaf-e66b973122c9
衢州市,0000002P0000007W000000070000000X,3.06,2019/2/25,330800,1e624c8c-965f-4980-aeeb-788140ab247b
舟山市,0000000M0000003V000000070000000X,13.67,2017/1/15,330900,1f16134d-e3e9-453d-adaa-ede5b79c7118
杭州市,0000000K0000003U000000070000000X,33,2017/2/25,330100,3e893757-3e14-4b81-a34f-1f485cf03428
浙江省,0000000K0000003U000000070000000X,36.19,2018/3/15,330000,ec947d98-fee9-479b-9beb-e98c8c1a4782
宁波市,0000000J0000003S000000070000000X,32.67,2018/3/15,330200,cbb49b5d-7da4-4f05-a4ce-3e1bd2e5efc5
嘉兴市,0000001Z00000036000000070000000X,5.67,2017/2/15,330400,0a31d46e-7e1a-4c16-ac23-2bfc60148300
金华市,0000000P0000003E0000000700000010,4.7,2018/1/9,330700,573bb53f-8b2d-4ef2-9d97-bbdc54758267
舟山市,0000000D0000002R000000030000000X,44.3,2019/1/15,330900,963a85fb-d703-40f5-8f62-60e1eb8f62b7
温州市,0000000D0000002R000000030000000X,51.33,2019/2/25,330300,45634c76-c518-4ffd-ab15-9b1c814d79e9
金华市,0000000J0000003S000000070000000X,34.33,2017/9/25,330700,9ad2a5d8-f8f5-4ec6-b3dd-2e9f8358d38d
衢州市,0000002P0000007W000000070000000X,3.06,2017/12/25,330800,b99a83e6-71bf-4835-9cc2-879d540e2ddb
嘉兴市,0000000M0000003V000000070000000X,10.67,2018/6/25,330400,18cb8dfe-4231-42a0-9578-215e42bfd344
温州市,0000000J0000003S000000070000000X,41,2018/6/25,330300,d2d05561-1db2-4b2e-a666-b9456573724b
绍兴市,0000001700000031000000070000000X,2.67,2018/7/5,330600,34ae5cb7-bc29-461f-880c-1bf00e17c91e
温州市,0000001400000031000000070000000X,6.17,2017/9/5,330300,13813692-d4fe-4573-8fe7-13a22ea2c356
湖州市,0000000H0000002T000000070000000X,16.33,2018/10/15,330500,279fbd33-827d-4dd9-8727-c1d2c1e87a2a
衢州市,0000001700000031000000070000000X,2.83,2016/12/15,330800,7ba16944-7252-49d5-9ebc-59cf192db35d
舟山市,0000000G0000003F0000000700000010,8,2018/4/24,330900,15049908-f2ab-4b18-a1aa-eec78aede21d
台州市,0000002200000038000000070000000X,2.1,2017/11/25,331000,32f364a6-0402-401f-9d6b-665a0d8acb83
丽水市,0000002200000038000000070000000X,3.16,2018/5/15,331100,32555662-32d6-4da0-98a6-b5420f36e73f
湖州市,0000001Z00000036000000070000000X,5.33,2017/2/25,330500,a8fa015d-9fad-47e7-80e6-c4b1ff64a371
舟山市,0000001700000031000000070000000X,3.17,2018/4/15,330900,2dc25a8e-d1fb-44e6-b5bb-30aea5e3521a
金华市,0000001Z00000036000000070000000X,6.17,2018/10/5,330700,da5e8d86-4c5b-47d2-af23-52d80dd88567
衢州市,0000000H0000002T000000070000000X,19.67,2018/1/25,330800,1f6c4884-3957-44bf-a823-eb69e6e89ac5
湖州市,0000000S0000002Z000000070000000X,8,2017/3/15,330500,934bd1eb-912c-4013-8664-1d808cf6db48
浙江省,0000000Z00000031000000070000000X,4.52,2018/1/5,330000,c76288d5-1e7e-493b-82ac-4c05a5cde261
嘉兴市,0000000X0000007T000000070000000X,31.67,2018/6/25,330400,473d183d-13f7-4f0d-af1a-e2f95192e466
浙江省,0000000G0000003F0000000700000010,9.12,2017/6/20,330000,2adc2402-2043-4604-bb34-4c4ce0b1d1ce
台州市,0000000J0000003S000000070000000X,32.67,2017/5/5,331000,fbf73407-3710-40d2-a2a0-c7cf23db444e
宁波市,0000002200000038000000070000000X,4.33,2018/10/25,330200,0d61a0eb-b870-4857-b412-539d26925cb6
舟山市,0000001K00000031000000070000000X,3.17,2018/3/15,330900,3889c09e-2f9e-4e3d-8985-d64ec2e6d96a
嘉兴市,0000001E00000031000000070000000X,4.17,2017/4/15,330400,c3d69c8d-38f7-4535-a764-2f71faeda577
温州市,0000001E00000031000000070000000X,5.83,2018/8/15,330300,0cc1299d-01a6-4c9a-9ffc-dfece0683527
宁波市,0000001400000031000000070000000X,7.23,2018/2/15,330200,25d70819-b14d-4c37-81d1-89da711c8671
杭州市,0000002200000038000000070000000X,3.53,2017/1/15,330100,fd7c5dae-4c25-43b1-894e-9f9f2f61e2c3
台州市,0000000H0000003N000000070000000X,14.67,2017/2/5,331000,9d3e997e-4d8c-489a-854d-1bd47412e37c
杭州市,0000001A00000031000000070000000X,5.33,2018/6/15,330100,f31d6ba6-ed8a-4757-b480-f4254d1fa203
温州市,0000000S0000002Z000000070000000X,9.83,2017/7/15,330300,44acbf83-8aa4-4e59-bf88-24510c490560
杭州市,0000000X0000007T000000070000000X,39.83,2017/5/5,330100,eccc6b01-dbd9-49b9-86af-69772250557c
杭州市,0000002200000038000000070000000X,2.67,2017/9/25,330100,308cab8f-e6a4-43a3-ad9f-403362b06aff
台州市,0000000G0000003F0000000700000010,10.6,2018/11/6,331000,8610c96a-e14c-40cf-a5f0-5463adcb3fd2
杭州市,0000000S0000002Z000000070000000X,8.6,2017/8/15,330100,44cf0607-ab05-4b01-8473-30ac961f6785
丽水市,0000000X0000007T000000070000000X,39,2018/12/15,331100,9c65b648-8f6d-4ad2-a2ec-07273c31e3f7
温州市,0000000H0000003N000000070000000X,20.67,2018/11/15,330300,39485d8c-9e04-4477-8da7-49bbe15ff394
湖州市,0000001500000031000000070000000X,4.67,2018/5/25,330500,7e7c2f11-c88f-4a3c-9777-ee026cc91384
舟山市,0000001700000031000000070000000X,2.5,2018/1/5,330900,6b4a42fc-b687-4e54-9a97-9f73a3377557
湖州市,0000001K00000031000000070000000X,3.33,2018/4/25,330500,4d04d48d-315e-42bd-878e-fd3ccd0e7c6b
舟山市,0000001Z00000036000000070000000X,7.67,2018/8/15,330900,cbeb1a7e-46e3-45f0-a396-77a336830268
绍兴市,0000000H0000003P000000070000000X,24,2017/7/5,330600,33f3f5bb-86b5-44a3-8f4f-417f05288b4a
浙江省,0000002U0000007X000000070000000X,4.29,2017/5/5,330000,681c2b2c-ea4b-4d1a-84c8-81721ac57fbe
绍兴市,0000000P0000003E0000000700000010,3.6,2018/4/10,330600,d6c0d252-0184-4bb5-8ca8-8236d8b3190b
温州市,0000000X0000007T000000070000000X,50,2017/4/5,330300,b7a02c56-97a0-4aaf-8b8a-2e6fbce08652
衢州市,0000000X0000007T000000070000000X,25.33,2017/7/15,330800,74e8758f-45a4-41ec-b063-b1690d4a4739
湖州市,0000001Z00000036000000070000000X,5.33,2017/1/15,330500,5e152c76-a528-48fe-846e-859b65d7afac
温州市,0000003100000081000000130000000X,63,2017/4/5,330300,acfd138a-3eb5-41a4-8bf7-a2d1f7746b88
温州市,0000001200000031000000070000000X,4.67,2018/4/25,330300,91a81b3b-adc8-4351-a0e2-0935a5e468cc
丽水市,0000001200000031000000070000000X,3.83,2017/4/5,331100,fa618f25-bd22-48bd-aedd-87707bdf7fea
湖州市,0000000Z00000031000000070000000X,7.5,2017/9/15,330500,4679d549-65f4-4a8e-8080-9cad3c367c77
浙江省,0000000K0000003U000000070000000X,36,2018/7/25,330000,afeee4c1-7072-42ff-9685-130d6f4d924a
衢州市,0000000H0000003P000000070000000X,23.67,2017/4/5,330800,790ec7b7-e785-442b-8856-82a107edf34d
浙江省,0000001K00000031000000070000000X,3.23,2019/1/15,330000,b1aae59f-02b8-4b50-b425-17e336731364
温州市,0000000Z00000031000000070000000X,4.17,2018/4/15,330300,bff6da70-7a90-4b4a-8a79-952f7cb3a08c
湖州市,0000000X0000007T000000070000000X,35,2019/1/15,330500,0e4fd7c9-0e8d-49ed-9301-cbafa3838e79
嘉兴市,0000002P0000007W000000070000000X,3.2,2017/7/5,330400,4857b5a9-c4c2-4d57-8ab8-24b603398bf3
台州市,0000001K00000031000000070000000X,2.17,2017/5/15,331000,8958d7d0-5ea1-4e7e-aa4e-20241fe95ea7
衢州市,0000001Z00000036000000070000000X,4.67,2017/12/15,330800,024ee661-abcb-4507-896e-68da3e06e122
衢州市,0000000J0000003Q000000070000000X,38,2018/7/5,330800,1d779da3-c277-4079-ac04-c9792c982c48
杭州市,0000000S0000002Z000000070000000X,8.67,2017/9/5,330100,400e2fc8-aea2-4ad2-9722-76d0fc7fe2e2
宁波市,0000000D0000002R000000030000000X,41.33,2018/4/5,330200,d7e7d06b-9f64-438a-89c0-a501053a4974
杭州市,0000000M0000003V000000070000000X,10.33,2017/3/25,330100,d06f95c3-ba7b-4274-98df-2ba1f9be391a
衢州市,0000002P0000007W000000070000000X,3.06,2018/12/25,330800,c9627e6f-8737-4445-9e1d-42a701a3c1f8
嘉兴市,0000000G0000003F0000000700000010,10.9,2018/10/9,330400,e7b2c48e-20f1-498d-9f40-6003094ef0fd
衢州市,0000000J0000003S000000070000000X,36.67,2017/2/25,330800,edd4f902-5dca-46b3-8bb7-bc6af1eb0c22
湖州市,0000000Z00000031000000070000000X,4.17,2018/4/25,330500,52c16640-d1c4-4f86-914a-b501c48821be
金华市,0000001500000031000000070000000X,3.67,2017/4/25,330700,7df61344-d65b-4f06-9e78-ec5acfa1aad1
温州市,0000000D0000002R000000030000000X,46.67,2017/5/5,330300,3fa8991e-8a8a-4384-8b8d-f9cc1aa528e2
绍兴市,0000002U0000007X000000070000000X,4.17,2016/12/25,330600,56139d94-db9d-491c-b1d7-1acd3865d453
宁波市,0000001E00000031000000070000000X,5.57,2017/7/25,330200,fda3e0e8-3293-49b1-a80e-90eeb51e86b7
杭州市,0000000H0000003P000000070000000X,23,2019/2/15,330100,cf837d2b-fc3f-4c0f-900b-fd261c1331ad
杭州市,0000001Z00000036000000070000000X,6.4,2018/10/25,330100,56eb7220-ae1c-4cb0-9df7-6b8d15b87079
湖州市,0000003100000081000000130000000X,74.2,2017/12/5,330500,f95acc77-d296-4169-b3ca-510ff26b4d95
台州市,0000001400000031000000070000000X,6.67,2017/8/25,331000,407c5623-d853-4e2a-b552-0290e5ce1749
浙江省,0000000M0000003V000000070000000X,12.62,2017/12/15,330000,2d80ceb8-0720-4b57-8d35-16dcd676dabb
衢州市,0000000D0000002R000000030000000X,38.33,2017/7/5,330800,f9a9e872-ecc4-4c38-b8d7-b48dcdfff23f
衢州市,0000001A00000031000000070000000X,6,2018/4/25,330800,f797e392-941b-4afb-8c34-f39d94a300e9
衢州市,0000000H0000003P000000070000000X,21.67,2017/11/15,330800,dc35e292-b285-4143-adba-ebc42489e58f
绍兴市,0000000K0000003U000000070000000X,34.67,2016/12/15,330600,10d47a21-28cd-4c26-a1a0-6fd44beedeab
衢州市,0000002200000038000000070000000X,2.67,2018/5/5,330800,1f61062c-c0c4-47e4-8124-6e59cd4d7faa
湖州市,0000000J0000003S000000070000000X,37,2019/3/15,330500,811c1300-8a98-4bed-a4d2-8cbf6a2b47da
衢州市,0000002P0000007W000000070000000X,3.06,2017/6/5,330800,b2bae5c0-388b-4157-9c73-63c83f2ce68b
湖州市,0000001K00000031000000070000000X,4,2019/1/25,330500,09579a1a-3542-4c90-9771-f7310c6918a0
衢州市,0000003100000081000000130000000X,93.27,2017/10/5,330800,32c90cf3-99fa-4bea-a9b5-07f6d5f49123
绍兴市,0000000C0000002Q000000030000000X,57.67,2018/7/5,330600,c7d9b3ec-50ae-4baf-8324-b655c9befd7d
宁波市,0000002U0000007X000000070000000X,4.6,2018/6/25,330200,78cd7ace-2ef5-4111-95b0-cf942f44c0ed
金华市,0000001200000031000000070000000X,2.5,2018/7/5,330700,7f8607f9-7d71-4088-a5b3-cf9068b81b7b
绍兴市,0000000P0000003E0000000700000010,4.3,2018/6/5,330600,f11646cf-1114-411b-a71a-4b825865dae5
杭州市,0000000K0000003U000000070000000X,33,2017/4/5,330100,37baa8d7-c7da-4354-939e-6fe933e4b134
宁波市,0000001500000031000000070000000X,4.83,2017/11/5,330200,3c3066b2-c8e2-4f66-b7b6-c0dd87223c09
台州市,0000002P0000007W000000070000000X,3.45,2017/10/15,331000,35221f16-6c5d-4e3e-8428-de12c893c260
金华市,0000001700000031000000070000000X,2.5,2018/4/15,330700,78d95c91-a18b-4157-a75e-2a779c9f6a5f
丽水市,0000001E00000031000000070000000X,3,2017/12/15,331100,356e32c6-8f27-4904-a742-791f036fb1e8
舟山市,0000001400000031000000070000000X,5.17,2018/10/25,330900,8724d655-3cb7-4d8f-923f-6a28aeb8b4d3
丽水市,0000000G0000003F0000000700000010,9.8,2017/9/12,331100,4249f9f6-0ca8-4115-b563-b3fe39bd66ee
舟山市,0000000P0000002W000000070000000X,5.5,2018/8/5,330900,070b75a2-687a-4930-b896-5c2a6bfadf19
温州市,0000000J0000003Q000000070000000X,46.67,2018/7/15,330300,fb9c2c21-d93b-44e2-8a68-305b7a9acba1
衢州市,0000002P0000007W000000070000000X,3.06,2018/12/5,330800,b5560410-0f6b-43db-8cd5-adc30c086eed
嘉兴市,0000000P0000002W000000070000000X,5.67,2017/9/25,330400,25bc9c40-3589-49c7-b53c-9d1d155c766c
浙江省,0000001700000031000000070000000X,2.68,2017/6/15,330000,359bbe84-c66a-4017-a548-f50774bee3d8
衢州市,0000000X0000007T000000070000000X,26.67,2017/3/25,330800,afb4c75a-cebf-44ba-8096-052b8ad19491
绍兴市,0000000S0000002Z000000070000000X,8.17,2017/3/25,330600,a0d7d0e6-5197-467f-b39c-bb778dee4091
湖州市,0000000Z00000031000000070000000X,4,2017/5/5,330500,6b8e639e-f824-4aa9-9686-7ffaf4b4741b
温州市,0000002U0000007X000000070000000X,4.33,2017/10/5,330300,83483536-3066-4679-873f-1d605ba6852f
衢州市,0000000S0000002Z000000070000000X,9.67,2017/8/5,330800,f804ae03-5ec1-4ab4-ad84-4652d6c25cc2
嘉兴市,0000000D0000002R000000030000000X,36,2018/8/25,330400,742f7105-deb1-480d-ac4e-58956bca19df
绍兴市,0000002P0000007W000000070000000X,2.56,2017/1/15,330600,7c320a45-2b3b-420b-bcbe-0256651752e1
浙江省,0000000Z00000031000000070000000X,3.9,2017/6/15,330000,0ed063ac-f320-45be-958f-d17b48b96688
舟山市,0000000Z00000031000000070000000X,4,2018/5/5,330900,d89e2d41-342a-45de-8b7c-fb0a43591b7b
湖州市,0000000K0000003U000000070000000X,0,2017/1/15,330500,3434b4ca-4545-425b-9cea-17bb5f2bab43
丽水市,0000002200000038000000070000000X,3.33,2018/8/15,331100,bb44e0fe-1173-4356-8677-dc8c9cfdea9b
绍兴市,0000000K0000003U000000070000000X,36.67,2018/1/25,330600,0f47de88-38be-49eb-bb00-06f021d9d794
湖州市,0000000P0000002W000000070000000X,6,2018/8/15,330500,dcb7e0f2-a335-4fc0-b8a7-cf25c2731ab9
丽水市,0000000Z00000031000000070000000X,3.17,2017/6/15,331100,9ee0e95d-2cf1-4706-997b-c5727a32a402
嘉兴市,0000000X0000007T000000070000000X,32,2019/3/5,330400,6a2c02aa-2b3c-4fbe-9c18-3f48da4aa492
杭州市,0000002P0000007W000000070000000X,2.87,2017/5/25,330100,3a0c0b3a-05c6-484f-8e2e-278b11c04db9
丽水市,0000001A00000031000000070000000X,4.33,2016/12/15,331100,01fb072f-d252-40f2-902f-393f058536dc
舟山市,0000000S0000002Z000000070000000X,11.67,2017/10/25,330900,ebc11658-2768-4a1d-beae-e0c8e5c3d15b
衢州市,0000000K0000003U000000070000000X,36,2019/2/25,330800,88b80297-226b-497e-af2d-6db20356c195
杭州市,0000001500000031000000070000000X,4.67,2017/4/15,330100,00418745-2fac-4741-bbc5-cc82b8e556b3
杭州市,0000000H0000003P000000070000000X,22.67,2018/12/5,330100,974db4ac-25f0-49db-8674-475756b96227
舟山市,0000000P0000003E0000000700000010,4.8,2018/4/3,330900,9617ad95-5951-459c-9395-5950638f89ff
宁波市,0000000P0000002W000000070000000X,4.97,2017/8/5,330200,a63b9f99-a644-4de9-9a57-456bebd7190c
丽水市,0000000K0000003U000000070000000X,36.67,2018/7/5,331100,f6932a5b-17ce-46c9-b56d-2bb905457ab4
嘉兴市,0000000H0000003N000000070000000X,15,2017/11/5,330400,8bed1e54-5ce2-4a2f-aafd-5f5cc7f633d7
金华市,0000002200000038000000070000000X,3.17,2018/7/5,330700,61a8748d-d7ae-4705-8b1b-eae2261e8c8b
舟山市,0000002P0000007W000000070000000X,3.33,2018/12/5,330900,711153b2-4998-4fef-a2c8-59410b183f04
台州市,0000000P0000003E0000000700000010,4.6,2018/12/4,331000,18a51f26-290a-4f3e-ae4a-c48072e6ab67
丽水市,0000002U0000007X000000070000000X,3.66,2018/7/5,331100,735526f7-5c75-4e79-9461-9dd207ba6601
嘉兴市,0000000G0000003F0000000700000010,9.25,2017/10/10,330400,6c285a10-0836-430e-858a-2b76397d3b87
嘉兴市,0000001200000031000000070000000X,3.67,2018/5/15,330400,3494e527-5ac5-4313-91e4-46d3147e2b80
衢州市,0000003100000081000000130000000X,77.67,2017/4/15,330800,3558fcf9-8055-47cd-93d1-a7c5f7b75585
丽水市,0000000P0000002W000000070000000X,5.6,2018/10/25,331100,f0c5df2b-73d8-4fc9-9877-e077efd2c857
温州市,0000001500000031000000070000000X,5,2018/3/25,330300,0c1d45be-4b00-4f5b-b5ce-7755f59f31e3
温州市,0000000J0000003S000000070000000X,44,2017/6/5,330300,0e262b3f-801a-4621-a9c2-e6ffb962700d
丽水市,0000000G0000003F0000000700000010,11.5,2017/2/21,331100,92de167f-4d06-4518-9d55-83dcab991461
金华市,0000000P0000002W000000070000000X,4.83,2017/1/5,330700,dfd1f21e-1bb7-4793-a13e-35370e490df3
温州市,0000000P0000003E0000000700000010,3.8,2018/3/27,330300,b173f35c-6def-4989-842c-817b5ea73b8f
绍兴市,0000000J0000003S000000070000000X,33.67,2017/1/5,330600,700e2394-f504-4c2b-bc4e-df34049c7c80
衢州市,0000000H0000003N000000070000000X,15.17,2018/9/15,330800,86935026-a57e-4efa-b7ba-42177f1891ea
浙江省,0000001E00000031000000070000000X,3.88,2018/1/15,330000,6ddd95cc-3d5a-4bbe-8783-a51f003050af
绍兴市,0000002P0000007W000000070000000X,2.5,2018/6/25,330600,61a08d5c-4b32-4111-b6cf-82dc8f3ad722
温州市,0000000H0000003P000000070000000X,25,2017/9/5,330300,456a526f-84bc-4bb5-9df7-0d579224a71f
衢州市,0000000P0000003E0000000700000010,2.65,2017/3/21,330800,05b5dc44-9299-49ff-81be-9490c2fe9df6
衢州市,0000003100000081000000130000000X,86.27,2019/1/25,330800,7f017e20-bcd9-43e8-a493-b6786e1d56a2
湖州市,0000000K0000003U000000070000000X,0,2017/4/25,330500,fb6be327-f0d5-4893-bb38-29fea3d3f097
丽水市,0000000K0000003U000000070000000X,35.33,2018/1/5,331100,cd1cecbd-4ab8-4fc6-b8a4-4555bccfd634
衢州市,0000000P0000003E0000000700000010,4.1,2018/7/17,330800,83f38a4f-a8ed-4f3a-b99b-60fb5c593224
绍兴市,0000000Z00000031000000070000000X,4.83,2018/8/5,330600,c66435be-2f13-4a64-b776-0db19b871308
嘉兴市,0000000G0000003F0000000700000010,12.2,2017/1/17,330400,a22577cd-f042-46d4-8702-f4103c469459
宁波市,0000000H0000003P000000070000000X,28,2017/1/25,330200,47a1371c-2edd-4d23-9d14-9e091e150fe9
宁波市,0000000C0000002Q000000030000000X,80.67,2017/6/15,330200,1d264594-3345-49d4-8be9-84b968449e7c
浙江省,0000000X0000007T000000070000000X,38.27,2019/3/5,330000,a4b1ca06-cad3-4adc-91d7-b631cc5c891e
浙江省,0000002200000038000000070000000X,3.1,2018/1/5,330000,d13d3bce-f3b2-4232-928e-c80be01cd3da
舟山市,0000001K00000031000000070000000X,4.33,2018/2/15,330900,37714598-b987-451c-b092-a5dbc60334b9
嘉兴市,0000001200000031000000070000000X,6.17,2018/2/15,330400,47e5f365-9c0d-4c4b-a790-bc0c1964ade2
温州市,0000001Z00000036000000070000000X,6.67,2017/7/25,330300,73b8bde9-96c0-4d72-a74c-d6bee17da236
杭州市,0000000G0000003F0000000700000010,9.72,2017/12/26,330100,a88a2901-b462-4318-8c31-2b3a0b2851fe
嘉兴市,0000000H0000003N000000070000000X,14.33,2019/3/15,330400,eb97f667-2b22-4247-974f-5b05ea125ddc
衢州市,0000002U0000007X000000070000000X,4.33,2017/4/15,330800,55e2e601-30da-402c-a081-e1d3ae3181fa
杭州市,0000001200000031000000070000000X,4.1,2018/8/5,330100,ce21c6b7-a2fb-4cb3-a47e-d53b23d6bb7c
温州市,0000000C0000002Q000000030000000X,60,2018/9/25,330300,37416f1a-99eb-4996-b6b4-f2a303a71c30
衢州市,0000000C0000002Q000000030000000X,65.33,2017/8/5,330800,4921bf5d-4390-4263-8f65-2120eacde759
宁波市,0000001Z00000036000000070000000X,7.2,2018/5/5,330200,b1122bb2-e457-4e8e-b82c-d614c06a60ef
嘉兴市,0000001K00000031000000070000000X,2.83,2017/6/5,330400,30e95f57-4d18-41e1-94ec-30431108417e
嘉兴市,0000000H0000002T000000070000000X,16.67,2018/7/5,330400,33091ac8-952f-4b42-a7d6-bb3f40a5d5a4
温州市,0000001700000031000000070000000X,2.83,2018/12/25,330300,e6c1f563-8d74-4534-a1f0-1034102f2a1a
舟山市,0000000X0000007T000000070000000X,44.33,2017/8/25,330900,709927f9-a5e4-402e-8ed2-9eaf30f78ef8
绍兴市,0000001E00000031000000070000000X,3,2018/12/5,330600,6a15a223-fa2b-474c-9f12-e89143fb760a
杭州市,0000001E00000031000000070000000X,5.17,2018/1/25,330100,dd7edbce-5e8c-479d-8128-5fd46e5c2da9
温州市,0000001500000031000000070000000X,4.17,2018/6/5,330300,449ab7c5-302a-462d-9c5f-10929ff9f044
浙江省,0000000X0000007T000000070000000X,34.63,2018/10/25,330000,aab72c63-e55e-4b16-91fa-bc026d216f8d
宁波市,0000001E00000031000000070000000X,4.2,2017/4/15,330200,c924fb6b-09a5-4e55-b4e9-82b5f114f06a
台州市,0000000H0000003N000000070000000X,13.83,2017/3/25,331000,af26f43a-36f6-418f-922e-463f7f694b32
湖州市,0000001E00000031000000070000000X,4.67,2019/3/5,330500,2a660b0b-c1c4-416d-8523-f799c5f1a09f
湖州市,0000001700000031000000070000000X,3.5,2017/3/5,330500,cb721208-5905-454a-8766-dde637156b10
舟山市,0000001500000031000000070000000X,5.33,2019/2/5,330900,137a4a81-6b71-4a64-ac78-711b3873f49b
温州市,0000000P0000003E0000000700000010,2.75,2017/5/23,330300,6b24fa1c-242c-4508-bc52-884a846151df
温州市,0000000Z00000031000000070000000X,5,2018/8/15,330300,20f8a600-9c78-4eee-8c42-d260944eda1d
嘉兴市,0000002U0000007X000000070000000X,3.77,2019/1/15,330400,6502522f-1439-4843-b5a4-bc6b45489dae
宁波市,0000000K0000003U000000070000000X,32.67,2017/1/15,330200,26d34b75-d640-427b-834b-0b717e30376f
绍兴市,0000000S0000002Z000000070000000X,7.17,2016/12/15,330600,74401eb6-363d-4ea5-9725-2335e54efa53
绍兴市,0000003100000081000000130000000X,66,2017/3/15,330600,810f4eea-27f7-4d87-9d0e-b49286c76c91
绍兴市,0000001A00000031000000070000000X,4,2017/2/25,330600,937a5d96-fdeb-4538-91e0-a92bde6f4850
宁波市,0000000G0000003F0000000700000010,12.34,2017/2/21,330200,a313fb5c-6a9b-4f75-a1e0-8bfd7c79470f
宁波市,0000001Z00000036000000070000000X,7.2,2018/4/25,330200,8b70091e-0ee7-4c7d-a496-f71425071e1e
浙江省,0000000J0000003Q000000070000000X,41.02,2017/1/15,330000,fc020a3f-d4fc-4eac-a344-0c38ce73bc37
宁波市,0000002P0000007W000000070000000X,2.93,2018/4/15,330200,f274d1b4-d1a9-4567-8674-e030083d3c3f
湖州市,0000001K00000031000000070000000X,4.33,2018/10/25,330500,7490b6ee-0d7b-4f5a-b9b5-7171254fecc7
湖州市,0000000X0000007T000000070000000X,35,2018/8/15,330500,9d44f16d-152a-4e61-83fc-43c3e8256457
舟山市,0000002200000038000000070000000X,4.5,2019/1/25,330900,aaad0567-3ec8-4633-b4a5-3e72fd19992e
台州市,0000000G0000003F0000000700000010,10.2,2018/11/27,331000,65b4514b-9c4f-4458-86b2-a787ff631a35
湖州市,0000000C0000002Q000000030000000X,57.67,2017/12/15,330500,1b6ceb00-7b90-49a1-a78b-3c477603adb7
舟山市,0000000J0000003Q000000070000000X,42,2018/3/15,330900,8335b1c5-7a1f-42fb-ab01-840fb62c9761
舟山市,0000001700000031000000070000000X,3,2017/4/5,330900,61e232d9-4211-461e-a230-765ab739214c
宁波市,0000001A00000031000000070000000X,5.07,2017/2/5,330200,6fa86b23-e2de-43f2-b89c-dabde18a9323
舟山市,0000000P0000003E0000000700000010,4.8,2018/1/23,330900,767ea3f6-c47c-4825-9b57-bccdb2af6b35
温州市,0000000H0000002T000000070000000X,17.33,2017/2/15,330300,38dcd45e-9984-4389-953b-7352b5b97c48
舟山市,0000002200000038000000070000000X,4.17,2017/4/25,330900,dca8697a-48dd-47e7-859a-72d60ec690e6
衢州市,0000001Z00000036000000070000000X,5,2018/4/5,330800,71937b43-57e0-4d8d-bc2f-20ca6cbafac9
丽水市,0000000P0000002W000000070000000X,5.5,2017/12/25,331100,deb6e5a6-926f-49f4-99dc-60bc32283c1d
丽水市,0000000P0000003E0000000700000010,4.6,2018/12/11,331100,f6f0788e-123f-4cf0-9a54-6782adcb31b8
舟山市,0000000J0000003S000000070000000X,33.67,2017/10/5,330900,e71f9fe6-6c3c-4c81-a4f4-507b7ce6cb74
温州市,0000001400000031000000070000000X,6.83,2018/10/5,330300,1e00ac72-498c-4b3f-b781-e3d8a7d9b12b
舟山市,0000001K00000031000000070000000X,3.5,2017/7/15,330900,71e1edcd-344a-4ba0-a2f4-d298914c3843
嘉兴市,0000001E00000031000000070000000X,5.33,2019/2/15,330400,55a90c38-42c4-4409-9608-de8e09a622d5
金华市,0000000Z00000031000000070000000X,4.5,2018/6/25,330700,90c6a71a-e97c-4049-932a-b0da81b3818a
温州市,0000000H0000003N000000070000000X,17.33,2018/1/5,330300,40a54bdf-6245-4635-a163-b9ce075adcaf
温州市,0000000J0000003S000000070000000X,43,2017/8/25,330300,c4708347-0aea-4013-a2af-7f76ce4fcaaf
杭州市,0000000Z00000031000000070000000X,3.17,2017/3/25,330100,c4289bd0-4e8a-4097-ba64-8e968bf19f2a
浙江省,0000000H0000002T000000070000000X,16.36,2017/4/5,330000,3abab353-6fc7-4f0e-ad15-c52963b193cd
宁波市,0000000G0000003F0000000700000010,12.89,2017/1/10,330200,dd16c26c-6de1-4d83-95bf-d79dc165a548
宁波市,0000001A00000031000000070000000X,4.77,2018/8/25,330200,75931bb5-94ee-4e47-aa35-828308b734b7
嘉兴市,0000001400000031000000070000000X,6,2017/2/15,330400,2ca480c8-44a3-4130-853b-2f090f6162ef
台州市,0000000Z00000031000000070000000X,4.17,2017/11/15,331000,1976c2f8-a510-4d1e-8b7d-d26049db2cc3
嘉兴市,0000000H0000003N000000070000000X,15,2017/11/15,330400,069f55b5-dbd7-4543-be19-e9c63b5b8689
丽水市,0000000H0000003P000000070000000X,17.5,2018/7/25,331100,3ae2b08c-377c-4b00-9c09-81123670bcde
金华市,0000000J0000003S000000070000000X,35,2017/5/15,330700,0335004c-a8a1-4b46-8978-f6d2cf303be3
金华市,0000002P0000007W000000070000000X,3.9,2017/7/5,330700,ccf1caf3-c6f1-426a-b1ab-f880337d20b4
舟山市,0000000S0000002Z000000070000000X,11.67,2018/11/15,330900,ff67fd46-a2ec-4603-96ba-3b9d3f65e07c
绍兴市,0000000H0000002T000000070000000X,12.67,2018/7/5,330600,7b920187-3e13-4d10-89de-c76e5b9c5d1a
台州市,0000000M0000003V000000070000000X,10.33,2017/2/15,331000,44bc31ee-ff7f-427d-9ba7-f78f7f6a5e1c
舟山市,0000002U0000007X000000070000000X,3.83,2017/7/25,330900,f1ce174f-7d7a-4ee7-ab93-de43148de918
湖州市,0000000P0000003E0000000700000010,4.8,2017/11/21,330500,2ddbaf71-e259-4ab9-a0af-ee52e1477b88
金华市,0000000M0000003V000000070000000X,12.33,2018/1/5,330700,4d227d93-1569-4e37-b62c-50ad36781112
宁波市,0000002P0000007W000000070000000X,2.6,2018/2/15,330200,6cb78a8a-93e3-43fe-a8f7-60367572df02
湖州市,0000000P0000003E0000000700000010,4,2018/3/27,330500,37fbffe0-942a-4979-aaec-894842f27a05
浙江省,0000000C0000002Q000000030000000X,63.88,2018/10/25,330000,7e0a8f06-1bea-44b0-a6b4-e1209d7eced2
台州市,0000001400000031000000070000000X,6,2018/10/25,331000,9cc812b2-b70d-4187-bb76-7457bae84cc8
绍兴市,0000000J0000003Q000000070000000X,46,2018/12/5,330600,31a0bd66-7048-45e5-bb0c-6a74f644c26d
绍兴市,0000000H0000003P000000070000000X,25,2017/4/25,330600,5571f7a2-3857-4c7f-ab2c-389965dcf4a9
金华市,0000000M0000003V000000070000000X,12.33,2017/7/5,330700,3d0982fb-162f-4dfc-9e24-3e4b113fd67d
浙江省,0000002P0000007W000000070000000X,3.04,2017/6/25,330000,788e6197-80b9-4d80-a67c-b3680af12f6b
金华市,0000001K00000031000000070000000X,3,2018/2/5,330700,9559168d-6f19-4342-846c-bc3e4caf84c6
湖州市,0000002200000038000000070000000X,4,2018/2/5,330500,345caa9a-d130-47b4-a589-7db75e1249c1
绍兴市,0000000K0000003U000000070000000X,42.33,2019/3/5,330600,874c4967-fb3a-4bbc-be0d-c6135b034dee
嘉兴市,0000000C0000002Q000000030000000X,66.33,2017/3/5,330400,0e082f78-871c-4726-828e-0299ef993c05
金华市,0000001E00000031000000070000000X,3.67,2018/2/5,330700,840e1c25-c4d0-4a4d-ac03-60c72d0e22ae
绍兴市,0000000D0000002R000000030000000X,52,2017/5/5,330600,76a4e174-a560-45b8-92e9-b78d11704bff
绍兴市,0000000P0000002W000000070000000X,5.5,2018/3/15,330600,ef54c8f5-3bb1-497a-8e98-5986baf142ad
宁波市,0000001E00000031000000070000000X,3.87,2018/12/25,330200,e1601fb4-3c6b-4d8c-b6d8-6db793aeaba6
台州市,0000001E00000031000000070000000X,3.33,2017/5/5,331000,26b85dda-f233-4aee-b277-5920e450ec8b
舟山市,0000000X0000007T000000070000000X,40,2017/2/25,330900,c336aa35-c137-4e66-94cf-45b4eab4dc5c
温州市,0000001A00000031000000070000000X,4.33,2017/5/5,330300,93f21773-0bd2-4182-9fd3-21863354907c
金华市,0000001500000031000000070000000X,4.5,2017/1/5,330700,a9f1a573-6c6a-47b4-a393-af160f39af8c
杭州市,0000001A00000031000000070000000X,5.37,2018/1/15,330100,ecaaebed-f275-4fd7-a641-01d983ab77fc
台州市,0000001700000031000000070000000X,2.33,2018/4/5,331000,4efdae8b-042b-4516-8491-55a222a883ea
宁波市,0000000H0000003P000000070000000X,28.17,2017/3/25,330200,537c6d81-a7f4-47d2-b6c5-6de2ecf30463
宁波市,0000001K00000031000000070000000X,3.17,2019/2/15,330200,df238691-fdbb-4249-b6d3-290aa928217d
衢州市,0000000H0000002T000000070000000X,18.33,2018/4/5,330800,990b34a9-67aa-49a4-998a-a23aef891e5a
温州市,0000001400000031000000070000000X,6,2018/1/5,330300,4c03cc9b-1e96-45a4-b2a2-68b76808a9f7
衢州市,0000002P0000007W000000070000000X,3.57,2017/1/15,330800,7525ff7c-64e0-4d82-a7ab-9b92d867d74a
舟山市,0000000H0000003N000000070000000X,17,2016/12/25,330900,0524d03d-dedb-4c9c-a780-bfe78ad43fee
杭州市,0000001Z00000036000000070000000X,6.4,2018/7/15,330100,5002ea14-c697-468a-97a8-40648633aa54
湖州市,0000003100000081000000130000000X,77,2017/1/5,330500,2a41b296-127b-4e35-a334-5639be402b97
衢州市,0000000P0000002W000000070000000X,6,2018/11/25,330800,54ed74c8-7362-45c1-91bd-dc123e47d84e
绍兴市,0000001A00000031000000070000000X,4.83,2018/12/5,330600,4f5a5bc8-af52-45fb-80c8-06aa84999f5c
浙江省,0000002U0000007X000000070000000X,4.34,2018/11/5,330000,21ed6a83-052f-412e-a5b7-30b384254e4b
绍兴市,0000002P0000007W000000070000000X,2.33,2018/9/15,330600,302a4df6-f49e-4fa6-b733-b2ab71cde2c3
浙江省,0000002P0000007W000000070000000X,3.03,2017/5/5,330000,e7869d21-9ed3-42cc-bed0-ed2692e7551b
丽水市,0000002P0000007W000000070000000X,2.6,2017/11/25,331100,27535032-d7a2-4568-882a-7ce19abbbf50
台州市,0000002P0000007W000000070000000X,3.45,2018/9/15,331000,0ab003d2-88db-4798-af97-7ef117fed924
台州市,0000002U0000007X000000070000000X,4.33,2017/8/25,331000,46c3ad79-59ef-46b6-a3f4-1747c0cc56e7
绍兴市,0000000P0000002W000000070000000X,6,2018/2/25,330600,dd428d08-d7ba-4dd5-8ac0-d1ef91d75bc0
宁波市,0000001Z00000036000000070000000X,6.4,2017/1/5,330200,6167da33-b0b1-4722-9f26-b729f86ebae4
台州市,0000000P0000003E0000000700000010,4.53,2017/10/24,331000,b4166b7b-d774-40b9-9fe5-43624cd4fa11
舟山市,0000001200000031000000070000000X,5.17,2018/9/25,330900,c279bb63-4d3e-4a5a-a23a-dae4da7bf82f
宁波市,0000000Z00000031000000070000000X,4.83,2018/5/5,330200,40712490-e1bb-4aa4-a314-5885c8384202
杭州市,0000002P0000007W000000070000000X,2.8,2017/4/5,330100,6905e567-617d-468f-a556-437896cdb794
嘉兴市,0000000X0000007T000000070000000X,32.67,2018/8/15,330400,ea87b6af-4a69-466d-bd4a-3c954478a4ac
温州市,0000000P0000003E0000000700000010,2.9,2017/4/18,330300,d7a77c05-d658-47a9-9ef9-3030726dfcd1
舟山市,0000000P0000002W000000070000000X,4.5,2017/5/5,330900,aca6bf23-2560-4af2-80ee-62d38f55760b
舟山市,0000000J0000003S000000070000000X,33.67,2017/4/5,330900,1074b92e-0d78-4f30-83db-092196690c13
丽水市,0000000H0000003N000000070000000X,13.33,2017/8/25,331100,1399a08a-5b5d-43ad-9598-471956158b23
舟山市,0000001Z00000036000000070000000X,8.17,2018/10/5,330900,28eac176-017c-4185-88cd-bce5c1145984
温州市,0000000S0000002Z000000070000000X,9,2018/6/5,330300,db4fa013-f2db-422c-bea7-a48e54580275
宁波市,0000001500000031000000070000000X,4.4,2018/6/15,330200,eb4dd4bb-5849-4905-a9d4-6140949c8f30
绍兴市,0000002U0000007X000000070000000X,4.67,2018/11/5,330600,70be9ffe-b368-4da3-a6d2-bfbc43319ceb
金华市,0000000C0000002Q000000030000000X,68.87,2018/5/5,330700,81a0e1fe-e1f1-4e88-a239-f04b7a04938e
台州市,0000002200000038000000070000000X,2.5,2017/10/15,331000,2f754178-03be-49e0-b426-dc4f2172e3c9
台州市,0000000G0000003F0000000700000010,9,2018/8/21,331000,7b22a3aa-e31a-42d3-8e5a-353c66e3e10a
温州市,0000000M0000003V000000070000000X,14.67,2017/12/15,330300,82c73b24-a8f3-4616-8451-e8f453926ca5
绍兴市,0000000J0000003S000000070000000X,36.33,2018/9/15,330600,f35f7631-0bb1-4a98-8d02-a7fc819f9e41
丽水市,0000000P0000002W000000070000000X,4.5,2017/2/5,331100,32c57f76-2c37-4d08-929d-cca70850303d
嘉兴市,0000001400000031000000070000000X,6.5,2017/1/25,330400,ee9c03ad-20bf-4a1f-adb3-10488af94de8
嘉兴市,0000000P0000003E0000000700000010,3.03,2017/5/16,330400,f5e33de5-89d4-49e7-ba50-84fc7607fb2c
温州市,0000002200000038000000070000000X,3.5,2018/5/5,330300,fbf9b3a8-25ec-4a5c-aa14-2ad8d4bb9f32
温州市,0000001700000031000000070000000X,3.17,2018/4/15,330300,fb065123-2cc0-4f01-804b-a48d13898937
嘉兴市,0000001A00000031000000070000000X,4.83,2017/7/25,330400,99e5f457-dab4-4600-a5b6-cde31dd6bd1f
衢州市,0000003100000081000000130000000X,86.27,2019/2/5,330800,95aa8288-0b39-4333-b5a8-4b11e8e384ab
丽水市,0000001400000031000000070000000X,4.67,2017/8/15,331100,0bd4c698-94bf-435a-a59c-f3b3850a538a
湖州市,0000000K0000003U000000070000000X,0,2017/9/15,330500,d24ea28a-8acd-4079-bd2a-4f9721020327
衢州市,0000001200000031000000070000000X,3.83,2017/1/5,330800,4f274785-f436-4597-a54b-b30ea3ece5e6
嘉兴市,0000000P0000002W000000070000000X,5.5,2018/10/15,330400,93736889-4072-4fc2-a5ba-537438518cad
温州市,0000000G0000003F0000000700000010,10.05,2017/4/11,330300,793990fa-d12c-4b08-8aac-8b01c1fb208e
金华市,0000000S0000002Z000000070000000X,7.83,2018/6/25,330700,8509cbcb-ed37-435a-a687-272a11fef545
金华市,0000000H0000002T000000070000000X,15.67,2018/2/25,330700,1d6035c1-23c8-49e4-84a7-a666b23db3a7
金华市,0000000S0000002Z000000070000000X,8.17,2017/5/25,330700,c7200c19-af69-4083-9da9-da5bd544697a
浙江省,0000001700000031000000070000000X,2.87,2017/1/25,330000,5b96e3f0-acd7-4a78-a99a-02c08d4d2d69
金华市,0000000H0000003P000000070000000X,20.33,2017/3/25,330700,5b51968c-81fe-421f-b6a4-e8032ff2ef52
舟山市,0000000H0000003P000000070000000X,25.67,2017/1/15,330900,014adbe2-0c00-4099-aeeb-d5b563e1a648
金华市,0000000M0000003V000000070000000X,12.33,2017/3/15,330700,e5ac942e-ae83-4403-915b-bc25da7dbeb6
宁波市,0000000H0000002T000000070000000X,15.67,2018/2/15,330200,5a210b8a-5a9b-44f5-9c25-4b7c1b242894
台州市,0000000Z00000031000000070000000X,4,2017/5/25,331000,b24724dd-79f8-4aa2-9f1b-64d0afe135ff
丽水市,0000001A00000031000000070000000X,4.83,2017/1/5,331100,73a786c8-3f03-44a2-861d-1568ab62f6f7
台州市,0000000C0000002Q000000030000000X,63.33,2017/6/15,331000,8e51f3e9-be5b-4e5b-980d-c622f2bc4fc1
浙江省,0000001200000031000000070000000X,4.02,2017/10/25,330000,3cb7368a-d55d-4443-a281-dc5d0dfd09ac
宁波市,0000002P0000007W000000070000000X,2.93,2019/3/5,330200,c925f391-5160-407f-8e84-e2d974c57232
宁波市,0000001E00000031000000070000000X,4.53,2017/12/25,330200,3731e5f4-402e-4798-93e5-5be6bf193c4b
衢州市,0000001E00000031000000070000000X,5.5,2018/9/5,330800,478d7787-1862-4330-ba93-e9ae2a5e7542
舟山市,0000000P0000003E0000000700000010,3.5,2017/4/4,330900,0493ce05-e648-4697-8ce4-01bd0edee92c
浙江省,0000001500000031000000070000000X,5.84,2019/2/5,330000,b7705205-3c6a-4e97-b52f-46e4cba7a3fa
舟山市,0000001Z00000036000000070000000X,7.5,2017/7/25,330900,29eb536b-c43f-47a5-85c5-0232be56c0e1
杭州市,0000002200000038000000070000000X,3.53,2016/12/15,330100,b662ea0b-1bc9-4cee-99c8-f94642b5526d
衢州市,0000000J0000003Q000000070000000X,41,2019/1/5,330800,b2b5504f-18e8-42b3-aee9-c3b6ca1f6808
浙江省,0000001400000031000000070000000X,5.23,2017/12/5,330000,bad9454e-0cfc-4837-ad13-06152809c684
绍兴市,0000002200000038000000070000000X,3.17,2018/6/5,330600,d9eb1a0f-31d6-46d0-88a9-8d9539a22921
温州市,0000000J0000003S000000070000000X,43.67,2018/2/25,330300,efb3e346-83f1-40b3-9a27-a42ec4a49408
金华市,0000000J0000003Q000000070000000X,41.67,2018/12/15,330700,e1690c49-22dd-439e-83fd-efe72271a899
衢州市,0000000J0000003S000000070000000X,36,2017/5/25,330800,bf1085c2-e0dd-4ab3-93ce-8ecb5e8b632d
浙江省,0000002U0000007X000000070000000X,4.27,2017/3/25,330000,62a21a98-0456-4b69-8134-3d8bbdcc8d16
金华市,0000001A00000031000000070000000X,5.33,2017/4/5,330700,e5d3d886-629d-4a4a-8c79-12d3ee50d46d
温州市,0000000H0000003N000000070000000X,17.33,2017/1/25,330300,9e9a725f-9df6-4f77-8c63-d42c920f387a
湖州市,0000000P0000003E0000000700000010,4.5,2018/7/24,330500,2f05408b-b2ea-49f8-bcca-67ab31b7492e
衢州市,0000000Z00000031000000070000000X,4.67,2018/10/15,330800,cb25d3ed-3433-4b5f-9542-279df6436e42
嘉兴市,0000001700000031000000070000000X,3.33,2017/1/25,330400,0f1078c1-d919-4cbc-8411-66f5130077ce
杭州市,0000000C0000002Q000000030000000X,62.67,2018/4/25,330100,fcf2f0c7-6dcc-4f8e-a16e-81371d30b2b4
宁波市,0000000G0000003F0000000700000010,10.2,2018/8/21,330200,69c0a96f-9287-4da4-ab08-82f71f990293
湖州市,0000000K0000003U000000070000000X,0,2018/9/15,330500,24d5a4c7-a2ff-4a7d-a545-653361e4c81f
丽水市,0000000G0000003F0000000700000010,8.5,2018/2/27,331100,db5f97b2-5a80-45d2-9670-17c0025d3e06
湖州市,0000001A00000031000000070000000X,8,2017/1/25,330500,bb649088-72c9-41c8-bacc-cc205b21b841
浙江省,0000000P0000003E0000000700000010,4.85,2018/2/13,330000,4fbdb770-80a8-41dd-9cf5-ba7a6ce7849a
嘉兴市,0000000J0000003Q000000070000000X,40.67,2018/3/25,330400,8a4a0003-85f6-4ee6-9cef-60f63231ff08
温州市,0000000G0000003F0000000700000010,8.82,2017/7/18,330300,73f56bf3-60e7-47e7-bc07-2d69a35b5673
绍兴市,0000000D0000002R000000030000000X,49.33,2017/11/25,330600,d825fd90-4555-466c-abf7-8f0105997af4
衢州市,0000000P0000002W000000070000000X,4.17,2017/3/25,330800,e5f83688-b7e0-4833-98ee-40f068bdfaab
温州市,0000000H0000003N000000070000000X,16.33,2017/8/15,330300,3d192919-4d58-4bd7-99ae-3bcad507b1fd
杭州市,0000002200000038000000070000000X,2.67,2017/3/25,330100,63d4574c-9c2d-4e51-9d7c-188c1160dee4
嘉兴市,0000002200000038000000070000000X,3.67,2019/3/5,330400,8eca8e82-ff3e-4f3a-9951-caa444a781fd
湖州市,0000001400000031000000070000000X,8.17,2017/2/5,330500,32330dac-1cac-464e-9a7e-e1ee51367ebb
丽水市,0000000H0000003N000000070000000X,15.67,2018/11/25,331100,4bb2a746-4aca-4f4b-9335-47e57f918905
金华市,0000001A00000031000000070000000X,5.83,2017/2/15,330700,5bb41276-baf1-4183-bbdb-4ec62c0b08ea
舟山市,0000000D0000002R000000030000000X,44.97,2017/7/25,330900,0d2ab035-7a51-49cd-b0c0-de6ab1c7fa0b
台州市,0000000G0000003F0000000700000010,6.7,2018/5/22,331000,4f5b4ebe-a523-4f9a-83d7-52143b087f49
台州市,0000001K00000031000000070000000X,3,2018/7/25,331000,fb4c0d21-d20c-4f50-a439-3850a466d266
宁波市,0000001A00000031000000070000000X,6.23,2018/2/15,330200,59601108-f539-4d3c-9b70-04dc5b783edf
湖州市,0000001E00000031000000070000000X,5.17,2017/9/25,330500,5074cbe2-db02-499e-ac41-cc2f0ffcf051
嘉兴市,0000002200000038000000070000000X,3.5,2017/6/5,330400,a83a12c1-9708-436d-90c9-1af674bdc8a9
丽水市,0000000H0000003P000000070000000X,19.33,2017/8/25,331100,2ffd2260-1f74-4eec-b887-9a4a4de4f5cb
温州市,0000001200000031000000070000000X,4.5,2018/1/5,330300,59a98cdb-bd32-4b3d-8385-908ac857dcc6
绍兴市,0000000P0000003E0000000700000010,3.2,2017/5/16,330600,3c283d81-a99f-49f1-8ed4-49a5b021db9b
绍兴市,0000000D0000002R000000030000000X,52,2017/5/5,330600,b06fd7f5-4619-4623-bddc-c0eb01067073
温州市,0000001K00000031000000070000000X,4,2018/7/25,330300,2995e6d9-c3d5-418f-a59e-045609597e24
杭州市,0000001Z00000036000000070000000X,6.4,2018/11/25,330100,5d75065a-cec0-4365-8f46-1ed388b94cc6
宁波市,0000001700000031000000070000000X,3.13,2017/9/25,330200,3eab2e43-290f-4a6a-816c-70a747493bf9
衢州市,0000000S0000002Z000000070000000X,9.33,2019/1/25,330800,424395e4-3f49-4318-9782-157a6920ab3b
温州市,0000000P0000002W000000070000000X,5.27,2018/7/25,330300,341b1c68-cf98-4e72-98bc-b03983bdd115
衢州市,0000001200000031000000070000000X,3.83,2017/12/25,330800,a02c7862-68c5-4f61-a730-77b587d2a59e
衢州市,0000001K00000031000000070000000X,2.5,2018/6/5,330800,0056ca0b-d380-484b-8dc5-3b67e48ad9a0
湖州市,0000000G0000003F0000000700000010,8,2018/7/3,330500,18a3816f-d5f5-4233-ad26-4f5ecc161c82
台州市,0000001400000031000000070000000X,4.33,2018/7/15,331000,a399006b-9b9b-4f5b-9b9a-7bdbc00a912d
丽水市,0000000G0000003F0000000700000010,11,2018/12/25,331100,29428d4f-896b-4b49-baf1-e92eb19dc865
丽水市,0000000J0000003Q000000070000000X,39.33,2018/2/5,331100,7f5dd07a-5e0e-4726-8986-161fad9f2163
浙江省,0000000G0000003F0000000700000010,11.14,2019/3/19,330000,e803e573-1e07-43d9-9160-b8b0101e1ed7
丽水市,0000000J0000003S000000070000000X,34.33,2017/8/25,331100,4739716a-f6a1-4c82-8d17-5b5ad0311284
嘉兴市,0000000H0000002T000000070000000X,17.33,2018/11/15,330400,dab861db-9fcf-4579-b701-915c57cac062
湖州市,0000001500000031000000070000000X,4.17,2018/6/5,330500,2f924966-3cbc-4b0b-b357-34b913c2cd4e
台州市,0000001400000031000000070000000X,4.33,2018/12/5,331000,19141a7d-5490-449b-b90a-2f0de821a357
台州市,0000000H0000002T000000070000000X,13.17,2017/11/5,331000,77088371-8798-45dc-9a09-606f45d87daa
绍兴市,0000002P0000007W000000070000000X,2.33,2018/5/25,330600,3c7500cf-3ef3-48c6-be11-b54705428a07
湖州市,0000001E00000031000000070000000X,5.67,2018/8/15,330500,144321ce-9606-46b3-908f-598c87e19748
绍兴市,0000002U0000007X000000070000000X,4.83,2019/2/15,330600,6aedc0b0-b6dc-435f-b116-2991bc6f475f
浙江省,0000000H0000003P000000070000000X,24.14,2018/11/25,330000,8074ebc1-61d1-4d9f-a0ff-a350b8563d20
衢州市,0000001K00000031000000070000000X,3.5,2017/7/15,330800,7870aa01-8995-456e-8257-bd80201ba2f5
衢州市,0000000K0000003U000000070000000X,31.67,2017/8/5,330800,b14c211f-1ec9-4354-9bd1-5be20c468097
杭州市,0000001200000031000000070000000X,4.1,2018/7/25,330100,26192479-5118-446c-8036-251d61bfe27f
温州市,0000000X0000007T000000070000000X,53.33,2017/2/15,330300,de97802e-5fc4-4b3c-98d1-da0a6312cc26
绍兴市,0000001500000031000000070000000X,3.83,2018/4/25,330600,87a9d157-aa11-4470-add9-664a2d7859e1
嘉兴市,0000000X0000007T000000070000000X,31.67,2019/1/15,330400,96150bc8-2f15-4b7f-bf8f-b067d82f26d9
舟山市,0000000P0000002W000000070000000X,4.17,2017/6/15,330900,88fc0a71-e303-4939-b46f-87ac450986e2
杭州市,0000000M0000003V000000070000000X,11.63,2017/12/15,330100,a2ec96e5-ca49-4a51-b58b-b247b6bf89da
温州市,0000000H0000003N000000070000000X,17.33,2017/12/25,330300,4e28d742-2a1a-48c1-90a9-6351e3469f17
绍兴市,0000001200000031000000070000000X,4.17,2017/3/15,330600,60c0a0c4-2e6e-47e6-afad-8961a9fd05c3
绍兴市,0000001400000031000000070000000X,6.33,2017/3/25,330600,8a0aa4b7-0659-476b-9f69-1faf58b73185
浙江省,0000000G0000003F0000000700000010,10.57,2019/3/12,330000,e7311d00-db4f-42df-b82c-dee17b0a8188
湖州市,0000000P0000003E0000000700000010,5,2018/10/23,330500,bf82f49d-c4cf-462a-a4dd-ba4a1f3d3d45
舟山市,0000000X0000007T000000070000000X,40,2019/1/5,330900,b736b5a6-432d-45ca-91e0-780a96da9c49
浙江省,0000001400000031000000070000000X,8.51,2019/2/5,330000,6037ca25-e627-4bce-88da-8abff9d98bb8
温州市,0000002P0000007W000000070000000X,2.17,2017/4/25,330300,3b5bc68c-d97d-4ba0-9233-511af6d6212b
浙江省,0000001Z00000036000000070000000X,6.27,2017/6/15,330000,6e04a8b5-6d01-4968-8900-0b006c53de83
衢州市,0000000Z00000031000000070000000X,5.67,2017/10/15,330800,81cd2779-97e0-436c-95fc-b8c3af57c1e3
湖州市,0000000X0000007T000000070000000X,35,2017/4/15,330500,47d35f9a-327d-4c51-9b94-8765b703acce
台州市,0000002U0000007X000000070000000X,4.5,2018/7/15,331000,9908e761-e458-44a0-8317-9862e19e776a
绍兴市,0000001Z00000036000000070000000X,4.33,2018/8/15,330600,8dc5b442-7106-41a0-857e-ee18d77ff442
绍兴市,0000002200000038000000070000000X,3.83,2018/11/15,330600,be078b99-e43c-43f4-af67-b1d18dad6fe7
舟山市,0000000Z00000031000000070000000X,2.83,2017/3/25,330900,a6730889-7043-4226-8c3f-47e9de391fa0
金华市,0000000P0000002W000000070000000X,5,2018/1/5,330700,4f4c1c21-9507-49da-94c3-c852c787922a
舟山市,0000000G0000003F0000000700000010,12,2017/3/7,330900,d08d5339-c383-4858-9d12-d2eb0bd2d120
金华市,0000000J0000003S000000070000000X,33.33,2017/12/15,330700,059eb1df-f570-470f-b4b7-3cf981a5e2cb
嘉兴市,0000001400000031000000070000000X,5.67,2018/1/25,330400,f344a49e-261c-40d8-aaaa-26fad0a2ed63
衢州市,0000002U0000007X000000070000000X,4.67,2017/12/5,330800,a846da60-f809-4373-a3bd-6bdd6ac81338
湖州市,0000002U0000007X000000070000000X,3.77,2018/10/25,330500,5318b13b-d160-414e-b34c-31282743c1f4
湖州市,0000000G0000003F0000000700000010,8.6,2018/7/31,330500,6e5cc5cd-e918-45d8-840c-9524b3a5b0b1
浙江省,0000002U0000007X000000070000000X,4.25,2018/4/15,330000,95176354-7357-43c0-b74c-4e21361c263e
温州市,0000000J0000003S000000070000000X,42.67,2018/9/5,330300,f781627c-d236-499f-ab9b-a60eae97c13c
绍兴市,0000000X0000007T000000070000000X,36,2018/7/25,330600,ef4b4edd-50f3-46cb-87f5-6b25754a67c5
湖州市,0000003100000081000000130000000X,72,2018/9/5,330500,3a2828bd-1ad4-4f93-a37d-69b79d6783ae
舟山市,0000000G0000003F0000000700000010,11.8,2019/1/1,330900,43a3fd2f-6653-47a9-9379-59aff38de2c5
嘉兴市,0000002U0000007X000000070000000X,4,2017/10/25,330400,09179648-9275-4d21-b5fe-716f1f3c0c6a
金华市,0000000G0000003F0000000700000010,12.5,2017/1/17,330700,e1681d11-ece7-4048-83a9-f15bebda3bd3
丽水市,0000002200000038000000070000000X,2.83,2017/12/5,331100,aa4f0a24-86dd-4f76-9b43-c7f7e83f0f59
绍兴市,0000000D0000002R000000030000000X,49.33,2017/12/15,330600,5f6e4521-d4f2-4963-8908-d6036d4bfc06
杭州市,0000002U0000007X000000070000000X,4.5,2018/8/5,330100,85f0bef0-ed82-4062-b79c-0fb4860cee82
温州市,0000002U0000007X000000070000000X,4.33,2017/11/15,330300,c510256a-c9ea-4e7a-bd59-a19ab5294bb3
金华市,0000001K00000031000000070000000X,2.83,2018/11/5,330700,9f2d25a5-2a46-44f1-be9e-1fa9c2086c56
湖州市,0000002P0000007W000000070000000X,3.61,2016/12/15,330500,20397788-600d-4b82-b142-250594765ca5
浙江省,0000000G0000003F0000000700000010,9.57,2017/10/10,330000,11ec7b52-c7f7-4635-b12f-bf6ec9e87b3c
湖州市,0000000Z00000031000000070000000X,5.67,2019/2/15,330500,8ff30d20-92ef-4754-afaa-b7d2e711d13a
杭州市,0000001200000031000000070000000X,3.93,2017/8/5,330100,ec06b6e7-27f8-49a9-b14f-1820b479248d
嘉兴市,0000002P0000007W000000070000000X,3.2,2018/3/25,330400,a9d285d5-51fb-4a3f-89e7-e0c35f22a93a
台州市,0000000H0000003N000000070000000X,15.33,2018/10/15,331000,b1d4a25b-1f82-4054-9232-b1afefa441df
嘉兴市,0000000H0000003P000000070000000X,23.67,2018/9/5,330400,f4699376-0500-4b52-8c48-32adf4502ef2
台州市,0000000P0000002W000000070000000X,4.5,2017/1/15,331000,4f6d8de9-22d5-43b8-b6b6-6021aaa5ec9b
金华市,0000002P0000007W000000070000000X,3.7,2019/1/25,330700,18fc76cb-f111-4a12-b196-39e20e11eb1d
嘉兴市,0000001400000031000000070000000X,7.33,2019/2/15,330400,9b1b52ef-c1f9-40a9-b881-bed432131be5
湖州市,0000000C0000002Q000000030000000X,57.67,2017/5/5,330500,3a32ef58-ed9a-4bf8-b29a-576618604b01
杭州市,0000000M0000003V000000070000000X,11,2018/4/25,330100,f589bfe4-f394-425f-85c5-1c52b4fc8f57
绍兴市,0000001Z00000036000000070000000X,3.67,2018/5/25,330600,9be7bb24-800f-4cdd-a41b-0e77ecf165da
温州市,0000000J0000003S000000070000000X,43.33,2017/7/15,330300,20ef70cc-4787-432a-a2b7-97b3596f3352
湖州市,0000001E00000031000000070000000X,4.83,2018/1/25,330500,32f27d08-52ec-48a2-8346-3b126393a7f2
丽水市,0000002P0000007W000000070000000X,2.6,2017/10/15,331100,dc66e10b-2e95-46cd-ace8-a3abbc9f5695
嘉兴市,0000001K00000031000000070000000X,3,2018/5/25,330400,43492ac7-a550-4039-9a85-c18a81e4f16d
台州市,0000000D0000002R000000030000000X,39,2018/3/5,331000,53af18b9-bf05-4bcc-b5fb-7df623a4341a
宁波市,0000001A00000031000000070000000X,4.6,2016/12/25,330200,d997314c-8abf-4ed2-a0b2-c83c18c1cd06
杭州市,0000000M0000003V000000070000000X,10.67,2018/8/5,330100,fa6cbb1f-26fd-4c07-bc05-dd371fd562aa
舟山市,0000001A00000031000000070000000X,5,2017/10/25,330900,1eaefab3-7a45-47a1-ab78-eae87e4dee80
湖州市,0000000D0000002R000000030000000X,36.33,2018/10/15,330500,c5dde58f-3460-4308-b6aa-a643299cf496
杭州市,0000001A00000031000000070000000X,5.27,2018/1/5,330100,11311065-06c5-4ef2-81b0-84272878ac0e
杭州市,0000001700000031000000070000000X,2.67,2018/11/15,330100,df513a3b-7717-4181-bc7f-9671798a5d8f
绍兴市,0000000J0000003S000000070000000X,33.67,2017/2/15,330600,bc89c49f-082f-4361-88c8-11159ee0fabd
金华市,0000000M0000003V000000070000000X,12.33,2017/5/15,330700,ea6537d5-5a99-402f-b340-1d4aa7d4328f
宁波市,0000000X0000007T000000070000000X,44,2018/8/5,330200,92760df2-d4a2-408d-85e4-abdfaa11fdad
湖州市,0000000Z00000031000000070000000X,5.33,2018/10/25,330500,0a40cccf-70b2-4e60-a89a-2d8c33939cbb
宁波市,0000000G0000003F0000000700000010,11.36,2017/3/21,330200,7cb91085-18f3-4db8-8749-9c1019bde399
浙江省,0000000H0000003P000000070000000X,23.89,2019/1/15,330000,93acdcea-c1be-461e-b83c-b31f9a2f49e9
湖州市,0000000H0000002T000000070000000X,17,2017/3/5,330500,6a883823-894b-428b-9605-4457f75092b6
杭州市,0000001E00000031000000070000000X,4.83,2017/8/15,330100,1ba7b04a-b570-4717-bd1f-e46baa001383
衢州市,0000002P0000007W000000070000000X,3.06,2018/2/15,330800,9d1a8f9f-d90f-41d9-9552-18120cd71ead
湖州市,0000000P0000003E0000000700000010,5.2,2018/1/9,330500,ad2d8733-fc64-44b1-8022-39cda6a958ad
金华市,0000000J0000003Q000000070000000X,40,2017/7/25,330700,3a1133be-7f2c-4200-81ca-674d9192c8c3
浙江省,0000001700000031000000070000000X,2.74,2017/6/5,330000,99c6216a-2225-465c-be69-892d5389beab
绍兴市,0000000J0000003S000000070000000X,33.67,2017/9/25,330600,2ebe194c-339e-40f8-9927-34de2ecd42fe
嘉兴市,0000001K00000031000000070000000X,3.67,2017/1/25,330400,3302542b-e718-497f-a177-32759ff5a17d
湖州市,0000000G0000003F0000000700000010,9.4,2017/7/4,330500,5f369261-285c-4837-8b45-39d210405258
浙江省,0000000G0000003F0000000700000010,10.16,2019/1/22,330000,b9967982-5672-49f3-8994-666b77f18c3f
金华市,0000000J0000003S000000070000000X,34.33,2017/6/25,330700,3ba6a209-021c-41ed-b4b1-0877ef386d4b
金华市,0000001200000031000000070000000X,3.17,2017/4/25,330700,072e0f89-025b-4590-96ae-6952fc681e6d
温州市,0000001500000031000000070000000X,5.17,2017/1/5,330300,0cc025db-fc80-4ff8-a262-29d72837245e
嘉兴市,0000000P0000003E0000000700000010,5.23,2017/11/28,330400,4510501a-804e-46fa-b05f-e2ee44c681ee
湖州市,0000000Z00000031000000070000000X,6,2018/6/15,330500,23005852-cbe1-4ce3-849d-aa07c50f4640
浙江省,0000001E00000031000000070000000X,4.45,2018/4/5,330000,f1c7471b-552a-4e97-8ca5-4934f4db16cd
衢州市,0000001500000031000000070000000X,4,2017/7/25,330800,53d48283-50b3-4364-ada2-24bb46386047
浙江省,0000000H0000003N000000070000000X,14.98,2017/4/15,330000,d32f7987-1b9e-4243-aa36-d789999ffda5
丽水市,0000000P0000002W000000070000000X,4.93,2018/5/25,331100,a99e1296-7087-412d-81f0-b6914ef9831c
湖州市,0000000D0000002R000000030000000X,40,2017/3/5,330500,108dbb95-d68b-417b-aa06-0e80e82044b1
温州市,0000000C0000002Q000000030000000X,60,2017/8/5,330300,97099d6f-3887-4e53-87e1-9238b90a73f6
衢州市,0000000H0000003P000000070000000X,25.33,2019/1/15,330800,593c79ac-ebd8-4432-8dbd-6b00d6e06f2d
丽水市,0000000H0000003P000000070000000X,22.67,2018/9/25,331100,20835f90-c2c4-40c5-993e-8356c7811167
台州市,0000000H0000003N000000070000000X,13.83,2017/4/15,331000,a9ea833b-2ee9-41db-b675-6f72ddbdde86
宁波市,0000000H0000003N000000070000000X,13.73,2018/4/5,330200,86d5eea2-8f49-470e-8f9f-f27d44131d09
金华市,0000000G0000003F0000000700000010,8.3,2018/3/27,330700,fe741825-3d3a-4f3a-bdf6-ad7b42c63fd1
杭州市,0000001Z00000036000000070000000X,6.77,2017/2/5,330100,87bd7e71-a665-4a5a-a086-7850cf8449e4
宁波市,0000001A00000031000000070000000X,5.53,2018/1/25,330200,800ab77c-3b38-4f37-b98a-ce38aed6075b
衢州市,0000001400000031000000070000000X,4.83,2018/10/15,330800,27c7fd4e-83d5-481a-a348-c560482fee34
杭州市,0000001Z00000036000000070000000X,6.77,2016/12/15,330100,46e9e9c9-0fec-4b80-8ac8-5b31f002d832
舟山市,0000001K00000031000000070000000X,3.5,2018/12/5,330900,21bc16c6-9858-466f-8b63-40071a4d12a3
台州市,0000001K00000031000000070000000X,3.17,2018/7/5,331000,166d1dea-b7c1-47b1-bb72-8eff46601616
温州市,0000001E00000031000000070000000X,3.5,2018/12/5,330300,c70b788c-e055-43c3-a4b8-2580b75bb557
杭州市,0000000X0000007T000000070000000X,39.33,2018/7/15,330100,88cd2dd7-6021-425f-a7c3-602fe0eca834
台州市,0000001200000031000000070000000X,4.83,2018/9/15,331000,31017995-a08c-4649-bcbf-c503cc4b9e1f
浙江省,0000000D0000002R000000030000000X,43.64,2017/10/5,330000,c3c688b4-c48c-458b-b12c-fe4664b1f298
台州市,0000000H0000002T000000070000000X,12.67,2018/7/25,331000,fec5bf68-9288-4f82-a1d3-4f9fec840550
温州市,0000000J0000003S000000070000000X,42,2018/7/25,330300,d5299f4a-9a9c-48c3-b195-eec1221efbfa
台州市,0000002P0000007W000000070000000X,4.78,2017/1/5,331000,ee06873b-b5d2-43f6-b66b-923164839530
金华市,0000000H0000003N000000070000000X,14.5,2017/3/25,330700,d584d227-55c5-41af-b03a-3340c0c64a57
湖州市,0000001500000031000000070000000X,5.83,2017/2/25,330500,96dfb889-1094-4e87-a762-99cc45ec97e8
衢州市,0000000J0000003S000000070000000X,37.33,2017/2/15,330800,c1080cff-9ee3-45b7-9346-4f012547afce
湖州市,0000001E00000031000000070000000X,3.83,2017/4/15,330500,dc0f4500-592e-4211-9cf1-e37deed7898e
衢州市,0000001500000031000000070000000X,4,2017/5/5,330800,7b865017-f2f9-4837-bfd8-483b6654a3df
湖州市,0000000K0000003U000000070000000X,0,2017/12/25,330500,ea7b1d52-e6d4-4e3a-93fc-ea256101f2ff
温州市,0000000H0000003P000000070000000X,24.33,2017/5/5,330300,baf14d55-fec9-4a7c-84b0-c3a9d7e37fbd
浙江省,0000000M0000003V000000070000000X,12.55,2017/10/25,330000,d9058451-af9d-4680-a155-503f5f511bb1
台州市,0000000P0000003E0000000700000010,3.45,2019/2/26,331000,8a2b0163-aeb4-46fe-8d76-8b26396bca4c
舟山市,0000002U0000007X000000070000000X,5,2017/5/15,330900,1f263e33-00c5-49a6-94c7-bf115d328cf4
宁波市,0000000C0000002Q000000030000000X,81.33,2017/4/25,330200,f91b114e-13b5-4f1e-ba07-21b1c4fedc15
金华市,0000000H0000003N000000070000000X,14.67,2017/1/5,330700,978bd3c3-74aa-468b-8ece-eb12615ad1fb
舟山市,0000000J0000003S000000070000000X,34.33,2018/8/5,330900,3519e10e-1d8e-45eb-aad5-4ea204da6aee
杭州市,0000000H0000003P000000070000000X,22.17,2018/10/25,330100,21c858f0-6546-455b-a24f-dbf8a8af5f27
绍兴市,0000000H0000003N000000070000000X,15.17,2018/9/15,330600,5df1ddaa-1142-47eb-ad2f-bafd61f681dc
温州市,0000000G0000003F0000000700000010,8.19,2019/1/29,330300,1dbda2d7-a042-47f8-8bfe-e090cb875e3c
台州市,0000002P0000007W000000070000000X,3.28,2017/7/15,331000,f13293d8-89f6-4140-a2c1-3cd16b587c98
衢州市,0000000P0000003E0000000700000010,4.4,2018/3/6,330800,6bd3b731-65f3-4080-bfdc-1cfdbf32df88
浙江省,0000000H0000002T000000070000000X,16.95,2017/2/15,330000,7b7dde99-ee57-4e66-a0d6-c873cd95a4f4
嘉兴市,0000000G0000003F0000000700000010,9.4,2019/3/5,330400,7bd96486-b497-4df7-8263-b8da7f8915d1
杭州市,0000000G0000003F0000000700000010,9.96,2017/4/11,330100,32686011-db46-4a0d-9144-6fdfaa2e43f5
衢州市,0000000P0000002W000000070000000X,6.33,2018/9/25,330800,600ad314-6177-4c0c-98fa-5014b721e920
衢州市,0000001E00000031000000070000000X,5,2017/8/25,330800,11beb591-7384-4294-a3ee-36690d1f2343
台州市,0000000D0000002R000000030000000X,39.33,2017/5/15,331000,151beb5c-7b66-4f42-8731-6ef166287d9a
宁波市,0000001E00000031000000070000000X,5.93,2018/7/5,330200,012b5fc4-57ec-454e-bfae-7f36d56f96d0
杭州市,0000000M0000003V000000070000000X,12,2019/1/25,330100,1ca3a3a0-9d11-47f3-b998-6a17e8434e28
金华市,0000001A00000031000000070000000X,6.67,2018/11/15,330700,f26f6608-04e0-435c-804e-b69337f96f19
温州市,0000000G0000003F0000000700000010,9.71,2018/12/25,330300,099bb1af-42b0-40ab-a9a9-a50acfeb8694
浙江省,0000002P0000007W000000070000000X,3.08,2018/3/5,330000,c1255f19-b2ae-4764-a7ab-ac8001c52d6b
金华市,0000000P0000002W000000070000000X,3.93,2017/6/25,330700,b11c53d3-c58b-4c3e-8daa-f6c3f1a0b980
温州市,0000000P0000002W000000070000000X,6.17,2018/11/5,330300,699b5778-9317-4761-8fa8-8642a4a4eaa3
湖州市,0000000H0000003P000000070000000X,18.67,2019/2/25,330500,b743d76d-de2c-4476-a840-02e651045e62
舟山市,0000000C0000002Q000000030000000X,49.3,2018/2/15,330900,7bb15ce7-5f90-4487-8c8d-7ced113aea91
丽水市,0000000D0000002R000000030000000X,54.6,2018/1/5,331100,0da70c09-5762-4b77-8bb3-d116eddff938
宁波市,0000000K0000003U000000070000000X,33.67,2017/11/25,330200,3dba4d7a-dda6-423c-aaf5-2c8a7ef896e1
绍兴市,0000000H0000003P000000070000000X,24.67,2018/3/5,330600,f7abc2a8-074c-41b4-a275-a901db1aad28
嘉兴市,0000001K00000031000000070000000X,3,2018/5/15,330400,3abc2ce5-1039-4f0b-9519-77212ede3445
温州市,0000000G0000003F0000000700000010,9.17,2019/1/15,330300,0a9b6f1b-12ff-4f47-b424-d1e754972e12
湖州市,0000002U0000007X000000070000000X,3.5,2016/12/15,330500,18eb95ee-03e1-40fd-ac48-2dc9d6d70700
嘉兴市,0000001Z00000036000000070000000X,5.83,2018/4/5,330400,e4ed40ee-555e-4cb3-9d38-01e707433344
金华市,0000000P0000002W000000070000000X,5,2017/11/5,330700,afa1ac26-5e07-42bd-856c-2bc0db6641a2
丽水市,0000000M0000003V000000070000000X,11,2018/8/15,331100,fbbdb5b1-2f41-4962-9b66-a0678adb4e59
湖州市,0000001K00000031000000070000000X,4.17,2019/3/15,330500,ed1c6b37-1cb5-4a61-8ab0-04b379ea14e9
杭州市,0000000Z00000031000000070000000X,3.97,2017/6/25,330100,e9335abd-c038-4619-aae6-50aa8df69059
金华市,0000000J0000003Q000000070000000X,41.67,2017/4/25,330700,d5b94be8-87b7-42c1-9065-229786c003c8
湖州市,0000001700000031000000070000000X,3.17,2017/6/5,330500,9f9d9f22-cc98-48fc-82c2-922a501c573c
台州市,0000000H0000002T000000070000000X,13.17,2018/2/5,331000,7b590db2-0849-4ec6-81e9-2643d4167ac2
绍兴市,0000003100000081000000130000000X,66,2019/1/15,330600,9c5396e7-f88b-4379-9e7a-e27e06525b1e
浙江省,0000000Z00000031000000070000000X,4.5,2017/7/5,330000,2ee46888-07dc-4c39-93c9-ae5e84c5ecdb
金华市,0000000G0000003F0000000700000010,9.9,2017/12/12,330700,6e451903-02ce-475d-960e-94c4507a86b4
衢州市,0000002U0000007X000000070000000X,4.33,2017/3/5,330800,982e708e-b6f4-4d3a-b364-e80d8cd02703
宁波市,0000000M0000003V000000070000000X,13.93,2019/1/5,330200,88c6d9cc-db39-4bf2-97b4-a4f4c4133800
衢州市,0000001400000031000000070000000X,4.17,2018/8/15,330800,426236e2-7916-42b1-99a7-1a7e5b760b80
丽水市,0000000H0000002T000000070000000X,13.67,2018/9/5,331100,5cb887e6-93c3-4ddf-a0ce-36f3e6b4cb30
嘉兴市,0000000S0000002Z000000070000000X,8.17,2017/2/25,330400,ee81c1a1-09ca-441a-a138-6fb891a9a3f3
湖州市,0000000S0000002Z000000070000000X,8.83,2017/10/15,330500,c3639abb-b20c-4253-8f92-da33fe77dff8
绍兴市,0000000D0000002R000000030000000X,50.33,2017/7/5,330600,86d21ba9-4507-4d24-b837-a3768a37c580
绍兴市,0000000M0000003V000000070000000X,10,2018/11/15,330600,1dfa0c13-3e95-42a0-ae60-78bc97cc6a4f
宁波市,0000000H0000003P000000070000000X,25.5,2018/1/25,330200,80b0f574-282a-44da-b36e-960e070790ad
浙江省,0000000X0000007T000000070000000X,37.9,2018/6/5,330000,17d6a1ac-8023-4169-96e6-54a105a218f2
嘉兴市,0000001K00000031000000070000000X,3.67,2018/7/5,330400,64c7f602-0e6a-4f16-be4b-da603d6a4b33
嘉兴市,0000000G0000003F0000000700000010,8.8,2018/7/10,330400,a9f3976b-68e8-4153-b1cd-d53b9363aa04
台州市,0000001400000031000000070000000X,5.33,2018/1/25,331000,57cccdc2-38a3-4c9a-8cff-778937c7eaf2
衢州市,0000000P0000002W000000070000000X,5.67,2017/9/25,330800,6fdea671-efbc-4e98-8290-dd2847d8a60c
杭州市,0000002U0000007X000000070000000X,4.5,2018/12/5,330100,adb9846e-58f5-422e-87b9-97ba972305d5
金华市,0000001A00000031000000070000000X,5.67,2017/4/15,330700,24886411-50f4-4546-be41-76555d488951
宁波市,0000000X0000007T000000070000000X,37.33,2017/8/15,330200,5b3e4783-4f5e-4a4a-9018-6188f3ff1ede
杭州市,0000000P0000003E0000000700000010,3.8,2019/2/19,330100,e0b0ab85-c5c4-49ec-93fe-5ecb6381fc22
衢州市,0000001E00000031000000070000000X,5.83,2017/8/5,330800,ce15574e-58a5-4bf7-934a-15edbc142a92
丽水市,0000000P0000003E0000000700000010,3.4,2017/7/25,331100,db7b5410-83cf-4f96-9ad7-52643cd71834
丽水市,0000000S0000002Z000000070000000X,9.67,2018/6/15,331100,62926b06-0373-4a4f-834d-dadb8e3daaa5
丽水市,0000000J0000003Q000000070000000X,37.33,2017/11/15,331100,d39e07c3-0374-497a-857d-e4b179c2c18d
台州市,0000000C0000002Q000000030000000X,63.33,2018/7/25,331000,ba3bb5a4-c0bd-424e-a393-00403b0eb913
舟山市,0000000Z00000031000000070000000X,4.83,2017/7/25,330900,a6a80625-d314-45c0-96e9-e189630fa211
衢州市,0000000H0000002T000000070000000X,17.33,2018/7/25,330800,0520838d-a0d3-458e-94b8-45b9ac6fd32f
温州市,0000000H0000002T000000070000000X,22,2018/11/15,330300,af2c82b7-c527-473d-b738-fb13121a9c98
衢州市,0000002200000038000000070000000X,2.6,2017/12/15,330800,6cbc2b28-4b85-4646-b2ac-0ab041f5149b
舟山市,0000002U0000007X000000070000000X,4.67,2018/11/5,330900,645b4735-0259-48cf-9546-71dbe85a28f6
嘉兴市,0000000S0000002Z000000070000000X,9.33,2017/11/15,330400,5eb88ce1-517d-4f98-b92b-1c4767f57678
绍兴市,0000001200000031000000070000000X,3.33,2017/4/25,330600,de0733d3-6cdf-42dd-807d-8a40ea390d1d
绍兴市,0000001A00000031000000070000000X,3.67,2017/12/5,330600,8beac5e7-ab4c-4982-b06f-59c26aba6f0e
衢州市,0000001500000031000000070000000X,4.33,2017/9/5,330800,5c27f952-da47-4424-b357-9a9375468344
绍兴市,0000003100000081000000130000000X,66,2017/8/5,330600,7e67448e-f450-4817-90dd-a6848c26c16d
绍兴市,0000001200000031000000070000000X,3.83,2017/12/5,330600,2328a531-52a2-47d6-b791-9b712309a5f8
宁波市,0000000C0000002Q000000030000000X,81.67,2017/3/15,330200,93bc612c-8b77-4186-a326-a60473e10864
宁波市,0000000G0000003F0000000700000010,12.45,2018/10/30,330200,0334e9a4-7aa3-4d35-999d-9b0e53d9c9e9
金华市,0000000P0000003E0000000700000010,3.9,2018/4/17,330700,1ec87763-8b50-4699-9afc-0287e95b0b4a
杭州市,0000000G0000003F0000000700000010,12.78,2018/9/25,330100,1e8d91e0-78d7-4314-9746-eddd893a6c6a
舟山市,0000002200000038000000070000000X,4.67,2018/10/5,330900,f4d67e1f-e68f-4cc8-af47-9c9b08f38eef
杭州市,0000000H0000002T000000070000000X,17.33,2018/9/25,330100,3d848f5d-9034-4d63-8ff2-d6c8ddd91d47
湖州市,0000001Z00000036000000070000000X,5.67,2018/4/5,330500,4202e16e-1cf4-4174-ad97-6d284412a81f
浙江省,0000000J0000003S000000070000000X,34.65,2017/7/25,330000,6629de2b-d854-405d-856e-0590282cd412
台州市,0000000G0000003F0000000700000010,9,2017/7/25,331000,7a0b0669-0d27-4b40-9a79-e08c5dba8dd3
宁波市,0000000C0000002Q000000030000000X,73.33,2018/7/5,330200,459101a3-6896-48b5-81c2-0be113b467b6
温州市,0000000H0000003P000000070000000X,26,2017/2/15,330300,6ea9727b-da13-4bcc-9956-8afcc0400286
衢州市,0000003100000081000000130000000X,86.27,2019/2/25,330800,6a3c0593-7bd9-41ac-9603-3b510b2efef7
杭州市,0000000X0000007T000000070000000X,39,2017/7/5,330100,4a469afc-edfd-4345-a034-77ec80729f2b
温州市,0000000P0000003E0000000700000010,3.9,2018/3/20,330300,d28084b0-cef7-484c-979d-d29b11aeabb4
宁波市,0000001Z00000036000000070000000X,7.27,2018/12/5,330200,bd0efa40-ff56-4f0e-93b6-e9db90feb0d5
台州市,0000002200000038000000070000000X,2.6,2017/3/15,331000,2cecc019-dabe-471c-a20a-603fa9248bc9
温州市,0000000J0000003Q000000070000000X,46.33,2017/6/15,330300,d5465ab4-58c6-4178-a2b7-519398a601e5
舟山市,0000000S0000002Z000000070000000X,14.33,2017/1/5,330900,23220bd4-f6f2-49dd-ad4c-3419787187b7
宁波市,0000001500000031000000070000000X,5,2017/2/25,330200,84ad9bb1-87c1-4b4e-8561-8f230c53940f
温州市,0000000D0000002R000000030000000X,46.67,2017/3/25,330300,a6290a14-5c9c-4296-b061-b8fbab3a1da1
浙江省,0000003100000081000000130000000X,86.46,2018/10/25,330000,4302057f-d3ee-435f-8b09-c6be8612d642
宁波市,0000000M0000003V000000070000000X,15.17,2017/2/5,330200,a3d0e007-3def-4ace-9a8a-d38c282c51ea
台州市,0000000H0000003P000000070000000X,23.33,2017/12/25,331000,cdf6eb18-d857-4f22-bbb9-54e541b11112
湖州市,0000000P0000002W000000070000000X,5.5,2018/12/5,330500,26cb3306-0e6f-489c-9b5c-09a1fefe88e3
衢州市,0000000P0000003E0000000700000010,4.15,2019/1/29,330800,e25b93d3-994f-44af-a1c8-e48feeb60123
金华市,0000000S0000002Z000000070000000X,7.17,2017/2/25,330700,d72c5481-a2de-4094-a824-6625080196db
金华市,0000000Z00000031000000070000000X,3.17,2018/11/15,330700,de0be7d5-5ce6-47b1-a373-81688b6941e0
宁波市,0000001K00000031000000070000000X,3.13,2018/12/15,330200,a398693c-8430-475a-aa4e-72a59440217b
绍兴市,0000003100000081000000130000000X,66,2018/9/5,330600,7d5422d0-313f-4ef5-a8b0-15470879c053
金华市,0000000G0000003F0000000700000010,9.2,2017/6/6,330700,65fd953c-3b82-4907-80f7-6dfeeac10283
丽水市,0000000P0000003E0000000700000010,2.7,2017/5/9,331100,a5a2d2e0-0a6e-41e3-af81-d2c770ce3e54
湖州市,0000001Z00000036000000070000000X,5.67,2019/1/15,330500,25b6f063-a6bc-44ff-9137-d9ad40e47dc1
舟山市,0000001500000031000000070000000X,4.67,2018/2/15,330900,9ef5d4b3-326a-4f55-a797-f8e848b929ab
嘉兴市,0000000P0000002W000000070000000X,5.5,2018/12/15,330400,37e0d20d-877f-40b9-bedc-e9b233fd8027
衢州市,0000000J0000003S000000070000000X,37.33,2016/12/25,330800,f218644d-e802-422f-8ca2-fd02dbad8333
衢州市,0000000P0000003E0000000700000010,3.4,2017/7/25,330800,ce9fd8c8-4900-4fc9-8950-91191edde8e7
衢州市,0000000S0000002Z000000070000000X,9.33,2017/9/15,330800,244612e9-642d-479b-a221-49bae6671463
绍兴市,0000000G0000003F0000000700000010,9.93,2017/8/8,330600,3666a999-ed4f-458b-9fcf-6ae95a0c6a74
宁波市,0000000D0000002R000000030000000X,41.5,2018/11/15,330200,deca4f5e-f29d-498f-87fb-e944a574b1cc
金华市,0000001A00000031000000070000000X,6.33,2018/9/5,330700,7f9a8d6e-ecad-4e24-bf0d-b925f140cf09
湖州市,0000000P0000003E0000000700000010,5.8,2018/8/14,330500,c2ff52a7-d271-4311-8caa-aee594e18a5d
嘉兴市,0000000D0000002R000000030000000X,37.33,2018/3/25,330400,e435eb8b-6555-4844-bdc2-717633500caf
舟山市,0000000J0000003Q000000070000000X,41,2018/9/5,330900,814c107c-2520-4d41-99c5-d1b67ad2ecfe
宁波市,0000000C0000002Q000000030000000X,74.33,2018/4/5,330200,022f60e5-2c58-4257-9de8-ccb29cadd3db
舟山市,0000001Z00000036000000070000000X,7.33,2017/10/5,330900,64e93f02-3f88-4acf-bd7c-a4190ddf14cd
丽水市,0000000J0000003S000000070000000X,39.33,2019/3/15,331100,d0cea5a9-9b17-4cb5-a41d-5c3c5a731161
舟山市,0000000Z00000031000000070000000X,3.33,2017/5/5,330900,2ccb6bbb-4d68-40fb-a60e-959665df29e1
丽水市,0000001E00000031000000070000000X,4.17,2018/3/5,331100,43816984-b5ad-4dbd-b7fc-6eb6ec1cf9cd
湖州市,0000000S0000002Z000000070000000X,8.17,2017/4/15,330500,ce15b6bc-aac6-4978-aaed-0bdf4733aa28
浙江省,0000000P0000003E0000000700000010,3.01,2017/3/7,330000,44a634a3-071f-49bb-b71b-e567e5ca00b0
绍兴市,0000000P0000003E0000000700000010,3.6,2018/5/1,330600,1d86060e-8c4e-422f-bb22-2b8ada05bd74
丽水市,0000001K00000031000000070000000X,3.17,2017/6/15,331100,010b2a83-9b59-4227-accb-4192124127cc
温州市,0000001400000031000000070000000X,7.5,2018/2/5,330300,32acf2aa-020f-41f5-8bd6-0772a354b560
杭州市,0000002P0000007W000000070000000X,3,2018/5/25,330100,359dd384-0021-42d4-8922-d71c855d7d0c
嘉兴市,0000000M0000003V000000070000000X,10.83,2017/9/5,330400,c34f7a1a-8d0c-4500-ae3c-68c3c36123d2
浙江省,0000000P0000002W000000070000000X,5.95,2018/10/5,330000,320eaa01-1e0c-43b3-9241-6aa9ed9d94d4
衢州市,0000001500000031000000070000000X,4.17,2017/4/15,330800,38daad91-4261-41b9-8eaf-60bbb6e0b6d9
绍兴市,0000001A00000031000000070000000X,4.5,2017/1/15,330600,0bdabf72-f9c4-4c99-8db8-9d27be5fc11b
丽水市,0000000P0000002W000000070000000X,4.5,2017/2/15,331100,bef10cd3-92ac-48e7-a61e-0468ceb529f5
宁波市,0000000H0000003P000000070000000X,27.83,2018/10/25,330200,852f644d-92dd-4056-a31a-89d177a97932
绍兴市,0000000P0000002W000000070000000X,5.67,2017/12/25,330600,4bb9c047-70a7-482d-a1a7-0e23b5aba73c
浙江省,0000001A00000031000000070000000X,5.12,2018/8/5,330000,c975d737-1d28-4495-9f5a-6b8f003fe2b0
嘉兴市,0000000H0000002T000000070000000X,17.67,2017/4/25,330400,83daf5fc-010e-4998-935f-40596a0a83bc
温州市,0000001700000031000000070000000X,2.67,2017/5/15,330300,40f2ef6b-c630-40ab-8e85-217dd52d3af9
衢州市,0000001700000031000000070000000X,2.83,2017/4/25,330800,a20dd41a-4d06-4cf8-8521-fbc19c7091c2
衢州市,0000000C0000002Q000000030000000X,69.67,2018/8/25,330800,09a7021a-869c-4fcc-a10b-fbf443831330
宁波市,0000000G0000003F0000000700000010,9.87,2018/8/7,330200,191f1537-4443-4728-9341-5948a50de72c
绍兴市,0000001K00000031000000070000000X,3.33,2017/8/5,330600,fb084447-170d-4014-9d81-5b2f19bb2005
嘉兴市,0000000J0000003S000000070000000X,32.33,2017/8/5,330400,430a0585-5b9d-4c71-a58c-bf57a983d7f0
宁波市,0000000M0000003V000000070000000X,14.17,2018/8/5,330200,932a00ec-963a-448a-b811-059f0fea7381
