商品采价地区名称,商品主键,商品价格,商品采价日期,商品采价地区编码,主键ID
温州市,0000000C0000002Q000000030000000X,60,2017/4/5,330300,45b7ba7e-5e6c-4e01-833a-6a13222b1e0d
衢州市,0000002200000038000000070000000X,2.67,2018/8/5,330800,eb8ab4e4-ac55-4fda-b7c2-ee5b87eb9ee5
金华市,0000001700000031000000070000000X,2.6,2018/5/15,330700,daaa68c7-ee9f-4e73-9d64-c9c96de924ce
杭州市,0000001A00000031000000070000000X,6.5,2019/3/5,330100,162aae4f-e71c-4b45-9a8c-e2089774cc2e
丽水市,0000000J0000003Q000000070000000X,37.33,2017/11/5,331100,ba93d2c5-06b0-4893-84ac-eecbba26216a
衢州市,0000000D0000002R000000030000000X,38.33,2017/1/25,330800,9dd4eddd-7630-414a-924b-ffd68d20860f
温州市,0000000H0000002T000000070000000X,18.17,2017/2/5,330300,f97691ba-6e01-4913-9eb4-8a0ce2fb5c95
绍兴市,0000000K0000003U000000070000000X,36.67,2018/6/5,330600,a3cb9b11-3dd9-4d0a-86f3-196b02721136
杭州市,0000000D0000002R000000030000000X,46.67,2018/9/25,330100,ba932290-6ed0-4631-b181-de61a69a48d4
浙江省,0000000P0000002W000000070000000X,4.06,2017/5/15,330000,7dc839fb-3cc5-4f08-90d5-6d158fac0eb9
浙江省,0000000K0000003U000000070000000X,37.94,2018/11/15,330000,bd80b724-bf45-4c97-bd4f-8544f822ecd0
浙江省,0000002U0000007X000000070000000X,4.31,2018/9/5,330000,689d4ac9-2f84-4f47-b909-7842126ce01a
舟山市,0000001E00000031000000070000000X,5,2018/4/5,330900,2a559d31-aebc-4800-8350-73fa0b00faeb
金华市,0000002200000038000000070000000X,3.43,2018/9/25,330700,b207f88f-62df-4f13-8b71-0aae69722c97
杭州市,0000000D0000002R000000030000000X,46,2017/10/25,330100,21104e8e-65f3-4132-a6ce-8472b85ac529
衢州市,0000000S0000002Z000000070000000X,8.33,2018/11/15,330800,f03994b0-a5f5-4107-a854-c3f30b0c91fa
浙江省,0000000P0000003E0000000700000010,4.7,2017/11/21,330000,44aac528-914a-4310-bf37-02b2f0eb8681
衢州市,0000001K00000031000000070000000X,2.67,2017/3/5,330800,e538d26c-6638-4053-9c83-d619c7f5d0f7
嘉兴市,0000000M0000003V000000070000000X,11.83,2018/3/5,330400,bb5c3cc8-6696-4aec-be28-19751fe7c07b
金华市,0000001E00000031000000070000000X,4.5,2018/3/15,330700,c748d994-6924-4799-bff4-135f4ca03b11
杭州市,0000000S0000002Z000000070000000X,8.5,2017/2/25,330100,2c5eaa86-76bd-43bf-8d21-069885db4d43
杭州市,0000001700000031000000070000000X,2.6,2018/2/25,330100,2b98ed61-8cce-47bc-a2f2-02f62515eba7
舟山市,0000001400000031000000070000000X,5,2017/8/5,330900,058dddf6-7b08-4739-b033-6e2d39fb8abe
舟山市,0000001200000031000000070000000X,3.83,2017/4/5,330900,c4f2cb02-925c-4fa2-bead-f31ccfe82c71
舟山市,0000001700000031000000070000000X,2.5,2018/1/15,330900,67870f0e-4588-4d71-abb3-d9219a2aff27
杭州市,0000001500000031000000070000000X,4.53,2017/8/15,330100,82e96439-edd7-4d7b-844b-df2cc230a314
台州市,0000002U0000007X000000070000000X,4.33,2017/5/5,331000,64ca7654-b9cc-48a4-a31d-357178f67615
嘉兴市,0000001700000031000000070000000X,2.83,2017/12/25,330400,9a8a4eaf-90c4-4715-ad97-7d8731c11f58
绍兴市,0000001Z00000036000000070000000X,4.33,2018/2/15,330600,f8a7f25c-1a30-41e3-9673-48101f3834ca
绍兴市,0000001Z00000036000000070000000X,4,2017/9/15,330600,3f04624c-16ce-4523-9afb-8d4f3f4ef02c
绍兴市,0000002U0000007X000000070000000X,4.67,2018/1/25,330600,0398ec90-4550-4b39-b799-3276dbcf9ae7
浙江省,0000000H0000003P000000070000000X,22.33,2018/8/15,330000,bb0f5307-3e30-47ad-9e73-ef57b22abdcd
浙江省,0000000K0000003U000000070000000X,40.53,2019/2/15,330000,e242a548-39ea-4c4c-9d98-9ccc79e4b0e1
温州市,0000002U0000007X000000070000000X,4.67,2019/2/15,330300,d696fd6b-5184-460f-8fd2-8760002e3918
舟山市,0000000G0000003F0000000700000010,11.1,2017/4/25,330900,8a23d4ab-6c80-426d-8f85-85a2bba31292
宁波市,0000002P0000007W000000070000000X,3.27,2018/1/5,330200,539d2891-1227-4a4d-8adc-9e8fa3219da0
湖州市,0000000J0000003S000000070000000X,37,2018/10/15,330500,2d0bf8b2-6670-4dd4-a55c-617f54d9d4ae
台州市,0000000C0000002Q000000030000000X,63.33,2017/3/15,331000,f38ae533-9a72-41db-9029-7f220a2d33b7
金华市,0000002P0000007W000000070000000X,3.9,2017/6/25,330700,bbf08a05-ca0c-4eae-a093-115148f08b3b
金华市,0000000Z00000031000000070000000X,5.17,2018/6/15,330700,588f443f-973f-443e-ad9c-a8731bf011fc
衢州市,0000000G0000003F0000000700000010,12.5,2018/12/25,330800,23dbb46f-c188-47c7-b764-3f0f259f18e9
绍兴市,0000001500000031000000070000000X,4,2018/1/25,330600,f3ae123c-0588-4229-8b65-fc43ad04479e
温州市,0000002P0000007W000000070000000X,2.17,2017/3/25,330300,0f962c4e-4302-4751-86de-abdfc0a5f104
温州市,0000001E00000031000000070000000X,4.17,2017/7/5,330300,7df5fa39-d0de-4faf-b2b6-b177fe2cc1ff
衢州市,0000000J0000003S000000070000000X,36.33,2017/12/15,330800,080c2604-856b-4a45-984d-15f3fc3acf1e
浙江省,0000001200000031000000070000000X,4.99,2019/1/5,330000,fb6913f9-c8a9-4c57-9f0b-e796ff971759
嘉兴市,0000000H0000002T000000070000000X,17,2017/7/15,330400,89977025-de71-4403-86e3-fcbd29f63627
舟山市,0000000X0000007T000000070000000X,35.33,2018/9/25,330900,5ddd9cfb-0c72-42f3-99ab-a3d561a5ff31
温州市,0000001E00000031000000070000000X,3.17,2017/1/25,330300,06452905-0e7a-445a-bad6-af0257094822
杭州市,0000001700000031000000070000000X,2.83,2017/8/25,330100,5fd67940-a53c-4c51-b103-e951935b2422
丽水市,0000001500000031000000070000000X,4.17,2018/7/15,331100,d78e29c6-4f4b-4301-b2e3-f179f523760a
台州市,0000000M0000003V000000070000000X,10.33,2017/3/15,331000,74708c46-c14c-4c9e-83ac-966eb996cb08
温州市,0000002U0000007X000000070000000X,4,2017/5/25,330300,268bcb58-d298-4981-a3ac-ff31c9a06204
台州市,0000000X0000007T000000070000000X,24,2019/2/5,331000,2c495ac9-0d4d-4d95-9ee3-8764edc988b3
台州市,0000000G0000003F0000000700000010,6.9,2018/4/10,331000,6ac28469-b316-4b97-a91c-c8f987af715f
金华市,0000000J0000003Q000000070000000X,41,2018/7/25,330700,197a42d4-1168-4224-b70c-8a7880949e7f
衢州市,0000000P0000003E0000000700000010,4,2018/5/1,330800,2d510b5b-9893-4b54-a0b2-1a4d122e102d
湖州市,0000001E00000031000000070000000X,5.83,2018/4/25,330500,f6fd7f5c-2ad4-4c94-af93-35a326318b3b
金华市,0000001200000031000000070000000X,3.33,2017/9/15,330700,d5c591c0-5230-49f6-a652-f211e30497ff
舟山市,0000000G0000003F0000000700000010,11.2,2017/3/28,330900,600d7687-0c6e-4fb8-aca6-2af45b4874c6
丽水市,0000000C0000002Q000000030000000X,70.23,2018/3/5,331100,e952b9ce-7e25-4a5d-949f-a67900f75c9c
温州市,0000000G0000003F0000000700000010,9.03,2017/5/16,330300,a14c7dc4-42f5-4a59-85ca-4ea6609d2fb0
丽水市,0000000G0000003F0000000700000010,7.8,2018/7/10,331100,18246849-f7d3-4658-96da-2b1097c2796a
丽水市,0000000J0000003Q000000070000000X,37.33,2017/6/5,331100,58ebcba1-14fb-4960-a31b-3cf8a469985d
杭州市,0000000S0000002Z000000070000000X,8.17,2019/2/15,330100,77a410af-0f0d-40f6-8623-f9926314f77b
浙江省,0000002P0000007W000000070000000X,3.07,2017/9/5,330000,ebc4c950-4ed4-497c-9d33-fe00d51aa177
嘉兴市,0000001E00000031000000070000000X,4.67,2018/6/25,330400,1cea8295-da8f-4321-ad4e-d83f1a5bbf6f
舟山市,0000001Z00000036000000070000000X,7.67,2018/1/15,330900,afe7e6e5-f6b7-4077-b234-047801e22909
衢州市,0000000P0000003E0000000700000010,2.55,2017/5/23,330800,6a80062d-455a-4dc5-a459-57110f5605a8
台州市,0000001500000031000000070000000X,4,2017/12/25,331000,b8138a2f-ed9a-4487-a4be-492c08d45444
温州市,0000000H0000003N000000070000000X,16,2017/6/25,330300,b665dcc7-430d-4860-80a7-803ccd471201
绍兴市,0000001200000031000000070000000X,4.17,2018/9/5,330600,5593a24f-6150-4ceb-9e2b-a407c68dc2a5
台州市,0000000J0000003Q000000070000000X,38.33,2017/5/5,331000,32551688-02be-462a-8bb1-67e329111f2f
台州市,0000002P0000007W000000070000000X,3.45,2018/11/25,331000,dc22b47d-be27-4ad2-a1c4-f35bea31c23c
杭州市,0000001E00000031000000070000000X,5,2017/11/5,330100,b4ece2e0-ba48-4e38-994d-3d371ae636ca
宁波市,0000001E00000031000000070000000X,5.23,2017/8/25,330200,e44b154f-e192-4ff1-8af8-3a187bc8ee4c
宁波市,0000001K00000031000000070000000X,2.83,2018/4/15,330200,408bf944-8681-413d-b224-d66b0ab3bcc2
浙江省,0000003100000081000000130000000X,91.16,2017/4/15,330000,b85b8945-db5a-4b0e-a59a-f20925c5568d
绍兴市,0000000G0000003F0000000700000010,9.9,2017/5/9,330600,68c297cf-5952-4faf-b064-0776a0183283
温州市,0000001200000031000000070000000X,4.67,2017/11/25,330300,661c11a8-2ab2-4cf7-a3e2-3f150a4198ce
浙江省,0000000Z00000031000000070000000X,4,2018/12/5,330000,75057c61-fac1-4ffe-947a-951d945a7191
金华市,0000000J0000003Q000000070000000X,40.67,2017/1/5,330700,7bd4d476-725e-449f-b97a-37e97f3ea49d
杭州市,0000000G0000003F0000000700000010,6.71,2018/4/24,330100,88bbd38f-58b7-4dd9-88f5-aea60bf5b6f5
台州市,0000001A00000031000000070000000X,4.17,2017/8/15,331000,e0ac4408-c2fe-4c7c-b3d4-f63609846dd7
金华市,0000001Z00000036000000070000000X,6,2017/6/15,330700,06862b6d-bd26-4868-aea6-57e078430682
台州市,0000001K00000031000000070000000X,3.17,2018/6/15,331000,dc6e5d32-d45a-4ccd-8e42-ad5c3b44ee3b
杭州市,0000001K00000031000000070000000X,4.33,2017/12/25,330100,4e5572fc-1231-47ed-aa30-fcb7455013fb
衢州市,0000002U0000007X000000070000000X,4.5,2017/9/15,330800,6ad6c99d-ce3f-440a-a51f-35da5c5e284c
湖州市,0000001500000031000000070000000X,5.83,2017/2/5,330500,4e5eb047-98be-43ce-a96f-90463c6154a4
湖州市,0000000P0000002W000000070000000X,5.67,2017/11/15,330500,82370488-5d32-4f9b-b239-e8e6c219a4cb
金华市,0000000M0000003V000000070000000X,12.33,2016/12/25,330700,3ef25041-16e0-4c41-8809-fd67e7bc395e
浙江省,0000000D0000002R000000030000000X,44.52,2017/5/5,330000,cf092a8a-2381-495e-a874-12409840067b
宁波市,0000000D0000002R000000030000000X,41.33,2018/4/15,330200,d6dc0397-277e-4f92-975e-911ca9a93fc6
丽水市,0000000J0000003S000000070000000X,34.33,2017/5/25,331100,ca9a22e5-cdb5-435a-811a-7ddbbf305244
绍兴市,0000001400000031000000070000000X,6,2016/12/25,330600,2f6d9d1c-eb13-490f-9d80-c6abbcd77ad9
嘉兴市,0000002P0000007W000000070000000X,3.2,2017/4/5,330400,20a60aa1-1a1f-4d35-9947-04e1b61a0950
湖州市,0000000P0000002W000000070000000X,5.5,2018/11/15,330500,f8f5a098-e3d9-4ea2-8548-c8be8fdaafc4
杭州市,0000001400000031000000070000000X,4.73,2017/7/5,330100,c6be168d-8726-4857-9360-a65be3dc73eb
温州市,0000000H0000002T000000070000000X,16.67,2017/8/15,330300,311b1f03-6893-443b-b64e-9f9926998ce6
衢州市,0000000D0000002R000000030000000X,38.33,2017/8/5,330800,536cd4d5-df24-4616-a87d-8a3e1aea566d
金华市,0000001E00000031000000070000000X,3.5,2017/12/25,330700,c461d965-393c-4bd3-a919-8c2d0daab973
嘉兴市,0000000C0000002Q000000030000000X,66.33,2017/3/25,330400,51aec853-9682-434f-a8af-14de41656e00
浙江省,0000001Z00000036000000070000000X,5.94,2018/6/25,330000,0f0106fd-f620-49c4-84dc-0a56d17c2a6e
宁波市,0000000C0000002Q000000030000000X,77,2017/11/5,330200,62769e5f-0021-4991-9c46-1c66a28747fa
台州市,0000001700000031000000070000000X,2.5,2017/3/5,331000,9107b5f5-6d97-4349-9c58-408fedb8f541
温州市,0000000K0000003U000000070000000X,50,2018/11/25,330300,79316f88-7250-4874-aa6c-32cc287be1f4
浙江省,0000000J0000003Q000000070000000X,41,2018/3/15,330000,379bb95c-0184-44e9-881c-94c695cb311f
台州市,0000000G0000003F0000000700000010,9.1,2018/8/14,331000,e7252b00-d11b-43b4-a1eb-04d30371fd34
浙江省,0000002U0000007X000000070000000X,4.34,2019/3/5,330000,8ab13815-660a-4cb9-b985-3c79261c2b26
湖州市,0000000C0000002Q000000030000000X,56.67,2017/2/5,330500,14ae4634-c9ab-4ca1-826f-bf3c79dc1062
绍兴市,0000000Z00000031000000070000000X,4.17,2018/3/5,330600,6e4ddbc7-3f87-4243-a1fb-25c330d604b9
浙江省,0000002200000038000000070000000X,3.78,2018/12/15,330000,55ebb372-c7b0-4bfd-aa6a-ffb34424c2b1
宁波市,0000000Z00000031000000070000000X,7,2018/11/15,330200,b863d430-83d4-4415-b5ef-036e2986df7c
湖州市,0000002P0000007W000000070000000X,3.89,2017/10/15,330500,28e64060-77a7-4363-b3b3-6c0716b7bfcc
台州市,0000001K00000031000000070000000X,3.17,2017/11/5,331000,93ee5ad1-88ac-46e3-9433-d4d4bcf4c35a
丽水市,0000000P0000003E0000000700000010,4.7,2019/1/1,331100,a14c441e-83a7-4291-8edc-4dc0a9d812e5
舟山市,0000001400000031000000070000000X,5.67,2018/7/25,330900,ee541382-d3a8-4f2c-8a82-49d68e66c47e
台州市,0000000D0000002R000000030000000X,38.33,2017/7/25,331000,94e9678a-661a-4c54-8cbb-e75ea7b49a26
金华市,0000001A00000031000000070000000X,4.83,2017/1/15,330700,5fa9e8de-ead3-473c-aea6-b818c47ce7f4
杭州市,0000000D0000002R000000030000000X,46,2017/5/5,330100,f213aa06-016f-4e4d-8bd9-5e7f5efec5d0
温州市,0000002U0000007X000000070000000X,4.67,2019/1/25,330300,969f494c-8883-4c2a-95b8-ffe2b68ac0b3
舟山市,0000001E00000031000000070000000X,5.83,2018/6/25,330900,1556587f-3826-4c3a-b0ac-125880c2067d
湖州市,0000000Z00000031000000070000000X,3.33,2017/2/15,330500,d7df954f-2ac2-4f46-a792-97c171e4f1f8
湖州市,0000000P0000003E0000000700000010,4,2018/5/8,330500,49cd8355-45c8-47fb-aeea-5dd04c363041
丽水市,0000001500000031000000070000000X,4.83,2018/12/5,331100,3fae6915-b0fc-49f1-a53b-ce1844436173
丽水市,0000000X0000007T000000070000000X,44,2018/7/5,331100,16c9667e-a6f1-41c0-8619-3f9c51f2d7ff
浙江省,0000001500000031000000070000000X,5.22,2018/11/25,330000,ca035f00-3896-42ca-9bee-c6e935359d2e
金华市,0000000Z00000031000000070000000X,3.5,2018/4/25,330700,5568c2b5-329f-4ea7-bd4a-84caccfb7bca
绍兴市,0000000M0000003V000000070000000X,10.33,2019/2/15,330600,cd4af802-3dcf-442d-8afc-ba0ad060de4c
湖州市,0000001A00000031000000070000000X,7.5,2018/4/25,330500,0186cde8-4550-4a8b-9712-7d6a3515b7bd
温州市,0000000G0000003F0000000700000010,6.79,2018/5/22,330300,bd97b944-1501-424b-ad87-cf6369e46d26
宁波市,0000001500000031000000070000000X,4.53,2018/1/5,330200,e87547e3-8e9f-4ea8-8362-d7885fca6c8d
绍兴市,0000000H0000003N000000070000000X,14,2017/4/15,330600,ef7de49e-1804-4b5a-b94a-7bac88f0498e
宁波市,0000001400000031000000070000000X,7.33,2018/10/15,330200,79f36280-c672-4f08-b2c0-42e7bc43288a
丽水市,0000000P0000002W000000070000000X,5.5,2017/10/15,331100,737dee9e-3649-455c-a5c4-589e96322490
杭州市,0000001400000031000000070000000X,4.77,2017/6/25,330100,0e5c31ec-510f-485a-a71e-939d59a200b4
舟山市,0000000H0000003N000000070000000X,15.33,2017/7/5,330900,ab218bb0-95d7-42e2-827c-7a6b387e4070
杭州市,0000001500000031000000070000000X,4.67,2017/10/25,330100,b16fb593-0617-48c1-b78b-46c6cf6ea90f
浙江省,0000001A00000031000000070000000X,5.42,2017/2/25,330000,e78287b9-c6f7-4711-92cd-5249d60ac79c
宁波市,0000000J0000003Q000000070000000X,38.33,2017/8/5,330200,0a16058c-3539-453f-94c4-96c6a94156b6
温州市,0000000P0000003E0000000700000010,4,2018/3/13,330300,b02a8be9-1e09-4e30-90c6-b5c3bc63f502
丽水市,0000000M0000003V000000070000000X,9.67,2017/1/5,331100,e128ef7d-356d-4c74-9dac-ae9386071ceb
浙江省,0000001K00000031000000070000000X,3.84,2019/3/15,330000,acc46284-3925-4318-aef8-e348ed610253
衢州市,0000001500000031000000070000000X,4.17,2017/6/5,330800,f78e48df-9a42-468c-929c-af7dcc299f9c
绍兴市,0000000P0000003E0000000700000010,3.7,2018/4/3,330600,54579f51-8ee3-41e6-9c8e-9498e5037dc9
杭州市,0000002P0000007W000000070000000X,2.58,2016/12/15,330100,05b18705-0843-4957-9cd3-f1117cbecd81
湖州市,0000000K0000003U000000070000000X,0,2017/5/25,330500,20f5dc3f-dcc3-4ca3-8fcc-6c982ea30dc8
温州市,0000001500000031000000070000000X,4.83,2017/8/5,330300,cabea9ab-1203-4202-beaa-9341e67dddb2
宁波市,0000000J0000003Q000000070000000X,38.33,2017/5/5,330200,ec78074f-a6d1-48af-ad36-67f9a4179d8f
嘉兴市,0000001200000031000000070000000X,6.5,2019/2/25,330400,8fafb02e-b7cb-4b82-9f2f-e08f49829bac
嘉兴市,0000000D0000002R000000030000000X,38.33,2017/8/5,330400,76584d17-4a9c-4e73-b983-da6d615b0c63
宁波市,0000000C0000002Q000000030000000X,73,2018/10/25,330200,8a1811fd-8556-4e77-ac2a-0f168df8eda0
杭州市,0000000P0000003E0000000700000010,4.1,2018/5/22,330100,be13317d-0c74-4905-99c0-8c2d6d9093a0
绍兴市,0000001E00000031000000070000000X,4.67,2017/9/5,330600,6469f601-9208-4eaa-8466-36e14fb4bb2e
绍兴市,0000000C0000002Q000000030000000X,62,2017/4/5,330600,28091cc8-a13d-4b0b-a2b1-8447f124a458
宁波市,0000000K0000003U000000070000000X,34.33,2018/9/15,330200,f5f8185d-6e7e-4ede-803a-2e41f81583c2
台州市,0000002200000038000000070000000X,3.17,2019/2/25,331000,2933412e-6560-4d0c-b328-79e216aaee91
浙江省,0000002P0000007W000000070000000X,3.12,2018/9/15,330000,c703b9df-8fc4-4d74-9fb4-4939b6079a21
嘉兴市,0000000G0000003F0000000700000010,10.05,2017/5/2,330400,c6b5d202-67d1-42fd-9ce8-f72f0d03091a
杭州市,0000001400000031000000070000000X,5.83,2017/11/25,330100,83d739e6-e8c5-4e8a-9c0c-de727b5c8926
浙江省,0000000P0000003E0000000700000010,4.91,2018/10/30,330000,f885d703-062d-484a-b4c6-84c5b71bb950
温州市,0000000D0000002R000000030000000X,46.67,2018/1/5,330300,acfa5934-8ea5-4bdf-a3ef-df3dc36f6c9d
杭州市,0000000Z00000031000000070000000X,5,2018/1/5,330100,e1f0d49c-1a30-4d23-a0d9-e19d59befc37
丽水市,0000001K00000031000000070000000X,3.67,2018/1/25,331100,937e3858-6696-4fdc-9e6c-7d6b26f9d9f6
杭州市,0000000S0000002Z000000070000000X,8.67,2017/9/15,330100,f1952cff-7e5c-4dab-a598-a0199278278d
湖州市,0000000Z00000031000000070000000X,5.5,2017/7/15,330500,087b6274-c6e4-444a-b5f3-14f1916ad352
湖州市,0000001Z00000036000000070000000X,5.33,2016/12/25,330500,fee29b63-6320-4d00-9121-e2ae8a6e14b9
金华市,0000001E00000031000000070000000X,4.5,2017/8/15,330700,49b7990a-42e2-486d-95c6-620622a9091f
舟山市,0000000H0000002T000000070000000X,15.67,2018/10/25,330900,f30f4e97-eb60-4a93-bfb8-2b7ccdefc76e
台州市,0000000J0000003S000000070000000X,35.33,2018/3/5,331000,f4269a75-19ac-4811-b079-015a1fb6b71b
绍兴市,0000000G0000003F0000000700000010,10.01,2018/1/2,330600,d301e8d4-adca-479b-a349-a819257e8b2c
舟山市,0000000G0000003F0000000700000010,10.4,2017/8/8,330900,a82b21a7-607c-44a5-a084-ca8efeb624c5
绍兴市,0000000K0000003U000000070000000X,36.67,2017/10/25,330600,f99a6ca3-9d68-47b1-a404-2638614c7e14
杭州市,0000001E00000031000000070000000X,4.83,2018/2/5,330100,d3acf266-c86b-42ce-b7cb-d4b70751d346
衢州市,0000000K0000003U000000070000000X,33,2018/5/5,330800,b77d3f56-6d3d-4daf-88b9-291588fb2202
金华市,0000001A00000031000000070000000X,5.67,2019/2/25,330700,59d150f7-5863-4d7c-a3a1-f51934cfac51
衢州市,0000001500000031000000070000000X,5.67,2017/2/15,330800,d2caba32-1b95-40de-81b0-0ae35a530fd1
绍兴市,0000002U0000007X000000070000000X,4.67,2018/12/15,330600,992bb5fd-9cfe-4b66-bbab-ec2a75907c3b
温州市,0000001E00000031000000070000000X,5.17,2016/12/25,330300,fc9f7b6a-fc83-4761-b92e-5de956f26bfa
宁波市,0000002U0000007X000000070000000X,4.63,2019/2/25,330200,ae0cc096-e936-4d11-b533-0ec24ca59dd0
杭州市,0000002200000038000000070000000X,2.67,2017/5/5,330100,f4082ce4-0870-410a-8d45-e07e07a8ea1f
台州市,0000000P0000002W000000070000000X,4,2017/7/15,331000,d6a2a328-c50b-4b85-873b-b71598e8d559
湖州市,0000000J0000003S000000070000000X,37,2019/2/5,330500,f179c3b5-565a-40ef-b4a6-2ab0026bd183
金华市,0000002200000038000000070000000X,3.67,2018/11/15,330700,f0c3c090-3d3e-4cbf-b2ca-44510175d97f
宁波市,0000000J0000003S000000070000000X,30.5,2017/4/5,330200,23052430-ebc6-458b-8943-e52f05e4205e
台州市,0000001400000031000000070000000X,6,2017/3/5,331000,5f37a5d8-2abd-43eb-9841-0ae0adac4622
湖州市,0000001700000031000000070000000X,3.17,2019/3/15,330500,5e785b6e-34ab-4672-b313-d2b91e6739f0
绍兴市,0000000J0000003Q000000070000000X,43.33,2017/3/25,330600,e794fceb-bd1c-47c1-9a3a-0f354546c78f
舟山市,0000001700000031000000070000000X,3.17,2018/5/15,330900,6242e220-4728-4de4-9e1a-4ac2f2c5a9ad
浙江省,0000001Z00000036000000070000000X,6.04,2017/8/25,330000,b7f4ee5d-e84c-4ac5-8674-37d0bb0cac32
湖州市,0000000H0000003N000000070000000X,14.33,2017/5/25,330500,86c1ec9f-89b0-4abb-afa0-208aeb533a36
丽水市,0000001E00000031000000070000000X,4.33,2017/7/25,331100,9672f713-5360-4416-8280-07ef4cea8dfc
台州市,0000000P0000002W000000070000000X,3.93,2017/3/5,331000,2b74498c-91b8-4d66-930c-433a8cf561b0
嘉兴市,0000000X0000007T000000070000000X,32.33,2017/3/25,330400,a849673a-22a9-4f57-b89c-29e4433b3858
杭州市,0000002200000038000000070000000X,3.2,2018/4/5,330100,7210896a-1516-48bc-9fc0-ae4a718e30d2
嘉兴市,0000000J0000003Q000000070000000X,40.67,2018/1/5,330400,abb86c0e-aae6-455a-933d-07fe46ef3450
丽水市,0000001E00000031000000070000000X,3.33,2018/5/15,331100,bc55749f-c502-453f-be3d-b33950e595ec
台州市,0000001A00000031000000070000000X,4.5,2018/4/5,331000,fdb9dca4-3d9c-475b-8408-f5d9b41b7e97
温州市,0000000M0000003V000000070000000X,15.33,2019/2/5,330300,6c5d3710-2085-4ab2-a822-3345a0f60cdb
丽水市,0000000J0000003Q000000070000000X,37.33,2017/9/5,331100,f5622d52-9c26-4ff2-a35f-590ccaea55fc
金华市,0000000C0000002Q000000030000000X,68.17,2017/4/25,330700,52711249-a34d-430d-ad15-7fe39c46f2c2
金华市,0000001K00000031000000070000000X,1.5,2017/5/15,330700,9712f047-ed84-454b-9c5f-66a16e7cd42d
嘉兴市,0000001700000031000000070000000X,3.17,2017/5/15,330400,6f15d43f-2fb4-4fdc-9c35-e645f8e18128
温州市,0000000S0000002Z000000070000000X,9.33,2019/1/15,330300,2b6b1bc9-5941-4ed7-aef9-789dc7b63958
台州市,0000000H0000003P000000070000000X,27,2018/11/15,331000,b01ef1fb-219f-4c42-960b-30326a9654f7
温州市,0000000H0000002T000000070000000X,19,2018/9/15,330300,c598593b-e265-4889-9c62-20c4ea382bd9
嘉兴市,0000002U0000007X000000070000000X,3.87,2018/7/5,330400,0cbac31b-5a54-4a73-9422-c164dc8ffbca
丽水市,0000000G0000003F0000000700000010,10.5,2017/3/28,331100,19e75aca-e735-4bc3-80c0-9fa8343411f8
温州市,0000001A00000031000000070000000X,5.33,2017/10/25,330300,9493faf4-ca90-4f0a-9832-36f0e45e2fcd
宁波市,0000003100000081000000130000000X,173,2017/2/15,330200,86442420-655f-4300-982a-630df9aaf93e
杭州市,0000000P0000003E0000000700000010,3.4,2017/4/4,330100,8e06c058-72f0-47ed-804f-d7c87ddcd847
金华市,0000000H0000002T000000070000000X,16.33,2019/1/5,330700,09c516f5-2d06-41b9-b4ce-f4152128e4b3
湖州市,0000000J0000003S000000070000000X,34.67,2018/3/5,330500,a79a3b6c-34c8-4bee-b578-6ec7433f182c
金华市,0000000H0000003P000000070000000X,20.33,2017/11/15,330700,85f70db2-96a7-497a-ac33-11d7e041e1e0
温州市,0000002200000038000000070000000X,3.67,2018/9/25,330300,43dbb56c-04f2-4cc3-ae88-f459b5bf4463
杭州市,0000001Z00000036000000070000000X,6.57,2018/4/5,330100,f61446e7-d26e-418d-8d4c-bfc7cc6c8803
衢州市,0000002U0000007X000000070000000X,5,2019/1/15,330800,ce3980ca-df95-4579-ac27-05f898c610b9
丽水市,0000000P0000003E0000000700000010,4.4,2019/1/22,331100,b2df6401-7c5a-481c-8f26-0a1b729f8bbf
嘉兴市,0000001200000031000000070000000X,3.67,2017/7/25,330400,9cf2ec7d-ab00-447a-87d1-eb0bb82f8725
杭州市,0000000P0000002W000000070000000X,5.17,2018/4/5,330100,44ac6747-a3ce-45a6-9ac4-d9293ba1dfe6
温州市,0000001400000031000000070000000X,7.67,2019/1/15,330300,1a3f7558-d169-4c53-b0de-33469064c0db
杭州市,0000000Z00000031000000070000000X,4.67,2018/12/5,330100,588e92ff-75b3-43f2-bc20-b5540aad1347
湖州市,0000001E00000031000000070000000X,4.67,2017/2/15,330500,f32fc340-6cdb-44ae-966a-452561657e2b
台州市,0000001400000031000000070000000X,5,2018/8/5,331000,2838ab79-3b00-4a0c-ba2e-8840356652ed
湖州市,0000002U0000007X000000070000000X,3.87,2018/5/5,330500,ef73bfda-d245-4885-979b-f09e038f56d7
嘉兴市,0000001400000031000000070000000X,4.83,2017/12/15,330400,49565e00-9aee-4ead-b282-819cb6cd6662
丽水市,0000000G0000003F0000000700000010,9.5,2017/10/24,331100,ad02d7d5-b21e-41aa-bcdd-11f2fa8ac097
湖州市,0000000Z00000031000000070000000X,4.67,2017/11/15,330500,0de448c3-5d28-41f3-9c5c-437ff38b58ca
衢州市,0000001500000031000000070000000X,3.83,2018/1/5,330800,55a0aa63-867c-458e-a8ae-6b48204fc518
衢州市,0000000Z00000031000000070000000X,2.83,2017/5/5,330800,c034b492-9c74-4b9a-bd16-7a781490265a
绍兴市,0000001400000031000000070000000X,6.33,2019/1/5,330600,2b173990-17c5-48e6-b3d7-ed22974c2f9b
丽水市,0000000G0000003F0000000700000010,9.5,2017/10/10,331100,f190f4cc-0999-4c9d-b511-bd982d686ebd
湖州市,0000000X0000007T000000070000000X,35,2017/11/25,330500,f286d5d9-ba0c-48a8-97ac-557180406c85
宁波市,0000002200000038000000070000000X,4.33,2018/11/15,330200,d6d1d4ea-cff3-49e3-bfd2-8ba37b60fb65
丽水市,0000002U0000007X000000070000000X,4.66,2017/6/5,331100,47895d75-a81c-458d-a0d0-a16a0229ecf5
丽水市,0000000Z00000031000000070000000X,3.5,2018/5/5,331100,bfd53b4a-6ca7-44e5-967a-ae6c67174256
浙江省,0000000H0000003P000000070000000X,22.68,2018/8/25,330000,e6d45c15-d1bf-40f7-bdaf-d9d969a3c79c
温州市,0000000K0000003U000000070000000X,48,2018/12/15,330300,6d50f717-e339-4bf5-937a-a4ebeb8e356a
温州市,0000000M0000003V000000070000000X,14.67,2017/8/5,330300,1790483d-e2f6-486f-b631-2ec5a559ad56
绍兴市,0000000H0000003N000000070000000X,14.17,2017/3/25,330600,50cf6247-dee1-4200-8637-c5f818f50bd6
绍兴市,0000000H0000003N000000070000000X,13,2018/8/25,330600,45971f64-aee8-469e-a96d-7af15a77d248
湖州市,0000002P0000007W000000070000000X,3.89,2018/9/25,330500,6079cbdb-b9f3-4496-9792-dc4d726afb4b
绍兴市,0000000D0000002R000000030000000X,53.33,2017/4/15,330600,59c5b9da-c689-45eb-b463-3a1db20590cc
台州市,0000000P0000003E0000000700000010,3.86,2018/4/10,331000,4e8a2889-b9bb-4bde-b479-59f92bea4eb7
浙江省,0000000Z00000031000000070000000X,4.63,2018/2/5,330000,76be0542-9740-428a-b1ef-39d867675129
衢州市,0000002P0000007W000000070000000X,3.06,2018/1/25,330800,6956a044-4e68-4a11-92fc-d7828bcc9a31
舟山市,0000000Z00000031000000070000000X,4.17,2018/12/25,330900,7a3b9d34-c108-4b00-ac0c-d99b64a7c681
舟山市,0000000P0000003E0000000700000010,4,2017/1/3,330900,9e0afa63-5834-45a3-9f3c-4d055b9e7731
丽水市,0000001700000031000000070000000X,2.67,2018/9/5,331100,4006c6c4-99e0-45a1-8eba-e84ace07a3f4
金华市,0000002P0000007W000000070000000X,3.7,2019/2/5,330700,52ebcae1-331c-4e3b-8e74-dff167e437d7
宁波市,0000000J0000003Q000000070000000X,41.83,2018/4/5,330200,dce09368-d7f4-4a85-a88d-9cabeb39addc
舟山市,0000000P0000003E0000000700000010,4.5,2019/3/5,330900,5a1a4a51-8879-48b9-8b73-2d0463c9df14
湖州市,0000000X0000007T000000070000000X,35,2019/2/15,330500,998d1973-6a7e-43db-b397-1ad845db40a8
嘉兴市,0000002200000038000000070000000X,3.83,2017/5/5,330400,5a2e636c-ccb1-4e35-9604-d84daee2dc9e
宁波市,0000000X0000007T000000070000000X,44,2018/8/25,330200,2e3b5c12-55b7-4a1d-a825-c42054290937
杭州市,0000000K0000003U000000070000000X,33,2017/5/5,330100,77a5c5ff-408d-4727-8ae0-1810229c95b8
嘉兴市,0000001200000031000000070000000X,4.17,2017/8/15,330400,9c416812-03ac-452d-9f15-2458cadc99eb
杭州市,0000001K00000031000000070000000X,4.33,2017/12/5,330100,a02d4e35-c00a-494c-9f0e-1092dab6356e
宁波市,0000000M0000003V000000070000000X,15.33,2017/10/5,330200,0cedab77-a4b7-4044-bc40-07c1cdc91ff6
嘉兴市,0000001400000031000000070000000X,5.83,2017/3/25,330400,91a6c7f1-f8f5-48ea-b4b7-73d0b53b8e12
宁波市,0000001A00000031000000070000000X,3.7,2017/6/25,330200,5ee227de-7e4f-432c-86aa-dc1206447e04
嘉兴市,0000000H0000003P000000070000000X,23.33,2018/11/15,330400,0bd9eb72-0c93-4488-b986-f66021bfbaef
杭州市,0000000K0000003U000000070000000X,35.33,2018/6/15,330100,f123c481-57e2-4b30-af1b-ca98362f9ab3
浙江省,0000000S0000002Z000000070000000X,9.68,2017/7/15,330000,2c085926-60c6-4b61-afa9-c9e9c74bf2ea
浙江省,0000001A00000031000000070000000X,5.72,2017/1/25,330000,2693599a-453f-4b87-bc9c-a035d1b74e7d
浙江省,0000000H0000003P000000070000000X,22.5,2017/11/15,330000,86565639-cd1e-454c-910e-d3f92cfbaf62
杭州市,0000000C0000002Q000000030000000X,64,2016/12/15,330100,ab2619ca-5336-4eb9-a9ae-08e1447d713c
绍兴市,0000001E00000031000000070000000X,4.83,2019/2/15,330600,3b8dbac8-37a4-435c-8bf4-f9fbbf5ba5dd
嘉兴市,0000000P0000002W000000070000000X,5.17,2017/8/15,330400,b091320f-a736-462a-984b-e45d1053bbb1
湖州市,0000001200000031000000070000000X,3.17,2017/7/5,330500,099a7295-f1f2-4031-a848-51d4fbbb8241
杭州市,0000000C0000002Q000000030000000X,63.33,2019/2/15,330100,769a0574-573a-489f-8a67-2e774ac3a03e
杭州市,0000001400000031000000070000000X,5.83,2018/5/5,330100,f8b39b93-239d-42a7-882c-435e60b3c5bb
湖州市,0000001A00000031000000070000000X,6.33,2018/8/15,330500,f409b9c2-c542-47af-bc30-1a4c83d5a6d3
绍兴市,0000000P0000003E0000000700000010,4,2018/7/3,330600,e3339ff9-271f-4ed5-baad-4218b412732e
湖州市,0000000P0000003E0000000700000010,3.6,2017/1/10,330500,7eb5f366-44d9-4fa2-aa45-cd0f9470a99d
湖州市,0000000C0000002Q000000030000000X,57.67,2019/1/5,330500,35292776-1120-43d0-b455-ed8b4436105b
浙江省,0000002U0000007X000000070000000X,4.27,2017/9/25,330000,2dfc8736-495e-4bab-9cf9-b6db766fccec
嘉兴市,0000000J0000003S000000070000000X,33.67,2018/12/5,330400,e54ac168-69e4-4e7e-a274-7d2a37fed2fb
舟山市,0000000H0000002T000000070000000X,15.33,2017/6/25,330900,9c7ef8d6-41e8-4a44-a93e-b5b471405e9b
杭州市,0000000H0000002T000000070000000X,16,2018/6/25,330100,e239ad9c-8912-432d-8035-7457558723b9
嘉兴市,0000002200000038000000070000000X,3,2018/8/15,330400,bc27c65c-9bd7-4603-89b1-214c5d1db4b1
浙江省,0000000J0000003S000000070000000X,37.36,2018/10/25,330000,ac24c51d-71ce-48f7-b866-8dbac8f486ec
浙江省,0000000S0000002Z000000070000000X,9.72,2017/6/25,330000,f6430c2d-64dc-4e96-97a9-87af732578b9
杭州市,0000000J0000003Q000000070000000X,40.5,2017/5/15,330100,4ecb7116-404e-4539-a1bd-342a7d7c4080
台州市,0000001Z00000036000000070000000X,6.33,2019/3/15,331000,77945105-9739-464d-a4d4-6664c6f1302e
金华市,0000000P0000002W000000070000000X,4.1,2017/4/25,330700,8234a6de-b03c-443a-9ffb-3deb60cab25d
宁波市,0000001A00000031000000070000000X,4.9,2018/7/25,330200,4ff3387d-b072-4745-926d-a6b515b3fce5
温州市,0000002P0000007W000000070000000X,2.5,2018/9/5,330300,5efcaa54-862c-4f95-857a-0689d93a99f7
衢州市,0000003100000081000000130000000X,77.67,2016/12/25,330800,cdb88bf8-a770-48f5-ad93-741c3e8892cd
温州市,0000001K00000031000000070000000X,3.83,2018/3/15,330300,dce41e7e-30d4-4529-a901-85093d353280
绍兴市,0000000Z00000031000000070000000X,5.17,2018/7/15,330600,6fe87a3c-d1eb-4504-bdc0-333fabc5b0ca
温州市,0000001400000031000000070000000X,6.83,2018/9/15,330300,03a7de42-c4ff-460e-a52b-4a4b360eb26d
嘉兴市,0000000J0000003Q000000070000000X,40,2018/10/15,330400,c5aa0dd5-50b4-4af9-bd78-8b27e64e61d4
衢州市,0000001200000031000000070000000X,6,2019/3/5,330800,342f1a7c-2189-4def-ba69-ebcfc59026a7
嘉兴市,0000001700000031000000070000000X,3.27,2019/1/15,330400,524e27b7-3610-40c5-b739-949df845bfbb
浙江省,0000001400000031000000070000000X,4.12,2017/6/15,330000,4e50ea75-01b6-482e-ab28-787206bce818
杭州市,0000000H0000003N000000070000000X,15.13,2018/7/5,330100,152b315d-d65c-4400-a58b-103e8c545ed2
舟山市,0000001Z00000036000000070000000X,8.17,2019/1/25,330900,f780ed55-1d8e-4d71-9e6d-d4998f65a91a
杭州市,0000000J0000003S000000070000000X,35.5,2017/5/5,330100,fb583c80-d916-4e75-b3b3-b9b546b2d2e6
丽水市,0000000D0000002R000000030000000X,54.6,2019/2/5,331100,04b65f18-b09e-4c38-a54b-42c48de00ee3
舟山市,0000000X0000007T000000070000000X,48.33,2017/5/15,330900,a909d2b4-65c0-4b27-9d79-ed82dd9775dd
温州市,0000000S0000002Z000000070000000X,9,2018/8/25,330300,f33752fe-700f-4a39-8162-50e95ffaf913
杭州市,0000000M0000003V000000070000000X,10.67,2018/7/15,330100,661f0374-0723-4aab-92a8-a1f6d24a7233
宁波市,0000000M0000003V000000070000000X,14.27,2018/11/5,330200,a0414388-32b4-4864-a97b-d404b78aef26
台州市,0000000H0000003P000000070000000X,26.33,2018/10/25,331000,63e99173-7d59-4b9b-9d72-2844b32a888b
台州市,0000000H0000002T000000070000000X,12.83,2019/1/25,331000,f076ddeb-7455-44a9-9dcd-409bec9b7826
湖州市,0000001400000031000000070000000X,7,2018/3/25,330500,8efcfc36-be66-405e-ab24-4803ab31c302
舟山市,0000000J0000003Q000000070000000X,43.33,2018/10/15,330900,0cd4506e-0688-4a88-8a33-ab54e7287b5c
湖州市,0000001Z00000036000000070000000X,5.67,2018/1/5,330500,5d770fd9-c322-4b81-9015-f360f8ee9844
嘉兴市,0000002200000038000000070000000X,3.17,2018/11/15,330400,5b734f11-b8a7-44db-908f-1a3df2971d93
宁波市,0000000J0000003Q000000070000000X,41.33,2018/5/15,330200,23054bd2-ed71-42b2-992a-1d29902a9773
丽水市,0000001K00000031000000070000000X,3.33,2018/6/25,331100,4a16b4c8-ffe3-45fd-b8a8-d62b6791c278
宁波市,0000000J0000003Q000000070000000X,39,2017/12/5,330200,a562dfea-2a07-488e-a975-66924609b2c8
绍兴市,0000001Z00000036000000070000000X,4.33,2018/7/5,330600,0b0aad35-fd83-4404-bacf-25ac5f3cdc49
温州市,0000000P0000003E0000000700000010,4.6,2018/11/20,330300,46a6c5cc-59c5-4acd-a2d3-830d6a7f0d4a
丽水市,0000000D0000002R000000030000000X,54.6,2018/2/15,331100,453972dc-3438-4c05-b9de-9f8665f52774
湖州市,0000000P0000002W000000070000000X,5.5,2018/3/15,330500,e0d4edea-9f7f-4076-9297-e0a5bb2f6d41
宁波市,0000002200000038000000070000000X,3.93,2018/5/25,330200,a0d9e93c-7181-4b84-86e7-b234d03379a7
舟山市,0000000M0000003V000000070000000X,16,2019/3/15,330900,54b0be6b-05ec-4831-9b2b-339d29d7d5bd
杭州市,0000002U0000007X000000070000000X,4.5,2018/1/5,330100,543f2e6f-cd11-44ae-844d-fbe54c28527f
宁波市,0000000G0000003F0000000700000010,11.63,2019/3/19,330200,5f129266-8e58-4757-977c-aabaf9f0f4c8
宁波市,0000000H0000003N000000070000000X,14.5,2017/10/25,330200,a45c8842-f4da-429f-adb5-70dc22ac6459
金华市,0000002P0000007W000000070000000X,3.9,2017/12/5,330700,6fd67c13-ff26-450f-9bac-980c37881699
杭州市,0000000S0000002Z000000070000000X,8.33,2017/3/5,330100,a8cd16b1-d132-4e07-9348-a674f0f3c85c
宁波市,0000000D0000002R000000030000000X,45.27,2016/12/15,330200,9a467aac-48ac-470f-a913-30ccf8b08658
湖州市,0000001A00000031000000070000000X,7.33,2017/9/25,330500,b16801af-4cf8-463b-8331-a50a7e088b25
舟山市,0000000Z00000031000000070000000X,5,2017/10/15,330900,84e529aa-716d-4bcf-b71b-91a094dfc373
嘉兴市,0000000J0000003S000000070000000X,33.67,2018/12/15,330400,05efc859-14e6-4c47-945c-4992b75c67a5
浙江省,0000000X0000007T000000070000000X,40.38,2017/4/15,330000,66d66174-7f55-4049-ab31-a2159abc8d9e
杭州市,0000001E00000031000000070000000X,5.33,2018/11/15,330100,ec3cd973-8020-4e8e-92e6-ebdc039b514a
金华市,0000000C0000002Q000000030000000X,68.87,2018/9/25,330700,e3aa2204-f7f6-4a42-a389-16264ef26f05
嘉兴市,0000001200000031000000070000000X,2.83,2017/6/25,330400,f9166ebe-48f6-4295-888e-58605fee33b2
浙江省,0000000G0000003F0000000700000010,12.09,2017/2/7,330000,267b3490-bce0-4d2b-a240-8c3a043a0c8e
金华市,0000001E00000031000000070000000X,4.5,2018/5/25,330700,d083431b-2177-4079-93c6-26cd0b6d71dd
宁波市,0000001Z00000036000000070000000X,6.37,2016/12/25,330200,fed9247e-8370-4f8d-b381-b3fd5a5a5e86
嘉兴市,0000000S0000002Z000000070000000X,8.17,2019/2/25,330400,39c20799-1a5c-4c0f-942c-036915ca66d4
衢州市,0000000P0000002W000000070000000X,6,2019/2/15,330800,431dbc26-cb4b-4922-8582-15e10d17dd62
嘉兴市,0000001400000031000000070000000X,7.67,2018/3/25,330400,71f2b0d1-c0da-4584-a95c-12166c65724d
湖州市,0000000P0000003E0000000700000010,5,2018/8/7,330500,6180cd51-9e74-44d6-8e02-12754a5397bd
台州市,0000000J0000003S000000070000000X,36.33,2018/11/15,331000,3172dba7-9e53-4fe8-a586-4dee5f989155
浙江省,0000000Z00000031000000070000000X,5.11,2017/8/15,330000,5cef6d63-baf2-4a5f-b9d4-ef86d6aedd81
台州市,0000000P0000003E0000000700000010,3.2,2017/2/7,331000,08b8d736-a180-494b-9565-164e938afe2a
舟山市,0000000Z00000031000000070000000X,4,2017/12/15,330900,52d345aa-4639-469f-aebe-4d5679edfd1d
湖州市,0000001200000031000000070000000X,4.17,2018/11/15,330500,58d81c5a-9e7c-4d47-80a7-a5803a42e3fa
舟山市,0000001E00000031000000070000000X,2.67,2017/4/15,330900,ee002321-8d00-48b7-a421-e256b9209f04
台州市,0000000P0000003E0000000700000010,3.35,2017/7/4,331000,84957e0d-1523-4591-945d-a3563e9ff366
绍兴市,0000000D0000002R000000030000000X,50.33,2017/7/15,330600,4eaaa3c0-24fc-4f52-9c94-48967e2a46ea
绍兴市,0000001700000031000000070000000X,2.67,2018/6/25,330600,1a874e66-6f90-45b3-96cf-d1719072986e
温州市,0000001200000031000000070000000X,4.83,2017/8/25,330300,d587de9a-6dc0-419c-93f7-d6521e766d8a
宁波市,0000000J0000003Q000000070000000X,38.67,2017/1/5,330200,441b1480-1748-45ce-9e54-2c90f8219f69
温州市,0000001500000031000000070000000X,5.17,2017/12/5,330300,0de564ed-0444-498b-8ac2-0c043caeede2
台州市,0000000P0000003E0000000700000010,5.02,2017/9/19,331000,650ab958-077e-49e2-a46b-61b296b61d76
温州市,0000002200000038000000070000000X,3.33,2017/7/5,330300,9b63d5e1-3775-478a-9bba-4215dd43e6c1
丽水市,0000000Z00000031000000070000000X,3.17,2019/1/5,331100,80b48dd0-9289-461c-a999-2402356fb2e3
丽水市,0000000M0000003V000000070000000X,10,2017/4/5,331100,32dc448a-b6a7-4ba6-b827-6452d5ee74c1
温州市,0000000G0000003F0000000700000010,9.35,2019/3/12,330300,aefcee36-6484-4011-916e-eab70310bacb
衢州市,0000000P0000002W000000070000000X,5.83,2018/1/25,330800,6090cbe1-3a0f-4cd4-80ad-86c71789f1b0
浙江省,0000000J0000003S000000070000000X,39.39,2019/2/5,330000,ab82ac91-c18a-4cd4-bfa1-922ae3600258
舟山市,0000000J0000003S000000070000000X,33.67,2017/11/25,330900,5477bfe8-8a13-4cb1-b0b2-8b705c802d4b
嘉兴市,0000000P0000003E0000000700000010,5,2018/3/13,330400,6dba95ac-5ddd-4cc2-9437-1a55958d9927
湖州市,0000002P0000007W000000070000000X,3.89,2017/4/25,330500,fdf32fc9-91e8-4dca-8b11-45a5ea70eeaf
绍兴市,0000000P0000003E0000000700000010,4.7,2018/2/27,330600,df945ce1-d033-40f2-ad39-16114b209d7c
嘉兴市,0000002200000038000000070000000X,3.5,2018/1/25,330400,096fc107-05d4-40ce-b00c-34a8fb9b3c91
宁波市,0000000C0000002Q000000030000000X,81.33,2017/4/25,330200,82f44bd7-1359-448c-a691-a12aa218fd38
宁波市,0000003100000081000000130000000X,138.33,2018/5/15,330200,efe2f7df-aa02-4577-b9e6-9e6d05edbe1e
舟山市,0000000X0000007T000000070000000X,50.33,2017/4/15,330900,b44ce457-9d9f-4226-a546-778b9080d159
宁波市,0000001200000031000000070000000X,5.2,2018/4/25,330200,ca2fba26-c783-46c4-89a5-554e5e16b6b9
舟山市,0000001K00000031000000070000000X,4.17,2018/11/15,330900,b4b7fea6-b933-47e8-a8b1-3a4a77a45345
衢州市,0000000X0000007T000000070000000X,26.67,2017/6/5,330800,13383889-6701-4a95-bd92-9a6edefe370a
嘉兴市,0000001700000031000000070000000X,2.83,2017/7/25,330400,adb20452-55f6-40cd-a54d-67c112c3b9cc
湖州市,0000001500000031000000070000000X,4.67,2018/5/5,330500,172b4693-57fb-43f4-a14d-83d49ecbc0a5
台州市,0000001200000031000000070000000X,4,2018/3/15,331000,51ed616e-ad22-4abd-84ae-deec0f93a387
湖州市,0000001E00000031000000070000000X,4.67,2018/5/5,330500,6572e9b4-4699-41bf-adec-f57593a5ef47
杭州市,0000001E00000031000000070000000X,6.5,2018/10/25,330100,b570870f-4cef-4d23-bcd0-bfa34151d1f8
浙江省,0000001K00000031000000070000000X,3.21,2017/1/5,330000,c3939fb2-b659-4b3a-9ddc-8eab484d8d77
台州市,0000001700000031000000070000000X,2.17,2018/8/15,331000,c3bf695f-303d-4a4c-9d9e-3579e69b0728
金华市,0000001E00000031000000070000000X,4.33,2018/4/25,330700,6da6902e-f697-4c4d-8562-e686295d8992
舟山市,0000000D0000002R000000030000000X,43.63,2017/3/15,330900,15b79831-932c-43f2-882b-713561046455
丽水市,0000000H0000003N000000070000000X,11.33,2018/5/5,331100,99825b8a-42fc-40ce-bba0-d29fbdbd55a6
绍兴市,0000000J0000003S000000070000000X,34.67,2018/2/5,330600,a9b69fe5-6028-43d5-ac58-9a9fb5e53ec0
丽水市,0000000J0000003S000000070000000X,36,2018/7/5,331100,6b32e6ec-9574-404d-9783-8aba4870b833
舟山市,0000000C0000002Q000000030000000X,50.3,2017/8/5,330900,15a1c62b-dc74-4515-8e6f-446aec4dcd12
浙江省,0000001A00000031000000070000000X,5.2,2017/3/25,330000,ffa287bd-9109-43fc-99b3-0081acd286a0
绍兴市,0000001A00000031000000070000000X,3.83,2017/4/5,330600,24807f93-cdfe-4b6a-a5a3-c9d08f6218a1
杭州市,0000000M0000003V000000070000000X,10.33,2017/4/25,330100,2f507c9b-23b0-4779-9487-87a4fe0a6f70
金华市,0000001Z00000036000000070000000X,5.83,2018/8/15,330700,9d7541a3-bf2a-4656-b208-3bcf051a6050
衢州市,0000000G0000003F0000000700000010,7.2,2018/6/5,330800,21a06a60-1a1a-4631-a46d-e6098faa72dd
湖州市,0000002U0000007X000000070000000X,3.87,2018/7/5,330500,6f09004a-3d65-4f3f-b83d-2855f3359a17
杭州市,0000000K0000003U000000070000000X,33,2017/7/5,330100,06534921-9748-45c0-a661-ba3988a89da2
舟山市,0000000D0000002R000000030000000X,43.63,2017/6/25,330900,1fa0b094-9bc1-48f7-bbfb-839d51c04736
衢州市,0000000C0000002Q000000030000000X,66,2017/4/15,330800,18f5213e-dbde-459e-9383-6bcfe4ca0d7e
台州市,0000001K00000031000000070000000X,3.5,2019/3/15,331000,f0e59868-2d2c-4aa5-8e67-5612d9901c8d
宁波市,0000001E00000031000000070000000X,4.2,2018/1/25,330200,7de1ac88-6d4a-4367-854e-004c23f2aff5
舟山市,0000000J0000003S000000070000000X,34.33,2017/1/5,330900,6b62308c-873b-4304-a98c-122afc76a6d4
温州市,0000000H0000003P000000070000000X,24.33,2017/5/25,330300,c29cdd52-6cf1-4d33-96f4-d997f9516c4e
台州市,0000002P0000007W000000070000000X,3.45,2017/11/15,331000,dfa85c7f-1a85-40d6-9800-3b7881f79ad2
浙江省,0000003100000081000000130000000X,91.68,2017/6/5,330000,676a91e3-a2eb-4613-a622-2c7ed0d745af
湖州市,0000000J0000003S000000070000000X,34,2017/2/5,330500,46174964-c982-480d-a20e-cff90e37c9db
杭州市,0000000C0000002Q000000030000000X,61.67,2017/5/5,330100,abc7c3ee-b1aa-4584-9d7a-cc1dee68e3d7
金华市,0000002U0000007X000000070000000X,4,2017/8/15,330700,04742bd5-3c51-473d-ba18-ee5880b7dbfd
温州市,0000001A00000031000000070000000X,4.33,2017/5/15,330300,7f71b030-d509-48f0-995c-77670f31c902
湖州市,0000001K00000031000000070000000X,3.33,2018/5/5,330500,310bf244-890e-4ff1-8836-988203e3a7c8
金华市,0000001400000031000000070000000X,6.17,2019/1/15,330700,f7d6482d-e6bf-4467-b927-0d3159444e33
宁波市,0000001700000031000000070000000X,3.33,2018/9/15,330200,a4ce2d47-7550-46ad-82fd-1561f2ef45cb
杭州市,0000001Z00000036000000070000000X,5.83,2018/12/5,330100,4e2ff116-620c-4ee2-b8c0-30e01075ae88
绍兴市,0000001A00000031000000070000000X,5.83,2018/2/5,330600,d5863da9-d64d-4b56-96ff-15bf00fc5d2b
温州市,0000001200000031000000070000000X,5,2018/12/15,330300,e7ff59ef-4ef4-405a-b20d-b20b2bdf3b56
丽水市,0000000P0000003E0000000700000010,4.9,2018/1/16,331100,a7f2c886-38c8-43ed-8390-649d627d20e8
金华市,0000002P0000007W000000070000000X,3.9,2018/3/5,330700,27e5ce19-6ae4-40e4-abf7-fb0668ac58a6
丽水市,0000001Z00000036000000070000000X,5.16,2018/9/5,331100,24f070fa-2054-4336-aaec-145706342b92
温州市,0000000C0000002Q000000030000000X,60,2017/6/5,330300,c1d75d8c-a7ae-4672-b2f5-e9903f331364
嘉兴市,0000000H0000003N000000070000000X,12.5,2018/6/5,330400,476f0a06-593f-4db1-9d58-aeffcce4650b
杭州市,0000001400000031000000070000000X,6.33,2018/10/25,330100,1a121dac-a065-454f-bca9-7667507534e3
浙江省,0000001400000031000000070000000X,5.73,2017/8/25,330000,1f3a722a-14f9-4291-a96d-4caa37ae79d8
衢州市,0000000J0000003Q000000070000000X,38.33,2017/5/5,330800,ff4eefb7-a48d-4fad-859f-6a667b8accb1
浙江省,0000001700000031000000070000000X,2.71,2017/12/5,330000,dce91f2d-278b-4ded-9a97-fc1d487ea1a4
丽水市,0000002P0000007W000000070000000X,2.93,2018/8/15,331100,a568c9ff-a3cc-407b-98d1-cf2c699fc3fd
绍兴市,0000001200000031000000070000000X,2.5,2017/6/5,330600,dfe7a0ea-2b96-44b6-a06b-5cb179c9b980
丽水市,0000001400000031000000070000000X,6.83,2017/3/25,331100,5f9d56c0-8ab6-4113-93c4-c15159651b5c
嘉兴市,0000002200000038000000070000000X,3.67,2017/4/5,330400,e1d703af-83d6-4b7b-9f86-ec6be083791a
衢州市,0000000Z00000031000000070000000X,4,2018/11/15,330800,ea656ab0-76ec-4b59-a946-784eca3824e8
丽水市,0000002P0000007W000000070000000X,2.93,2018/11/15,331100,840ae187-74f1-4c7e-98d4-74f86a996969
台州市,0000001400000031000000070000000X,4.67,2017/12/25,331000,19c91548-43c0-4887-837b-0048169e1f60
湖州市,0000000K0000003U000000070000000X,0,2018/7/25,330500,c84ff340-53fd-436a-88b5-5e097a5d0184
舟山市,0000001Z00000036000000070000000X,8.17,2018/12/5,330900,45ca581a-cf9d-4f22-a86a-b80ae4a8e3ab
嘉兴市,0000001700000031000000070000000X,3.27,2018/9/25,330400,71ad4fcc-b1eb-4d79-b892-d53f24890ebb
温州市,0000000H0000003P000000070000000X,31,2019/2/15,330300,c0095608-ec0a-425b-8c8b-2a42426a2568
浙江省,0000001A00000031000000070000000X,4.92,2018/7/5,330000,0603c8f4-5276-4d90-9d96-06ea68ca607c
台州市,0000000G0000003F0000000700000010,10.2,2018/1/30,331000,fd4f8861-b1d1-411e-aa70-bdcd598495f9
浙江省,0000001A00000031000000070000000X,4.53,2017/6/5,330000,7bffd083-e372-4588-850d-931d1bb1f516
杭州市,0000001K00000031000000070000000X,3.83,2019/1/5,330100,f7ea92fd-25c0-4714-9c43-7ec61f38ec48
丽水市,0000000G0000003F0000000700000010,11,2019/1/22,331100,48d83b7c-8a1f-4505-8a3c-907b30259666
金华市,0000001E00000031000000070000000X,4.5,2017/10/15,330700,28c28f61-fdfd-421c-a72b-bc09d146239c
浙江省,0000001A00000031000000070000000X,6.03,2018/10/25,330000,8609c7f3-0826-4832-9e1b-9cebf2acf0fd
绍兴市,0000000J0000003S000000070000000X,35.33,2018/9/5,330600,f9376f62-6d53-498e-be51-a7761e275c7f
绍兴市,0000003100000081000000130000000X,66,2017/6/15,330600,26a1819c-8a8e-47f1-9b90-5fca20f76d44
宁波市,0000000J0000003S000000070000000X,34,2019/2/25,330200,026b9ce5-2504-49c3-aa7c-3be64882c539
湖州市,0000000K0000003U000000070000000X,0,2017/6/15,330500,ccbf7119-6cee-485b-b437-6a6bb59432c1
湖州市,0000000J0000003Q000000070000000X,38.33,2017/10/5,330500,74d2c4ee-919c-4bf2-896d-553e3446aa8c
温州市,0000001500000031000000070000000X,7.33,2018/11/5,330300,8c3f97df-b3be-4b5c-bc97-8c8b8bf6dea3
嘉兴市,0000000J0000003Q000000070000000X,40,2018/8/25,330400,e842f077-832f-4932-b208-f9add14c79b2
金华市,0000000J0000003S000000070000000X,35.33,2017/1/5,330700,fd419bb6-c380-4631-81a7-b7b451f05df9
衢州市,0000000J0000003S000000070000000X,38,2018/10/15,330800,8f5a4fbb-c149-4425-9550-6d007f461de9
金华市,0000000D0000002R000000030000000X,44.67,2016/12/25,330700,c11774a4-9efd-4515-bad4-5f14627296f9
衢州市,0000002200000038000000070000000X,3,2019/2/15,330800,86d07688-bcf4-4786-b56c-08261e902db1
浙江省,0000000H0000003N000000070000000X,14.07,2017/7/5,330000,7245a260-fd8c-458f-8258-84bc5020e1a1
衢州市,0000000Z00000031000000070000000X,4.5,2018/6/25,330800,c3dc6fa4-9ab2-4187-ae35-32638b7deb6b
舟山市,0000000J0000003S000000070000000X,34.33,2018/3/25,330900,32094c48-97e2-48d1-8c23-a3b53dfc2851
温州市,0000000K0000003U000000070000000X,45,2018/2/25,330300,78315860-5cdd-40a8-a5ea-5842c20cc3d7
嘉兴市,0000000Z00000031000000070000000X,5.67,2017/8/5,330400,660d9ca4-af15-45d7-b98c-d3850fe2bf63
宁波市,0000002P0000007W000000070000000X,2.93,2018/7/25,330200,408fa788-a66a-486a-9f2c-11e68779175e
台州市,0000001A00000031000000070000000X,4.33,2019/1/15,331000,f7d5c0fe-2e6e-48df-9b00-808a78f033be
丽水市,0000000C0000002Q000000030000000X,70.23,2017/3/25,331100,72a3b238-f831-4280-a7f1-deaf0d4685c7
金华市,0000000P0000003E0000000700000010,2.7,2017/4/11,330700,a14fcbaf-2639-43b3-ae58-7da5d9c5f4c9
丽水市,0000001700000031000000070000000X,2.33,2017/8/25,331100,232883f0-bb13-462f-9176-4ad11d48eba0
台州市,0000000H0000002T000000070000000X,14.33,2017/4/5,331000,de03af52-bf5f-480a-82f8-3c0a34b03a21
金华市,0000001400000031000000070000000X,5.33,2017/4/15,330700,4d8e4c4c-3455-4b0c-bf40-5204f9a072eb
绍兴市,0000000Z00000031000000070000000X,5.33,2018/6/5,330600,f72621f2-6bac-45a0-8a4f-b80e57e29c3f
舟山市,0000000M0000003V000000070000000X,14,2018/6/25,330900,d4184a81-e3f5-45e4-b1a7-bc3dcfef2ba2
宁波市,0000001Z00000036000000070000000X,6.5,2017/3/25,330200,9e59dfdc-12ef-435d-854e-72a7b44166ca
台州市,0000001700000031000000070000000X,2.17,2017/6/25,331000,51cbb1d3-bd33-4cc1-bd9a-96a607b51f31
丽水市,0000001K00000031000000070000000X,3.17,2017/4/5,331100,078f6aa4-ceb9-4840-9311-b4a8d35aba35
丽水市,0000000X0000007T000000070000000X,38.33,2018/1/5,331100,356cd664-0cba-4e14-9acd-1bdda7e3c1c0
舟山市,0000002P0000007W000000070000000X,3.1,2017/4/5,330900,c80d8536-e3bc-47a7-af5d-808f9cff1a14
衢州市,0000000C0000002Q000000030000000X,68.33,2018/4/25,330800,30e4e6c7-dd01-41e7-909e-b7922f85662f
宁波市,0000000H0000003N000000070000000X,14.9,2018/1/25,330200,28d2536d-f924-4143-ba81-f12e9e82f231
嘉兴市,0000000P0000002W000000070000000X,5.5,2018/8/25,330400,22ab0a50-b989-42c3-af22-04901cd48768
台州市,0000000C0000002Q000000030000000X,63.33,2018/1/15,331000,f5bc13ca-5fca-4fdf-b073-058e4dcc41d0
嘉兴市,0000001700000031000000070000000X,3.27,2018/9/5,330400,a853a34c-20b6-420f-b639-684be054969b
丽水市,0000001200000031000000070000000X,2.67,2017/7/15,331100,ab9c82a4-aa52-42e3-8ee5-447742c95fe0
衢州市,0000001700000031000000070000000X,2.5,2018/8/25,330800,eb47815b-6a3f-4bae-a282-209e37b88234
杭州市,0000000Z00000031000000070000000X,3.17,2017/4/15,330100,42981aae-20dc-41d6-ac7c-87312ac43342
湖州市,0000000P0000003E0000000700000010,5,2018/2/6,330500,17e53eb1-129b-4456-b112-4ce188b99a8b
绍兴市,0000000P0000002W000000070000000X,5.17,2018/7/15,330600,dabaa8c8-e791-4968-a216-1c083995c0d7
宁波市,0000002U0000007X000000070000000X,4.63,2017/5/15,330200,6e5a5cb3-1e30-421d-949f-06be27d67cee
嘉兴市,0000001700000031000000070000000X,3.17,2016/12/15,330400,b0997b6f-e02c-4fad-8076-05e3a63da4b3
金华市,0000001400000031000000070000000X,11,2019/2/5,330700,18044ac3-2dd4-4206-9a66-071eb6d0b828
绍兴市,0000000K0000003U000000070000000X,38,2018/11/5,330600,54f1e146-51b7-498a-b1ee-963c7a629fe7
湖州市,0000000X0000007T000000070000000X,35,2018/10/25,330500,080a460f-e3a4-4461-9719-f6986ac09082
浙江省,0000000D0000002R000000030000000X,43.28,2018/4/25,330000,65bfe7e2-df7a-4954-a644-605532becb05
嘉兴市,0000002U0000007X000000070000000X,3.77,2019/3/5,330400,cf432a15-62cc-4f08-b06b-3136e6864960
丽水市,0000001A00000031000000070000000X,4.83,2017/5/5,331100,2d6d1186-2c88-4158-8a53-bd780a90e487
温州市,0000000S0000002Z000000070000000X,9.33,2018/10/25,330300,a649075d-57b2-4cee-b69a-efffde72e4de
舟山市,0000001700000031000000070000000X,2.5,2018/12/5,330900,d8b1608a-f185-46f0-a793-c267fd64ef17
台州市,0000000Z00000031000000070000000X,3.33,2017/1/25,331000,0bf9bad5-7017-43f9-a500-4aeb7db8b765
浙江省,0000000H0000002T000000070000000X,16.13,2017/5/5,330000,6dade888-a74e-4ad3-baf6-2d454b4bcb7b
温州市,0000000J0000003S000000070000000X,43.67,2018/3/5,330300,ee9b0fb4-0ccc-40dc-81c4-146cbe092b5f
舟山市,0000000D0000002R000000030000000X,44.97,2018/6/15,330900,07ea8fe1-d741-4112-a56e-a12ac16cf895
温州市,0000001500000031000000070000000X,5,2017/4/5,330300,9790aa26-25ca-4e5a-88f8-3d5abc8728e5
衢州市,0000002P0000007W000000070000000X,3.06,2017/12/15,330800,a8f5ae68-db56-419b-8d2d-f8b911c7bc84
衢州市,0000000C0000002Q000000030000000X,68,2017/11/15,330800,26b9e1d9-f59e-419b-9c98-d636721f8f2e
嘉兴市,0000000J0000003S000000070000000X,32.33,2017/3/15,330400,df38f0c3-61a5-4a35-9144-c4b9fd626ba2
丽水市,0000001K00000031000000070000000X,4.5,2018/9/15,331100,45588b1d-a0c0-4e20-ae6e-681cc3f6a762
杭州市,0000000H0000002T000000070000000X,16.67,2019/3/15,330100,c1a4a3fd-8bd8-490a-9511-7da663405c9d
宁波市,0000000K0000003U000000070000000X,36.17,2019/3/5,330200,7073df73-2ad1-4c6b-b0b8-0d36132f6d2f
绍兴市,0000001200000031000000070000000X,4.5,2018/9/25,330600,86fe2874-167d-42a4-8f39-43a54fa49b2f
宁波市,0000002U0000007X000000070000000X,4.37,2018/2/15,330200,239ab7dd-9cee-4c13-a2ea-0603916b36c8
衢州市,0000001A00000031000000070000000X,5.33,2018/4/5,330800,75ff8ba0-93e7-470c-8b1a-9aa01cf134bc
湖州市,0000000J0000003S000000070000000X,34,2017/2/25,330500,20598d81-4125-4b49-89ca-bb58bba191e1
台州市,0000000X0000007T000000070000000X,24.33,2018/10/15,331000,12b52f36-1f19-4f1d-a4ef-a75759c2848e
绍兴市,0000000P0000002W000000070000000X,5,2017/2/5,330600,ae682f49-5e81-463f-8cca-f598c161e207
温州市,0000001K00000031000000070000000X,3.17,2018/12/25,330300,21fe1421-236d-4639-91f4-da7ed0c0f32b
嘉兴市,0000000C0000002Q000000030000000X,66,2018/5/25,330400,e5e92e5b-80c0-4ac7-8671-e0d2815b3c54
舟山市,0000000G0000003F0000000700000010,10.6,2017/8/29,330900,49768b87-c8d6-4513-ac53-6d5d877964ec
舟山市,0000000Z00000031000000070000000X,4.17,2016/12/15,330900,b770ea84-8ef2-4f69-a277-1a5e6d3188c2
嘉兴市,0000002200000038000000070000000X,3.5,2017/3/15,330400,4b5adff4-6b09-4586-b5a0-07478cc3ff7e
舟山市,0000000M0000003V000000070000000X,13.67,2018/11/25,330900,ec8af9a6-f4ea-4e7a-be05-b6e9001fdebb
舟山市,0000000H0000002T000000070000000X,15,2017/9/5,330900,6c21999b-f0f3-4f05-a920-3cbfe7a80250
湖州市,0000000G0000003F0000000700000010,8.6,2019/1/15,330500,9b746abc-a9a9-4b28-b0c4-bdc65e839d66
杭州市,0000001K00000031000000070000000X,3.33,2017/2/15,330100,0a3eb8fd-22e5-4fac-9b53-16a8fa4b877e
衢州市,0000000X0000007T000000070000000X,24,2018/9/5,330800,08a3a9f0-cf0e-4504-8f35-0cd6424a1f62
浙江省,0000002U0000007X000000070000000X,4.25,2017/1/25,330000,6cfa14a1-bd6f-41dd-9c84-0a7ffcb9751b
嘉兴市,0000000D0000002R000000030000000X,39,2017/4/25,330400,293cce58-4f4b-4d5d-9e30-229e41ba9eb2
湖州市,0000003100000081000000130000000X,74.2,2018/1/25,330500,6d890ebe-2aad-4f06-b1e5-4c7739a1cb00
湖州市,0000001K00000031000000070000000X,3,2017/4/25,330500,ad482531-8ae3-4dde-8b32-8a27f39c2cf5
杭州市,0000000M0000003V000000070000000X,11.63,2018/1/15,330100,f00b8b59-f7f3-4390-97ba-dbdacf5ad414
嘉兴市,0000000D0000002R000000030000000X,39.33,2017/3/15,330400,29457251-887c-4eef-b3dc-55a7ff719914
衢州市,0000002P0000007W000000070000000X,3.06,2018/9/15,330800,97b7069d-c599-410c-b105-aeb41a82122a
嘉兴市,0000001Z00000036000000070000000X,5.17,2018/4/15,330400,60d29e22-6001-48b3-b266-27dd855a62f1
宁波市,0000000X0000007T000000070000000X,41.67,2018/12/5,330200,62946400-b1b6-4de1-a636-89f69b7fab1a
温州市,0000002P0000007W000000070000000X,2.5,2018/12/5,330300,047f509b-c2f0-4954-860f-fce0a4198c61
丽水市,0000000X0000007T000000070000000X,42.67,2017/6/25,331100,52350444-30b1-41e6-92ce-3b88a92f99c9
金华市,0000001Z00000036000000070000000X,6,2018/1/15,330700,d071b005-b083-4ab8-a4cb-e354612d98fc
金华市,0000001700000031000000070000000X,3,2017/4/15,330700,653a6d52-eb53-407e-ae10-3e161366eae8
金华市,0000000Z00000031000000070000000X,3.67,2019/2/25,330700,23d2e79d-2671-4f48-bde3-e438b472bf1d
丽水市,0000001Z00000036000000070000000X,4.83,2018/6/5,331100,659babfd-dd59-4445-9182-f2e589bad3da
宁波市,0000001400000031000000070000000X,5.77,2018/7/25,330200,8bf1b640-0ec8-4acc-a768-135cd3b1e72e
衢州市,0000002200000038000000070000000X,3,2017/4/15,330800,80ab9194-768e-4f8e-a564-8f7ca86ea964
温州市,0000002U0000007X000000070000000X,3.83,2017/3/15,330300,2dbed16b-4c9c-4c7e-b414-d6d762381aa5
丽水市,0000003100000081000000130000000X,84,2017/9/25,331100,0562a04f-9974-485b-93d6-23889e824abd
嘉兴市,0000000S0000002Z000000070000000X,9.5,2018/3/15,330400,41e060e5-48f9-420a-998e-cc81603c2497
宁波市,0000001400000031000000070000000X,6.73,2018/12/15,330200,9800c821-93c9-482a-89f2-4e2fa5ffd089
舟山市,0000000M0000003V000000070000000X,13.67,2017/5/15,330900,a1cdbf41-ab72-450a-8f54-002885b2b7d6
衢州市,0000000Z00000031000000070000000X,3.67,2017/11/15,330800,6f65a2b4-24d9-4eac-9203-1dd14a1320fb
舟山市,0000000C0000002Q000000030000000X,50.3,2018/11/5,330900,935f5ff7-4e0d-4597-a065-732ca52e200e
衢州市,0000000H0000002T000000070000000X,18,2017/8/15,330800,a8d4d5cc-7b1e-4576-8591-5560aa8217a7
台州市,0000000M0000003V000000070000000X,10.67,2018/11/15,331000,f3d8b3e8-cef8-4dd8-9d8a-035f554de9a6
台州市,0000000Z00000031000000070000000X,3.67,2019/1/15,331000,9965152f-8105-4999-8d89-624bfd0f7c46
杭州市,0000000P0000003E0000000700000010,3,2017/3/21,330100,c60715b5-f37f-435f-b0fa-0ff1a727e349
舟山市,0000000H0000003P000000070000000X,25,2017/6/15,330900,3e7160c3-f5d1-4800-bccc-51fef0678619
宁波市,0000000C0000002Q000000030000000X,73,2019/2/25,330200,5f06064b-a820-4b4d-9f15-3073c4ddf3d5
台州市,0000001500000031000000070000000X,5,2018/9/15,331000,4b816d40-4220-4995-a3a0-22b6a5dec75d
绍兴市,0000000Z00000031000000070000000X,4.5,2017/12/15,330600,cf6db929-d864-4fa8-b1fc-ea46e814f0c2
台州市,0000000Z00000031000000070000000X,3.33,2018/3/15,331000,1976fe2c-9c9a-452d-b940-e879fb4bc046
温州市,0000000M0000003V000000070000000X,14.67,2017/9/25,330300,15bf2fe3-1ab3-4cb7-96b5-9d76c81578e7
湖州市,0000001200000031000000070000000X,4.17,2017/12/25,330500,48d7cd75-bb0e-4675-b936-d0ee0e7115bc
湖州市,0000002P0000007W000000070000000X,3.89,2017/2/25,330500,75d6ce5c-4118-4d92-8850-80a117a7dafe
衢州市,0000002P0000007W000000070000000X,3.06,2017/5/5,330800,2bb681b9-8d81-4cd3-a757-efb20ed52f2e
丽水市,0000001500000031000000070000000X,4.5,2017/5/5,331100,f8c03cf9-742f-4175-86a8-be2016b5233b
衢州市,0000001Z00000036000000070000000X,4.83,2017/1/25,330800,94607ff2-6e9f-463e-8683-38b7a29f3fe8
绍兴市,0000000H0000002T000000070000000X,15.33,2018/9/15,330600,d65fd69b-39bd-4068-aa24-a21e84f4546a
丽水市,0000000H0000003N000000070000000X,13,2017/11/15,331100,984fac59-1d18-45f1-9794-87aba9bd4429
温州市,0000000G0000003F0000000700000010,9.07,2018/11/20,330300,9a93f7c0-30f1-4130-a884-df2140ed775b
温州市,0000002P0000007W000000070000000X,2.17,2017/1/15,330300,fe2ee35c-be66-4e1e-8e9d-debd23303fe0
杭州市,0000000P0000003E0000000700000010,5.3,2018/8/14,330100,d24417d7-26b3-4aeb-8893-bbbca9b32b6e
绍兴市,0000000H0000003N000000070000000X,13.33,2017/7/5,330600,ce3a3ca1-ce8d-4ce1-9f44-22e7de507ccc
舟山市,0000002U0000007X000000070000000X,4.33,2018/9/5,330900,3fc7e861-8ccb-4795-b9bf-1ddaf348f4dc
衢州市,0000003100000081000000130000000X,77.67,2017/6/15,330800,c747c64b-84ee-428a-86b1-41a2e7c3e301
舟山市,0000001400000031000000070000000X,5.67,2018/8/5,330900,be6f1297-1dd1-465d-baa9-717d9567375d
金华市,0000001A00000031000000070000000X,5.33,2017/3/25,330700,cef4b2aa-2f38-4a3e-b3df-e0b0acac3587
浙江省,0000000J0000003Q000000070000000X,41.45,2017/2/5,330000,ca8b024c-24bf-44c9-af87-4937ad3a5aa7
丽水市,0000000H0000003N000000070000000X,16,2019/2/25,331100,a00d2a54-d154-4a4b-b086-acaee9264521
衢州市,0000000H0000003P000000070000000X,24.67,2019/2/25,330800,a10244b9-02bb-4b4e-a5e0-8211dc97193c
舟山市,0000000S0000002Z000000070000000X,11.33,2018/1/15,330900,2c3d302a-f5df-4dd5-aa26-035ec699fe81
衢州市,0000002P0000007W000000070000000X,3.06,2018/3/5,330800,267c083f-e48e-4580-a7a6-cce13b78b224
湖州市,0000001200000031000000070000000X,4.83,2017/1/15,330500,3f5dacee-73a9-4924-a28e-72a21535437a
衢州市,0000002U0000007X000000070000000X,5,2018/12/25,330800,5c9b8a48-d5bb-4f3c-b3aa-2fdd8bb80f1f
湖州市,0000001400000031000000070000000X,4.67,2017/5/25,330500,2cab10ce-7ae1-4ccc-ae00-0f072979a20e
温州市,0000002U0000007X000000070000000X,4.67,2018/8/5,330300,212da207-c800-469f-b703-001a3eb8518f
宁波市,0000000P0000002W000000070000000X,6.6,2018/9/5,330200,db6927b4-6fa8-4550-9ef8-2e699664bd81
宁波市,0000003100000081000000130000000X,172.67,2017/4/15,330200,ecb78597-d764-409e-bda7-97effc3720d0
湖州市,0000000C0000002Q000000030000000X,57.67,2017/10/15,330500,da9ddf39-88a4-4b93-89a1-890f36e46684
湖州市,0000000D0000002R000000030000000X,37,2018/6/25,330500,e54bb3a8-9298-4a52-bc8a-5e4d58156e18
浙江省,0000001K00000031000000070000000X,2.66,2017/5/25,330000,36a54412-f84e-43dd-b09b-d2a9d7fb0cd6
舟山市,0000000Z00000031000000070000000X,4,2017/7/5,330900,3aab7038-ff00-495f-a6a4-d8d0025ad77e
温州市,0000001500000031000000070000000X,4.83,2018/8/15,330300,bc6ff8fe-5e31-4bd9-b5d4-da5580fae8b8
宁波市,0000002U0000007X000000070000000X,4.63,2017/4/25,330200,528142ac-667d-43dd-8506-f3d5544c2441
衢州市,0000000P0000002W000000070000000X,6,2018/12/15,330800,57d69303-914d-4ed0-840e-2b567ae6fc5d
宁波市,0000000D0000002R000000030000000X,46.43,2017/4/5,330200,46270f89-b67f-4900-a781-d537ee09a38f
舟山市,0000001700000031000000070000000X,2.67,2016/12/25,330900,4679aad0-ad9c-42e2-89a3-03773579e139
浙江省,0000000M0000003V000000070000000X,12.38,2018/7/15,330000,69606425-0274-4bd2-a4b7-2cb7fc132623
嘉兴市,0000000J0000003Q000000070000000X,40.67,2017/10/5,330400,80610483-f524-4f63-bf0a-e6dc0516bfc8
金华市,0000001E00000031000000070000000X,3.67,2017/9/25,330700,470d2760-bdfe-4c49-882a-36e8d5ac6a90
丽水市,0000000C0000002Q000000030000000X,70.23,2017/6/15,331100,5567f891-76ba-4ff5-8a99-6132c92bb817
绍兴市,0000002U0000007X000000070000000X,4.5,2017/12/5,330600,03293cb0-dd56-4e16-a6ee-cd972f98ea21
绍兴市,0000000H0000003P000000070000000X,24.17,2017/8/15,330600,6d7eae54-4835-4a62-a810-fa3c031ffa58
湖州市,0000000H0000002T000000070000000X,17,2017/2/25,330500,edb43587-4941-42bf-943e-d1f2443663dd
丽水市,0000000P0000003E0000000700000010,4.7,2018/11/27,331100,fb690ec4-f14c-4d40-aa73-1c2eb0267356
舟山市,0000001Z00000036000000070000000X,7.5,2017/7/15,330900,024e7c2b-90b1-44b4-ab99-78c91770514c
舟山市,0000001Z00000036000000070000000X,7.5,2017/5/5,330900,deb37bfe-6087-43eb-906b-b7b15c38542a
湖州市,0000000H0000003P000000070000000X,18.67,2017/10/15,330500,0d6243fd-138b-4406-ac9a-02d3dc97016c
湖州市,0000000M0000003V000000070000000X,17,2018/8/25,330500,1651458c-201d-4711-a573-1565d68dccb4
衢州市,0000000J0000003S000000070000000X,35.67,2017/7/5,330800,d51d3749-4c6f-4054-9451-4dfa44e5ad86
绍兴市,0000000D0000002R000000030000000X,52,2017/1/5,330600,dcbad0f5-cad6-4283-a03f-dc50cdc8af87
衢州市,0000001Z00000036000000070000000X,5.33,2018/1/5,330800,2929c361-7ef2-40f0-8f55-a5c6543fcab3
温州市,0000000K0000003U000000070000000X,48,2018/8/15,330300,b85afe8a-a2e2-4ffd-a617-0face3ff68a0
湖州市,0000002200000038000000070000000X,3.83,2017/11/15,330500,9a508b73-3b22-495a-8c71-984018a40763
舟山市,0000000M0000003V000000070000000X,13.33,2017/9/5,330900,86f1d9eb-be79-4d38-b946-05edd35e82c8
温州市,0000000S0000002Z000000070000000X,9.67,2017/4/5,330300,a23f8275-76ff-4088-9ddb-61b808c2d88e
丽水市,0000001200000031000000070000000X,3,2018/8/15,331100,5578baf8-c810-4e83-8e65-f440f8fd70cc
湖州市,0000001E00000031000000070000000X,4.67,2017/11/5,330500,b34d03be-bfcd-4bed-8bc4-351549455dfc
衢州市,0000001K00000031000000070000000X,2.5,2018/5/25,330800,120f5cc9-f3cf-4801-9410-fa51a644be00
浙江省,0000001400000031000000070000000X,5.05,2018/5/25,330000,309609d3-e27a-46f9-a08b-52788743970f
嘉兴市,0000000H0000003N000000070000000X,13.17,2018/6/15,330400,d47f557d-4ec8-40cd-8365-4964ed9fc195
衢州市,0000001A00000031000000070000000X,7.67,2017/11/15,330800,33b6231a-143e-4643-8a19-d8d47da0e47d
杭州市,0000001500000031000000070000000X,4.83,2017/1/15,330100,cad67c0d-e654-49b4-bfcb-3453f5df1b4f
湖州市,0000000P0000002W000000070000000X,5.67,2018/10/25,330500,65cd077c-5b1e-45b2-b38f-43c138127965
杭州市,0000000H0000002T000000070000000X,16.17,2018/5/15,330100,fc173567-e9e7-4348-929a-65b6e0284861
杭州市,0000001E00000031000000070000000X,5.83,2018/8/5,330100,8e4e6b5d-91fa-4990-8ca8-82560c740fab
宁波市,0000000J0000003S000000070000000X,30.33,2017/10/15,330200,f8c10137-8884-4432-a7b7-db2de82873de
丽水市,0000000M0000003V000000070000000X,11.33,2018/4/5,331100,dc3539c6-bd4f-4b43-aaed-81ba4d2a4c9a
嘉兴市,0000002U0000007X000000070000000X,3.83,2017/7/5,330400,5b21c148-4740-4b99-8643-6d7e716894b5
舟山市,0000000H0000003N000000070000000X,15.33,2017/9/25,330900,c681cd8d-6e16-4e10-a0cc-a89840ddb00e
宁波市,0000001Z00000036000000070000000X,7.27,2018/9/15,330200,c56c3a17-d509-4554-ade2-f8d6ff693466
舟山市,0000000J0000003Q000000070000000X,41.67,2018/7/15,330900,9e51aba1-48c0-4181-a5a7-63307f988b3f
台州市,0000001Z00000036000000070000000X,6.33,2019/1/15,331000,63f40cee-e864-4211-b528-7ce119b42540
浙江省,0000000G0000003F0000000700000010,10.9,2018/12/18,330000,cd72907f-094c-4a25-857f-ac81144c998c
丽水市,0000000J0000003S000000070000000X,36,2018/9/15,331100,33aaf62b-ace1-4cb4-9327-58fa8c9ac703
舟山市,0000000H0000002T000000070000000X,15.33,2017/11/5,330900,3f6b8830-6089-4f6e-81db-caed84616d43
湖州市,0000002200000038000000070000000X,4,2017/2/5,330500,13bc30d9-f292-4ee7-9888-33523037a400
衢州市,0000001500000031000000070000000X,5,2019/3/15,330800,d068b691-6f33-4d09-9f42-e91f55c575fb
嘉兴市,0000002P0000007W000000070000000X,2.77,2016/12/15,330400,b21011ee-f5de-4be3-a61b-edca31effc17
嘉兴市,0000000D0000002R000000030000000X,35.33,2019/1/15,330400,aff1c990-0780-4d19-9d77-fcdbc0acb6ce
衢州市,0000000J0000003S000000070000000X,36.33,2017/4/25,330800,d82175e9-e3f6-40c1-95e2-7da2e7995063
台州市,0000001K00000031000000070000000X,2.33,2017/5/25,331000,76c6ef06-2222-429b-a82d-88123a9697c4
金华市,0000000P0000003E0000000700000010,4,2018/2/20,330700,693e9e96-832d-490d-8038-47ceec3f9533
舟山市,0000002U0000007X000000070000000X,5,2017/4/15,330900,d2c0de57-4b94-49e9-afe3-d418ba3d12a1
宁波市,0000000X0000007T000000070000000X,41.33,2018/12/25,330200,4f69df0c-74cf-46d0-a300-7f16a00dbbd6
绍兴市,0000000Z00000031000000070000000X,3.67,2016/12/15,330600,70b5e59e-376e-4673-9afc-a206c03249a7
绍兴市,0000000M0000003V000000070000000X,9.5,2017/9/25,330600,e8507632-b45f-48ca-9949-99604809e90a
宁波市,0000000S0000002Z000000070000000X,8.9,2017/5/5,330200,6ac81a12-51d8-43ea-b48e-a451be6b357a
杭州市,0000002U0000007X000000070000000X,4.5,2018/1/15,330100,f1918d94-63fd-4b94-b1ef-b561e0d2bbea
台州市,0000000H0000003P000000070000000X,24.33,2017/9/15,331000,5a44a9c3-619a-43b1-aabc-7da836da65f2
舟山市,0000000P0000003E0000000700000010,3,2017/6/13,330900,ebc64162-d06d-4435-af5a-247b0b9ec9fa
舟山市,0000000S0000002Z000000070000000X,11.67,2019/1/5,330900,bbf2e74c-9a99-4e9e-96b2-70e7b5a09688
温州市,0000000H0000003N000000070000000X,15.33,2018/4/5,330300,b53695fe-159d-40cc-8c7a-7a508c28959f
宁波市,0000000X0000007T000000070000000X,41.17,2019/1/15,330200,e0081b0a-cef3-4575-95cc-1107d6ae363d
衢州市,0000000G0000003F0000000700000010,13.7,2018/10/2,330800,a2aeaa34-08bb-40e8-b717-b51e3172910f
台州市,0000001400000031000000070000000X,5,2018/8/25,331000,c03d8ae8-b2a1-4d30-bd7f-53a94af3b4e2
杭州市,0000000H0000003N000000070000000X,15.47,2018/10/15,330100,74122fca-2dfb-4a24-9302-1c8bbbdd0504
温州市,0000002200000038000000070000000X,3.33,2018/3/25,330300,7661f86d-76c1-40da-97e4-0fed551f7a6e
丽水市,0000000C0000002Q000000030000000X,70.23,2017/7/15,331100,2f0dcaca-403e-4ea5-97b8-45c6fc048cf8
绍兴市,0000002P0000007W000000070000000X,2.33,2018/6/15,330600,50e17811-326d-412b-af13-25526796b18a
嘉兴市,0000000J0000003S000000070000000X,32.33,2017/2/25,330400,69a99a9d-d7f5-4b1e-92ed-b999decbf53a
嘉兴市,0000003100000081000000130000000X,79,2017/3/5,330400,d97a3843-6b0e-49ee-b9f6-84de6ea7485b
绍兴市,0000001E00000031000000070000000X,4.5,2017/10/15,330600,1f783670-1a1e-4c57-8daf-6bcf834d99e4
嘉兴市,0000003100000081000000130000000X,79,2018/10/15,330400,f7635aed-0ca0-4437-8a42-7bb85de60c42
宁波市,0000000J0000003S000000070000000X,29.5,2018/1/15,330200,ad2e3241-dadd-48fd-9914-212e36cdb78b
杭州市,0000001500000031000000070000000X,4.67,2017/5/5,330100,557684ca-2697-48b8-bf5d-824869564084
嘉兴市,0000000P0000002W000000070000000X,4.93,2018/7/5,330400,6b5c2773-924f-4044-97d7-ac23b7291b79
浙江省,0000001500000031000000070000000X,4.28,2018/1/15,330000,3a652fc4-215c-4877-bc5c-0eb3e2651147
宁波市,0000002P0000007W000000070000000X,3.27,2017/11/25,330200,286d8556-5a3c-49bc-86f9-3b2e8854eb88
浙江省,0000000H0000003P000000070000000X,20.91,2018/5/5,330000,5ba773b7-ce94-4bde-90d6-af876b9185f5
湖州市,0000000C0000002Q000000030000000X,57.67,2017/9/15,330500,7fa828b5-2d02-4b5f-a3e2-cee1cab8e95f
金华市,0000000H0000002T000000070000000X,15.83,2016/12/15,330700,b3e9be9f-da4c-4795-8be3-54a7089397ee
温州市,0000001Z00000036000000070000000X,6.5,2017/10/15,330300,826113ce-cbbf-43ba-abd9-94900bf32af2
杭州市,0000000Z00000031000000070000000X,3.17,2017/4/5,330100,5bdf92aa-e1e7-4eae-aa0b-bf84e39c355f
丽水市,0000000J0000003S000000070000000X,34.33,2017/5/5,331100,a8f42125-7c9c-46fb-bc59-29305d98d1f9
杭州市,0000001500000031000000070000000X,5.67,2019/2/25,330100,df3cfa6a-1fad-4a00-b101-0b659524d126
杭州市,0000000P0000002W000000070000000X,4.33,2017/4/15,330100,d472b2b6-ecd4-4f1a-9bc8-d6cb07bae4dc
台州市,0000001E00000031000000070000000X,2.83,2019/2/5,331000,3b674fe5-cce8-4ff1-a417-59fdc3e33f6f
绍兴市,0000000S0000002Z000000070000000X,8,2018/7/25,330600,6552f1f5-4337-4b5d-a05f-61229bf8b50c
衢州市,0000001500000031000000070000000X,3.5,2018/8/15,330800,f7d3f901-a0f3-4e04-b18f-0fd60a7201e5
嘉兴市,0000000H0000002T000000070000000X,17,2018/12/25,330400,9c5c4b82-2158-47fb-adb8-55ad1d61065a
嘉兴市,0000002P0000007W000000070000000X,3.2,2017/12/15,330400,135d48a2-1a8a-4458-a32a-87d98bddb5bc
杭州市,0000000G0000003F0000000700000010,10.02,2019/2/12,330100,79b94e11-c209-4bb7-a465-c0c7b5df7c5d
舟山市,0000000C0000002Q000000030000000X,50.3,2017/11/5,330900,942fbac9-5640-41b8-ba60-981ce36854a0
衢州市,0000000H0000002T000000070000000X,21.33,2019/3/5,330800,1b105004-0359-4ce4-984b-cf5a150c42cb
嘉兴市,0000001700000031000000070000000X,2.83,2017/10/15,330400,0584d0f3-8155-4ef5-9e43-0fe2b5343177
台州市,0000000C0000002Q000000030000000X,63.33,2017/11/15,331000,7a721302-76bb-467e-8297-a5ff8b90aa2d
衢州市,0000000P0000003E0000000700000010,2.6,2017/5/9,330800,e2c5c878-f3af-44a7-9476-29449cdd10ba
舟山市,0000000S0000002Z000000070000000X,11.67,2018/7/5,330900,1f91ca19-812d-43af-872a-4476857a0528
湖州市,0000000J0000003S000000070000000X,34.67,2018/7/25,330500,ee681511-8f81-4718-8222-6d5d612cd63f
浙江省,0000001200000031000000070000000X,4.44,2018/10/15,330000,94d90110-e830-40a6-b611-627937414218
温州市,0000001500000031000000070000000X,5,2017/3/15,330300,9d74e305-2931-4f8b-a80c-20998201864e
杭州市,0000000C0000002Q000000030000000X,64,2016/12/25,330100,425443a9-2603-460d-99d0-20b65b970117
湖州市,0000002U0000007X000000070000000X,3.87,2018/5/15,330500,f116f521-4a8f-4ae3-97f1-c4f98c559d81
衢州市,0000001400000031000000070000000X,4.67,2018/4/25,330800,73136e62-dcfe-43f3-8542-8724f851a56f
舟山市,0000002U0000007X000000070000000X,3.83,2017/7/15,330900,742c2dfa-c9da-40e1-9fc3-be40a2a49d4c
湖州市,0000001500000031000000070000000X,4.67,2017/4/25,330500,8a7e7b3d-fe7d-406e-a818-55ae53178e4e
衢州市,0000000P0000003E0000000700000010,3.8,2017/1/17,330800,3f207e0b-c44a-48e9-9ec6-b1d83bfc29d6
宁波市,0000001200000031000000070000000X,5.33,2018/4/15,330200,b8635cc1-917f-4bc7-89a9-4af993860100
宁波市,0000000X0000007T000000070000000X,40,2017/1/25,330200,02bfedce-94be-4d55-8b2f-9f6ca796efd4
衢州市,0000000K0000003U000000070000000X,33,2017/3/25,330800,b3e19bbe-b9d9-496b-8536-7737df97b7fc
浙江省,0000000H0000002T000000070000000X,16.88,2017/1/5,330000,2d5f896d-bd94-462c-b045-2284c4b3a9f7
金华市,0000001200000031000000070000000X,3.5,2017/12/15,330700,54482824-05d7-4c84-9c36-2f2844927e30
金华市,0000000C0000002Q000000030000000X,68.17,2017/7/15,330700,f7502ee4-d01d-444e-ab53-d3b0d32a8ab0
杭州市,0000000G0000003F0000000700000010,9.2,2017/10/24,330100,3dd6819a-4743-4f10-8553-12d5c5510598
嘉兴市,0000000C0000002Q000000030000000X,66.33,2017/10/5,330400,326edda1-7cb9-44b7-8a6d-aa9ad1f5a325
丽水市,0000000H0000003N000000070000000X,13.67,2018/2/5,331100,95dd233d-be4c-4cde-abbc-b6b562325e9d
宁波市,0000003100000081000000130000000X,177.33,2017/7/5,330200,6052ae9a-7103-497c-a7cf-ad666049a7b4
丽水市,0000000H0000002T000000070000000X,17,2018/12/15,331100,46c2182b-82f8-40dc-851e-01127bc17379
舟山市,0000000D0000002R000000030000000X,44.97,2018/7/25,330900,2f6719c3-2231-47a8-956e-3c61b9f1594d
杭州市,0000001A00000031000000070000000X,5.67,2017/11/5,330100,f7ba70fa-2c1e-427b-8c53-c7def881fe0d
金华市,0000000S0000002Z000000070000000X,8,2017/11/5,330700,2458e08a-1561-469e-b449-74363e222bd0
台州市,0000000C0000002Q000000030000000X,63.33,2017/11/5,331000,46ccd142-aaef-476d-9779-df496892f60b
杭州市,0000002U0000007X000000070000000X,4.5,2019/1/5,330100,ec887204-dd54-4aca-8994-d995c441f175
舟山市,0000001K00000031000000070000000X,4.5,2017/8/25,330900,8905b3e2-049e-49a0-881a-88e443810ec9
浙江省,0000001A00000031000000070000000X,5.85,2018/3/25,330000,ae020df3-b2b1-4d2e-a102-5d9a42be3653
金华市,0000002U0000007X000000070000000X,3.93,2018/7/25,330700,44ebffec-a233-452c-b321-e0ce157dab20
浙江省,0000000M0000003V000000070000000X,12.24,2017/3/25,330000,54b74780-1878-4122-a0d3-8bb9991f0b08
金华市,0000000H0000003P000000070000000X,17.5,2018/7/5,330700,d2677cbd-2428-49d2-b2c1-ab202a7625d5
温州市,0000000K0000003U000000070000000X,48,2017/3/25,330300,27ff64ef-7ac5-45a8-9a70-b29448c956d7
金华市,0000000P0000003E0000000700000010,3.8,2018/6/12,330700,cc7f2509-a7d2-4656-a1c3-ce856c491a40
衢州市,0000000G0000003F0000000700000010,7.5,2018/6/19,330800,74cd989b-501c-4bbe-9097-220ad50f4aca
丽水市,0000001E00000031000000070000000X,2.5,2017/2/25,331100,990fbd96-ac0a-4876-9739-6186074a6418
浙江省,0000000P0000003E0000000700000010,3.08,2017/6/20,330000,fa965df5-d149-4820-a551-22f30f30d13e
嘉兴市,0000000G0000003F0000000700000010,10.5,2017/4/4,330400,b3f1caf3-6cef-4fa0-b9d1-cdd6de86f3c2
嘉兴市,0000002200000038000000070000000X,4.17,2018/3/15,330400,e870f0fd-fb44-424d-95f1-ea17683a7a29
温州市,0000001K00000031000000070000000X,3,2017/4/5,330300,b0dfcd53-0d8b-411a-9091-640c97cf856b
浙江省,0000003100000081000000130000000X,91.89,2017/6/25,330000,e12224e6-e85a-4512-b161-d3adf675a610
衢州市,0000000C0000002Q000000030000000X,66,2017/1/25,330800,91a2cc03-f2aa-4975-be2d-bc3a61a8d225
嘉兴市,0000001Z00000036000000070000000X,4.67,2018/7/15,330400,46509675-09a8-4211-aa6d-7be1e8e14ed0
杭州市,0000001700000031000000070000000X,2.87,2017/4/5,330100,4c8ab9cd-b0ba-4c60-b096-51ec2eb88cb6
舟山市,0000001A00000031000000070000000X,4.5,2017/5/5,330900,51fa6fef-5df9-4a0b-9875-72da782603df
台州市,0000001200000031000000070000000X,3.33,2016/12/15,331000,1e3c7c98-8762-4466-ab4d-bcd17322d5e5
杭州市,0000002U0000007X000000070000000X,4.67,2019/3/15,330100,df6a8dc4-ce88-4d42-b8e5-b38fbe56f70f
温州市,0000000G0000003F0000000700000010,9.1,2017/8/22,330300,81a439ee-06e7-4d5a-8db6-ee3585221b40
台州市,0000000P0000003E0000000700000010,4.72,2017/9/5,331000,1694cb83-b41a-4c5d-9fdb-3772d3806b21
丽水市,0000001Z00000036000000070000000X,4.83,2018/1/15,331100,7e0fdfaf-3220-41df-9af3-230846af992c
嘉兴市,0000000X0000007T000000070000000X,32,2017/11/5,330400,1a8f48c8-701a-43a0-a2cb-d0f58b3545a9
舟山市,0000000J0000003S000000070000000X,34.33,2018/6/15,330900,2aa0c398-63c1-411f-a741-d928f89dc7a0
杭州市,0000001A00000031000000070000000X,5.5,2017/2/15,330100,a9b9df61-2c40-460f-b444-28259ecc6b8c
绍兴市,0000000C0000002Q000000030000000X,57.67,2018/12/15,330600,6e2abd62-efca-4884-a1cf-6d831d3867ea
绍兴市,0000000G0000003F0000000700000010,9.35,2017/6/20,330600,5844305a-35e9-46a4-b232-de1cbdc724fb
嘉兴市,0000000H0000002T000000070000000X,17,2017/11/15,330400,89ee60a4-268d-4fb4-9101-6dfeb7d81bcc
嘉兴市,0000001K00000031000000070000000X,3.33,2018/6/5,330400,a7d71ef5-a55d-4617-9373-967f5db05914
杭州市,0000000J0000003S000000070000000X,39.33,2019/2/15,330100,a23b976b-a141-459a-a428-994f52f6938c
衢州市,0000001K00000031000000070000000X,3,2019/1/15,330800,35b40b44-9ade-49cb-a1ee-bde33229e0b9
衢州市,0000000J0000003Q000000070000000X,38,2018/8/15,330800,501d89f6-a488-41e3-a6fd-d5c4d1a837fa
嘉兴市,0000000P0000003E0000000700000010,5.1,2018/12/4,330400,0dfea84b-284b-4c8d-92cc-b24275f1803b
湖州市,0000003100000081000000130000000X,73,2018/11/25,330500,03bad199-df4a-47d7-87a8-e0aec75920ae
嘉兴市,0000000M0000003V000000070000000X,11.5,2018/4/25,330400,5b2bf934-59ad-4dc4-9164-8c65eb4f5344
丽水市,0000001A00000031000000070000000X,5.5,2018/9/15,331100,13163fac-d3d7-416a-93ef-a8719189e218
湖州市,0000000K0000003U000000070000000X,0,2018/11/15,330500,32f32582-8350-4f05-8b4b-59c34fb14821
衢州市,0000000X0000007T000000070000000X,26.67,2017/5/5,330800,9d42b0a0-850a-4e98-976e-3bb42193cacb
绍兴市,0000000K0000003U000000070000000X,38,2017/4/25,330600,22e9a047-ad7d-4f32-b934-5c79f880164e
绍兴市,0000000S0000002Z000000070000000X,7.67,2018/12/15,330600,9d9cae43-a476-4ced-babe-ec0805af6f13
嘉兴市,0000000P0000003E0000000700000010,4.66,2018/4/17,330400,8e1f9637-aaa7-48eb-8ac0-05f2d39295af
绍兴市,0000000X0000007T000000070000000X,55,2019/2/15,330600,f692aeb8-6894-4716-9ae9-572a086e01f5
宁波市,0000001K00000031000000070000000X,3.2,2019/3/5,330200,947324bb-7b4e-47f4-b8b8-87343a02c01a
丽水市,0000001A00000031000000070000000X,4.67,2018/12/25,331100,6e36f05c-de24-4d8f-ad0f-f378a934b7f9
嘉兴市,0000000S0000002Z000000070000000X,10,2017/6/15,330400,6b04bab1-e36f-414a-8e81-2f4cad53e0f7
湖州市,0000000H0000003N000000070000000X,14.17,2018/2/5,330500,8defac3b-285d-406e-801c-20f554fe7b5c
台州市,0000000P0000002W000000070000000X,3.67,2017/5/5,331000,a547ab0c-a848-44f1-9914-43b58a486315
衢州市,0000001Z00000036000000070000000X,5,2017/12/25,330800,9a695fc7-d95d-4ebd-a95a-a0901e39d13a
温州市,0000001K00000031000000070000000X,3.33,2019/2/5,330300,84849d50-c9d3-4e90-b2f7-38dc3da621aa
丽水市,0000000S0000002Z000000070000000X,9.67,2018/11/25,331100,9da19b03-c913-48aa-8f4b-bc863c0d8d96
舟山市,0000001A00000031000000070000000X,3.67,2017/6/25,330900,fd7f1edb-e6af-4b74-9dc2-43ffaccbd278
杭州市,0000001K00000031000000070000000X,3.33,2017/3/5,330100,6d8db380-ad93-4afe-814f-08f0038a6a1c
舟山市,0000001400000031000000070000000X,5,2017/4/25,330900,552d7b7e-14d4-46d9-a8e0-f2b92dd215ec
衢州市,0000000H0000003P000000070000000X,21.33,2017/6/25,330800,d8be529f-c534-43d0-ac0a-c621ba27a7d9
衢州市,0000002200000038000000070000000X,2.67,2018/9/15,330800,cafd5cec-d63c-4da6-97ef-4a687168a834
宁波市,0000001500000031000000070000000X,6.53,2018/11/15,330200,606f46bc-4b94-4957-9621-d4f5dc301361
湖州市,0000000G0000003F0000000700000010,11.8,2017/1/31,330500,cee8b77f-c075-4ba6-88eb-5b0cd6afda45
宁波市,0000000H0000003N000000070000000X,15.67,2018/10/15,330200,ba32e341-bd02-435d-b9d9-cda59e48c48a
湖州市,0000001700000031000000070000000X,3.17,2018/2/15,330500,3cc5bae2-1e2f-475f-8be3-ceba2b0e8391
杭州市,0000000Z00000031000000070000000X,5.83,2017/9/25,330100,400c094a-6b43-473e-8f94-2b3e9a80ca56
浙江省,0000000P0000002W000000070000000X,5.55,2019/2/15,330000,ccaca526-1f42-4dc6-b1d8-8cb48432e955
台州市,0000002200000038000000070000000X,3,2018/9/15,331000,5a9b153a-eb05-4868-ab60-cc829000f0d6
衢州市,0000000J0000003S000000070000000X,35.67,2018/5/15,330800,38caad40-c522-42a1-98a6-53336b3197b6
温州市,0000000H0000002T000000070000000X,21.67,2018/10/15,330300,079dc9f6-4923-46a1-a76a-774d4a349d38
温州市,0000000H0000002T000000070000000X,18.33,2018/1/5,330300,4cea4f75-9dfd-49e1-bd73-2992583c2599
温州市,0000001A00000031000000070000000X,5,2018/1/5,330300,68070e8b-1a5c-4ff0-986f-35e3a33abed0
杭州市,0000000H0000002T000000070000000X,17.33,2019/2/5,330100,dd7a79c1-0f56-4cff-9a52-23c2c19c75bc
湖州市,0000002200000038000000070000000X,4.67,2018/5/25,330500,c19b0cf9-bae9-42da-9e75-e57f7d0292ee
浙江省,0000002U0000007X000000070000000X,4.32,2017/12/25,330000,9776cfa2-b18a-40e5-88ca-b5d031e00279
衢州市,0000000H0000003P000000070000000X,23,2018/8/25,330800,3a166440-b492-40db-8532-d7e64773d816
舟山市,0000000P0000003E0000000700000010,4.8,2018/11/27,330900,4caa862c-39fa-4d60-af4b-ca2a6e3885c4
舟山市,0000002200000038000000070000000X,4,2017/8/15,330900,3b4a4e4a-c99d-458f-aecb-c126531cc5da
浙江省,0000001E00000031000000070000000X,3.48,2018/11/25,330000,f732ea66-817c-47d9-8d91-734654e753df
金华市,0000001K00000031000000070000000X,2.5,2017/7/15,330700,5344886b-f84b-49c3-bc35-a1e8b82ef8b1
舟山市,0000001200000031000000070000000X,4,2017/12/5,330900,23f7c98f-a287-4101-9148-7c65f7b447a7
嘉兴市,0000000H0000003N000000070000000X,13.17,2018/8/25,330400,1072b5e2-273b-48da-acbb-bd448359bcff
嘉兴市,0000000M0000003V000000070000000X,10.83,2017/10/5,330400,d9bb350f-abe8-4623-9e79-436c648c2a37
温州市,0000000H0000003N000000070000000X,17.33,2017/12/15,330300,a82535b0-9b41-40e5-8e38-b153ec224822
丽水市,0000000D0000002R000000030000000X,54.6,2017/4/25,331100,fe2e4d4c-6e86-4315-aad3-31268f904920
杭州市,0000000K0000003U000000070000000X,33,2017/8/15,330100,de544933-8f4d-4a61-8a16-dd4cb7d054ba
金华市,0000000P0000003E0000000700000010,2.5,2017/4/25,330700,fcac8030-be78-4c5f-95d2-9bc191e78234
台州市,0000001E00000031000000070000000X,4,2018/5/15,331000,8b0e1aeb-9936-4b71-9377-ed150d94b162
宁波市,0000000G0000003F0000000700000010,10.23,2017/9/26,330200,2ddbf776-bbd4-4380-b6f4-1876fbcbd5c1
台州市,0000001Z00000036000000070000000X,6.33,2018/9/25,331000,cf73d0c3-f24f-471f-90bb-56f893e32402
丽水市,0000001Z00000036000000070000000X,5,2018/7/25,331100,a2f7631f-76fc-4bdc-822f-13c877018f9a
丽水市,0000000C0000002Q000000030000000X,70.23,2017/1/25,331100,92f772d6-198e-45ea-ae7f-b522a6411ca9
衢州市,0000001700000031000000070000000X,2.83,2019/1/25,330800,a5280cd8-6928-4ba3-94f4-10bf405019b0
宁波市,0000001Z00000036000000070000000X,7.23,2018/5/25,330200,fe4c8936-bf39-4811-b75f-945f79dd350b
舟山市,0000001200000031000000070000000X,4.33,2018/4/25,330900,3adf8597-4a1a-4c31-a0d5-2db828cdca6f
湖州市,0000000H0000003N000000070000000X,14.17,2018/1/5,330500,66ff5670-a60e-4a2b-afd7-2a39da12a84d
杭州市,0000001K00000031000000070000000X,4.17,2018/10/5,330100,bba40273-69c7-4d3b-97fe-ba41cf1ca7a5
衢州市,0000000P0000002W000000070000000X,5.37,2017/11/5,330800,8b209ef3-74c0-4d46-a19a-7c44b4716ec1
舟山市,0000000P0000003E0000000700000010,5.2,2018/9/25,330900,ac36fa2d-2c45-448e-b5f9-825a8e80e311
丽水市,0000000H0000003P000000070000000X,19.67,2017/3/5,331100,9294e3db-0d0b-40a2-b519-fe2d363762b4
丽水市,0000001K00000031000000070000000X,3.67,2018/1/15,331100,3e2ebd14-c711-4262-8d5a-1eedcabdc83f
台州市,0000000D0000002R000000030000000X,39.33,2017/6/15,331000,f772b2b3-64b2-4803-9e6a-b90846293dec
金华市,0000001A00000031000000070000000X,5.67,2018/12/25,330700,9048b25d-dec0-4e82-8042-0ec829edaf8d
嘉兴市,0000000S0000002Z000000070000000X,8.5,2017/5/5,330400,b2381ef6-85d8-4c35-9154-849be22e2820
嘉兴市,0000000J0000003S000000070000000X,33.67,2019/1/5,330400,b59fe09e-bcac-4007-a1b9-eacf4477f01b
衢州市,0000001Z00000036000000070000000X,4.83,2017/1/15,330800,029615a0-0395-4c2a-9c58-5239ea15b01c
浙江省,0000000H0000003N000000070000000X,14.17,2017/9/5,330000,27078455-2386-40ae-88d1-6ee4a87697ed
温州市,0000002P0000007W000000070000000X,2.33,2018/4/25,330300,47f24442-1c07-4b91-95a6-bc8d39ea9681
金华市,0000000H0000003N000000070000000X,12.67,2018/2/5,330700,0a4538a9-0df4-4316-bb84-b59e5884616d
温州市,0000000Z00000031000000070000000X,5.5,2018/8/25,330300,b5131e95-2b08-4f50-bd1e-3aded553080a
舟山市,0000000C0000002Q000000030000000X,50.3,2018/4/25,330900,d78f5d4b-9bc9-4a85-8777-cddb874a24f3
宁波市,0000001400000031000000070000000X,8.83,2018/3/5,330200,072a7b60-4a74-4d75-82bd-a076f9d3b0d1
金华市,0000000J0000003S000000070000000X,36,2018/9/15,330700,712ac824-13da-4927-8918-0ced1ca3ff29
台州市,0000000H0000002T000000070000000X,14,2019/1/5,331000,3d28b783-a464-4c2a-a971-82ce0cd28133
杭州市,0000000X0000007T000000070000000X,39.67,2019/2/25,330100,1e12d66f-6f84-482a-b8c0-e03a105c0d2c
杭州市,0000001Z00000036000000070000000X,6.4,2018/9/15,330100,63434ec6-77cf-4f35-be12-4de10c0de32d
绍兴市,0000000H0000003P000000070000000X,24.33,2019/1/25,330600,d5cb1cb6-a2f6-4ec5-9abf-1bc398c38ec4
舟山市,0000000G0000003F0000000700000010,9.6,2019/2/12,330900,fcd739c2-e2e6-4d3f-b063-0fe8e45dd8b0
嘉兴市,0000002U0000007X000000070000000X,4,2017/6/15,330400,1113a966-80f6-4b4f-8378-3af856336518
杭州市,0000002200000038000000070000000X,3,2018/1/5,330100,decdfb28-ec55-4a1c-a4a5-6d1822e9fd03
湖州市,0000001E00000031000000070000000X,3.17,2018/11/15,330500,a8994a99-96d8-48a4-b4d9-564462baa556
嘉兴市,0000000G0000003F0000000700000010,9.55,2017/7/4,330400,e66a4451-bf12-4403-8057-41efdf8df19a
湖州市,0000000P0000003E0000000700000010,5.1,2017/9/12,330500,37da83c9-13c1-48ff-9aa0-18cb3e1ea62e
湖州市,0000000C0000002Q000000030000000X,57.67,2017/4/25,330500,6da44a7e-669c-469f-9b22-221035395ff2
宁波市,0000000D0000002R000000030000000X,44.43,2018/1/25,330200,c7b5f281-9dbe-4ebc-8f42-5c28434f5d42
台州市,0000000H0000002T000000070000000X,15.33,2016/12/25,331000,d55fd995-2a02-4f02-be6b-2ba583278941
温州市,0000000K0000003U000000070000000X,48,2017/10/5,330300,0ec339b1-d8a0-42c7-a9b1-cc8c129076f7
衢州市,0000001200000031000000070000000X,3.67,2017/9/15,330800,0c3cfd47-ecbc-4e45-b22b-9ce97fcfbfdf
湖州市,0000000J0000003S000000070000000X,34,2017/3/5,330500,e6ca9a84-9a61-4065-9db6-fa3d2b497b74
宁波市,0000000X0000007T000000070000000X,44,2018/11/5,330200,1a72a3cf-42b5-4fc1-972d-5dbcd984f33c
温州市,0000001A00000031000000070000000X,4.67,2017/1/5,330300,f60d2ddd-2383-43e9-ad97-db9758e37673
温州市,0000001700000031000000070000000X,3,2017/1/25,330300,d60285ba-f183-4528-be45-0d1b77454ca7
衢州市,0000000P0000002W000000070000000X,5,2017/1/15,330800,7067e045-091c-4112-9a66-ad0b618171fc
舟山市,0000000J0000003S000000070000000X,33.67,2017/3/25,330900,e6084cd9-b5c1-4870-a78b-8b6e6311d0d1
衢州市,0000000C0000002Q000000030000000X,66,2017/4/25,330800,4f18e1dc-184e-48f6-80ef-c93d20b8df21
衢州市,0000001700000031000000070000000X,3.67,2017/2/25,330800,23b3ec3c-d75c-4151-b5e1-a91d69df4adb
宁波市,0000000D0000002R000000030000000X,41.33,2018/3/15,330200,d39b38a9-6db2-4b5b-a1da-b11ce305da0f
丽水市,0000001500000031000000070000000X,3.83,2018/5/5,331100,444aa87d-a966-4874-9e66-e99f4bcc7a01
舟山市,0000000S0000002Z000000070000000X,11.67,2017/12/15,330900,208cdad5-7767-426b-b6b0-be1bb1d9c331
宁波市,0000003100000081000000130000000X,178.67,2017/12/15,330200,6bab4417-e042-487b-8291-cf0233277a0f
宁波市,0000000J0000003Q000000070000000X,40.17,2018/1/15,330200,2a9ec3e0-7c5d-4483-9867-080a4548ec7d
丽水市,0000000H0000003N000000070000000X,15.67,2018/12/15,331100,76b4154e-cdee-499d-b18c-73e5cda2fe39
绍兴市,0000002200000038000000070000000X,3.1,2018/5/5,330600,e8066f51-3b27-42a2-b440-b29b6c98c288
衢州市,0000001500000031000000070000000X,4,2017/4/25,330800,2601dc91-0a74-458d-a4b6-f9390ed89355
湖州市,0000000Z00000031000000070000000X,5.5,2018/8/15,330500,f5cd0fd8-3f25-4026-9256-71d18b5363eb
湖州市,0000000X0000007T000000070000000X,30,2016/12/25,330500,ce408571-9ebb-4ad1-88d9-52d7139dbd26
嘉兴市,0000000M0000003V000000070000000X,11.67,2018/8/15,330400,78ba49b4-1e59-48c3-a6a6-01a2ce232399
嘉兴市,0000001400000031000000070000000X,5.67,2017/4/25,330400,e864080a-1edb-41e7-be13-660d09056f10
嘉兴市,0000000X0000007T000000070000000X,30.33,2017/6/25,330400,974afff2-9dfb-4dbb-90ef-17c13a600651
衢州市,0000001500000031000000070000000X,4.5,2018/2/15,330800,596de917-9e94-4b17-ab50-b265eea080cd
金华市,0000000S0000002Z000000070000000X,7.33,2017/3/25,330700,acf1c36c-c184-4324-a195-0f3ee363c932
温州市,0000000J0000003Q000000070000000X,47.67,2017/4/15,330300,8c46816b-4b6a-4e8a-8dc2-a0dd59d8b300
杭州市,0000001400000031000000070000000X,5.83,2018/8/15,330100,da0f98c3-5bc3-40d2-9171-ef205d091fc4
嘉兴市,0000003100000081000000130000000X,79,2017/6/15,330400,db93564e-21c3-42f9-9ce9-9bd4ff85a5b1
浙江省,0000001Z00000036000000070000000X,5.89,2017/1/15,330000,1328133d-9774-448a-be67-8a3f8160c922
温州市,0000001700000031000000070000000X,3,2017/4/15,330300,da420dda-1618-46e5-80df-7fc3faec16dc
衢州市,0000000Z00000031000000070000000X,3.83,2019/1/15,330800,ee5916f0-981d-4cd1-8964-20009e08552c
杭州市,0000000P0000002W000000070000000X,3.83,2017/6/15,330100,633da892-3817-4ee1-a6eb-a0e3f888a70d
温州市,0000001E00000031000000070000000X,4.83,2017/12/25,330300,4b9d7cf8-1867-4dab-81a1-a0ab4d4d460f
台州市,0000001500000031000000070000000X,6,2018/11/5,331000,c7bb5082-83cf-444e-82fb-0cc86e2c2e7f
台州市,0000000S0000002Z000000070000000X,9.5,2017/4/5,331000,dad998ea-145a-4335-8186-80d9b399147b
丽水市,0000000P0000003E0000000700000010,3.5,2019/2/12,331100,13a054b5-d23c-4b15-8eb7-31a38f360c9f
金华市,0000000H0000003P000000070000000X,19.33,2017/11/25,330700,76b409a4-a4e5-4720-8b8c-d445ae14298b
温州市,0000000P0000003E0000000700000010,3.3,2019/3/12,330300,4abcd5c2-f2ed-43cd-b483-f0551f948e77
湖州市,0000003100000081000000130000000X,77,2017/6/15,330500,073a69c7-6f11-4cc7-a5ec-f80d45ed1360
衢州市,0000000H0000003N000000070000000X,16.33,2018/12/15,330800,20b55e13-103c-495d-b4e1-b830ea8be514
浙江省,0000000H0000003N000000070000000X,15.06,2017/3/25,330000,acc2dd91-0e7d-494c-989a-09484a30f16f
丽水市,0000002P0000007W000000070000000X,2.93,2018/9/25,331100,67e270fd-5e8b-4ff6-b53b-33fad1ca3dae
浙江省,0000002P0000007W000000070000000X,3.12,2018/6/25,330000,9c23ddee-647e-43d1-a6aa-c9eee316c015
绍兴市,0000002U0000007X000000070000000X,4.5,2017/10/5,330600,dd307752-b2b2-478d-ba66-51fc87303f19
衢州市,0000001A00000031000000070000000X,6.33,2017/7/5,330800,a7152d99-4c57-4a8f-b06a-ddadab8268ea
丽水市,0000000K0000003U000000070000000X,44,2018/12/25,331100,925e081e-f2d5-411c-863c-a25ed2fca7a4
湖州市,0000000M0000003V000000070000000X,17.33,2019/2/15,330500,4b512cc4-6f96-4fe9-838b-c05f206963cb
湖州市,0000000H0000002T000000070000000X,16,2017/8/25,330500,a9a2ca29-8a22-4627-a7c8-90d0f9d89b39
台州市,0000000Z00000031000000070000000X,5.17,2018/6/25,331000,448c3b9d-e743-4fed-9760-f4049f424f4e
丽水市,0000000H0000003N000000070000000X,15.33,2016/12/25,331100,a8cb3ece-8a1b-4b1e-bb70-dbd47733133a
舟山市,0000001A00000031000000070000000X,5.33,2019/2/25,330900,7aba31bc-e784-4fd0-a1b7-417db2a43007
舟山市,0000000P0000003E0000000700000010,5,2018/1/9,330900,11f0bac8-6e6d-48e4-818a-f89deba594e8
舟山市,0000002200000038000000070000000X,4.17,2017/4/25,330900,339fc44b-b1b5-4323-a566-ca486ba4fc6b
绍兴市,0000000C0000002Q000000030000000X,57.67,2017/8/15,330600,d04d9d4f-9467-4240-a966-f6b719aa0b24
舟山市,0000000G0000003F0000000700000010,9.1,2018/7/17,330900,4c08a2eb-476f-424e-a8eb-24e3a2a3f5f7
衢州市,0000001700000031000000070000000X,3.17,2017/4/15,330800,972ad836-3f6c-4cf7-bf16-fa7206eb94c7
绍兴市,0000000G0000003F0000000700000010,7,2018/5/1,330600,75eed1af-ccd3-465c-98b7-3033371635fd
衢州市,0000003100000081000000130000000X,93.27,2017/9/25,330800,251b78fd-72d4-47bc-9b7e-cb34d38167f1
嘉兴市,0000001Z00000036000000070000000X,6,2019/1/5,330400,43d8609b-8b8f-41e9-971e-f9723465ba51
金华市,0000000H0000002T000000070000000X,16.33,2017/2/15,330700,0ad74779-b3b9-4fcb-a9fd-bf50ec691765
温州市,0000000H0000003N000000070000000X,19.33,2019/2/25,330300,6b707dc5-c124-4cef-b6d1-5d5eb3029122
温州市,0000001E00000031000000070000000X,6,2018/8/5,330300,9e8c46db-7fc0-4fc0-9bc5-9197f1e527aa
舟山市,0000002U0000007X000000070000000X,4.67,2018/11/25,330900,fe0252a0-132c-41e6-92ff-1c9cad1a724d
丽水市,0000000C0000002Q000000030000000X,70.23,2018/1/5,331100,22b333cd-4334-49ca-b969-c856f77e9cb0
丽水市,0000000H0000003P000000070000000X,18.67,2017/6/15,331100,01c15973-12b6-4020-b248-e195aa708507
宁波市,0000002U0000007X000000070000000X,4.6,2018/7/15,330200,a051f795-c4a8-447e-9e16-ee622ff98fe0
温州市,0000000D0000002R000000030000000X,47,2017/2/15,330300,ed73debc-70a9-4549-a1b4-5b9de976a30c
浙江省,0000000M0000003V000000070000000X,12.52,2018/8/15,330000,b0e7ba64-0038-4466-aefc-f116189fc6dd
温州市,0000000D0000002R000000030000000X,46.67,2017/4/15,330300,83282244-c956-416a-ab7e-446b22685651
浙江省,0000000Z00000031000000070000000X,2.99,2017/3/5,330000,76f49bbe-1c0e-458d-abee-e2ad5733052b
绍兴市,0000002U0000007X000000070000000X,4.3,2017/2/25,330600,29eecb0c-c62b-4c97-a9eb-6251445ab1c5
宁波市,0000000X0000007T000000070000000X,41.83,2018/2/5,330200,23c04674-12ba-43cc-bf2c-fe4f4ce582e5
绍兴市,0000000Z00000031000000070000000X,6,2018/2/15,330600,e35499eb-e89f-4e47-b9e6-33bc698341ef
衢州市,0000002P0000007W000000070000000X,3.06,2018/6/25,330800,5247847d-2d8a-4a87-8545-fdaa73e8609b
金华市,0000001500000031000000070000000X,4,2017/3/25,330700,92463eab-5315-486a-93c0-014f4207f935
嘉兴市,0000000P0000002W000000070000000X,4.87,2019/3/5,330400,c7af6bd5-9f60-4c4b-86fe-44366eb29342
舟山市,0000001700000031000000070000000X,4,2018/2/15,330900,b81e6cf3-529b-40e7-93a0-5928756e00a8
嘉兴市,0000000P0000002W000000070000000X,5.5,2018/10/5,330400,0ce4c864-95c7-4526-a60e-6860ba303d49
宁波市,0000000C0000002Q000000030000000X,83,2017/2/15,330200,511b6088-2a8a-4a8c-8715-a91368da321b
宁波市,0000002200000038000000070000000X,3.83,2017/8/15,330200,e96fac44-cb71-4187-a3b2-686c44af8b0d
温州市,0000000H0000003P000000070000000X,25.67,2016/12/25,330300,1558bc6f-f636-49ea-b462-0b72c0764dfd
舟山市,0000002U0000007X000000070000000X,3.83,2018/2/15,330900,7b8c4fee-ee4f-4f3b-ae98-ed6794216f2b
舟山市,0000000H0000002T000000070000000X,15.33,2017/10/25,330900,33cf6f6f-d45b-471a-a9ca-85727a17a522
衢州市,0000003100000081000000130000000X,77.67,2017/1/15,330800,d6cdf903-e53b-4af3-8f12-54ac5013c346
湖州市,0000000X0000007T000000070000000X,35,2017/4/25,330500,84aa3745-2f12-4c1c-b106-ec1b0c7beac8
浙江省,0000000H0000003P000000070000000X,24.55,2019/2/5,330000,33669d2e-0283-442c-b079-236fab0106d6
舟山市,0000001A00000031000000070000000X,4.5,2017/4/25,330900,1fdd779f-f299-423d-a8a2-995768d7089f
衢州市,0000001400000031000000070000000X,5.17,2018/3/15,330800,888634f7-561c-43dc-8c95-3fe5e895397f
舟山市,0000000H0000003N000000070000000X,15.33,2017/8/5,330900,a3893d0f-de9c-425f-8b48-5598d54694bc
台州市,0000002P0000007W000000070000000X,3.45,2018/11/5,331000,47797f9b-1605-452f-ae01-d3708126be52
丽水市,0000001Z00000036000000070000000X,5.66,2017/7/25,331100,99be271e-e8fe-4106-a63e-70d121178acf
温州市,0000000H0000003P000000070000000X,30.33,2018/10/25,330300,9e485214-da79-4229-a90c-4e11682a4214
宁波市,0000001K00000031000000070000000X,4.17,2018/7/5,330200,25096371-c85a-479b-858f-5603de2689e1
舟山市,0000001A00000031000000070000000X,4,2017/12/15,330900,933f1b8f-cc95-442b-8e95-922a05293506
丽水市,0000002200000038000000070000000X,3.33,2018/7/25,331100,eb51158a-e61e-41e1-97d9-a7760b91af7d
嘉兴市,0000002200000038000000070000000X,3,2017/9/5,330400,c4b6a471-db0c-4eda-a5a5-37001a46d534
浙江省,0000001500000031000000070000000X,4.22,2017/4/25,330000,43d61603-29d6-4e0f-8c31-0d1b073c7a26
浙江省,0000001700000031000000070000000X,2.84,2017/5/5,330000,017f38e6-a2ec-482e-9471-316ce8a71aa6
杭州市,0000001200000031000000070000000X,4,2017/12/5,330100,cdfe9cb2-910b-481e-9e03-263535e70c22
宁波市,0000001A00000031000000070000000X,4.33,2017/9/15,330200,c5ef6bed-eb19-417e-9db0-693a7c9f87a4
温州市,0000000H0000002T000000070000000X,17.33,2017/3/25,330300,97ca89bf-7aee-4148-b0ee-d9cdfb02b24c
衢州市,0000002200000038000000070000000X,2.83,2017/7/15,330800,a91a68ee-146c-4a24-a4f2-b107f5f4f9e1
衢州市,0000000H0000003N000000070000000X,11,2018/6/5,330800,83e9a73a-a3c9-43ed-bd05-06640e58973b
丽水市,0000000S0000002Z000000070000000X,9.67,2018/7/25,331100,144f044c-3e89-47bf-a911-5b99ee8f6816
丽水市,0000001400000031000000070000000X,5.33,2018/4/25,331100,8dcc5613-6d4d-46c8-b33e-4a3a344fd28e
衢州市,0000000Z00000031000000070000000X,4,2018/1/25,330800,223aac25-15d0-4f89-ac8f-ec400cbb8185
宁波市,0000002200000038000000070000000X,3.83,2017/7/15,330200,a1ce57ef-4aca-4a2b-b5f0-0f56b33e08dd
杭州市,0000001E00000031000000070000000X,5.83,2019/2/5,330100,103b5f20-8481-4126-a618-77c02b37d39a
衢州市,0000001A00000031000000070000000X,8.17,2017/9/15,330800,bd33d24d-9c2f-42d5-980c-48725ec47003
舟山市,0000001K00000031000000070000000X,3.67,2018/12/15,330900,387d7891-a119-47de-ad09-c83c12cc6771
温州市,0000000G0000003F0000000700000010,6.73,2018/6/19,330300,1921355f-3469-4f5e-9562-352b3030a3e2
浙江省,0000000J0000003S000000070000000X,35.02,2018/6/5,330000,38d3ef89-7c76-4cde-9cec-d55a163dbb71
绍兴市,0000001A00000031000000070000000X,4.67,2018/12/15,330600,d159234f-ad65-483f-a77d-c9db0940c833
丽水市,0000001200000031000000070000000X,3.17,2018/4/25,331100,0c212919-e9b9-4ca3-9287-0d07ecbb27b3
湖州市,0000000M0000003V000000070000000X,17.33,2017/4/25,330500,7c43a8b2-ecbd-4876-ac5f-d0bc252943d1
湖州市,0000000G0000003F0000000700000010,10.4,2018/1/30,330500,34e3fbde-c439-4ca5-b2d4-0497aa0a189c
温州市,0000000J0000003Q000000070000000X,46.67,2017/12/15,330300,e28e72ad-d9a0-4030-85af-f8d8293d05b6
温州市,0000001K00000031000000070000000X,3.5,2018/5/25,330300,107012c6-6796-40b1-bc57-4309d3ab7876
金华市,0000000H0000003N000000070000000X,10,2018/5/5,330700,47ffafc8-5d92-4e56-95c6-36021388a5f5
台州市,0000001200000031000000070000000X,2.83,2018/6/25,331000,15469820-94d4-47b3-8bbd-9148b32052f0
湖州市,0000001Z00000036000000070000000X,5.67,2018/5/5,330500,1bc61202-0b96-4c15-a579-1edf1a1b5953
浙江省,0000000K0000003U000000070000000X,37.81,2018/10/5,330000,bde208be-4337-4a6e-8c17-a13ef1a506b2
嘉兴市,0000001Z00000036000000070000000X,6,2018/11/15,330400,f9e0b59d-b0a6-4fb4-b814-b513a7c8040b
浙江省,0000000D0000002R000000030000000X,43.73,2017/9/15,330000,9ca4288e-58f5-4b0a-ac4e-8cd241c7cbe6
杭州市,0000001K00000031000000070000000X,3.03,2017/5/5,330100,031bf738-2fc6-4e48-933e-8fe74d14d160
浙江省,0000000H0000003P000000070000000X,22.42,2017/11/25,330000,503523de-5484-40a8-97fa-0bb1f467a3ae
杭州市,0000002P0000007W000000070000000X,2.87,2017/10/5,330100,c0d4a01d-43e9-4517-8a98-b96ee1754761
金华市,0000001200000031000000070000000X,3.83,2018/4/15,330700,e0544fc8-6907-4f14-8847-e3516939fde4
衢州市,0000000J0000003S000000070000000X,36.67,2018/3/5,330800,6a50091f-61ed-47ee-a0f1-7ca211548d02
衢州市,0000001200000031000000070000000X,2.33,2018/5/25,330800,d381a2e4-cc1d-43f0-a3e6-88fb243a7a51
衢州市,0000000P0000002W000000070000000X,4.27,2017/4/25,330800,907b52f6-22ea-4841-85b5-4320a6ef6171
绍兴市,0000000J0000003Q000000070000000X,42,2018/7/5,330600,ef750e70-840d-47be-894e-fca05a0bbd0f
湖州市,0000000C0000002Q000000030000000X,57.67,2018/10/15,330500,87b372c9-764b-4f40-8989-c29c686e36d1
绍兴市,0000000K0000003U000000070000000X,40,2019/1/25,330600,652cbd63-34a8-4b4e-ae0d-6148e281d1bc
金华市,0000000D0000002R000000030000000X,41.67,2018/1/25,330700,95a41bd4-ea2c-432a-b082-822bda66dfa1
湖州市,0000002200000038000000070000000X,4.17,2018/7/25,330500,bcff9f5d-238b-416b-b5d3-e5d6e51a5769
宁波市,0000002U0000007X000000070000000X,4.63,2017/2/25,330200,a7a90dc9-8db2-473d-82dc-09d158fdd785
舟山市,0000001A00000031000000070000000X,4.5,2017/4/25,330900,0169bac2-6bcd-4c2c-902a-759a14644302
浙江省,0000001700000031000000070000000X,3.06,2017/4/15,330000,623c5c61-1ba7-42f3-86ed-b5387cb78bbb
浙江省,0000001400000031000000070000000X,4.65,2017/7/25,330000,eba505a9-6beb-4a02-88ff-7123f821ea8c
嘉兴市,0000000H0000003N000000070000000X,15.5,2017/1/25,330400,65b94d45-be0e-4cfd-b0d9-b0076f50b11c
金华市,0000001A00000031000000070000000X,6.67,2018/10/25,330700,b758099e-680c-4b77-8650-e6d43650c5e7
温州市,0000000C0000002Q000000030000000X,60,2017/4/5,330300,984cf9f4-a6a0-4c38-94e7-a044673eede0
绍兴市,0000000H0000003N000000070000000X,15.17,2018/11/25,330600,f88fb23d-94c4-4c27-a6a8-0631f8e0775f
衢州市,0000000D0000002R000000030000000X,36.33,2018/8/15,330800,3e3b0110-e4e4-42d3-ab20-0a8ef4add83d
丽水市,0000001E00000031000000070000000X,6,2018/2/15,331100,3c091606-fef2-4aca-bc64-0e1b6f3ce1ac
温州市,0000001500000031000000070000000X,5,2018/4/25,330300,dce7db85-88ae-453a-bd51-13825e22feb6
宁波市,0000001K00000031000000070000000X,4.17,2018/8/15,330200,95cf1484-a87f-4a54-bfd9-d59fe0d9b43f
宁波市,0000000D0000002R000000030000000X,44.6,2018/2/25,330200,01481dcd-149e-42ac-91fb-b24df8b750b0
台州市,0000000H0000003P000000070000000X,21.67,2018/5/5,331000,3638c3fb-64db-4904-bd31-ecfdff528162
金华市,0000000P0000002W000000070000000X,5,2017/11/15,330700,ff34feb9-bc2e-4975-8005-f5599cb916bd
湖州市,0000000D0000002R000000030000000X,37.67,2017/9/15,330500,853be8f9-3e01-4461-a93b-1fa5d8f4a0ff
温州市,0000000D0000002R000000030000000X,51.33,2019/2/15,330300,71a35110-b97c-4d6b-a85c-38e2a4204a29
台州市,0000000S0000002Z000000070000000X,10,2018/9/15,331000,bea52f3f-a8bd-4504-ab9e-8b31b1d5f2fa
湖州市,0000000P0000003E0000000700000010,3.8,2019/3/5,330500,5427eafb-e06b-4c1d-a4d7-9cf4c26f7f20
台州市,0000000G0000003F0000000700000010,11.4,2017/3/14,331000,c7a20df5-54b6-4fd7-b000-8acc29050d26
绍兴市,0000001200000031000000070000000X,3.33,2017/8/25,330600,1966b1ee-a226-49fd-8fd6-417083bb00b2
嘉兴市,0000000H0000002T000000070000000X,17.67,2017/2/25,330400,872dfc61-17c0-4f54-ab16-e2fd0bb448a2
浙江省,0000002U0000007X000000070000000X,4.25,2017/8/25,330000,60007880-0362-4d6b-a443-d145dc6b5db3
宁波市,0000003100000081000000130000000X,178.67,2017/11/15,330200,afc98ba1-8274-4023-8d31-e32431a24bb4
湖州市,0000000H0000003N000000070000000X,15.33,2016/12/25,330500,975edb24-9b27-471e-97a9-a228a77d2d2c
浙江省,0000000J0000003S000000070000000X,34.58,2017/9/5,330000,8a759376-b523-4c34-8b6b-d68bb62109ba
台州市,0000000C0000002Q000000030000000X,63.33,2018/4/15,331000,80a51ba1-58b4-40fb-8f36-a886bb87a6d0
宁波市,0000001400000031000000070000000X,7.33,2018/11/5,330200,91a4b54c-4636-4b37-98b4-bc7884d1ecc7
衢州市,0000000C0000002Q000000030000000X,69,2017/12/5,330800,a439c5ad-964e-4632-bd93-e3e82e8ef20a
丽水市,0000001400000031000000070000000X,11,2018/2/15,331100,ec904b19-7d5c-405c-96b4-0ffa229ebcba
舟山市,0000001K00000031000000070000000X,3.33,2017/12/25,330900,f1ba6e1e-b2f0-4ebd-8402-65de71f34fa0
绍兴市,0000000H0000002T000000070000000X,14,2017/11/5,330600,beabb526-4169-42b5-8749-8056970faccb
丽水市,0000000J0000003Q000000070000000X,37.33,2017/4/25,331100,4e6def3b-ebdf-4355-89a1-3a1f4b5b97fd
金华市,0000001200000031000000070000000X,3,2018/10/25,330700,d0646c86-2c66-4f3d-beb6-a03b1d6c5d44
台州市,0000000P0000002W000000070000000X,5.6,2018/9/15,331000,0f57e64c-d2b1-4f64-82e1-2f18dddbbab1
温州市,0000000H0000003P000000070000000X,27,2018/9/15,330300,ca948de9-f8e0-479b-b412-10e572bea114
金华市,0000000H0000003N000000070000000X,14,2018/11/25,330700,07a3b256-1126-43ad-a676-2775db3dd231
杭州市,0000001500000031000000070000000X,4.73,2017/3/25,330100,88f9ef91-03da-4231-85aa-373cdcfd4950
丽水市,0000000J0000003Q000000070000000X,37.33,2017/5/15,331100,145d8c26-4f65-491e-beee-3a3c214d1221
嘉兴市,0000000H0000003P000000070000000X,22.33,2018/1/5,330400,75b33288-6ba9-488d-a0e6-2700bd409ebe
宁波市,0000003100000081000000130000000X,138.33,2019/2/5,330200,74473c13-5831-48b4-aee3-01d1a4bb0859
浙江省,0000000H0000003P000000070000000X,22.39,2017/8/15,330000,b50cbb45-f6f6-4c0d-a6af-15fb87d9a5fe
宁波市,0000000M0000003V000000070000000X,15,2018/8/15,330200,af97c714-ee71-48d7-9906-a6b44e1c05d5
衢州市,0000000K0000003U000000070000000X,32.33,2018/7/15,330800,4b769847-3835-47c4-aa56-5e054a756d83
浙江省,0000000P0000003E0000000700000010,2.68,2017/5/30,330000,551de38e-ac34-41be-9cfc-7e3fa5ad82f1
绍兴市,0000002U0000007X000000070000000X,4.5,2017/6/15,330600,f966135a-3caa-48a2-8e6d-11c01b24f1c8
金华市,0000000H0000003P000000070000000X,20.33,2017/4/5,330700,d6326ff1-a687-478d-9d91-122c6e0f21c0
湖州市,0000000Z00000031000000070000000X,5.33,2018/7/5,330500,26862ad7-9b9a-4525-a257-aef57da93136
台州市,0000000X0000007T000000070000000X,24,2018/7/5,331000,33afe354-e880-4325-a4b8-924ee64d3fc8
台州市,0000000X0000007T000000070000000X,21.67,2018/11/15,331000,b9f8fffb-e1b3-40c7-a5fa-89cfd1e99a90
金华市,0000002U0000007X000000070000000X,4.23,2016/12/25,330700,ee2ef917-977e-4f5d-ad71-f3179793f0c0
台州市,0000000H0000003P000000070000000X,24.33,2017/10/15,331000,ba240af7-05a7-4eb8-9196-3438a649d95c
金华市,0000000S0000002Z000000070000000X,7.33,2019/3/15,330700,3f0dc296-38f6-492c-a10e-41bbe805d129
舟山市,0000002P0000007W000000070000000X,3.33,2017/11/25,330900,876e661e-d6c5-4b2c-bb75-ffd316b8d1ce
台州市,0000001400000031000000070000000X,4.67,2017/6/25,331000,c4748064-0cd2-405e-ac96-57062d23daa2
绍兴市,0000002P0000007W000000070000000X,2.33,2018/10/15,330600,ad54c818-b444-4184-9224-3aa7d754020e
浙江省,0000001A00000031000000070000000X,5.46,2018/12/5,330000,52b4a985-68b2-461c-b935-21714b96e10a
温州市,0000001200000031000000070000000X,5.67,2018/2/25,330300,e3ae0157-56ee-4885-a4a5-61902873a1c0
金华市,0000002P0000007W000000070000000X,3.7,2018/10/5,330700,70cab67d-b4df-4d36-b47f-95cbebc822dc
湖州市,0000000H0000002T000000070000000X,17,2016/12/15,330500,01fd1fde-f5ff-485b-bf89-7c5bed0aeb6a
嘉兴市,0000000Z00000031000000070000000X,3.17,2017/4/25,330400,c92033d5-94cf-4698-920b-9cf0be26eb6a
衢州市,0000000K0000003U000000070000000X,32.33,2018/8/15,330800,b004abb6-1c54-4bb3-a2a9-3aa311b96126
嘉兴市,0000000P0000003E0000000700000010,3.17,2017/5/9,330400,c98842f4-ca94-4f34-ac49-ab9dd043793f
宁波市,0000002P0000007W000000070000000X,3.1,2017/4/5,330200,fd0b557c-c5ce-42ee-933c-e45bbb04aef6
温州市,0000001700000031000000070000000X,3,2018/1/15,330300,7698e428-f8f3-46b4-8a61-f4290b76babf
绍兴市,0000000M0000003V000000070000000X,9.67,2017/11/15,330600,070e055d-bc51-43f8-9f62-ed6a296eb1df
湖州市,0000000P0000002W000000070000000X,6,2017/9/5,330500,277c1fca-7765-4460-ab9c-ed41e17a085e
温州市,0000001A00000031000000070000000X,4.33,2017/7/15,330300,e2906eed-9939-41bc-934c-e6d23fa86f42
嘉兴市,0000001200000031000000070000000X,3.83,2017/4/15,330400,f0b2aa8e-6321-469f-9b12-1ed2a70cb811
湖州市,0000001A00000031000000070000000X,6.67,2019/3/15,330500,385154e8-ab69-44a4-8d29-cd4d739fe95d
丽水市,0000000G0000003F0000000700000010,9,2017/7/11,331100,f1f86008-f42a-40ee-8b9b-db2d395b0814
金华市,0000001K00000031000000070000000X,2.5,2017/7/5,330700,807142e7-3b92-4d81-92fc-1a9261144a63
衢州市,0000000P0000002W000000070000000X,5,2016/12/15,330800,25451b5d-bcbc-4a68-8244-9dddd107bac1
宁波市,0000000P0000002W000000070000000X,5.77,2018/5/25,330200,cf4975ab-bd4d-4c7c-b63e-d728fba6df67
舟山市,0000000P0000002W000000070000000X,6,2018/10/15,330900,0c75a6f8-67a3-4556-b839-0f7279b1ed67
台州市,0000000H0000003P000000070000000X,25.33,2017/5/5,331000,6a08dd50-f5f4-444d-8ced-5293659a462f
宁波市,0000002U0000007X000000070000000X,4.8,2017/5/25,330200,d7fbdde2-b935-4cef-a1a9-686582ff34cc
湖州市,0000000J0000003Q000000070000000X,38.33,2017/1/5,330500,89ea9b70-e12d-42fd-89fc-f22aa2c311f9
台州市,0000001Z00000036000000070000000X,6.33,2017/4/15,331000,74ea1f88-1c0e-4657-8d13-84b93bdc0729
湖州市,0000000P0000002W000000070000000X,5.5,2019/3/5,330500,4ad583ed-ab76-479d-8528-1375f16833a9
杭州市,0000001K00000031000000070000000X,3.83,2018/12/25,330100,9c063374-3e99-4c13-9c45-5e0f5532d349
舟山市,0000000P0000002W000000070000000X,5.67,2018/3/5,330900,269d166b-ea7e-4f21-abf7-c2645dac1174
浙江省,0000001200000031000000070000000X,3.33,2018/5/25,330000,3c6d95ad-cefa-4f99-9910-964eb1dd56d9
衢州市,0000000D0000002R000000030000000X,41,2017/3/5,330800,8c0f5039-581c-4ab9-acac-3960a4af923d
湖州市,0000003100000081000000130000000X,77,2017/10/15,330500,fcc72b43-3b32-484c-b8d7-9c6376477ccb
衢州市,0000000S0000002Z000000070000000X,9,2018/9/15,330800,48932773-6215-4068-8fa0-17933e1c3aeb
浙江省,0000000P0000003E0000000700000010,3.79,2019/3/19,330000,0d38c153-f7e0-49fc-8526-8ebb7e723f67
绍兴市,0000000M0000003V000000070000000X,9.67,2017/2/5,330600,0d9a1917-7e9f-4d00-92d4-a070fb6533b4
舟山市,0000001A00000031000000070000000X,5,2017/3/5,330900,91522435-2156-4409-ac18-36bb595b0afd
浙江省,0000000P0000003E0000000700000010,3.94,2018/4/3,330000,7975ee2c-4c6f-4859-a655-dc0ba10af627
温州市,0000001A00000031000000070000000X,5,2018/7/25,330300,78e3263e-e6fb-494a-b88a-0ec9f7064b58
衢州市,0000002P0000007W000000070000000X,3.06,2017/10/5,330800,6579a585-7823-40ed-9d21-a8cd81814f92
衢州市,0000001500000031000000070000000X,5.17,2017/1/15,330800,a6cb0c6b-5acb-4bca-8044-23699fc24485
嘉兴市,0000001K00000031000000070000000X,3,2017/4/5,330400,d413a328-fe6f-44ae-8391-24f0e9dd5d68
台州市,0000000C0000002Q000000030000000X,63.33,2019/3/15,331000,dff3f321-27de-4f52-a44b-e362796eb1c2
金华市,0000001A00000031000000070000000X,6.33,2017/2/5,330700,501d6cac-670f-4d97-aa50-6c362c82de28
舟山市,0000000J0000003Q000000070000000X,42.33,2017/1/25,330900,114e1eb1-3c16-4dfc-8328-33f84903b2e7
嘉兴市,0000000J0000003Q000000070000000X,40.67,2017/10/25,330400,7768bfee-90c0-4446-9928-96ce46f3f175
湖州市,0000000H0000003P000000070000000X,17.67,2018/7/25,330500,40dd63d1-f88d-441c-bbaa-44a5e06002a0
杭州市,0000001200000031000000070000000X,4.83,2018/3/15,330100,8062a440-8404-4abc-b94c-21806e2b8ab5
嘉兴市,0000001A00000031000000070000000X,6.83,2019/2/25,330400,b19ebf37-3609-4630-a690-1005844de6ed
湖州市,0000000D0000002R000000030000000X,36.33,2018/11/25,330500,59635fca-0b3e-41be-a832-5a1e2dd13ff2
湖州市,0000001500000031000000070000000X,4,2017/7/25,330500,775a29aa-bf20-47a4-b2ff-afa3041337d8
浙江省,0000000C0000002Q000000030000000X,63.49,2018/5/25,330000,a497cea7-ec62-4380-973d-151501032398
丽水市,0000001200000031000000070000000X,3.83,2017/8/25,331100,b385881e-797b-4754-9765-72a7dede1cd4
衢州市,0000000P0000003E0000000700000010,5.25,2018/9/25,330800,d2c97d83-6ad5-4a96-a2e9-1b28118318f9
嘉兴市,0000001700000031000000070000000X,3.27,2018/6/25,330400,5f3f4dd7-baad-467b-a532-e028ffba4498
浙江省,0000002U0000007X000000070000000X,4.24,2018/4/5,330000,6ecee10d-8a78-4717-88e2-9062650da3d3
丽水市,0000002P0000007W000000070000000X,2.43,2017/3/5,331100,79b6d774-5ba7-4785-9071-20404c4db67a
湖州市,0000000P0000003E0000000700000010,4,2018/4/24,330500,70a9547b-f968-4d63-aafc-0dd19ca763bc
金华市,0000001700000031000000070000000X,2.57,2018/10/25,330700,1318bf9d-d25d-4f66-b718-32bc1fbb569a
台州市,0000000G0000003F0000000700000010,9.2,2018/2/13,331000,ec7f1093-53c0-4548-be6b-c7f4f1d19808
温州市,0000000H0000003N000000070000000X,15,2018/6/25,330300,b092eb93-5b25-4c62-861f-6c8a9af1a302
衢州市,0000000S0000002Z000000070000000X,8.17,2017/2/5,330800,b5aa1ecc-0bfc-4c8d-8eb0-d5ba96582f24
温州市,0000000Z00000031000000070000000X,5.17,2018/10/25,330300,fe6f3db4-2df6-4506-9663-c6693cfc4a72
丽水市,0000000D0000002R000000030000000X,54.6,2019/1/15,331100,1c430463-b6e3-46f9-be93-d71f0a09ee25
宁波市,0000000S0000002Z000000070000000X,10.4,2018/1/25,330200,9fbfd2f4-60b9-4970-ac2d-653e8d909295
温州市,0000001400000031000000070000000X,5.33,2017/6/25,330300,acffeb3a-3c30-4b70-960e-bfb8802dcd4f
金华市,0000000M0000003V000000070000000X,13.33,2019/2/25,330700,7e46e01e-74bd-4e98-b9d6-c3d96649a650
台州市,0000002U0000007X000000070000000X,4.5,2018/5/25,331000,378eaf37-ae07-4dc0-ad1a-2dadb19262d3
温州市,0000000J0000003S000000070000000X,43.67,2017/3/25,330300,fd72da80-d1c1-4464-8161-f5c10e468ae0
丽水市,0000001500000031000000070000000X,4.5,2017/9/15,331100,892bc706-c493-45dd-b916-379c59ea9185
衢州市,0000000X0000007T000000070000000X,23.67,2018/4/15,330800,00c2b849-2399-44ad-ad91-f443b3eca5b5
衢州市,0000003100000081000000130000000X,86.27,2018/12/15,330800,236f6d54-2520-42f1-9a2f-2552706c730b
温州市,0000000M0000003V000000070000000X,14.67,2017/5/15,330300,2a36a32a-0796-4e7c-9830-cc092544b732
丽水市,0000001A00000031000000070000000X,5.5,2018/9/25,331100,ea7be76d-b4bf-4fb5-b6c7-ff5c6f1723d7
金华市,0000001700000031000000070000000X,2.17,2016/12/25,330700,4877a4f8-fb88-4e1c-a1c9-3ac825d30ed6
丽水市,0000000D0000002R000000030000000X,54.6,2017/5/15,331100,e46b2f17-73f4-47bb-8767-d45c72c34c6c
宁波市,0000000S0000002Z000000070000000X,9.97,2019/2/15,330200,b4c7c87f-e65e-4531-9efc-8f1891b593bf
衢州市,0000001K00000031000000070000000X,2.67,2017/3/15,330800,010274b3-dc30-412a-81f0-26821f0b62a7
浙江省,0000000H0000002T000000070000000X,15.76,2017/9/5,330000,3a2fe57e-4fe1-4e82-a7cd-4735a09cb7c6
舟山市,0000001E00000031000000070000000X,5,2018/3/15,330900,95140a32-9d35-4d6a-a655-fa27b09deed5
温州市,0000000K0000003U000000070000000X,45,2018/3/5,330300,27f01eea-4035-42da-93d7-c4bce24ebd60
浙江省,0000000M0000003V000000070000000X,12.96,2019/3/5,330000,7823fb77-0675-41ad-8d42-e18a3dc32adf
宁波市,0000000H0000002T000000070000000X,14.83,2018/5/5,330200,8aacb953-16b2-4979-8eed-92a97ea8a212
湖州市,0000000H0000003N000000070000000X,15.33,2017/2/5,330500,2d0ff959-0a3b-42ec-bdb2-028441ef75e9
杭州市,0000000J0000003Q000000070000000X,42,2018/6/5,330100,7e89643c-ac40-4d4b-9d77-63b3e8699246
浙江省,0000000X0000007T000000070000000X,41.07,2019/2/5,330000,68fd2990-1f5b-47e7-afb9-b9cb8587d094
金华市,0000000C0000002Q000000030000000X,68.17,2017/12/25,330700,eca6fbf9-da46-4898-b636-abf041dacd88
衢州市,0000000K0000003U000000070000000X,35,2018/1/25,330800,cc6faad8-93ba-4e2a-8c72-075703c71c30
湖州市,0000000G0000003F0000000700000010,10.5,2018/10/9,330500,e21da397-3ecc-4065-9692-5e9932ee98fb
浙江省,0000000P0000003E0000000700000010,4.02,2018/5/8,330000,c6d9e3fc-c204-435f-bb7c-11c55de39f2a
宁波市,0000003100000081000000130000000X,175.33,2017/10/25,330200,5a327c72-ee74-44e6-af33-df3f0317a483
金华市,0000000H0000002T000000070000000X,15.67,2017/4/25,330700,1de646b1-1227-47c0-9895-10e572460aec
浙江省,0000000C0000002Q000000030000000X,63.79,2018/4/5,330000,b10ca664-21bf-4b08-9976-1f2684a8514b
丽水市,0000001A00000031000000070000000X,5.67,2018/4/5,331100,86ccc806-0a35-44fe-bb15-e6f968ab03aa
温州市,0000001E00000031000000070000000X,6,2018/10/25,330300,f45aeee7-c291-46b9-b399-ffc7461f8328
浙江省,0000001400000031000000070000000X,5.39,2018/11/5,330000,dc4342a2-5838-4d05-99bd-fb7ca75f6903
杭州市,0000000X0000007T000000070000000X,39.33,2016/12/25,330100,d2510ced-586c-436c-9bf5-78d39732e350
湖州市,0000000P0000002W000000070000000X,4.33,2017/5/25,330500,d5650704-1f47-433b-bd83-cc7c04b6948b
湖州市,0000000S0000002Z000000070000000X,7.67,2017/1/15,330500,ecd4eff8-7ace-4f1d-81d9-c22884466591
金华市,0000001K00000031000000070000000X,1.67,2017/4/25,330700,654df94a-7a00-48cf-9f07-0a343f61f210
绍兴市,0000001E00000031000000070000000X,3.83,2018/1/25,330600,1c2ca811-4a31-44fa-9414-168bdd859a7b
宁波市,0000001Z00000036000000070000000X,7.2,2018/5/15,330200,4b036c5b-a167-41fb-b7c7-8bc2e042caed
台州市,0000001700000031000000070000000X,2.33,2017/1/5,331000,20d627a0-7b86-4aa6-85e5-d54438cc3b1a
杭州市,0000001E00000031000000070000000X,4.83,2019/1/15,330100,e5faf78b-1f69-4163-90d0-d68abc1facad
嘉兴市,0000001A00000031000000070000000X,4.5,2017/5/5,330400,9748bfbf-dd58-4140-bf1f-f44ad4186324
浙江省,0000000H0000002T000000070000000X,15.61,2017/10/15,330000,18df148a-53e1-432c-87d3-24c7d3e5099d
杭州市,0000000P0000003E0000000700000010,3.4,2017/3/28,330100,fb782ae0-f34a-47ab-87aa-ac031d9c4c62
湖州市,0000001Z00000036000000070000000X,5.67,2018/3/15,330500,4dbf3d74-1657-4942-af21-12e6d41b9623
丽水市,0000002200000038000000070000000X,3,2017/4/25,331100,8c4509b0-f33e-46f3-b1f1-60df171653f9
温州市,0000000M0000003V000000070000000X,15.33,2018/12/25,330300,d7c78e3a-0168-4f75-8bfc-d85603868fbb
丽水市,0000000P0000003E0000000700000010,4.5,2018/2/20,331100,296430ce-31f9-42b0-bb86-9b16df47f4df
宁波市,0000001500000031000000070000000X,5.43,2018/2/25,330200,d30a1a32-d439-4275-b7a8-e1e732274e66
丽水市,0000001700000031000000070000000X,2.17,2016/12/25,331100,78bfe046-83da-4684-89c4-5babb76fe733
嘉兴市,0000000C0000002Q000000030000000X,66.33,2017/2/25,330400,7f040e27-aa1c-41ea-9cfa-33b477ba83d3
舟山市,0000000H0000003N000000070000000X,15.33,2017/6/25,330900,5c6d926d-1ea1-4503-804c-97f5dcf0a2f3
温州市,0000000S0000002Z000000070000000X,9,2018/9/25,330300,d9001266-5918-453d-85f9-66dac694e3c6
宁波市,0000002P0000007W000000070000000X,3.1,2017/6/15,330200,c03dced8-46ee-4d22-94b7-8c2cb4082ce6
宁波市,0000001400000031000000070000000X,6.8,2017/3/25,330200,5bb369da-df53-467d-acbf-0b83f39c068c
衢州市,0000000P0000002W000000070000000X,5.83,2017/9/15,330800,e95972d1-eaca-4dad-ad96-cbfba435415f
舟山市,0000000G0000003F0000000700000010,11.1,2017/4/25,330900,adc6fccb-f52c-40f4-8dbd-9eac1e22e18f
舟山市,0000000H0000003P000000070000000X,24.33,2018/10/25,330900,3b07d2a9-6589-4933-8a6d-c6b60f6da0b2
金华市,0000002P0000007W000000070000000X,3.9,2018/1/5,330700,87efa5c9-f90c-4917-b0ff-518a80f04bd5
台州市,0000001500000031000000070000000X,4,2018/3/25,331000,74147773-0a4e-4061-9baf-863761229db5
衢州市,0000000D0000002R000000030000000X,38.33,2017/10/5,330800,8936f62b-c554-44f1-bb2e-6244cf2dddee
绍兴市,0000000J0000003Q000000070000000X,41.67,2017/4/15,330600,8f3c5094-d896-4062-b4e5-c69094a3cedf
温州市,0000000J0000003Q000000070000000X,47.67,2018/9/5,330300,6e8087ab-2dbf-401a-b43f-07cfd0476918
舟山市,0000002200000038000000070000000X,4.17,2017/2/25,330900,25aeaa4e-0bcc-44a4-a48e-e87483e11eab
金华市,0000001200000031000000070000000X,7.67,2018/2/15,330700,ac7ad65a-38aa-4c85-8ade-23e3d6cf1b5a
绍兴市,0000000J0000003S000000070000000X,33.33,2017/4/15,330600,9ee731ac-7051-4a0a-9670-28251165c41a
丽水市,0000000D0000002R000000030000000X,54.6,2018/10/5,331100,c593b180-d981-40c7-b6e7-7692939c5abc
丽水市,0000001Z00000036000000070000000X,5.93,2018/11/15,331100,679ef917-06c2-4429-8d3f-e4cc43f605e2
湖州市,0000003100000081000000130000000X,77,2016/12/15,330500,09647fa0-3c4c-4c1d-a8c2-5024bcc509ed
湖州市,0000000H0000003P000000070000000X,17.67,2018/6/5,330500,dd30f02a-80f2-4ca5-b30a-496be87990ff
金华市,0000002U0000007X000000070000000X,4,2018/3/5,330700,2c884889-2149-4c86-80d6-eeaab864e54f
舟山市,0000000H0000003P000000070000000X,24,2017/8/15,330900,2a49416f-3aaf-40f8-8a12-afbce19ded77
金华市,0000001A00000031000000070000000X,5.83,2017/5/5,330700,6a81df7e-60ea-417d-8a78-646e058ff7ad
衢州市,0000000J0000003S000000070000000X,37.33,2017/1/15,330800,66e8448d-e288-4e33-9293-056fcc1681ed
台州市,0000000C0000002Q000000030000000X,63.33,2018/6/25,331000,3716bf36-90ed-4f0a-8bd9-fad6d6e4810e
衢州市,0000001500000031000000070000000X,5.33,2017/2/5,330800,18ffbc21-34c2-4458-b381-527f11102d7b
金华市,0000002200000038000000070000000X,2.93,2018/8/5,330700,ebf72954-0ff3-4324-acc7-261dc2774f71
丽水市,0000000D0000002R000000030000000X,54.6,2017/5/5,331100,ea420554-5c4c-4e2e-9e41-9a7c2321e2ea
杭州市,0000001500000031000000070000000X,4.77,2017/5/15,330100,a891663b-836b-4768-a5fd-f55d1bcf5d4c
衢州市,0000000J0000003Q000000070000000X,38,2017/6/25,330800,c27486a9-69e9-4188-a1fa-ebeb35cef8b3
金华市,0000001A00000031000000070000000X,5,2018/7/25,330700,3467cbe8-93f9-4d7e-b9ba-7b110b3be674
宁波市,0000001200000031000000070000000X,5.37,2017/2/15,330200,65e83ae8-6600-4e1e-9a03-a97a214e7502
嘉兴市,0000000P0000003E0000000700000010,4.33,2018/5/29,330400,e272114e-36b7-44e5-b0ea-71afd69a0957
杭州市,0000000J0000003S000000070000000X,35.67,2017/10/25,330100,72e186ce-ba1c-43e0-9356-67ce5e07aeea
金华市,0000001500000031000000070000000X,3.67,2017/4/25,330700,9ba900f6-eca3-46f4-a384-770f9745a8f8
台州市,0000001K00000031000000070000000X,2,2017/4/25,331000,b180449c-0c7b-4727-bf77-d20eabcb23c5
湖州市,0000000X0000007T000000070000000X,35,2018/2/25,330500,80d2196e-dcff-4735-95a1-09b73e457496
绍兴市,0000001Z00000036000000070000000X,4.33,2017/4/25,330600,9ca667b0-f610-4552-baa6-ae91ea94bb4a
金华市,0000001A00000031000000070000000X,6.17,2017/2/25,330700,90c5e1a7-17e3-48b7-8a65-c3cf5832aecf
金华市,0000000H0000003P000000070000000X,20.67,2017/4/25,330700,b87264c9-a918-402c-ab79-6a3b8ae142c8
丽水市,0000000P0000003E0000000700000010,2.7,2017/2/21,331100,bb9351e3-4db6-4724-afe8-6b2a6f869b6d
杭州市,0000002P0000007W000000070000000X,3,2018/10/15,330100,41140337-ce55-47f4-986c-348f84e010e7
湖州市,0000000S0000002Z000000070000000X,9.17,2019/1/5,330500,6a5a6b43-f00b-4f1a-9c57-bb28c67278f0
湖州市,0000000X0000007T000000070000000X,35,2018/6/5,330500,c7ace5e1-6a23-48ff-bacb-eb99e228ea32
舟山市,0000000Z00000031000000070000000X,4.33,2018/1/15,330900,c9e16774-4055-4884-b30c-509345f16dee
衢州市,0000001Z00000036000000070000000X,4.67,2017/4/25,330800,5e437c98-3771-43a5-b820-3027bb95a793
湖州市,0000000J0000003Q000000070000000X,38.33,2018/1/25,330500,42ed78ef-c786-4c0a-b1bf-e5c04f08d580
浙江省,0000001500000031000000070000000X,3.85,2018/7/15,330000,b1305a5c-9e2d-4d63-adbb-480ef21ea176
浙江省,0000000J0000003S000000070000000X,34.66,2017/11/15,330000,3b9c3aa8-35b4-440a-9baa-d7b6eddf91a2
宁波市,0000001500000031000000070000000X,6.63,2018/11/5,330200,e92bb246-9b8c-41e3-9040-d24814dcc4bd
宁波市,0000000J0000003S000000070000000X,32.5,2018/5/15,330200,dc87ac7a-f82a-45fa-8c48-0de054acef3a
舟山市,0000001E00000031000000070000000X,2.67,2017/1/25,330900,4caa8648-dde7-475c-8bc5-f590699861d0
衢州市,0000000Z00000031000000070000000X,3.83,2018/1/15,330800,203f7556-3d91-4895-aaf5-df47b42eafcb
嘉兴市,0000000S0000002Z000000070000000X,10.17,2017/9/5,330400,9da9734b-8ac5-4fe2-aa2e-ec7112bd2c13
杭州市,0000001400000031000000070000000X,6.6,2017/4/5,330100,8759277c-3e5a-4e24-89f9-514fc9178653
湖州市,0000000J0000003S000000070000000X,34,2017/9/25,330500,8aec2363-7fe9-4016-b266-1001021cfedf
舟山市,0000001E00000031000000070000000X,5.17,2017/10/15,330900,0546d47b-4bbd-4ba9-8b8e-d396ab97364d
衢州市,0000002200000038000000070000000X,3.33,2018/12/15,330800,ca58f8c9-ee5c-4a20-8158-7c2684ef5654
金华市,0000000S0000002Z000000070000000X,7.33,2017/3/25,330700,2a3bb440-710d-48fc-a798-a29e59f80e5b
温州市,0000000X0000007T000000070000000X,48.33,2017/4/15,330300,2e9cccce-95ab-4954-8983-fafc97075b46
宁波市,0000002U0000007X000000070000000X,4.63,2017/2/5,330200,62e10677-0154-4be5-9687-d363b8c8a2f7
舟山市,0000000H0000003N000000070000000X,15.33,2017/6/15,330900,41824e89-fbcb-4c38-9a91-2ea7771d2c6d
台州市,0000000J0000003S000000070000000X,35,2018/9/25,331000,855c8e22-c230-47ad-b401-bce64692e728
丽水市,0000000S0000002Z000000070000000X,9.67,2017/5/5,331100,330789c5-b008-4007-9607-bde990b36380
温州市,0000001400000031000000070000000X,6,2017/10/5,330300,bdccadf0-5b09-4be1-af88-a23ebbb48e49
湖州市,0000000H0000003P000000070000000X,18,2018/4/5,330500,2a4de20d-ded1-4389-9263-29162777fa83
金华市,0000000C0000002Q000000030000000X,68.87,2018/8/15,330700,39f0f38e-f6ed-48b2-9312-9f09be958bc8
嘉兴市,0000001Z00000036000000070000000X,5,2018/8/5,330400,7325d55a-3b9e-4f3c-8114-8545d4011e55
宁波市,0000001500000031000000070000000X,4.93,2017/3/25,330200,4e6ff862-d242-4ac4-999f-93deb557924a
绍兴市,0000002P0000007W000000070000000X,2.2,2017/4/25,330600,1143035e-2d2e-43ca-b3e1-ee4bedd60dbb
宁波市,0000001200000031000000070000000X,4.83,2017/1/15,330200,bddf0d59-763d-4d9a-9732-eec93386b47b
杭州市,0000000G0000003F0000000700000010,6.87,2018/5/15,330100,3e56dcd7-1e9b-4d24-aba5-eb4bf1029e06
绍兴市,0000000X0000007T000000070000000X,36.67,2018/7/5,330600,ceea43eb-04a0-4e0a-a3bd-76412489939a
舟山市,0000000J0000003Q000000070000000X,43,2019/3/15,330900,3440d31f-62a3-4553-9866-e92457510c23
湖州市,0000000J0000003Q000000070000000X,39,2018/2/25,330500,804dd78c-149b-4ae4-85bc-d7656ab8b46c
温州市,0000000D0000002R000000030000000X,46.67,2017/5/15,330300,97030a6e-77d8-49fc-8607-1247bc7c2283
湖州市,0000000H0000003P000000070000000X,18.67,2018/1/25,330500,0311ae0a-ae0d-4af5-bb5e-6a2addc19a6b
嘉兴市,0000000J0000003Q000000070000000X,40,2018/8/15,330400,519de44d-f0ac-4d45-b46e-2a015aabdce2
湖州市,0000002U0000007X000000070000000X,3.77,2019/3/15,330500,8f102dd3-1613-44b2-82fb-61cc245e87eb
绍兴市,0000001700000031000000070000000X,2.17,2018/9/5,330600,a331d156-1961-4b30-84f0-ac1e9f15d238
温州市,0000000J0000003S000000070000000X,45,2017/10/5,330300,529ee2c4-c850-4c64-b529-7df898a4f754
舟山市,0000000P0000002W000000070000000X,5.83,2018/10/25,330900,44cb3039-04a8-499b-bcdf-d98384fc14e5
舟山市,0000000G0000003F0000000700000010,9.6,2017/8/1,330900,bd4aa607-1638-48bf-bfa2-7d1ce5354fcf
宁波市,0000000J0000003S000000070000000X,32.53,2018/7/5,330200,f254c25c-22aa-4ff6-9f11-c5b8c25aedab
杭州市,0000000D0000002R000000030000000X,46.33,2018/1/5,330100,0fe012d1-17e8-4b90-b412-ef876d2b3bd2
温州市,0000000P0000002W000000070000000X,4.17,2017/7/15,330300,5cce8283-8d7b-4b78-a4c3-0841ed4aab34
舟山市,0000000J0000003Q000000070000000X,41.67,2018/4/15,330900,9d4c2e1d-70d5-4431-8bf8-2c2d701a0ca1
湖州市,0000000K0000003U000000070000000X,0,2018/5/15,330500,141b66c8-d1a0-4677-afeb-ad12f0a09552
丽水市,0000000C0000002Q000000030000000X,70.23,2017/10/5,331100,eb01693e-e104-48fc-828f-a749c3a0c45e
温州市,0000002200000038000000070000000X,3.17,2017/3/25,330300,dbd6e7de-2dff-4fc1-aa75-7ba7f72e5e27
舟山市,0000000S0000002Z000000070000000X,10.67,2019/3/15,330900,79d4878d-0ab0-492a-a582-0b40dbcc89d8
舟山市,0000000S0000002Z000000070000000X,11,2017/3/15,330900,1bdbbf07-5fbb-4a3d-9edd-31820c4229e9
宁波市,0000000J0000003S000000070000000X,30.5,2017/10/25,330200,130351be-af14-4f0c-8f6d-da193031c8e8
金华市,0000001200000031000000070000000X,6,2019/2/25,330700,d79bca3e-9e1d-4cde-a1b3-b524c8143c21
丽水市,0000000S0000002Z000000070000000X,9.33,2018/1/5,331100,71b39759-a926-4832-83ab-7edc1a4cf8d2
丽水市,0000000P0000003E0000000700000010,3.6,2018/4/3,331100,3d141e3e-a847-47db-b541-241ca3ddd4c7
宁波市,0000003100000081000000130000000X,180.33,2018/3/5,330200,79c2feab-3922-459e-807b-d470c4bb68f8
宁波市,0000002U0000007X000000070000000X,4.57,2018/10/5,330200,b9c669a0-ca7b-485f-9572-6152fb7eef82
浙江省,0000000H0000003P000000070000000X,23.58,2017/2/25,330000,eb8ce28e-43de-47d2-af3e-8bb6a88faf48
杭州市,0000001700000031000000070000000X,2.83,2019/1/15,330100,0afec69a-ca70-45de-90b2-359cb8af5709
绍兴市,0000001K00000031000000070000000X,3.17,2017/11/15,330600,55ca595f-ff1c-4480-aed1-6d53c7c98e84
舟山市,0000001500000031000000070000000X,4.5,2018/1/15,330900,08ec0580-5f73-4027-a19a-41285039ec77
嘉兴市,0000000X0000007T000000070000000X,32.67,2018/8/25,330400,e4cf84ad-93ec-4de4-bc1e-d45a5b95ffa4
杭州市,0000000C0000002Q000000030000000X,62,2017/5/25,330100,d7ebc5f8-0138-42ac-9d11-6393e4d7d871
丽水市,0000000X0000007T000000070000000X,51,2017/4/5,331100,f33a6d58-90ce-4b44-9bc8-12a2ef4b9ff3
温州市,0000001K00000031000000070000000X,3.33,2018/6/5,330300,106392c4-fd7e-4fd3-a35e-c16c037a1989
绍兴市,0000000C0000002Q000000030000000X,57.67,2018/10/25,330600,879cac8e-5569-49fe-9142-484bed7adea3
舟山市,0000000H0000003P000000070000000X,23.33,2018/6/5,330900,9a94ed1c-c2c8-47b5-a1ac-10b0b837ab12
浙江省,0000002U0000007X000000070000000X,4.32,2017/5/25,330000,57f0c1b8-49bd-4dc5-84d4-6561d7565f77
衢州市,0000000X0000007T000000070000000X,23.67,2018/2/15,330800,dab40fdc-d1e2-41f8-9c74-c2c87ee05510
嘉兴市,0000000J0000003Q000000070000000X,40.67,2017/8/15,330400,09b12837-b58f-491e-af54-b51567f000c7
绍兴市,0000001K00000031000000070000000X,2.83,2017/7/15,330600,403ea4a2-3eb7-4fbd-8d87-1187d8951f7f
杭州市,0000000P0000002W000000070000000X,5.53,2019/1/15,330100,2b1adc4b-6c3b-440a-8772-b18d2fe8bb44
台州市,0000002200000038000000070000000X,2.6,2017/7/25,331000,8584dacf-f8d2-4a78-b884-a47d214b07e7
湖州市,0000001200000031000000070000000X,3.17,2017/6/15,330500,4e9c480b-7da0-4b8e-9391-4f2a1f29c0cf
嘉兴市,0000002P0000007W000000070000000X,3.2,2018/5/5,330400,4bc6fccc-3852-4d38-8a4c-fad9aab87e65
金华市,0000000H0000003N000000070000000X,10.33,2018/4/25,330700,666d60d2-f413-407b-82ad-eec594548292
丽水市,0000002U0000007X000000070000000X,4.66,2017/8/5,331100,3cd18db0-31eb-4a81-81b6-ac316ae2d16e
衢州市,0000000M0000003V000000070000000X,11,2017/1/5,330800,07f2a89e-55fc-466b-b0f4-5b63c6665d2e
嘉兴市,0000001E00000031000000070000000X,6.33,2018/10/25,330400,b5ea7c12-6230-4464-a77f-c2a9231f2491
绍兴市,0000000P0000002W000000070000000X,4.67,2017/7/25,330600,d9578190-e4be-4b59-9ab0-9ab7512d8eff
浙江省,0000001500000031000000070000000X,4.31,2018/1/25,330000,3c282649-6c0e-4cbb-8d77-00e5ff0eb504
丽水市,0000000J0000003Q000000070000000X,37.33,2017/10/5,331100,fb443145-9401-490c-b8cc-712d3b905ab2
嘉兴市,0000000P0000003E0000000700000010,5.33,2018/10/9,330400,5fd84091-7191-4875-bfda-9710ae71882d
温州市,0000000M0000003V000000070000000X,14.67,2019/1/5,330300,b2324c80-924b-4c70-b1a3-8abdde86bef4
衢州市,0000001400000031000000070000000X,4.5,2017/7/25,330800,ffcb449c-c995-4590-91e7-52aba9f104a3
绍兴市,0000002200000038000000070000000X,2.5,2017/8/5,330600,209fce4f-d854-47d2-8c64-e8ad131fcaf7
丽水市,0000000H0000003P000000070000000X,19,2018/2/5,331100,2e39572e-fd9f-4cd8-b3f2-c79d62d08968
金华市,0000002U0000007X000000070000000X,4.1,2018/4/25,330700,a66e965d-5900-4bb8-8094-44792435d34f
宁波市,0000001200000031000000070000000X,5.2,2019/1/15,330200,d70a48ca-f63c-44f6-b6c4-5d827534d73d
舟山市,0000001E00000031000000070000000X,5,2018/3/5,330900,06b02418-3a22-4bb5-ad4c-bb89efdb05e7
湖州市,0000001K00000031000000070000000X,5.17,2017/10/15,330500,cf544062-9f1f-4d8d-8a34-07320eb3af3d
嘉兴市,0000000H0000002T000000070000000X,18,2017/1/5,330400,8c2b03d0-fd73-438a-b5d5-1d7a93080266
浙江省,0000002P0000007W000000070000000X,3.12,2018/7/5,330000,d3ca7437-8919-4776-b84b-e7e2c6d2642f
温州市,0000000Z00000031000000070000000X,4.17,2017/8/15,330300,1c3287ef-d0c1-4cee-b31e-8dd7208e1e7d
衢州市,0000000J0000003Q000000070000000X,38,2018/5/15,330800,c6e9264e-fac5-4f42-b281-c4ff4ee092e2
绍兴市,0000001400000031000000070000000X,5.17,2017/10/25,330600,711447cc-b146-416f-88d6-4b3760610198
衢州市,0000003100000081000000130000000X,94,2018/2/5,330800,5a2c456c-87c7-4a7a-b979-834b6cbf6bd1
台州市,0000000H0000003N000000070000000X,11.5,2018/3/25,331000,930f9412-66e4-45d6-a380-a0c4b517467c
浙江省,0000000J0000003S000000070000000X,37.68,2018/12/15,330000,37ba0c1d-fb4c-4bc1-abe0-37d4dedeaed8
温州市,0000000P0000003E0000000700000010,2.9,2017/3/28,330300,01653380-51bf-4c1a-b9e7-13da6691fdae
嘉兴市,0000000J0000003S000000070000000X,32.33,2017/4/5,330400,e72f1e03-5860-44ef-9b3b-5ca0081e0987
湖州市,0000000K0000003U000000070000000X,0,2017/12/5,330500,73caba06-6015-4bd7-99d7-ab3f9c47ca62
衢州市,0000002P0000007W000000070000000X,3.06,2017/9/5,330800,6c186fa0-16b4-4c67-81af-fef4b5ee41d0
宁波市,0000001K00000031000000070000000X,3,2018/4/5,330200,e0bc1f16-e770-44e9-b120-c104bcd1ebc8
台州市,0000001A00000031000000070000000X,4.33,2017/4/25,331000,63f31340-7ff5-4b4b-bebb-6114eb9801de
宁波市,0000000H0000002T000000070000000X,15.5,2018/1/5,330200,af0cb117-7fb3-4151-bb27-cf7d3e26e5fc
丽水市,0000001A00000031000000070000000X,4.33,2018/7/25,331100,063f1b29-9823-4c81-94ec-43d556719d67
金华市,0000001E00000031000000070000000X,2.67,2018/11/25,330700,13e99fdb-94d5-42c9-97fa-11f0c7b77e5f
嘉兴市,0000000H0000003P000000070000000X,24.33,2017/9/5,330400,5475342a-e044-41f5-995d-07b68f73f39d
台州市,0000000H0000003N000000070000000X,14.17,2017/3/15,331000,4052e086-0a7e-4811-90f6-8e1760e7cf2e
浙江省,0000000S0000002Z000000070000000X,9.35,2018/7/5,330000,02ca2f5a-899e-4ed7-9ead-21edcd78da1f
舟山市,0000000C0000002Q000000030000000X,51.6,2017/2/5,330900,824db3be-9a12-42c4-a91e-b6c55f96525b
杭州市,0000001700000031000000070000000X,2.83,2018/4/15,330100,c8ea1a36-6717-4602-b3e6-43aecdfe0f6a
绍兴市,0000000M0000003V000000070000000X,9.83,2017/3/25,330600,3c7fdaa3-83f2-405b-a1fb-89c39987a97b
嘉兴市,0000000J0000003S000000070000000X,32.33,2017/1/25,330400,c14e56da-e5a6-4886-a1aa-7e3b04425ddc
丽水市,0000000H0000003P000000070000000X,19,2017/5/5,331100,9430a741-300b-4ba1-9b18-c2938836c503
绍兴市,0000001500000031000000070000000X,4,2018/9/5,330600,58d5d95b-805b-4861-a261-74606247cc83
绍兴市,0000002U0000007X000000070000000X,4.67,2018/3/25,330600,936a90d8-463e-4bc9-b8de-c371d90471a7
宁波市,0000002200000038000000070000000X,4.03,2018/2/25,330200,33b39366-b395-4122-a9ea-c113eb64e19a
绍兴市,0000000H0000002T000000070000000X,14.17,2017/12/25,330600,48ae2ee2-ca80-4771-b93f-e6d7a3d62eeb
衢州市,0000000S0000002Z000000070000000X,9.33,2017/9/25,330800,c7ce5e45-4fb4-4cf4-938c-319278aa7894
湖州市,0000000J0000003Q000000070000000X,38.33,2017/8/25,330500,ca6a9b26-5e1d-402c-81a1-0f2e3fd2149b
金华市,0000000Z00000031000000070000000X,4.5,2018/8/5,330700,e3a056c1-6114-49d6-a258-75e5a6d4569c
舟山市,0000000P0000003E0000000700000010,5.5,2018/8/28,330900,9c4880aa-1c01-45a9-bdc5-cd196345b1a6
杭州市,0000000S0000002Z000000070000000X,8.53,2018/5/5,330100,1fbdd00f-436c-4566-b771-53a11cf36711
舟山市,0000000G0000003F0000000700000010,9.5,2017/6/20,330900,bf331802-e4ad-49ce-8cb6-24c15be9b006
台州市,0000000J0000003S000000070000000X,34.33,2018/7/5,331000,618610c3-ccbe-4747-88e4-c29dac0fe1ea
宁波市,0000001200000031000000070000000X,4.83,2018/9/5,330200,452fa818-0e9a-41c6-94f1-5799566aa27b
丽水市,0000000H0000003N000000070000000X,13.33,2017/7/15,331100,52c00853-47ef-4594-924e-97f625d443c1
杭州市,0000000P0000003E0000000700000010,3.8,2019/2/12,330100,c4ec0868-22dc-4ac8-a48b-3f6cdc5e944b
舟山市,0000001A00000031000000070000000X,4.67,2018/6/15,330900,1dc668a1-01d1-4b3a-aff9-7e28b9a6da89
宁波市,0000000S0000002Z000000070000000X,10.1,2018/7/5,330200,d55025ff-43e3-4c0a-b8dc-2ada20698487
绍兴市,0000000D0000002R000000030000000X,52,2017/4/5,330600,0baad390-1871-474d-b7bb-589259d0860c
湖州市,0000001500000031000000070000000X,5,2017/9/25,330500,1fed7acf-b76a-49d6-a9ec-5acf0a772fdf
台州市,0000002200000038000000070000000X,2.5,2017/9/15,331000,464605e2-3c26-46a2-89cf-b6c8037b49e7
金华市,0000001200000031000000070000000X,3.33,2017/4/5,330700,cb7f7922-ddb4-4c45-b978-c4370a2d99bf
台州市,0000001200000031000000070000000X,3.5,2018/8/15,331000,8ac898a1-fed1-4d84-abe8-cb5420c43084
衢州市,0000000J0000003Q000000070000000X,41,2019/3/15,330800,b1291a83-68cc-42c9-8218-31879c0cd0f1
湖州市,0000000C0000002Q000000030000000X,56.67,2017/3/5,330500,c6a93dc1-414c-4447-b4fd-1cd1dbd872a3
绍兴市,0000001E00000031000000070000000X,5.5,2018/8/15,330600,613f758d-1dee-41a6-a9c2-0e1f6be9dda9
杭州市,0000000K0000003U000000070000000X,33,2017/10/25,330100,753bf38f-40d0-4a08-ab21-c6ffbd7a472d
舟山市,0000000X0000007T000000070000000X,41,2017/11/15,330900,372fef8e-0f80-4a62-a634-14ae29a26285
绍兴市,0000000P0000002W000000070000000X,6,2018/2/15,330600,58da7aa8-fa48-4b53-b839-ba58260241a3
衢州市,0000000P0000002W000000070000000X,4.27,2017/5/5,330800,8e1f25f1-f2de-4fbd-a74d-956fa7434554
杭州市,0000000G0000003F0000000700000010,10.9,2017/2/28,330100,2a83d399-4c28-4f61-a2d5-5501d64cd0e1
金华市,0000000M0000003V000000070000000X,12.33,2018/4/15,330700,c96cde29-1335-4ffb-add5-6b21b23a91bb
杭州市,0000001700000031000000070000000X,2.87,2017/3/25,330100,d7f28c76-3651-4b56-a3a7-cd5e78e275a7
浙江省,0000000S0000002Z000000070000000X,9.1,2019/1/15,330000,6dade713-8866-4dfb-afe8-ac43c69d91e9
嘉兴市,0000001Z00000036000000070000000X,5.33,2018/4/25,330400,7de4ae7c-27af-4c8b-98d6-f624b3b30e8e
衢州市,0000001200000031000000070000000X,3.67,2017/4/15,330800,58f5b5f4-3e07-46c0-ae76-f37f5ac9a6db
衢州市,0000000J0000003S000000070000000X,36,2017/6/15,330800,92926e5d-9cf1-4c65-b8c7-41e84e4a600c
浙江省,0000000K0000003U000000070000000X,34.25,2017/3/5,330000,45c17403-d87d-4c3f-be8d-0fb0f5ab0436
丽水市,0000001A00000031000000070000000X,4.83,2017/4/25,331100,594d4021-8f84-4dad-8031-bd935f4c66e4
绍兴市,0000001400000031000000070000000X,5.67,2017/1/5,330600,5306a7ce-090f-491e-aca3-9ba2c068f5fc
浙江省,0000001700000031000000070000000X,2.84,2018/5/25,330000,3b08e255-bbe4-4538-af32-a3217026b3db
浙江省,0000001200000031000000070000000X,3.59,2017/4/25,330000,aaec15d9-c7af-404c-a7a2-f35771c68c6f
湖州市,0000000G0000003F0000000700000010,7.1,2018/5/22,330500,be715fbd-56e9-414a-955b-ba1985e89b07
绍兴市,0000001500000031000000070000000X,5.5,2019/3/5,330600,7486a31d-7477-4363-a3c9-771d5cca315e
嘉兴市,0000000P0000003E0000000700000010,5.33,2018/1/23,330400,7fcf7c8b-6052-4773-87ef-6f44458dd809
舟山市,0000001700000031000000070000000X,3.17,2018/5/5,330900,949ae313-a246-4cab-a768-46ed50ab6636
绍兴市,0000001Z00000036000000070000000X,4.5,2017/6/5,330600,1fc33e27-d647-4790-97dd-4a8e684c6d40
丽水市,0000001E00000031000000070000000X,3.33,2017/12/5,331100,e2b9da32-23f8-4a4c-97f6-fbef9ae56763
温州市,0000000M0000003V000000070000000X,15.33,2018/12/15,330300,b8dc24a2-c3b3-45bc-b7ec-611d68785ae1
杭州市,0000002200000038000000070000000X,3,2017/8/25,330100,29f52213-ca31-4a77-898f-92b46cd9e2d1
杭州市,0000001A00000031000000070000000X,6.33,2018/2/5,330100,b1c4d947-35be-4531-9392-9cd251a52bb8
杭州市,0000000J0000003Q000000070000000X,41.17,2017/4/5,330100,4dcc7b12-bde4-471b-b13f-ab7be5bb0c57
杭州市,0000001400000031000000070000000X,5.5,2017/9/25,330100,bfd7804f-5ee8-4142-9939-ba38d2f6c6ce
绍兴市,0000001K00000031000000070000000X,2.67,2017/4/15,330600,9b17b055-09e1-4403-b728-a8c4f7586940
浙江省,0000003100000081000000130000000X,91.21,2017/2/5,330000,df2b4320-bcd5-4d4b-8549-45a5b5f27381
温州市,0000000M0000003V000000070000000X,15.33,2018/8/15,330300,435e6f25-f91d-4bde-a9ba-6cdce4ad76a8
金华市,0000001K00000031000000070000000X,1.33,2017/5/5,330700,c6c95acb-f4f3-48cd-8a55-6729294d6820
丽水市,0000000G0000003F0000000700000010,7.8,2018/5/29,331100,7d967366-5c53-4798-b329-7386234f3029
温州市,0000000H0000003P000000070000000X,24.33,2017/6/15,330300,82c874df-3b2c-406c-a0b0-f55be69986d7
丽水市,0000000K0000003U000000070000000X,38.67,2018/10/15,331100,f579d60d-f6ff-4f57-8ad9-fd879330e34e
湖州市,0000000H0000003N000000070000000X,14.67,2018/10/25,330500,d97ae9ac-2131-4023-9c4f-b552e7c29dbc
宁波市,0000000K0000003U000000070000000X,36,2018/1/15,330200,6564a61d-9326-4a21-90d3-53f4958e6a4f
台州市,0000000H0000003N000000070000000X,13.83,2017/4/5,331000,e5486697-bbc2-42d8-aa47-9a8b695c0f06
嘉兴市,0000000X0000007T000000070000000X,31.67,2018/11/15,330400,271b00f2-f344-431c-a8ae-a095dc16d97c
台州市,0000000Z00000031000000070000000X,4.5,2018/7/15,331000,db1f71b3-2f46-4043-a3f7-f39190a8e9a6
宁波市,0000001K00000031000000070000000X,2.7,2017/4/15,330200,97c54b26-290d-470c-a59f-a6ffc9178c23
宁波市,0000000M0000003V000000070000000X,14.23,2018/9/25,330200,895bd9d4-5ca6-4dd6-85f1-e6db0e7e5020
衢州市,0000001400000031000000070000000X,4.17,2017/6/15,330800,8498fd9e-074f-43bb-87d5-1b3da46c49aa
丽水市,0000000H0000002T000000070000000X,15.67,2016/12/25,331100,a3140a1f-e865-4462-8b57-b42164455f3a
丽水市,0000000G0000003F0000000700000010,10.5,2019/1/29,331100,877f2bf6-9245-410c-a85d-4a4969909d2f
丽水市,0000000J0000003S000000070000000X,40.33,2019/1/25,331100,890db3dc-0aa0-4f51-bf7e-767c10423b9f
衢州市,0000000S0000002Z000000070000000X,8.83,2018/9/5,330800,19c986a5-1e7f-4c79-a504-adb8251bd0f5
金华市,0000000H0000002T000000070000000X,16,2017/1/15,330700,6e911ed8-06cf-4a87-99f1-66fc3d445e81
嘉兴市,0000001500000031000000070000000X,3.83,2017/7/25,330400,ff5bf023-6c56-4c49-9b8b-497a17621819
舟山市,0000000J0000003Q000000070000000X,41.33,2018/8/15,330900,40a95c4f-7be4-407c-ad00-37c9ec4783a2
金华市,0000000C0000002Q000000030000000X,68.87,2019/3/5,330700,992f8499-f956-48ff-9562-2ec00c324669
浙江省,0000003100000081000000130000000X,91.68,2017/5/25,330000,85f645cd-2013-4edd-81bc-359339b6cf79
杭州市,0000002U0000007X000000070000000X,4.27,2017/10/25,330100,39ff9b84-adc8-4dac-ad1f-2dd691ca169e
丽水市,0000000J0000003S000000070000000X,36,2018/9/25,331100,7736ae0a-d145-49f5-a2f5-afdb407c2a60
台州市,0000000P0000002W000000070000000X,4.67,2017/1/5,331000,4658fe68-b84e-4e6f-b60a-9c21c7420ebf
温州市,0000000G0000003F0000000700000010,9.5,2017/5/9,330300,ce07763a-800b-43f0-9b2e-cef226fbbdfe
杭州市,0000000P0000003E0000000700000010,4.1,2018/5/29,330100,0af47ac3-820c-4910-860c-c5580f7b23aa
台州市,0000002P0000007W000000070000000X,3.28,2017/8/5,331000,70a1b8a0-734a-41b0-a127-ac89e7154316
绍兴市,0000001500000031000000070000000X,3.83,2017/11/15,330600,f8040dff-670e-4018-a06e-60c0ba8a6d96
杭州市,0000000X0000007T000000070000000X,39.33,2018/7/25,330100,3ca5b57f-915b-4328-b2ef-cb0fe18c2b7a
衢州市,0000002P0000007W000000070000000X,3.06,2018/11/25,330800,00db3647-fe46-498d-a469-184a1b49fbee
杭州市,0000000G0000003F0000000700000010,9.96,2017/8/22,330100,4bc7ba13-2924-4879-aff4-daa67adda52a
舟山市,0000000H0000003N000000070000000X,15.17,2018/12/25,330900,38b03f30-81f7-4ace-89e5-937fea0d148c
绍兴市,0000001A00000031000000070000000X,3.83,2017/3/15,330600,45598440-b6a9-4660-a75d-f04f19ad4a99
杭州市,0000002200000038000000070000000X,3.7,2019/2/25,330100,4397a6a6-994b-452c-b246-559a1dd687e0
绍兴市,0000000S0000002Z000000070000000X,8.17,2018/3/15,330600,fc88d8e5-ed73-4da2-991d-e510d6eb53ba
台州市,0000000J0000003Q000000070000000X,38.33,2018/3/25,331000,b2df47a2-c7a9-4740-8089-190cb190914d
衢州市,0000000Z00000031000000070000000X,3.67,2017/9/5,330800,c28e98ce-6dbd-465c-99e4-87b317293759
舟山市,0000000P0000003E0000000700000010,4.5,2018/5/1,330900,e37b978d-304f-4ea3-b39e-7c323338193f
湖州市,0000000H0000003P000000070000000X,19.33,2018/12/5,330500,28d67809-60be-402e-9855-1bc5167a274f
舟山市,0000000H0000003N000000070000000X,16,2017/3/15,330900,9f757bb9-de64-4973-b15b-5bb00622da14
衢州市,0000000H0000003N000000070000000X,12.67,2018/8/5,330800,7566d99d-f261-4f9b-a1a6-b895ee54a77f
台州市,0000001500000031000000070000000X,4,2017/5/15,331000,3855adfe-728e-407f-98db-feb7aeea9774
杭州市,0000001A00000031000000070000000X,5.1,2017/4/25,330100,882f9d74-0589-44e4-bb04-a8421b385009
金华市,0000000S0000002Z000000070000000X,7.67,2018/12/15,330700,b635f45c-07dd-423a-a5f1-f3785db320ba
杭州市,0000000P0000003E0000000700000010,4.9,2018/1/9,330100,a13e06ff-6986-4ac2-9008-eeff30adae96
绍兴市,0000000M0000003V000000070000000X,10,2018/9/25,330600,2832b5df-9d9d-4fe4-9e9f-edb7b72d898d
浙江省,0000002P0000007W000000070000000X,3.12,2018/10/5,330000,f9e85b9b-823c-4241-abca-2db485ec7c1f
台州市,0000000H0000003P000000070000000X,24,2017/12/5,331000,49daceec-767e-4fa8-a8f1-1075014e313e
温州市,0000003100000081000000130000000X,63,2017/1/5,330300,70f98c6a-4226-4344-af09-1bf56e20c2b1
衢州市,0000001Z00000036000000070000000X,5.67,2017/6/15,330800,b50e23ed-09c7-4b1c-ab77-177f1517a7a8
浙江省,0000000J0000003Q000000070000000X,40.88,2018/7/5,330000,e874ff3e-eb4c-4620-9919-d3975c055aa8
绍兴市,0000000H0000002T000000070000000X,14,2017/8/5,330600,6e10e99f-22e2-4d5e-ab2e-5501ad16be5b
湖州市,0000000P0000002W000000070000000X,4.67,2017/4/5,330500,d672f6fb-efcf-4acf-b047-85c5a85201df
嘉兴市,0000001700000031000000070000000X,3.17,2017/6/5,330400,415d8bc5-e202-47b3-91d9-5cdbdb79ba40
舟山市,0000002200000038000000070000000X,3.67,2017/11/15,330900,e0c4ffbb-4376-4f09-84f5-75643684386c
绍兴市,0000001400000031000000070000000X,4.83,2018/8/25,330600,325bbf9f-df99-46fa-8cf7-d69a7a2db49a
浙江省,0000001500000031000000070000000X,4.48,2017/9/25,330000,9b4efefd-704f-4ea3-a53d-f122c473cc1e
湖州市,0000002P0000007W000000070000000X,3.89,2018/10/15,330500,a24f39f9-9073-425a-9ede-da1f093d6ebe
舟山市,0000000G0000003F0000000700000010,10.5,2018/12/11,330900,359d36e1-ae09-471a-9429-927cf32b255b
浙江省,0000001400000031000000070000000X,5.5,2018/1/5,330000,602faacb-818e-47dd-9a2e-4821dbf38c09
丽水市,0000000H0000003P000000070000000X,24,2018/10/5,331100,54bcd8ee-60d6-4284-a6a9-d621397ee93e
绍兴市,0000000S0000002Z000000070000000X,9.17,2017/9/15,330600,d6e469af-1556-4984-8810-1ab480e0a87d
衢州市,0000002P0000007W000000070000000X,3.06,2017/12/5,330800,0d2638bb-ca65-49b6-8642-8848eec4de06
浙江省,0000000M0000003V000000070000000X,12.6,2018/3/15,330000,50a2d4cd-fd3b-4b77-84b4-dbd947c1d9fe
台州市,0000001K00000031000000070000000X,3.5,2017/8/5,331000,18d96283-3446-4b86-8332-60235241e9bc
嘉兴市,0000000P0000003E0000000700000010,4.77,2019/3/5,330400,7642d023-94da-43b1-9763-6a0eb2e149e9
嘉兴市,0000000G0000003F0000000700000010,11.3,2017/12/26,330400,3fdb8768-822f-464d-b6d2-437832354420
台州市,0000001700000031000000070000000X,2.5,2017/5/5,331000,522f3560-1a3a-477b-878c-754fde00400c
衢州市,0000000D0000002R000000030000000X,38.33,2017/8/15,330800,002b20d2-91d7-449f-afad-1c4eabb4910c
绍兴市,0000002P0000007W000000070000000X,2.33,2018/12/25,330600,b07399b7-b20e-4c34-a58d-1f54268ee176
衢州市,0000000D0000002R000000030000000X,38.33,2017/10/25,330800,a6c8187b-7a35-493c-8ffb-a2ee97daec9b
嘉兴市,0000001K00000031000000070000000X,4,2017/10/25,330400,e8fbc449-3340-40c5-9c22-4dd6c4eb41b7
台州市,0000002P0000007W000000070000000X,3.45,2018/1/25,331000,6f96cf38-35db-44ff-959e-0e9b497f7313
衢州市,0000001200000031000000070000000X,6.83,2018/2/15,330800,c0ea0cee-8030-46d0-b386-917cdcce1b0a
衢州市,0000000X0000007T000000070000000X,26.67,2017/3/15,330800,45f0d2dd-05ee-4319-9a95-30c61986b051
浙江省,0000000M0000003V000000070000000X,12.14,2017/7/15,330000,0d848f27-2761-4493-9abb-a522120b5136
丽水市,0000000K0000003U000000070000000X,33.67,2017/9/25,331100,a83e8712-1723-4249-ab8b-e5b99f8a9628
舟山市,0000001Z00000036000000070000000X,8.17,2019/1/15,330900,702a0c06-e80a-462e-906a-9442ae4a9651
舟山市,0000000X0000007T000000070000000X,50.33,2017/4/15,330900,763c4af2-a9f5-4929-99dc-859174f61d1e
金华市,0000000P0000002W000000070000000X,4.1,2017/4/15,330700,426759c1-1aa9-4f9c-b2d7-e45a49b26c3b
宁波市,0000000M0000003V000000070000000X,13.8,2018/6/5,330200,aca7e544-2443-4341-88ea-f8d7646d5f1f
宁波市,0000000J0000003S000000070000000X,30.5,2017/1/25,330200,a914c8f3-b175-4d4d-9160-881ff371a9ca
舟山市,0000000M0000003V000000070000000X,13.33,2017/8/15,330900,6d783efe-0b16-4c3b-93ab-dc88f38dc394
温州市,0000001400000031000000070000000X,6,2017/12/15,330300,12a48958-9a4e-4eb0-9194-97bc741391d9
衢州市,0000000M0000003V000000070000000X,11.67,2017/11/15,330800,748d4f6c-7ffd-4a83-86ad-4616721f7888
浙江省,0000001E00000031000000070000000X,3.75,2019/1/15,330000,ffc1111e-6f94-49b6-8efd-0fd3f49b7a4f
台州市,0000001K00000031000000070000000X,2.5,2018/12/15,331000,244ae848-da7d-46da-a7e1-97509c954825
宁波市,0000000H0000003P000000070000000X,25.33,2017/8/5,330200,cf004eb6-5468-41b0-a031-6c096193740e
金华市,0000000H0000003P000000070000000X,20,2016/12/15,330700,eebcc93a-1824-423e-99d0-5bc5c01164d1
衢州市,0000000Z00000031000000070000000X,3,2017/5/25,330800,25adafeb-3787-4097-8940-c8e28dcfc57a
衢州市,0000002P0000007W000000070000000X,3.07,2017/4/15,330800,6742da5a-fe8e-471c-8201-7ab33f5f3b91
丽水市,0000001200000031000000070000000X,2.83,2016/12/25,331100,32a881bb-f807-4e2c-b397-2206ee32cc3f
金华市,0000000H0000003N000000070000000X,14,2019/3/5,330700,8ed1048b-9b92-42e1-beef-e424f99c3631
宁波市,0000002U0000007X000000070000000X,4.7,2017/11/5,330200,36e6dae9-ca92-4748-b2e0-6913ba843ead
浙江省,0000002200000038000000070000000X,3.75,2019/3/15,330000,3e27a661-159e-47b4-8637-22d4440bc686
温州市,0000002P0000007W000000070000000X,2.5,2018/10/15,330300,5ea0141e-95f0-493a-960b-11e7867b17c8
湖州市,0000000G0000003F0000000700000010,8.4,2019/3/5,330500,5f7303df-ee5b-418e-821c-86d009a36c5e
绍兴市,0000000Z00000031000000070000000X,2.83,2018/4/15,330600,6842f126-f5ed-4854-a212-37c3f6d6d3e6
台州市,0000001500000031000000070000000X,4.33,2017/10/25,331000,000e8794-fe54-44f5-ae68-e6bc1065a217
杭州市,0000001400000031000000070000000X,5.5,2018/7/15,330100,bf1dd916-79d8-446d-a4aa-87f56cc6b630
温州市,0000000D0000002R000000030000000X,47,2017/3/5,330300,12fc86c8-0768-44a0-a86d-4905558bfa2f
湖州市,0000000D0000002R000000030000000X,39,2016/12/15,330500,05b19380-9adb-4627-a87a-9a5e4c747095
嘉兴市,0000000S0000002Z000000070000000X,7.83,2016/12/25,330400,9a1fa7df-c37d-40fd-a23f-47bd41e28abf
宁波市,0000000X0000007T000000070000000X,40.67,2017/6/5,330200,623ff9c2-4b56-4700-ab77-f5a6d35fa759
湖州市,0000000S0000002Z000000070000000X,9.67,2018/7/25,330500,0577480e-ca52-45bd-bea2-c5ce2ef9d39a
宁波市,0000000D0000002R000000030000000X,46.43,2017/4/25,330200,3f542ebb-694d-45c7-aae7-90ed2526b4ba
绍兴市,0000001700000031000000070000000X,2.67,2017/6/5,330600,51733389-c266-4d28-81c8-3a703a2405a9
嘉兴市,0000001500000031000000070000000X,4.67,2018/5/5,330400,6c0061d1-e8d1-4db1-81e2-4ee8b5628828
绍兴市,0000000J0000003S000000070000000X,34.33,2018/4/15,330600,e157cac9-4001-4a03-b955-42ac12c8cf3b
绍兴市,0000000P0000003E0000000700000010,4.1,2018/12/25,330600,206edddf-29f9-4a70-8455-12f49bd8dc28
绍兴市,0000000D0000002R000000030000000X,50.67,2016/12/15,330600,bee736f2-4d01-40c7-ab4e-ca1102edf120
绍兴市,0000000G0000003F0000000700000010,11.47,2017/2/28,330600,958beb62-2ae8-4768-b49e-cbdc46e961fc
丽水市,0000000G0000003F0000000700000010,9.5,2017/4/25,331100,e528d252-6246-4b2c-a86c-70a974da8318
杭州市,0000002U0000007X000000070000000X,4.53,2018/6/5,330100,9b1a41ba-2149-4e66-bf01-94353aacb8e0
台州市,0000000H0000003P000000070000000X,23.33,2018/1/5,331000,8f8bfcc0-743f-4787-ac06-3a6ba4ca5c55
浙江省,0000000P0000002W000000070000000X,5.64,2018/12/15,330000,fea7aab6-68ec-4544-b803-358d644d7e59
舟山市,0000000J0000003S000000070000000X,33.67,2017/9/15,330900,5183482c-be8e-4cef-a5ac-622920060e34
湖州市,0000001700000031000000070000000X,3.17,2017/8/25,330500,7c542c61-0bcb-45e5-a0b5-a004d626a4f4
台州市,0000000Z00000031000000070000000X,2.33,2017/4/5,331000,edb058dd-1225-4a67-bdff-b5314a909cf5
杭州市,0000001E00000031000000070000000X,5,2017/8/25,330100,db68e9c9-9faa-4f31-8e4b-14d9ab192395
温州市,0000000P0000003E0000000700000010,4.15,2018/12/4,330300,b256f020-8644-4406-8ebc-6b6924dddc2f
衢州市,0000001500000031000000070000000X,5,2018/12/25,330800,e639cb9c-d371-4bbb-9d3f-2fa349bcc920
浙江省,0000000D0000002R000000030000000X,43.38,2018/10/15,330000,59c6384a-d4a9-4e60-b355-084d1b11c80f
温州市,0000000Z00000031000000070000000X,3.83,2018/4/25,330300,ca6d49a2-c22b-4428-af41-272072ab14b3
舟山市,0000000P0000002W000000070000000X,5.67,2019/3/15,330900,805ad8a9-e850-407d-9f50-ef8dd6c99dfa
浙江省,0000000Z00000031000000070000000X,4.62,2017/7/15,330000,d2ff6717-55ad-4d8e-9f21-6557c2c9e2f7
台州市,0000000H0000003N000000070000000X,12.33,2017/10/15,331000,9b68093f-2590-461f-950f-4b4cb3a0b68c
衢州市,0000000D0000002R000000030000000X,37.67,2018/11/5,330800,2624c5fa-99c1-4590-a22a-fc030cc1c228
浙江省,0000001A00000031000000070000000X,6.05,2019/2/25,330000,8432a8b0-9b43-4045-bda2-ba9e38383c2d
台州市,0000000Z00000031000000070000000X,6.17,2018/10/5,331000,80e1614b-2852-4b85-ac3a-a2100da5fcce
杭州市,0000000J0000003S000000070000000X,35.67,2018/5/25,330100,aacc4e43-febd-44a7-95e3-c891e2a7ea71
台州市,0000000C0000002Q000000030000000X,63.33,2018/1/25,331000,b2cba962-cdab-41a4-b9c4-8bb0066a8b63
湖州市,0000001E00000031000000070000000X,5.5,2018/8/5,330500,6b511ae0-94dd-46ab-85b7-e34b2222e177
湖州市,0000001E00000031000000070000000X,5.67,2017/9/5,330500,c24077f6-285a-4588-8747-e8da0d21f67b
衢州市,0000001K00000031000000070000000X,2.83,2018/11/25,330800,fe71a6c3-e9c7-4ab8-aac6-d438b37b4c4a
温州市,0000000K0000003U000000070000000X,48,2017/5/5,330300,1f7ae22e-f739-4f7a-b663-f53afe3d6236
嘉兴市,0000001400000031000000070000000X,5.17,2017/5/15,330400,280e8639-df87-483f-9ee4-aff82ae7dc0f
浙江省,0000000S0000002Z000000070000000X,8.58,2017/3/15,330000,04625520-1df2-45f5-b4ce-05694ba8766c
宁波市,0000001Z00000036000000070000000X,6.6,2017/4/15,330200,0b2cc6e8-95fa-4044-ac23-51923041037f
丽水市,0000000C0000002Q000000030000000X,70.23,2017/8/5,331100,1f1d43b3-9fa3-4659-a577-f68773473dfa
丽水市,0000000M0000003V000000070000000X,10,2017/3/25,331100,3031ee79-61f0-4b48-bfdf-3ab9b1f56f9d
台州市,0000001E00000031000000070000000X,3.33,2018/3/5,331000,ee2b9d0d-9748-4e7a-be4f-4167235b5b33
丽水市,0000000S0000002Z000000070000000X,9.67,2018/8/25,331100,08de81ce-c3f0-423f-b07a-fc58239ee5da
浙江省,0000001500000031000000070000000X,5,2017/3/5,330000,dc60c482-33a4-4255-9caa-013477959cb5
杭州市,0000000S0000002Z000000070000000X,8.67,2017/8/25,330100,2cfe0794-37a9-4a64-b73c-d2a224343d5f
温州市,0000001200000031000000070000000X,5.17,2019/1/5,330300,d5c5be68-3dc8-4f2f-bde1-7e5da8c64be0
杭州市,0000000J0000003Q000000070000000X,41.83,2017/1/15,330100,c9db25a5-592e-4c68-9d4c-d2dd50a18d3b
浙江省,0000000M0000003V000000070000000X,12.27,2018/5/25,330000,94394c90-4999-4534-9ac4-1f68c46e9137
湖州市,0000002P0000007W000000070000000X,3.89,2018/6/15,330500,addc3e21-0083-49c7-bb8f-83d5613e96aa
杭州市,0000001E00000031000000070000000X,5,2017/10/25,330100,124e4ed3-b197-4511-a72d-5e8ab6c3c07b
金华市,0000001500000031000000070000000X,4.5,2018/11/25,330700,a2fccf3a-80a4-46d0-9402-12de89f8baf6
湖州市,0000000Z00000031000000070000000X,6.17,2018/10/15,330500,964bd2a5-3e0a-43a7-919e-0e432cb93fb2
丽水市,0000000X0000007T000000070000000X,43.33,2018/7/15,331100,46dd3f4e-2279-4207-80af-88969264a5b7
衢州市,0000002200000038000000070000000X,2.17,2017/1/25,330800,4d72f9d7-7ccc-4fe5-9e00-b1bd2dd300af
台州市,0000000D0000002R000000030000000X,39,2018/1/5,331000,cd53e8f6-716f-4823-a150-3f70e3ac3984
台州市,0000001E00000031000000070000000X,4.17,2017/11/5,331000,918e8511-1a77-4c96-a412-0c78966c9f6e
浙江省,0000003100000081000000130000000X,91.21,2017/3/5,330000,6f93bbc0-96c9-4c51-a27b-41e2388dfa52
湖州市,0000001K00000031000000070000000X,3.5,2017/4/5,330500,a7c96416-1221-4ca5-b76a-5a1dae8ad579
丽水市,0000000K0000003U000000070000000X,33.67,2017/10/15,331100,32a6b485-2211-45e3-a4db-a2ca0cfa3901
丽水市,0000001E00000031000000070000000X,2.83,2017/4/25,331100,1c3151b5-7f72-4181-bee8-5b2733802e33
绍兴市,0000001K00000031000000070000000X,3.17,2019/2/25,330600,5dfa2ac2-a6c1-4b59-ba92-32801cf6ac00
丽水市,0000000C0000002Q000000030000000X,70.23,2018/2/5,331100,83f2f493-3727-429d-8ce8-9fa496ea37c7
绍兴市,0000000M0000003V000000070000000X,10.33,2019/2/25,330600,a425dd9c-45a3-4a2c-b259-5e0a29fcb1d6
湖州市,0000000J0000003Q000000070000000X,38.33,2017/2/15,330500,6e1674b0-ee53-4744-80f9-a7245dbff68a
绍兴市,0000000H0000003P000000070000000X,26,2019/2/5,330600,03b43f46-f462-4f50-868b-be25627a3056
杭州市,0000000S0000002Z000000070000000X,8.5,2017/5/5,330100,34042938-c51f-42cb-80bc-55e680bd6c1b
湖州市,0000000J0000003Q000000070000000X,39.67,2018/4/25,330500,1c9e2acd-9e8f-4344-a0b5-1be786763a6b
衢州市,0000001400000031000000070000000X,5.17,2018/6/5,330800,1f5f27a3-571d-41d9-a902-ac9e6ca2137f
浙江省,0000000J0000003Q000000070000000X,39.89,2017/5/25,330000,f0e37b37-dbab-498a-9a79-07ad5b705e25
衢州市,0000000P0000002W000000070000000X,6,2018/10/15,330800,6a5e916c-8dd3-4018-a586-61239de8f8dd
嘉兴市,0000000D0000002R000000030000000X,37.67,2017/9/5,330400,67ae9a4f-eae4-4e33-aa6c-2eaabdb3f63c
绍兴市,0000001E00000031000000070000000X,4.83,2018/7/15,330600,146b3c26-bf73-4223-ae7f-7148c8639929
湖州市,0000002P0000007W000000070000000X,3.89,2017/5/5,330500,ac717b67-4cfa-423b-90c1-cedff0a40bf9
温州市,0000001K00000031000000070000000X,4.33,2018/10/15,330300,36126e0a-bb22-4a3f-afc4-44dd49d7bb14
丽水市,0000001Z00000036000000070000000X,4.66,2017/4/25,331100,09c1b40a-93d9-4496-8de9-f42a460eea38
温州市,0000000G0000003F0000000700000010,11.5,2017/1/24,330300,4e8eecd5-cb94-4a3d-bdd7-e163bb803c6f
丽水市,0000001700000031000000070000000X,2.67,2018/5/5,331100,30685016-f8d6-4180-a1cb-15e0b214de58
台州市,0000000G0000003F0000000700000010,10.5,2018/11/13,331000,f7205c5e-c5bb-40b5-9f40-6d338a3e072b
宁波市,0000000H0000003N000000070000000X,14.33,2018/12/5,330200,a8cfef1e-7081-45d4-9344-4ea6a0907269
湖州市,0000000G0000003F0000000700000010,8.4,2018/7/17,330500,2c04bc13-0a76-4ab9-bd6d-2fe832a6422e
嘉兴市,0000001200000031000000070000000X,4.5,2018/4/25,330400,55d5ffb8-a2a6-49c6-8b01-9ccbd85202c1
金华市,0000000M0000003V000000070000000X,12.67,2018/9/5,330700,a7b81b3e-c057-4079-a122-4020d04d38b4
绍兴市,0000000H0000002T000000070000000X,12.67,2018/5/25,330600,ba2197d0-8220-4145-977f-c6ae933989fd
金华市,0000000Z00000031000000070000000X,4,2018/1/5,330700,28c2011e-0e42-4dc5-968a-bcb6a28ee694
宁波市,0000000H0000002T000000070000000X,14.83,2018/4/25,330200,9acd3570-8fe0-4627-87db-92252aa31ebf
台州市,0000001Z00000036000000070000000X,6.33,2017/5/5,331000,12acdc2b-2019-4d9f-88ff-48d38c9d3ad5
嘉兴市,0000002P0000007W000000070000000X,3.3,2019/1/25,330400,27e75e68-3b2a-4c4a-9908-fc4d29ebace4
宁波市,0000000D0000002R000000030000000X,41.67,2018/12/25,330200,3b3c11d3-6d70-432c-a95e-95f2fae9a761
衢州市,0000000Z00000031000000070000000X,2.83,2017/6/5,330800,09f5bdce-709b-4492-aaf6-3bf3f2edc81f
杭州市,0000001200000031000000070000000X,4,2017/11/15,330100,1933072b-a2b7-4b41-9eea-e1b64e67084e
嘉兴市,0000000P0000002W000000070000000X,4.33,2017/8/5,330400,8d5fe620-5f8a-4c68-87d9-5fb68e115788
台州市,0000001E00000031000000070000000X,5,2016/12/15,331000,a16e6e25-9192-42d0-9cdc-4f8cce422f68
舟山市,0000001400000031000000070000000X,6.33,2017/4/5,330900,a4bd4c41-7694-4bc6-9be5-93fb63a47527
湖州市,0000000P0000003E0000000700000010,4.7,2018/7/31,330500,b7ffa947-726d-4400-8204-e9a7eedd4354
绍兴市,0000001Z00000036000000070000000X,4.17,2017/4/5,330600,1565350c-3571-4de5-94c8-765f1b4f9955
金华市,0000000S0000002Z000000070000000X,7.5,2019/1/5,330700,fbe0f19d-10d6-4c56-a7ac-5895b95e50f1
金华市,0000001E00000031000000070000000X,3.33,2017/4/5,330700,f66a71ef-1932-4784-8d2d-e5863418e636
舟山市,0000000G0000003F0000000700000010,10.5,2017/12/26,330900,2539fd65-cb38-49c3-97e1-75e102da306d
绍兴市,0000002200000038000000070000000X,3.17,2018/2/15,330600,79dbd2a4-498e-443b-a272-263451585330
嘉兴市,0000000H0000003P000000070000000X,22.33,2018/12/25,330400,90315527-2652-440d-8ed7-5343a321df5a
舟山市,0000000D0000002R000000030000000X,43.63,2017/2/25,330900,93aae19a-6bf3-4b17-a9f3-0fa34e2a630d
浙江省,0000001400000031000000070000000X,5.21,2018/12/5,330000,18702943-07e9-4823-81f9-37f5ee6a4bbd
金华市,0000000P0000003E0000000700000010,3.6,2019/3/12,330700,b74d6fe5-6351-4d77-b508-3c56136c04ab
金华市,0000001700000031000000070000000X,2.67,2018/7/25,330700,93aeb88b-10ad-449f-b3a2-a2c185ebd4c3
衢州市,0000002U0000007X000000070000000X,4.5,2017/10/15,330800,5310d685-87f8-4b87-8fa5-f41646623ebf
嘉兴市,0000000J0000003S000000070000000X,32.33,2017/6/15,330400,6400d6e8-0aec-49e5-88ab-9243dc6adccc
温州市,0000001200000031000000070000000X,4,2017/5/5,330300,ec0f654b-e6bc-48d5-a612-0eb0bddc02e8
舟山市,0000000H0000003N000000070000000X,16,2017/4/15,330900,d48f9609-ddc7-4753-b317-0e60c850f4f3
绍兴市,0000000D0000002R000000030000000X,49.33,2017/9/15,330600,976e3947-6436-4a98-ae5f-5da18e4b96fa
温州市,0000002U0000007X000000070000000X,4,2017/6/15,330300,9fe04783-a3ca-4e76-9052-e3e7d11b2bd5
宁波市,0000000H0000003P000000070000000X,25.67,2017/7/5,330200,ad4c469d-4a1f-43ee-8532-bb5d5b912c9f
杭州市,0000000J0000003Q000000070000000X,40.5,2017/6/5,330100,57410cfa-d0fb-4f57-bf4b-c82072dcc350
衢州市,0000000P0000003E0000000700000010,4.6,2018/10/2,330800,e677851f-313f-4606-89d3-c61973360e73
嘉兴市,0000000H0000003P000000070000000X,26.67,2018/10/5,330400,015ff23e-5f56-4091-ad57-d24682658ae6
丽水市,0000000P0000003E0000000700000010,3.9,2018/3/13,331100,c08bfdb5-6cd0-45c9-acc4-f32bf94dd016
杭州市,0000002200000038000000070000000X,2.67,2017/12/15,330100,f45d296c-fbbf-4f9e-b98d-b2ba2a47c1cd
台州市,0000000P0000003E0000000700000010,4.6,2018/12/25,331000,54ba12b7-d684-4d87-a1e8-287ec416f757
舟山市,0000000H0000003N000000070000000X,16,2017/2/5,330900,7aaf7028-ab5d-42a6-a33f-34aabf747402
衢州市,0000000K0000003U000000070000000X,34.33,2017/3/5,330800,2c6707df-42ea-48a1-99ca-e5487ecaed5f
温州市,0000000X0000007T000000070000000X,42.33,2018/10/15,330300,dabb238a-946f-4c0e-a214-64a11cdcad3d
浙江省,0000001E00000031000000070000000X,3.98,2018/1/5,330000,78e13687-2e07-4065-b081-651851e1a0f4
温州市,0000000K0000003U000000070000000X,43,2018/1/15,330300,3583228a-8198-4b54-ad53-4ae4dc3d7833
衢州市,0000001K00000031000000070000000X,4.17,2017/8/5,330800,4d78b875-6ef2-4a4a-a761-d61fa80be4c1
台州市,0000002U0000007X000000070000000X,4.5,2018/12/15,331000,99b003e0-581f-400b-8448-349008e29d0b
舟山市,0000000P0000002W000000070000000X,5.17,2018/4/15,330900,d8d21bdf-74b5-4aa8-a87e-076633126bfa
舟山市,0000002P0000007W000000070000000X,3.1,2017/6/25,330900,a45e18d4-1e47-4804-be11-bf380cd0fc81
台州市,0000001500000031000000070000000X,3.67,2018/5/25,331000,bdc15792-0168-4aa1-bee8-0b6ec8fd9211
浙江省,0000001700000031000000070000000X,2.77,2018/9/25,330000,b6f5cb49-1de0-4310-9d49-852d3d15cd60
绍兴市,0000000J0000003Q000000070000000X,43.33,2017/1/5,330600,e1e465ad-2cb1-4c02-bde0-9d383182a4de
绍兴市,0000001K00000031000000070000000X,2.67,2017/6/15,330600,0a25ee04-c132-4773-922c-d1d83ce2b228
温州市,0000000H0000002T000000070000000X,18.67,2018/2/25,330300,eb565f45-177a-4025-a56d-1e4a21c6da95
浙江省,0000002U0000007X000000070000000X,4.32,2019/2/5,330000,7bfbb4f1-f37f-4a38-a7fb-67bfa7163676
嘉兴市,0000000P0000002W000000070000000X,5.5,2018/2/15,330400,f9533848-3d20-4746-a897-6978d9476763
嘉兴市,0000001400000031000000070000000X,4.17,2018/6/25,330400,f468e9de-fa7a-4463-8004-e1ae9df6b2c1
绍兴市,0000001K00000031000000070000000X,2.83,2017/7/25,330600,5dd71816-6fba-4e60-8da8-2bbf7cebc7a7
金华市,0000000G0000003F0000000700000010,11.9,2017/2/21,330700,2f7d56c5-32fa-4935-8966-e59ed70f40fc
宁波市,0000001700000031000000070000000X,3.1,2018/1/5,330200,a50a9a1f-a421-4877-a6bc-a0ccf5508540
嘉兴市,0000000M0000003V000000070000000X,11.67,2017/2/5,330400,07fb567b-ed60-4464-a299-7b8def8ef93e
嘉兴市,0000001Z00000036000000070000000X,6,2018/11/5,330400,c8fa781d-4a5f-41cf-b673-ea358972f46f
台州市,0000000H0000003P000000070000000X,23.83,2018/7/15,331000,d417acfc-1138-4f2f-a9cb-84635a29a1c8
浙江省,0000000P0000003E0000000700000010,3.86,2017/1/3,330000,5a03f1bb-3d8b-48a1-b7f5-5d115aaafa23
台州市,0000000H0000002T000000070000000X,16.33,2018/9/15,331000,fc6f636b-a828-4709-8072-f8508cc1c088
金华市,0000000D0000002R000000030000000X,40.17,2018/4/15,330700,72f51cd5-396f-4025-b986-553c9651d315
舟山市,0000001E00000031000000070000000X,4.83,2017/11/5,330900,1e422342-df89-4dc6-8ff7-e521e68e6696
湖州市,0000002U0000007X000000070000000X,3.6,2017/8/25,330500,b1dfd94b-5244-48af-92c6-4e2e1ce08df0
嘉兴市,0000000D0000002R000000030000000X,38.33,2018/1/15,330400,c33db1be-4bda-46a1-9b31-ca8ce9cfc47e
丽水市,0000000M0000003V000000070000000X,11.33,2019/1/5,331100,ec9a3ef2-b702-4cbe-9472-ca852e1d8cfc
绍兴市,0000001A00000031000000070000000X,3.83,2017/5/5,330600,f012780e-a1ae-4713-9ea0-36256e93a1ca
丽水市,0000000D0000002R000000030000000X,54.6,2019/2/15,331100,e5075b75-64a8-49f0-812d-f0e27acada31
嘉兴市,0000000X0000007T000000070000000X,35,2017/4/15,330400,7574e8d3-e7d7-46fb-949c-d5382bb1d6c4
丽水市,0000001400000031000000070000000X,6.5,2017/4/5,331100,8704d2da-f4ea-4b8c-8063-f0a1a25ad643
湖州市,0000000H0000003N000000070000000X,14,2017/10/5,330500,9536546b-7c79-4b95-b450-9b73048e1bf1
湖州市,0000002200000038000000070000000X,4.33,2017/5/5,330500,192a8407-7846-44bc-b44b-7069b65fb8a8
宁波市,0000000Z00000031000000070000000X,6.47,2019/2/15,330200,014f0344-5d56-46d3-967f-b72fb55b92c6
温州市,0000003100000081000000130000000X,63,2019/3/15,330300,bdb68bee-7367-47f3-ac87-7ea0dbc54c9b
舟山市,0000000H0000003N000000070000000X,16,2017/3/25,330900,17d564eb-f547-40c4-9ecd-63b7d9243f64
浙江省,0000000H0000002T000000070000000X,15.73,2017/11/5,330000,dcf516b8-aef2-468e-a784-3d0f937682fa
湖州市,0000001200000031000000070000000X,4,2017/12/5,330500,725c586f-ec31-4ca3-8919-fbabce4e4d8d
台州市,0000000H0000003N000000070000000X,11.67,2018/7/25,331000,1fc71b1b-5be1-47ad-907a-78e9d0df6703
衢州市,0000000P0000002W000000070000000X,4.2,2017/4/15,330800,a389b3f8-2625-4c60-979d-61c4a2a2f9ae
湖州市,0000000J0000003Q000000070000000X,40.33,2019/2/5,330500,9499998b-45bf-443b-8e6d-63304d90acaf
金华市,0000001700000031000000070000000X,2.67,2017/5/15,330700,2bd5e110-efc2-4922-b2dc-29791b1c6aae
丽水市,0000000Z00000031000000070000000X,4,2017/8/5,331100,4bf2311e-e57d-4faa-8e79-db4ba525b2f6
浙江省,0000000K0000003U000000070000000X,34.25,2017/3/25,330000,972c93fb-577c-481e-a457-61bd1cf1bfa3
宁波市,0000000J0000003Q000000070000000X,38.33,2017/6/15,330200,a78a2927-021d-4fb6-ad43-a1e224368c42
宁波市,0000000S0000002Z000000070000000X,10,2018/3/15,330200,ab4b5f0b-8b9a-4995-b7ec-61ac711e6c41
台州市,0000002P0000007W000000070000000X,3.45,2018/6/5,331000,c58472a2-94ad-4158-8509-ea62a3ed73d3
绍兴市,0000000H0000003P000000070000000X,25,2017/4/15,330600,53a39c88-06ea-4b8b-8692-35e1fdbdeece
杭州市,0000000H0000003N000000070000000X,16.33,2016/12/15,330100,bfb53cba-c250-41e9-8441-b983f8ef841e
台州市,0000000P0000002W000000070000000X,4.67,2016/12/25,331000,05bd6c5e-cd65-4a8c-8fb8-5d75506f721c
浙江省,0000001700000031000000070000000X,2.72,2018/7/5,330000,017c9243-e48b-49a0-8c32-a92d7c0beb2e
宁波市,0000001Z00000036000000070000000X,6.5,2017/12/25,330200,966babbf-a63f-4ae7-87e0-07d5d7c32121
台州市,0000000M0000003V000000070000000X,10.67,2019/3/15,331000,d8972a51-d612-4f3e-9721-f69af0cc9e6f
衢州市,0000001A00000031000000070000000X,5.33,2018/5/25,330800,f399c11c-ee24-44ff-878d-8d67a19755e2
绍兴市,0000001K00000031000000070000000X,3.67,2017/2/15,330600,17d0938f-ddd7-4b53-ac48-28310fd84bf4
杭州市,0000000P0000002W000000070000000X,4.7,2016/12/25,330100,9d04c208-e54a-4985-91b5-df563f78f555
衢州市,0000001700000031000000070000000X,2.5,2017/10/25,330800,7670b36d-b35b-4da3-a424-9cac10c90e81
台州市,0000000J0000003Q000000070000000X,40,2018/12/5,331000,ede5e86e-c7db-4d14-a80b-42928bce7434
金华市,0000000S0000002Z000000070000000X,7.5,2018/2/5,330700,d09fe6a5-d184-408b-812f-308aa24a54b4
湖州市,0000000X0000007T000000070000000X,35,2019/1/25,330500,4adefece-3a28-4486-a145-75232d3938d3
舟山市,0000001200000031000000070000000X,4,2017/3/25,330900,2781edf7-0e94-40b5-b739-8afbb8701be9
丽水市,0000001400000031000000070000000X,4.33,2018/11/15,331100,9ea574b2-6c42-400b-861d-3567aec4991b
金华市,0000001E00000031000000070000000X,5,2016/12/15,330700,ea02fad8-f74f-4ce9-88e9-9c3a0006cc8c
绍兴市,0000003100000081000000130000000X,66,2017/3/5,330600,3362d27e-241c-44b9-9ec7-e94745a3d64c
杭州市,0000002200000038000000070000000X,2.73,2017/4/5,330100,c332504d-6dd1-45d8-a474-a8e0891449b8
杭州市,0000002U0000007X000000070000000X,4.17,2016/12/15,330100,7ea763b5-3cbc-4cf5-9eed-5779b18476a1
金华市,0000000P0000002W000000070000000X,5.33,2019/2/15,330700,fbbbafa5-3766-4e36-8f1d-b9bc7d82c4d3
宁波市,0000000D0000002R000000030000000X,45.27,2017/2/5,330200,5a4f5139-06da-4f60-a442-75b0c20f485b
衢州市,0000000P0000003E0000000700000010,3.9,2018/6/19,330800,51c37f8c-4b5c-4d16-aad7-362fd6a7c20f
衢州市,0000001200000031000000070000000X,3.67,2018/8/15,330800,89902b6b-e0f6-4187-9aa2-681c87aafbff
温州市,0000000K0000003U000000070000000X,48,2017/11/15,330300,c1c39461-b22d-4c53-9e65-088d9c9b5f37
浙江省,0000001K00000031000000070000000X,2.81,2017/4/5,330000,a048f5dd-93ac-47aa-be7a-98983578c0ad
杭州市,0000000G0000003F0000000700000010,10.62,2019/1/8,330100,7767f66a-f719-41fc-8fff-c558da95fb03
杭州市,0000000J0000003Q000000070000000X,42,2017/12/25,330100,0c27aa03-042d-4d65-a6ac-8d35ffed3d72
衢州市,0000001500000031000000070000000X,4.83,2017/1/5,330800,9a0361ab-6608-40a9-a168-b7d4387f7051
浙江省,0000002200000038000000070000000X,3.05,2017/10/15,330000,095ad505-8e9a-43a5-8db9-1fdc7637c376
台州市,0000000S0000002Z000000070000000X,9.33,2017/1/5,331000,52788638-a270-48f6-90c1-2325de807342
宁波市,0000000X0000007T000000070000000X,44.33,2018/11/15,330200,ca6f1964-85b2-411c-aaaf-a271aeb4336e
湖州市,0000000C0000002Q000000030000000X,57.67,2018/10/25,330500,b5527ab3-e7e9-4d9a-a466-7ea47741da9a
台州市,0000000M0000003V000000070000000X,10.33,2017/5/15,331000,1a267377-6586-4be3-8445-7919fb4706b3
湖州市,0000002U0000007X000000070000000X,3.6,2017/9/25,330500,5f8aa23e-1fc8-4f9e-80ab-bb1d23dad556
浙江省,0000000H0000003N000000070000000X,13.28,2018/8/25,330000,31e4873a-e78e-474d-96fb-09c605697888
金华市,0000000G0000003F0000000700000010,10.7,2019/2/12,330700,3733d483-d74a-406d-89df-376c9f789a15
绍兴市,0000001500000031000000070000000X,4.17,2018/3/5,330600,f7346fce-f2f5-454a-ba72-51008a3e52a4
宁波市,0000002200000038000000070000000X,3.7,2018/2/5,330200,c0642507-41eb-4288-aece-dae9ad830fe1
金华市,0000000D0000002R000000030000000X,44.67,2017/1/15,330700,9b1d2fa4-4608-4c0c-a1a9-2daed72c80f3
杭州市,0000000J0000003S000000070000000X,36.17,2018/2/25,330100,0b695dec-2676-4098-bd14-9b31f8566d0d
绍兴市,0000001E00000031000000070000000X,4.83,2018/2/5,330600,a45f8b8e-94d0-4f5d-aafd-fb98f62cc257
衢州市,0000003100000081000000130000000X,93.93,2018/4/15,330800,576be225-9d99-4116-a473-20e369c90bc2
衢州市,0000000D0000002R000000030000000X,38.33,2017/4/5,330800,bfd41dd5-96b2-4e20-92e6-2e68c95b525f
金华市,0000000G0000003F0000000700000010,9.2,2017/6/27,330700,c8cbcbc8-a224-4920-8249-128a0f739cf3
金华市,0000001400000031000000070000000X,5.33,2017/10/5,330700,c43de08e-470b-47a1-a75f-edc90d1fe352
台州市,0000000P0000003E0000000700000010,3.85,2018/6/12,331000,51b6e5a1-e9c8-4f25-abd8-5a4742cb81de
湖州市,0000000S0000002Z000000070000000X,9.67,2018/6/5,330500,6f4398e7-d12d-4b96-8489-3736af28ccf8
绍兴市,0000000C0000002Q000000030000000X,62,2017/3/5,330600,726d91e1-5c14-41aa-9d52-f9f0db132318
浙江省,0000000C0000002Q000000030000000X,63.66,2018/2/25,330000,efaf0edd-48c7-4468-a943-52ae52d2b48e
丽水市,0000001400000031000000070000000X,7.83,2018/2/25,331100,857f8b92-0598-49da-9135-39645cde2d75
温州市,0000000J0000003S000000070000000X,43.67,2017/4/25,330300,0aad280c-e579-4b4e-999a-909d36115b89
湖州市,0000000J0000003Q000000070000000X,38.33,2017/4/15,330500,b3ed9e0a-80a4-40c8-bb80-feacf8400139
台州市,0000000X0000007T000000070000000X,35,2018/4/15,331000,c87c92a7-dc18-40fc-ac24-c86f31c2345e
衢州市,0000000H0000002T000000070000000X,18.33,2017/9/25,330800,e7bc3df8-d79e-4746-90de-ada063a6a2ab
宁波市,0000000D0000002R000000030000000X,41.67,2019/3/5,330200,7c944d4c-142e-415b-9b4b-dc74ae93429c
温州市,0000002200000038000000070000000X,3.17,2017/3/25,330300,aaa41712-0ed6-4f33-a48a-54113bbf4d03
湖州市,0000000H0000002T000000070000000X,16.67,2017/4/5,330500,b4a2c17b-7d22-4301-8574-13078509fd8b
丽水市,0000000K0000003U000000070000000X,36.33,2018/5/15,331100,acacfeef-b4f3-4844-8c38-6898a148396f
湖州市,0000001E00000031000000070000000X,4.17,2017/3/15,330500,c7d73a0b-1677-4cbf-8645-b52c25b0974b
湖州市,0000000P0000003E0000000700000010,3.7,2017/6/20,330500,dc25ff67-7d06-4ae2-b4f4-98429813cd47
绍兴市,0000001E00000031000000070000000X,4.67,2018/3/25,330600,24f691ec-dff3-481e-b89e-76fa9dd46739
湖州市,0000000H0000003N000000070000000X,14.17,2018/2/25,330500,c0090620-af5a-4a35-8d76-bf5a0a003cc3
嘉兴市,0000000P0000003E0000000700000010,3.43,2017/2/28,330400,699e63fa-f1dd-4094-83b7-01bd5d33e0a5
绍兴市,0000002200000038000000070000000X,3.33,2018/11/5,330600,9310cff2-4052-42bd-8d71-49a26219b2f5
嘉兴市,0000001700000031000000070000000X,3.27,2018/10/15,330400,da10a590-e1ef-4c9d-851f-de8f1c543abe
台州市,0000000D0000002R000000030000000X,42.67,2017/1/25,331000,01161dc7-d6fc-4ec6-a8af-8be5752eeb49
衢州市,0000000J0000003Q000000070000000X,40.67,2017/1/25,330800,3a7bc9d8-51fa-411d-bc34-169171007ea9
杭州市,0000000Z00000031000000070000000X,5.33,2018/6/15,330100,831348d5-016c-489b-8e76-ab4a37cc7e35
温州市,0000001400000031000000070000000X,5.17,2017/7/25,330300,972cdc6d-9e10-47c3-890c-cc65485df258
绍兴市,0000002U0000007X000000070000000X,4.67,2018/2/5,330600,c280c463-2ee0-4090-9b20-c75257fb3d86
嘉兴市,0000001Z00000036000000070000000X,5.67,2018/1/25,330400,edf44633-0223-4d31-a398-41b085810a2a
嘉兴市,0000000P0000003E0000000700000010,5,2018/12/25,330400,dc7c5ef3-4ed0-47d4-ac10-d026a12e2715
台州市,0000001200000031000000070000000X,4.83,2018/9/25,331000,0a0f507c-75b8-4a11-9a3b-a715bf022fa6
湖州市,0000000D0000002R000000030000000X,39.33,2017/4/15,330500,e2bfaae2-a06d-4ee5-9d1f-05bf04e2d428
舟山市,0000000P0000003E0000000700000010,5.2,2018/9/11,330900,7f9affa1-fc74-41eb-9d1f-a7765797d51d
杭州市,0000000H0000002T000000070000000X,17.5,2017/1/25,330100,43b13de3-a6b5-47f6-bff6-0eb6a92ee898
台州市,0000002200000038000000070000000X,2.1,2017/11/15,331000,b517f2b1-8a4f-4e77-a283-3f0288d67059
丽水市,0000000H0000002T000000070000000X,12,2018/5/5,331100,08de07a5-faff-4454-8b1a-82b0e0121c0d
台州市,0000000Z00000031000000070000000X,4,2017/6/5,331000,03acf6d3-25b4-4236-96b6-5340c71a122a
浙江省,0000001500000031000000070000000X,3.58,2018/6/25,330000,9412f0e7-f96f-4d3d-8761-34a2c7704b5c
金华市,0000000H0000002T000000070000000X,15.5,2018/9/15,330700,0350578e-9a1d-47c9-b27c-537a0a0ffbfc
浙江省,0000001K00000031000000070000000X,3.06,2018/4/5,330000,b3e0c7f6-18ad-49c5-bbe4-3488983f9de1
嘉兴市,0000000P0000002W000000070000000X,5.5,2018/11/25,330400,76240f81-c272-4fca-ae9b-8e1383ab8d12
浙江省,0000000H0000003P000000070000000X,20.67,2018/5/25,330000,f30997b8-7258-4b3b-b101-c88ca249a8cd
湖州市,0000001500000031000000070000000X,4.83,2018/3/25,330500,2b060ad9-80af-4bb0-8a58-ecfbc67e72e5
台州市,0000001400000031000000070000000X,4.17,2017/12/5,331000,99f76023-875c-404c-b3ed-0b8ec7971bde
衢州市,0000001200000031000000070000000X,6.67,2019/2/15,330800,d87c76df-0d14-44d7-91c5-0889fadfb2fb
绍兴市,0000001500000031000000070000000X,4,2017/5/5,330600,1dfdc856-c162-48ec-a96f-a62920632778
丽水市,0000001Z00000036000000070000000X,4.66,2017/3/25,331100,631b35e4-1d66-463e-b827-cca6d2ff1f18
金华市,0000001A00000031000000070000000X,6.33,2017/8/25,330700,1a5767d0-30a6-4e27-bd78-969b96724bfc
杭州市,0000001400000031000000070000000X,6.33,2018/9/15,330100,7f0d1434-b5e3-45e7-8957-9bced9c62eda
金华市,0000001400000031000000070000000X,4.67,2017/6/25,330700,262dc63c-e0dc-489a-9be7-a4cd807394b3
丽水市,0000000J0000003Q000000070000000X,37.33,2017/2/25,331100,db239229-6a7c-497d-a8e6-2304cb1b9c15
绍兴市,0000001A00000031000000070000000X,3.83,2017/4/15,330600,b4a31914-b607-4d66-90e1-3e5df9da6f77
嘉兴市,0000001A00000031000000070000000X,7.5,2019/3/15,330400,2059e1f0-1088-48d8-b1c2-f4aed8ab3db1
温州市,0000001Z00000036000000070000000X,6.83,2018/2/25,330300,c3bbede3-5fe5-4631-bd11-5994e4d1b0a8
舟山市,0000001K00000031000000070000000X,3.83,2017/2/5,330900,abccf175-4a16-4df5-951e-70acab17d4d0
绍兴市,0000000K0000003U000000070000000X,38.33,2018/9/15,330600,adc5f234-10d8-4797-a720-67c3be323688
台州市,0000000J0000003S000000070000000X,33.33,2017/8/25,331000,cb90b9ca-d21e-477f-95d4-aa7f1d610dfd
湖州市,0000003100000081000000130000000X,77,2017/5/5,330500,28cadb60-a504-4319-bdc7-f33260175759
台州市,0000001400000031000000070000000X,5.67,2018/4/5,331000,775fc20a-5d21-4fd0-9cb7-94a7a8345878
湖州市,0000000S0000002Z000000070000000X,9.17,2019/3/15,330500,cbeaf783-90c7-4929-a5f5-0078b527f0a9
衢州市,0000000S0000002Z000000070000000X,9.67,2017/5/5,330800,a75c4ae6-6172-4901-b895-091ca8e7ad47
衢州市,0000000P0000003E0000000700000010,4.9,2018/8/7,330800,c4ee4a09-204f-45aa-adcb-1049c8c4bbdd
衢州市,0000000H0000003N000000070000000X,13,2017/11/5,330800,2330931a-f427-4001-bfe7-dd7e029ba8d6
舟山市,0000001400000031000000070000000X,5.67,2018/5/25,330900,ec11ea57-b7fc-4017-aacf-d15a1b75a87d
舟山市,0000001Z00000036000000070000000X,7.33,2017/8/25,330900,16cea3e0-37c9-40a2-b72e-39f0e3147a09
浙江省,0000000H0000003P000000070000000X,21.05,2018/4/15,330000,239046a4-5238-438c-8d7e-ffc6ea062e58
嘉兴市,0000000X0000007T000000070000000X,32,2019/3/15,330400,12cd3a9b-a1a2-4f7b-ae43-04d95fa6159d
温州市,0000000X0000007T000000070000000X,46.67,2017/6/15,330300,4e0614d4-ea31-4ee0-83e1-1e2dca2923ce
丽水市,0000001K00000031000000070000000X,4.83,2018/10/5,331100,6d421666-6d7a-4a11-ab72-038720185779
杭州市,0000000P0000002W000000070000000X,5.6,2019/2/5,330100,314846be-5a9e-4431-a14b-cf9eb1f1a0f6
舟山市,0000000Z00000031000000070000000X,3.33,2017/3/15,330900,d5bb904e-20d9-476d-8d37-f143c3b6bb8e
湖州市,0000000K0000003U000000070000000X,0,2017/10/15,330500,5e8dec31-2489-485d-bddf-97e3e5faf638
台州市,0000000H0000002T000000070000000X,13.67,2017/5/5,331000,f5cf46cd-7af6-4aa7-a313-2100d5952d7c
绍兴市,0000001200000031000000070000000X,2.67,2017/5/25,330600,0a21e981-f690-47cc-930e-b0f596f15f35
浙江省,0000000C0000002Q000000030000000X,63.92,2018/9/5,330000,09ace782-7df3-4fb1-9e66-3762b9802ae6
嘉兴市,0000002U0000007X000000070000000X,3.77,2018/12/25,330400,c212a73f-f757-4c69-9981-9ea58950da37
丽水市,0000001700000031000000070000000X,2.33,2018/5/25,331100,736719b4-17b0-4c3d-90c3-8a233ba0fe6a
舟山市,0000001K00000031000000070000000X,3.17,2017/3/25,330900,7dc0aa7e-34ce-4d8a-9da1-4e789ef66bb9
绍兴市,0000000J0000003S000000070000000X,33,2017/4/25,330600,951a5cd2-cb04-44cd-a22c-2d0958cad049
舟山市,0000000H0000002T000000070000000X,15.67,2017/4/15,330900,5360f056-10d5-4abc-a19b-20d3bef2e3c0
杭州市,0000000Z00000031000000070000000X,5.5,2017/11/25,330100,26ccf831-f9d4-4057-a443-da5943752090
金华市,0000002U0000007X000000070000000X,4.17,2017/3/5,330700,017ad15f-6762-424e-a144-dceb428e5476
绍兴市,0000001K00000031000000070000000X,3,2017/12/25,330600,6bb6ad7f-d11b-442c-880a-a144db685ed4
温州市,0000000P0000003E0000000700000010,3.8,2017/1/31,330300,de096a1b-c819-4fed-8a03-2b11e61e45bb
温州市,0000001700000031000000070000000X,3,2017/4/25,330300,f7bdc5b7-3c8f-46e6-aba9-c288dd5e83b3
温州市,0000000D0000002R000000030000000X,46.67,2017/12/25,330300,ced2da5f-2289-48f1-a201-076073b05ef0
丽水市,0000000S0000002Z000000070000000X,9.67,2017/3/15,331100,bfed4e32-41d9-4e37-840a-6f8599094236
嘉兴市,0000001500000031000000070000000X,4.83,2017/11/5,330400,0ac9b45e-d763-4c07-85c2-d6c7a6cd0d40
杭州市,0000001400000031000000070000000X,6.33,2018/9/5,330100,67369424-1980-4c14-a4cd-66a47bd44582
杭州市,0000001400000031000000070000000X,9.67,2018/3/5,330100,1e8e0179-3019-473b-af61-3d3509501555
舟山市,0000000P0000003E0000000700000010,4.8,2018/11/13,330900,fdbda979-e3cc-454b-99a2-26a13cbb6d37
湖州市,0000000K0000003U000000070000000X,0,2017/8/15,330500,cbb822d0-db8b-40ce-809d-a872fb2b12cc
舟山市,0000001500000031000000070000000X,4.5,2018/1/5,330900,d439fa01-729c-46f4-8d38-a8cd131d1629
杭州市,0000000H0000003P000000070000000X,20,2017/9/15,330100,022eb39d-09c3-4442-bad9-e4e7fad56c07
湖州市,0000003100000081000000130000000X,73,2018/10/25,330500,e891e34a-efd3-4d75-b823-bd55ababd79c
绍兴市,0000000H0000002T000000070000000X,13.67,2018/8/5,330600,b28f93f2-d378-43a8-9808-23039187a665
绍兴市,0000000H0000003P000000070000000X,24.67,2018/10/25,330600,e38ce3d4-e196-4e1a-a18b-c35ac420d656
舟山市,0000000G0000003F0000000700000010,9.8,2018/7/31,330900,451542a7-2d44-4e00-8bbb-b3de5beaab77
嘉兴市,0000001A00000031000000070000000X,4.67,2017/5/25,330400,52f844a8-f8c7-4d2e-9aac-9ccba0c9ca86
台州市,0000001500000031000000070000000X,3.83,2017/4/15,331000,ce5bf80a-7569-4e27-9547-011a7d2dc0b4
绍兴市,0000000P0000003E0000000700000010,4.95,2018/1/2,330600,1dad6f07-c112-462e-9071-c24a6295784a
杭州市,0000001K00000031000000070000000X,3.17,2017/6/15,330100,919c9073-f900-47a7-9eb3-b08b2865ae26
绍兴市,0000001E00000031000000070000000X,6.67,2018/10/5,330600,4b76009a-c7f5-45f3-b7c6-dd58d9ee8dbc
绍兴市,0000000J0000003Q000000070000000X,39,2017/6/5,330600,4e7ffe78-2a1b-4966-a7c6-74b5d858ec5d
浙江省,0000001400000031000000070000000X,5.62,2018/10/15,330000,a51f4be9-0504-4765-bb4f-5fdb41c4509b
衢州市,0000001500000031000000070000000X,3.83,2017/7/15,330800,67c66a1a-3d3c-4aa9-95b8-e0c94f00f92f
嘉兴市,0000000C0000002Q000000030000000X,66.67,2018/2/15,330400,9c51a599-fbdb-4571-a48f-ecc4c364c986
衢州市,0000000P0000002W000000070000000X,5.83,2018/2/15,330800,bb5ab266-be89-45e1-8abd-3b71d259faf5
丽水市,0000000D0000002R000000030000000X,54.6,2017/5/25,331100,4b846a6e-cdf2-4bd7-b6d1-b7dc4272f6ef
金华市,0000000C0000002Q000000030000000X,68.87,2018/7/15,330700,212a1a1b-2b71-426e-81a3-0e9d7d10ba5a
嘉兴市,0000000G0000003F0000000700000010,9.85,2018/10/30,330400,b92b1f50-a40c-468c-8f5d-6c357ccf2b10
浙江省,0000000H0000003P000000070000000X,20.67,2018/6/5,330000,9a77415f-828b-43ca-9f72-c3299d740d24
衢州市,0000000J0000003Q000000070000000X,38.67,2018/1/5,330800,543385fe-8a79-4ad3-a86f-8e286017b022
舟山市,0000001500000031000000070000000X,5,2019/3/5,330900,2b9b8117-c91b-4f98-9337-d48b89670030
丽水市,0000000P0000002W000000070000000X,4.2,2017/4/25,331100,fae45afa-633e-4284-94e1-d5e9cf66274f
嘉兴市,0000000P0000003E0000000700000010,5.33,2018/11/27,330400,ca7ef0cc-99b3-42a4-b5cf-a149a4a88c09
金华市,0000000S0000002Z000000070000000X,7,2017/3/15,330700,944238da-30ca-4f7c-a81d-7cf2d9863cc4
湖州市,0000001700000031000000070000000X,3.17,2017/6/15,330500,6c37154c-919a-4005-bf3e-c49c95106db0
金华市,0000000H0000003P000000070000000X,20.33,2017/10/15,330700,90196c0e-bab4-4de6-b1b3-e98c0086c960
台州市,0000001Z00000036000000070000000X,6.33,2017/4/25,331000,80289578-6724-470b-8aab-5ee8de44470c
湖州市,0000000K0000003U000000070000000X,0,2018/7/15,330500,8aa1056a-89ae-4dad-b78a-c81efed75b1d
杭州市,0000000H0000003P000000070000000X,21.33,2017/12/25,330100,6276bbb4-f32a-4500-81ba-f13aa83651ca
衢州市,0000001K00000031000000070000000X,2.67,2017/2/25,330800,65fbdbf1-2fe8-4520-8262-d43468fe51bd
杭州市,0000001700000031000000070000000X,2.67,2018/5/15,330100,3b811f81-eb66-46a3-a260-467e3d423d69
台州市,0000001K00000031000000070000000X,2.5,2019/1/15,331000,325dceb8-c650-4d46-987e-755c85258e4f
金华市,0000001200000031000000070000000X,2.17,2018/6/25,330700,c935e4cd-cd35-467d-ba8c-d5728d8b6a8e
台州市,0000000M0000003V000000070000000X,10.67,2018/8/15,331000,b80edf2c-a813-4349-9a9d-0c2514df839d
嘉兴市,0000001K00000031000000070000000X,3.67,2018/7/15,330400,3bcbdb6b-0c40-466d-a61a-ff56c1bf12cd
丽水市,0000001E00000031000000070000000X,3.17,2017/12/25,331100,719bbdef-d622-47b7-ac13-fc7943bbf9e7
衢州市,0000000J0000003S000000070000000X,35.67,2017/8/5,330800,4766d28d-cb63-42af-b730-62884265636c
丽水市,0000001700000031000000070000000X,2.67,2018/10/5,331100,1e86c812-67e9-434e-b697-2c9af39bb4c0
湖州市,0000001500000031000000070000000X,4.67,2017/11/15,330500,4aab6fc0-7a5c-4590-9561-c0bde1968dbd
金华市,0000000Z00000031000000070000000X,2.5,2017/4/5,330700,640480d6-74ad-4c3c-88df-13ecbfda9833
舟山市,0000000M0000003V000000070000000X,14,2018/10/15,330900,0e17dae3-daa7-4b2b-9af5-eea44552e0e8
丽水市,0000000X0000007T000000070000000X,39,2018/12/25,331100,4ca07e76-c2d5-4e90-978a-660654d93bde
湖州市,0000001K00000031000000070000000X,3.67,2018/4/5,330500,2d52a997-82d9-4a26-8938-b7223b4e7ec9
绍兴市,0000001400000031000000070000000X,4.83,2018/11/25,330600,de9ccadf-41e4-4fc9-b2f8-83eb266c662e
台州市,0000000J0000003S000000070000000X,35.33,2018/4/25,331000,057042f0-1706-4305-9868-b57e301bb143
杭州市,0000000D0000002R000000030000000X,46.67,2018/11/25,330100,b32dbbfb-c682-4139-8e7f-793097255ccc
衢州市,0000000H0000002T000000070000000X,19.33,2018/8/25,330800,bba433ac-8732-4591-a466-354afef74703
湖州市,0000000Z00000031000000070000000X,5.67,2017/11/5,330500,73ade746-e50e-4624-84a4-1299f1e9bcfd
衢州市,0000001400000031000000070000000X,4.33,2018/7/25,330800,3d13d9ac-fe89-4643-adf8-0df8f14030ff
绍兴市,0000000S0000002Z000000070000000X,9,2017/6/15,330600,e190b60a-2f1d-4563-aabe-ead533f3bec4
衢州市,0000000M0000003V000000070000000X,10.5,2017/4/5,330800,6244ae57-c181-4e6b-b160-67818b1afd1e
台州市,0000000Z00000031000000070000000X,2.33,2017/5/5,331000,528ce202-6f68-427e-9aed-f655ff52a50b
湖州市,0000001400000031000000070000000X,6.5,2018/4/5,330500,b112142e-9a6b-4db4-837c-675530033d6a
台州市,0000002200000038000000070000000X,2.67,2017/4/5,331000,93e5a980-19be-4d9d-940b-fbcdffe6784c
衢州市,0000002200000038000000070000000X,2.67,2018/6/15,330800,100acb26-5479-46c8-991a-172190c7f31d
温州市,0000002P0000007W000000070000000X,2.33,2018/2/25,330300,51ef0174-88af-4720-b4f3-726b62dc49c3
宁波市,0000000C0000002Q000000030000000X,74.67,2017/12/25,330200,92dc82c1-34c3-4019-a0e8-ffa63d4e3eae
金华市,0000000H0000002T000000070000000X,16.83,2018/10/25,330700,2adce242-a08f-4a9b-873d-e9f2df6e0d30
浙江省,0000000J0000003Q000000070000000X,41.02,2018/5/5,330000,d647905a-8b57-4cb2-a93d-1e2b8a974f64
台州市,0000000S0000002Z000000070000000X,9.67,2017/10/25,331000,210859a1-da7d-4324-9473-f56c5aaec660
杭州市,0000001E00000031000000070000000X,3.87,2017/3/25,330100,4864b4ad-74d5-413a-a70f-51aea2d2476e
浙江省,0000000K0000003U000000070000000X,35.67,2018/5/5,330000,5cf616b1-6f80-4554-94cf-15fd3a62a639
浙江省,0000000P0000003E0000000700000010,4.53,2017/8/15,330000,4bccb972-9347-46f9-9c73-d60d3aba74e4
温州市,0000002P0000007W000000070000000X,2.5,2019/3/5,330300,4fa0fa6c-8d1e-415e-ac77-e91f1939e1c9
宁波市,0000000H0000003P000000070000000X,27.83,2017/1/5,330200,205bd699-7b28-40d3-9ac9-603c985d6158
台州市,0000000D0000002R000000030000000X,41.67,2017/3/25,331000,375625e9-2619-4236-bba1-77bdf7290c7f
湖州市,0000001500000031000000070000000X,4.67,2018/9/5,330500,d7fca025-898c-4d68-9efe-a68cde5d0198
台州市,0000000H0000003N000000070000000X,14,2018/12/25,331000,19cbefb2-6132-4582-9f16-ba6d68ed9d60
台州市,0000000G0000003F0000000700000010,11.4,2017/3/7,331000,4cdd15b8-552c-4384-a2dc-cb7e6f336b65
宁波市,0000000H0000003P000000070000000X,27.33,2017/5/5,330200,665ff0a9-6da0-4dd0-a5d6-c3978e0dec3f
温州市,0000000S0000002Z000000070000000X,9.33,2017/8/5,330300,e2153c47-eb51-43ce-9191-f0a1aca25f08
浙江省,0000002U0000007X000000070000000X,4.35,2018/2/15,330000,96ab37ba-de35-4aaa-938e-bbda9d1c8d04
杭州市,0000001Z00000036000000070000000X,7,2017/8/5,330100,fae8de2b-7184-4b61-9681-1b121efa8c3b
丽水市,0000000P0000002W000000070000000X,5.5,2018/12/5,331100,473eac11-8960-46a8-b0cf-68f9dbd018f0
浙江省,0000000K0000003U000000070000000X,35.69,2017/12/25,330000,70bd5165-d2da-468f-adbb-7fbf95543ac9
浙江省,0000001E00000031000000070000000X,3.41,2017/4/25,330000,e6d13d15-a000-4e2e-8ce9-36c6a68aaafc
舟山市,0000001500000031000000070000000X,4.33,2017/12/15,330900,f39cc8c3-0adb-40dc-ac2e-cf32d07476c2
衢州市,0000001200000031000000070000000X,4.17,2018/1/25,330800,50a25ecf-50c7-4858-816b-b17dffe03286
宁波市,0000001200000031000000070000000X,3.73,2017/8/25,330200,7a3d039e-bf50-4c57-86eb-f0c7ad897801
湖州市,0000000H0000003N000000070000000X,13.33,2018/12/5,330500,02fcf52b-12df-4340-8b39-54efe79a3f9f
温州市,0000002200000038000000070000000X,3,2017/1/15,330300,cfa56e63-b658-4991-8377-32babb676eb1
杭州市,0000000C0000002Q000000030000000X,64,2017/1/25,330100,1bed39e2-6314-48b8-b612-39d4e70a53a7
宁波市,0000000Z00000031000000070000000X,6.77,2018/7/5,330200,441f11ce-47af-41b2-bbfb-3481146b571c
丽水市,0000000J0000003S000000070000000X,34.33,2017/7/25,331100,f69f7be0-80f2-43fe-b048-9373f53ece40
湖州市,0000001E00000031000000070000000X,5.5,2018/7/25,330500,7bd0eade-2399-43f8-a989-bbd627e876cc
丽水市,0000000X0000007T000000070000000X,36,2017/11/25,331100,271d2c56-f208-4fce-8cfa-6556a0af1d77
舟山市,0000001500000031000000070000000X,6.17,2017/1/25,330900,43159933-b43b-47bc-a6fc-86e35eeb2407
湖州市,0000001E00000031000000070000000X,3,2018/11/25,330500,8a30ef42-023f-423e-a91f-8a8f176edf55
台州市,0000000H0000002T000000070000000X,13.17,2018/1/5,331000,c3e65921-17bd-4858-94b5-c3d400082ce0
湖州市,0000000C0000002Q000000030000000X,57.67,2019/2/15,330500,3e85213c-6558-42fd-9097-700c5f5a6672
嘉兴市,0000002P0000007W000000070000000X,3.2,2017/5/5,330400,2f90b568-6e22-478a-b211-a56d4c4683dc
丽水市,0000001400000031000000070000000X,4.5,2018/8/15,331100,8b3113f9-2799-488e-baa7-c35c734d61aa
金华市,0000000J0000003S000000070000000X,36,2018/3/5,330700,22783aff-0912-498d-b426-54d574ea3fb7
舟山市,0000000H0000003N000000070000000X,14.83,2019/1/15,330900,1d6c551b-ce7a-455e-8730-c13d51c963ea
绍兴市,0000002P0000007W000000070000000X,2.33,2018/6/5,330600,4d345411-5c11-404a-bac8-13d834d80983
温州市,0000000P0000003E0000000700000010,4,2018/5/15,330300,41f06d8e-2439-4a70-9609-03a2018c6dc3
宁波市,0000000X0000007T000000070000000X,41,2017/5/15,330200,2d117c4e-f86b-46a3-90a7-b562f069f1c1
台州市,0000000G0000003F0000000700000010,9.3,2017/10/24,331000,c33befa0-e966-4c08-9d6a-5a77fd82d362
宁波市,0000001500000031000000070000000X,5.4,2018/2/15,330200,b16dead0-2e79-4c0d-81a2-d2ac00457c3f
湖州市,0000002200000038000000070000000X,4.67,2018/6/5,330500,2392af5b-fa2d-4011-ace2-ce237bce7bc2
舟山市,0000000Z00000031000000070000000X,4.33,2018/3/5,330900,24a32e06-dbab-4e6f-995c-c86ccdc5162c
衢州市,0000001400000031000000070000000X,4.33,2018/9/25,330800,960d02cf-5004-42d2-ba6c-3959327d0f0b
宁波市,0000000G0000003F0000000700000010,7.89,2018/6/12,330200,bd748e28-7935-487e-af3e-e52671ca9d5c
金华市,0000001500000031000000070000000X,3.83,2017/4/5,330700,0946ebe5-50e4-4d23-9b73-562b3398ba9d
金华市,0000001200000031000000070000000X,5.67,2017/2/5,330700,1a2566f4-b6be-476b-a81e-c472be99bab9
浙江省,0000001K00000031000000070000000X,2.87,2017/3/25,330000,22b69b32-781d-468e-859f-426bdd1b878f
舟山市,0000000C0000002Q000000030000000X,51.6,2017/3/15,330900,027cc748-ffab-448e-a900-7421c82f64ea
宁波市,0000000C0000002Q000000030000000X,73,2018/8/5,330200,af01dfd7-d8d7-4551-9d09-5e752ea6d4e5
绍兴市,0000000C0000002Q000000030000000X,60,2016/12/15,330600,dfd456e7-99d3-4258-a0d9-cd8b582454cb
丽水市,0000000K0000003U000000070000000X,36.67,2018/3/25,331100,3998faba-e920-4a56-b912-d967e513c34f
浙江省,0000001400000031000000070000000X,5.84,2016/12/25,330000,3116f70c-9d14-4f4a-84c8-c06f38553edf
宁波市,0000002U0000007X000000070000000X,4.7,2018/1/25,330200,4d64b02e-231f-4842-a01e-c9c5d545bc0b
丽水市,0000000G0000003F0000000700000010,9.8,2017/9/5,331100,3e2b1426-e5d9-4ddd-971a-115d1b60f8fe
温州市,0000001E00000031000000070000000X,4.17,2017/5/25,330300,a1f35367-d29b-4034-bdfb-92ae5d2645a6
杭州市,0000001700000031000000070000000X,2.83,2017/12/15,330100,2b74f863-d583-4d8f-8714-066fbfdb9ae3
衢州市,0000002P0000007W000000070000000X,3.06,2018/11/5,330800,e06b97a2-cfbb-4ebd-8400-75d345275dc4
宁波市,0000002U0000007X000000070000000X,4.63,2017/4/25,330200,03a69fc8-5d36-40b9-a8b9-7eebc039af35
台州市,0000001500000031000000070000000X,3.33,2018/7/5,331000,e8c143cb-6514-4caf-b29b-72b5f2ca71c5
浙江省,0000001500000031000000070000000X,4.87,2018/2/25,330000,a730ce7b-a19c-4378-a749-68a7f8d24f07
嘉兴市,0000000J0000003S000000070000000X,32.33,2017/5/15,330400,b38a3743-f16c-4e8d-8b7a-802f3dcbb2b1
衢州市,0000000H0000002T000000070000000X,18.33,2017/11/5,330800,b5aaa494-532c-4438-ab4a-a16ad3f20ac4
浙江省,0000000J0000003Q000000070000000X,43.97,2019/3/5,330000,a4383ea5-ba72-478f-a564-ad4ef10fc14e
浙江省,0000000D0000002R000000030000000X,44.32,2016/12/25,330000,9a79caa6-332f-4bbe-ae9f-fa530da13434
丽水市,0000002U0000007X000000070000000X,4.66,2017/5/5,331100,c916189d-49cb-4d5d-bf99-a1f6027eeac5
宁波市,0000001E00000031000000070000000X,4.13,2017/4/25,330200,099262fb-0382-4424-82a0-2e710fb260a6
丽水市,0000000C0000002Q000000030000000X,70.23,2017/6/5,331100,a4c541e3-18e7-45de-bfc5-52a00a365c75
浙江省,0000000P0000002W000000070000000X,5.37,2017/11/15,330000,a835a363-2b92-4a72-ba43-932e62338170
浙江省,0000000C0000002Q000000030000000X,64.58,2017/3/15,330000,26e0be71-e2ea-47c9-9874-696f494f2620
衢州市,0000000X0000007T000000070000000X,23.67,2018/4/25,330800,f178ac39-99c3-4973-b49c-bffe83394888
杭州市,0000001400000031000000070000000X,6.6,2017/4/5,330100,4aaa2414-96dd-429a-a4f1-ff74f98dd4f3
台州市,0000000G0000003F0000000700000010,9.9,2017/9/5,331000,85b94175-9a3b-4606-95f1-1e7cbbf91de5
绍兴市,0000002U0000007X000000070000000X,4.5,2017/9/15,330600,94b536f9-7fed-4d7b-b01e-f5d5ffc545bc
台州市,0000002P0000007W000000070000000X,3.28,2017/4/5,331000,2d28abde-dc7c-4d2c-a67e-fbc4335e64af
温州市,0000000J0000003Q000000070000000X,46.33,2018/2/5,330300,45895ae1-5d77-449f-a834-7a001049a10f
舟山市,0000002U0000007X000000070000000X,4.33,2018/10/15,330900,0542a25c-aacf-4fb8-b7e3-027133475aab
温州市,0000000X0000007T000000070000000X,44,2019/1/15,330300,d8900739-eee0-40ef-8e0b-dd5da4645355
温州市,0000000S0000002Z000000070000000X,10,2017/7/5,330300,6f840c32-1eca-49ba-9863-6328287dbb08
舟山市,0000000P0000003E0000000700000010,4.8,2018/3/20,330900,7c557e19-5c5b-402a-9459-c04ede316814
宁波市,0000000C0000002Q000000030000000X,83,2017/2/25,330200,714ea62d-5da0-4cbf-a0b4-b1923bc38252
温州市,0000000S0000002Z000000070000000X,9.67,2017/10/25,330300,0b85ed3a-9e53-459e-a497-c7b4fba9608d
金华市,0000000Z00000031000000070000000X,3.17,2018/4/15,330700,2e046b17-ad1b-4561-9ee0-4c0b91249eed
金华市,0000001200000031000000070000000X,3.17,2017/12/5,330700,8fa7075e-824a-415d-9061-71f6ef2fd569
浙江省,0000000Z00000031000000070000000X,5.33,2018/2/25,330000,69c603f2-75e0-4156-b2c5-8f725d0fef40
丽水市,0000000P0000002W000000070000000X,5.43,2019/1/15,331100,e6608f37-93a6-4d15-a7d4-9933009d0721
温州市,0000001Z00000036000000070000000X,6.67,2018/7/5,330300,7dfeee75-4815-4e6f-a11f-5faa96837ed3
温州市,0000000C0000002Q000000030000000X,60,2018/4/15,330300,4850cbda-1882-4c20-aaff-80b996f0c17a
浙江省,0000000J0000003S000000070000000X,35.48,2018/8/15,330000,5fd0a58b-9c6f-493e-8074-882459fd411b
金华市,0000001400000031000000070000000X,5.5,2017/8/15,330700,281b973d-76b2-49fa-bcb5-19b6a82d2eb0
台州市,0000001Z00000036000000070000000X,6.33,2018/3/5,331000,fba963d7-5f32-4217-bedd-ab4922ea466d
丽水市,0000001K00000031000000070000000X,3.5,2017/7/25,331100,ac0f689f-ad39-476c-bcbb-fbffc1cb0995
湖州市,0000003100000081000000130000000X,74.2,2017/12/15,330500,b01b9e62-0dbf-4234-8633-05749fb525be
丽水市,0000000H0000003P000000070000000X,21.33,2019/1/15,331100,35b5e154-0fe7-4da0-afdf-9f1b2b8c1d92
台州市,0000001400000031000000070000000X,6.33,2019/1/15,331000,74e83b6a-097e-423e-93ac-17970131eef3
衢州市,0000001E00000031000000070000000X,6,2018/8/15,330800,fed1ac17-9886-419d-a99e-be4457b90961
舟山市,0000000H0000003N000000070000000X,15,2017/12/5,330900,18ca8991-ae4e-4f33-b3a8-7dc0332e0e84
金华市,0000000Z00000031000000070000000X,3.83,2017/9/15,330700,6156eb8f-b2ff-4684-a478-128ecf935152
台州市,0000000C0000002Q000000030000000X,63.33,2017/3/25,331000,e2058ede-548e-424d-b5e8-bc8f4bfec95d
宁波市,0000000J0000003Q000000070000000X,43.33,2019/1/5,330200,431e1970-3b45-4d38-b871-de339d7c85d6
衢州市,0000001700000031000000070000000X,2.67,2018/11/25,330800,3c0d42e6-e43f-4491-91d2-4375dcd517db
舟山市,0000000H0000003P000000070000000X,24,2017/8/5,330900,7d1f6384-4cd9-4b89-ae45-88211cd6a239
衢州市,0000000S0000002Z000000070000000X,9.5,2017/10/15,330800,f5f72ee8-c24c-4433-a7bd-8c7737b50410
丽水市,0000001E00000031000000070000000X,3.83,2017/10/5,331100,a96ee842-db2c-4c9c-88ab-05157ccc64a6
湖州市,0000002U0000007X000000070000000X,3.5,2017/1/25,330500,4f520620-c5e3-4b87-90d7-f4937c7c1064
温州市,0000000Z00000031000000070000000X,4.33,2018/6/25,330300,3a7448a7-a002-4ea7-9fa1-1a29c475df13
宁波市,0000001A00000031000000070000000X,4.5,2017/3/25,330200,3b313733-e9fb-449d-b9c1-393e363d89e7
衢州市,0000001400000031000000070000000X,5.83,2019/1/5,330800,539da7c1-0cdf-4b37-be6a-1413503401eb
宁波市,0000000G0000003F0000000700000010,10.87,2018/1/16,330200,2fa61f83-f28a-4749-96f8-c3d3a14f5815
绍兴市,0000001500000031000000070000000X,4,2017/4/5,330600,81ec4306-934c-4db9-babe-2cc065b9e0c8
舟山市,0000000G0000003F0000000700000010,13.2,2018/9/18,330900,f4723a77-7388-47c9-848f-22c2b2e507bc
浙江省,0000001500000031000000070000000X,4.33,2018/8/25,330000,65b6b975-47c0-466f-9460-e743e174e6df
台州市,0000001700000031000000070000000X,2.17,2017/8/15,331000,ff98b4c0-e75a-460d-b1b2-0a115b3af04b
湖州市,0000001E00000031000000070000000X,4.17,2017/3/5,330500,bbe3720d-eb0f-4477-b016-4b35737b1dea
杭州市,0000000P0000002W000000070000000X,4.7,2017/2/25,330100,37a7d6ae-2356-4afb-b3f8-d62868066d33
湖州市,0000000H0000003N000000070000000X,14,2017/6/25,330500,272ed560-3f05-4772-b8fe-3c70df010aab
湖州市,0000002U0000007X000000070000000X,3.77,2018/10/15,330500,7fd7afdc-8b1b-4860-9825-77eaf89764d4
湖州市,0000000Z00000031000000070000000X,5.5,2018/6/25,330500,26bdf2fc-450c-45d0-bd5b-fde4f74a4446
绍兴市,0000000J0000003S000000070000000X,33.67,2017/1/15,330600,f674dfb2-25b1-4be7-ab88-4312f20a0cc3
舟山市,0000000H0000003P000000070000000X,24.67,2017/6/5,330900,2437d3a4-58d8-4ab3-ad3d-1e760fd2a68b
台州市,0000000H0000003P000000070000000X,22.67,2017/12/15,331000,5fbd6a55-f823-4dc1-85db-94d3923d80d0
衢州市,0000001E00000031000000070000000X,3.67,2017/1/25,330800,9b047ebb-0b0a-4bb1-afd1-3a6293b40353
杭州市,0000000H0000003N000000070000000X,14.33,2019/3/5,330100,59acc96e-68b4-42fa-aa3b-e260cdce0524
舟山市,0000002P0000007W000000070000000X,3.1,2017/7/15,330900,c99a0490-c69c-42c9-8e96-6124faf7689a
绍兴市,0000000H0000002T000000070000000X,14,2017/9/15,330600,79fd603e-6487-4495-8a4e-43cf550660f0
浙江省,0000000H0000002T000000070000000X,17.04,2018/12/5,330000,a3b5f8dd-a8fe-4302-80d4-872aaee1dd5b
衢州市,0000000D0000002R000000030000000X,38.33,2017/4/15,330800,0fe33a52-1668-412b-8f29-b74e42d6eb9f
杭州市,0000000Z00000031000000070000000X,5.83,2017/8/15,330100,ff3a72e0-7c30-4f29-9c89-624954b2c202
温州市,0000000H0000003P000000070000000X,25,2018/3/25,330300,38bc1ff0-3c1b-433f-91ee-7abfb2fc0068
金华市,0000000H0000002T000000070000000X,15,2017/6/15,330700,974ea659-fc13-4559-a8a4-dff9a7bf36ca
丽水市,0000000H0000003N000000070000000X,12.33,2018/9/5,331100,57e7f0f8-bc5f-4000-97fc-e375426a197b
杭州市,0000000S0000002Z000000070000000X,8.5,2018/1/5,330100,82fdc8be-2611-4f44-a29d-68922a47b9ce
嘉兴市,0000000P0000002W000000070000000X,4.07,2017/3/15,330400,bfb5925e-4f58-4ef3-9ce9-464f9ee7fda1
台州市,0000000J0000003S000000070000000X,36.33,2018/12/5,331000,c47189db-8e15-4666-8975-8264d4ec0b1e
丽水市,0000002200000038000000070000000X,3.83,2018/11/25,331100,744015d7-cc16-4d3d-8f2c-03ae9f304054
杭州市,0000000G0000003F0000000700000010,10.85,2017/1/3,330100,2e48df78-e6c9-4a95-b401-f15be2880ed8
台州市,0000000H0000003P000000070000000X,24.67,2017/5/25,331000,afd0edfd-8a12-4716-8a3b-5f98302a01c4
金华市,0000001500000031000000070000000X,3.67,2017/12/25,330700,9a5ad474-fda8-44a8-a3df-1e5a487ba532
温州市,0000000P0000002W000000070000000X,5.77,2019/2/15,330300,d7e3a2c8-a123-405d-a3a3-be1517ef9acf
金华市,0000000H0000003P000000070000000X,20.33,2017/4/5,330700,e0dbfa84-d132-4ada-90b5-566d743767a0
温州市,0000000J0000003S000000070000000X,48,2019/3/15,330300,cbf99515-2b7a-47c4-873a-b0165a5513db
金华市,0000000S0000002Z000000070000000X,8,2018/4/25,330700,b7eb0e20-7408-4e58-b74d-defdfdba943c
丽水市,0000001700000031000000070000000X,2.5,2017/11/5,331100,a2809ec5-b2e0-48fa-b6a5-20b818a119cd
湖州市,0000001700000031000000070000000X,3.33,2017/4/5,330500,db8076e2-ae2e-48af-91ba-9d2a56b9f560
湖州市,0000000S0000002Z000000070000000X,9.17,2017/9/15,330500,b4651d55-2799-4ce3-9330-fb7ddaa1ae7f
舟山市,0000001700000031000000070000000X,3,2017/5/15,330900,874753fb-442e-4cd8-9eec-952a7f542b85
衢州市,0000000J0000003Q000000070000000X,39.33,2017/4/5,330800,7a3b6e11-e027-4835-84cb-626c88998a98
丽水市,0000001A00000031000000070000000X,5.83,2018/11/5,331100,c6060a92-521a-47ac-8540-0657a10a7ad4
杭州市,0000001E00000031000000070000000X,3.67,2017/5/5,330100,70657d9a-c55a-4a84-89ca-65a0fdf58624
宁波市,0000000C0000002Q000000030000000X,74.33,2018/3/5,330200,fafa2e58-fa61-43b1-8789-d120ccb3a87b
丽水市,0000000S0000002Z000000070000000X,9.67,2017/6/15,331100,8bc0b577-16b4-45d2-9ed8-e98352fa207a
宁波市,0000001K00000031000000070000000X,3.3,2017/6/25,330200,9dc62e60-528a-496f-a8b3-30e3c321b8a0
湖州市,0000000M0000003V000000070000000X,17.33,2017/5/15,330500,aef35654-b5d0-4a90-aec0-0203f4bcd5af
宁波市,0000001Z00000036000000070000000X,7.53,2019/1/15,330200,4f885854-9501-4766-a0d9-0c2e38b3fa48
宁波市,0000000X0000007T000000070000000X,40.33,2017/4/25,330200,66991325-e5b1-40cf-8e8d-df65f34270eb
衢州市,0000001200000031000000070000000X,3.67,2017/12/15,330800,3a34a49a-9229-4636-9da9-b4abc5df9879
杭州市,0000001500000031000000070000000X,5.33,2018/10/5,330100,427b6acc-e2b8-45d0-acfa-3ab22a25de34
衢州市,0000002U0000007X000000070000000X,5,2018/8/25,330800,b7b8906c-8d12-424c-925a-ddb1a62b18ca
台州市,0000000H0000003P000000070000000X,23,2018/3/25,331000,99a67ef7-289d-4ce0-9863-120d1aab1e53
杭州市,0000002200000038000000070000000X,3.53,2018/5/25,330100,732938a2-9e26-4221-8588-2693d8e67332
舟山市,0000002U0000007X000000070000000X,4.33,2018/9/25,330900,4182e32f-0800-45f6-b844-7c4e22684795
嘉兴市,0000000H0000003P000000070000000X,20.33,2018/5/15,330400,63b91c25-9496-45ca-b506-424edf0eb543
金华市,0000001K00000031000000070000000X,2.83,2017/7/25,330700,7f27837c-2418-4a14-bf16-2459994ffa4d
台州市,0000002200000038000000070000000X,3,2019/1/15,331000,d5ef3117-fbc6-41c5-bde2-b61ef2a21f1c
杭州市,0000000D0000002R000000030000000X,46.33,2018/3/5,330100,52ea5998-acbe-4fe4-ada2-0e62e4bc7977
衢州市,0000001Z00000036000000070000000X,4.67,2017/3/25,330800,d057f815-3927-47fb-b192-47b7b350bbfc
丽水市,0000001Z00000036000000070000000X,6.6,2019/3/5,331100,e4aaf0c0-2817-421d-8bd3-a179dd42b900
台州市,0000000Z00000031000000070000000X,3,2017/2/5,331000,d9d8e3ec-561d-4a05-966c-7f37d015684d
台州市,0000002P0000007W000000070000000X,3.28,2017/4/5,331000,c276bc90-8dd0-4b74-897e-9c743ac54743
金华市,0000001200000031000000070000000X,4.17,2017/3/5,330700,36223e55-1b48-4d80-885e-b38d29db9e9c
宁波市,0000001A00000031000000070000000X,4.97,2018/1/15,330200,32a551c0-130b-435c-b099-23dbce092736
温州市,0000000P0000002W000000070000000X,6.17,2018/10/25,330300,a1e5d123-6ada-4da4-abe5-b95da8d7312d
湖州市,0000001E00000031000000070000000X,4.67,2019/2/25,330500,63b6e59b-ea0c-4ce7-8e88-c6bd4598ffe1
舟山市,0000000P0000003E0000000700000010,4,2017/1/17,330900,4ec6156c-0c9d-44ff-824b-b1da91867e7f
嘉兴市,0000000G0000003F0000000700000010,9.7,2018/7/31,330400,e8a04729-2925-4ccb-9bc2-9dfa5c36ccfa
浙江省,0000000K0000003U000000070000000X,34.78,2017/4/25,330000,0fa05a6d-4eb1-4ea4-bc90-71f2e31bc746
绍兴市,0000001200000031000000070000000X,3.67,2017/11/25,330600,032d06f0-5252-4fc8-bcea-24fce960485e
嘉兴市,0000000H0000003P000000070000000X,22,2017/4/5,330400,938bcc02-883e-47de-b4ba-a3896603f557
湖州市,0000000H0000002T000000070000000X,15.67,2019/1/25,330500,916104e1-7bd7-4afa-95b6-0240ba045388
衢州市,0000001400000031000000070000000X,4.83,2018/8/25,330800,bd1f4156-5b30-446f-96a9-2cf5d794d38d
温州市,0000000G0000003F0000000700000010,7.09,2018/6/26,330300,9c8e921f-a947-466c-b92a-5f155973cf23
衢州市,0000003100000081000000130000000X,77.67,2017/2/15,330800,21126281-8157-42db-8409-d9b82af04424
台州市,0000000P0000003E0000000700000010,4.02,2018/5/8,331000,935f7199-be40-4331-86a3-04b6fef5a540
温州市,0000000C0000002Q000000030000000X,60,2019/3/15,330300,f8bd57be-0741-4bf7-8f01-92be8120f75b
温州市,0000001E00000031000000070000000X,3,2017/3/15,330300,b4a1c503-aeed-4ebc-9720-35f4232d1c49
嘉兴市,0000000J0000003S000000070000000X,32.33,2017/1/5,330400,48efb02d-ecef-45c3-a052-beefa1c4f075
温州市,0000000H0000002T000000070000000X,17.67,2017/1/25,330300,f345ecc4-4837-470b-bd9c-de7dfaeafc8c
衢州市,0000000K0000003U000000070000000X,32.33,2018/7/25,330800,e0ed060f-4a9f-4ada-aeac-633433141187
宁波市,0000002U0000007X000000070000000X,4.53,2018/4/5,330200,48d73318-7293-45c2-b129-d3da74d6216c
杭州市,0000000J0000003S000000070000000X,36.17,2017/12/15,330100,f8a8224a-1054-441b-933d-cd4ebf6e492c
丽水市,0000002U0000007X000000070000000X,4.66,2017/12/25,331100,af6e2e09-0638-45a3-bb51-6eab7b8de175
湖州市,0000000S0000002Z000000070000000X,9.17,2017/9/25,330500,832736c0-58d8-457a-bf3a-281058b93ef3
衢州市,0000000J0000003S000000070000000X,35.67,2017/6/25,330800,06f7ecd2-fb0d-4b93-939a-05024fa66698
杭州市,0000000J0000003Q000000070000000X,41.33,2018/9/15,330100,b170ac63-0e9d-445b-973c-e70b2426f51d
绍兴市,0000000Z00000031000000070000000X,3.83,2018/11/15,330600,aaf8902b-3466-4381-9947-5e0861b856fb
宁波市,0000001500000031000000070000000X,4.5,2018/8/15,330200,9ba2a081-79ff-478d-82f0-db350f142bc4
湖州市,0000000H0000003N000000070000000X,12.33,2018/7/5,330500,6b9538ad-3cdc-477d-83c5-649279a5afa4
嘉兴市,0000000J0000003S000000070000000X,32.33,2017/12/5,330400,076b41e4-2aa1-4409-9a4f-816e963a44c0
嘉兴市,0000000P0000002W000000070000000X,3.63,2017/5/25,330400,6d21325b-6c6a-4e8e-85e6-42f43e226329
杭州市,0000002P0000007W000000070000000X,3,2019/2/25,330100,dd7362e0-aa96-452a-8b44-4b218171eabb
宁波市,0000000S0000002Z000000070000000X,8.67,2017/4/15,330200,d1672f17-7908-4ff4-9931-37b91ff25ec8
浙江省,0000001200000031000000070000000X,4.24,2018/1/15,330000,e90c6d31-f9af-430c-926f-82a9b4b17143
丽水市,0000001700000031000000070000000X,2.5,2018/8/15,331100,96386bf9-eae5-4bb3-8d51-855325811c28
杭州市,0000000X0000007T000000070000000X,40,2019/1/15,330100,8f54945a-28fe-4923-9343-a473f543efd4
温州市,0000001Z00000036000000070000000X,8,2018/6/25,330300,04a9014c-18f2-4584-889d-cb4dcabee11d
金华市,0000000H0000002T000000070000000X,13.67,2018/7/25,330700,98715c13-af46-4f51-ae4c-baa6c3909cb0
金华市,0000001200000031000000070000000X,3.33,2017/8/25,330700,1458b32e-49e7-43f5-be0c-7d404df84bbe
宁波市,0000000P0000002W000000070000000X,6.1,2019/1/15,330200,14bb8b4d-2643-4451-b0b5-bd0dc6def326
绍兴市,0000000H0000003N000000070000000X,15.83,2018/10/15,330600,55696d03-b521-4c18-b10b-b7191b52a9c8
舟山市,0000000H0000002T000000070000000X,15.33,2018/10/5,330900,66394da5-fd7b-4c97-b7dd-ce94205db1d8
温州市,0000000D0000002R000000030000000X,50.33,2018/4/5,330300,8fd5cc08-1402-44ca-879f-92fd3367d25d
温州市,0000000G0000003F0000000700000010,8.19,2018/2/20,330300,dd3b37f8-c77b-4fbc-8a54-664640583ad9
丽水市,0000000P0000002W000000070000000X,6,2018/9/5,331100,7f2c88a3-0617-444a-bb49-cb754606c052
嘉兴市,0000001Z00000036000000070000000X,5.33,2018/9/25,330400,4ecfacc1-e39a-42ca-a48a-5f2b093f4d8c
衢州市,0000002U0000007X000000070000000X,4.67,2018/3/5,330800,4409842c-0334-40d8-ad31-87a82be77e64
湖州市,0000000H0000002T000000070000000X,15,2018/5/15,330500,3a58b4d5-d941-4fc2-b115-2fbc22d1e620
嘉兴市,0000001K00000031000000070000000X,4.17,2019/2/25,330400,b7bd7c92-a69c-42e5-89ed-c652fea3efb3
绍兴市,0000001K00000031000000070000000X,3.5,2017/8/15,330600,d3df99ef-d206-4df9-b9d3-82e38991bc2a
金华市,0000000J0000003Q000000070000000X,41,2018/3/15,330700,e25107ca-6e9e-4c40-8203-242f2f4fa1b3
嘉兴市,0000000P0000002W000000070000000X,5.4,2017/12/5,330400,997afaf2-b075-4ba9-941a-691807d1ce08
浙江省,0000001K00000031000000070000000X,3.42,2019/2/25,330000,6adfc407-aa1a-4d74-904d-121dc844e5e0
绍兴市,0000001A00000031000000070000000X,3.5,2017/7/5,330600,841762de-adc4-44b9-9cc7-de84b08cee43
湖州市,0000002200000038000000070000000X,4.17,2017/8/5,330500,8248dcfd-e46b-4d6f-ba20-774c4344d728
温州市,0000000P0000003E0000000700000010,4.3,2018/7/31,330300,2e698d46-d25f-405e-93c8-2866fb885c8a
台州市,0000000H0000003N000000070000000X,12.33,2017/11/5,331000,46ce74b3-38f3-47f0-ae6a-3d8e8d36552b
嘉兴市,0000000H0000003P000000070000000X,22,2017/4/5,330400,d146ed2b-fdaa-4b32-9f2d-e06ec3e12da3
杭州市,0000001200000031000000070000000X,5,2017/2/15,330100,ec4d2a7b-8fe4-4a40-97e6-83e887c6d699
宁波市,0000000Z00000031000000070000000X,6.1,2017/12/25,330200,f3cca09f-f947-4083-b51d-b733bdb2c245
丽水市,0000002200000038000000070000000X,3.16,2018/6/5,331100,dcb9d7ea-3e82-4b72-8016-f212fc45efb2
舟山市,0000001A00000031000000070000000X,4,2017/12/5,330900,4a32d234-e995-4caa-a55d-cd355af31eef
宁波市,0000000S0000002Z000000070000000X,10.5,2018/2/25,330200,7053e28c-2244-476f-8a79-38f21a0f786e
台州市,0000000P0000003E0000000700000010,2.9,2017/2/21,331000,c2474a8e-69cc-4eb9-a159-4ed34cdd5e26
舟山市,0000000Z00000031000000070000000X,3.5,2017/1/5,330900,eb8fe688-e65a-42e1-bb42-c45fe645438b
绍兴市,0000001E00000031000000070000000X,4,2017/1/5,330600,f33932d5-a213-469f-914e-c8f5651fbabc
宁波市,0000000Z00000031000000070000000X,3.9,2017/2/25,330200,f618d27d-cf88-40e1-b054-8514dc7849ce
温州市,0000001700000031000000070000000X,2.83,2016/12/25,330300,0489a05a-0c61-4272-a73b-756294f8be35
杭州市,0000000G0000003F0000000700000010,10.08,2018/9/4,330100,1458ecec-d4b7-473a-b074-1471ebfc3b3a
杭州市,0000001K00000031000000070000000X,3.87,2018/4/5,330100,ba30eda8-ddd6-4145-9fb5-68ad53b6b552
丽水市,0000001A00000031000000070000000X,5.5,2018/1/25,331100,8e31a713-7c8a-4476-a224-6d7623d8af14
金华市,0000000M0000003V000000070000000X,12.33,2017/9/5,330700,6df7e33a-3baf-42fa-946c-70a39cc8329a
温州市,0000001Z00000036000000070000000X,7.83,2017/5/15,330300,338281b8-8cee-4546-af06-e0ac0a2faa3c
浙江省,0000001500000031000000070000000X,4.3,2018/3/15,330000,680e3cf9-c5c4-4871-98ce-3986871fca59
温州市,0000000G0000003F0000000700000010,9,2017/7/25,330300,27641a5e-d4aa-44d1-85d0-95d8e661edd4
绍兴市,0000001400000031000000070000000X,5,2017/5/5,330600,0b57296f-455b-4c60-bcc1-7f87047c6039
丽水市,0000003100000081000000130000000X,84,2017/4/5,331100,b7976c7a-904a-40a0-bfb0-8e62bda059a2
丽水市,0000000Z00000031000000070000000X,4.17,2018/6/25,331100,e10e3ab5-6499-4571-9952-c8b2ce04edfb
金华市,0000000J0000003Q000000070000000X,41,2018/1/5,330700,35ad72b4-bb20-46c6-83c0-ce3e997eebc4
湖州市,0000001200000031000000070000000X,4.5,2017/3/5,330500,bc5d88c3-80e6-4882-b887-20c6329acec0
衢州市,0000000K0000003U000000070000000X,34.33,2017/2/25,330800,308e2d9d-9777-440f-a16e-9bc92f952982
丽水市,0000000P0000002W000000070000000X,4.67,2018/5/5,331100,000ec26e-4233-46ae-a77f-7f78af12a4f5
浙江省,0000001200000031000000070000000X,3.49,2017/5/5,330000,90f3e878-b9e4-4565-bc2c-b744cffd97e1
温州市,0000001400000031000000070000000X,9.33,2018/2/15,330300,6611c659-f25e-4b07-b940-eb6823424719
金华市,0000001Z00000036000000070000000X,4.93,2016/12/15,330700,77497b26-6b98-4515-a9d2-55cf708fec67
温州市,0000001K00000031000000070000000X,3,2017/6/25,330300,90beaecf-3542-4801-9239-d850debffd49
湖州市,0000001E00000031000000070000000X,4.17,2017/3/25,330500,0c4e724e-8f10-43df-b954-1457f0975d32
宁波市,0000000H0000003N000000070000000X,14.17,2019/2/25,330200,5c7a4136-9c34-45f4-8541-a2296c4e8025
金华市,0000000C0000002Q000000030000000X,68.87,2018/7/25,330700,fcd8df0b-f236-430b-a388-8a34a0951c3c
丽水市,0000001A00000031000000070000000X,4.83,2017/5/5,331100,1d45d90a-5a69-4307-ae10-8daf2f532d25
衢州市,0000002U0000007X000000070000000X,4.33,2017/4/5,330800,d736a4d7-365a-4efa-81e6-ca27726eec5c
湖州市,0000000P0000002W000000070000000X,5,2017/2/5,330500,8f36d5ac-5590-40a0-b1d9-fc93569143f0
绍兴市,0000001400000031000000070000000X,5.33,2017/8/25,330600,cec87132-efb6-4fb1-8a7a-6e4ebe14dee1
丽水市,0000000P0000003E0000000700000010,2.5,2017/5/30,331100,56086696-3938-4dcc-b503-7bd5db790f43
衢州市,0000000X0000007T000000070000000X,26.67,2017/5/5,330800,0da84d84-13f5-4368-becd-133969211005
丽水市,0000000P0000002W000000070000000X,4.93,2018/6/5,331100,e3dbaeef-9a12-475e-a058-e8f429a73cf7
金华市,0000000D0000002R000000030000000X,44.67,2017/1/5,330700,97b5acd1-61c8-44a3-a3af-746e71245e0c
丽水市,0000000J0000003Q000000070000000X,42.67,2018/12/5,331100,b942a2d6-e1ef-4ef5-8083-e2d6a7289219
宁波市,0000003100000081000000130000000X,175.33,2017/9/25,330200,9a7b35ef-a237-4634-a1aa-fca12d91fc12
金华市,0000000H0000002T000000070000000X,13,2018/6/15,330700,13b5c401-5eb1-4136-86bc-8fdfd4d07d59
台州市,0000000H0000003P000000070000000X,24.33,2017/7/25,331000,40f3dd4d-c300-42ff-9a22-3b889878abc7
丽水市,0000001A00000031000000070000000X,7.33,2019/3/15,331100,25cffdd1-e5d2-44a6-b158-64116db9f957
台州市,0000001Z00000036000000070000000X,6.33,2017/3/25,331000,3d83e07e-a724-44f2-8f0e-f3af7c936a68
浙江省,0000000D0000002R000000030000000X,43.2,2018/6/5,330000,3e6a4f7f-c081-47ec-95e8-85a9331e7080
杭州市,0000000D0000002R000000030000000X,46,2017/4/15,330100,801c9c5a-8d72-46d3-99d6-09b0ed316023
杭州市,0000000H0000002T000000070000000X,16.67,2019/2/25,330100,b1a77262-cb7b-4dc5-a2de-0c2bcd23cb10
杭州市,0000002U0000007X000000070000000X,4.5,2018/9/25,330100,799b6e74-8a08-4a84-80ef-68cfa4d2614f
嘉兴市,0000000G0000003F0000000700000010,9.95,2017/5/9,330400,e6733fc8-cec7-4c77-b941-e64123c25133
丽水市,0000001K00000031000000070000000X,2.83,2017/2/25,331100,7d2563fa-c7c5-4d01-8f8a-088da50b33e9
台州市,0000001E00000031000000070000000X,2.83,2019/2/15,331000,2d54c7f2-d1a0-4afa-b290-1176dc4797fd
宁波市,0000001A00000031000000070000000X,5.17,2018/9/5,330200,fcd6d30f-e078-4e86-80b7-3e75875f405f
宁波市,0000000S0000002Z000000070000000X,10.03,2018/3/5,330200,f9657901-d33a-4613-b0b2-71565e562528
杭州市,0000001200000031000000070000000X,3.83,2017/10/25,330100,6569e0ce-d694-400b-b981-cd5406d9e798
衢州市,0000000H0000002T000000070000000X,20,2017/2/25,330800,d560e2be-ef97-40d4-9b6b-9a319aa70c5b
宁波市,0000000G0000003F0000000700000010,11.46,2018/11/20,330200,d4e9da68-a274-42c8-a144-5393300ab177
丽水市,0000001A00000031000000070000000X,5.83,2018/10/15,331100,5febc265-eb54-4437-9eba-ee942882ef06
衢州市,0000000S0000002Z000000070000000X,9.17,2018/10/5,330800,2732de60-5579-409d-844c-8c8787387b71
丽水市,0000001500000031000000070000000X,3.83,2018/4/5,331100,74e6a335-4a3e-49e8-b2bf-36458435ac30
杭州市,0000000H0000002T000000070000000X,17.33,2017/1/15,330100,c0f624ec-1d0c-4516-9eef-5512f1d7502a
嘉兴市,0000001700000031000000070000000X,3.27,2018/8/25,330400,5e7606bd-05c7-4b48-97c0-f659c6c762e6
丽水市,0000000C0000002Q000000030000000X,70.23,2019/3/15,331100,e8cd01e3-ba3a-4584-8a40-b39299ca0401
湖州市,0000000H0000003P000000070000000X,19.33,2018/12/25,330500,855b8e7f-8cad-4701-9a75-2bc7e8c745ec
浙江省,0000000S0000002Z000000070000000X,8.79,2017/3/25,330000,7ea9f1e4-e79a-4d6f-abf8-7c192285598c
嘉兴市,0000002U0000007X000000070000000X,3.87,2018/7/25,330400,36d6119c-7311-48bd-a4dc-9217b7781f32
台州市,0000001400000031000000070000000X,5.17,2016/12/15,331000,f151bd25-f17c-449a-9291-f7ab8a9e6f4b
浙江省,0000001500000031000000070000000X,4.5,2017/11/5,330000,f9051662-a10f-4661-9442-2c561a301783
金华市,0000000P0000002W000000070000000X,5,2018/4/25,330700,d3b8af1d-9eb1-419a-90a7-a7fc77a7c0d0
金华市,0000001A00000031000000070000000X,5.5,2017/3/15,330700,42db7ac4-e0af-4566-b793-ebb19df765fa
嘉兴市,0000000X0000007T000000070000000X,33.33,2018/7/5,330400,cb0b7702-5fa5-4a35-8e4d-6993d5cb5ae2
台州市,0000000C0000002Q000000030000000X,63.33,2018/12/25,331000,a15e2059-058a-4601-a10e-d9edce60444d
台州市,0000000S0000002Z000000070000000X,10.33,2017/8/15,331000,08b84ce7-a703-4a40-b69f-47f8afc87d32
浙江省,0000000J0000003S000000070000000X,35.23,2017/2/5,330000,35a67078-285c-4add-ae32-cd8ba45aa411
浙江省,0000000C0000002Q000000030000000X,64.06,2017/7/5,330000,d7d4e874-817b-4d11-b493-b7715e8f6bde
嘉兴市,0000000G0000003F0000000700000010,8.3,2018/6/19,330400,9edb4238-7fde-4705-931d-5b5d6b7ef87c
丽水市,0000000G0000003F0000000700000010,9.3,2017/8/15,331100,5f088156-ecd6-4aa5-b9ba-5c67651bc9ff
舟山市,0000000H0000003N000000070000000X,15.33,2017/5/25,330900,083d76ba-2597-4c9d-8b3f-3765c1e6523d
湖州市,0000000Z00000031000000070000000X,3.17,2017/4/25,330500,565a1eeb-0222-42f4-a73f-c09c0a13750b
衢州市,0000000G0000003F0000000700000010,9.95,2017/5/23,330800,3090fde9-fdd7-4260-b33b-cf5eade19150
嘉兴市,0000000S0000002Z000000070000000X,8.33,2017/3/15,330400,72651463-5b25-4966-99b9-3a5ecfc618e7
杭州市,0000000H0000003N000000070000000X,15.67,2017/5/15,330100,03793f9d-d0f1-4c89-a579-ba89032e7653
嘉兴市,0000000J0000003S000000070000000X,32.33,2017/10/15,330400,5f35d217-bc1e-46ea-a874-4a433b0a790b
丽水市,0000000H0000003N000000070000000X,11,2018/5/25,331100,71b9536f-1e6c-46fb-bcb7-0324b176b962
湖州市,0000001200000031000000070000000X,4,2017/9/25,330500,5146c345-c3df-4f59-9103-9cddef978be9
杭州市,0000002200000038000000070000000X,3.33,2018/7/15,330100,81d466c2-745a-4cc0-9559-1fb03116f01b
金华市,0000000C0000002Q000000030000000X,68.17,2017/1/5,330700,e58d65f9-21cf-4d68-9720-ba08616584f0
温州市,0000000P0000003E0000000700000010,4.13,2017/11/7,330300,0a180211-cce5-47e2-a2b4-886b75ca0b80
绍兴市,0000000Z00000031000000070000000X,3.5,2017/2/5,330600,b4033a49-0dc2-47a8-a24e-64c0d8d372a0
丽水市,0000000D0000002R000000030000000X,54.6,2018/11/15,331100,a73a3638-06cc-4e00-92d7-cea0e5b83942
台州市,0000000H0000002T000000070000000X,13.17,2017/11/25,331000,1a541c8a-1fd3-4339-8d15-81b1dfcad200
台州市,0000000H0000002T000000070000000X,12.33,2018/3/5,331000,ba8c0860-5400-4608-a0e3-15a68e557ae0
温州市,0000001Z00000036000000070000000X,8.5,2017/3/5,330300,a2e80ef4-9174-4ad8-a75f-80748de230b0
台州市,0000000C0000002Q000000030000000X,63.33,2018/4/25,331000,36bd82be-f352-40de-b4dc-ed611a6195a9
杭州市,0000000G0000003F0000000700000010,9.63,2017/9/19,330100,0e4b5eca-46f6-457b-9713-d53b0bb44cd0
绍兴市,0000000G0000003F0000000700000010,7,2018/5/22,330600,3a291fd0-922f-4600-b7cd-27379999594c
金华市,0000001200000031000000070000000X,6.5,2017/1/25,330700,be1a8916-ad53-472e-b351-02ec1a25de88
衢州市,0000001500000031000000070000000X,3.83,2018/8/25,330800,9a519a02-ba9b-4f49-996f-4c26a6a98a4b
台州市,0000000P0000002W000000070000000X,5.83,2018/8/15,331000,8b39c013-6e8c-472d-ac80-b58e9c62c582
温州市,0000003100000081000000130000000X,63,2017/7/25,330300,6ba5fbf8-40e9-4103-9f58-afb145146180
衢州市,0000002P0000007W000000070000000X,2.5,2017/3/25,330800,a33f7d23-3af7-4ed6-8665-949195988440
湖州市,0000001400000031000000070000000X,7.83,2018/3/5,330500,f2a5254f-6903-4b43-8d11-973cc1675b32
湖州市,0000001Z00000036000000070000000X,5.33,2017/3/15,330500,0c57cecb-178f-4202-8edc-a8d94f7f6007
衢州市,0000000S0000002Z000000070000000X,8.83,2018/11/5,330800,cc9cdac6-179b-498c-8b86-d53e1329078c
嘉兴市,0000000H0000003P000000070000000X,23.33,2017/2/15,330400,63715b95-3ab3-4d50-8173-19327279d38f
温州市,0000000K0000003U000000070000000X,48,2017/4/25,330300,7095c327-5945-41aa-b95c-bc0835250a27
温州市,0000000H0000002T000000070000000X,21.67,2018/10/5,330300,1d4b0623-4fe3-405c-ac81-2dc2fe002834
温州市,0000000Z00000031000000070000000X,4.17,2017/12/25,330300,fc1a4098-8364-4f77-be6e-66dff5ed0de1
舟山市,0000001E00000031000000070000000X,3,2017/3/25,330900,2f124875-2a64-4c47-9b1f-1b3b096a09f0
丽水市,0000003100000081000000130000000X,84,2017/11/15,331100,6416dbf2-3777-4d1c-9527-65f870d23368
杭州市,0000000J0000003S000000070000000X,35.5,2017/6/25,330100,d102c6d3-65b2-4673-a18c-264e1081930e
温州市,0000000H0000002T000000070000000X,16.33,2018/7/5,330300,d48cc27f-a804-41f9-9636-e37652cd5577
湖州市,0000000M0000003V000000070000000X,17.67,2017/2/25,330500,184921c2-0470-4fde-b9bc-f4f477c931ae
杭州市,0000002P0000007W000000070000000X,3,2018/11/5,330100,85b48bae-16e1-4e50-8af4-b3542b1dc005
嘉兴市,0000000C0000002Q000000030000000X,68.33,2018/3/25,330400,eb75e159-5fa3-480b-b345-39257e8522fe
湖州市,0000002200000038000000070000000X,4,2018/9/5,330500,b0e4bd7a-6d4b-4f34-92e5-a27d19d5263a
宁波市,0000000D0000002R000000030000000X,46.43,2017/5/5,330200,28e27f1b-f6e2-4eec-8bd8-08c464957413
金华市,0000001700000031000000070000000X,2.67,2017/5/5,330700,64d1932f-95af-4a73-acc0-5a774ccb382d
衢州市,0000000C0000002Q000000030000000X,66,2017/7/25,330800,37ed2b91-2c8d-44c0-a497-3948d8ceb722
丽水市,0000000G0000003F0000000700000010,10.6,2017/3/14,331100,4880923d-b3ea-40de-aeb9-63d9224d00ae
金华市,0000000H0000003P000000070000000X,20.33,2017/9/25,330700,124fec66-1cef-4462-8318-8852678311d8
浙江省,0000001200000031000000070000000X,3.62,2018/7/25,330000,94e18ad7-f9fb-4e88-86ed-23c351586644
湖州市,0000001500000031000000070000000X,5,2018/3/5,330500,a898cdc7-01ba-4689-9926-0c5817f9246b
湖州市,0000003100000081000000130000000X,77,2017/11/25,330500,859a66e5-d7c1-4499-80b2-2728c849f7f1
丽水市,0000000H0000003P000000070000000X,24.67,2018/11/5,331100,229eed18-b5b1-4498-964f-edcc4be372e2
嘉兴市,0000000X0000007T000000070000000X,37.33,2017/2/5,330400,26ca6d5a-285c-415c-9fa4-08702d57cfe6
杭州市,0000001A00000031000000070000000X,5.67,2018/11/15,330100,5fa46c86-94c1-4759-8d43-3e42657f91bb
丽水市,0000001700000031000000070000000X,2.5,2017/11/25,331100,5f969aae-74bb-44dc-b0c9-ad4f3cdc698a
湖州市,0000000J0000003Q000000070000000X,40,2019/3/5,330500,a23cd6f7-74bd-4ec0-927c-b596b3cd203e
衢州市,0000001K00000031000000070000000X,2,2017/4/15,330800,2d976143-2e63-4730-99bd-2505ec81648d
湖州市,0000002U0000007X000000070000000X,3.87,2018/2/5,330500,cadb2c21-3a67-46c8-ac89-2e36a92753cb
温州市,0000000Z00000031000000070000000X,4.33,2019/1/25,330300,87b0e71e-1779-4f5c-9693-9f2b1f97e081
舟山市,0000000D0000002R000000030000000X,44.3,2018/11/15,330900,259dd144-bbaa-46a6-8dfa-cff7393053b9
宁波市,0000001500000031000000070000000X,3.93,2017/5/5,330200,8ca103db-7956-4710-a071-8dcdca70a366
台州市,0000001200000031000000070000000X,3.5,2018/1/5,331000,a2a8fbe7-546b-45b1-9fe1-e20b98a7453d
嘉兴市,0000000M0000003V000000070000000X,11.17,2017/4/25,330400,4713e0d5-9e09-44a9-a820-dbc8b7c6eeca
湖州市,0000001K00000031000000070000000X,3.5,2017/7/5,330500,39f344f3-419a-4057-a615-a5f288f04537
宁波市,0000000J0000003S000000070000000X,30.33,2017/6/25,330200,fe671e2e-3f61-423b-a693-97deb9298177
台州市,0000000J0000003Q000000070000000X,39.33,2018/2/5,331000,c9aea8e4-0590-4b8d-8a65-af562e9f5fa2
浙江省,0000000S0000002Z000000070000000X,9.51,2018/2/15,330000,02ff174d-6423-4e0a-8c38-2de03ff231da
湖州市,0000001200000031000000070000000X,3.5,2018/6/15,330500,fb324838-5c85-414a-9c97-17afb211a083
舟山市,0000002U0000007X000000070000000X,3.83,2017/11/25,330900,d5e603dd-f4cb-4f98-b38a-c2f7182b87b7
浙江省,0000003100000081000000130000000X,91.21,2017/1/25,330000,b1684164-f78a-4b1f-a1bc-279534d10849
舟山市,0000000S0000002Z000000070000000X,11.67,2017/9/15,330900,438b14f5-a2d6-41f3-b573-0f7e6fb560bd
舟山市,0000001K00000031000000070000000X,2.83,2017/5/15,330900,168c507f-a0d1-49a0-9ce6-fd22c8debaea
衢州市,0000000Z00000031000000070000000X,2.5,2017/4/5,330800,fa50407a-9248-4cd5-acf5-0f48c1c04a63
宁波市,0000001K00000031000000070000000X,3.3,2017/7/5,330200,4ee8c01f-386d-46b6-b799-197524bf4306
舟山市,0000002P0000007W000000070000000X,3.1,2017/3/25,330900,f9e19871-bb54-4204-b779-897d98812278
舟山市,0000002200000038000000070000000X,4.17,2017/6/5,330900,2276b3b4-d624-4e46-a2cf-be6747590737
杭州市,0000001Z00000036000000070000000X,6.37,2018/5/5,330100,2fe49601-355e-4f33-b3b0-3c6da0bcc4f9
舟山市,0000001700000031000000070000000X,2.67,2017/9/5,330900,77247e92-a37f-4027-9e58-a2433e0826f5
舟山市,0000000H0000002T000000070000000X,13,2018/6/25,330900,b1574363-c966-4d36-8ad1-6d519132aeba
衢州市,0000000P0000002W000000070000000X,5.17,2018/3/15,330800,6fd1d580-677e-4935-9cfd-b502f92fa0d2
杭州市,0000000H0000003P000000070000000X,22.33,2018/3/15,330100,1fb8c8b1-8355-4109-a274-fe33298c9fe6
金华市,0000001E00000031000000070000000X,4,2017/11/5,330700,3d1d00bf-57df-4dc5-b783-a5247788709e
衢州市,0000002U0000007X000000070000000X,4.67,2018/1/15,330800,244b0f09-e894-4b86-9d24-32dcffba7041
杭州市,0000000H0000003P000000070000000X,22.67,2019/2/5,330100,4b18f42c-07c5-4f3b-8431-7abf33e46a1e
温州市,0000000P0000002W000000070000000X,6.17,2018/10/15,330300,8fca7a52-7bbd-4b9b-80a5-441429e51c77
湖州市,0000000P0000002W000000070000000X,4.83,2017/3/15,330500,36fcbd96-b27b-48fd-b006-849c1a7ed71b
浙江省,0000001400000031000000070000000X,5.22,2018/11/25,330000,d3bfbd49-720b-4034-8ca7-55addd410f6a
杭州市,0000000X0000007T000000070000000X,39,2017/9/15,330100,b92b1dc6-36e8-42ee-8fed-ff8baf8dff01
杭州市,0000000P0000003E0000000700000010,2.6,2017/4/25,330100,3bcc0aeb-e250-41a7-80ce-0112e475afd0
舟山市,0000001700000031000000070000000X,2.67,2017/11/25,330900,048de322-9360-4631-b1cb-9ba23b84586d
金华市,0000000J0000003S000000070000000X,34.33,2017/10/15,330700,07a2886d-b7f2-4c49-9f37-b4f5320fc378
衢州市,0000000C0000002Q000000030000000X,68.33,2018/6/25,330800,ac2dccad-1812-4f12-a0b9-89577eb16334
丽水市,0000002200000038000000070000000X,3.33,2018/10/25,331100,01225a0c-6610-4f18-b4fe-8f5909f57786
丽水市,0000000H0000003N000000070000000X,13,2017/12/5,331100,2aca6649-139a-4713-9737-b99d96e69c41
湖州市,0000002U0000007X000000070000000X,3.6,2017/9/5,330500,e06630a8-79ab-48b1-b31f-1e627a1eeb5a
舟山市,0000002U0000007X000000070000000X,3.83,2017/8/25,330900,0fe518c1-af24-4787-92f5-d1d5b0650ebe
温州市,0000001A00000031000000070000000X,4.67,2017/3/5,330300,11bd9c66-bdc7-4c9e-aba8-4b0d63b09cbf
湖州市,0000000H0000002T000000070000000X,15.67,2019/2/5,330500,cad968d7-ac83-425f-bec6-7176fe1f8756
浙江省,0000000M0000003V000000070000000X,12.4,2018/4/15,330000,d48171aa-14a8-4874-9c32-d05a6364d330
绍兴市,0000001400000031000000070000000X,6.33,2017/3/25,330600,23f5ab96-8fe0-483d-90cc-33936e0d06ae
台州市,0000001400000031000000070000000X,5.67,2017/2/25,331000,4b79dbc6-eac8-4ef1-8303-33fec5b58a36
衢州市,0000001E00000031000000070000000X,5,2018/5/25,330800,f4c8b418-8e06-47fc-b075-5e6467a98706
浙江省,0000000J0000003S000000070000000X,34.83,2017/12/5,330000,43e16886-6517-4d4f-99cc-6a6258a91b9a
绍兴市,0000001Z00000036000000070000000X,5.33,2019/2/5,330600,642d6ad0-ef0d-4164-a5e2-c800027413e7
温州市,0000000X0000007T000000070000000X,35.67,2017/10/15,330300,efeaa9f2-de01-4a90-ba80-6201ac527fb4
嘉兴市,0000001400000031000000070000000X,5.83,2017/4/15,330400,1235037d-351e-4170-95d7-a09b14a3a1e8
宁波市,0000000H0000002T000000070000000X,15.33,2017/12/5,330200,80e6e071-9829-48a4-8a5d-30b38f6f1b62
丽水市,0000001Z00000036000000070000000X,4.83,2017/5/5,331100,9279148b-c857-42ac-8b58-d0b9a342fb0f
舟山市,0000000P0000003E0000000700000010,4.5,2018/7/31,330900,02df7b41-7f97-4979-ba34-c722549c7dc5
舟山市,0000000H0000003N000000070000000X,13.67,2019/3/5,330900,0ef6e71d-ba68-4cf5-b6ab-10ed441ea965
绍兴市,0000003100000081000000130000000X,66,2017/2/5,330600,4bc96132-b25d-4c86-bf54-4ad4c1a13488
杭州市,0000000P0000003E0000000700000010,3.8,2017/1/24,330100,44ad9dc0-4512-4482-b9e7-4683cd756f58
嘉兴市,0000000Z00000031000000070000000X,5,2018/8/5,330400,b011d5f8-2dbc-4324-b206-8f98968846ed
嘉兴市,0000000G0000003F0000000700000010,10.85,2017/12/19,330400,8b394669-7f0a-4831-b1cb-d97d72529fc0
丽水市,0000003100000081000000130000000X,84,2017/2/15,331100,b9c9d756-e954-407b-87e7-a956bd5aff61
湖州市,0000002U0000007X000000070000000X,3.77,2018/8/5,330500,d6b75a7f-b0ad-4608-b507-e66e4a3a9ed4
绍兴市,0000002200000038000000070000000X,2.83,2017/5/5,330600,f134a161-dc5b-4c58-ad5a-fae3bd7ef8d7
台州市,0000000G0000003F0000000700000010,9.6,2017/8/15,331000,07941b49-1815-47af-98aa-0ad448d4c5ec
丽水市,0000001A00000031000000070000000X,4.83,2017/1/15,331100,fedc9787-b722-4413-884c-2d18ce048cba
嘉兴市,0000001E00000031000000070000000X,4.67,2018/5/25,330400,e8bf0608-5bcd-4c47-becf-722d9e5d36b0
绍兴市,0000001200000031000000070000000X,3.83,2018/4/25,330600,2cab8cc8-2c8e-486d-8292-1875ff079dca
金华市,0000000J0000003Q000000070000000X,41.67,2017/5/5,330700,c8ece7a1-df94-44f8-aacd-46c444f24fca
舟山市,0000000J0000003S000000070000000X,34.33,2018/1/5,330900,bf72558b-7c5c-4a70-bef0-443c077427e9
丽水市,0000000X0000007T000000070000000X,46.67,2017/5/25,331100,95defb96-d339-40d5-973b-1ac64d55e6cb
丽水市,0000000P0000002W000000070000000X,5.77,2018/2/25,331100,e529a68b-45bd-4e1c-aed5-6b834226abf9
绍兴市,0000000H0000003N000000070000000X,13,2018/3/15,330600,b97fdd38-18ab-4a05-87ae-dece891f529d
杭州市,0000002200000038000000070000000X,3.67,2019/1/15,330100,9ed8e09f-7960-4e21-9467-40ce40647d76
湖州市,0000000H0000003P000000070000000X,18,2017/7/15,330500,51817546-65c4-4650-a6e8-8d48c45afe85
丽水市,0000000M0000003V000000070000000X,9.33,2017/7/25,331100,6c1a2121-06dc-4e81-b3ea-9de9c0eb2fc0
嘉兴市,0000000S0000002Z000000070000000X,8.83,2018/1/15,330400,70a42c12-dc0e-4c66-8123-2ea5ba5cb07d
温州市,0000000G0000003F0000000700000010,9.55,2018/12/11,330300,bddfbacf-96fe-499c-bb9f-d9e058118451
丽水市,0000000P0000002W000000070000000X,3.93,2017/8/5,331100,8e0dbff6-b0bd-44f8-a1f7-368a50ba768d
湖州市,0000001Z00000036000000070000000X,5.33,2017/5/15,330500,373735fc-8e8e-4c66-928a-64eb93875d56
浙江省,0000002U0000007X000000070000000X,4.3,2017/6/15,330000,e0a33859-07c8-42d8-9f7c-88818fa1a43f
湖州市,0000002U0000007X000000070000000X,3.87,2018/2/15,330500,4c00a2dc-749f-40a2-9ea8-6766afcc01c6
台州市,0000000M0000003V000000070000000X,10.33,2017/11/5,331000,f83c14ab-aba8-4710-92f8-b3b070c3cff9
浙江省,0000001700000031000000070000000X,2.76,2017/1/5,330000,550d5740-8419-454f-b7eb-8bb97133fbce
宁波市,0000001K00000031000000070000000X,2.67,2017/4/25,330200,b1fcbdcc-32c6-4d8c-b4d1-5428a16d1cad
绍兴市,0000001400000031000000070000000X,4.67,2018/9/15,330600,fe2d7ae5-6f31-4514-908f-f02853757b97
湖州市,0000000D0000002R000000030000000X,37.67,2018/3/15,330500,0da94efe-3912-43c1-8afe-b96ea554bf93
嘉兴市,0000000H0000003P000000070000000X,22,2017/7/15,330400,74a87941-935d-4d8d-9d33-20cc01fe95b0
嘉兴市,0000000X0000007T000000070000000X,33,2017/2/15,330400,96e6171e-4c71-4de6-a15a-1fe5b3acc5e5
湖州市,0000000P0000002W000000070000000X,5,2017/8/15,330500,07dbf8e8-bdee-4285-bcff-dda05d68c3d0
金华市,0000001Z00000036000000070000000X,5.33,2017/2/5,330700,f9e93b08-2adf-4f2b-bfc2-045a7e75c1a8
丽水市,0000000M0000003V000000070000000X,9.33,2017/7/5,331100,7f17b29a-3bec-46e1-8d0f-ed3710f1a513
杭州市,0000000J0000003S000000070000000X,36.17,2018/1/5,330100,9ebcb39f-91a1-4b5c-8f16-f1773eaf4d6f
舟山市,0000000X0000007T000000070000000X,36.67,2018/11/25,330900,453cb021-d2b5-4307-86d0-f51b1edd6653
绍兴市,0000001E00000031000000070000000X,2.67,2017/3/25,330600,db6a3b6b-619d-4024-bb62-677756b64b01
温州市,0000000P0000002W000000070000000X,5.5,2017/12/15,330300,2dc77ece-6a4d-4d67-a2f6-204f08be1cd3
绍兴市,0000001400000031000000070000000X,10,2019/2/5,330600,deb1a62e-e20e-4155-b416-d844de318fe8
湖州市,0000000H0000003N000000070000000X,14,2017/9/5,330500,1dbe5230-5be0-4246-9497-0b1c88f101d8
丽水市,0000002200000038000000070000000X,3.33,2018/9/15,331100,1d67df83-ff45-4a40-a887-cfe2ae59e6fc
浙江省,0000000C0000002Q000000030000000X,64.09,2017/5/5,330000,7c8dc9f5-b09a-4ac6-ac33-06614e7c5359
湖州市,0000001700000031000000070000000X,3.17,2018/8/25,330500,4477085f-bde1-436d-8d2e-56e006967a53
台州市,0000000G0000003F0000000700000010,9.2,2017/6/20,331000,8e548c7a-4058-4872-9333-98795dc5cb8d
杭州市,0000000K0000003U000000070000000X,33,2017/9/25,330100,730c60a7-24b0-4a29-bb35-3cac816fde0d
金华市,0000001A00000031000000070000000X,5.5,2017/4/25,330700,386bd0aa-c88b-464c-97ee-4e28012138ec
湖州市,0000000H0000002T000000070000000X,16.67,2017/5/15,330500,dec33411-5d02-4111-a474-ef8fa1a3275f
杭州市,0000001K00000031000000070000000X,3.83,2019/1/25,330100,174dad4e-df05-427c-be4d-c42f21533213
浙江省,0000002200000038000000070000000X,3.58,2018/5/5,330000,d550ea9b-4097-45fc-a4b7-d18614f9e4c6
舟山市,0000000P0000003E0000000700000010,5,2017/11/14,330900,9be51ebd-c2f7-46a8-95aa-27777ec0ea7a
浙江省,0000003100000081000000130000000X,91.68,2017/6/15,330000,2f284d1e-5eef-46b4-836b-b00e25113cee
绍兴市,0000000C0000002Q000000030000000X,57.67,2018/1/25,330600,fb93876e-b533-4700-86d7-560235878185
浙江省,0000000X0000007T000000070000000X,39.55,2017/5/25,330000,ef01976c-10d9-49ef-bd53-fdb18a94eb11
丽水市,0000000Z00000031000000070000000X,3.33,2019/3/5,331100,d6a4ef8d-8dd2-4d90-acbd-d5e5178be1aa
宁波市,0000000G0000003F0000000700000010,10.33,2017/9/12,330200,f6317e35-bbc4-47cc-b51b-b3fb37527c28
绍兴市,0000001A00000031000000070000000X,6.33,2018/2/15,330600,18829152-3a41-4e2e-aa73-34ee5c62349b
杭州市,0000000P0000003E0000000700000010,4,2018/6/19,330100,5497b54d-139a-40c9-9303-b9837a70a383
衢州市,0000000X0000007T000000070000000X,24,2018/12/15,330800,9954f588-9ca5-498b-abd3-b0d994226263
杭州市,0000001E00000031000000070000000X,7,2018/9/15,330100,77a23794-a519-4fc4-8345-295322349c77
嘉兴市,0000000H0000003P000000070000000X,21.67,2017/5/25,330400,bfe724ff-001b-4941-9524-c36766610e99
杭州市,0000000H0000003N000000070000000X,16,2017/5/5,330100,75634c5b-22a5-4bf7-93aa-7c54dd13a1d7
绍兴市,0000000S0000002Z000000070000000X,8.93,2017/9/25,330600,d8759c6d-abbb-4703-b071-38f315f92a11
温州市,0000000P0000002W000000070000000X,5.73,2018/1/15,330300,ab92d7e1-93e8-4e3b-bff5-8c8786de3276
浙江省,0000000X0000007T000000070000000X,38.7,2019/2/25,330000,abebfeb5-cdbc-4c49-8e1e-4b840d1b5fca
台州市,0000000D0000002R000000030000000X,39,2018/6/5,331000,e5d90a37-d212-4ad2-8289-905db477cbec
台州市,0000000X0000007T000000070000000X,23,2018/12/15,331000,73559d51-ffd4-4e4d-a27d-9ad4dc8bcd5e
嘉兴市,0000001A00000031000000070000000X,5,2017/8/5,330400,2963f34f-a3cc-4faa-a3e3-c0e9eaaaf463
绍兴市,0000001700000031000000070000000X,2.5,2018/11/5,330600,83564ae4-04ed-4e58-971f-9f1ee836c232
温州市,0000000S0000002Z000000070000000X,9,2018/5/5,330300,443bc403-a8b3-439c-af26-276f71ec2683
丽水市,0000000D0000002R000000030000000X,54.6,2018/2/5,331100,b15fe69b-c2a6-4074-9d94-92b903d38f4b
湖州市,0000000G0000003F0000000700000010,9.7,2017/10/10,330500,ef5c225a-44db-47ff-89a0-64da68b70680
浙江省,0000002U0000007X000000070000000X,4.27,2017/11/5,330000,8de47f3d-7f6d-4a47-a363-307edfe9d5ca
丽水市,0000003100000081000000130000000X,84,2018/10/25,331100,96cf119f-8a17-4c49-b411-24dcab75b167
杭州市,0000000K0000003U000000070000000X,33,2017/6/15,330100,d7c61f72-c1e9-487a-988e-5a9493e0b7f1
嘉兴市,0000000H0000003P000000070000000X,26.33,2018/9/25,330400,5af6ed55-540f-4150-8804-815a0005ae39
温州市,0000002P0000007W000000070000000X,2.5,2018/11/15,330300,05acc193-c5fe-4631-a782-c937bade84d2
宁波市,0000000M0000003V000000070000000X,15.17,2017/11/5,330200,e6ddc2c2-8286-4870-9bc6-9c43857cb8ed
湖州市,0000001E00000031000000070000000X,3.83,2017/12/15,330500,4da8d805-8d0a-4d65-8b92-048deefd571c
丽水市,0000001Z00000036000000070000000X,5.5,2018/2/15,331100,5d544288-632c-4e71-ae43-70e6e7c7aeb9
嘉兴市,0000002200000038000000070000000X,3.33,2018/9/25,330400,5961d9b0-074b-4512-85a4-347d50e3201a
湖州市,0000000G0000003F0000000700000010,10.6,2017/4/4,330500,cdd3da51-5cf0-4ff5-b1f1-042fdded194c
宁波市,0000000X0000007T000000070000000X,37.67,2018/6/5,330200,63d1bccb-879c-492d-9387-39278d65e517
湖州市,0000000P0000002W000000070000000X,5.33,2018/4/5,330500,0e8b78eb-44a8-4db4-a3be-4cea27a2cc86
台州市,0000001A00000031000000070000000X,4.67,2018/12/5,331000,1bdf2469-1d56-46af-a75f-efa5ed49b6a9
舟山市,0000001700000031000000070000000X,3,2017/3/25,330900,abdde628-152e-45ae-8062-c878f7fa882c
浙江省,0000000S0000002Z000000070000000X,9.73,2017/6/5,330000,f8fef68d-800c-4e58-b54b-ac2722f3d99a
温州市,0000002200000038000000070000000X,3.83,2019/1/5,330300,27dcf205-1519-42eb-b5cd-a938cf2e7805
舟山市,0000000S0000002Z000000070000000X,11.67,2018/11/25,330900,72d1f750-1786-4e5d-8a38-a4e57b9e5eca
温州市,0000002P0000007W000000070000000X,2.5,2019/1/25,330300,286c01b7-f5c2-4a35-a568-506b8b7b651e
杭州市,0000001Z00000036000000070000000X,6.77,2019/3/15,330100,0767d3d4-ec02-4a98-8a27-96f52e190d6b
舟山市,0000001K00000031000000070000000X,2.83,2019/1/25,330900,c43646c8-9e09-4b5f-8c39-05969174ad30
湖州市,0000000H0000003P000000070000000X,17.67,2018/7/5,330500,41fb393a-07c7-42ac-93e0-ab928423123e
金华市,0000002P0000007W000000070000000X,3.7,2018/9/25,330700,7f0cb0ce-59d7-4bc4-a606-b24c98c8c23e
衢州市,0000001K00000031000000070000000X,4.5,2017/8/15,330800,342ea0ef-6743-491d-b968-5e3e67be8f57
台州市,0000001E00000031000000070000000X,5.5,2018/10/25,331000,8385472b-b9b0-45c8-9140-630282dc08ec
浙江省,0000001Z00000036000000070000000X,5.81,2017/12/15,330000,b170f3c8-89b8-4a29-9e7b-fd1f36782a5b
台州市,0000001E00000031000000070000000X,4.67,2017/9/15,331000,9d251eec-93b7-4658-9210-a1924630f30a
金华市,0000000H0000002T000000070000000X,12.83,2018/5/5,330700,803fa549-3b29-4adf-928b-8a61b267de03
杭州市,0000001A00000031000000070000000X,5.5,2017/9/5,330100,2b5644cb-27a2-41a4-836d-2451927b1d9a
宁波市,0000000X0000007T000000070000000X,44.5,2018/9/15,330200,7249febd-a0e2-4aff-a47a-fc41ff6a754e
台州市,0000000M0000003V000000070000000X,10.33,2017/10/25,331000,ee51056f-61d0-4859-9b4d-0b3400594299
嘉兴市,0000001500000031000000070000000X,4.83,2018/3/15,330400,9b8c4270-4f95-48e0-a8a3-26d3654f4e1c
宁波市,0000000G0000003F0000000700000010,11.67,2017/3/7,330200,b0f94c33-0fc7-48f8-bc39-9fc4a6a128c5
台州市,0000000C0000002Q000000030000000X,63.33,2018/3/25,331000,983f7c7b-7f45-4047-a9ee-1cd460e4c25c
浙江省,0000001K00000031000000070000000X,3.36,2018/6/5,330000,8d203491-af99-4e37-8ee7-83e719d78955
宁波市,0000002P0000007W000000070000000X,3.1,2017/5/15,330200,2b4ff9c3-5a9b-44ca-9424-bea2c226e79e
衢州市,0000000D0000002R000000030000000X,36.33,2018/9/5,330800,8a381618-b220-46eb-87b8-ad508c73820a
嘉兴市,0000000D0000002R000000030000000X,38.33,2017/9/15,330400,dda1cf10-ca65-446f-b816-7ebaa85a799d
舟山市,0000001K00000031000000070000000X,3.17,2017/2/15,330900,270fd07d-8d95-4915-8441-7192b31fab2c
绍兴市,0000000H0000003P000000070000000X,23.33,2018/5/15,330600,0043f589-e010-4c9d-8e11-a517aae34df8
绍兴市,0000000P0000002W000000070000000X,5.5,2018/8/15,330600,2a7d0962-c9ea-4a4a-8340-f08ad1f76b61
金华市,0000000Z00000031000000070000000X,2,2017/3/15,330700,bd4911e3-2109-4fd7-97b2-0c22c671ffef
丽水市,0000001Z00000036000000070000000X,5.1,2018/9/25,331100,e1898c9c-7b79-49ce-9ab6-76779645742e
舟山市,0000002P0000007W000000070000000X,3.1,2017/3/5,330900,d472cd70-0c52-416b-805e-04f691c0cc59
浙江省,0000000K0000003U000000070000000X,34.78,2017/5/5,330000,84c20059-19a5-4429-8f5f-e28a7dba3305
金华市,0000001A00000031000000070000000X,5.33,2017/9/25,330700,dbc5b3da-49dd-43cf-88f1-cd036d46ffcf
衢州市,0000001700000031000000070000000X,3,2017/7/25,330800,267cab77-869b-4b04-b33c-4a454a84beec
丽水市,0000001400000031000000070000000X,9,2019/3/5,331100,5a3ac682-8cbf-4584-b942-c2a4e05d58e5
温州市,0000003100000081000000130000000X,63,2017/11/5,330300,6e0c6684-1c8c-4206-a9b3-31c2fb013d24
丽水市,0000001E00000031000000070000000X,3.17,2017/5/15,331100,219042b4-14ab-4c5b-9b71-362343dadd2e
杭州市,0000000K0000003U000000070000000X,33,2017/4/15,330100,514cd89b-7afe-4f36-a61f-f7f9010739f2
衢州市,0000002200000038000000070000000X,3.33,2018/12/5,330800,4c13371e-b497-4978-a439-0c0978f99e40
温州市,0000000H0000003P000000070000000X,26.33,2018/2/5,330300,f23c6590-cbc5-4da2-80f3-cf24d65ae6f2
杭州市,0000001E00000031000000070000000X,3.83,2017/5/15,330100,d4f83c96-3a4d-41b2-8fa0-159abf540137
绍兴市,0000002P0000007W000000070000000X,2.33,2017/10/15,330600,939cf24e-4f2c-4163-9d31-be9162cc1dcd
绍兴市,0000001400000031000000070000000X,5.5,2017/11/5,330600,19834017-806b-493e-87a1-ad3c401c8b42
绍兴市,0000001700000031000000070000000X,2.5,2017/4/5,330600,2412768b-07b5-41ae-ae47-21fb94154bc9
杭州市,0000001E00000031000000070000000X,5,2017/12/5,330100,542ed706-537e-473e-b00a-49881032f801
浙江省,0000000K0000003U000000070000000X,34.81,2017/4/15,330000,3bc2cf16-8d66-451e-9484-0d590b3876a0
杭州市,0000001K00000031000000070000000X,3.2,2017/7/15,330100,b574e20b-bcbe-4248-a062-50d09a251e82
温州市,0000000P0000003E0000000700000010,5.3,2018/8/28,330300,d4a95747-b365-456c-b031-a06cdaf24852
温州市,0000001200000031000000070000000X,4.17,2017/8/5,330300,78be6620-5298-417e-99a9-3a3f0f2c9115
浙江省,0000000J0000003S000000070000000X,34.83,2017/1/5,330000,cf56bfc1-ae25-42f0-b465-ef7f77fe1aa5
台州市,0000001700000031000000070000000X,2.17,2018/9/5,331000,d8092e26-22af-4e4e-9e25-bfc4a694d541
杭州市,0000000S0000002Z000000070000000X,8.6,2018/7/5,330100,792075cc-bb96-48f4-87b1-9aaad8ca6d29
杭州市,0000000H0000003P000000070000000X,22.33,2018/2/25,330100,898bdc0a-06f3-4076-a430-491611644ad8
杭州市,0000000P0000003E0000000700000010,4.1,2018/5/1,330100,3fd32abb-6490-4d49-823a-ee3dfb02cffe
浙江省,0000000P0000003E0000000700000010,4.91,2018/2/6,330000,19c0025d-73eb-448b-bb5d-496e4195f7b6
丽水市,0000000P0000002W000000070000000X,4.5,2017/1/25,331100,166fdfff-2625-402e-ba83-09d6307110b2
嘉兴市,0000000J0000003Q000000070000000X,40.67,2017/4/5,330400,1efd0503-d878-4879-b393-6b0a15a3ed63
温州市,0000003100000081000000130000000X,63,2019/1/15,330300,1409e2b7-7b76-45cc-9c50-70a2f9bbe3c6
嘉兴市,0000000Z00000031000000070000000X,3.83,2018/3/15,330400,1f16cdad-1093-438b-9b2f-f2932b33a95e
湖州市,0000000G0000003F0000000700000010,9.4,2017/7/25,330500,8afe065d-e1f6-4ad5-941b-27fe2f901d36
台州市,0000000H0000003N000000070000000X,14,2018/9/25,331000,86be1954-16ea-4d1b-aab2-390b56d682ad
舟山市,0000001E00000031000000070000000X,4.17,2018/11/25,330900,838345ef-a9ff-4e64-9314-2275b9dbff09
浙江省,0000000Z00000031000000070000000X,6.67,2018/10/5,330000,b90f4808-e122-450e-b265-0326531b87a8
舟山市,0000000Z00000031000000070000000X,3.5,2018/4/25,330900,97453931-33c9-45cc-a9de-d4aad674d4d0
湖州市,0000001400000031000000070000000X,5.17,2018/8/5,330500,da1578d0-e7f0-4e16-aa66-92da0d30c652
嘉兴市,0000000M0000003V000000070000000X,12.17,2017/8/25,330400,9c420456-b69b-4e71-91d0-aa0dadae566c
绍兴市,0000000H0000003N000000070000000X,15,2019/1/5,330600,e4327356-2dc7-4b0f-9c82-47f0d26f314b
丽水市,0000001Z00000036000000070000000X,5.33,2018/2/25,331100,f56ea4b9-4b27-462b-8803-d5a7510aaa05
衢州市,0000001K00000031000000070000000X,2.67,2017/1/15,330800,47b51d2b-092b-47bd-bd64-90e343475a83
衢州市,0000000P0000003E0000000700000010,4.9,2017/8/29,330800,05c7a177-cec8-4c32-a45e-b728d66b43b9
衢州市,0000001700000031000000070000000X,3,2017/4/5,330800,0f07bd75-62e3-4498-b8f1-3ca6402d32d6
温州市,0000002P0000007W000000070000000X,2.17,2017/4/5,330300,787e20af-ca58-4ece-847a-28a0803b8659
丽水市,0000000X0000007T000000070000000X,49,2017/5/5,331100,294fc2cb-7c9b-4e2c-a0eb-dc599b97110e
嘉兴市,0000001500000031000000070000000X,5.33,2017/1/25,330400,b33dd567-8ec8-402d-905e-81fc43a5b692
温州市,0000000Z00000031000000070000000X,4.67,2017/10/5,330300,28e3131b-4fa7-47bc-ae33-2010542b35a6
舟山市,0000000M0000003V000000070000000X,13.67,2017/3/15,330900,efd38a9b-ef9f-4647-beb3-015b37c05281
湖州市,0000001400000031000000070000000X,9,2019/2/25,330500,3d3dd4d7-4447-439c-bcd5-431741c889ea
丽水市,0000000C0000002Q000000030000000X,70.23,2018/3/15,331100,95e91229-9fbd-4391-8c00-67b5411953d5
绍兴市,0000001K00000031000000070000000X,4,2018/8/25,330600,a9b931fd-4a57-4760-8983-6eb910b17de1
金华市,0000002U0000007X000000070000000X,4.1,2017/11/15,330700,10ddbd60-513d-464a-9484-570f17de5bb1
舟山市,0000000P0000002W000000070000000X,5.33,2018/1/5,330900,ca72417c-9148-45e3-ad0e-d15efe63388d
丽水市,0000000J0000003Q000000070000000X,37.33,2017/7/5,331100,ce740171-5dbb-40dc-b7bb-50f71c25767a
台州市,0000000X0000007T000000070000000X,36,2017/4/25,331000,295c34f6-a923-455a-94c7-42f6c1e5d082
浙江省,0000000S0000002Z000000070000000X,9.37,2018/6/25,330000,06a14e77-d975-41ad-861e-94cd6385d9d7
宁波市,0000001200000031000000070000000X,3.63,2017/5/15,330200,42d6767c-6f40-4e16-acd8-5fd71f4cb822
温州市,0000000Z00000031000000070000000X,4.27,2017/12/15,330300,736d001a-3d03-4f2a-b980-84bf9faf3597
绍兴市,0000000G0000003F0000000700000010,10.12,2017/4/25,330600,264880d9-dddb-4d43-a58d-f475a72b4b04
绍兴市,0000001500000031000000070000000X,3.83,2017/12/15,330600,b2ef7c81-f2ee-45c4-ad55-d8a657de46d0
嘉兴市,0000002200000038000000070000000X,3.27,2017/10/25,330400,aaec5e37-db83-4baa-aa79-b82e3606410b
浙江省,0000003100000081000000130000000X,86.4,2019/1/15,330000,1f49c343-f62d-40c1-a5ee-f1822811ecd3
衢州市,0000000K0000003U000000070000000X,32.33,2017/8/15,330800,206f59d3-90e2-4087-b26f-e9e7d22014c1
金华市,0000000P0000003E0000000700000010,4.6,2018/9/25,330700,61e0bca8-0e36-413e-9c07-d5b82ce2af8b
绍兴市,0000001200000031000000070000000X,3.33,2017/9/25,330600,e9f1c295-3f80-4e41-ac05-ca2aee2f6d21
温州市,0000003100000081000000130000000X,63,2017/11/25,330300,c750f936-cf09-4f1c-8130-a21ee4e7d306
金华市,0000000J0000003S000000070000000X,36.67,2018/11/5,330700,addc20ae-78f8-4c50-a5cf-833387739978
舟山市,0000000J0000003S000000070000000X,37.67,2018/12/15,330900,c80dee6c-714e-40dd-8992-0a3d5bade639
宁波市,0000000G0000003F0000000700000010,10.93,2017/4/11,330200,65aa0a6d-9b5b-4c17-9e80-e959632061d4
绍兴市,0000001K00000031000000070000000X,4,2018/9/25,330600,b0779f52-054d-4c75-8ece-dae6b3554926
舟山市,0000002200000038000000070000000X,4.6,2018/10/25,330900,1e0c8505-dafe-4bcb-a97b-5c6e99a9a910
丽水市,0000000C0000002Q000000030000000X,70.23,2017/10/25,331100,ecea6167-6fca-4475-adfb-0e7c7103efa6
舟山市,0000000P0000002W000000070000000X,5.5,2018/3/15,330900,4bf32d8a-d72f-40e9-a19c-7487df08a146
台州市,0000000H0000003P000000070000000X,25.67,2017/4/5,331000,6df85c9a-e59b-49ae-a597-96f973d44a52
湖州市,0000001400000031000000070000000X,3.67,2017/7/5,330500,4675ac90-3dfd-45dc-9a0e-6c779428eeed
台州市,0000000G0000003F0000000700000010,12,2017/2/7,331000,286fbb15-0bed-4906-b5fa-7e812f4d5742
舟山市,0000000G0000003F0000000700000010,12,2018/10/23,330900,6fb95711-d7bd-487e-a0b8-1e92d2fd58b0
温州市,0000002U0000007X000000070000000X,4.33,2017/8/15,330300,136e7b24-09b6-43d4-bcf9-4a5bfba57ec7
温州市,0000001500000031000000070000000X,5,2018/4/15,330300,97d496ed-b5c2-4d5a-98c4-97b074d88d26
杭州市,0000001400000031000000070000000X,9.33,2019/2/5,330100,fc7ab899-100b-46c0-81c2-43f2de1eae82
嘉兴市,0000000M0000003V000000070000000X,11.5,2017/6/25,330400,2dcaa89f-1c8e-4967-84bc-831429383bba
杭州市,0000002P0000007W000000070000000X,2.8,2017/3/25,330100,b4d187bd-f8ce-45fb-8e2e-94b82b843486
湖州市,0000000C0000002Q000000030000000X,57.67,2017/8/15,330500,cff250a4-ec2a-4178-ab9a-0f60d7e76751
金华市,0000001K00000031000000070000000X,2.33,2017/2/15,330700,070678c5-3fb9-43dd-a04b-7d19d3c1033b
宁波市,0000000H0000003P000000070000000X,29,2017/2/5,330200,6c36aab1-1397-4d72-bef8-e593b2ed4b65
浙江省,0000000M0000003V000000070000000X,12.24,2017/4/5,330000,eef6f249-cf76-4f66-94c0-4676705cc3dd
金华市,0000000H0000003N000000070000000X,14.83,2017/1/15,330700,b61d9041-5eb1-4a17-b3f0-27a4bb3bee5d
台州市,0000000C0000002Q000000030000000X,63.33,2017/3/25,331000,1969c304-c0e3-4db9-96be-3a09774fceca
湖州市,0000000P0000003E0000000700000010,3.5,2017/1/17,330500,1dbd6c5d-ebd0-4a24-8d77-788b71f5d088
温州市,0000000M0000003V000000070000000X,14.67,2017/7/5,330300,ca5d60b3-33c7-43c6-b659-0836ecd13704
台州市,0000001700000031000000070000000X,2.33,2019/2/15,331000,3fc5bf32-39a9-4bf2-a376-f73d9a386c52
浙江省,0000001400000031000000070000000X,7.82,2018/3/5,330000,02c04908-30b4-4311-b1d5-9206048fcfed
浙江省,0000001E00000031000000070000000X,4.68,2017/6/25,330000,094836c5-a369-4e65-ae02-c1119e612974
衢州市,0000000J0000003Q000000070000000X,38.33,2017/5/15,330800,048bcb62-b0af-4099-8b37-d32df8b3f803
金华市,0000000S0000002Z000000070000000X,7.83,2018/5/5,330700,68b69ab5-4de9-47f8-be73-5048172c8c9b
湖州市,0000001A00000031000000070000000X,7,2017/5/25,330500,39c5f5ee-3c54-4520-92c5-d2b7a99c9853
衢州市,0000000K0000003U000000070000000X,41.33,2018/2/25,330800,894e1810-6f2a-4a8e-94a4-bdd5f32bd855
嘉兴市,0000001K00000031000000070000000X,2.83,2018/4/5,330400,97fc0948-8bb4-4ccb-a607-479a6f5fc8d4
舟山市,0000000P0000003E0000000700000010,5,2017/11/7,330900,b79d0768-bd18-491c-83d9-eeebf39b8903
浙江省,0000000H0000003N000000070000000X,16.18,2018/10/5,330000,5f7ef723-7c5d-4c2c-ba03-295d8a35f821
丽水市,0000001400000031000000070000000X,5.5,2017/1/15,331100,89bdc45b-0a7a-4804-b993-19edcf3550f4
金华市,0000001500000031000000070000000X,3.33,2018/4/25,330700,dfe5241e-717d-43cf-8650-dc302aa80a72
温州市,0000000S0000002Z000000070000000X,9,2017/2/15,330300,f79eed40-6b31-4719-9b0b-e9910940b10b
浙江省,0000000J0000003Q000000070000000X,39.82,2017/6/5,330000,25dd5b67-faf0-47b6-9a50-9fa1ac91420c
台州市,0000000G0000003F0000000700000010,8.1,2018/7/10,331000,dbc2e7fc-6239-42ba-87b4-21ea6ad4cd51
嘉兴市,0000000P0000003E0000000700000010,5.33,2018/10/16,330400,bd82725f-0912-4e92-8785-cc27ba2b088e
金华市,0000000G0000003F0000000700000010,9.5,2017/8/8,330700,1497ebb2-87e4-4f9f-949d-60ca9fba9bc7
浙江省,0000000H0000003N000000070000000X,13.97,2017/11/15,330000,7662dace-7904-44a5-a062-a2a20f2c60c5
绍兴市,0000000D0000002R000000030000000X,49.33,2018/7/5,330600,5bc0cee7-4601-4bf7-bf72-e065988d0242
金华市,0000001400000031000000070000000X,5.33,2017/4/25,330700,6946306e-8de9-4108-be26-c07e727f3289
舟山市,0000000G0000003F0000000700000010,11.8,2017/2/21,330900,be1562e5-775b-437f-b4a0-741a2a5a15aa
湖州市,0000000C0000002Q000000030000000X,57.67,2019/2/25,330500,80a65555-fe01-43ee-9be8-4c3feafe512b
温州市,0000000X0000007T000000070000000X,45,2018/2/5,330300,a8d5e562-9c53-4a57-baed-8bb5fe05ea95
绍兴市,0000003100000081000000130000000X,66,2018/9/25,330600,45bab22b-3b6c-4135-98f9-e238e1e245b0
温州市,0000000P0000003E0000000700000010,4.7,2018/11/13,330300,fedec4b1-1df5-4eb6-9e14-130db8f31402
湖州市,0000000S0000002Z000000070000000X,9.33,2017/6/25,330500,638d831f-800c-4b06-a18f-b735e2841b49
湖州市,0000000M0000003V000000070000000X,17,2018/5/15,330500,93a5c62d-6790-48f7-a593-327ed8e10efc
台州市,0000000J0000003Q000000070000000X,38.33,2018/7/5,331000,9a7db337-02e9-41e9-b934-fdd33de4fac6
宁波市,0000001E00000031000000070000000X,5.33,2018/3/15,330200,d3003037-b79e-47a2-8b52-fe8a619bf1a1
台州市,0000001200000031000000070000000X,4.83,2018/2/5,331000,4f6ed1e7-10e9-4f69-81ee-9d48f848df7d
衢州市,0000000D0000002R000000030000000X,37,2018/6/5,330800,12dd2120-08eb-497c-96fd-10fc7511d7d1
浙江省,0000000X0000007T000000070000000X,38.78,2017/2/25,330000,59fc3fcf-8ef7-47b7-8169-24dffd177fc8
嘉兴市,0000001200000031000000070000000X,5.33,2019/3/15,330400,1cecb874-d075-46b5-915b-0b069d05b876
浙江省,0000000P0000002W000000070000000X,5.21,2018/4/5,330000,45291a5c-1bfc-48b1-a7f8-bcefb8093fa8
嘉兴市,0000000J0000003Q000000070000000X,40.67,2017/6/5,330400,0c578b18-7f49-4976-a187-0adb46ffbf64
温州市,0000000Z00000031000000070000000X,4.5,2017/10/15,330300,1a713009-36c2-44d1-9a87-fb1379ed4554
金华市,0000000S0000002Z000000070000000X,7.83,2018/6/5,330700,e53701cc-0782-49f1-b529-d479ee655dec
温州市,0000001500000031000000070000000X,5.17,2017/11/15,330300,39cad0d0-2b0e-44b4-a3c5-7500e74c874f
湖州市,0000001Z00000036000000070000000X,5.33,2017/2/15,330500,ea821984-8f90-4305-b52d-0aaf7d269735
金华市,0000000D0000002R000000030000000X,42,2019/1/15,330700,42b7e6e0-0b30-4952-9388-01ccc81c5d2d
绍兴市,0000001200000031000000070000000X,3,2018/6/25,330600,85a3af30-e7d7-49c1-ae39-880f2fb5a997
湖州市,0000000P0000003E0000000700000010,5,2017/12/5,330500,6de69fa2-d9a3-4780-b2c9-9d7d2ef5bcbb
衢州市,0000001200000031000000070000000X,3,2017/7/25,330800,28d110ff-eb49-4714-a1d5-d9a463016fdd
衢州市,0000002200000038000000070000000X,2.67,2018/7/15,330800,462bf528-c077-4ef0-82b2-1106fc51a6c7
温州市,0000000J0000003Q000000070000000X,47.67,2017/4/5,330300,e932b3cf-22a0-4365-9ae2-6a6cf2f5ca3e
嘉兴市,0000001A00000031000000070000000X,5.83,2018/3/25,330400,1fd71515-3a14-4815-b397-394169c85a47
舟山市,0000000C0000002Q000000030000000X,50.3,2019/1/15,330900,39b638b1-1aa8-44fc-ad3c-0556a769000b
宁波市,0000000G0000003F0000000700000010,10.78,2017/12/19,330200,f6f67bfb-8c07-489f-a8dd-cd2b1b11f4c9
台州市,0000001Z00000036000000070000000X,6.33,2017/7/15,331000,a16b7de5-6eed-4122-9ddb-6d8af9d8dda0
浙江省,0000000G0000003F0000000700000010,9.8,2017/5/9,330000,4785709f-3760-42b2-835d-f9a3004f3560
舟山市,0000002P0000007W000000070000000X,3.33,2018/6/15,330900,9351b549-1665-4b85-bb2b-f725dcb55fee
衢州市,0000000G0000003F0000000700000010,9.9,2017/5/30,330800,19ecf82a-ceb9-43c3-8add-382c23039e18
温州市,0000001Z00000036000000070000000X,6.5,2017/11/15,330300,8afbb983-edec-4447-bf23-df64286621d6
绍兴市,0000003100000081000000130000000X,66,2017/8/25,330600,31cd273a-3d63-47bf-8171-ea0f3be97c74
杭州市,0000000H0000003P000000070000000X,22.33,2018/3/25,330100,5b060da9-86cc-4b55-bbb9-1381e3cf53df
温州市,0000002200000038000000070000000X,3.33,2017/5/25,330300,e7365cc7-4210-45fa-b2b6-f7e65e965aa2
湖州市,0000000C0000002Q000000030000000X,57.67,2017/9/25,330500,31c86e18-75f6-499e-be71-8a29df72b402
台州市,0000001700000031000000070000000X,2.17,2017/7/5,331000,8dbf0439-457d-417b-8dbe-bd2f73da75f2
舟山市,0000001A00000031000000070000000X,5,2018/8/25,330900,34954b77-5df8-4821-88c5-6d8e6d805fea
温州市,0000001Z00000036000000070000000X,7,2018/5/15,330300,9a6cb4e9-d122-4bba-951d-076b5d956e2e
浙江省,0000000J0000003S000000070000000X,35.05,2018/1/5,330000,67e78433-fcdf-44f2-a4ea-ec83cf6b64e1
嘉兴市,0000000P0000003E0000000700000010,4.77,2018/7/31,330400,ff7ad4b0-c663-4a85-8632-1797a06b436f
绍兴市,0000000S0000002Z000000070000000X,8.17,2018/4/25,330600,0e5e5494-cea0-4f1a-80cf-e5062fa0690e
温州市,0000002U0000007X000000070000000X,3.83,2017/3/25,330300,779e7e1d-4626-48e5-88df-d706a4c4ed65
金华市,0000001700000031000000070000000X,2.5,2017/6/25,330700,d31b3f16-4e30-4cbb-b375-d9c7f9c75c2f
宁波市,0000000J0000003S000000070000000X,32.33,2018/2/15,330200,2caea3b2-c170-4b3b-aec8-20b703ce3165
温州市,0000000J0000003S000000070000000X,43.33,2017/10/25,330300,eee345bd-8f14-48b2-956d-b45462b89a7a
宁波市,0000001A00000031000000070000000X,4.4,2018/7/5,330200,a43eedea-bc10-4c28-aa7a-8fdaf933d4de
台州市,0000000M0000003V000000070000000X,10.67,2017/12/15,331000,fa9cf531-10b1-4a1b-9476-d6c7d78610f7
丽水市,0000001500000031000000070000000X,5,2017/3/25,331100,f6e30242-c03c-4a2a-857c-a0a3d5debad7
绍兴市,0000000M0000003V000000070000000X,9.67,2017/5/5,330600,76521371-0a99-4b27-857d-3f36ccb32a68
浙江省,0000000C0000002Q000000030000000X,63.92,2019/1/15,330000,2b87cb0a-43aa-40cf-9075-9532d01045f7
湖州市,0000001200000031000000070000000X,6.5,2019/2/5,330500,46cff458-7339-4416-b627-ec0d63c0206b
绍兴市,0000002U0000007X000000070000000X,4.67,2018/7/5,330600,5632c7be-51c2-44fb-998b-6dd3b51ede5d
湖州市,0000000G0000003F0000000700000010,9,2018/11/13,330500,e8741ae3-9386-45f5-bd8f-3bb6ebe8a33a
浙江省,0000000H0000003P000000070000000X,23,2017/4/25,330000,5b2cae92-3a96-49bc-a7f6-b98b4a4be159
舟山市,0000001A00000031000000070000000X,6,2018/1/25,330900,4796e60e-332b-4262-a625-1b34f3ca5e75
杭州市,0000001Z00000036000000070000000X,6.67,2017/6/5,330100,287eaf52-9097-4706-85c7-351b1bcc236e
嘉兴市,0000000P0000002W000000070000000X,5,2018/7/25,330400,fedfa832-0c18-4999-aa55-a83abaaa6fc4
杭州市,0000000H0000003N000000070000000X,15.47,2018/10/5,330100,5f78f091-47ed-4104-99f4-485f794e1566
宁波市,0000000H0000003P000000070000000X,25.33,2018/1/15,330200,5931ac8d-eac3-495f-8c76-29f815bf8b44
舟山市,0000001Z00000036000000070000000X,8.5,2018/12/15,330900,a33fbb2c-2a51-4192-86c5-66677e9ae7f6
温州市,0000000P0000002W000000070000000X,5.13,2017/8/25,330300,fc86f334-d17b-469f-91b7-fe96aa72de4e
杭州市,0000002200000038000000070000000X,3.33,2018/8/25,330100,69edd768-f661-4e8b-a241-b2f1c564d7b8
浙江省,0000001K00000031000000070000000X,3.4,2018/6/25,330000,319c07ce-14d7-47f4-8ff8-90496b8cce49
丽水市,0000000H0000003N000000070000000X,16,2019/1/5,331100,0e0214b9-c1f1-432d-a2c7-3381e3d5bd2e
绍兴市,0000001E00000031000000070000000X,4.67,2018/11/5,330600,ff8cd77a-2420-4ca1-8a95-e39278001412
金华市,0000000S0000002Z000000070000000X,8,2018/4/15,330700,2ad46da5-d525-4386-8e9e-54d3e94c510e
舟山市,0000001400000031000000070000000X,5,2017/5/25,330900,49f2fdc9-24ba-4bbe-88a2-8eebdac3e1b0
绍兴市,0000001400000031000000070000000X,5.67,2017/4/5,330600,4addd7c8-7c18-422b-8e4b-e79e6447b49d
丽水市,0000001700000031000000070000000X,2.33,2017/3/5,331100,3db06842-8707-4c82-a53a-8c86de06fb44
金华市,0000002U0000007X000000070000000X,4,2017/5/25,330700,6762a541-643e-41ee-8c29-aa4fc51f6f18
衢州市,0000000X0000007T000000070000000X,26.67,2017/4/15,330800,fa0ed740-3ada-494f-9bdb-1768202d6537
丽水市,0000000P0000003E0000000700000010,2.7,2017/4/25,331100,4efa57aa-93d6-4599-b651-08167e1b555d
绍兴市,0000003100000081000000130000000X,66,2018/8/5,330600,1e3fbedd-290b-4bec-bec1-df0525cbdc72
台州市,0000000S0000002Z000000070000000X,10,2018/5/5,331000,19138c47-b1bc-48b1-bde1-dfd308889a26
杭州市,0000000J0000003Q000000070000000X,41.5,2017/2/25,330100,b1019702-7164-4436-9037-6a053d1e5538
衢州市,0000001Z00000036000000070000000X,4.83,2017/8/15,330800,e4843f13-1e5e-4f9a-a78f-2efc7dbb900d
温州市,0000000K0000003U000000070000000X,48,2019/1/25,330300,e91745af-e4d7-407e-a703-94c6ecd121e3
舟山市,0000000P0000003E0000000700000010,5,2017/10/3,330900,970c946c-7c93-4f57-9c0f-fd68ffd0b54b
金华市,0000000P0000002W000000070000000X,5.67,2018/9/5,330700,cc826ae1-d86a-41a1-89ef-7eb3f32ca005
台州市,0000000C0000002Q000000030000000X,63.33,2018/1/5,331000,9f8b371f-ffb3-45b7-8580-8fa525a4d05e
湖州市,0000000J0000003Q000000070000000X,38.33,2016/12/25,330500,3004f122-f506-4cb0-8c63-c3c9e3e03b8c
嘉兴市,0000000M0000003V000000070000000X,11.17,2017/3/15,330400,f0e7b4c7-e5af-4564-b79b-706428f39782
金华市,0000002P0000007W000000070000000X,3.9,2017/10/5,330700,4f3448ff-9e67-4e5c-85c9-1cfc2270f9ea
嘉兴市,0000001E00000031000000070000000X,4.67,2017/12/25,330400,201e1fd6-4d9d-41e9-be1f-b9c8a6a9ebce
湖州市,0000000P0000002W000000070000000X,5.5,2019/2/25,330500,340e7040-3b76-4862-909c-85dc4fdc4e75
嘉兴市,0000003100000081000000130000000X,79,2018/9/25,330400,92c0b885-86db-4196-ae56-eb6510ba0b47
嘉兴市,0000003100000081000000130000000X,79,2017/3/25,330400,8928ff4f-072d-45e5-b5bc-1651bd999028
衢州市,0000002U0000007X000000070000000X,5,2018/8/15,330800,fe729f17-66f0-46e5-b640-1b7301f9b45e
湖州市,0000003100000081000000130000000X,77,2017/7/15,330500,c357a3b1-1184-4110-a3bd-3a847099ba98
浙江省,0000000Z00000031000000070000000X,5.22,2018/6/15,330000,0ed48bbf-2438-4320-a157-d323abbc720d
湖州市,0000000Z00000031000000070000000X,4.17,2018/12/15,330500,3fa4f590-c9ce-4ed7-969a-847c4d27310e
嘉兴市,0000000J0000003Q000000070000000X,40.67,2018/12/25,330400,9772a3f6-2045-4a94-8a38-4ba7bfc1f78e
杭州市,0000001400000031000000070000000X,11.33,2019/3/15,330100,1df16c7a-8746-4ae8-a5f0-92d6202c83a5
浙江省,0000000C0000002Q000000030000000X,63.85,2017/8/15,330000,24c0faea-3f1e-4a82-b8ce-fd872c8b3873
宁波市,0000000M0000003V000000070000000X,15.33,2017/9/5,330200,46dedc03-5ed9-433b-b9ea-d5e08555ffa1
温州市,0000002P0000007W000000070000000X,2.33,2017/10/25,330300,f2ef3f4b-9982-4ddd-ade3-30f26b7721c6
舟山市,0000002P0000007W000000070000000X,3.33,2019/3/5,330900,22a54c06-b557-42d7-b1b2-72cb7e171285
浙江省,0000001A00000031000000070000000X,6.96,2019/2/5,330000,8d42dc73-bb19-462c-aa1e-dd296702a7c7
台州市,0000002200000038000000070000000X,3,2018/3/15,331000,a4dd8c6d-ca37-435b-95b4-c9c75669d1c5
温州市,0000001700000031000000070000000X,3,2017/6/5,330300,be4c9fac-5123-44fa-afad-19227d551a01
浙江省,0000001Z00000036000000070000000X,6.35,2019/1/15,330000,d4b869bd-b697-4f08-a80d-96a687a6ba22
嘉兴市,0000000H0000003P000000070000000X,22.33,2017/2/25,330400,d3df9cae-26e3-4d9f-8dd2-d34d9caf4527
舟山市,0000002U0000007X000000070000000X,4.3,2019/2/25,330900,331e2438-f50b-4d85-92f0-b49c702a46ce
浙江省,0000001500000031000000070000000X,5.24,2019/1/15,330000,128eef97-6557-4216-a3c0-b258876acdf7
台州市,0000000D0000002R000000030000000X,38.33,2017/6/25,331000,b98b7f40-354f-47d9-8b27-2dc6d0eb5c43
舟山市,0000000G0000003F0000000700000010,11,2019/3/12,330900,700bd7c2-2ec0-435a-a516-32a4400c7f3e
台州市,0000001K00000031000000070000000X,2.5,2017/7/15,331000,626ad420-5b67-4f8f-9d18-307d38aa1298
衢州市,0000000P0000003E0000000700000010,4.75,2018/10/30,330800,39f475af-3304-44fc-82ff-582389f935dd
湖州市,0000001E00000031000000070000000X,5,2017/2/5,330500,6131fe96-0400-4e88-b463-9c8be8f51da7
湖州市,0000000H0000003P000000070000000X,17.67,2018/7/15,330500,d0a0e342-978d-4320-922d-31f013510c21
浙江省,0000000J0000003S000000070000000X,35,2018/7/15,330000,06155583-e882-462f-8bfa-6a61a188e2f8
台州市,0000000Z00000031000000070000000X,2.33,2017/4/15,331000,a55bc4ee-73a2-4b96-8b0d-9a526b7cadcd
浙江省,0000001200000031000000070000000X,4.33,2017/1/15,330000,eea1c159-4b6b-467d-8d6d-54b200df4466
衢州市,0000001500000031000000070000000X,5,2019/3/5,330800,8df47a99-8ce2-49d7-8bbc-dd18f42c80a9
绍兴市,0000000M0000003V000000070000000X,9.5,2017/10/15,330600,f88a5edc-a6a6-4efc-8fb3-0fa18005942c
金华市,0000001400000031000000070000000X,7.33,2017/2/5,330700,976c03d2-c256-407f-82c5-ea0ccd0f665f
台州市,0000000M0000003V000000070000000X,10.67,2018/2/5,331000,e6777a9a-f807-47fb-a62b-a4497304f505
杭州市,0000000H0000002T000000070000000X,16.17,2018/5/5,330100,e0ab4943-dfbf-4ebb-8132-6b64cd93106a
绍兴市,0000000D0000002R000000030000000X,49.33,2018/5/15,330600,7e6e574f-18fc-4bdd-871e-90e062636e12
浙江省,0000000D0000002R000000030000000X,43.67,2017/10/25,330000,807bc795-cc74-4675-a4e0-99cd160425f6
绍兴市,0000000J0000003S000000070000000X,34.67,2016/12/25,330600,71f90eb1-e616-4a84-b8b9-0e7ae0ef9694
舟山市,0000001700000031000000070000000X,2.5,2018/12/15,330900,7fa73069-b162-437b-a561-c4728939f7a5
台州市,0000001400000031000000070000000X,6.67,2018/2/5,331000,e746f747-84db-4845-9903-b806be70200c
宁波市,0000001200000031000000070000000X,3.5,2017/7/5,330200,dc7d5750-04fa-4a55-8a54-60d353019d92
宁波市,0000003100000081000000130000000X,173,2017/1/5,330200,dd0781f8-058d-462d-96a7-61204d7dd5a6
湖州市,0000001E00000031000000070000000X,3.83,2017/4/5,330500,0af11ee2-7d06-41a9-90bc-f36204fd9f86
丽水市,0000001A00000031000000070000000X,5.83,2018/2/5,331100,2b8d5067-dec6-485a-9372-2837acf37ee2
台州市,0000000Z00000031000000070000000X,4.33,2017/12/15,331000,87ba75e4-4ac8-4d6b-a2a5-3f5598a146da
浙江省,0000001K00000031000000070000000X,3.88,2018/8/5,330000,00171edf-c231-4348-ab52-0621057770fa
丽水市,0000000Z00000031000000070000000X,3.17,2018/3/5,331100,ab803d2f-3e0a-4f1d-bdd2-0f4f1c09c496
绍兴市,0000000G0000003F0000000700000010,12.8,2019/1/1,330600,00a406a3-169a-46d8-b03c-6d29d84de5b5
衢州市,0000000M0000003V000000070000000X,11.67,2018/7/25,330800,12d2d863-1641-42c2-8b8a-5de72bb6bb9e
宁波市,0000000H0000002T000000070000000X,15.1,2019/3/15,330200,c46e137c-dd33-41a0-8b61-22ef89aea5a4
湖州市,0000000D0000002R000000030000000X,36.33,2018/8/15,330500,9a627ecc-5994-4f22-abe0-62a25a609e28
衢州市,0000000G0000003F0000000700000010,10.6,2017/3/28,330800,16506cf6-b0b1-4d09-8fac-c14c1e496674
绍兴市,0000000H0000002T000000070000000X,13.33,2018/3/25,330600,c1d8e32b-f403-469e-9b89-537351cad803
嘉兴市,0000000P0000003E0000000700000010,4.67,2018/7/17,330400,d18d321a-2086-459e-b4be-4ee5ef549fd7
丽水市,0000001E00000031000000070000000X,3.17,2017/4/15,331100,cc67595c-4b0a-47c1-b0f7-787da131e2ba
温州市,0000001K00000031000000070000000X,4.5,2017/9/25,330300,e1541f72-5afd-4c6c-9569-dfbfec54b19f
杭州市,0000000P0000002W000000070000000X,4.17,2017/3/25,330100,fb655459-8c9d-4817-b6a5-46dd78cd7ffd
金华市,0000000S0000002Z000000070000000X,7.67,2017/11/15,330700,f37bcf6b-5d59-43f2-b551-931f14da0a46
绍兴市,0000001700000031000000070000000X,2.33,2017/12/5,330600,e9c2961b-91e8-45d7-b70c-59e4b8028cfa
丽水市,0000001400000031000000070000000X,4.33,2017/10/15,331100,de4f7fce-b194-40bc-b9d3-2dbbc6878042
宁波市,0000000G0000003F0000000700000010,9.39,2017/6/27,330200,672d3ca3-adbb-42da-9351-6a7d0e674f1a
温州市,0000001700000031000000070000000X,2.33,2017/5/5,330300,543384e3-ce80-4623-a568-c1a57b7d242f
绍兴市,0000000X0000007T000000070000000X,53.67,2018/4/25,330600,1ed3b40d-9d66-4ac5-ba4d-f3f44bc99cc8
嘉兴市,0000000H0000003N000000070000000X,13.5,2018/6/25,330400,5914faa3-30a5-491b-bb0b-28e6952a4338
绍兴市,0000001700000031000000070000000X,2.43,2018/1/5,330600,7b58876f-6fc6-4ad9-871e-7a90c5566caf
宁波市,0000000M0000003V000000070000000X,13.87,2018/6/15,330200,71aff729-0b67-4d5d-b354-a41fc047dd29
衢州市,0000001500000031000000070000000X,3.5,2018/6/15,330800,41e2b148-fc95-42a8-a423-6df35a7d4ecb
绍兴市,0000000M0000003V000000070000000X,10.17,2017/8/25,330600,6464b177-dd58-4be1-ab3e-9661e56dd819
温州市,0000002U0000007X000000070000000X,4.33,2017/11/25,330300,e51533b3-f500-41c2-a703-48f4bb26ab32
丽水市,0000000H0000003P000000070000000X,17.5,2018/8/15,331100,919b6b3c-ffba-4792-99c4-5f400fd1bea1
湖州市,0000001E00000031000000070000000X,5.33,2018/3/25,330500,7ad787c2-4383-4b69-93a3-479fea2d177f
浙江省,0000002U0000007X000000070000000X,4.33,2018/11/15,330000,ac658f3c-cb70-4e22-813b-6928baf307d3
嘉兴市,0000001K00000031000000070000000X,3.67,2018/11/5,330400,e0f89168-294f-42c8-a73d-37ac168d9a69
温州市,0000000J0000003S000000070000000X,43,2017/7/25,330300,1109cebd-66d9-4b81-8f8c-3f64637e7562
衢州市,0000002P0000007W000000070000000X,3.06,2019/2/5,330800,77e5ee95-beff-4225-b0fb-23a41eb09990
衢州市,0000000D0000002R000000030000000X,38.97,2018/2/25,330800,5b8966bd-0507-41d1-90bf-6eb9519b88a0
舟山市,0000000H0000002T000000070000000X,15.67,2017/4/5,330900,5ff83bba-0ace-4f40-9909-651456055e8b
宁波市,0000000P0000002W000000070000000X,5.23,2017/1/15,330200,28381afb-2515-49ae-8909-352f4ad7f559
台州市,0000002U0000007X000000070000000X,4.33,2017/2/5,331000,383760f2-817b-4dde-ad16-3552b9e49d63
台州市,0000000P0000003E0000000700000010,4.15,2018/7/17,331000,5ea7673d-0512-4a44-a894-141c2ab4551f
嘉兴市,0000001700000031000000070000000X,2.83,2017/9/25,330400,c482818d-b41e-449a-bfa8-1f5d0a5590bf
嘉兴市,0000000J0000003Q000000070000000X,40.67,2017/2/5,330400,9f1fe81b-9270-422d-aaff-b4c515999f53
舟山市,0000000Z00000031000000070000000X,4.67,2019/1/25,330900,bf0d23e9-7ab8-44c9-945f-e95d48468b47
丽水市,0000003100000081000000130000000X,84,2018/11/5,331100,733bf181-403e-4996-ada8-c74e5aa496cd
金华市,0000001E00000031000000070000000X,3.67,2018/1/25,330700,afbc27a3-2e16-4908-b421-e287827db568
浙江省,0000000G0000003F0000000700000010,9.77,2017/9/19,330000,a69a33a9-a9b7-434c-8750-0c6c3d325c1e
丽水市,0000000K0000003U000000070000000X,36.33,2018/5/5,331100,df6c2b68-5455-4865-8315-ca1ab9f5dbb5
浙江省,0000000M0000003V000000070000000X,12.35,2017/2/25,330000,6b4cabd8-88d2-48ce-accd-495ea1af8885
湖州市,0000003100000081000000130000000X,72.3,2018/5/25,330500,3e6fbc84-5d80-4676-b46d-89df9c25e5a7
嘉兴市,0000001K00000031000000070000000X,4.17,2017/2/5,330400,3460c01a-d64a-42ba-abc9-5de61fa74a69
台州市,0000000S0000002Z000000070000000X,10,2018/5/25,331000,c7054f60-42d0-4355-a85f-8c999c25b0b2
浙江省,0000000X0000007T000000070000000X,36.33,2017/6/25,330000,47146a0a-ccf7-4a63-bd9f-74d4ceccd089
嘉兴市,0000000Z00000031000000070000000X,3.67,2018/3/25,330400,f6b28d83-d07a-4e62-a111-c0ec0943d883
衢州市,0000000H0000002T000000070000000X,19.67,2018/2/5,330800,f5fde130-38f5-4cd1-bcfd-c4c1a2fd056c
浙江省,0000000H0000002T000000070000000X,15.86,2017/5/15,330000,d1e22ede-04c5-452e-8635-43dd298182f8
绍兴市,0000000D0000002R000000030000000X,49.33,2018/8/15,330600,ea26b47c-79a4-4205-92fa-98bd43440c48
杭州市,0000000G0000003F0000000700000010,7.17,2018/3/20,330100,5c6fc993-4402-4198-802c-d9916c252e94
丽水市,0000001Z00000036000000070000000X,6.6,2019/3/15,331100,1126e8af-7a24-448e-918e-0cc91e7027a1
浙江省,0000002200000038000000070000000X,3.25,2017/2/15,330000,75dcfad6-5746-4384-ab81-e9a488f1127e
金华市,0000000Z00000031000000070000000X,2.5,2018/3/25,330700,60d0c22f-3c52-44b3-b1f8-29e531e149ce
嘉兴市,0000001K00000031000000070000000X,3.17,2017/4/15,330400,50184012-54a2-42dc-b560-077415acb796
台州市,0000000H0000003N000000070000000X,12.5,2019/3/15,331000,76c1545e-8139-4a12-a22e-e1bd3cf870f6
温州市,0000000H0000003P000000070000000X,24.33,2017/6/25,330300,3ebdfc24-24af-48af-afd1-1ae8efb79812
台州市,0000000J0000003S000000070000000X,32.67,2016/12/25,331000,d83cc755-2744-40cd-b31e-a57ce1db7470
舟山市,0000002P0000007W000000070000000X,3.33,2018/11/5,330900,b10c9961-3946-4ce9-a80d-d39327d2bc72
湖州市,0000000Z00000031000000070000000X,5.5,2018/5/25,330500,f9b64365-3244-4192-b5d5-26c9d6b878d6
绍兴市,0000001A00000031000000070000000X,3.17,2017/6/5,330600,7eb3d188-e31d-4b8f-8f96-b62741bafcc3
金华市,0000002P0000007W000000070000000X,3.9,2017/5/5,330700,5747020b-6c0c-44c8-aa6c-079f09a90239
温州市,0000000D0000002R000000030000000X,51.33,2019/1/15,330300,47ce04d9-6539-4779-a859-6e49a77d070c
衢州市,0000000Z00000031000000070000000X,3.83,2018/1/5,330800,de0d7fb3-78ea-4244-84f7-2528079c5a3e
台州市,0000000H0000003N000000070000000X,13,2017/5/5,331000,3a476e38-ed05-463c-ba2f-6f832389f502
宁波市,0000001A00000031000000070000000X,4.67,2017/3/5,330200,1197e986-ae3c-4710-a555-25f5458695d4
温州市,0000000H0000002T000000070000000X,16.67,2017/7/25,330300,8eb8e36d-8471-476b-8ba5-d053e30c2254
浙江省,0000000Z00000031000000070000000X,4.54,2018/11/15,330000,1cd14906-c81f-4cd1-a6e9-04718d9d09b1
舟山市,0000000J0000003S000000070000000X,37,2018/11/15,330900,e0ab7ac7-a190-46e7-bbdb-4cc15d6c79d4
绍兴市,0000000J0000003Q000000070000000X,46,2018/11/25,330600,1ab8ab1b-0fc4-461e-8030-a4136db38c6f
嘉兴市,0000001400000031000000070000000X,5,2017/8/25,330400,548da5f8-bf84-40e9-b60a-47086c6b60e9
台州市,0000002U0000007X000000070000000X,4.5,2017/10/5,331000,fa05ae41-1457-44aa-8ca9-cccbb780b495
宁波市,0000001700000031000000070000000X,3.17,2017/12/15,330200,73e140c4-3218-4659-a461-d83b751648b2
湖州市,0000001A00000031000000070000000X,7.67,2017/2/25,330500,a3840897-51c2-43b7-9b50-1b58f0b0d230
湖州市,0000001Z00000036000000070000000X,5.67,2019/3/5,330500,e8bdcf2a-6b01-474a-a25c-6f81d0fbc648
杭州市,0000000S0000002Z000000070000000X,8.33,2019/2/5,330100,f065725e-8ebe-4983-8eb8-a6ecb3094d3c
嘉兴市,0000000G0000003F0000000700000010,9.35,2018/2/27,330400,6b22e5d5-b6c6-4145-9d03-c6df2535ccc0
湖州市,0000001A00000031000000070000000X,6.33,2018/6/15,330500,e4df6b35-f1f6-4801-bba6-5de3935c497c
杭州市,0000000G0000003F0000000700000010,9.55,2017/9/12,330100,7c05a76e-00fd-43cd-b976-d4b913cd9269
绍兴市,0000000D0000002R000000030000000X,52,2017/3/15,330600,fa951b81-4c68-4f4d-a825-5652285d2ee7
浙江省,0000000S0000002Z000000070000000X,9.33,2018/7/25,330000,84d71744-c9b8-4567-8721-c54cf8f7ac14
绍兴市,0000000K0000003U000000070000000X,34.67,2016/12/25,330600,72991c96-208d-4e2e-81aa-bf4563517c01
宁波市,0000001700000031000000070000000X,3.07,2016/12/15,330200,2ed06b08-3ec6-487e-b493-abee669af997
嘉兴市,0000001500000031000000070000000X,4.5,2018/9/15,330400,b0ee94b7-ec26-4661-b9d7-9b752da60d9a
舟山市,0000000J0000003Q000000070000000X,40.67,2017/11/25,330900,1ef508aa-2ec5-40dc-b731-c19f63ff67b7
嘉兴市,0000000J0000003Q000000070000000X,40.67,2018/2/25,330400,691b3e55-3975-4f68-8698-1be13e3c9299
浙江省,0000002U0000007X000000070000000X,4.25,2017/2/15,330000,557486d5-a7e8-4c15-b735-6e0775700b39
湖州市,0000000P0000003E0000000700000010,3.2,2017/1/31,330500,e0af774d-45b2-4f49-8a76-32221f9a1c5b
宁波市,0000000H0000002T000000070000000X,15.67,2017/5/5,330200,7b9ea89a-f8ee-4641-86b2-ca4a96fa06c3
绍兴市,0000001700000031000000070000000X,2.5,2017/8/25,330600,2589c8cd-62fd-45db-bf3b-f275d6f02b23
绍兴市,0000000X0000007T000000070000000X,53.67,2018/5/5,330600,34eebe93-b742-41fd-a338-92d9a8b8f019
温州市,0000000X0000007T000000070000000X,63.33,2019/2/5,330300,57c7c8f7-9be8-43cb-953f-a58f250b680c
嘉兴市,0000001500000031000000070000000X,3.5,2018/7/5,330400,19586de1-eb27-4b34-ad65-d46ee97941b2
衢州市,0000000H0000002T000000070000000X,16.33,2018/4/25,330800,a6d9620e-c8d9-4c88-8894-4e37d583bfd6
宁波市,0000000C0000002Q000000030000000X,77,2017/9/25,330200,e6f9a468-b408-4a6c-8f08-d6d808bea0cb
丽水市,0000001200000031000000070000000X,3,2018/11/25,331100,aa1dcc61-cb2a-469e-a1de-a39f024a7237
丽水市,0000002U0000007X000000070000000X,4.66,2017/9/15,331100,7894a38b-b016-485e-9ecb-1b30b4a97e9d
绍兴市,0000000P0000003E0000000700000010,4.1,2018/6/12,330600,1cbca1cf-fadf-4700-9351-04b7e8ffe780
湖州市,0000002U0000007X000000070000000X,3.87,2017/12/5,330500,73227420-05c4-4ab9-8ee2-7a958732c03b
嘉兴市,0000000M0000003V000000070000000X,10.83,2017/9/25,330400,a73c73c1-15af-4efc-b67c-e10e23dd490f
丽水市,0000003100000081000000130000000X,84,2017/5/15,331100,8d7b97df-97ca-46ee-ac55-233da6ed7a1d
舟山市,0000000J0000003S000000070000000X,34.33,2016/12/15,330900,ecc86104-a2dd-4bb3-9797-8c5f0869125a
衢州市,0000001700000031000000070000000X,3.17,2019/2/15,330800,c38ee9fd-75bc-4aa0-83ed-4dc3e463feeb
金华市,0000001200000031000000070000000X,3.33,2017/4/5,330700,c9c16564-2193-46a2-8aa9-d1e96d1e2e65
衢州市,0000001400000031000000070000000X,5.5,2017/11/5,330800,a170b84d-5763-4a20-aea5-2d80a54bc37f
绍兴市,0000000P0000003E0000000700000010,4.7,2017/9/26,330600,fdbea41a-d922-48c5-a572-7a49e494ca3e
丽水市,0000001Z00000036000000070000000X,5,2018/1/25,331100,411ce7b9-d4c2-4a71-a953-3f13ac02a236
舟山市,0000000J0000003S000000070000000X,33.67,2017/3/5,330900,c911a83b-1066-42cf-9c32-680f03422e0f
金华市,0000000H0000002T000000070000000X,16,2017/2/25,330700,bc6cbe47-93e9-405a-9152-bb8718d037f1
温州市,0000001200000031000000070000000X,3.67,2017/1/15,330300,dd354ad9-482c-446b-b804-7adfb5b9a370
湖州市,0000000J0000003S000000070000000X,34,2017/6/15,330500,8bc0f803-e6f3-47d8-9688-98471febc18f
丽水市,0000000M0000003V000000070000000X,9.33,2017/7/15,331100,be1935da-00fb-442f-9cfa-14e78e62758f
浙江省,0000000Z00000031000000070000000X,5.55,2018/2/15,330000,4aae8162-0dd5-47b8-9cc9-41d80900b399
衢州市,0000000C0000002Q000000030000000X,68,2017/10/25,330800,cb9fb0f8-0af8-4487-b369-b663f243f430
台州市,0000002200000038000000070000000X,2.5,2017/3/5,331000,715ea4ce-3cae-4a1b-a6c7-f0656edc7c49
宁波市,0000001Z00000036000000070000000X,6.57,2017/2/5,330200,a514dc86-46da-4fba-9ca9-a089e0e0c033
湖州市,0000001Z00000036000000070000000X,5.67,2018/6/15,330500,ee889901-0159-4e5a-b153-f1fbc3d657d9
衢州市,0000000X0000007T000000070000000X,24,2018/12/25,330800,50c1b7ef-74e0-41a6-87fa-2681497ecdf7
嘉兴市,0000000J0000003Q000000070000000X,40.67,2018/10/25,330400,f963a66b-c71e-4f21-bba0-17802e59e338
温州市,0000003100000081000000130000000X,63,2017/4/15,330300,c6ee9232-c015-4ef0-ba3e-989d0b1a672b
温州市,0000001500000031000000070000000X,5.67,2018/12/15,330300,f9901e19-9e6c-4d64-a692-e2992b67b333
温州市,0000000C0000002Q000000030000000X,60,2018/12/5,330300,ba872394-c6e3-4d0e-91d1-5532a57e774d
宁波市,0000002P0000007W000000070000000X,3.1,2017/7/15,330200,42c1be0a-d122-4f6e-bbbc-17d5a82ee600
衢州市,0000000J0000003S000000070000000X,35.67,2017/8/25,330800,a57b75cf-0724-4232-9c30-d512be282158
衢州市,0000000P0000003E0000000700000010,3.8,2017/1/3,330800,cd35638d-7e02-45ce-ac94-5e03713044c4
舟山市,0000001200000031000000070000000X,7,2019/2/5,330900,72a4531d-38cf-48bc-a5ec-6576927ef4e4
杭州市,0000000H0000003N000000070000000X,16,2017/5/5,330100,1477b696-ecc7-475d-895d-94a89d626b09
台州市,0000002U0000007X000000070000000X,4.5,2018/8/25,331000,54c2c23b-b427-4a4e-bfc0-c4060ab0831e
杭州市,0000000D0000002R000000030000000X,46.33,2018/1/15,330100,38832e46-e1d6-4e7c-9cab-3fd0237588ac
浙江省,0000000M0000003V000000070000000X,13.05,2019/2/15,330000,7bf0cd8f-a0a3-440b-b4db-d0dda29e17d2
丽水市,0000000P0000003E0000000700000010,2.6,2017/2/28,331100,f31cd21e-cb30-42ae-94e2-b51472370980
宁波市,0000000G0000003F0000000700000010,8.11,2018/6/19,330200,0daaaeb0-4e7e-4ada-89d7-8f0108a181cf
湖州市,0000001400000031000000070000000X,4.83,2018/5/15,330500,9259b39e-279c-4419-92a2-3cec94edcf79
湖州市,0000001400000031000000070000000X,5,2018/11/15,330500,7f1180c0-eb6a-42a0-b567-84420588d462
湖州市,0000000S0000002Z000000070000000X,9.33,2018/11/5,330500,1395d280-171c-4d32-81a8-e43b478a9fe0
湖州市,0000003100000081000000130000000X,77,2017/8/25,330500,4ebde372-53be-44fc-a849-3ebc1c3db3b5
宁波市,0000000G0000003F0000000700000010,12.15,2018/11/6,330200,6eefd5c8-65f2-4105-8956-19c89b950c07
杭州市,0000000J0000003Q000000070000000X,41.33,2018/8/15,330100,488368bf-1024-4a00-ab9e-27fe6923c153
衢州市,0000001K00000031000000070000000X,2,2017/5/5,330800,3c498a7f-cc90-4a7a-9658-91277ef3353f
丽水市,0000002P0000007W000000070000000X,2.6,2017/4/5,331100,1a89f281-5e67-4381-92e1-eb7d4462bed9
温州市,0000000X0000007T000000070000000X,56.67,2018/6/25,330300,9b3f602b-4d6e-473f-95db-b92f42abdd77
丽水市,0000000P0000003E0000000700000010,4.8,2017/8/29,331100,dd09754e-c3e9-4e83-93bd-48578c2ff04d
湖州市,0000000C0000002Q000000030000000X,57.67,2018/11/25,330500,a4b4c11d-d5e2-4561-84e9-3cc1b8951088
绍兴市,0000002U0000007X000000070000000X,4.33,2017/1/25,330600,f75b8a04-4895-4532-95a0-c73ef18de8e6
浙江省,0000001K00000031000000070000000X,2.71,2017/4/15,330000,bd65b666-7dcc-4731-ab7a-6b27fef76010
台州市,0000000P0000002W000000070000000X,5.17,2018/7/25,331000,964f555c-f0c5-4434-84c5-bd8c35b283fd
绍兴市,0000000G0000003F0000000700000010,9.5,2017/9/26,330600,ad2689b4-429a-4978-a294-ff758903c4d3
金华市,0000001500000031000000070000000X,3.33,2018/8/5,330700,65e3da3f-a8db-44c7-923a-53c22e47fc9e
浙江省,0000001A00000031000000070000000X,5.24,2016/12/25,330000,a8194d4e-1188-451a-bc13-8cbb37a512a5
杭州市,0000000H0000003P000000070000000X,20.33,2018/6/5,330100,9a5b9bd9-671f-412b-a006-bb19a9b33cd0
浙江省,0000000H0000003N000000070000000X,15.05,2017/4/5,330000,5ac8d5a8-2b02-4481-8470-a1a7e98a1459
台州市,0000000G0000003F0000000700000010,10.2,2018/1/2,331000,6058e718-7d7d-46bf-a92c-eda9613bce56
绍兴市,0000001A00000031000000070000000X,4.5,2017/2/15,330600,582e19a9-712e-4082-988c-f9cbe3eb3bb7
丽水市,0000003100000081000000130000000X,84,2018/11/25,331100,e9f739b8-c930-4db3-8e8a-582da7e6cde6
衢州市,0000000P0000002W000000070000000X,5.67,2017/12/15,330800,bcff1105-91ab-4ddb-92e3-0a6fb470de3c
嘉兴市,0000000D0000002R000000030000000X,36,2019/2/5,330400,ab0744f7-253c-4e7d-b24e-7e0937954f53
丽水市,0000001Z00000036000000070000000X,5.16,2018/3/5,331100,20398e30-d4a7-444b-b9ac-bc473778065e
嘉兴市,0000001E00000031000000070000000X,6.33,2018/2/15,330400,6592383d-baf3-4d24-8765-97d2b0bb475d
嘉兴市,0000000J0000003Q000000070000000X,42.33,2019/3/15,330400,dedcd49f-cebb-403f-99b3-17b529d7dc55
浙江省,0000001Z00000036000000070000000X,6.22,2018/9/25,330000,a78fa75c-2dde-46b1-bfa2-1c260842f6a8
浙江省,0000001200000031000000070000000X,6,2018/2/15,330000,59af04cc-f3b2-49fa-9dd3-16ffb48d3e47
舟山市,0000001400000031000000070000000X,6,2018/4/25,330900,edc09c21-797d-4736-90e0-16e5058d44c4
台州市,0000001Z00000036000000070000000X,6.33,2017/5/15,331000,53dde569-8993-4114-854b-f4e8429ea8ce
杭州市,0000001K00000031000000070000000X,4.17,2019/3/15,330100,1bd102f6-9aba-41da-b652-d19a4d621f65
嘉兴市,0000001400000031000000070000000X,5.5,2017/5/5,330400,e4be358f-61bd-4ffd-bf2a-e9110c933387
杭州市,0000000X0000007T000000070000000X,39,2017/9/5,330100,4f77e4e6-4e01-4e06-bc1c-1029ad1e456d
金华市,0000002200000038000000070000000X,3.5,2018/4/5,330700,fc01ef48-c499-4bd3-966e-bf233c1f68d1
宁波市,0000001Z00000036000000070000000X,6.5,2017/12/5,330200,9e86bd47-513c-4f47-8b6f-123dfbf2e83c
丽水市,0000000J0000003S000000070000000X,36,2018/8/15,331100,aa1d0754-bbfe-4c59-9c0d-a88d657285a7
杭州市,0000000P0000003E0000000700000010,5.1,2017/9/12,330100,bbeaec00-5c17-4f10-a166-38d25a70e683
杭州市,0000001A00000031000000070000000X,5.5,2019/1/25,330100,7994dc12-b31f-4ece-abd5-faab1f5dc70d
衢州市,0000001E00000031000000070000000X,5.33,2017/9/15,330800,9adfd906-799e-4ad4-88d8-4508bf39e728
宁波市,0000001Z00000036000000070000000X,6.9,2018/7/5,330200,d0650006-68b4-46fd-9182-dca52f2f0313
杭州市,0000001500000031000000070000000X,4.57,2017/5/25,330100,844342fe-de7f-4afc-98f0-a6f17802a484
衢州市,0000000K0000003U000000070000000X,37,2017/2/5,330800,bca40edd-a57f-47f5-84c5-f9945c1d9f8f
杭州市,0000001400000031000000070000000X,5.83,2017/12/25,330100,a0635e0a-be74-4185-8eec-fe4ccb229175
宁波市,0000001500000031000000070000000X,4.6,2018/4/15,330200,65709b0a-24a1-4e93-bfa1-0e4cc820c74e
金华市,0000001K00000031000000070000000X,3.17,2017/8/5,330700,eee569c8-1259-4dc5-8dc8-69041073d6d5
丽水市,0000001700000031000000070000000X,2.67,2018/7/15,331100,f06ed707-1a19-4279-9658-6f5d0299a5ab
宁波市,0000002200000038000000070000000X,4.17,2019/3/5,330200,789e8dc0-688d-4c98-a12b-f7de632b918c
湖州市,0000000H0000003P000000070000000X,21,2018/9/5,330500,a69f13fa-ce54-456c-850e-45c1eff769d7
嘉兴市,0000000C0000002Q000000030000000X,66,2017/4/15,330400,18c095e7-d5b6-4c71-bdcb-faeb4b8c2f22
金华市,0000001700000031000000070000000X,2.83,2018/3/15,330700,ee9a1614-612e-4c5a-ba8d-4c635d295d04
衢州市,0000000C0000002Q000000030000000X,68.33,2018/6/15,330800,fcbc6eb4-c8ab-40a1-b0bd-5ba1c44b212a
湖州市,0000000S0000002Z000000070000000X,8.67,2017/12/25,330500,cc4a189d-5e5f-4cb0-ad9d-2d01c16f7bea
宁波市,0000000C0000002Q000000030000000X,73,2018/8/15,330200,736db8ed-e33d-4b98-bf3e-f27b79274395
浙江省,0000000G0000003F0000000700000010,9.2,2017/7/4,330000,527e449e-df31-4b12-a0ef-c819fad46db5
杭州市,0000001700000031000000070000000X,2.5,2017/8/5,330100,ddb44d32-f35f-49a9-9904-745d885cc7d5
宁波市,0000000H0000002T000000070000000X,15.17,2018/1/25,330200,22f880df-fc0c-40c0-a759-c2ae6ba3dab6
湖州市,0000000P0000002W000000070000000X,4.5,2017/4/25,330500,19762559-17e5-48df-8a1c-d6f0968c2a36
绍兴市,0000000C0000002Q000000030000000X,57.67,2017/12/5,330600,d51ccd95-0c52-4a7b-b18e-1a00b8a08486
舟山市,0000000P0000002W000000070000000X,6.33,2018/8/25,330900,a049e0b8-aeee-43e9-ac74-3ef6690d8653
宁波市,0000000J0000003Q000000070000000X,38.33,2017/8/15,330200,9e0b0544-cbcc-478f-bfd4-d5b4a83c1d71
舟山市,0000001Z00000036000000070000000X,7.17,2017/3/25,330900,d86f8da3-9c92-4e44-b15a-2d45db8b6e2f
台州市,0000001200000031000000070000000X,4.83,2018/10/5,331000,88ee5c66-f9ce-47be-9a5f-cfbae03cada4
丽水市,0000002U0000007X000000070000000X,4.66,2017/9/5,331100,761c6477-7616-4cdf-8870-a2efb69484db
衢州市,0000000H0000002T000000070000000X,20,2018/2/25,330800,ff6a37b9-aa39-4b07-8ec9-eea4d2c68cf6
衢州市,0000000J0000003S000000070000000X,36.67,2017/3/25,330800,83d5fbff-2502-4ab5-8725-657caff9a576
杭州市,0000001400000031000000070000000X,9,2018/2/15,330100,3a16307a-ad55-429f-bdc3-9d0966fb7c49
丽水市,0000000P0000003E0000000700000010,4.6,2017/10/31,331100,b3f0f3a0-2a0a-4af3-805b-d8e1a5d84050
舟山市,0000002U0000007X000000070000000X,3.83,2017/12/5,330900,0aea1436-b5ef-4da9-919a-9443a279137c
衢州市,0000002P0000007W000000070000000X,3.06,2017/9/15,330800,d93fccf0-0fc8-4213-8945-6e1eb03966c9
丽水市,0000002U0000007X000000070000000X,3.66,2018/10/25,331100,d831d815-5ee3-4708-9766-226b89c9bf1e
湖州市,0000000J0000003Q000000070000000X,38.33,2017/8/5,330500,6616842e-dfba-42dc-9cc1-d5a50e7be44f
衢州市,0000000C0000002Q000000030000000X,68,2017/8/25,330800,a0029f8b-6080-4d3a-b4de-7baecbef81f7
宁波市,0000000P0000002W000000070000000X,5.47,2017/10/5,330200,31ba0ce6-c3a7-435c-a3aa-d20ea3a17516
舟山市,0000002200000038000000070000000X,4.5,2018/9/15,330900,6c0025e0-f1e0-4601-98dd-45b150b5191e
丽水市,0000000J0000003S000000070000000X,34.33,2017/3/25,331100,f3eae626-2fb9-48e6-82aa-244af9e716b7
台州市,0000002P0000007W000000070000000X,3.45,2018/4/25,331000,22bd9f94-2998-4cdb-9c53-0522b3c17df8
浙江省,0000000H0000002T000000070000000X,16.62,2019/1/15,330000,ab100f27-40f2-4346-98c2-235bcd4019a2
浙江省,0000000P0000002W000000070000000X,5.75,2018/11/5,330000,1eb2d973-6b2b-4761-be92-9e5a1d7438c3
金华市,0000000P0000003E0000000700000010,3.5,2017/6/27,330700,64aff683-286d-42e5-95f2-ef29bcaf5190
杭州市,0000000H0000003P000000070000000X,21.5,2017/2/15,330100,5396a7da-0559-4535-ac41-d92a414c8035
金华市,0000000S0000002Z000000070000000X,8.5,2017/8/15,330700,b1aedaae-c48f-45c4-83ae-285a5b0f84a9
温州市,0000000H0000003N000000070000000X,15,2018/5/25,330300,eff6d8a6-9083-4d19-b577-01fb598864bc
嘉兴市,0000000M0000003V000000070000000X,11,2018/7/5,330400,ada51286-6eb1-40c0-ba69-9448880454d6
丽水市,0000001200000031000000070000000X,5,2018/2/25,331100,3740baf7-4cd8-4158-8f1b-475071fa846c
湖州市,0000002P0000007W000000070000000X,3.89,2018/2/25,330500,11589fb1-ef14-42c7-96a1-68b56c54f0dc
嘉兴市,0000000H0000003P000000070000000X,23.67,2018/8/15,330400,166563be-613e-407f-af15-a949c92c3b3c
湖州市,0000001A00000031000000070000000X,6,2019/1/25,330500,eaf94750-66f4-4e5e-833e-6d300ed0d5a8
杭州市,0000000X0000007T000000070000000X,38.67,2018/1/25,330100,de862d35-2fc8-49b9-98d0-45aa7ec3bf5f
绍兴市,0000001Z00000036000000070000000X,4.17,2017/3/25,330600,5db65ebd-1417-4a5a-a6e1-0e7763864b7f
衢州市,0000001400000031000000070000000X,4.67,2017/10/5,330800,8334d88b-1c76-40aa-b6b5-86c71c09adef
金华市,0000000D0000002R000000030000000X,42,2017/9/5,330700,cafe88be-c1f8-4132-bf93-887787da6a6d
衢州市,0000000M0000003V000000070000000X,11,2019/3/15,330800,6df26466-50e7-41ba-b066-1ab0ad5e873d
金华市,0000000G0000003F0000000700000010,10.4,2018/11/27,330700,640023d0-5b0b-4fe0-83de-fec7b5cabcf6
台州市,0000000X0000007T000000070000000X,26.67,2017/4/15,331000,2aabb2c5-32f8-4055-97ff-9900b6c1a7d9
杭州市,0000000H0000002T000000070000000X,17.33,2017/1/5,330100,22e080cc-d3bc-489d-9a56-9e4ff7ef3dc8
湖州市,0000000P0000003E0000000700000010,4,2018/5/29,330500,b6cef708-0263-41ee-bd79-57cabc889dec
温州市,0000001700000031000000070000000X,3,2019/1/25,330300,83dd64e0-da19-4491-b4ab-25a18ee94c66
绍兴市,0000001200000031000000070000000X,4.67,2019/1/5,330600,1aef9ebf-0612-43fb-8d01-0657e25f5852
绍兴市,0000000Z00000031000000070000000X,6.67,2018/10/5,330600,9a34e2f6-c6be-4a96-aef9-bb6348afeb4e
温州市,0000000M0000003V000000070000000X,14.67,2017/4/5,330300,2327f2da-4ba7-4861-9ee4-52621fb5c3a9
金华市,0000000M0000003V000000070000000X,13,2018/10/5,330700,db42c55e-4480-46ac-ab8d-aeceeff73bfa
温州市,0000001400000031000000070000000X,6.83,2018/9/25,330300,37e95ac2-b70c-43c0-8d78-3b63f65ac0bc
浙江省,0000002P0000007W000000070000000X,3.05,2017/4/25,330000,1d87f6a3-16b1-4372-bf68-5d5fdf9fc089
宁波市,0000000X0000007T000000070000000X,43.33,2018/7/15,330200,5196b365-b064-42c6-9096-e9c461953471
衢州市,0000000Z00000031000000070000000X,5.83,2018/9/25,330800,624d6f97-b946-4f80-be73-46d1ffe6f66e
嘉兴市,0000000M0000003V000000070000000X,10.5,2017/11/15,330400,f23d00a6-24a6-4399-8a27-7c03c40d872e
衢州市,0000001A00000031000000070000000X,6.33,2017/4/5,330800,99207d80-5233-479c-8a2f-b5bda5157314
温州市,0000002200000038000000070000000X,3.83,2018/11/5,330300,60efe59c-8c80-43b1-adf3-f0f3e0a7520d
杭州市,0000000P0000003E0000000700000010,3.4,2017/4/11,330100,5d2bb28e-42bb-4ac0-9022-3c782b7c892c
浙江省,0000001A00000031000000070000000X,5.14,2017/11/15,330000,01b6d06c-aaac-418d-a60a-e6f2dfd55e7d
杭州市,0000002200000038000000070000000X,3.33,2018/8/15,330100,2443fb7d-c708-40e6-bff7-400da3d904a4
衢州市,0000001400000031000000070000000X,3.67,2018/7/15,330800,ea1120b6-af7d-4eae-b739-dbc8926b8ea4
舟山市,0000000H0000002T000000070000000X,14.83,2018/3/25,330900,735c4bfc-3cb0-427a-921c-37ea43cbbcf8
绍兴市,0000000H0000003P000000070000000X,24,2017/10/15,330600,0ffeab96-c673-428f-ad0f-55648886016e
台州市,0000002P0000007W000000070000000X,3.45,2018/11/15,331000,10fb86c1-fe54-415c-8dba-746886fe7a2e
浙江省,0000000X0000007T000000070000000X,36.95,2017/6/15,330000,af6e1fe3-24df-4993-9568-47ab08206da8
宁波市,0000000H0000003N000000070000000X,15.2,2018/11/5,330200,14e02f23-b9b7-4c9c-8862-ac759e537c3f
湖州市,0000000Z00000031000000070000000X,7.5,2017/10/25,330500,b01fc277-5561-4d3e-802e-9136a64d8ee5
嘉兴市,0000000G0000003F0000000700000010,9.65,2017/5/16,330400,b248943e-5a9f-44ec-9e8c-6fef1ab310cd
嘉兴市,0000002P0000007W000000070000000X,3.2,2018/7/25,330400,c7a743a8-530f-4f9e-a392-fe1aba616f67
金华市,0000001Z00000036000000070000000X,6.33,2019/1/15,330700,ccc4b436-a125-4afe-a524-248b09070e53
温州市,0000002U0000007X000000070000000X,3.83,2017/3/25,330300,35429ed4-7a1a-406e-9149-62a28fc5c354
嘉兴市,0000001400000031000000070000000X,5.83,2017/4/5,330400,2eb54814-d310-4fc9-8a2f-9b84f792bf6a
嘉兴市,0000003100000081000000130000000X,79,2018/11/5,330400,a1433378-5288-4346-b78a-b7ca2794c423
绍兴市,0000001500000031000000070000000X,3.83,2017/4/15,330600,239d6f89-ccba-481f-ab30-244eb9a88bed
衢州市,0000000J0000003Q000000070000000X,44,2018/2/15,330800,83d20856-d97d-4e24-8750-57f17f3d769b
杭州市,0000001500000031000000070000000X,5,2018/11/25,330100,07223c02-bbc8-475c-9fec-3cae72c904f1
湖州市,0000000G0000003F0000000700000010,9.2,2018/3/6,330500,95882626-7faa-4d2f-9944-21dbd5ff61d2
丽水市,0000001A00000031000000070000000X,5.5,2018/3/15,331100,35db01ea-31fa-40fc-acb2-57fc2de9b6d8
浙江省,0000000C0000002Q000000030000000X,63.7,2017/12/15,330000,7b96e6e2-dcce-4fce-8a12-f2ecbf6d3cc1
丽水市,0000002U0000007X000000070000000X,4.66,2017/7/5,331100,30da0769-f319-4623-976e-c2196e1618cb
台州市,0000001700000031000000070000000X,2.17,2017/7/25,331000,de93e570-0a0b-48ee-aca1-219d04176e0c
舟山市,0000000C0000002Q000000030000000X,51.6,2017/4/15,330900,3b341cda-bba5-459d-9b27-7d466d27d5f7
宁波市,0000000P0000002W000000070000000X,6.53,2018/9/25,330200,dad786ef-780d-4e99-abe3-91a8d5245c8d
嘉兴市,0000003100000081000000130000000X,79,2018/9/15,330400,e4f3d961-3c4e-49ad-bed6-088ac6cbb8b6
台州市,0000001Z00000036000000070000000X,6.33,2018/3/25,331000,eae87a55-d273-46f4-af99-fe23871f05ab
温州市,0000001400000031000000070000000X,7.17,2018/4/5,330300,3d6255fd-fe0b-4d46-8c4b-fa0500ab7fab
嘉兴市,0000001200000031000000070000000X,4.83,2018/9/15,330400,de704830-a446-4d02-84f3-aee54ef728e2
舟山市,0000001E00000031000000070000000X,4.33,2018/5/5,330900,17e2ef96-377e-4028-8e02-3824fba08c5d
丽水市,0000001K00000031000000070000000X,3.33,2017/4/15,331100,fc4a1455-4600-46be-9e42-c7c7280a3f14
绍兴市,0000001500000031000000070000000X,4,2017/5/25,330600,29564dd7-eee8-41c2-92b9-29fb7efa3a0d
杭州市,0000000G0000003F0000000700000010,10.48,2018/12/25,330100,5a470b2b-edc4-4c95-b73a-1c333b093597
湖州市,0000000G0000003F0000000700000010,9.2,2019/1/8,330500,00af4432-1d8a-4fa2-9bab-e44b089a4e5b
金华市,0000001Z00000036000000070000000X,5.33,2017/1/15,330700,1a39ba63-e7d0-400f-9d91-e45d8cca0228
舟山市,0000001700000031000000070000000X,2.67,2017/8/25,330900,6be313f6-ee7b-4df3-b09f-b02e8aa8cbe0
嘉兴市,0000000G0000003F0000000700000010,9.4,2017/7/25,330400,3e559632-9eee-42ca-b395-735160ebf0bd
绍兴市,0000000C0000002Q000000030000000X,57.67,2018/7/25,330600,311015ad-15d1-4e40-8222-049d75724b4b
丽水市,0000000X0000007T000000070000000X,45,2018/6/25,331100,f754ffbe-2e9f-410e-8e29-fb1d1253c81a
台州市,0000000H0000003N000000070000000X,12.67,2018/1/15,331000,76b05ec2-caf8-4553-a6c1-50b8c27f7a9f
嘉兴市,0000000H0000002T000000070000000X,17,2017/11/25,330400,675d4183-e57a-4811-a997-0ca75e418544
温州市,0000000H0000003N000000070000000X,16.67,2017/3/5,330300,175f5d82-28b5-4014-9ba2-625092b47293
衢州市,0000000G0000003F0000000700000010,11.56,2019/1/15,330800,d87a3aa4-2332-4777-a707-a8fbd5f1cce5
杭州市,0000001E00000031000000070000000X,4.23,2017/6/25,330100,16c35b8b-fac0-4c45-90ed-6abbfd73bb4f
金华市,0000000C0000002Q000000030000000X,68.17,2017/4/25,330700,d92811a4-f255-41b4-8de7-58047d9d1680
绍兴市,0000001400000031000000070000000X,5.17,2017/4/15,330600,32000fe3-c7c9-4e6a-a687-2e4cf0ea4ed1
浙江省,0000000P0000003E0000000700000010,5.14,2018/9/11,330000,ae0ee2fb-d246-401e-8a06-64378040f5d8
绍兴市,0000000J0000003Q000000070000000X,49.33,2019/2/25,330600,7ae7463e-de37-4387-8b85-28e68b3dc550
嘉兴市,0000001400000031000000070000000X,7.33,2018/2/15,330400,f4f4f409-9eec-4612-92ce-ff5bfc2576a3
温州市,0000000G0000003F0000000700000010,12.07,2017/1/31,330300,1d5aab9f-2abb-4f90-ba44-09a739d6ab1d
湖州市,0000000P0000003E0000000700000010,5.5,2018/9/11,330500,8b67c010-a2b4-4057-8be0-b9f7a0b46c06
舟山市,0000002P0000007W000000070000000X,3.33,2018/1/15,330900,1bf0bbb9-9297-4852-a9fb-131cea021e3e
金华市,0000001K00000031000000070000000X,1.67,2017/4/25,330700,1a90af0c-3ed3-4802-a3a6-beba1b07ad42
丽水市,0000000X0000007T000000070000000X,49.33,2018/5/15,331100,34ac4573-fcc5-497f-ba74-7c3ed011f27f
衢州市,0000001A00000031000000070000000X,8.67,2018/1/5,330800,9578dd48-1d7a-4289-9b0c-c0e29a7aa21c
温州市,0000000P0000003E0000000700000010,5.1,2018/9/4,330300,42bf9a40-bb45-4b5f-9f90-5d146527140f
衢州市,0000000P0000003E0000000700000010,5,2017/12/5,330800,7df39bc7-eb39-4dff-99ec-1d44b0584654
嘉兴市,0000002200000038000000070000000X,2.67,2018/7/5,330400,088928b7-4cce-43d3-bbe0-86422b5409b5
台州市,0000001A00000031000000070000000X,3.5,2017/6/25,331000,530eb69d-5853-459c-b4ed-d2212f0ffb6b
绍兴市,0000000P0000002W000000070000000X,5.83,2019/1/15,330600,72fd2870-e3b7-4b52-b4ac-89fbc263cda1
舟山市,0000000X0000007T000000070000000X,38.33,2018/6/25,330900,ff5e55e7-73ea-4d83-977c-365328e067bf
绍兴市,0000001500000031000000070000000X,5.5,2019/2/15,330600,63bd05b2-c377-4599-aa47-ad5c5e533842
台州市,0000000D0000002R000000030000000X,42.67,2017/1/15,331000,a3582574-1a39-4061-a168-1071b82e92de
嘉兴市,0000001200000031000000070000000X,4,2017/4/5,330400,4dacc32d-b4ce-4745-95d9-e29009a31614
台州市,0000000J0000003S000000070000000X,35.33,2018/2/15,331000,a3aca308-2782-4907-8eb8-4195f7d8ae53
丽水市,0000000J0000003Q000000070000000X,38.67,2018/8/15,331100,0e55ec82-8db8-4bfd-b0aa-97c1db36f900
宁波市,0000003100000081000000130000000X,138.33,2018/6/15,330200,65b37e3d-41ea-4433-b85e-225cca6dc3d1
舟山市,0000000P0000003E0000000700000010,4,2017/1/24,330900,12e4e748-8f26-4ff9-9828-b44d7efd907b
台州市,0000000X0000007T000000070000000X,26.67,2018/8/25,331000,b4b0b90f-820e-4b8b-af8c-f172b0e0c11c
衢州市,0000003100000081000000130000000X,93.27,2018/1/5,330800,a05407ce-f86a-4c8d-9a3f-0ec134a7bf0c
嘉兴市,0000002U0000007X000000070000000X,3.83,2017/7/15,330400,14743364-d206-4c5e-9925-35f5db311258
浙江省,0000000P0000002W000000070000000X,5.23,2018/6/25,330000,c9ee5c12-3018-4d7b-8a54-04439e1cdc81
湖州市,0000000X0000007T000000070000000X,35,2018/4/5,330500,e894a70b-53bd-441b-afb6-471e6ad6b807
温州市,0000001700000031000000070000000X,2.83,2018/12/15,330300,7885c014-984b-4a6d-a585-5a47c6660ff1
丽水市,0000000G0000003F0000000700000010,9,2017/6/20,331100,1fb1918c-873d-4228-ba36-e51a74dbd81a
台州市,0000000G0000003F0000000700000010,9.6,2017/9/26,331000,eda51633-448a-4a27-8cd1-0759efa438f7
衢州市,0000000G0000003F0000000700000010,9,2017/7/25,330800,fedcb54b-0680-43e9-be02-2c48c70bcabe
台州市,0000000G0000003F0000000700000010,10.6,2018/11/20,331000,548a979c-a988-429e-b037-4c1d4525fcb6
舟山市,0000000D0000002R000000030000000X,44.3,2018/12/15,330900,336533b3-5e0e-4aa6-aafa-57764d8e1566
杭州市,0000001400000031000000070000000X,6.5,2017/2/5,330100,97b82587-2355-404b-a452-6e75eaad1aa3
宁波市,0000000K0000003U000000070000000X,34.33,2018/9/5,330200,897d1382-5935-4010-a92a-aac70f4ff2b0
金华市,0000000P0000003E0000000700000010,4.4,2018/10/9,330700,a34db9ae-d723-4c07-a0e1-053fadd0870d
舟山市,0000000G0000003F0000000700000010,10.8,2017/5/2,330900,a467990d-f8c6-40cc-8a7a-1f0191834e93
舟山市,0000000Z00000031000000070000000X,3.33,2018/4/15,330900,6b57b534-49aa-4a73-85d1-50e1ee135dc4
金华市,0000000G0000003F0000000700000010,7.8,2018/7/3,330700,cf364bf8-85cf-40ce-907f-4e6ed6e1d620
丽水市,0000002U0000007X000000070000000X,3.66,2018/12/5,331100,fd49405e-8208-41ab-bef5-9e2126a001da
嘉兴市,0000001K00000031000000070000000X,3,2017/6/25,330400,3fc1ca41-f872-41b2-9812-1cc8c3743c08
宁波市,0000000J0000003S000000070000000X,30.5,2017/3/25,330200,bff1d9fb-a291-446b-ad88-c6311fa0fdd0
温州市,0000000X0000007T000000070000000X,56.67,2018/2/25,330300,90b3de96-c8ba-4407-9818-8859f3106a5f
宁波市,0000002200000038000000070000000X,4,2018/3/5,330200,d7c8e405-2b57-48a9-8e79-0cac18d08e58
嘉兴市,0000000H0000003N000000070000000X,13.17,2018/8/15,330400,85a6a577-f8e3-4499-8826-14712754b636
浙江省,0000000D0000002R000000030000000X,43.32,2018/11/25,330000,e48ab0ea-bff2-4951-b9b1-6cf8da22342f
台州市,0000001A00000031000000070000000X,4.67,2017/3/15,331000,7944d1ab-b6a9-41be-8baf-bc1287c2dd49
衢州市,0000002U0000007X000000070000000X,4.5,2017/11/5,330800,d2186676-eb2f-4db8-b741-2f26c2508853
湖州市,0000000K0000003U000000070000000X,0,2018/11/25,330500,a0eab4fe-0d91-472c-8dd7-c2912b574665
舟山市,0000002P0000007W000000070000000X,3.33,2018/9/5,330900,a8e6a999-7fd5-4ce8-91df-750187583a7f
舟山市,0000000C0000002Q000000030000000X,50.3,2018/6/25,330900,3c56340e-5489-4cea-aace-e9db2063c7dd
嘉兴市,0000000P0000002W000000070000000X,3.5,2017/6/15,330400,f529e9ab-49e5-4789-b0ec-61c575f3c4f3
温州市,0000001200000031000000070000000X,4.5,2017/3/25,330300,c91d7f85-cbab-4148-90b1-f27d8f05b45e
杭州市,0000001K00000031000000070000000X,3.87,2018/4/15,330100,0c2b722c-4669-4db7-a1eb-291284ba5c79
浙江省,0000001700000031000000070000000X,2.63,2017/8/15,330000,d207f34e-6590-49b6-a8ac-3de5545d988e
杭州市,0000000C0000002Q000000030000000X,63.33,2019/2/5,330100,3248958d-a111-4856-a52a-4713f529421d
温州市,0000000X0000007T000000070000000X,39,2018/12/5,330300,72d563de-3279-4b66-ada4-6ca74a5befdd
金华市,0000000P0000002W000000070000000X,5.17,2017/10/15,330700,78ebaed6-d9ea-438c-a402-e5c09e5d2295
杭州市,0000001Z00000036000000070000000X,6.67,2017/5/25,330100,ccf18a41-7144-49cb-880b-5e14bc0c214b
衢州市,0000000J0000003Q000000070000000X,38.67,2017/10/15,330800,6e6a17b6-5161-48e8-95fa-968d61716f62
浙江省,0000001400000031000000070000000X,6.38,2017/3/15,330000,72182f06-3508-4ea2-959a-d493ae607549
衢州市,0000001200000031000000070000000X,3.5,2016/12/15,330800,ce477443-aab8-4667-a395-f2bd208abc33
温州市,0000000J0000003Q000000070000000X,46.67,2018/7/5,330300,7964c1ba-12ff-41b1-8190-742c0f1fbaa8
宁波市,0000000G0000003F0000000700000010,10.49,2017/8/22,330200,9a202d90-0c44-45ee-8ab7-02baeb82aee5
丽水市,0000001700000031000000070000000X,2.67,2018/2/5,331100,ec603208-e19f-426a-b064-ced54e5e24b8
丽水市,0000001Z00000036000000070000000X,5,2018/8/15,331100,5ac0e162-07af-45ab-a81f-3cc13918e427
湖州市,0000000S0000002Z000000070000000X,8,2017/3/5,330500,5d2a765f-63ea-483a-ac30-97bec169ba2a
嘉兴市,0000000C0000002Q000000030000000X,66.33,2017/6/25,330400,5ce9e3b2-ed75-4fa4-876b-ef70bb3d9ef9
杭州市,0000000P0000003E0000000700000010,3,2017/3/14,330100,6441d0c1-3f34-454d-84c0-2884e699d1c6
丽水市,0000000X0000007T000000070000000X,50.33,2017/3/5,331100,d202dd10-2a9e-4ea7-baf1-80ff8da6f43a
浙江省,0000002200000038000000070000000X,3.18,2017/3/5,330000,0f8cfe11-b818-47ef-8195-572003caf918
温州市,0000001K00000031000000070000000X,3.33,2019/3/5,330300,81243432-3e8e-4523-b97f-35736fa60fab
绍兴市,0000000G0000003F0000000700000010,10.11,2018/1/16,330600,83ae31e0-e945-4c5f-a0a8-47172d1476ed
嘉兴市,0000001400000031000000070000000X,10,2019/3/15,330400,8ac3be8c-57cb-42e3-99be-113a8f176f4c
温州市,0000000P0000003E0000000700000010,3.2,2017/2/28,330300,ae26d7a7-d5c9-482b-b418-4ed3f58df49e
温州市,0000000H0000003N000000070000000X,15.33,2018/7/15,330300,e6a95e5d-1fb9-4305-81c6-48744ed55bbc
台州市,0000001400000031000000070000000X,5.83,2018/9/5,331000,cf24f4a8-df1e-443c-ab9e-a936f01b046e
浙江省,0000000S0000002Z000000070000000X,9.26,2017/5/5,330000,3d3ac1cd-458f-45fc-9f4d-261a028bec41
衢州市,0000000G0000003F0000000700000010,9.6,2018/9/11,330800,e9bc0ce9-cb3d-442a-99cd-6d78e407d2b4
浙江省,0000000H0000003N000000070000000X,13.97,2017/11/5,330000,66e73f6d-b127-4e32-bd47-aadfb2374f1e
浙江省,0000000X0000007T000000070000000X,37.9,2018/1/15,330000,7a31ef01-a5ee-490b-b51b-c1e337142b06
宁波市,0000000K0000003U000000070000000X,32.5,2017/8/5,330200,c4242c01-d493-4c3f-aacb-72099072c253
浙江省,0000003100000081000000130000000X,86.46,2019/1/25,330000,b47b5728-8759-4f83-8480-a757d76c5db1
台州市,0000000S0000002Z000000070000000X,10,2018/3/5,331000,f0d98727-4160-405a-86ee-a009991b7b0b
温州市,0000001Z00000036000000070000000X,6.5,2017/10/25,330300,9b49097a-5168-4a0c-87bd-dae3d67b8a0a
浙江省,0000001700000031000000070000000X,2.88,2017/5/15,330000,9e077267-98a3-4b3e-8972-35a52f1d7e43
杭州市,0000000X0000007T000000070000000X,38.67,2018/6/5,330100,c507721f-a3d6-46de-978b-d04114804dc9
温州市,0000000J0000003Q000000070000000X,47.67,2018/2/25,330300,339ac778-ebad-4f43-9d67-7fb3d6cac517
台州市,0000000G0000003F0000000700000010,14,2018/10/2,331000,46ecf64c-8d6e-4182-bfcd-829402e1b2e7
绍兴市,0000000G0000003F0000000700000010,12.53,2017/2/7,330600,e0ff6a15-03df-4f13-af72-60062504e4ca
绍兴市,0000000J0000003Q000000070000000X,40,2017/4/25,330600,076274bf-9451-4ab9-b88f-3dc120f07260
绍兴市,0000000H0000002T000000070000000X,15.67,2019/2/15,330600,ae7dbb4a-e45a-4b78-966b-8d3b9d428c72
湖州市,0000000P0000003E0000000700000010,4.8,2017/11/28,330500,3df734ba-cde8-4c7b-badc-60876e99dae1
台州市,0000002P0000007W000000070000000X,3.28,2017/6/5,331000,86b706fc-95dd-467a-bc84-3b9f9974f5f4
衢州市,0000000G0000003F0000000700000010,11.2,2017/3/7,330800,24248815-c03f-40a1-989f-4574cc2f43a5
台州市,0000000H0000003P000000070000000X,25.33,2017/1/5,331000,64dc1c67-bf64-4002-b42a-c8cfdb29a089
丽水市,0000001Z00000036000000070000000X,5.1,2018/11/5,331100,09e4186a-e1a8-49c4-b99b-cbb988f66b42
杭州市,0000000G0000003F0000000700000010,10.93,2019/3/19,330100,cb38d2cb-f72f-44c5-9782-c19665ff5cd1
金华市,0000000M0000003V000000070000000X,12.33,2017/4/5,330700,5cf64239-f1e7-4002-835d-383799da8f97
宁波市,0000000S0000002Z000000070000000X,10,2017/7/25,330200,5e2dc374-04d2-485d-8abb-bf0d75de6b01
宁波市,0000000H0000002T000000070000000X,16.33,2017/4/5,330200,9c3cf0b7-872d-4da5-84e3-96c361f7cfe4
宁波市,0000000D0000002R000000030000000X,46.43,2017/3/15,330200,9c715f79-e492-45ca-b53c-d4ebc98e077e
衢州市,0000001700000031000000070000000X,2.67,2018/12/5,330800,82c4cf1a-bffe-462e-b158-8c754c5a3aee
宁波市,0000000H0000003P000000070000000X,27.83,2016/12/25,330200,31e951ba-b55f-4678-b02f-d5bd95d794a1
衢州市,0000000G0000003F0000000700000010,9.1,2017/11/21,330800,d3923474-eb86-4241-9188-c73b243338ce
温州市,0000002P0000007W000000070000000X,2.33,2017/9/5,330300,670fdf79-c17a-4a95-a186-d7dbeeb0e817
台州市,0000001500000031000000070000000X,4,2017/4/5,331000,6ffb8991-cf71-446f-bd62-363006b5cc04
台州市,0000000H0000002T000000070000000X,15.67,2018/10/25,331000,17c571d1-a437-46a0-ae7c-9b6084fdc8c1
丽水市,0000000Z00000031000000070000000X,2.17,2017/4/5,331100,a400b69e-3391-4409-a251-0e51fcc8ce65
舟山市,0000000J0000003S000000070000000X,35.33,2018/2/25,330900,3be8796e-4d1a-4f43-9458-fdba6c71203f
宁波市,0000001700000031000000070000000X,3.63,2019/2/5,330200,f5dca9a6-b3ab-4b0c-8d88-79a1834cba3a
丽水市,0000000P0000003E0000000700000010,4.1,2017/10/3,331100,f39494e2-05cb-4803-84b9-8c90af03d7e5
衢州市,0000001500000031000000070000000X,4.83,2017/2/25,330800,e2b319d0-2252-4e18-bdb0-5fe78d8d8c3d
嘉兴市,0000002U0000007X000000070000000X,3.83,2017/6/25,330400,d0c4251e-e347-41fb-bd68-5a2d0f928462
嘉兴市,0000002U0000007X000000070000000X,4,2017/12/15,330400,1ec5fd79-6337-41e4-8776-f3650418ce90
丽水市,0000000H0000003P000000070000000X,19.33,2017/11/15,331100,dfaf3a04-6db2-41ea-9cd5-db38e5878230
嘉兴市,0000001500000031000000070000000X,5.17,2018/11/25,330400,fe1d9b2e-4a6b-46fb-a735-f0149a982373
杭州市,0000000X0000007T000000070000000X,40,2018/12/5,330100,2109dcc7-11a5-48d2-bacf-f0cfcbcfb431
嘉兴市,0000002U0000007X000000070000000X,3.93,2018/4/5,330400,a82856e4-4712-4f6a-bb3e-52a5faa44dd0
台州市,0000001E00000031000000070000000X,4,2018/7/5,331000,8cd3b045-1550-461a-a0c3-443bbe0454a6
丽水市,0000000G0000003F0000000700000010,10,2018/8/28,331100,6bea6074-8995-4735-abe0-be8c342ca6b6
丽水市,0000000S0000002Z000000070000000X,9.67,2017/5/5,331100,91ca1cb5-a3a5-4b88-8dc6-ba8716f34d2b
浙江省,0000000P0000003E0000000700000010,4.91,2018/10/2,330000,c027e94c-8c93-4087-8e5b-e4577c5123f9
杭州市,0000002P0000007W000000070000000X,3,2018/12/5,330100,352722d8-6a90-472a-9f30-0f0029663291
嘉兴市,0000002200000038000000070000000X,3.67,2017/6/15,330400,77b1c693-3a3a-4c08-b0e7-e566b4a17432
嘉兴市,0000001700000031000000070000000X,3.67,2017/3/15,330400,19644001-0c12-4cde-80c9-594131371312
嘉兴市,0000001400000031000000070000000X,4.67,2017/9/5,330400,915e20e0-b08d-49b9-89d0-25053fcd32bc
金华市,0000000Z00000031000000070000000X,4,2019/1/25,330700,f6759982-77b1-4ebc-bd0b-8af8f84cc491
衢州市,0000000P0000002W000000070000000X,6,2018/10/5,330800,076b1384-2766-4af8-8cc1-644ebced06bd
杭州市,0000001A00000031000000070000000X,5.33,2019/1/5,330100,f31e79f2-1bab-4faa-ab77-ccab689e0f5a
浙江省,0000000H0000003N000000070000000X,12.52,2018/5/25,330000,212add71-5d78-49d4-bf9c-2a8eece5f7c0
浙江省,0000002200000038000000070000000X,3.76,2018/11/15,330000,b4bf5114-7a99-4906-8398-65b70fec00bb
浙江省,0000000J0000003S000000070000000X,34.53,2017/6/15,330000,6adfa5aa-c914-42c2-818a-67477cc332a5
衢州市,0000000G0000003F0000000700000010,10.1,2019/2/26,330800,4d740573-8df4-4109-8cf7-93a8294bee62
台州市,0000001700000031000000070000000X,2.17,2018/11/25,331000,0a982769-4f9d-4ed6-b17d-d200b1c95acc
湖州市,0000000H0000003N000000070000000X,13.33,2019/2/5,330500,6a9b1e61-f391-4030-a4ba-0052567cfe1b
衢州市,0000001400000031000000070000000X,3.5,2018/6/25,330800,46f69355-b9a9-460b-b1ed-db91762cbcea
台州市,0000000H0000003N000000070000000X,13.83,2018/12/15,331000,8014192b-3c75-4054-8f15-e3b6b84dbf3f
衢州市,0000001200000031000000070000000X,2.33,2018/6/15,330800,719c40ad-7d5d-430e-846c-0ca7ee5371a7
丽水市,0000000H0000002T000000070000000X,15.33,2017/2/25,331100,16ceabf9-57f0-4bb7-b9e2-fbfefd1b4b3e
宁波市,0000002P0000007W000000070000000X,3.27,2017/8/15,330200,be2cb7f6-289c-4fa4-90c3-26e19385b67c
台州市,0000000H0000002T000000070000000X,13.17,2017/10/5,331000,f94120f6-735c-49fc-95df-4b60b118e2bc
台州市,0000000D0000002R000000030000000X,39,2018/6/15,331000,3c9b2714-3bb4-4405-b92f-99b24dae5723
嘉兴市,0000000X0000007T000000070000000X,31.67,2017/12/25,330400,2b1a91f9-5fcb-4661-8c38-d5a70236e896
绍兴市,0000000C0000002Q000000030000000X,57.67,2017/10/5,330600,8b168240-47cf-4453-a673-20fe88c314a1
绍兴市,0000000J0000003Q000000070000000X,38.33,2017/11/25,330600,f95b7e0e-bcc3-45a5-ac1e-786087ec62b6
浙江省,0000001E00000031000000070000000X,4.39,2018/5/5,330000,d57d0326-da0e-4fef-b09e-666b9df802d2
丽水市,0000001400000031000000070000000X,5,2018/9/5,331100,ecd1b6a4-088d-407b-89a8-c0683fa75fae
温州市,0000000D0000002R000000030000000X,51.33,2019/2/5,330300,672b8d7a-34e3-4fe7-ba64-4851f240d345
舟山市,0000000S0000002Z000000070000000X,11.67,2018/8/15,330900,363ad401-1059-406e-a464-26d8ba951138
浙江省,0000001200000031000000070000000X,3.89,2017/12/5,330000,722c0f9f-2d79-4a92-8979-45265479f007
嘉兴市,0000000Z00000031000000070000000X,4.33,2018/6/5,330400,7cddf7b0-3bc4-482f-b12e-9f8d57cd68ce
绍兴市,0000003100000081000000130000000X,66,2017/7/15,330600,54009cf7-a81c-48cd-88f8-287baa046dc3
湖州市,0000000S0000002Z000000070000000X,9.67,2018/4/15,330500,ac7bf802-440a-4360-bbff-65d1878d4252
金华市,0000001E00000031000000070000000X,3.33,2017/5/5,330700,030c8172-eaa6-483e-8d0d-df6142b04036
杭州市,0000001700000031000000070000000X,2.6,2018/6/15,330100,f84145f9-713d-4e7e-88ec-4d121c7512d4
台州市,0000000P0000002W000000070000000X,5.1,2018/12/25,331000,77314aad-7c3e-47c6-94e5-23dbdb459110
金华市,0000000H0000003P000000070000000X,20.67,2017/5/5,330700,62f4639a-45ce-412b-ad17-092bfa216465
金华市,0000000D0000002R000000030000000X,40.17,2018/9/15,330700,19eec6ae-e79d-4d8a-8a99-5fefc953d4e0
杭州市,0000000X0000007T000000070000000X,38.67,2018/5/25,330100,de45c004-a035-43b9-bd5f-717925df479d
浙江省,0000000H0000002T000000070000000X,15.77,2017/11/25,330000,c5bd10a9-0005-4b32-928b-34acf42251dd
台州市,0000000D0000002R000000030000000X,39.33,2017/5/25,331000,7c8ab22e-3f92-4042-acc7-d0fc8eed401f
衢州市,0000001E00000031000000070000000X,3.83,2018/2/5,330800,8e9d708f-b254-45fb-837f-55ee0c8e8717
嘉兴市,0000001Z00000036000000070000000X,6,2017/5/5,330400,cda88fb1-55c3-4ab5-b9e0-66b6c41a6cae
舟山市,0000001500000031000000070000000X,3.67,2018/7/15,330900,c2c562a6-9319-4b46-b8f5-03284acebd98
嘉兴市,0000001400000031000000070000000X,4.33,2018/12/25,330400,a0bb4d07-c707-4770-82ac-2164af07be23
嘉兴市,0000000G0000003F0000000700000010,13.1,2018/9/18,330400,a58c184a-147f-4b09-8b96-c21782ba7ef2
舟山市,0000000J0000003Q000000070000000X,39.67,2017/5/15,330900,2aca883b-01b3-4541-82fc-312a80f82631
杭州市,0000000K0000003U000000070000000X,35.33,2018/4/5,330100,116ba1e2-b9d3-450e-a08a-481df001bdd6
浙江省,0000001400000031000000070000000X,6.02,2018/12/25,330000,2c96bcda-2975-4a8b-b01e-84f7e64169a9
浙江省,0000001E00000031000000070000000X,3.42,2017/3/5,330000,419fd682-a15b-475c-bb03-ea1e61c9a458
金华市,0000000P0000003E0000000700000010,4.4,2018/12/18,330700,8da1ba20-0664-4478-98ba-7e6530ca746d
浙江省,0000000H0000003N000000070000000X,14.02,2017/12/5,330000,ded4b20e-69a6-4402-b7d0-e114f61b6662
浙江省,0000002P0000007W000000070000000X,3.13,2019/1/15,330000,dbb5a1b6-67d3-44bf-862c-c6f6de1365ed
宁波市,0000000Z00000031000000070000000X,6.6,2018/2/15,330200,540c22d8-9bbb-4ac5-a616-ed5622f02bb0
绍兴市,0000002U0000007X000000070000000X,4.33,2017/4/5,330600,3e689828-d4f6-47f5-a8b4-fdfabc233c12
宁波市,0000003100000081000000130000000X,180.33,2018/3/15,330200,940d19a3-b8fb-4489-862a-78c3650ccd1a
衢州市,0000000D0000002R000000030000000X,37.67,2018/7/25,330800,10f34069-11c0-4bed-a988-c90ffef5b4fa
金华市,0000001700000031000000070000000X,2.67,2018/3/25,330700,f7c74b2a-f065-494b-be71-a871fd153eb2
湖州市,0000001A00000031000000070000000X,7.5,2017/4/15,330500,990a20c8-0063-40e8-bdd2-974cc0e9ed97
台州市,0000001400000031000000070000000X,9.67,2019/3/15,331000,3e94b406-8379-4c16-a79f-bf9e2f1dbc7d
宁波市,0000000D0000002R000000030000000X,41.5,2018/6/25,330200,134e8e14-45ba-48aa-9c83-6fd4cd450f64
衢州市,0000000K0000003U000000070000000X,33,2017/10/25,330800,b2962aa3-45d0-44d7-befd-952277fa8958
嘉兴市,0000001200000031000000070000000X,3.33,2018/5/25,330400,30b644f6-6ae5-4a47-8b45-ad07b54df013
宁波市,0000002P0000007W000000070000000X,2.93,2017/1/5,330200,6d59a0f3-c1f2-45c2-8331-d37892e6e3a2
衢州市,0000001Z00000036000000070000000X,5.33,2018/7/5,330800,add2b78b-1ee3-4f9f-9a0d-b43c35639f64
湖州市,0000002U0000007X000000070000000X,3.5,2017/2/15,330500,7f0078c2-f6ca-47bd-afcb-c9b20e1fcbec
浙江省,0000000Z00000031000000070000000X,3.96,2016/12/25,330000,a605a2d4-ecfd-4a75-97f3-0e0b137a1486
衢州市,0000001K00000031000000070000000X,2.5,2017/6/5,330800,167ab4a0-62dc-4557-a906-8d37a5ea321a
嘉兴市,0000000J0000003Q000000070000000X,40.67,2017/1/15,330400,57812c68-0b0d-47ea-971a-78265e85bd28
绍兴市,0000000P0000002W000000070000000X,5.67,2019/3/15,330600,86dec294-75f6-4b2b-a115-55f6d552da69
金华市,0000001E00000031000000070000000X,3.17,2019/1/5,330700,cbabe361-57f6-453a-a28b-c9076a956300
舟山市,0000001400000031000000070000000X,6.67,2018/3/5,330900,f1cc617f-b248-4914-b06f-6199b7a68c98
浙江省,0000000K0000003U000000070000000X,34.84,2017/10/25,330000,32c112ef-a152-43e2-8d99-5a4baa276533
台州市,0000001A00000031000000070000000X,5,2018/11/15,331000,86818ef7-3f36-45d0-8e6c-87fb0415932d
浙江省,0000000H0000003P000000070000000X,23.03,2017/4/15,330000,653b4c45-985e-451e-ae8a-8fd5ce91a2d1
金华市,0000000P0000003E0000000700000010,4.4,2017/10/24,330700,56290ed7-5770-482b-8025-6b65b3dd0c09
丽水市,0000001400000031000000070000000X,4.33,2018/11/5,331100,c15c0a55-e242-44dd-a1fa-90d32a09044a
台州市,0000001500000031000000070000000X,3.67,2018/7/15,331000,c911fb92-0d1e-4e8e-8a2f-fc481af28624
宁波市,0000000H0000002T000000070000000X,16.33,2018/11/25,330200,85e13ba0-0903-4132-889a-e5a936c8e7c3
嘉兴市,0000000H0000003N000000070000000X,15,2017/7/5,330400,d920ea91-d3ac-492e-a89d-dd054117b33c
宁波市,0000000C0000002Q000000030000000X,73.5,2019/3/15,330200,29296539-1655-4611-afda-d0b8392323c5
金华市,0000001K00000031000000070000000X,4.17,2018/9/15,330700,0ff21f54-b731-4d17-9bcf-6ddb2dd596c4
丽水市,0000001E00000031000000070000000X,4.17,2019/3/15,331100,d1e3438f-f86d-46ce-8da7-b33a74c282e8
湖州市,0000000P0000002W000000070000000X,6,2017/8/25,330500,d435136a-a380-42a8-bc90-7b18dc461d85
温州市,0000001700000031000000070000000X,3,2016/12/15,330300,2c788df0-65a6-49d2-ba66-b07a5fca7d32
金华市,0000001700000031000000070000000X,2.83,2017/4/5,330700,da7c73a0-d1b9-4493-8271-510e6b2065c0
嘉兴市,0000000S0000002Z000000070000000X,10,2017/7/25,330400,3ae31c77-0034-499b-887b-517b239d2a98
衢州市,0000000G0000003F0000000700000010,10.5,2018/11/6,330800,1df1d3b6-3609-4ad3-b64b-15e7b2353bed
湖州市,0000000M0000003V000000070000000X,17,2018/9/15,330500,0c2077ab-94f6-4a25-aceb-7d1c9397e852
绍兴市,0000000Z00000031000000070000000X,3.17,2018/3/15,330600,53ce3625-f066-4c8e-beb2-ff770e5ac17f
湖州市,0000002U0000007X000000070000000X,3.5,2017/2/5,330500,8715ff5a-4c33-4522-9c11-bdddd1f933f8
绍兴市,0000001500000031000000070000000X,4.83,2018/12/15,330600,b75a6db5-b1f3-4919-bb42-e38b9d4a75c1
湖州市,0000002P0000007W000000070000000X,3.89,2017/4/5,330500,a735d656-7708-4f59-879d-13038bd8d1a9
湖州市,0000000K0000003U000000070000000X,0,2018/8/25,330500,c9538ab8-57c7-4a4b-a0a0-776b99678db0
杭州市,0000000S0000002Z000000070000000X,8.1,2017/11/5,330100,4de5017b-52ec-45b2-b84b-5b19e18c08d6
绍兴市,0000000M0000003V000000070000000X,10,2018/9/15,330600,eb22a2b5-6134-4846-8eb9-f8a62f33c014
杭州市,0000000H0000003N000000070000000X,14.33,2018/1/15,330100,3967577d-e769-44aa-8f84-a720cb038228
台州市,0000000H0000003N000000070000000X,12.67,2017/12/25,331000,6f6333cb-b698-4d66-9cdb-2fe52b560853
嘉兴市,0000001200000031000000070000000X,3,2018/6/25,330400,5828b492-2a3e-4b1c-aa01-6fe08e797fa7
浙江省,0000000H0000003P000000070000000X,23.9,2019/2/15,330000,2e757109-f5db-44d6-a871-b752b6e6b44d
丽水市,0000001Z00000036000000070000000X,4.83,2017/5/5,331100,927be3d4-a162-4f3b-8932-b19f0f3d79c6
浙江省,0000000G0000003F0000000700000010,9.29,2017/7/11,330000,f53f70a6-e3a2-4e76-b454-1247bcb83eea
金华市,0000000H0000003P000000070000000X,20.33,2017/5/25,330700,412c2bed-d8d5-4391-9322-230ae576135c
台州市,0000000J0000003Q000000070000000X,38.33,2018/6/25,331000,c87f3e2d-b74d-406c-9ffb-6737591fff8b
杭州市,0000000S0000002Z000000070000000X,8.77,2017/5/15,330100,768f176e-21e5-423f-b34d-21837a015f23
衢州市,0000000G0000003F0000000700000010,9,2017/11/7,330800,85132be2-4643-477d-aa2e-c5b272439a5d
湖州市,0000000D0000002R000000030000000X,37.67,2017/12/5,330500,069826bc-e3a2-4439-b58c-cfe534726f3c
宁波市,0000000X0000007T000000070000000X,37.67,2018/3/25,330200,c7cfc992-e3ed-412b-a4b3-abe255abd273
舟山市,0000000H0000003P000000070000000X,25,2017/6/25,330900,5d467ead-b411-4592-a2c2-28abaaf724b0
浙江省,0000000H0000002T000000070000000X,16.21,2019/3/5,330000,f4aa3245-7100-4cd8-bac7-31c4c9b41413
宁波市,0000000H0000002T000000070000000X,16.5,2017/3/25,330200,fb3bb422-b849-4c47-a3a2-beb3bfd6cf81
丽水市,0000002U0000007X000000070000000X,4.66,2017/3/5,331100,2ea45b7f-2550-455d-a745-9ea6b442b10c
温州市,0000000G0000003F0000000700000010,8.49,2018/7/24,330300,2ef27ed4-0b5b-47c8-a33e-c2f7ce939b1b
金华市,0000000Z00000031000000070000000X,4,2019/3/5,330700,4a3da5d2-2e84-40bb-b022-12a69f95e7db
衢州市,0000000P0000002W000000070000000X,6,2018/12/25,330800,47f67fb3-21e8-46fb-b2d4-e206270670e8
舟山市,0000000P0000002W000000070000000X,5.67,2018/11/5,330900,769e67b9-788e-4a0c-87b6-05477371f217
宁波市,0000001500000031000000070000000X,4.2,2017/7/25,330200,c625e961-f8c4-4ead-b2a6-878dba8f5cb4
舟山市,0000000J0000003S000000070000000X,38.33,2019/3/5,330900,299f9437-3910-4b08-8eef-be1262f63aec
丽水市,0000002U0000007X000000070000000X,3.66,2018/4/25,331100,f04d569e-9ef3-4448-8426-41bd85cb80a3
衢州市,0000001500000031000000070000000X,3.83,2017/11/25,330800,8d49ad11-a2c2-4561-bf07-81d194b3f7ca
台州市,0000000J0000003S000000070000000X,35.33,2018/4/5,331000,d33752b5-6928-43d8-8dee-56e46c8ef44f
温州市,0000001A00000031000000070000000X,6,2018/11/5,330300,0ecd0c55-3c02-46ad-b398-caec0dd12aae
浙江省,0000000P0000003E0000000700000010,5.28,2018/8/21,330000,84d5b886-1466-4005-9176-5be4d01a30e4
杭州市,0000000H0000003N000000070000000X,16,2017/4/25,330100,5efbcb03-8b83-4cea-ac11-7ba1f2d2806f
丽水市,0000003100000081000000130000000X,84,2018/4/5,331100,5c4632f5-ed3c-40c2-a326-c0ad43829740
舟山市,0000002200000038000000070000000X,4.43,2018/12/5,330900,fc9eea17-fb50-4d1e-adf3-3cf4d854d8df
金华市,0000000P0000002W000000070000000X,4.07,2017/7/25,330700,02fbc62f-0c3b-4172-9afe-b63ff6074067
宁波市,0000000H0000003N000000070000000X,13,2018/4/15,330200,4ab0bc6b-4025-4c01-8962-23c4834402f6
嘉兴市,0000000X0000007T000000070000000X,36.33,2017/1/25,330400,9e4841f9-2bf3-45bf-b50d-3c0dfd76ec2f
丽水市,0000002P0000007W000000070000000X,2.93,2018/3/25,331100,a96893c4-5af5-42df-bcac-d98a970c7710
丽水市,0000001K00000031000000070000000X,3,2017/6/5,331100,f27f8b0a-3d90-4889-b574-d33efbfb081a
温州市,0000000G0000003F0000000700000010,9.18,2017/9/26,330300,0a2552e2-4d06-4b2f-8712-87f4c074b377
台州市,0000002U0000007X000000070000000X,4.5,2018/11/5,331000,41cbdb71-4f88-4633-b384-46fb9fbc9dd6
嘉兴市,0000000D0000002R000000030000000X,38.33,2017/6/25,330400,e1ddae56-5a61-4547-a2e4-1bc1cd844605
湖州市,0000000M0000003V000000070000000X,17,2018/4/15,330500,fc3848b9-e128-4e51-8d53-7f4af5da1141
丽水市,0000000H0000002T000000070000000X,14,2017/10/5,331100,bb5feee4-fe68-4afd-b449-95d6d76946f7
湖州市,0000001A00000031000000070000000X,6.67,2017/7/25,330500,386e43a5-fdde-4fb4-bf45-0820632d5129
台州市,0000000G0000003F0000000700000010,9,2017/8/1,331000,496a0094-b100-4663-a261-841d14c45aec
湖州市,0000001K00000031000000070000000X,2.83,2017/5/5,330500,d4cf801b-d57c-4f7d-9ef5-89147015eaa9
嘉兴市,0000001500000031000000070000000X,5.33,2017/3/15,330400,cde4a6f8-d55a-4ef4-8722-00c7efc559b1
丽水市,0000001E00000031000000070000000X,3.17,2017/4/15,331100,62f12fcd-07eb-43fb-a1dd-9f1e63828c65
宁波市,0000001200000031000000070000000X,5.6,2018/2/15,330200,ec02acb9-3b72-45ac-87e1-77645c13c089
衢州市,0000002U0000007X000000070000000X,4.67,2018/2/25,330800,44d09413-537c-4af4-a17e-4f87975111ca
温州市,0000000K0000003U000000070000000X,45,2018/6/5,330300,1c62bca4-a298-4d45-b49c-66ae0af4cf09
温州市,0000000K0000003U000000070000000X,48,2017/2/25,330300,765ee956-c05b-496a-9fd4-0c7900f6a6a3
台州市,0000000J0000003S000000070000000X,33.33,2017/2/15,331000,8dfabb2e-84a3-4a2c-98fe-2f26dadc160a
温州市,0000000M0000003V000000070000000X,14.67,2017/3/25,330300,e9e44bd5-7745-4e8e-bca7-6f6443954d43
嘉兴市,0000001500000031000000070000000X,5.83,2017/2/15,330400,5b6c16d1-17b8-4f12-8c4d-d872cbcf5e0e
湖州市,0000000X0000007T000000070000000X,35,2018/5/5,330500,a8ae8b26-2dbb-4c5d-a5c4-4b721c548182
杭州市,0000001500000031000000070000000X,4.5,2017/12/15,330100,3144e6fb-21e6-42cf-907f-3d424573119e
衢州市,0000001Z00000036000000070000000X,5.17,2018/12/15,330800,39c38a3f-7ea7-4bf7-87c2-bd56c1950f01
温州市,0000000S0000002Z000000070000000X,9.33,2017/4/15,330300,6f1f7fe6-f3fd-49f2-9583-00b79a0b98fc
温州市,0000001500000031000000070000000X,5,2018/1/15,330300,acbdc90b-209a-4d97-9e63-53b221a17afa
衢州市,0000000K0000003U000000070000000X,34.33,2018/3/15,330800,d70f0757-3d85-4870-bdfc-90c4771474fb
温州市,0000000X0000007T000000070000000X,43.33,2018/7/15,330300,b4eb274b-5e77-4122-9e1e-afe36cbe273b
浙江省,0000000X0000007T000000070000000X,36,2017/10/5,330000,45da9435-be35-4bfb-853e-6e9bae4aebeb
金华市,0000002P0000007W000000070000000X,3.7,2019/1/15,330700,56efebbf-bac2-48cb-bf7a-82cb52150354
杭州市,0000001700000031000000070000000X,2.83,2017/12/5,330100,e630299f-5493-4544-ac48-ed6e5f869bae
台州市,0000001E00000031000000070000000X,7,2018/10/5,331000,3ce25f42-950f-4cbc-b5e7-b0b6357f713c
温州市,0000000D0000002R000000030000000X,46.67,2018/2/5,330300,b56cdfc7-d368-4eeb-b1ee-8c6bda403e84
浙江省,0000000J0000003Q000000070000000X,39.53,2017/7/25,330000,6fd87c25-f971-4e88-8280-4630395ee488
湖州市,0000001500000031000000070000000X,5.83,2017/2/15,330500,042ca8c9-f342-414f-a2bd-5810f4f6f870
丽水市,0000000Z00000031000000070000000X,4.33,2017/9/5,331100,9b7b5330-d88b-4e42-8958-b59ffd832216
金华市,0000002200000038000000070000000X,3.5,2019/1/25,330700,949109a8-5c7b-48f3-a753-3f09d5796f6c
温州市,0000000J0000003Q000000070000000X,47.67,2018/8/15,330300,b1d60438-29d1-48d6-89eb-ed3944cb1bad
金华市,0000000G0000003F0000000700000010,7.7,2018/6/26,330700,137f7099-b580-4953-b830-ebc916ef37e7
金华市,0000002P0000007W000000070000000X,3.9,2017/4/15,330700,d3dc0754-7544-45ad-9342-b3376506b5f1
湖州市,0000001700000031000000070000000X,3.17,2017/12/5,330500,dca70497-725f-4726-8d6e-74f384015c37
嘉兴市,0000000H0000002T000000070000000X,18,2017/9/15,330400,6f347e14-9581-487d-bd3b-ecdba3b0bb6b
宁波市,0000000H0000003P000000070000000X,25.5,2018/8/5,330200,3455294a-c086-4d91-b355-deb970a1835a
温州市,0000001E00000031000000070000000X,5.5,2018/6/5,330300,3c630aef-1c71-4f94-b368-4940e75e0031
绍兴市,0000000G0000003F0000000700000010,10.88,2017/3/21,330600,dfdd626b-fc1d-4e71-aa45-6341f47c5e2e
温州市,0000002U0000007X000000070000000X,4.33,2017/9/5,330300,554cc431-13b3-4a65-9b8d-96a80eca2499
宁波市,0000001Z00000036000000070000000X,7.27,2018/10/5,330200,4ed04e8c-30ee-45de-ba8d-aaae0541f481
衢州市,0000000S0000002Z000000070000000X,8,2017/3/5,330800,656f2c19-46ec-4183-b65c-54db3888f5bc
衢州市,0000001K00000031000000070000000X,2.5,2018/11/15,330800,8729ad5f-a580-4a56-9103-51586d6a449e
温州市,0000000D0000002R000000030000000X,46.67,2017/4/25,330300,f84e873b-6acd-4223-b6fe-9edd2a437ba0
舟山市,0000001E00000031000000070000000X,4.83,2016/12/15,330900,067eec8c-2784-4077-ad12-1466325b69d5
台州市,0000000P0000002W000000070000000X,4.43,2017/1/25,331000,0131b7d5-8ffb-470a-b548-2f167163f1a9
丽水市,0000000D0000002R000000030000000X,54.6,2017/5/5,331100,80783b86-a019-41f4-80b7-7bbaa6a935fe
湖州市,0000000S0000002Z000000070000000X,9.33,2018/2/25,330500,c714f54f-1f3e-46c4-94ce-2ff5be317e76
杭州市,0000002200000038000000070000000X,3.67,2018/10/25,330100,ef520d24-d0b5-4a95-a4cb-bdb176fa6f48
嘉兴市,0000001200000031000000070000000X,4,2017/9/15,330400,edf62cd7-90a1-40a7-907c-b052fb430da9
台州市,0000000Z00000031000000070000000X,4.33,2019/2/15,331000,e41b4599-35de-4f3b-a186-9549c0141088
宁波市,0000000X0000007T000000070000000X,39.5,2017/1/5,330200,7746955b-bb86-4281-885c-b97ebb9cb365
丽水市,0000000H0000003N000000070000000X,13.33,2017/8/15,331100,eb9026b4-2949-4758-8964-ecf132fbef61
杭州市,0000001A00000031000000070000000X,5.67,2018/8/25,330100,20267685-49ff-4f61-a071-ed5349003537
台州市,0000001500000031000000070000000X,4.67,2018/9/5,331000,ab067501-c2bb-48fd-8405-6d39f3c798d5
杭州市,0000000Z00000031000000070000000X,3.17,2017/4/15,330100,8158798a-20c7-41ba-84ea-c5b9eae7fd3b
台州市,0000000H0000002T000000070000000X,13.17,2017/10/15,331000,d2588bfa-30ab-471b-aa77-357bf11ebb8e
舟山市,0000000H0000002T000000070000000X,15,2017/5/15,330900,a310969f-e76b-449c-9ce6-b25607f48736
温州市,0000000S0000002Z000000070000000X,9.67,2017/11/5,330300,ff62daac-cb96-4da8-87af-9ee2dc1cd3aa
衢州市,0000000H0000003N000000070000000X,12.67,2017/7/5,330800,d1bbccaf-9aab-4359-ae43-6831a19decec
杭州市,0000000P0000003E0000000700000010,4.3,2018/7/17,330100,258d8115-c0fa-47ca-91e7-65417e5af93b
金华市,0000001200000031000000070000000X,3.83,2018/4/5,330700,d976047b-1093-4111-95b9-7f35c4b5cf11
浙江省,0000002P0000007W000000070000000X,2.88,2017/2/15,330000,e5d3556b-5300-483d-b572-346703e198e4
衢州市,0000001700000031000000070000000X,2.5,2018/4/25,330800,97cd387b-aa09-44f9-ab4b-8123073a434a
浙江省,0000001K00000031000000070000000X,3.5,2019/3/5,330000,4edbe15f-9773-46bd-90d4-a381a98b391b
温州市,0000000H0000003P000000070000000X,25.33,2017/4/25,330300,745c3a32-0bc0-435b-965e-bd425a887561
丽水市,0000000P0000003E0000000700000010,4.8,2018/11/20,331100,1098bcdd-aedc-4035-a6d4-c97a3c7f1149
金华市,0000001400000031000000070000000X,11,2019/3/5,330700,6e3a7f4b-d36b-42f7-a54f-f222fb22cd3c
绍兴市,0000000H0000002T000000070000000X,14.67,2019/3/5,330600,3c79794a-fd45-4dff-8d65-96183f867f03
台州市,0000001Z00000036000000070000000X,5.83,2017/1/15,331000,a8f8189e-e74b-4a0e-871f-8674bf9d7013
湖州市,0000000D0000002R000000030000000X,38.67,2017/4/25,330500,88a30cba-7476-4f63-81ba-d19cd0337e82
台州市,0000002200000038000000070000000X,3,2018/12/5,331000,633ba1ef-a935-4c78-a4c6-b03846e6cc90
杭州市,0000002200000038000000070000000X,2.67,2017/10/25,330100,1e5151d6-cb3a-46cc-8521-2b34db71fbeb
台州市,0000002P0000007W000000070000000X,3.28,2017/4/15,331000,9a2a396e-a11d-4b26-afc9-c5271d4f08dd
台州市,0000001A00000031000000070000000X,6.33,2018/10/5,331000,e3a8bcf1-5564-49c5-8645-ddf591f44e9b
台州市,0000002P0000007W000000070000000X,3.28,2017/3/5,331000,49a94016-150d-4d26-912f-8f27a814f06e
温州市,0000000J0000003S000000070000000X,42.33,2017/1/5,330300,f52e34b1-e25f-4217-a039-b7fbe627c050
宁波市,0000000G0000003F0000000700000010,10.27,2017/10/31,330200,88f096df-9c5b-41cf-b739-cf4dc8ea1f7c
嘉兴市,0000001K00000031000000070000000X,3.83,2018/9/5,330400,17720d34-1069-45d8-b7c2-d0ee9b3cde55
丽水市,0000000P0000003E0000000700000010,4.8,2018/10/2,331100,c0381e99-0aa8-48ec-b291-108ceed5f59f
温州市,0000001500000031000000070000000X,4.83,2017/10/25,330300,ff379f14-6b26-4d7a-bafe-8ba5278b4aa6
温州市,0000000P0000002W000000070000000X,4.37,2017/3/25,330300,633a487e-cf6f-4a74-9c3b-ba6d53fee7c9
衢州市,0000000H0000003N000000070000000X,15,2017/3/25,330800,2aaaedbd-620a-4426-a477-9c960162455d
浙江省,0000000J0000003Q000000070000000X,42.67,2018/10/15,330000,47db5068-931f-42c9-8235-140b213f483f
台州市,0000001200000031000000070000000X,5,2019/1/15,331000,7c7d0ee6-b614-4dee-b176-0647b8ecb031
嘉兴市,0000000Z00000031000000070000000X,3.17,2017/4/15,330400,b37e2e92-82a7-4042-a5b3-2741c6a8042b
嘉兴市,0000001400000031000000070000000X,7.67,2019/2/5,330400,452f429c-f685-4c45-8943-a84ae2625213
浙江省,0000000P0000002W000000070000000X,5.35,2019/2/25,330000,d9accc15-4b3b-47d3-a24d-5a0daf760874
嘉兴市,0000000Z00000031000000070000000X,5.67,2017/10/5,330400,37626d60-eb6c-416d-bd1d-d212ef8d16f8
宁波市,0000001700000031000000070000000X,3,2017/8/25,330200,c7f421d8-c863-4329-ae9f-dee81ecd4411
金华市,0000000J0000003S000000070000000X,35.33,2017/3/15,330700,5e9f1e4c-c265-42f6-bff8-df519fbcf0c5
绍兴市,0000000H0000003N000000070000000X,13.5,2017/6/5,330600,0657e895-54e5-4cae-942f-2c22cb09a2fa
衢州市,0000000G0000003F0000000700000010,9.5,2017/9/5,330800,814ca506-85e3-45b1-b8ff-82bad4b76bc3
杭州市,0000000G0000003F0000000700000010,10.21,2018/8/21,330100,68f6b799-b38b-4cce-9f8d-ee2fc39e668a
绍兴市,0000001K00000031000000070000000X,3.17,2019/1/5,330600,f73a9e99-50b4-47c7-8f83-e2e1a47ef7dd
湖州市,0000000S0000002Z000000070000000X,9.17,2018/11/25,330500,ea81c7ab-d347-4b3d-8f63-86d75f743f38
舟山市,0000002P0000007W000000070000000X,3.33,2019/1/5,330900,1cdf92fa-94a0-4f9f-b050-829255806d3a
杭州市,0000000H0000003N000000070000000X,14.33,2017/12/25,330100,1caa079b-f951-4b1c-a6b3-52d453328835
杭州市,0000001K00000031000000070000000X,4.33,2019/2/25,330100,a7bf62e1-1017-4036-b2b6-bbb159cf32b4
湖州市,0000002200000038000000070000000X,4,2018/2/15,330500,9d506cc7-e9bd-4bf2-a413-70a74d1d279f
丽水市,0000001Z00000036000000070000000X,5.5,2018/3/15,331100,9942ba32-28e3-4a16-b2b5-096d154350f6
浙江省,0000000G0000003F0000000700000010,7,2018/5/8,330000,24622642-5951-481e-8d1e-29396431df45
温州市,0000001A00000031000000070000000X,5.67,2019/1/25,330300,712a773b-7308-4505-ae77-54494b4105a0
绍兴市,0000000S0000002Z000000070000000X,7.67,2018/12/25,330600,951c72e3-bf9d-4eb5-91c5-26102d2d9c7b
嘉兴市,0000001K00000031000000070000000X,3.83,2018/8/25,330400,ebafb35f-90b6-4505-9faa-ffe145799a62
台州市,0000001Z00000036000000070000000X,6.33,2018/10/5,331000,23641912-9638-4e33-8c6c-4f86baf965e6
舟山市,0000001A00000031000000070000000X,4.5,2018/7/5,330900,24e8f68d-e241-457e-9c3d-b0ce72084205
丽水市,0000002U0000007X000000070000000X,3.66,2018/9/25,331100,66f327b6-9893-4b3c-9cff-9bcdc92a13a2
浙江省,0000000H0000003P000000070000000X,23.19,2018/2/25,330000,8e858757-32d1-47f7-8f0e-78eaf5598bee
杭州市,0000000P0000003E0000000700000010,4.7,2017/10/31,330100,1d2d4a05-80a0-44f7-8aa7-515f88ddb913
杭州市,0000001500000031000000070000000X,4.83,2018/2/25,330100,2b89012f-7265-4fd0-a28b-189cd541eea0
嘉兴市,0000002U0000007X000000070000000X,4.17,2018/3/15,330400,4a95bb12-6b20-4da0-bd23-694ac02d49ca
舟山市,0000001400000031000000070000000X,7,2017/3/15,330900,30f4baf1-a801-47c8-b865-7590286a5129
金华市,0000000M0000003V000000070000000X,13,2018/11/5,330700,ff346a6c-85f7-430c-bdb9-4b976aa9349e
湖州市,0000000K0000003U000000070000000X,0,2017/12/15,330500,231f96a4-ca88-4df8-a847-21e5f981a838
丽水市,0000001500000031000000070000000X,4.33,2017/12/5,331100,89744fbb-2093-43a2-a032-6a21383c1dd2
舟山市,0000000P0000003E0000000700000010,4.5,2017/8/15,330900,04c89494-eba6-4f06-9a30-4846e6735689
浙江省,0000000G0000003F0000000700000010,13.26,2018/10/2,330000,d4277994-0668-4e16-adbd-79fb6b243ef8
浙江省,0000000P0000003E0000000700000010,4.96,2018/1/2,330000,125a55df-ab92-4817-9da2-c9e7c641b6c9
台州市,0000000P0000002W000000070000000X,5.73,2018/1/15,331000,d06efd26-eefb-4730-9489-5c14ea22d79b
温州市,0000001500000031000000070000000X,4.67,2017/8/15,330300,54ac2f09-6fd9-406b-b7c4-57d2cac84fb6
绍兴市,0000003100000081000000130000000X,66,2018/6/15,330600,55708cfb-db30-41c0-aa05-d7495882d632
浙江省,0000001400000031000000070000000X,5.55,2018/10/25,330000,3cfd45e6-33e8-42bb-be52-c5d59f55372d
台州市,0000000P0000003E0000000700000010,3.82,2018/3/20,331000,41644c91-6a7b-460b-b1cc-d7c7327aedc1
舟山市,0000001A00000031000000070000000X,4.5,2017/8/15,330900,4dfb88b6-fa8d-44c4-95c4-a3cc37a615e4
金华市,0000001700000031000000070000000X,2.5,2018/6/15,330700,bd84573e-afec-46d0-b5aa-d938ca6bb6a8
浙江省,0000001A00000031000000070000000X,5.08,2017/11/25,330000,97493b66-965b-45cc-b6f8-4876f60b86c9
台州市,0000000C0000002Q000000030000000X,63.33,2018/8/25,331000,2d77406a-eac3-4621-b4ce-a3166967dac2
舟山市,0000000J0000003S000000070000000X,38.67,2019/2/25,330900,cb9fda1f-6847-4aff-b43a-f141b26bd0ba
宁波市,0000000S0000002Z000000070000000X,10.4,2018/1/15,330200,abe9aedb-89bc-433f-b91d-575dc2d3f6b5
绍兴市,0000000Z00000031000000070000000X,2.83,2017/4/5,330600,1a9ab867-dc96-452c-a343-22e954b5156c
台州市,0000000H0000002T000000070000000X,13.5,2017/8/25,331000,5f9ab329-44c5-4f72-9245-fecd30126dcd
丽水市,0000000S0000002Z000000070000000X,9.67,2018/5/25,331100,e84543c8-1d34-4923-8104-9ef804afa54b
温州市,0000002200000038000000070000000X,3.83,2018/12/15,330300,25ef7c98-ead3-4f0b-9e3f-9b5eb1efbfc9
浙江省,0000001700000031000000070000000X,2.77,2018/2/5,330000,c1237ad7-b3b7-40ef-bab2-289b2b550924
湖州市,0000003100000081000000130000000X,77,2017/9/25,330500,4dbab658-da9a-4d2f-87b4-6b2b925d27ab
台州市,0000001Z00000036000000070000000X,5.83,2017/1/25,331000,7b1a5f92-a65f-4492-a1b2-91ec57968bd0
丽水市,0000000K0000003U000000070000000X,37.33,2018/8/15,331100,974dae5f-ec66-4d48-9b21-56c85a3ae597
舟山市,0000000J0000003Q000000070000000X,41.33,2018/8/5,330900,9e7eda8c-e2db-40f5-bb52-f83bc3a32886
浙江省,0000002200000038000000070000000X,2.98,2017/11/15,330000,ed2bc45f-bd73-4a44-af16-7927279df50d
温州市,0000002U0000007X000000070000000X,4,2017/7/5,330300,9b69b4c5-02d0-4db3-a92c-d1f5881cda8a
宁波市,0000000H0000002T000000070000000X,14.83,2018/5/25,330200,ff6d838e-3579-4d18-a102-c48727cc92c4
浙江省,0000000S0000002Z000000070000000X,9.31,2018/10/25,330000,39d3aa7d-f54d-4691-8296-38dc8b27bef5
绍兴市,0000000H0000003P000000070000000X,26,2017/2/25,330600,1842c131-29eb-42c2-b00b-1e1acd344d47
丽水市,0000001E00000031000000070000000X,3.33,2019/2/25,331100,4632330e-0fab-499c-8d47-592fa96566d5
湖州市,0000000H0000002T000000070000000X,16,2017/10/5,330500,4591f0eb-7915-4ac7-a768-1b7b75d616d4
金华市,0000000G0000003F0000000700000010,10.3,2019/3/12,330700,9309e431-a2ad-4d1a-b6cd-3be75f9542ec
台州市,0000001E00000031000000070000000X,4.83,2018/4/15,331000,2ac60d96-3f0b-4bd2-9a73-d5d8cf229d9d
台州市,0000000P0000002W000000070000000X,5.57,2018/10/15,331000,e591d634-b5c8-4124-8225-a1dbcd9a5301
绍兴市,0000000J0000003Q000000070000000X,42,2018/5/5,330600,291deac8-d27d-455f-a905-5662549f8134
浙江省,0000000J0000003Q000000070000000X,40.1,2017/11/25,330000,b1c64b29-ee8e-4b8f-9701-84762abf7872
舟山市,0000000P0000002W000000070000000X,5.5,2019/3/5,330900,bb949f7c-d86e-41c9-b486-77d65c8c3fbd
丽水市,0000001Z00000036000000070000000X,5,2017/5/15,331100,7b5b8654-0ec2-4e32-8d75-1228beb37bf6
温州市,0000000J0000003Q000000070000000X,46.67,2018/7/25,330300,8dc85c67-c42c-4506-a79e-9bac418bc10c
湖州市,0000000P0000002W000000070000000X,6,2017/9/15,330500,a1bcc052-503f-420a-92d5-56cb884d0a49
衢州市,0000000M0000003V000000070000000X,11.67,2018/1/25,330800,d6bdf18e-b042-4037-8692-954642bd779c
舟山市,0000000P0000003E0000000700000010,4.5,2018/7/3,330900,31899641-ca0f-47b5-ad54-aeca34733a64
宁波市,0000000G0000003F0000000700000010,9.43,2017/6/13,330200,ceb7ca8c-3b60-4de0-aac5-d84aff0e5fec
金华市,0000001400000031000000070000000X,5.67,2018/4/15,330700,59a3fadd-3cb7-49c5-b279-ab188a198fa2
舟山市,0000001K00000031000000070000000X,3.5,2018/5/25,330900,6b6c3894-f0a9-45f5-8cb5-3138a7a1d5cc
丽水市,0000000P0000003E0000000700000010,3.5,2019/2/5,331100,43711190-22bf-4106-a662-4222973bde78
宁波市,0000001Z00000036000000070000000X,6.67,2017/6/5,330200,94f01d90-4124-499d-9ae5-c942a1fe5125
绍兴市,0000000M0000003V000000070000000X,9.67,2017/5/5,330600,51a5cde0-8c21-43df-a5bc-ddd1208b67f8
绍兴市,0000002P0000007W000000070000000X,2.69,2017/4/15,330600,73a6453c-4cb2-41dc-bc47-f1cad54b459b
衢州市,0000000H0000003P000000070000000X,24.67,2018/11/25,330800,ce2f3553-ff8c-40e2-9ef6-e2c86258e749
衢州市,0000000H0000003N000000070000000X,13.67,2017/5/15,330800,17373521-163e-4d7d-b9ff-69bf8ba5b137
温州市,0000000S0000002Z000000070000000X,9.17,2017/1/15,330300,ba6a95bc-bf96-473f-946d-92d8b51f78f6
绍兴市,0000000J0000003S000000070000000X,40.33,2019/2/5,330600,76dcf228-46be-4c0e-bc73-d94bd6ed27d2
舟山市,0000001Z00000036000000070000000X,7.5,2017/9/15,330900,e1de30fa-0d98-4a69-8510-9bb5ba425501
宁波市,0000000G0000003F0000000700000010,8.49,2018/5/29,330200,5b5fe05f-effb-49b3-b2bb-9e97aa640fec
金华市,0000000S0000002Z000000070000000X,8.5,2017/8/25,330700,6fd7e7b9-b888-42ad-a371-c4a9de68d69e
金华市,0000000G0000003F0000000700000010,9.9,2019/2/26,330700,cd9a7265-a7e3-4f8d-a9e1-dc3e99f02d05
湖州市,0000000P0000003E0000000700000010,4,2019/2/26,330500,efb5eaa1-34c9-49dc-aa2e-85f9a6c795a6
丽水市,0000001400000031000000070000000X,6.33,2017/2/15,331100,17951950-52d0-4bbb-a50d-832b0981cdae
衢州市,0000000G0000003F0000000700000010,11,2017/4/4,330800,1a011334-ab2f-4de6-aa3d-180670022170
嘉兴市,0000001200000031000000070000000X,4.17,2017/11/25,330400,7ec61aaf-5d1f-4f21-939e-79ef0a0a7018
丽水市,0000001Z00000036000000070000000X,6.5,2019/1/15,331100,541ba362-6361-4463-a409-fa1f8ef87463
宁波市,0000002P0000007W000000070000000X,3.1,2017/7/5,330200,83b5b12b-272e-4db1-bab0-65e94d565510
舟山市,0000001500000031000000070000000X,4.17,2017/11/25,330900,171ffeb3-c0c9-45a4-87c7-76ea3fdb02b9
绍兴市,0000000P0000003E0000000700000010,2.9,2017/4/25,330600,e586b5ee-f798-4732-bd5d-e289649f149f
浙江省,0000001200000031000000070000000X,3.93,2017/8/15,330000,9ddc1ad8-6894-4b6a-9304-410e7476793d
金华市,0000000C0000002Q000000030000000X,68.17,2017/5/5,330700,5fe5a120-d116-4d93-800d-e09e6a393706
舟山市,0000001500000031000000070000000X,5,2017/9/15,330900,87de406b-9370-4705-a3e4-bb2c4c05580d
舟山市,0000000S0000002Z000000070000000X,11.33,2017/5/5,330900,f8e29628-5f28-4f9b-9f9d-2a1a4207edcf
湖州市,0000000M0000003V000000070000000X,17.33,2017/7/15,330500,d305e670-9e91-4485-92e1-ca7d31647410
宁波市,0000002200000038000000070000000X,3.67,2017/12/5,330200,1932189e-7a84-43e8-a9a6-93507b8a65de
衢州市,0000002P0000007W000000070000000X,3.06,2017/6/15,330800,b152806c-f5c1-4a47-b743-9c55ffe09ff4
金华市,0000000H0000003P000000070000000X,19.33,2019/1/25,330700,00a4ecf9-e679-4806-aebb-d8299c1bf995
温州市,0000000X0000007T000000070000000X,44.33,2017/1/5,330300,ebe9459d-a93e-48e1-9d98-c2125ad73abd
杭州市,0000002200000038000000070000000X,2.73,2017/4/15,330100,7986827d-9533-4bf9-8d7b-226e4bf74836
绍兴市,0000001500000031000000070000000X,3.83,2017/4/15,330600,a1726bcc-ced0-4b94-bfe4-3cfdff895963
绍兴市,0000000X0000007T000000070000000X,51.67,2017/4/25,330600,559ea155-eb4d-4316-ad68-4f599a20cf03
浙江省,0000001500000031000000070000000X,4.38,2017/8/15,330000,e181abd2-accf-465d-8b70-8099cde0ca9b
绍兴市,0000000X0000007T000000070000000X,50,2017/3/5,330600,f9306861-cbb4-4075-9d1a-166805eecf03
绍兴市,0000001500000031000000070000000X,4.17,2016/12/15,330600,f6ce3ac6-0b0f-44d4-9ae2-d3ddfba02e21
温州市,0000000D0000002R000000030000000X,50.33,2018/4/25,330300,f1859473-fbed-4a20-a498-475a6a309287
金华市,0000000C0000002Q000000030000000X,68.87,2018/12/5,330700,4fca2832-1e9c-4759-8804-84fc50ff861f
金华市,0000002U0000007X000000070000000X,4.17,2017/1/15,330700,c531069c-bbb6-40ee-aede-29e8715a8b9b
金华市,0000000J0000003Q000000070000000X,41.67,2017/3/25,330700,eb145304-e666-4a24-a4f4-ca729dc99eab
嘉兴市,0000001K00000031000000070000000X,3,2018/12/5,330400,3a3e0f46-426d-453b-a0a3-5469edd973b5
丽水市,0000000C0000002Q000000030000000X,70.23,2017/11/5,331100,04e93e60-9db0-4bf1-9851-3dfc91babc6e
杭州市,0000000P0000003E0000000700000010,4,2018/6/26,330100,c8b8d477-2f70-4a7c-852b-817d6519bbf3
嘉兴市,0000000X0000007T000000070000000X,32.33,2017/3/5,330400,1ec7a64f-3b6f-46d7-9bf5-29f3fa40fe21
杭州市,0000000H0000003P000000070000000X,20.33,2018/4/25,330100,252356fc-1790-454b-a968-563bf928e7d4
台州市,0000000P0000002W000000070000000X,4.03,2017/3/25,331000,db8ff284-e70d-45fd-a1d4-446934b8aca7
温州市,0000000X0000007T000000070000000X,50,2019/3/5,330300,98cd708e-d4d1-4a9c-b160-8e6a71f850d3
绍兴市,0000001K00000031000000070000000X,3.67,2018/7/15,330600,1bde2775-9595-4ed1-8f2d-466affbf51e1
浙江省,0000002P0000007W000000070000000X,3.03,2017/5/15,330000,57bcea54-e3f0-4038-9cb0-8070e94ef85d
浙江省,0000000P0000003E0000000700000010,2.99,2017/3/21,330000,fd090799-15e3-4834-beda-2e4db1f87b38
衢州市,0000001400000031000000070000000X,4.83,2018/11/15,330800,d124b51f-4f94-4820-9498-c936bead3d47
温州市,0000000H0000003N000000070000000X,21,2018/10/15,330300,5ab42cb3-e4f6-455d-bf3a-e84ba89595a7
温州市,0000000D0000002R000000030000000X,50,2018/2/15,330300,549f7a39-b2bf-4edc-8d3f-f0ccd691bb96
绍兴市,0000001200000031000000070000000X,5,2019/3/15,330600,49aba935-dfab-4b8b-afd5-7f6eb0e014cf
宁波市,0000000Z00000031000000070000000X,4.47,2017/1/25,330200,65b18aa9-5c90-4baa-8f84-0520c9d144c4
衢州市,0000001200000031000000070000000X,6,2019/2/25,330800,6d817bab-7d49-4120-a287-294920d18aab
温州市,0000000S0000002Z000000070000000X,9,2018/7/25,330300,aea5cebb-5d35-4bfb-ab36-410073a90fdc
嘉兴市,0000001Z00000036000000070000000X,4.83,2018/6/15,330400,f75f88c4-75cd-4944-b72e-6d65ff2b46c8
舟山市,0000001200000031000000070000000X,3.5,2017/4/15,330900,588b6436-8d91-42cc-99f9-5348610b87e2
丽水市,0000001700000031000000070000000X,2.5,2017/5/5,331100,9978ee6c-729d-4578-876e-ac7941be7d72
台州市,0000000X0000007T000000070000000X,29.67,2017/10/25,331000,1a63888a-0967-4438-9ede-e030b659e423
浙江省,0000000K0000003U000000070000000X,36.94,2018/2/5,330000,a2b49fc6-ed6e-478c-bc5d-d85910135bdd
杭州市,0000000G0000003F0000000700000010,9.19,2017/10/31,330100,7d842c05-de34-4419-a4c9-5acd09895a8d
金华市,0000000P0000003E0000000700000010,3.3,2017/7/11,330700,affd9041-6baf-4cf7-8e64-7fb1ed82d44d
嘉兴市,0000000X0000007T000000070000000X,32.33,2017/4/5,330400,8f34cfe5-0901-4995-97bf-4a90ec5ab96c
衢州市,0000002200000038000000070000000X,2.67,2018/5/25,330800,ba1ae619-9cb8-4a84-b68b-38620d1e2375
绍兴市,0000000P0000003E0000000700000010,3.5,2017/7/25,330600,869720a8-db5f-4369-92d3-25b49ee4838b
湖州市,0000001K00000031000000070000000X,4.17,2017/11/5,330500,ae48d6d6-4a80-4f26-ba80-9db07f1ad83c
金华市,0000000C0000002Q000000030000000X,68.17,2016/12/15,330700,b1f39823-ad60-4627-9143-81499e807b29
舟山市,0000000M0000003V000000070000000X,14,2018/2/5,330900,1a212431-88ed-4274-9343-30b5914a7430
衢州市,0000000P0000003E0000000700000010,4.75,2018/10/23,330800,e2211bd0-4d00-4a81-aa0a-c6ef62dce4bc
绍兴市,0000000H0000003P000000070000000X,24.67,2019/1/5,330600,eed5fe51-1701-4e31-bc3a-b59c946c29ee
丽水市,0000000P0000002W000000070000000X,4.27,2017/3/5,331100,466f3c91-3ea0-43ac-8e03-7195d80f3080
杭州市,0000000J0000003Q000000070000000X,42,2018/1/5,330100,4f801df2-fd94-4f6f-8768-f7b69236b13f
湖州市,0000000H0000003P000000070000000X,18.67,2017/5/15,330500,3d2a470f-e628-4844-99b9-e2d99eb43990
丽水市,0000002P0000007W000000070000000X,2.6,2017/7/25,331100,be919960-9d5d-42dc-a377-c1c8dead773a
绍兴市,0000000M0000003V000000070000000X,9.83,2017/12/5,330600,f506e69b-f125-4008-8569-9a82a1bed11d
温州市,0000000J0000003Q000000070000000X,47.67,2018/9/15,330300,6669153d-ed43-4634-8450-30fa41289460
嘉兴市,0000000C0000002Q000000030000000X,66.33,2017/1/25,330400,1b266e34-76cb-473d-8032-ac169337aba0
浙江省,0000000H0000002T000000070000000X,16.99,2016/3/5,330000,d970135c-8f1b-4295-b6f7-80a8d2d7ce16
丽水市,0000002U0000007X000000070000000X,3.66,2019/3/15,331100,4629c772-abc0-4681-a382-ce90ff63c55e
衢州市,0000001700000031000000070000000X,2.67,2018/5/25,330800,8694ade0-1aa4-4d2e-be8a-42c18e6dfffe
杭州市,0000001500000031000000070000000X,5,2018/11/15,330100,2f28b9f1-ecb0-45f0-91b5-a06b0df72e0c
湖州市,0000000C0000002Q000000030000000X,57.67,2018/12/25,330500,96b696da-1711-4aea-b5f2-4f2dc5748083
温州市,0000001Z00000036000000070000000X,7.67,2018/11/15,330300,8dc7dc29-4678-4a1b-a98f-ede8eb5c3038
台州市,0000001700000031000000070000000X,2.17,2018/12/15,331000,a0f27138-3190-46e0-b62e-fd7106d23030
湖州市,0000000H0000003P000000070000000X,17.67,2018/6/25,330500,7701a3f6-8e4d-4498-8731-d591accd7696
金华市,0000001E00000031000000070000000X,2.83,2017/4/15,330700,0270bc85-2f53-4151-93f7-04ac6505eabc
绍兴市,0000002200000038000000070000000X,2.77,2017/2/5,330600,d79e865d-f253-4933-ade6-8e0fe8e57442
宁波市,0000001400000031000000070000000X,7.83,2018/4/25,330200,edce0150-b0aa-4f0a-aece-51194f5c91f7
温州市,0000003100000081000000130000000X,63,2017/2/15,330300,fd74f3a2-c558-4cd0-8e8e-19c305fd6012
金华市,0000000P0000003E0000000700000010,2.5,2017/5/2,330700,f846bc8b-4961-46b6-a559-9b358ae09c4f
杭州市,0000002U0000007X000000070000000X,4.5,2019/1/25,330100,0c4e9d0e-c96f-4018-a73c-bc20b9504532
舟山市,0000000J0000003S000000070000000X,39.33,2019/2/15,330900,6092192e-b227-4469-b40e-8a027b4d157d
嘉兴市,0000001200000031000000070000000X,7.67,2019/2/5,330400,612b78e0-4d27-4ad4-b79f-3ae884daa887
杭州市,0000000P0000003E0000000700000010,4.7,2017/10/10,330100,26eae38f-e712-4099-8516-c8447584ea68
浙江省,0000000S0000002Z000000070000000X,9.06,2019/3/15,330000,cc9d6934-ea6e-4dbb-81b0-7c2528af2416
浙江省,0000000D0000002R000000030000000X,43.38,2019/1/15,330000,927da30d-bcc2-48fd-81ca-f5f6f6dd305b
丽水市,0000000H0000003P000000070000000X,24,2018/10/15,331100,3dbdf86a-7204-4125-aaa0-eb9bea8ad60c
温州市,0000002200000038000000070000000X,4,2017/2/5,330300,ccd05217-0e93-4d0e-b61a-a30bde80bc05
浙江省,0000000C0000002Q000000030000000X,63.58,2018/4/15,330000,32698295-c5f1-48f5-a09d-30fd8f34e75a
丽水市,0000000C0000002Q000000030000000X,70.23,2017/3/25,331100,61d714a8-652e-4e8d-bdfe-e153f055048e
浙江省,0000000J0000003Q000000070000000X,40.89,2018/1/25,330000,a0de8e16-fab4-47ae-8c8a-570a0dae4cf0
嘉兴市,0000000H0000003P000000070000000X,21.67,2017/6/5,330400,0258f236-4f89-40fd-8e59-ff0f74ff6fb2
宁波市,0000000K0000003U000000070000000X,33.33,2017/2/5,330200,74b63977-0bdb-4df2-afb7-b1026d9a766e
湖州市,0000000H0000003P000000070000000X,18.67,2017/9/15,330500,e8e2f610-ce2a-4f42-9900-a832b682d18d
温州市,0000001200000031000000070000000X,4.17,2017/4/25,330300,e12e7d63-0ac6-4303-9f41-b3947ae77dc9
丽水市,0000000D0000002R000000030000000X,54.6,2019/3/5,331100,d570a850-2643-4d0c-b9b8-bbd5343ac317
浙江省,0000000G0000003F0000000700000010,9.24,2017/7/25,330000,03e032a5-adaa-4d7e-b37d-affa609ab32c
丽水市,0000000H0000003N000000070000000X,13.67,2017/5/5,331100,b59ee483-822c-4f79-afec-70411b790418
杭州市,0000002P0000007W000000070000000X,2.58,2017/1/15,330100,9cb261d5-a377-46fe-ba98-74bb4e9d85dd
丽水市,0000002200000038000000070000000X,3.33,2018/4/25,331100,d3da415d-3837-41f4-bb52-6aca0340cbf5
金华市,0000001A00000031000000070000000X,5.67,2018/8/5,330700,f9572cbd-1fc0-420d-aede-f6592787736e
温州市,0000000J0000003S000000070000000X,43,2017/6/25,330300,801f8ee8-5476-4578-9b71-c9c7ccead584
绍兴市,0000000J0000003S000000070000000X,36.33,2018/11/15,330600,3aba918c-ad7e-4be5-9ff0-bb5607af7afb
衢州市,0000000G0000003F0000000700000010,9.1,2017/8/15,330800,436081ac-ce9a-4746-b021-f04ec774f106
温州市,0000000P0000003E0000000700000010,4.13,2017/10/17,330300,6f346c26-bc64-498c-a86f-d21f66995f68
湖州市,0000000K0000003U000000070000000X,0,2018/10/5,330500,76c88e03-f08a-437e-86ca-e2bca0515e57
金华市,0000000P0000003E0000000700000010,4.8,2017/8/15,330700,7a888b8d-4b14-4a2b-ba7b-cb0bbf62662e
丽水市,0000000D0000002R000000030000000X,54.6,2017/6/15,331100,5b9615b2-711d-4034-85ea-6d2932ac2754
丽水市,0000001400000031000000070000000X,5.83,2019/1/5,331100,8b6a4c2d-4898-49be-aecb-3295802cb941
绍兴市,0000000S0000002Z000000070000000X,8.83,2017/5/5,330600,69635bd4-9043-4e2e-86ef-b0b259611b7c
绍兴市,0000000P0000003E0000000700000010,4.4,2018/7/31,330600,242b6945-7ce7-4d14-afb9-6dde6bf84e3f
台州市,0000001700000031000000070000000X,2.5,2017/4/25,331000,e31a15cd-a5bc-4dad-a61a-30616fdff338
金华市,0000000Z00000031000000070000000X,3.5,2017/11/15,330700,b568ad5e-d802-44ef-9ba1-ecc7cc782836
台州市,0000000X0000007T000000070000000X,21.67,2019/2/15,331000,2b4d882e-ed9b-4e4b-bd5a-169dd204d3cc
浙江省,0000000X0000007T000000070000000X,39.78,2017/1/25,330000,18a9c0ab-ee59-47b3-aa28-5d8a30b69c24
舟山市,0000000P0000003E0000000700000010,4.8,2018/3/6,330900,c0dff8b6-d112-458b-bbad-7cfe6f4b317e
浙江省,0000001E00000031000000070000000X,5.82,2018/10/25,330000,0931bfaa-34dd-447a-b7f9-14618448e5c8
湖州市,0000000G0000003F0000000700000010,10.2,2017/4/25,330500,f23b6d19-e4a8-4627-9209-b0273cef36ee
杭州市,0000000D0000002R000000030000000X,46,2018/8/5,330100,e8ec5b01-1c20-42ca-b725-fb63158b2400
宁波市,0000000S0000002Z000000070000000X,9,2017/5/15,330200,6cca4a34-43ca-414e-81a6-9fefa48ba559
浙江省,0000001A00000031000000070000000X,5.32,2017/10/5,330000,18312047-4702-45f6-9bec-4741d9e24e69
湖州市,0000000Z00000031000000070000000X,4.67,2019/1/15,330500,7d13bcd6-c716-40b3-a514-91c1a19286cc
温州市,0000000M0000003V000000070000000X,14.67,2016/12/15,330300,013b40c0-c5c1-4a05-8f9a-9a3817e09f10
丽水市,0000000J0000003Q000000070000000X,37.33,2017/10/15,331100,5d4ce008-e38c-4be0-86c0-3340f85630e1
衢州市,0000001200000031000000070000000X,5,2019/1/15,330800,2ee59038-6fcf-40ac-8581-c7c9fca385f3
台州市,0000000J0000003S000000070000000X,32.67,2017/4/5,331000,6531cc3d-95ed-4c56-9dc3-aadb04b3d983
舟山市,0000002U0000007X000000070000000X,5,2017/6/15,330900,06fcfca1-9d25-47b3-9218-98db74f24a28
台州市,0000001K00000031000000070000000X,2.33,2017/1/25,331000,33145f80-0f9f-4ad0-9e90-62b015d2d3f1
杭州市,0000000H0000003N000000070000000X,14.33,2017/11/5,330100,b02ffd97-5ae8-4d3e-aba8-0e3a52ec2a90
湖州市,0000000S0000002Z000000070000000X,9.67,2018/10/15,330500,d7617951-4753-4388-9094-b37ea9470f87
衢州市,0000000J0000003S000000070000000X,36.33,2017/4/15,330800,349ae57f-3c70-481c-9d4c-5e3d60c1e058
金华市,0000002U0000007X000000070000000X,3.87,2018/8/5,330700,deae3f3b-fa76-4d8a-af54-0c6cc1d13d86
温州市,0000000H0000003N000000070000000X,17.67,2016/12/15,330300,4592bdf0-08a2-46b3-b2a7-6e69e7fa07f9
宁波市,0000001700000031000000070000000X,3.07,2016/12/25,330200,53e167a5-efd4-4ad0-8df4-9fb79f7a7bcb
湖州市,0000000D0000002R000000030000000X,36.33,2018/11/15,330500,f66ff7d2-c627-4119-9263-9ba235ad1866
丽水市,0000003100000081000000130000000X,84,2019/1/5,331100,f0e64a63-f81f-4ebe-b006-436abe795cf0
金华市,0000000S0000002Z000000070000000X,8,2018/2/15,330700,2c8c89b5-4e37-47f5-8c60-867c124761c5
嘉兴市,0000000X0000007T000000070000000X,31.67,2018/1/15,330400,86eeb712-a9e0-4bf0-89ad-640a7edc7091
宁波市,0000001400000031000000070000000X,5.83,2018/8/5,330200,62638a5b-699e-4662-bf97-a7cda947d7be
丽水市,0000000S0000002Z000000070000000X,9.67,2017/4/15,331100,b1ce39e5-86ec-4bfc-923b-6aabf5b49054
丽水市,0000000X0000007T000000070000000X,46,2017/6/5,331100,74edb43c-bcd6-4fe4-8203-29bdb485a70b
台州市,0000000P0000003E0000000700000010,4.28,2017/10/17,331000,536ec89b-8620-41cc-9fdd-4a5329e87386
杭州市,0000000G0000003F0000000700000010,10.64,2017/3/7,330100,8667fdca-22b0-4c7d-a041-bdbd32fd0657
杭州市,0000002200000038000000070000000X,2.73,2017/4/5,330100,56dd865a-2a18-4316-b112-fc7c259c5fb5
绍兴市,0000000M0000003V000000070000000X,10,2018/11/5,330600,2406f290-2d12-490b-8e5b-7e3a8b543e66
舟山市,0000000C0000002Q000000030000000X,50.3,2017/12/25,330900,040f95bf-fcfc-4f49-b1ee-196c76e95c01
嘉兴市,0000001700000031000000070000000X,3.27,2018/12/15,330400,f0b4aa36-ac08-4418-aa3c-8b72bdda2637
宁波市,0000001E00000031000000070000000X,5.33,2017/9/15,330200,7be0fe57-797a-408f-8a8f-359765e7644f
温州市,0000000J0000003S000000070000000X,42.67,2018/4/25,330300,fe73888a-2365-42b9-b28d-6cd841ea63ed
宁波市,0000000S0000002Z000000070000000X,9.83,2018/11/15,330200,0de163a8-5aee-4e93-b578-fa561c4f5bb1
宁波市,0000001200000031000000070000000X,6.33,2019/2/15,330200,8d3967f0-6377-4ed8-a104-8765bc8b1bfb
丽水市,0000001400000031000000070000000X,4.67,2017/9/5,331100,7db28073-5f51-4b7e-8fd9-692ec12c977f
舟山市,0000000P0000003E0000000700000010,5.2,2018/10/2,330900,b552235f-40f0-47ed-8d5e-9ae99bb22db7
温州市,0000000H0000003N000000070000000X,16,2017/6/15,330300,acf6c911-5fd2-42df-a3c4-b06a39a4413f
湖州市,0000000J0000003S000000070000000X,34.67,2018/7/15,330500,09137d39-187e-498b-afd2-beb38dff0391
丽水市,0000000Z00000031000000070000000X,2.5,2017/5/5,331100,8b4f6d6d-327a-4057-b235-abaf113cd335
嘉兴市,0000002U0000007X000000070000000X,4,2017/12/5,330400,4e5537e5-e782-4177-b757-1910be8e723b
金华市,0000000S0000002Z000000070000000X,7.5,2018/8/25,330700,2c6fd9c8-60ad-4f9a-a0e2-35596ce2969e
金华市,0000000H0000003P000000070000000X,18.33,2018/1/25,330700,d669f504-7590-42b7-81f8-67e5222fe9c5
温州市,0000001700000031000000070000000X,2.67,2017/2/25,330300,87f2b722-4f78-4027-8460-b2a1e511f754
台州市,0000001500000031000000070000000X,3.33,2017/4/25,331000,5cb241a1-2c57-4072-b6e9-6229dd09f872
宁波市,0000000P0000002W000000070000000X,5.23,2017/2/25,330200,c84acec2-de3f-492d-9340-fb7a5debab4f
丽水市,0000000P0000003E0000000700000010,2.7,2017/4/18,331100,49e1d642-0144-4029-ae7f-5ccd07a737fd
杭州市,0000000X0000007T000000070000000X,40,2018/11/15,330100,5f853ac0-e497-4bd0-a4ae-64646f6fdcbd
舟山市,0000000Z00000031000000070000000X,5.67,2019/2/5,330900,4c87f98d-17f9-4da2-909f-69b307331d1f
湖州市,0000000X0000007T000000070000000X,35,2017/10/15,330500,1b04188c-5d42-4293-ac4a-bb5689cb93c9
丽水市,0000000H0000003P000000070000000X,19.67,2017/4/5,331100,43aedd3a-cdcc-4485-8d39-6bf34deda011
嘉兴市,0000003100000081000000130000000X,79,2018/10/5,330400,d6615176-5d20-49ab-bc5d-3e0ec9606e96
丽水市,0000000X0000007T000000070000000X,46.67,2017/1/25,331100,b103605e-3fee-403b-adcc-e57ca014f89f
衢州市,0000001A00000031000000070000000X,5,2018/5/15,330800,7162958b-2d65-40cb-ad23-c6a85f65336d
温州市,0000000M0000003V000000070000000X,14.67,2017/8/25,330300,b256035f-c3ba-4397-be21-0c12d480b199
绍兴市,0000002U0000007X000000070000000X,4.67,2018/6/15,330600,6a3053b7-f71e-4cea-b8bc-34dd0ad6f680
衢州市,0000001200000031000000070000000X,3.17,2018/8/5,330800,ff69f29e-ad01-445b-bc80-70bf77b43821
丽水市,0000001A00000031000000070000000X,5,2019/1/15,331100,65387c94-3346-451f-a40a-2ce8e0c2a801
嘉兴市,0000001Z00000036000000070000000X,6.33,2019/2/15,330400,79e39f43-579a-4e68-9853-3a21e059699f
绍兴市,0000001500000031000000070000000X,3.67,2017/12/5,330600,712bf25b-8cd6-437a-b340-fefc125c655b
舟山市,0000001200000031000000070000000X,3.83,2018/11/15,330900,17b592b3-f751-43eb-be07-ee0ffc5fd574
浙江省,0000000K0000003U000000070000000X,35.63,2017/1/25,330000,ac869eb4-416a-4412-9c95-d53450cb4437
宁波市,0000000J0000003S000000070000000X,30.5,2017/3/5,330200,bae5582c-3031-42aa-aa09-c5e7754d7294
丽水市,0000000Z00000031000000070000000X,3.83,2017/10/15,331100,c9b0912e-24d2-4d95-9f71-3ef96da2c079
金华市,0000001200000031000000070000000X,4,2018/10/5,330700,2db9d43f-3285-4a9c-ac4f-95bebc80a75f
宁波市,0000000J0000003S000000070000000X,33.83,2019/3/15,330200,d2a5160f-d219-40ba-a738-fdcd9792d91c
嘉兴市,0000001Z00000036000000070000000X,5.67,2017/9/5,330400,0c12f129-09a3-4f30-bcf2-ae996dedfbae
湖州市,0000000P0000003E0000000700000010,5,2018/12/11,330500,6992818f-0ff1-4e9b-8035-9691a11ca323
绍兴市,0000000Z00000031000000070000000X,5,2017/5/25,330600,8690076b-10d4-4e8c-af8e-33244fbb6db7
舟山市,0000000J0000003Q000000070000000X,41,2018/9/25,330900,11cefcf5-7aea-48b1-9e0e-f2234df9a6e5
宁波市,0000001700000031000000070000000X,3.4,2018/3/25,330200,65c4350d-ad81-4fbc-860e-a32775609ec2
杭州市,0000002P0000007W000000070000000X,3,2018/6/15,330100,a3197fe8-b68b-47c3-9ff8-02f730deea1c
金华市,0000001E00000031000000070000000X,3.17,2017/12/15,330700,9bf57a15-d7e9-42ae-ad37-827e2c8812af
舟山市,0000001200000031000000070000000X,4.83,2017/1/15,330900,203f4ac8-3d75-4490-a4fa-664e39c9a7c2
湖州市,0000001200000031000000070000000X,6.5,2019/2/25,330500,4a1a8da6-cd3f-49dd-947e-1af7778a1dde
宁波市,0000000Z00000031000000070000000X,5.47,2019/1/15,330200,d8184102-3160-44e8-994e-e961ce91f6f8
舟山市,0000000Z00000031000000070000000X,4.67,2018/7/15,330900,1b52f859-6765-4d3b-9e17-37f9ee16d719
杭州市,0000001Z00000036000000070000000X,6.67,2017/7/15,330100,215461d5-222c-41e3-8dd6-812c911151ff
台州市,0000002P0000007W000000070000000X,3.45,2018/12/15,331000,82c0fdd0-3e34-43cb-8842-afa1418f2ef1
丽水市,0000001200000031000000070000000X,2.83,2018/5/5,331100,dde88ecc-226f-4abf-a094-f321a146436a
台州市,0000002P0000007W000000070000000X,3.28,2017/5/25,331000,8b250b2f-7bd6-47f3-a606-fd594d369c12
衢州市,0000001700000031000000070000000X,3,2018/2/25,330800,b6ab7bcf-7fb6-4412-b5db-6a864dd314a9
嘉兴市,0000000J0000003Q000000070000000X,40.67,2017/2/15,330400,f8b9c312-5ca9-45f3-8a25-5e35d96b77ca
浙江省,0000000P0000003E0000000700000010,5.13,2018/9/18,330000,5e1442cc-10d1-4ef6-a7e8-53ee9ddfe688
温州市,0000002200000038000000070000000X,3.5,2017/6/15,330300,ee297806-016e-475e-af61-6a8f76d98458
湖州市,0000001500000031000000070000000X,4.67,2017/4/25,330500,94ff26c6-4cb6-46e1-a6ae-c74d68faa4ba
浙江省,0000000H0000003N000000070000000X,15.55,2017/2/15,330000,3ddddec5-d99a-445b-8b18-fdbf44d1ac64
舟山市,0000001Z00000036000000070000000X,7.33,2018/7/25,330900,ec54b9f4-510d-4d50-992a-ac8b48cfa923
丽水市,0000000J0000003S000000070000000X,41.67,2018/2/15,331100,3ec6c063-da82-467d-bf7a-5adbef4eabdd
丽水市,0000000P0000003E0000000700000010,3.5,2019/2/19,331100,64537a1b-304f-4900-a343-fadf66396967
台州市,0000001700000031000000070000000X,2.17,2017/11/5,331000,85be5c21-462b-441c-8bcd-22188ac9b080
金华市,0000000C0000002Q000000030000000X,68.87,2018/3/5,330700,17d8fce4-6645-4839-bbc6-a7a52763e16d
台州市,0000001400000031000000070000000X,5.5,2018/4/25,331000,ffeb706e-55f8-4170-ad60-5b7b6f16f880
杭州市,0000001E00000031000000070000000X,3.83,2017/3/5,330100,1ad5a2a5-3ab7-4a56-8d33-8bef9655bbac
宁波市,0000000C0000002Q000000030000000X,73,2018/12/25,330200,e4d26b41-b3aa-4ed0-9461-42bf8c36fe2c
湖州市,0000000K0000003U000000070000000X,0,2017/3/25,330500,ebc4ed1a-64e7-4d27-ac7a-209442188141
湖州市,0000000H0000003P000000070000000X,18.33,2018/8/25,330500,bb28d34d-7dae-4fc7-8af8-b2dbfec22415
舟山市,0000001500000031000000070000000X,4.33,2017/4/15,330900,dd6beb6a-4f63-4249-9056-f9822065011a
温州市,0000000P0000003E0000000700000010,2.6,2017/6/13,330300,1f64881c-4a52-455f-a9b6-1b1243c293ee
绍兴市,0000000J0000003S000000070000000X,34.67,2018/3/15,330600,6dcec949-9785-4aaf-9d82-9508832a10c1
丽水市,0000002U0000007X000000070000000X,4.66,2017/10/15,331100,5cdda545-956e-4f5d-8ca2-6b03d01724dd
宁波市,0000001K00000031000000070000000X,4.17,2017/10/5,330200,59a813bc-8dec-4788-84f3-c6725f38d5d0
湖州市,0000001Z00000036000000070000000X,5.67,2017/11/15,330500,fe387599-f092-47f9-b667-327ed506e1db
湖州市,0000001700000031000000070000000X,3.33,2017/5/15,330500,7ca4bead-78fa-4364-ad30-c1ea642c33d8
丽水市,0000000G0000003F0000000700000010,10.6,2017/3/21,331100,86c2f306-3649-48c2-b815-9c0454fb6b7c
金华市,0000000G0000003F0000000700000010,10.7,2018/9/11,330700,883fbff8-c70f-49f1-b5c5-1fe31f3d6567
杭州市,0000001200000031000000070000000X,4.17,2018/8/15,330100,1ea703a7-f322-4483-9456-e61357ec1dfa
湖州市,0000000J0000003Q000000070000000X,38.33,2017/8/15,330500,b2e987ad-829a-4f8c-b721-8d8ffc478581
台州市,0000000S0000002Z000000070000000X,10,2018/7/15,331000,c0e33afa-fd8b-49e3-ba9c-13b75efe054b
丽水市,0000000P0000003E0000000700000010,2.7,2017/5/16,331100,3e17cf38-9a65-42bd-9f64-c211f5cd1dff
衢州市,0000001A00000031000000070000000X,7.67,2017/10/25,330800,0022e7a3-48c9-4bf4-bc14-3b371cbb33d7
绍兴市,0000000X0000007T000000070000000X,51.67,2019/2/25,330600,b72b0444-f513-45ce-bbcc-d08dc5504681
杭州市,0000000M0000003V000000070000000X,11,2019/3/5,330100,4c258fce-7538-4b62-9947-46658a3958c3
湖州市,0000001A00000031000000070000000X,6.67,2017/7/5,330500,95042e49-c3e2-4dec-995e-99820eed6dc2
浙江省,0000002P0000007W000000070000000X,3.09,2017/10/5,330000,311633f5-6cef-408b-803e-7f965f5c1902
绍兴市,0000000H0000003P000000070000000X,23.33,2018/5/5,330600,6b30b11b-1cf2-43b2-ba8c-e31be1603435
金华市,0000000H0000002T000000070000000X,15,2017/10/25,330700,b2c15604-7524-4f95-9db5-110f55957d6d
绍兴市,0000001Z00000036000000070000000X,3.83,2017/9/25,330600,b78d0bd6-d06a-4efe-a749-14e1e222ce8b
湖州市,0000000G0000003F0000000700000010,9.4,2017/8/1,330500,d4b34850-17fc-4c00-8085-5f746da1ae54
嘉兴市,0000002P0000007W000000070000000X,3.2,2017/1/25,330400,f503af82-d1bc-44c7-ac98-b82785daa254
浙江省,0000000J0000003S000000070000000X,37.5,2018/12/5,330000,a77559be-2a5b-4053-af68-b70fe77f1fe7
丽水市,0000002P0000007W000000070000000X,2.43,2016/12/25,331100,4e3cedc6-056e-40c0-8174-8bac7b50fca6
舟山市,0000000M0000003V000000070000000X,14,2018/9/15,330900,419c36e8-2174-487f-8a6a-d76ffb50614f
丽水市,0000001200000031000000070000000X,2.83,2016/12/15,331100,03a13a5a-5043-4c5b-b2d8-6762367e26bb
衢州市,0000002U0000007X000000070000000X,4.5,2017/8/15,330800,4682965b-b5d1-4875-b6f6-8bcde91fb0ed
舟山市,0000001400000031000000070000000X,6.33,2017/12/15,330900,b231d8f3-85fb-43a0-b0cd-82e5fc6ac579
宁波市,0000001E00000031000000070000000X,4.7,2018/12/5,330200,c85e19f1-08f6-4046-b95b-dc13ce8ee257
丽水市,0000000Z00000031000000070000000X,3,2018/12/5,331100,97449f1f-9fe8-49e2-8877-dcfe2bfb6665
杭州市,0000001700000031000000070000000X,2.7,2017/6/5,330100,3f328fc4-f416-4c59-bde8-09ce39d0041b
杭州市,0000001A00000031000000070000000X,5.03,2017/4/5,330100,3b2c888f-bfe8-44a1-b015-916073dad27f
杭州市,0000001500000031000000070000000X,4.5,2017/12/5,330100,74e6c14c-7d25-4588-b0a0-926fb4fe14d4
宁波市,0000000H0000002T000000070000000X,17,2017/2/5,330200,18014cdd-6391-44f6-a4fa-c6d90e65bfda
衢州市,0000001400000031000000070000000X,5,2017/10/15,330800,bbec66ef-3483-4365-aa1e-0d6a0131613a
温州市,0000000G0000003F0000000700000010,9.4,2017/10/10,330300,d186bee6-732c-420e-a9e1-0112da19af62
衢州市,0000000Z00000031000000070000000X,5.33,2018/9/5,330800,0551cca6-c512-4670-a223-88f4da230696
金华市,0000000D0000002R000000030000000X,44.67,2017/2/15,330700,0447710f-da6f-4a27-9509-34919c03e1b2
嘉兴市,0000003100000081000000130000000X,79,2019/1/5,330400,20657b62-dc0f-4424-b579-dcb8f51170f8
绍兴市,0000001700000031000000070000000X,2.5,2018/9/25,330600,ef003884-7a8d-412b-874c-2f49da93b51e
金华市,0000001A00000031000000070000000X,5,2017/5/15,330700,90d71c7a-d285-49b8-ac08-80433c4c5eac
浙江省,0000002200000038000000070000000X,3.25,2017/2/5,330000,84c681f1-ca0f-4911-85d5-d8dd522fa3e7
台州市,0000001400000031000000070000000X,5.33,2018/6/15,331000,6c94d3d4-9494-49e2-901b-5dab3a467a9e
温州市,0000000P0000003E0000000700000010,4.75,2018/1/23,330300,ab081eb8-d43a-49d7-858d-f1c439cf32bc
舟山市,0000001E00000031000000070000000X,4.83,2018/11/5,330900,ee8e67b3-8e1e-403c-b778-787a8d5b17eb
丽水市,0000000G0000003F0000000700000010,8.8,2017/5/23,331100,b4208a03-2502-4611-bf11-8ee4c43735f2
嘉兴市,0000000H0000002T000000070000000X,17,2018/11/25,330400,1419561e-d22e-4c7a-8a6a-01b7495836a7
衢州市,0000000C0000002Q000000030000000X,66,2017/5/15,330800,bd83defd-078e-493f-9553-9cc51a7b6d22
浙江省,0000000P0000002W000000070000000X,5.17,2018/7/5,330000,c07506ac-4f42-43de-9421-63aeb6f2a14d
衢州市,0000000Z00000031000000070000000X,5.67,2018/10/5,330800,b0688bd8-1ccd-4ef6-9855-a0f10f47a53f
嘉兴市,0000000J0000003Q000000070000000X,40.67,2017/11/15,330400,b9ce4894-9d56-4300-9378-a4d3f740fecb
绍兴市,0000000P0000002W000000070000000X,5.83,2018/11/5,330600,b4cda090-5b79-4826-b631-9936d7cc67ed
浙江省,0000000X0000007T000000070000000X,38.67,2017/3/15,330000,8d15ebf0-d04b-4845-85b3-7c233ec1d8dc
金华市,0000001K00000031000000070000000X,3,2018/6/15,330700,800a93ae-079b-44e9-a5e6-6b31f0cd3e81
杭州市,0000000H0000003N000000070000000X,15.17,2018/3/5,330100,544709c9-1c54-486e-a16b-8c7b624720ee
杭州市,0000001E00000031000000070000000X,4.27,2017/7/15,330100,4a77ad08-3a5d-46e4-8a5b-4d139f6d746c
杭州市,0000000H0000003N000000070000000X,15.13,2018/7/15,330100,c74c3db2-a9e9-41a2-8071-85583c75f5c7
宁波市,0000000P0000002W000000070000000X,6.2,2018/1/5,330200,00c8dd88-43aa-40ec-aeac-7f249fc6d35b
温州市,0000000K0000003U000000070000000X,43,2018/1/25,330300,411207b6-e6e6-414a-bf54-72650973f04d
浙江省,0000000X0000007T000000070000000X,40.07,2018/3/25,330000,446b6a73-e1a3-47e2-9bc5-80e45acf03ba
舟山市,0000001400000031000000070000000X,6,2018/8/25,330900,6bad3f9c-e705-4941-ba8f-1be70046f9bc
浙江省,0000000H0000003N000000070000000X,14.77,2017/4/25,330000,c1841926-354a-49d6-90c7-0cfc654531ef
金华市,0000001A00000031000000070000000X,6.67,2019/3/5,330700,d77592fa-f08f-4914-a9d0-7f0fb4d8077e
金华市,0000000P0000003E0000000700000010,5,2018/8/28,330700,301f7630-f627-4780-a544-9b2064853dcb
丽水市,0000000G0000003F0000000700000010,11.5,2018/12/11,331100,88c46a97-7bd8-4e31-9907-25f299dec0af
台州市,0000000H0000003N000000070000000X,12.33,2017/11/25,331000,3f226974-42b6-4302-b7e9-ac1d6bfb98f4
杭州市,0000000J0000003Q000000070000000X,42,2017/12/15,330100,44b3e660-b49b-45f4-a87d-becbb023345a
嘉兴市,0000000H0000002T000000070000000X,16.33,2018/4/5,330400,cfa9436e-c418-4202-b96e-165857611cd9
嘉兴市,0000001Z00000036000000070000000X,5.67,2017/1/25,330400,ab1eca9c-02cd-499d-aadb-4890acc386d9
嘉兴市,0000001E00000031000000070000000X,4.17,2018/4/5,330400,f9c53d13-3315-4015-82b7-d2169b33a483
台州市,0000000C0000002Q000000030000000X,63.33,2018/9/5,331000,f4c2dc3c-482e-4dbc-9127-8a0cf57d05f1
台州市,0000002U0000007X000000070000000X,4.5,2017/12/15,331000,4a803952-536d-4eac-b1ac-0c9c9bd88f38
嘉兴市,0000001A00000031000000070000000X,5,2017/9/25,330400,c772c1fd-4f80-40f5-ad9c-e70a8d2edbf0
温州市,0000000Z00000031000000070000000X,3.83,2017/8/5,330300,b8d09b7c-ef0c-42b0-85f3-d0371989ce91
舟山市,0000001Z00000036000000070000000X,7.5,2017/12/5,330900,c6fc86f2-d934-40d7-bbe3-d75315a7e096
舟山市,0000000P0000003E0000000700000010,4.3,2018/6/26,330900,1c28bd6a-7cd5-47a0-8d49-0e157f13dc00
杭州市,0000000P0000002W000000070000000X,5.5,2017/9/5,330100,56ae41fc-f7cd-4758-8d4e-c1129f1b57c3
嘉兴市,0000001K00000031000000070000000X,3.67,2016/12/25,330400,ed15db37-1fd5-4f60-a632-f7d02db5e1d8
湖州市,0000000Z00000031000000070000000X,4.5,2019/1/5,330500,beded9e4-dd48-461c-a85e-4f3b80cfb17c
台州市,0000001K00000031000000070000000X,2.33,2018/4/15,331000,b66a81a6-c8e1-4a19-99a3-3445d19229bb
嘉兴市,0000000H0000002T000000070000000X,17,2017/10/25,330400,7e681a63-d846-486c-9cfa-322ceff71d07
温州市,0000000P0000003E0000000700000010,4.58,2017/12/5,330300,c4a8ea4e-99e6-4ea6-9379-ba354ea45d80
湖州市,0000000Z00000031000000070000000X,4.67,2017/12/15,330500,333849ab-6404-4273-b8cc-efecc8cc34cc
杭州市,0000000D0000002R000000030000000X,46,2018/9/5,330100,43274f27-82dc-46e0-97a0-f6255cb385cb
绍兴市,0000000P0000003E0000000700000010,5.3,2018/1/23,330600,ae5bb333-59c1-4f86-8b86-50630d69f4ff
浙江省,0000000X0000007T000000070000000X,40,2017/3/25,330000,c070c8b7-f18e-4b94-b240-465c182ec6b5
杭州市,0000000X0000007T000000070000000X,40,2018/10/5,330100,65c36373-4a04-472e-b26d-7989a43df171
温州市,0000001200000031000000070000000X,4.17,2017/4/25,330300,31a5abd1-dc33-4f95-86c6-d1298ca70ff0
丽水市,0000000M0000003V000000070000000X,11.33,2018/10/5,331100,2da6d1df-aeea-42df-847b-44a7aa811e38
舟山市,0000001500000031000000070000000X,5.67,2019/2/15,330900,2ece90a7-378b-4e88-9805-c0d72895cb95
金华市,0000000P0000003E0000000700000010,3.5,2019/2/26,330700,6fc420f0-6406-4b60-884b-2fe1eec5ee78
衢州市,0000000P0000003E0000000700000010,3.85,2018/5/29,330800,049759e1-7515-4815-acda-35f71012efef
丽水市,0000000J0000003S000000070000000X,34.33,2017/7/15,331100,91d097b1-f4a2-4c82-89e1-64605969a211
丽水市,0000000S0000002Z000000070000000X,9.33,2018/4/15,331100,aec5124e-7809-4585-891d-2aaaae82b4b5
台州市,0000000M0000003V000000070000000X,10.67,2019/1/15,331000,56368880-a7ef-468c-9306-977ca4109901
衢州市,0000000P0000002W000000070000000X,4.27,2017/4/25,330800,9d9ce71c-20e2-4b57-aea1-c0122d7f0c0b
杭州市,0000000P0000002W000000070000000X,4.87,2017/1/25,330100,5d572d01-d781-44a5-965c-1da4b92bd3bf
丽水市,0000001Z00000036000000070000000X,6.26,2018/11/25,331100,b753b968-3a64-45e8-8a54-fb8a0d7d33f9
浙江省,0000002200000038000000070000000X,3.41,2017/7/5,330000,a6c53e09-af3e-4851-9117-2922edaf1129
丽水市,0000002U0000007X000000070000000X,3.66,2018/10/15,331100,7fd65f27-9592-4cdd-aae6-d4b42157be37
衢州市,0000001400000031000000070000000X,5.5,2017/10/25,330800,472aa7db-b244-459c-b7e4-a9e563eb8aa0
杭州市,0000001K00000031000000070000000X,3.5,2017/1/25,330100,b48b9f10-67a9-4b42-aa13-f9ab970245da
宁波市,0000001E00000031000000070000000X,6.97,2018/9/5,330200,78d83e51-c1dd-4867-ac18-035fe116135c
舟山市,0000000Z00000031000000070000000X,3.17,2017/4/25,330900,df038de5-ee00-4399-a994-7dd6807777e2
杭州市,0000000H0000003N000000070000000X,15.67,2017/5/25,330100,02fe566b-53ad-48a2-86d9-81448dde2fae
绍兴市,0000001500000031000000070000000X,5.5,2018/10/25,330600,995bf2fd-8ab1-49e4-aac5-8abb0f280c57
丽水市,0000000Z00000031000000070000000X,2.83,2018/3/25,331100,4982dca1-51fb-4949-baa7-f633b805e5ce
台州市,0000000H0000003N000000070000000X,12.33,2017/8/25,331000,842577c1-3688-4f6e-97b1-daaf8daa4656
浙江省,0000001A00000031000000070000000X,5.17,2017/11/5,330000,723e31c7-0b0e-4352-a7bc-f2c5c338d832
台州市,0000000G0000003F0000000700000010,11.5,2017/1/10,331000,1a28173e-3e95-4215-8bf8-dfc78d6aa9df
绍兴市,0000001K00000031000000070000000X,4.17,2018/2/25,330600,9c1755da-d599-4ad1-a11f-0eedd611cbaa
浙江省,0000002U0000007X000000070000000X,4.25,2017/2/25,330000,d2c55e0c-359a-4bae-96e6-01a4e8d0a9fc
宁波市,0000002P0000007W000000070000000X,2.93,2018/4/5,330200,30e157a1-504c-4459-ba58-7c07073ab74b
浙江省,0000001500000031000000070000000X,4.54,2018/2/5,330000,41f57127-5d4e-4952-9bb0-0051eb6c6244
宁波市,0000000H0000003N000000070000000X,14.33,2019/1/15,330200,15b430c3-3cc3-48bc-a01e-b3cd262e9d53
宁波市,0000002P0000007W000000070000000X,3.1,2017/5/5,330200,323e6080-72fd-4b19-bbcb-5c05204be0c6
杭州市,0000000S0000002Z000000070000000X,8.53,2018/4/25,330100,afaf3a55-1bfa-404f-94ad-a3b0b2dd5000
台州市,0000001400000031000000070000000X,6,2019/2/15,331000,422e10d5-c97b-4f0a-bf35-da5560ab80d2
绍兴市,0000000X0000007T000000070000000X,36.33,2016/12/15,330600,3bcbcf8e-b30e-4f3d-a6bc-1b6c6c0c3d3f
舟山市,0000001400000031000000070000000X,8,2018/2/25,330900,1cb56743-43f2-4e96-abf8-7072b9d43ca3
台州市,0000000J0000003S000000070000000X,34.33,2018/1/15,331000,4df04d60-2ed7-4f03-a5b8-5d0dbe6a535a
浙江省,0000000X0000007T000000070000000X,35.23,2017/9/15,330000,e6815590-1e1c-4415-9ec3-d12642a34869
杭州市,0000001K00000031000000070000000X,4.67,2018/3/15,330100,66f2bd62-8d9b-4402-a044-aa06a438df79
金华市,0000000H0000002T000000070000000X,16.5,2017/2/5,330700,63bb43de-7f0c-4c4d-9f51-d4e378a65cc3
浙江省,0000000K0000003U000000070000000X,35.81,2018/6/15,330000,8574f644-360b-44d7-8866-e625434b1719
丽水市,0000000M0000003V000000070000000X,11.33,2018/3/25,331100,938f6bac-2e16-47ab-b3f9-a83afdd2aa43
丽水市,0000000H0000003N000000070000000X,11,2018/6/15,331100,e1112566-6137-4818-ae43-2c068dd3526c
浙江省,0000002P0000007W000000070000000X,3.13,2019/2/25,330000,63b36cb6-bbd3-4eb0-a754-8b18b605f130
台州市,0000000H0000002T000000070000000X,13.17,2018/1/25,331000,56e36f74-d188-4743-bd3a-3a3747bc03c3
温州市,0000000H0000002T000000070000000X,22.33,2018/11/5,330300,6155751f-2b09-4274-b2b0-dd7c1b7a509d
舟山市,0000000P0000003E0000000700000010,4.5,2018/7/10,330900,279e5958-fbb8-4ca7-862c-a320af63ce40
绍兴市,0000002200000038000000070000000X,3.67,2019/1/15,330600,23b771c2-5b92-4b8a-9e3a-174697f457ff
杭州市,0000000H0000003P000000070000000X,20,2017/6/25,330100,0e22fd70-efc8-41a9-afe1-3b58e1598fa8
温州市,0000000S0000002Z000000070000000X,9.33,2018/12/15,330300,3669da7d-140b-465e-8405-b6e5d004efae
湖州市,0000003100000081000000130000000X,74.2,2018/2/15,330500,6796bfbf-ff90-42e4-abf0-7de270420594
湖州市,0000000G0000003F0000000700000010,13.1,2018/9/25,330500,27667336-8605-4e7a-a241-fabd03a22c95
丽水市,0000000J0000003Q000000070000000X,42.67,2019/2/25,331100,d951bb66-0367-40db-b16b-0f7db30eb2e7
宁波市,0000000H0000002T000000070000000X,15.67,2017/5/5,330200,25cf8522-4df1-40fe-b8e3-d61854204011
湖州市,0000000X0000007T000000070000000X,35,2018/9/25,330500,7c142cab-5808-4820-9997-b0241d303903
湖州市,0000001E00000031000000070000000X,3.83,2017/4/5,330500,fb8ce298-412f-4092-b027-7a3070ac9292
湖州市,0000000H0000003P000000070000000X,18.67,2017/9/5,330500,dde505e9-3191-4c97-97fc-39ea11723e0f
宁波市,0000000C0000002Q000000030000000X,73.33,2018/6/25,330200,d96f9cdd-8f23-417b-89de-6bcc432d3795
舟山市,0000000H0000002T000000070000000X,15.33,2017/12/15,330900,991e24e6-b4c0-4901-b88d-dbe0f777c056
绍兴市,0000000H0000003N000000070000000X,13.5,2017/11/25,330600,423d09b6-7c31-41f9-9918-07b8aab8116d
宁波市,0000000X0000007T000000070000000X,39.5,2017/3/15,330200,4a2e5a5c-7f52-44e9-93ab-978c8cd3e597
丽水市,0000000X0000007T000000070000000X,50,2017/2/5,331100,7ec7c5fd-f108-4bcc-ad65-7bfe1c164db7
杭州市,0000001Z00000036000000070000000X,6.67,2017/4/5,330100,819ca3c1-d661-4714-b40c-b0d7fc80e0f4
金华市,0000000H0000003P000000070000000X,20,2017/6/25,330700,2062c885-3ba9-40ad-a8fb-5df06eed61d2
嘉兴市,0000001K00000031000000070000000X,3.5,2017/11/25,330400,46a9ecb3-9cc5-4c23-8f17-b982e606d56b
丽水市,0000001200000031000000070000000X,4.5,2017/2/25,331100,cc89ed6f-d5fa-4719-b3c9-4067f3fe12d9
衢州市,0000000Z00000031000000070000000X,2.83,2017/1/15,330800,f09e63bd-4b2a-4dce-a98c-b08d51277593
湖州市,0000000Z00000031000000070000000X,5.33,2018/7/15,330500,239bd4d7-d2e7-4225-b381-650098753c2d
杭州市,0000001Z00000036000000070000000X,6.4,2018/6/15,330100,aed270ba-941b-4e4a-9423-8ad4e3f8592b
浙江省,0000001E00000031000000070000000X,3.51,2017/4/5,330000,a94634bd-10ba-4f7a-b62d-90f82ca60dee
湖州市,0000001500000031000000070000000X,5.67,2017/4/5,330500,884e620f-b8b6-4664-9051-6668901e91ac
杭州市,0000000P0000003E0000000700000010,4.1,2018/6/12,330100,0444272d-a43e-46fc-a1e3-60d8282e44a7
丽水市,0000000P0000003E0000000700000010,2.8,2017/5/2,331100,442057f6-1074-4427-a5b9-fafb08c88d11
湖州市,0000000J0000003S000000070000000X,36.33,2018/11/25,330500,67d64266-372d-4248-b05b-58e1d8e7381a
浙江省,0000001K00000031000000070000000X,2.61,2017/4/25,330000,441ce1c2-b56d-4c31-b7c2-57458913db0c
台州市,0000000X0000007T000000070000000X,21.67,2018/12/25,331000,0d761b42-8a52-40b0-84eb-f54d6051c158
丽水市,0000002U0000007X000000070000000X,4.66,2017/1/25,331100,570a69f3-43da-476b-8d57-e855a7ba6c58
浙江省,0000001200000031000000070000000X,4.05,2018/1/5,330000,37a808f0-d7ed-42f6-8eca-fffef8efd0db
湖州市,0000000J0000003Q000000070000000X,38.33,2017/7/25,330500,baa5e8cc-d268-49b8-9cb9-c7e25c61d89f
丽水市,0000000H0000003P000000070000000X,19.33,2017/10/15,331100,a85bcbd4-4ae3-48a6-91e9-3f950a064415
温州市,0000001K00000031000000070000000X,5.17,2017/10/5,330300,19cf39b9-820f-4cb4-8ffd-11df66cb4031
丽水市,0000000G0000003F0000000700000010,12,2017/1/31,331100,9e8a7b4f-dab9-4661-a81a-a2c8088b536e
台州市,0000001700000031000000070000000X,2.17,2017/11/25,331000,14bf73e3-1b19-4b05-9e7e-a218722b4227
杭州市,0000000P0000002W000000070000000X,5.27,2018/5/25,330100,40cecaa3-a7f4-41eb-81fc-2d91e0341652
杭州市,0000001400000031000000070000000X,6.67,2017/3/15,330100,61a96eb5-5380-455a-9264-601e0dd4f1f3
绍兴市,0000000G0000003F0000000700000010,10.48,2017/4/11,330600,8ed6d76e-aa11-4000-bb6e-cdaffec1f3ac
宁波市,0000001E00000031000000070000000X,6.2,2018/8/5,330200,f588db56-5ff5-4f3e-86b7-fc6909f719f7
舟山市,0000000J0000003S000000070000000X,33.67,2017/9/25,330900,4065f77b-e17c-4157-abd4-f07103bd5676
衢州市,0000000D0000002R000000030000000X,37.67,2018/7/15,330800,f6782358-6b74-490b-be40-219c436a575c
宁波市,0000000D0000002R000000030000000X,44.43,2017/10/25,330200,f7b5f6cc-454f-45f5-a513-b1521752de4e
丽水市,0000002P0000007W000000070000000X,2.6,2017/8/25,331100,8fde3289-0324-40be-9e9c-237dc1f174f5
宁波市,0000001E00000031000000070000000X,4.3,2017/5/5,330200,d0ebcaaf-87a6-4bca-ad1d-06dbab7d9f2c
杭州市,0000001700000031000000070000000X,2.93,2017/5/5,330100,9640110d-364c-4ee0-89fd-f67ae7cd4b69
台州市,0000000M0000003V000000070000000X,10.67,2018/1/5,331000,092cbf50-af74-4e55-884a-e62a7920530e
舟山市,0000001Z00000036000000070000000X,7.17,2017/4/15,330900,23240228-b422-44f8-82ee-dc23abd4d0f5
杭州市,0000001700000031000000070000000X,3,2017/1/25,330100,3728b5e4-7e65-4173-931e-cb9d9fb52460
嘉兴市,0000000C0000002Q000000030000000X,67.33,2018/3/15,330400,ba54c725-d9ec-4b00-afde-a20f8e432e7f
绍兴市,0000002200000038000000070000000X,4,2019/2/25,330600,a3853fba-5f08-4977-a4c2-7ace0285045f
舟山市,0000000P0000002W000000070000000X,4.17,2017/5/25,330900,9b54df44-6282-4165-a7c6-1057e74f59cd
金华市,0000000P0000003E0000000700000010,3.7,2018/5/29,330700,126aae89-9b62-4ddf-8af9-15dc30fa749b
杭州市,0000000M0000003V000000070000000X,11.6,2017/10/25,330100,1ccb57c3-4b50-4467-8b24-aaa22db684bb
宁波市,0000002200000038000000070000000X,3.83,2017/9/5,330200,bab2cfc3-1ba1-4ab1-b2b5-8a1e8f8eff5b
丽水市,0000000J0000003Q000000070000000X,38.67,2018/8/5,331100,6383ca70-f323-48d4-b0b1-f1fa0f7bb933
衢州市,0000000C0000002Q000000030000000X,66,2017/2/25,330800,d33834f6-1ae6-4b0e-ba32-4779c176492f
绍兴市,0000000J0000003S000000070000000X,33.67,2017/7/15,330600,1a8e408e-a02c-4e10-830a-36438f292120
丽水市,0000000X0000007T000000070000000X,42.67,2016/12/25,331100,7994a013-1af2-4ea3-ab5d-f3388e98c0cf
杭州市,0000001A00000031000000070000000X,5,2017/4/15,330100,82153079-35a2-4b0b-9ea1-933c5ad2eeb9
温州市,0000000D0000002R000000030000000X,51.33,2018/10/25,330300,601f3fb4-7ff8-4177-aa03-3c90ca740e16
湖州市,0000001A00000031000000070000000X,10.33,2018/1/25,330500,6779b043-5ac1-460b-a98f-7da03466c90a
绍兴市,0000000H0000003P000000070000000X,24.67,2018/8/15,330600,469ec9e1-8a67-4671-a1f2-f684b672f55b
温州市,0000000H0000003P000000070000000X,23,2018/5/5,330300,66032562-ab17-4838-a2fe-c072c303765b
嘉兴市,0000000S0000002Z000000070000000X,8.5,2017/4/15,330400,6b12132f-2b56-4bc1-855b-05d2a2602f66
绍兴市,0000001K00000031000000070000000X,3.83,2017/9/25,330600,4c3dee7f-b2cf-44e7-b179-7bbc190d5a46
衢州市,0000000H0000002T000000070000000X,21.33,2019/1/5,330800,0f54a675-c248-4a69-b086-be29fdefdff8
台州市,0000002P0000007W000000070000000X,3.45,2018/9/25,331000,55c1cbb9-b1ca-4bd9-a403-d74a0d18c29c
湖州市,0000000M0000003V000000070000000X,17,2018/7/15,330500,5afda746-5a31-48e8-a6a4-d3bdb3a31be5
绍兴市,0000000G0000003F0000000700000010,8.9,2018/3/13,330600,f1e5b841-2ff9-4b01-9566-66d2d12ebe62
丽水市,0000002200000038000000070000000X,3.33,2018/7/15,331100,7ec6f953-69a0-4757-8756-566cd7d7c347
金华市,0000000J0000003S000000070000000X,35.33,2016/12/25,330700,9c878695-33dc-454e-bf4c-7d1c069452fb
丽水市,0000000P0000002W000000070000000X,4.33,2017/2/25,331100,25f4b364-8fd7-4060-8eb8-a3ee029a5c86
温州市,0000000H0000002T000000070000000X,16,2018/4/25,330300,078cb950-d028-4dde-b2da-04ab68b8c34c
绍兴市,0000000J0000003S000000070000000X,37,2019/1/5,330600,3be1c645-e861-43d4-bdec-d70c82197130
浙江省,0000001500000031000000070000000X,3.89,2018/8/5,330000,7747d86c-815f-401c-9cd9-ab1b7c7ca467
绍兴市,0000000P0000003E0000000700000010,5.2,2018/9/18,330600,02d51b18-e5cc-4d9d-9ab9-ddf1231edc65
浙江省,0000000P0000002W000000070000000X,4.3,2017/4/5,330000,72b108be-829c-4318-819a-8beae75753b3
绍兴市,0000001500000031000000070000000X,4,2017/4/25,330600,77384a71-ddab-433f-912b-ef44b8adaf39
宁波市,0000001200000031000000070000000X,4.27,2017/10/5,330200,bd49e4a6-79e6-4510-a1f6-f1448acdd416
台州市,0000000P0000003E0000000700000010,4.83,2018/10/9,331000,cf33651d-fa56-468c-9ead-9d0e4618428c
丽水市,0000000X0000007T000000070000000X,51.67,2018/4/15,331100,fb8e5401-2445-4078-b616-5fc2cfc2580b
浙江省,0000001K00000031000000070000000X,3.49,2018/11/5,330000,c6ccf3de-7bfe-457a-bcf8-a5e5e0bbe05f
温州市,0000000J0000003S000000070000000X,48,2018/11/25,330300,520052b4-d17f-4405-8259-ffbc60e21dee
嘉兴市,0000001400000031000000070000000X,5,2018/10/5,330400,f9df4e49-fdaf-4eb6-bf77-9bfee019bfc6
金华市,0000001700000031000000070000000X,2.33,2017/10/15,330700,593aa7bd-d73b-4a7b-bf3f-1b2fa6ae5b40
舟山市,0000002U0000007X000000070000000X,3.83,2017/8/15,330900,6abb29c7-3137-43db-816c-89b19c66ebdf
宁波市,0000000Z00000031000000070000000X,3.8,2017/3/15,330200,0c7b8d07-2f7b-4d09-b2b7-dfbed325b7b9
丽水市,0000003100000081000000130000000X,84,2017/8/5,331100,ef7118e0-2e03-47ed-84db-f7c689d37270
嘉兴市,0000000H0000002T000000070000000X,17.67,2017/4/25,330400,174446bf-7cd2-4473-b253-96bdd8fe8780
杭州市,0000000J0000003S000000070000000X,37.33,2018/11/5,330100,5ed498ce-b6e4-43d6-8de4-63cadc5be0c6
衢州市,0000000G0000003F0000000700000010,9,2017/10/24,330800,21c99d8b-a158-4d6b-88a3-ec19ec5a43d6
宁波市,0000001K00000031000000070000000X,3.33,2018/2/5,330200,82717160-1ecd-468c-9247-449a97a98d22
绍兴市,0000000J0000003S000000070000000X,34.33,2018/5/15,330600,f4edf7f2-f5b2-4687-9f9e-4affe880d23b
衢州市,0000002U0000007X000000070000000X,4.67,2018/4/5,330800,d595403f-3008-4f7e-aa4e-420ebd9de907
台州市,0000000M0000003V000000070000000X,10.33,2017/2/5,331000,27866454-bc07-4530-b5af-5056c15b62f1
温州市,0000000X0000007T000000070000000X,45,2017/7/5,330300,248acd08-24a7-470f-a361-5d61072d3502
台州市,0000000P0000002W000000070000000X,5.43,2017/11/15,331000,05dceb96-9225-4093-a5ad-efe18ddcda25
绍兴市,0000002P0000007W000000070000000X,2.69,2017/4/5,330600,25bbf338-f95a-4b58-8a36-a1a702f628f5
金华市,0000000J0000003Q000000070000000X,40,2017/6/25,330700,92b7ecbf-95cc-4f72-a7bc-c3a814586899
台州市,0000001200000031000000070000000X,2.83,2017/7/15,331000,a0bafd0f-743a-4807-8feb-525a685166d0
绍兴市,0000000D0000002R000000030000000X,52,2017/2/5,330600,2e73515b-474f-4147-9fe3-61e4975a4c85
湖州市,0000002P0000007W000000070000000X,3.89,2017/3/5,330500,01e6e272-2277-423a-a347-019f51bd22aa
宁波市,0000001500000031000000070000000X,4.77,2017/12/5,330200,669fe2c6-155b-4d4c-9260-88cb1a246267
台州市,0000000C0000002Q000000030000000X,63.33,2017/4/15,331000,bb38a441-1a61-4df6-9f2d-ef3f2d56169a
丽水市,0000002U0000007X000000070000000X,4.66,2017/4/25,331100,8c57c33c-6523-4bf3-913e-93c84904fd9b
杭州市,0000000D0000002R000000030000000X,46,2018/5/15,330100,50c46123-7a67-430d-b717-66e72d7d79d1
舟山市,0000000P0000002W000000070000000X,4.5,2017/8/5,330900,a0216da5-be1b-483a-b550-6c54e6e7609f
台州市,0000001K00000031000000070000000X,2.33,2017/4/5,331000,6a9abbe2-a491-49b3-a08b-712b1c39ff5a
嘉兴市,0000000H0000003N000000070000000X,15.33,2017/4/25,330400,e478e133-a861-4f46-9702-27ecd015a08a
绍兴市,0000001200000031000000070000000X,7,2019/2/5,330600,26163ac6-d0d4-4e55-804f-8a293c14b2fd
温州市,0000001700000031000000070000000X,3.17,2018/10/15,330300,fd5d1e3b-686a-4af7-9b85-9e11cb3e26dc
温州市,0000001500000031000000070000000X,5.33,2018/3/5,330300,18ea1921-3043-4cc4-b208-1ae5eaac41b8
舟山市,0000001200000031000000070000000X,5,2018/12/25,330900,a8daac28-7d52-4b2d-b7f0-556cd6cc6f19
嘉兴市,0000001700000031000000070000000X,2.83,2017/7/15,330400,dcf93fda-45c5-4176-91a7-58249414a080
丽水市,0000001E00000031000000070000000X,2.83,2018/11/15,331100,356d2474-f36a-4b32-8bbf-67509d5d82dc
湖州市,0000001700000031000000070000000X,3.33,2017/4/15,330500,00fdbc2b-39ef-49e8-8d41-72eb6522b582
金华市,0000001A00000031000000070000000X,5,2018/6/25,330700,c7132e0e-2594-41f8-acab-ec63bcc503fa
浙江省,0000001E00000031000000070000000X,6.63,2018/9/25,330000,6265aa0a-d48c-4c42-b5dd-6f3f4bb892aa
浙江省,0000000H0000003N000000070000000X,16.07,2018/10/15,330000,81279545-66c8-4c68-a11d-78ca27e69bd8
衢州市,0000002200000038000000070000000X,3.17,2018/2/5,330800,87d34215-e133-4183-9a1c-16697c646c4a
宁波市,0000000H0000003N000000070000000X,14.33,2019/2/5,330200,cbae0855-dc8a-4a8a-9859-7d17eb44314c
宁波市,0000001700000031000000070000000X,3.17,2017/12/5,330200,23c48106-bcd8-414a-81a7-74ea316735b8
温州市,0000000H0000003N000000070000000X,16.33,2017/8/5,330300,1f3df027-7249-458f-ae32-dc55be154dd6
台州市,0000001E00000031000000070000000X,4.33,2017/10/25,331000,6fcb2181-120b-4548-bd70-2aafa2976c03
温州市,0000000M0000003V000000070000000X,14.67,2019/1/15,330300,0d9a6a9b-60dd-4b99-b5d3-928cf947191c
丽水市,0000002200000038000000070000000X,3.33,2018/7/5,331100,967051d9-5b58-4de1-a2de-2047aa754d3d
衢州市,0000000H0000003P000000070000000X,23.67,2017/3/5,330800,65ca8858-929b-4f58-b7b5-525f7978026e
温州市,0000001200000031000000070000000X,4.67,2017/10/15,330300,4a09e3b8-d5c6-4a84-a546-9469e6d01977
舟山市,0000000C0000002Q000000030000000X,50.3,2018/1/5,330900,78af6329-60d5-458e-a39f-7a98870c8997
湖州市,0000001700000031000000070000000X,3.17,2018/10/25,330500,75294a81-829a-471f-b97f-061de746e4cf
丽水市,0000002U0000007X000000070000000X,3.66,2018/6/25,331100,0bcbec32-301f-4b9e-afc2-36f4083ce740
衢州市,0000000D0000002R000000030000000X,36.33,2018/9/15,330800,1b2b7571-157a-4420-945a-888cc97d38da
绍兴市,0000000P0000002W000000070000000X,5.67,2019/2/25,330600,fef8448a-ab5f-49a2-9794-12f6f83a47fa
浙江省,0000002200000038000000070000000X,3.03,2017/1/15,330000,84df2c85-e128-49bc-9204-a1f0e685afe5
台州市,0000000H0000003P000000070000000X,23,2017/8/15,331000,1f188f00-a74e-4450-8392-19015af646dd
浙江省,0000002200000038000000070000000X,3.18,2017/3/25,330000,fbd0b814-e849-428e-a1a9-41158ed86c90
湖州市,0000001700000031000000070000000X,3.17,2018/5/25,330500,0dbf2487-dcec-40dc-b312-9f2c3910ffc6
台州市,0000002200000038000000070000000X,2.5,2017/1/25,331000,b68d8e3b-8d36-445c-b7ca-81614b17c351
绍兴市,0000002200000038000000070000000X,2.6,2017/4/5,330600,dc3eb9f8-28ea-44ba-aee7-d744f2f01c82
温州市,0000001A00000031000000070000000X,5.5,2019/1/5,330300,d8d79784-a7e6-45f7-b0cb-e02c42cc261a
金华市,0000000D0000002R000000030000000X,42,2019/2/5,330700,6501a539-98a0-429f-bc60-c1a67437e747
浙江省,0000001500000031000000070000000X,4.91,2018/9/15,330000,e03de044-0182-4923-894f-41ccc172323f
台州市,0000001400000031000000070000000X,3.83,2017/6/5,331000,9dda29ba-5e3b-4e50-9e14-daf36946707e
绍兴市,0000001A00000031000000070000000X,3.67,2017/11/5,330600,c09ac17d-9551-4e71-826b-71fb709aa668
丽水市,0000002P0000007W000000070000000X,2.93,2019/2/25,331100,26c66e99-fe53-4b1b-92fd-9705087fb75e
湖州市,0000000H0000003P000000070000000X,20,2018/10/25,330500,a396687d-4c72-4988-b6a8-b18ed1be4656
台州市,0000002P0000007W000000070000000X,3.45,2018/1/15,331000,0b70e6f4-a01f-4c99-ae42-ad927669755a
绍兴市,0000000S0000002Z000000070000000X,7.83,2019/2/5,330600,39972ea4-e647-49bd-9aac-5238fe4baf20
湖州市,0000000C0000002Q000000030000000X,57.67,2019/3/5,330500,d419fe37-62e1-4be9-9117-fb5426b62494
宁波市,0000000M0000003V000000070000000X,14.5,2017/5/5,330200,bf9280e6-0469-4c8f-8525-f62fb3566321
丽水市,0000000G0000003F0000000700000010,9,2018/7/31,331100,f33b926c-8817-4b1c-999a-9973e571f00f
嘉兴市,0000000X0000007T000000070000000X,33.33,2018/4/5,330400,cc4e3d8f-e079-4116-a66a-6067967c0f42
舟山市,0000000J0000003Q000000070000000X,39.67,2017/6/15,330900,20f44fd1-da0a-458b-879d-25a10a6a5927
绍兴市,0000002P0000007W000000070000000X,2.56,2016/12/25,330600,355f591b-c926-4c8c-a15f-ab203176acfc
宁波市,0000000K0000003U000000070000000X,36,2018/12/15,330200,c66d891d-4f47-4b3a-bf6b-ca980b4bf47d
金华市,0000002200000038000000070000000X,2.93,2018/8/15,330700,807e3b8e-6153-41ac-a569-8d02bca81fb0
金华市,0000000Z00000031000000070000000X,3.67,2019/2/15,330700,eedc2c1e-b970-41b0-949c-15b4e2c7e093
丽水市,0000002U0000007X000000070000000X,4.66,2017/9/25,331100,596092fd-c986-4d74-9374-ba4c602769fa
温州市,0000000M0000003V000000070000000X,14.67,2018/3/25,330300,20653ceb-d9c3-44b8-b0fb-00c1b0bf1dfa
舟山市,0000000J0000003S000000070000000X,33.67,2017/12/15,330900,31b2792c-f645-433d-b608-a9f7787c215c
杭州市,0000000S0000002Z000000070000000X,8.6,2018/10/25,330100,e7c76e12-075c-4856-b0de-8e9506ddf1db
杭州市,0000000S0000002Z000000070000000X,9.17,2017/2/5,330100,030e15d0-23b6-4f67-be09-e5721b26c7b5
台州市,0000001A00000031000000070000000X,4.83,2017/9/15,331000,6cc8a9c1-c6ac-4222-8dfa-81c274ff0f6f
宁波市,0000000H0000002T000000070000000X,15.17,2018/2/25,330200,e1f7ab2c-fba9-4bb9-b489-d7dbcfaf66da
台州市,0000001Z00000036000000070000000X,5.83,2016/12/15,331000,11f47df9-3f7c-4bdf-a17c-3838edf670cc
湖州市,0000000X0000007T000000070000000X,35,2017/5/25,330500,b624f8f2-6c66-4af6-a1d7-8a3dc2a212d3
浙江省,0000000J0000003Q000000070000000X,40.65,2017/4/5,330000,7627f928-d70e-471e-9595-b3ad7fd933a4
金华市,0000001400000031000000070000000X,7,2017/3/25,330700,b3520b34-9aa5-4313-ac3d-2745c93348b7
湖州市,0000001Z00000036000000070000000X,5.33,2017/1/5,330500,3d7efae5-fc3f-4121-8652-03a9d270231a
温州市,0000002U0000007X000000070000000X,4.5,2018/5/25,330300,ef0cc2a7-6f56-4f58-9903-fc96858d3599
舟山市,0000000P0000002W000000070000000X,5.67,2018/2/5,330900,a6b88128-fcba-4f2d-a8f5-9fa519f51ec0
嘉兴市,0000001500000031000000070000000X,5.5,2019/1/25,330400,f4661e0f-bfcc-4024-ba2a-34a13974891d
浙江省,0000000H0000003P000000070000000X,22.55,2018/1/5,330000,0edcbf8c-08a4-4aa9-9ff0-efba131e0aa7
丽水市,0000001700000031000000070000000X,2.83,2019/3/15,331100,39c55f32-cc5a-494e-b27f-8558fe18ae7f
金华市,0000000G0000003F0000000700000010,7.3,2018/5/29,330700,d0e9ffcf-283b-498a-80c0-ea810921753c
宁波市,0000001E00000031000000070000000X,4.53,2017/3/15,330200,73355c8e-588b-44f5-8041-6bce585dabc2
绍兴市,0000000C0000002Q000000030000000X,57.67,2019/2/15,330600,9cc4857d-6a59-4224-8e5d-5609d9a60575
衢州市,0000000H0000003P000000070000000X,24.67,2018/10/15,330800,8666a034-7899-4453-bb50-57915b825fa1
湖州市,0000000J0000003S000000070000000X,34,2017/5/25,330500,931ef99c-a770-44ea-ae71-025aefc0bb9a
绍兴市,0000002U0000007X000000070000000X,4.17,2017/1/5,330600,370770d2-9847-48a9-b58d-6889fa9cb728
温州市,0000001500000031000000070000000X,4.5,2018/5/5,330300,cec0f259-71f0-4f0b-b339-551a4f788cac
杭州市,0000000C0000002Q000000030000000X,63.33,2018/11/5,330100,3f491fd2-497a-4405-817f-ef90dc00117e
温州市,0000000G0000003F0000000700000010,9.21,2017/10/17,330300,fe25de78-cb3d-464c-a8fd-c0eeb20d5378
金华市,0000000H0000003N000000070000000X,14.83,2018/10/25,330700,c48a3d8a-9889-4483-81e8-bb3d4e0b16c1
丽水市,0000000G0000003F0000000700000010,7.5,2018/3/13,331100,bc7cd37e-bb45-445e-96d7-04156bce7ff7
浙江省,0000003100000081000000130000000X,86.46,2019/3/15,330000,42b0593b-8edf-4dbc-99fc-e1d9c5e71163
杭州市,0000000H0000002T000000070000000X,17,2018/1/25,330100,177a44c1-3960-4585-a95b-59b1b7897da5
嘉兴市,0000001500000031000000070000000X,3.83,2018/7/25,330400,6d4f6f26-be14-46b6-92da-3a752db5277f
温州市,0000000G0000003F0000000700000010,9.22,2018/8/28,330300,74b9e653-035d-4a69-8a64-b1d66734abfd
湖州市,0000000G0000003F0000000700000010,10.4,2018/1/23,330500,3c4062c3-05b9-448e-a9c7-0120f4c9db65
宁波市,0000000H0000003P000000070000000X,25.67,2017/10/5,330200,d02415b7-123f-4dcf-bca6-5b42a14a1922
金华市,0000001700000031000000070000000X,3.33,2019/3/5,330700,4afe2c0c-1a00-4975-9019-06e71a697216
浙江省,0000001700000031000000070000000X,2.66,2017/9/15,330000,3d9681fa-37f4-4ab8-8b8f-1ce12c301c84
金华市,0000001K00000031000000070000000X,4,2017/10/5,330700,cfe321b0-8189-414c-bc5e-e331bca6acd6
绍兴市,0000001700000031000000070000000X,2.5,2017/2/25,330600,20ecb39c-44f1-43d4-9f32-2e04e2f652d0
嘉兴市,0000000C0000002Q000000030000000X,66,2018/1/25,330400,02c2fbe3-ccdf-45cd-84ce-527e16cb36c6
台州市,0000000M0000003V000000070000000X,10.33,2017/8/15,331000,118a6df0-ae13-4271-9856-d5276335e4ba
湖州市,0000000P0000002W000000070000000X,5.5,2019/2/15,330500,f1def28d-b555-40cd-8215-712518281e84
台州市,0000000G0000003F0000000700000010,12,2017/1/24,331000,fe17be6f-38f6-4649-ab4d-231d9d63ed65
杭州市,0000001400000031000000070000000X,5.5,2018/5/25,330100,84fb5681-28f1-4814-bb8b-f2c01b60b14c
嘉兴市,0000000J0000003S000000070000000X,32.33,2018/1/15,330400,4d53bd96-2b75-4949-8e75-0bfb78eb6e14
湖州市,0000000G0000003F0000000700000010,7.9,2019/1/29,330500,2db05f8d-7c88-410b-b910-37337df0bd43
绍兴市,0000000S0000002Z000000070000000X,8.67,2017/10/15,330600,28c6a6e9-10fa-43f5-9f96-aea12f797f66
浙江省,0000000G0000003F0000000700000010,12.14,2017/1/17,330000,5ab2c08d-cd19-4241-a24c-afcaae67aaf7
宁波市,0000002200000038000000070000000X,3.77,2018/6/15,330200,c786b118-ae46-4490-873c-28e7d67035bc
浙江省,0000001A00000031000000070000000X,5.38,2019/1/5,330000,6a3f58d1-dec9-4418-b1ce-765abdb1e758
宁波市,0000001Z00000036000000070000000X,7.37,2018/12/25,330200,d2c5de77-e6a1-4aab-8fbc-bf015693436b
丽水市,0000000H0000003N000000070000000X,14,2018/3/5,331100,0338f9a9-ad9f-45e7-82fd-150b95a2cec8
衢州市,0000001Z00000036000000070000000X,6.5,2017/9/5,330800,0ecc7d80-a702-457d-a754-019e6897cc7a
舟山市,0000001500000031000000070000000X,4.5,2017/7/25,330900,943534fb-f417-4783-9f76-172976889ffd
温州市,0000000H0000003P000000070000000X,24,2017/7/5,330300,7abbbfa3-76f1-441d-8cbd-764ba82d05ee
嘉兴市,0000000P0000002W000000070000000X,5.23,2017/11/15,330400,1a7e479f-15af-4ace-a7f3-f0a136d5f078
衢州市,0000001K00000031000000070000000X,3.5,2018/9/5,330800,66e2ee38-499e-4906-9dc6-8c154b7dae99
杭州市,0000001E00000031000000070000000X,6.67,2018/9/5,330100,07971bd0-bd7a-437e-9e7a-f51f05dda1e0
衢州市,0000000H0000003P000000070000000X,19.33,2018/6/25,330800,a8d00bd0-52ff-4b83-a9ea-43002ffd03ef
浙江省,0000000C0000002Q000000030000000X,63.67,2018/7/5,330000,0f5a83cd-1063-4f92-8f2b-339609a7c7dc
台州市,0000001E00000031000000070000000X,3.83,2018/11/5,331000,77023cea-c003-4baa-9def-08fcd0f05c53
浙江省,0000001200000031000000070000000X,3.8,2017/9/15,330000,9edb5779-df84-47cd-97c5-6563defa6e58
金华市,0000000G0000003F0000000700000010,11,2019/1/1,330700,aed45e52-90c4-4f1a-8caf-b7ed7cd54b50
浙江省,0000001200000031000000070000000X,5.68,2017/2/5,330000,f2a1b409-469a-4523-a4cd-16d3af7f1c5d
嘉兴市,0000000Z00000031000000070000000X,3.83,2018/5/5,330400,eec94ad9-d0c2-41a2-bf76-fe7dc3a051a6
浙江省,0000000J0000003S000000070000000X,34.53,2017/10/25,330000,a1fcada0-c81b-467d-ad68-ed02f5b54903
嘉兴市,0000001K00000031000000070000000X,3.83,2018/10/5,330400,86ab63fb-3d07-457c-8146-32b67db7a551
湖州市,0000001400000031000000070000000X,5.33,2017/10/25,330500,9dbdd1e5-897f-40a4-bc65-4dd33ef94cd4
金华市,0000000G0000003F0000000700000010,10.6,2017/4/25,330700,76c165d2-a627-463e-af83-ad1f277f6778
湖州市,0000000H0000003N000000070000000X,13.33,2018/12/25,330500,37526d77-96c9-4503-859c-679c91834ddf
温州市,0000001A00000031000000070000000X,4.67,2018/5/15,330300,0fb87cba-8fe5-4e09-9e6b-4ee4aeb159de
浙江省,0000000J0000003S000000070000000X,35.26,2017/1/25,330000,e4b0f05b-f0f5-4d99-a540-b078727a32b2
台州市,0000001200000031000000070000000X,3.67,2017/8/25,331000,c2326ab9-21c0-417c-baa2-54282b41b37c
杭州市,0000001500000031000000070000000X,3.93,2018/6/15,330100,4e65fd58-e53a-45be-801c-dc2066718d51
湖州市,0000000G0000003F0000000700000010,9.3,2017/6/27,330500,10be2d6f-9509-4c24-9c39-7a6c5e5a53cb
金华市,0000000H0000003P000000070000000X,18.67,2018/2/5,330700,fb681018-d9f9-4c0a-940a-27e18027e777
丽水市,0000001A00000031000000070000000X,6.67,2019/3/5,331100,f6ce3913-eabd-4f96-a01c-d0f901473ca4
浙江省,0000001700000031000000070000000X,2.7,2017/10/5,330000,43815f89-9229-4f23-b68b-564e24bafe00
嘉兴市,0000000H0000002T000000070000000X,17.33,2017/5/15,330400,5cab50f2-3e2f-434d-a975-e44f7c5ca48d
绍兴市,0000000P0000002W000000070000000X,5.17,2018/7/25,330600,449d6b07-19e3-4694-b115-3f1ce2647442
金华市,0000000J0000003Q000000070000000X,41.67,2017/4/15,330700,7ce80e44-4ca5-400b-9569-e700ccfe2f49
台州市,0000000X0000007T000000070000000X,37.67,2017/7/5,331000,b2ce4167-ab2b-4e19-b71b-72a42f844407
湖州市,0000000P0000003E0000000700000010,2.5,2017/5/9,330500,7347e5b1-20ed-4912-b797-f7a7925aaf2a
浙江省,0000000H0000003N000000070000000X,14.11,2017/6/25,330000,6293d213-00d5-486e-bdda-531e9135ad5b
绍兴市,0000001500000031000000070000000X,3.67,2017/10/15,330600,5711a3ab-e0da-4d93-b781-ed17f920bc6c
丽水市,0000003100000081000000130000000X,84,2017/3/25,331100,ced5bc8d-4c16-46d4-b43b-b7f0d30f81e6
丽水市,0000001200000031000000070000000X,2.67,2017/5/25,331100,0eb68eeb-3d4b-421c-8f39-4de8c446290e
金华市,0000002200000038000000070000000X,3.1,2017/5/5,330700,3bb41744-a5d8-470d-b472-c7a49ba8315e
温州市,0000002U0000007X000000070000000X,3.83,2017/1/25,330300,a447a1db-9558-47d2-87f5-0987d054862d
台州市,0000000X0000007T000000070000000X,30,2017/7/25,331000,96f9a005-dae4-4789-bc17-131e37ba00f9
杭州市,0000001E00000031000000070000000X,3.67,2017/4/25,330100,9426b3d9-5ea0-43b7-9da4-c7ddc27f1666
浙江省,0000000P0000002W000000070000000X,5.38,2017/10/25,330000,94af9cf0-e600-4eae-ba1f-2a971b686acc
绍兴市,0000002U0000007X000000070000000X,4.67,2018/9/25,330600,7152e8f4-0388-4b55-8a70-9cac3f638b6a
温州市,0000000S0000002Z000000070000000X,9,2018/9/5,330300,37ed20c2-8f97-4b9a-be52-0535cbc1747b
绍兴市,0000000H0000002T000000070000000X,14.67,2018/2/25,330600,80949329-b45c-40e8-93ee-a2c4f87b90dd
宁波市,0000000X0000007T000000070000000X,36.17,2017/8/25,330200,6473c7d9-9a44-496b-a9fa-a67d8b68a3a8
浙江省,0000001500000031000000070000000X,4.21,2017/5/5,330000,ed4f89f9-e206-4474-ac60-05a5afcdfac4
台州市,0000000J0000003S000000070000000X,34.33,2018/6/15,331000,2802fca6-f757-4236-b6c8-c21d03230e5c
衢州市,0000000J0000003S000000070000000X,36.33,2018/1/5,330800,d27f3a99-1788-4bf9-b448-10fc9758aec6
绍兴市,0000002200000038000000070000000X,2.5,2017/7/5,330600,4119b7db-83f3-4a9f-85ce-9874cf72cbee
温州市,0000000M0000003V000000070000000X,14.67,2017/6/5,330300,327f539b-c572-43db-ae8b-1f8f8b346f68
宁波市,0000001500000031000000070000000X,5.33,2017/3/5,330200,3aea8d14-c17a-404a-9217-59842afd9255
台州市,0000000D0000002R000000030000000X,39,2018/4/25,331000,ebcb63bd-4b54-43da-9bdc-91bfc9a9ae16
湖州市,0000001400000031000000070000000X,4.83,2017/9/15,330500,65dad12e-4f13-48bb-802f-5f9a8cd6e475
湖州市,0000000J0000003Q000000070000000X,38.33,2017/9/5,330500,33a31201-f6d3-42a5-ba0e-745383149cb8
宁波市,0000000D0000002R000000030000000X,41.67,2018/11/25,330200,398722e0-4dcb-4a94-82bb-695205189b01
舟山市,0000000H0000002T000000070000000X,16,2017/2/25,330900,8800aa3b-72a9-407f-b6dd-f57e9ae5e093
嘉兴市,0000000C0000002Q000000030000000X,66,2018/6/15,330400,6cdc345a-9b8f-4aa9-a877-813972866e94
湖州市,0000000D0000002R000000030000000X,36.33,2018/8/25,330500,9b9cb1d6-542a-4769-9c00-173ff2ec1de9
宁波市,0000001700000031000000070000000X,3.07,2017/1/25,330200,f1ac8672-d448-4264-9a29-3c3efc447162
宁波市,0000000C0000002Q000000030000000X,74.33,2018/3/25,330200,33827003-7bcf-4166-a66e-6d27592d23f5
嘉兴市,0000001700000031000000070000000X,3,2017/5/25,330400,ed0a7e9c-064c-4974-9e5b-7ffff8c0ad08
丽水市,0000001200000031000000070000000X,4.33,2018/12/15,331100,8a97dda5-29f7-42b3-89e2-b928dfb5abb3
台州市,0000001K00000031000000070000000X,3,2018/6/5,331000,90107f83-9eba-4d6d-951a-e6f8ba500eb3
杭州市,0000000X0000007T000000070000000X,39,2017/9/25,330100,cd9326e3-0696-4943-8481-cac3d871f56d
湖州市,0000001700000031000000070000000X,3.17,2017/7/5,330500,49312cea-230f-4672-8f75-8c90513b0781
温州市,0000003100000081000000130000000X,63,2017/5/25,330300,01897b42-ae0a-4973-9e34-13183e8254f5
衢州市,0000000S0000002Z000000070000000X,7.83,2016/12/15,330800,a5389dcc-568f-41e6-819a-0b1e7ddf3ee6
金华市,0000000H0000002T000000070000000X,12.83,2018/6/25,330700,328c9ed2-72b7-46f4-ab25-d81d9155f1da
金华市,0000000H0000003N000000070000000X,12.5,2017/10/25,330700,eeed0f5e-608e-4c61-8bb2-964b22a3849a
舟山市,0000001K00000031000000070000000X,4.83,2017/10/15,330900,0489242c-5f6d-4384-a26d-c082c141da61
衢州市,0000001700000031000000070000000X,2.67,2017/12/5,330800,836bd2fe-0607-4d55-9938-75d6dc9c34de
绍兴市,0000003100000081000000130000000X,66,2017/11/5,330600,8bddbffb-5d17-4ad3-a4ec-05b7516645f4
杭州市,0000002P0000007W000000070000000X,2.8,2017/4/15,330100,cc87c7d3-9851-47c6-96b9-a7408b20c15f
金华市,0000002200000038000000070000000X,2.5,2017/2/25,330700,ad0ba746-7442-467f-af34-89261ff4cccd
台州市,0000000H0000003N000000070000000X,12.33,2017/9/5,331000,e2706f2c-f7bc-437f-a997-1f76bbc572bd
嘉兴市,0000000J0000003Q000000070000000X,43,2019/2/15,330400,1d7aba5b-6c8b-4cc0-a916-7853ec62c11b
宁波市,0000002U0000007X000000070000000X,4.63,2017/1/5,330200,4b6838c6-3956-4cef-a40c-7f9cf8ca5151
嘉兴市,0000000D0000002R000000030000000X,39,2017/3/5,330400,4530b6c4-9c8b-4caa-a314-eb44b2efff56
舟山市,0000000H0000002T000000070000000X,15,2017/9/15,330900,f5e7d7a1-db5e-481c-8643-fc017b766136
衢州市,0000000Z00000031000000070000000X,5,2019/2/15,330800,e216d35e-4ba0-4958-aa36-068a74adcce3
浙江省,0000000K0000003U000000070000000X,34.03,2017/3/15,330000,1fd3e75b-2ab0-4100-8968-4158dcde7514
浙江省,0000001200000031000000070000000X,3.17,2017/5/25,330000,07a566c1-450f-4bcf-a70e-e893ac50f018
嘉兴市,0000000X0000007T000000070000000X,32,2018/2/5,330400,7776c4cd-54da-4d32-aaf0-3f5c51151dec
绍兴市,0000000K0000003U000000070000000X,36.67,2017/11/25,330600,3131ea69-05c5-4cca-bb09-1f322ab7515b
浙江省,0000000G0000003F0000000700000010,9.45,2017/11/7,330000,5d529838-71d7-4f28-b8e7-d86cd822a934
浙江省,0000000H0000002T000000070000000X,15.71,2017/8/25,330000,cc381734-89f3-459f-83e9-927b128fb279
嘉兴市,0000001Z00000036000000070000000X,6,2018/3/25,330400,80892a9d-e208-4cd3-b19e-ffd029ce858b
丽水市,0000001A00000031000000070000000X,4.83,2017/4/15,331100,240bdb6a-d5d1-4c95-9ecd-af628c22cf53
衢州市,0000000C0000002Q000000030000000X,70.67,2019/3/5,330800,e3dbb00e-ae9c-41ee-b8e9-be8363d0295a
绍兴市,0000002U0000007X000000070000000X,4.67,2018/10/15,330600,d91f4353-20d0-4301-a335-b55f6bc5dc2f
衢州市,0000000S0000002Z000000070000000X,9.5,2017/8/25,330800,951ae07b-9009-456c-9753-540a82aa3d87
绍兴市,0000000K0000003U000000070000000X,36.67,2018/3/25,330600,81b6d926-1c44-43ec-b788-4b85d360875f
杭州市,0000001Z00000036000000070000000X,6.67,2017/10/25,330100,06c94857-c47f-4193-a501-b3e0111283f8
浙江省,0000000G0000003F0000000700000010,9.57,2017/11/28,330000,3b3fd1bb-ab29-48c6-9687-2bebee14e2ac
杭州市,0000000K0000003U000000070000000X,35.33,2018/4/25,330100,02d1fb26-22d8-416e-ad24-7e43f76b9c85
宁波市,0000000Z00000031000000070000000X,5,2018/12/25,330200,07d65485-1494-41f3-92c3-966b6e78a191
丽水市,0000000C0000002Q000000030000000X,70.23,2017/9/5,331100,2f4b52df-dfd2-4b6a-992c-93b0c3eb67c3
金华市,0000000M0000003V000000070000000X,12.33,2018/4/5,330700,f776add9-6170-47ec-955c-a58b88688119
浙江省,0000002U0000007X000000070000000X,4.33,2018/11/25,330000,b47bda4b-904a-4a21-bfdb-771191f7696b
杭州市,0000000P0000003E0000000700000010,4.7,2017/9/26,330100,49f55c08-40cd-4bbe-9c37-fcc53348f000
嘉兴市,0000000X0000007T000000070000000X,31,2018/5/25,330400,20da8d7f-8fda-44cf-b03b-510c239a9c9a
衢州市,0000000J0000003S000000070000000X,36.33,2018/3/15,330800,f9641fa3-6981-49dd-afee-2676c54c6e01
宁波市,0000001Z00000036000000070000000X,6.5,2017/7/15,330200,ac7471b4-22cc-446a-a7a9-8d33524e0654
湖州市,0000000P0000003E0000000700000010,4,2018/5/22,330500,aed12398-5e4f-4c86-8b29-408986c0897f
嘉兴市,0000000S0000002Z000000070000000X,8.5,2017/4/25,330400,03c76064-72a3-4698-ad15-c5288c0e398e
绍兴市,0000001Z00000036000000070000000X,4.17,2017/3/5,330600,00a7f742-2e39-4f15-88ba-6dff901f48e8
嘉兴市,0000001700000031000000070000000X,3.17,2018/1/15,330400,b3d227da-3143-43f1-8350-87d646782c3d
温州市,0000000C0000002Q000000030000000X,60,2018/2/25,330300,0c0d0caf-557a-49c7-a79f-99630fe46f0b
宁波市,0000001500000031000000070000000X,5.57,2019/3/15,330200,d2cb9080-ad46-43d0-8f24-789500193338
金华市,0000001700000031000000070000000X,3,2019/2/5,330700,593824b5-dd65-4fa5-a4c8-719717dc28a3
浙江省,0000001E00000031000000070000000X,4.89,2019/3/15,330000,6debeb9b-b062-4eca-90fe-6e32fca12685
舟山市,0000000H0000002T000000070000000X,15.33,2018/1/25,330900,68b40575-a7cc-4796-af65-6be6b50b9f72
浙江省,0000001700000031000000070000000X,2.74,2017/12/25,330000,a8811db3-a8d8-4bed-a3a6-bd5fbf1122a0
浙江省,0000001700000031000000070000000X,2.92,2018/3/5,330000,10bce328-6e8e-4454-812b-5abac451da50
湖州市,0000000G0000003F0000000700000010,9.8,2017/9/19,330500,4a0c1c78-00e4-484f-9a9d-d58969c298c1
宁波市,0000001E00000031000000070000000X,4.93,2017/2/5,330200,84886111-06b4-41be-a518-7a22892460f6
宁波市,0000001Z00000036000000070000000X,6.43,2017/9/25,330200,288df360-221a-49c9-96d8-1cf93f6da8de
舟山市,0000001700000031000000070000000X,2.67,2017/12/5,330900,15d76cce-153b-4466-b316-9af59eb27153
台州市,0000000M0000003V000000070000000X,10.33,2017/7/15,331000,9c01dae1-5f45-4e4c-9c6f-fc5a8186cddd
湖州市,0000001700000031000000070000000X,3.17,2018/3/5,330500,b24f1d42-3e4a-489e-99a8-edf61ba263ce
丽水市,0000002P0000007W000000070000000X,2.43,2016/12/15,331100,12fe4e51-29c8-4fa1-8f8c-61ee95ee3752
金华市,0000000C0000002Q000000030000000X,68.17,2017/3/25,330700,7f448fbd-06c9-4214-b78b-442a2d52258e
杭州市,0000000H0000003P000000070000000X,22.17,2018/9/25,330100,9dec9550-67d7-4781-899a-ff8898cd36b9
浙江省,0000001E00000031000000070000000X,3.2,2018/12/5,330000,b80cac8f-b2dc-41a6-827f-98c682b71c21
丽水市,0000001200000031000000070000000X,2.33,2017/6/5,331100,b0a0250a-3f63-428b-8341-6218fb3f6503
嘉兴市,0000002200000038000000070000000X,3.33,2017/10/5,330400,303eb964-35bf-4211-ae3d-dbec009f7b43
金华市,0000000M0000003V000000070000000X,12.33,2017/3/5,330700,cfb46e36-ea85-47c2-8d81-3aee1860ebae
丽水市,0000001A00000031000000070000000X,5,2018/6/25,331100,6242e34b-cd10-4fcb-a111-04be9edd43bc
衢州市,0000001500000031000000070000000X,4.17,2017/4/15,330800,cc09d5d4-c957-4698-a53a-d97249ae5789
丽水市,0000003100000081000000130000000X,84,2017/6/25,331100,ac84a9f6-614e-497f-bfc9-767a2734593d
舟山市,0000000H0000002T000000070000000X,15.67,2017/3/25,330900,0a4cccab-5e75-4378-b878-7f018e94bc75
衢州市,0000000M0000003V000000070000000X,11.67,2017/12/25,330800,55e95f08-f0e3-40fb-8d9a-8852a52205e3
台州市,0000000C0000002Q000000030000000X,63.33,2018/2/25,331000,22e940e1-e75c-4c69-866a-a4a4e0084986
金华市,0000001700000031000000070000000X,2.33,2018/1/25,330700,29df1902-920e-4f2c-a6ba-76709b49f6a7
嘉兴市,0000000P0000002W000000070000000X,4.93,2018/5/5,330400,5af94265-1dc6-4ae3-afef-94b8aa8d9a4c
宁波市,0000001400000031000000070000000X,7.4,2018/11/15,330200,f9380563-7a0a-4949-82ea-d17028a8ed75
绍兴市,0000000K0000003U000000070000000X,36.67,2018/1/15,330600,e1c3389d-a3a9-41f5-b724-683e0d8cde56
衢州市,0000000H0000003P000000070000000X,25.33,2019/1/5,330800,8efce8d0-2d05-40c9-a0ef-dfb177da311b
丽水市,0000000P0000003E0000000700000010,4.7,2019/1/15,331100,bdcf018b-62ac-4f1c-aea0-7896ee61fa48
台州市,0000001500000031000000070000000X,4,2018/2/15,331000,f9e8fc31-ad53-4044-b184-d55fd60e89c0
湖州市,0000000D0000002R000000030000000X,36.33,2018/12/25,330500,c542f4e5-9ebc-42cb-bbac-046a3435f9d6
嘉兴市,0000000M0000003V000000070000000X,11.17,2017/4/5,330400,dbc552ba-a96c-41f2-add6-9e0a8ed35865
丽水市,0000001A00000031000000070000000X,4.67,2017/10/15,331100,d4db1405-9f1c-491a-b9be-a06f22b7020c
金华市,0000000G0000003F0000000700000010,9.7,2017/11/14,330700,ed7d9462-a465-451c-bfbf-acd994090ae7
湖州市,0000001E00000031000000070000000X,3.5,2018/12/25,330500,58ff5ac2-485f-4ad4-af4f-9d3967f04bf3
浙江省,0000001Z00000036000000070000000X,5.93,2017/11/15,330000,61718fc8-6176-4501-b320-77d6501efbfe
宁波市,0000000G0000003F0000000700000010,10.25,2017/11/21,330200,6a5f60cf-2af8-4c09-8753-e76de6f8a643
丽水市,0000000K0000003U000000070000000X,37.67,2018/9/15,331100,8306cfae-56b2-44a7-a9b2-a09aa2a39768
嘉兴市,0000000J0000003S000000070000000X,32.33,2017/8/25,330400,ac47bf3f-87a8-4427-b1e1-751918188fab
丽水市,0000000K0000003U000000070000000X,32.67,2017/6/5,331100,d8709783-cf4a-4b35-b508-95205d5bd1cd
杭州市,0000000Z00000031000000070000000X,6.17,2017/10/5,330100,dcac525e-adad-4b66-9120-dcfeb6efcb4d
舟山市,0000002P0000007W000000070000000X,3.33,2018/10/15,330900,ed52bb31-6a19-432e-a92a-c99bfd5d921e
金华市,0000000H0000002T000000070000000X,13.67,2018/8/15,330700,1605d987-b243-4258-9a99-663ab13622bd
衢州市,0000001Z00000036000000070000000X,6.67,2017/9/25,330800,dd5e2c71-3988-49ad-b4f5-1fa442739112
湖州市,0000001K00000031000000070000000X,3.83,2017/2/15,330500,9bde6a38-a583-42e7-a0ec-ab9fee971ca7
丽水市,0000002U0000007X000000070000000X,4.66,2018/1/25,331100,08fa3ca0-fa1b-43ea-8be3-e0b91818efd3
浙江省,0000000P0000002W000000070000000X,4.27,2017/7/5,330000,325a17a3-d09b-4863-9bda-6411d9908214
衢州市,0000001E00000031000000070000000X,4.83,2019/2/5,330800,cbd1f98c-042e-4fd5-b046-c15e08069b44
金华市,0000001A00000031000000070000000X,6.17,2017/11/5,330700,eca358d8-413d-4d8b-964b-4ec19975023e
杭州市,0000001Z00000036000000070000000X,6.53,2018/4/25,330100,77dc7e62-f81f-46e8-9b69-e0d3e7fef50f
绍兴市,0000001500000031000000070000000X,3.5,2017/6/15,330600,6e25f427-29c2-47d3-9bde-5b0612930659
温州市,0000001A00000031000000070000000X,7.17,2018/10/15,330300,64f3a627-1f31-4e9e-af69-3fc06182f441
绍兴市,0000001700000031000000070000000X,2.5,2018/10/5,330600,75649782-6f6c-42cf-80b1-c55a954dc8a6
金华市,0000001400000031000000070000000X,4,2017/6/5,330700,398abf3c-2f0c-4ebb-bb2a-779235136324
湖州市,0000000M0000003V000000070000000X,17,2018/3/25,330500,abf35c8c-7292-4f98-a8e8-c3e09ebcf7fb
温州市,0000000H0000002T000000070000000X,17,2017/4/15,330300,bcc7ee56-2379-4373-9e78-266cbef52dd1
嘉兴市,0000002P0000007W000000070000000X,3.2,2018/1/15,330400,3a021b93-5b5d-4bf5-a851-7a87aba4a277
舟山市,0000001500000031000000070000000X,4.83,2018/2/5,330900,4b013602-ebbe-4b0d-9967-289d312253c8
杭州市,0000000P0000002W000000070000000X,5.33,2018/3/25,330100,fea461fb-c7ba-4aee-8df2-0630e9fc3fc0
湖州市,0000000Z00000031000000070000000X,4.5,2018/12/5,330500,a8c17835-fb76-4445-a88b-239ae3d5efcb
温州市,0000000M0000003V000000070000000X,14.67,2017/11/15,330300,7e468fd5-628e-4b0f-91e4-6d6004afe8a2
舟山市,0000001500000031000000070000000X,5,2017/1/15,330900,045378ea-a817-454f-a2f7-a4e0da401a20
丽水市,0000000H0000002T000000070000000X,17.67,2018/12/5,331100,b036a696-8d72-4e7b-9acd-16d72bade608
温州市,0000001A00000031000000070000000X,7.67,2018/10/5,330300,330de5ba-c54f-4c5d-bc73-0520c859904d
湖州市,0000003100000081000000130000000X,77,2017/3/25,330500,20c82674-dd7d-48fc-b385-6c379e08a993
杭州市,0000000K0000003U000000070000000X,36,2019/2/5,330100,4970d9ac-ed2e-41e2-84f4-de4461f54183
绍兴市,0000000H0000003N000000070000000X,12.33,2018/5/5,330600,0b5a77c3-3b6b-47a8-87db-a57b41158aac
浙江省,0000002P0000007W000000070000000X,3.12,2017/11/15,330000,32d96bdb-b1e4-4feb-8255-d31f591360bc
绍兴市,0000000M0000003V000000070000000X,9.83,2017/12/25,330600,2e8cb4dd-859f-4a52-814e-2dbdaad81061
衢州市,0000000H0000003P000000070000000X,23.67,2017/1/15,330800,5f6056b4-82bb-493b-8a47-31a08a664f2b
台州市,0000000Z00000031000000070000000X,4.83,2018/9/25,331000,7426d902-3519-4249-adc8-112770ba42d4
宁波市,0000000H0000003P000000070000000X,25.17,2018/6/25,330200,4553e33f-56e0-4719-8758-75a25095fec2
衢州市,0000000J0000003Q000000070000000X,39.33,2016/12/25,330800,8ebb44fb-9f5b-4c6e-86c4-c9abaeb6d768
金华市,0000000J0000003Q000000070000000X,41,2017/12/15,330700,e49aa0b6-1b67-4d9d-8c6b-30b5df0526ce
衢州市,0000002U0000007X000000070000000X,5,2019/1/25,330800,a99fa186-222e-491f-92f2-a59fbc47cba2
台州市,0000000P0000002W000000070000000X,3.67,2017/6/15,331000,b6060b54-4ed1-4b34-9e20-d582f2b11fd5
杭州市,0000001A00000031000000070000000X,6.17,2018/4/15,330100,32e38226-ab86-4ca7-863e-12e893f57f9c
宁波市,0000000P0000002W000000070000000X,5.53,2018/6/5,330200,d94d7019-26fa-48cf-aa0e-e8cde1c0c68c
湖州市,0000001Z00000036000000070000000X,5.67,2018/7/15,330500,d2880f31-fcfd-4374-a9f8-e829b7a84bba
宁波市,0000002U0000007X000000070000000X,4.63,2016/12/25,330200,023dbf3b-9316-420d-a2c4-3a6199eb9b07
衢州市,0000000H0000003P000000070000000X,25,2018/9/15,330800,6e8d7a97-3eb4-48ae-a318-f2f8669993dd
台州市,0000000H0000003N000000070000000X,14.33,2017/1/5,331000,4978139f-bda9-46f2-9bdf-a22efc9c5b6a
嘉兴市,0000000G0000003F0000000700000010,9.85,2018/8/14,330400,dc2c4449-9157-414a-8402-771c5b251cd7
温州市,0000002200000038000000070000000X,3.33,2018/6/5,330300,23c34214-ec2e-4ba0-b1ee-93e7b892979b
金华市,0000002P0000007W000000070000000X,3.9,2018/5/15,330700,60f704ba-0082-4d93-8fb2-03e334c484d8
湖州市,0000001500000031000000070000000X,4.83,2017/10/15,330500,9ced4be5-128a-45dd-b9b8-f86296def8b2
温州市,0000002200000038000000070000000X,3.67,2018/11/25,330300,e8e2b98a-4632-4bff-a97a-521723a13793
绍兴市,0000001700000031000000070000000X,2.5,2017/7/15,330600,d2173f7f-b73c-4679-b86d-e559f33f60ce
杭州市,0000000P0000003E0000000700000010,4.7,2019/1/8,330100,a85ca89f-efff-4fb4-ac4b-9ea448d742c3
嘉兴市,0000002P0000007W000000070000000X,3.2,2017/10/15,330400,6bc0c9f5-ec1b-45ea-bbb8-919e9686cc90
浙江省,0000000Z00000031000000070000000X,5.17,2017/8/25,330000,7146a989-5f9d-4132-ae95-2a001fd0ebc7
浙江省,0000001K00000031000000070000000X,3.07,2018/12/15,330000,4ae7479c-922c-4af1-9483-4eeba76355f3
金华市,0000001200000031000000070000000X,3.17,2017/11/25,330700,8d6c0635-a78e-461c-baa4-fcbf17a971ef
浙江省,0000000G0000003F0000000700000010,10.97,2018/12/25,330000,daf55835-afce-4890-ac75-e9d39259aaa6
杭州市,0000000M0000003V000000070000000X,10.67,2018/5/25,330100,edf18a0e-0e2d-48db-a5d8-82852793916c
金华市,0000001Z00000036000000070000000X,5.67,2018/4/5,330700,1911b436-0311-421a-8826-bd5f5860c7e3
丽水市,0000002P0000007W000000070000000X,2.43,2017/2/5,331100,a9ba99bc-ba7a-456d-abaf-3c47de22e236
浙江省,0000000J0000003S000000070000000X,34.56,2017/8/25,330000,ef81dc57-ea4d-4600-afd5-0c8521511615
金华市,0000001E00000031000000070000000X,5,2019/3/15,330700,50b0fc98-5eb9-481a-bf01-e9f7a964ede0
丽水市,0000000C0000002Q000000030000000X,70.23,2018/9/15,331100,272b9769-aa98-469e-8318-4357661db081
嘉兴市,0000001E00000031000000070000000X,5,2017/9/25,330400,cf064582-8f33-44c1-8926-4b9c3d32e30a
浙江省,0000000D0000002R000000030000000X,43.38,2019/1/5,330000,495f2eea-d95f-4a2f-b9cb-dea7422df315
绍兴市,0000002P0000007W000000070000000X,2.33,2018/4/5,330600,03cdb668-ed11-499f-bca5-c5614cb6c8f0
湖州市,0000000P0000003E0000000700000010,4,2018/6/5,330500,929f6b9f-6954-4fca-9ee9-f2c18975c0d0
嘉兴市,0000001A00000031000000070000000X,5.83,2018/3/15,330400,6e3d23ee-fee7-48fe-9a94-0e84743e1988
浙江省,0000001400000031000000070000000X,6.52,2018/2/5,330000,c8faac76-9b9f-4640-90c6-e6119ae54576
台州市,0000000C0000002Q000000030000000X,63.33,2017/4/25,331000,8e1273a5-a53a-40a0-aec5-04f5f7916fa5
舟山市,0000000H0000003P000000070000000X,24.67,2017/5/25,330900,492c3758-15f1-489b-861b-4dad51460c9e
舟山市,0000000D0000002R000000030000000X,44.97,2017/10/15,330900,1e79a595-84a6-4e58-9259-594451971a58
杭州市,0000001E00000031000000070000000X,3.77,2017/6/5,330100,66c3636f-918d-419c-83d9-b123e6d7e0fc
绍兴市,0000001E00000031000000070000000X,2.83,2017/4/5,330600,60331951-ae0b-46be-b22a-d3ce706ae30f
丽水市,0000000H0000003P000000070000000X,16.33,2018/6/15,331100,ffa6e583-5378-4334-bd89-721d7111c996
嘉兴市,0000000H0000003P000000070000000X,22.67,2017/1/15,330400,f04191f8-f2b5-4ca8-a7f1-eb0906259169
杭州市,0000001400000031000000070000000X,5.5,2018/8/5,330100,a44fdc84-36a5-4263-b19d-8dd6117042d3
温州市,0000001K00000031000000070000000X,3,2018/12/15,330300,0e8c9e4d-220f-4c84-a954-471d1a989b72
嘉兴市,0000000D0000002R000000030000000X,38.67,2017/8/25,330400,512918b3-041d-4b14-8c54-182e02116a0f
绍兴市,0000001400000031000000070000000X,4.83,2017/10/15,330600,080589ac-28d0-41a7-bc09-d4846ccd966a
金华市,0000001200000031000000070000000X,3.17,2018/11/25,330700,273eb788-5fcb-40dd-8b66-929e0f36eec8
温州市,0000002200000038000000070000000X,3.17,2017/12/5,330300,1da47b59-545e-451d-825e-c08cd985ea1b
杭州市,0000001500000031000000070000000X,4.33,2018/8/25,330100,818fe92e-7e53-44ec-ac65-35760b3c2371
衢州市,0000000C0000002Q000000030000000X,68,2017/10/5,330800,37643fcf-c064-4a3b-ae2c-8a9c647daa80
杭州市,0000000H0000002T000000070000000X,17.93,2017/5/5,330100,d1253e49-b66d-41e9-9f47-d8d26d4c54c1
湖州市,0000001700000031000000070000000X,3.5,2017/2/25,330500,b1acb315-910b-4937-9cb9-e6bdbbe5ab9e
金华市,0000000P0000003E0000000700000010,2.9,2017/4/4,330700,dba88ed5-3b42-40b8-b592-18c3e42b33c5
丽水市,0000003100000081000000130000000X,84,2018/2/15,331100,3194d40e-5ad5-4184-9748-077d93a898f0
金华市,0000000H0000003N000000070000000X,14.33,2017/3/15,330700,6892b2f5-8d3d-4c2e-96e8-b86223557e2e
绍兴市,0000001500000031000000070000000X,5.33,2017/2/15,330600,4af9985d-bc91-4ced-93ce-47804d991c56
嘉兴市,0000000C0000002Q000000030000000X,66.33,2017/7/25,330400,65e40b03-7432-416d-8a66-3cd63d9f580a
杭州市,0000000Z00000031000000070000000X,7.17,2018/10/15,330100,bfac0064-1dae-4ea9-b0ae-66319b233bac
金华市,0000000M0000003V000000070000000X,12.33,2018/5/5,330700,8b0b4b72-d236-45ea-bc63-376982469920
丽水市,0000001500000031000000070000000X,4.17,2018/1/25,331100,55f47413-8939-409a-83b3-65a0ab34422a
衢州市,0000000M0000003V000000070000000X,11.33,2018/11/15,330800,5c123a1c-090a-4554-9e8f-619c4d7142d5
绍兴市,0000000J0000003S000000070000000X,34.67,2018/1/25,330600,907f28d0-2ce4-4458-ad19-00db22c56f47
温州市,0000001400000031000000070000000X,6.67,2017/5/5,330300,6bba4a6c-03e1-49f1-9779-89335b02bc43
宁波市,0000000C0000002Q000000030000000X,81.67,2017/3/25,330200,91b6178d-c628-4119-88a5-5caec1800aed
台州市,0000000J0000003S000000070000000X,32.67,2017/1/5,331000,eda124fc-dfce-4a85-ac17-52e5a5aac152
嘉兴市,0000000H0000002T000000070000000X,17.67,2016/12/25,330400,7537c7a2-3a1b-4691-b7b5-f62f23e30098
舟山市,0000002200000038000000070000000X,4,2017/7/15,330900,4b783a96-12f0-400e-83dd-f4fefb91f393
嘉兴市,0000001E00000031000000070000000X,4,2017/12/5,330400,d4398fc6-fc8a-433c-877c-2b6ef419c204
杭州市,0000000C0000002Q000000030000000X,62.67,2018/2/5,330100,a1e565dc-6640-4f69-8447-2b5b1f06550b
衢州市,0000000P0000002W000000070000000X,5,2018/3/25,330800,8b9a4802-ed11-4120-bc57-0c2bf98fc69c
浙江省,0000000J0000003S000000070000000X,34.76,2017/3/25,330000,25c115a3-4480-4dc9-84f5-5d78ec428792
衢州市,0000002U0000007X000000070000000X,4.33,2017/6/25,330800,2a7d028a-c4a2-46a0-a5ab-8fca514ef28b
衢州市,0000001A00000031000000070000000X,6.33,2017/2/25,330800,0cf4759b-65bd-444f-af81-8c6cd2eb7109
金华市,0000001700000031000000070000000X,2.33,2017/7/25,330700,03201a95-864d-46c3-acc0-948fabbf2782
杭州市,0000001200000031000000070000000X,4.83,2018/2/5,330100,8a81b258-0631-48e8-9604-f71abd2ecb62
绍兴市,0000001E00000031000000070000000X,3,2017/4/15,330600,97bcf8d9-b50a-4efd-900f-f7204d10445d
绍兴市,0000000H0000003P000000070000000X,24.67,2017/12/25,330600,63ea57f3-823f-44e2-95df-234bb693fd2c
台州市,0000000X0000007T000000070000000X,21.67,2018/12/5,331000,d5950ad4-1e60-4c80-926a-d821b27a0b79
舟山市,0000000Z00000031000000070000000X,5.33,2018/9/15,330900,f1968c77-7414-4bbb-b5d1-cbd9b2f87e4f
金华市,0000001700000031000000070000000X,2.33,2017/8/5,330700,d21b6627-29bf-4de1-8cac-525221924e70
浙江省,0000000J0000003S000000070000000X,34.76,2017/10/5,330000,3a9567c2-7f39-408b-917c-3c45053aba06
绍兴市,0000000H0000003N000000070000000X,12.5,2018/4/25,330600,1478aa85-b463-4137-8b44-cc9848a3ee60
嘉兴市,0000000M0000003V000000070000000X,11.5,2017/7/15,330400,8870c69e-d544-4231-88da-68934ebde75e
浙江省,0000000C0000002Q000000030000000X,64.09,2017/4/25,330000,d66d1a72-cf74-4c6d-9f61-72b1024437b5
衢州市,0000000J0000003S000000070000000X,35.67,2018/8/5,330800,c3e59bee-3cbc-4a6a-91cf-c62133748ea6
浙江省,0000002U0000007X000000070000000X,4.33,2018/7/15,330000,465cbf2d-370f-4d65-b1e6-45846a440ddb
宁波市,0000000J0000003S000000070000000X,30.5,2017/1/5,330200,98479ed7-ec22-4822-a2b5-3e8b6103e288
宁波市,0000000S0000002Z000000070000000X,8.73,2017/4/25,330200,277092ec-399b-4d7d-b25a-b0ddca8c12c0
衢州市,0000000X0000007T000000070000000X,26.67,2017/4/15,330800,69552ea8-88fa-4045-b393-271a1a73457d
舟山市,0000001500000031000000070000000X,5,2017/10/5,330900,46b308ce-a3ab-466e-a694-5685f110f184
浙江省,0000002P0000007W000000070000000X,3.12,2018/10/15,330000,44608aed-2402-4498-b7f9-50d88ad003a2
浙江省,0000002U0000007X000000070000000X,4.28,2018/5/15,330000,40e2cd4d-d791-47e8-bef7-17ada56b1edd
杭州市,0000001400000031000000070000000X,6.33,2018/11/5,330100,e22afab6-e96e-46cc-807a-4fa5eb44be3e
湖州市,0000001E00000031000000070000000X,5.33,2018/4/5,330500,410a8a4e-3e86-4ab6-bc99-9d0d22cea970
台州市,0000001Z00000036000000070000000X,6.33,2018/8/25,331000,f3258659-3843-479b-a9ca-ee5a4a46020e
金华市,0000000M0000003V000000070000000X,12.33,2017/12/25,330700,9e746f3d-6ea0-4bac-a1de-6ffce13e7329
金华市,0000002U0000007X000000070000000X,4.17,2017/2/5,330700,e377a0be-36be-4384-a1de-a5a5f8cbf5dd
金华市,0000000S0000002Z000000070000000X,7.83,2018/10/25,330700,075f4d1b-16f4-4c0f-872b-8c977a74a676
温州市,0000000Z00000031000000070000000X,4.67,2016/12/15,330300,138ed92f-80fe-46ae-8e42-7eb61a271ff8
绍兴市,0000000H0000002T000000070000000X,15.33,2018/12/15,330600,c0c987f4-8e12-468c-911e-6237faa4f645
台州市,0000000Z00000031000000070000000X,3.67,2018/2/5,331000,965cee3c-a4da-4456-bfdb-b6854fbadf4a
湖州市,0000001200000031000000070000000X,5.33,2019/1/25,330500,c5cf552a-08dc-4b21-8afe-fd4af5b09ace
舟山市,0000001700000031000000070000000X,2.5,2018/11/25,330900,e9c1b09e-b918-4644-9403-e66599af53f8
金华市,0000001400000031000000070000000X,5,2017/5/5,330700,fc2e87ea-e4d9-4eb6-bf2d-a38917b9ee4e
台州市,0000002200000038000000070000000X,3,2018/10/15,331000,ad6e976d-a9c6-4b5c-ac21-19adb6677b48
台州市,0000000D0000002R000000030000000X,38.67,2018/11/15,331000,b13b1ad9-0a97-4c2e-9eb7-bf9c54ba0bac
舟山市,0000000P0000003E0000000700000010,5.5,2018/9/4,330900,20a8e68a-e812-44d9-9464-059c18c7491d
丽水市,0000000X0000007T000000070000000X,46.67,2017/3/25,331100,d7f6c336-7112-4495-8fb8-337bb503f53f
舟山市,0000000H0000003P000000070000000X,25.33,2018/1/15,330900,ac70cceb-9cb5-4b25-86de-93aadf2d1cf3
浙江省,0000001K00000031000000070000000X,2.9,2017/3/15,330000,7c390bbf-59e3-4128-a202-e4135fed027a
湖州市,0000000X0000007T000000070000000X,35,2017/9/25,330500,146d298f-c45a-46a2-acbf-315e68b4fcc5
台州市,0000002P0000007W000000070000000X,3.28,2017/5/15,331000,f696c920-b66f-4e99-87c5-4f7962f2c728
丽水市,0000000D0000002R000000030000000X,54.6,2017/4/15,331100,1f1319ec-ec7c-412f-8010-47a3a13f4992
绍兴市,0000001200000031000000070000000X,4,2017/10/25,330600,6e33672e-9fcb-4325-b487-4bb0d55ae117
杭州市,0000000D0000002R000000030000000X,46,2017/9/15,330100,f9e6969d-aa2d-4e65-ba48-bdcb00abad50
衢州市,0000000P0000003E0000000700000010,3.85,2018/3/20,330800,b09ffbd4-5060-425c-97ea-1627d1d75a4a
宁波市,0000001200000031000000070000000X,4.2,2018/6/15,330200,c812a107-26f8-4c9f-9835-d0d936fa00e1
金华市,0000001700000031000000070000000X,3.33,2018/2/15,330700,1592e0fb-0a01-403e-8656-cebef829cca2
温州市,0000001700000031000000070000000X,3.17,2019/2/25,330300,3da5f103-58f9-4808-9d75-bb559bdfb290
宁波市,0000001K00000031000000070000000X,2.8,2017/6/15,330200,cbb8bff3-e80d-475f-ac5a-e672d01bb332
温州市,0000000S0000002Z000000070000000X,9.33,2018/11/25,330300,dee26f1d-231e-492b-9af0-1b6f01901fe8
丽水市,0000001700000031000000070000000X,2.33,2018/6/5,331100,2459e4d4-0f5d-41e9-9c94-50b0a9f975cd
湖州市,0000001700000031000000070000000X,3.17,2019/2/15,330500,ec704f14-f239-4b7c-bece-68ec2ed97d4b
丽水市,0000000J0000003S000000070000000X,38.33,2018/2/25,331100,700793cb-acc9-4efd-9673-f68b8aadc78d
杭州市,0000000M0000003V000000070000000X,10.33,2017/4/15,330100,6b10aadb-83eb-4764-840a-fdee86229ed5
嘉兴市,0000003100000081000000130000000X,79,2017/7/15,330400,793275c9-b6c9-423b-bb47-65ba83a63434
绍兴市,0000000J0000003S000000070000000X,35.33,2018/8/25,330600,33d85bb1-0970-45cc-993f-b6337fbd5e09
温州市,0000001500000031000000070000000X,7.33,2018/10/15,330300,7ef00db9-311f-4c8c-9a62-6d7b43d2907e
湖州市,0000000K0000003U000000070000000X,0,2018/7/5,330500,990f9e5e-54b5-4fb5-89cb-e40720211447
金华市,0000000G0000003F0000000700000010,10.7,2018/12/25,330700,4791eedb-ebbc-4ddd-9475-8cb91aade947
宁波市,0000001400000031000000070000000X,6.47,2018/9/5,330200,18deb88e-b29a-4550-b925-2af17c8de40f
湖州市,0000000P0000003E0000000700000010,3.4,2017/7/11,330500,5b854fe0-1352-4ace-89de-7323a3c30862
舟山市,0000001500000031000000070000000X,5.5,2018/11/15,330900,0dcfe036-2c7a-4a26-8b2a-58777fc64fac
金华市,0000001500000031000000070000000X,4.83,2017/2/15,330700,a2261b8c-549f-4e0d-a829-0d9bb619a4b2
台州市,0000000G0000003F0000000700000010,10,2018/2/6,331000,eedda532-4984-4ee0-8105-c757665f54ff
温州市,0000000G0000003F0000000700000010,9.36,2017/9/12,330300,4ec71286-8118-4b55-a1c2-203fc3219d61
浙江省,0000000P0000003E0000000700000010,4.7,2017/11/14,330000,a357f45b-071e-4836-afa3-245b349c43c7
绍兴市,0000000M0000003V000000070000000X,10.17,2017/9/15,330600,37eebcdd-01ac-4c8b-aa19-6316263b8149
舟山市,0000001E00000031000000070000000X,2.83,2017/2/15,330900,af28b899-4fa8-42e4-b9e8-036398eb0779
舟山市,0000002200000038000000070000000X,4,2017/7/25,330900,0244a60b-38e6-465f-b366-f5cbf7024648
温州市,0000001E00000031000000070000000X,4.67,2017/12/5,330300,87da65f2-5c23-4b7c-81c8-26f22b9f8e95
金华市,0000000H0000002T000000070000000X,15.83,2017/3/25,330700,d9549789-e04f-4958-a9be-011b6ce9fc7f
舟山市,0000000P0000003E0000000700000010,5,2017/9/5,330900,aa8539e8-0e92-4558-8393-1aa088f9a8a9
衢州市,0000000G0000003F0000000700000010,12.5,2017/1/17,330800,ea4a0743-ef8a-494d-a3be-7130d1e06191
衢州市,0000001K00000031000000070000000X,3.17,2018/8/15,330800,84d95e44-f95b-47f6-a4cc-b4d7d60ae292
金华市,0000001500000031000000070000000X,4,2017/10/5,330700,92a80a0c-edfd-43c7-a4e2-0f06378a2c3f
台州市,0000002U0000007X000000070000000X,4.33,2017/5/25,331000,2a5e47a7-e465-4e6c-8a98-20df5a9200d2
宁波市,0000001E00000031000000070000000X,5.83,2018/2/25,330200,88535c53-92a7-4ee8-9c81-b1c27361851a
丽水市,0000001K00000031000000070000000X,3.33,2018/6/15,331100,7223cf9f-03c9-48bf-b935-daf2793953f9
嘉兴市,0000000X0000007T000000070000000X,31.67,2017/9/15,330400,5e2adb69-fa45-46a5-a689-2647391afe42
湖州市,0000000S0000002Z000000070000000X,9.67,2018/9/25,330500,34ddc327-b7b3-4982-a581-465ce2e8a682
舟山市,0000000H0000002T000000070000000X,15.33,2018/10/15,330900,bd0de4e8-64e4-4469-b20f-6dac4656e897
杭州市,0000000P0000003E0000000700000010,3.8,2017/1/31,330100,1e3212f6-c017-46cc-bee8-5f0f0ff4b15d
温州市,0000001E00000031000000070000000X,4.17,2019/2/25,330300,90e63097-6c57-4178-97ef-d38d0cde65e5
嘉兴市,0000000G0000003F0000000700000010,9.5,2017/7/11,330400,d45d8a40-8906-431b-91de-ec23ae20bcd0
金华市,0000000P0000003E0000000700000010,4,2018/2/27,330700,2876d724-c317-4349-87eb-a840aa90aa93
杭州市,0000002U0000007X000000070000000X,4.5,2018/8/25,330100,3b6dfe71-826b-43c3-ad2f-96d57c868b7c
浙江省,0000000D0000002R000000030000000X,44.27,2017/6/5,330000,242eb5dc-0c65-418e-b830-2140024e4493
台州市,0000002U0000007X000000070000000X,4.33,2017/6/5,331000,ad638316-3232-433a-bf24-df8f0db9357a
金华市,0000000D0000002R000000030000000X,40.17,2018/9/5,330700,2ba79304-2dc6-4cb4-9171-abb079256c1e
丽水市,0000003100000081000000130000000X,84,2017/2/5,331100,b9682635-cc75-4a4c-a639-4d1176943762
温州市,0000000D0000002R000000030000000X,50.33,2018/6/25,330300,be1bd80f-e534-445b-ad75-99b43274123b
丽水市,0000000K0000003U000000070000000X,33.33,2017/2/5,331100,cccf8817-318e-4758-8d43-654e42eedbf2
浙江省,0000000H0000003N000000070000000X,14.18,2017/6/15,330000,9ba9f0f0-8440-440b-bd82-cd53d3c11600
衢州市,0000000D0000002R000000030000000X,38.33,2017/11/15,330800,120ec6bc-f1ed-498c-9605-cba95645f5a0
金华市,0000001E00000031000000070000000X,4.5,2017/10/25,330700,78a7e009-beff-4a07-a318-251995a59190
湖州市,0000000G0000003F0000000700000010,13,2018/10/2,330500,47eaf04b-12d3-4bba-9184-6090bc7ee3e0
舟山市,0000001E00000031000000070000000X,5.67,2018/6/15,330900,b6d9bda6-b202-47cb-8081-431266f8ca09
浙江省,0000001700000031000000070000000X,2.96,2017/4/25,330000,185030f8-8201-43aa-ae56-f575c3de03a2
宁波市,0000002U0000007X000000070000000X,4.6,2018/5/15,330200,732bac99-2c2a-4b27-a6cd-33b51a454c57
杭州市,0000000H0000003P000000070000000X,20,2017/7/5,330100,e0e9c46c-9d35-4cc1-87c2-3a219e166e5c
衢州市,0000000C0000002Q000000030000000X,66,2017/6/25,330800,d8a52660-bf9c-491b-acb6-a0b218a266dc
浙江省,0000000C0000002Q000000030000000X,63.88,2018/12/5,330000,e872eb7f-324d-47a0-8e84-2714657823bb
湖州市,0000001E00000031000000070000000X,5.67,2018/7/15,330500,c11d2f6b-a3dd-4321-854a-033529ef0d47
金华市,0000000S0000002Z000000070000000X,7.5,2019/2/15,330700,c5e7c748-48d5-4c83-8eac-1a1f048a7a83
浙江省,0000001700000031000000070000000X,2.72,2018/11/15,330000,23bde681-5e00-4f4e-8a64-da7ec1729b7c
嘉兴市,0000000G0000003F0000000700000010,7.1,2018/5/15,330400,1252c6d9-9f9d-49bb-9d65-dc362436b869
金华市,0000000D0000002R000000030000000X,44.67,2016/12/15,330700,621ca64d-7d16-4082-8f82-35d22817a1b2
湖州市,0000001K00000031000000070000000X,4.17,2018/1/25,330500,7cce9a00-b611-4a50-bc95-d8587e246d92
温州市,0000000C0000002Q000000030000000X,60,2018/3/15,330300,d331505c-df7c-46b8-a949-0059cb5b023f
宁波市,0000002P0000007W000000070000000X,2.93,2019/3/15,330200,1432d485-70e1-46b9-9dd1-3eec99cb8161
舟山市,0000000M0000003V000000070000000X,14,2017/2/15,330900,79bcf5e6-3f1a-4c57-9140-9eb3acfc1b98
台州市,0000000X0000007T000000070000000X,22.67,2018/11/5,331000,b11ff9b0-07c2-42ef-b6ce-58a6f97a218e
温州市,0000001E00000031000000070000000X,4.33,2017/5/5,330300,acea5714-d9ba-48e1-8624-348b8c1d6033
温州市,0000000D0000002R000000030000000X,50.33,2018/5/5,330300,2bbf826b-73df-4894-9998-dffd44a85b02
湖州市,0000001400000031000000070000000X,5.67,2018/9/15,330500,3858d1eb-cc89-412c-ba39-8be653ed5f26
丽水市,0000001700000031000000070000000X,2.67,2018/4/5,331100,3e892bd5-dfa9-47b5-9b3a-080a40a10ae2
杭州市,0000000X0000007T000000070000000X,40.17,2017/2/25,330100,a8da658c-2212-4129-96c6-1b0419d0b26e
金华市,0000000J0000003S000000070000000X,37,2018/2/15,330700,a0604a0c-768e-41ac-aa09-1f72481c57a5
舟山市,0000000D0000002R000000030000000X,43.63,2017/1/5,330900,ce313853-230c-486c-bfc0-232c76814097
金华市,0000000P0000003E0000000700000010,3.6,2017/8/1,330700,75970c93-f007-4fb6-a287-3be248a3be08
绍兴市,0000001E00000031000000070000000X,5,2018/9/5,330600,95abb23b-3898-4a49-957b-2facae6b4291
嘉兴市,0000001500000031000000070000000X,4.5,2017/12/25,330400,8320a559-d534-4a57-b7c1-d4c98395e5e9
丽水市,0000000J0000003Q000000070000000X,39,2018/5/25,331100,ec588959-9431-421d-ab74-aa4ac8073879
绍兴市,0000000X0000007T000000070000000X,35.33,2017/12/15,330600,39e4af85-1628-4607-9e22-0544689f5ee0
温州市,0000000J0000003S000000070000000X,43.67,2017/12/15,330300,5a11c504-6607-4f6d-9211-fffd910888e5
宁波市,0000000X0000007T000000070000000X,40.5,2017/5/5,330200,efc3bbe1-478c-4536-ac2e-e98f7a0f667b
绍兴市,0000000Z00000031000000070000000X,5,2017/7/25,330600,655dcff8-d93e-45bd-8b3e-a522fe220d14
台州市,0000000H0000003P000000070000000X,25,2019/2/15,331000,225292fb-442a-4da0-9b97-0e3b2fa8c05b
湖州市,0000002P0000007W000000070000000X,3.89,2018/5/25,330500,ccaec618-fb48-4920-a3b7-047309df823f
台州市,0000001K00000031000000070000000X,2.33,2017/2/5,331000,25e1e03b-0550-4254-901d-0b54dfe2af43
绍兴市,0000000P0000003E0000000700000010,4.2,2018/7/24,330600,8b578275-23dc-4cfe-953c-eab091bb809f
衢州市,0000001400000031000000070000000X,4.67,2018/5/25,330800,63d8c2ba-9dda-4f77-8594-6ae3678363f1
嘉兴市,0000001200000031000000070000000X,4.33,2018/4/15,330400,51ebb4d2-36d8-40ca-8d24-4519591f6f3e
绍兴市,0000000M0000003V000000070000000X,9.67,2017/6/25,330600,18c7ceb6-2ba0-4224-a69e-9742750a51b0
衢州市,0000001400000031000000070000000X,7.67,2019/3/5,330800,65c38e8c-5141-4a60-8be9-e8ab0a5ca072
台州市,0000000X0000007T000000070000000X,23.33,2018/10/25,331000,354f10bc-2428-4cc1-935b-404d5268bf49
金华市,0000000P0000003E0000000700000010,3,2017/2/7,330700,8e6989b2-ae56-41aa-8fcb-1c2e2ac92771
杭州市,0000000J0000003Q000000070000000X,45.33,2018/12/25,330100,3d5012cd-d047-4628-80fc-ebd119166f1b
浙江省,0000000G0000003F0000000700000010,7.03,2018/5/1,330000,9a88a0f0-7c31-46c2-83de-8b356e26b98e
湖州市,0000001K00000031000000070000000X,3.83,2017/1/5,330500,a71f5dd3-d171-4b06-846a-0d541c331473
杭州市,0000001A00000031000000070000000X,5.5,2017/11/25,330100,3c69e08a-64fb-4552-826a-962d8c7644e2
衢州市,0000000Z00000031000000070000000X,5.33,2017/10/5,330800,57045d09-ee05-481f-9fee-825eeef0bc9c
杭州市,0000000X0000007T000000070000000X,39.5,2017/5/25,330100,d6f942f9-d5eb-487c-a3e0-9ad89da47e3b
浙江省,0000001400000031000000070000000X,7.06,2018/3/25,330000,fe66bb57-5e7b-4c0f-9b54-46f0a0fd0478
丽水市,0000001400000031000000070000000X,7.5,2018/4/5,331100,391a42ab-9a2e-4d83-a744-b44c13351c24
浙江省,0000002200000038000000070000000X,3.38,2018/8/25,330000,6238c3b5-a115-4110-9496-4f0367bcb414
绍兴市,0000003100000081000000130000000X,66,2018/3/5,330600,7729970d-1cb4-4e4a-82c5-b887b784ee7b
宁波市,0000001K00000031000000070000000X,3.17,2018/5/5,330200,744e80e6-7ac0-4c07-b870-dbca92fc6d77
嘉兴市,0000000H0000003N000000070000000X,15,2017/10/25,330400,e8b1c90e-38f7-4841-9051-d9d801b81f7f
杭州市,0000000K0000003U000000070000000X,34.67,2018/1/25,330100,426f285a-d9f7-4475-959f-d4e733856d6e
杭州市,0000000H0000003P000000070000000X,22.67,2019/1/5,330100,1bd386e6-ed24-4ddb-a922-42605e907703
宁波市,0000000P0000002W000000070000000X,4.6,2017/5/5,330200,4ee28128-25b4-4984-abaa-a9ae655797c6
舟山市,0000001500000031000000070000000X,5.33,2018/9/15,330900,513d8eab-97ad-45b7-a419-956d3007a572
温州市,0000000H0000002T000000070000000X,17,2017/4/15,330300,ea65b622-6ded-4afa-ae0a-b51e482e5f00
宁波市,0000000J0000003S000000070000000X,30.33,2017/7/5,330200,66f071a4-e198-4ccc-a04f-a06a2ea79773
丽水市,0000000P0000003E0000000700000010,4.9,2017/8/15,331100,1bb45a9c-889d-4306-9eb7-3286051a2520
衢州市,0000000H0000003N000000070000000X,13.33,2018/8/25,330800,b94f64cf-4e7e-41b1-8509-7257cc7b82e2
台州市,0000002P0000007W000000070000000X,3.45,2018/2/25,331000,3e2cfad9-1472-4570-b07d-1550aa21644b
浙江省,0000000H0000003N000000070000000X,14.22,2018/1/15,330000,d7a42071-40a0-4348-bf23-4ebf6f6ac7a3
嘉兴市,0000000D0000002R000000030000000X,38.67,2017/7/25,330400,562aefee-b53d-49e8-9875-7d45ae3dcf81
丽水市,0000001Z00000036000000070000000X,6.26,2018/12/15,331100,e8d9ef17-db8b-4650-a5a6-11167f4f2448
温州市,0000000C0000002Q000000030000000X,60,2017/9/25,330300,09598099-2b79-47ee-b66f-c3c0a1e72f24
杭州市,0000000P0000003E0000000700000010,4.7,2018/12/18,330100,0b83af83-141e-4b75-80cc-6a8a3bec6309
嘉兴市,0000002200000038000000070000000X,3.5,2017/7/15,330400,cedca18e-e0b0-4a68-87c5-d0b8f6e6f210
宁波市,0000001Z00000036000000070000000X,6.5,2017/10/15,330200,8ed19dae-f1e5-4fa7-b304-972d531438dc
杭州市,0000000P0000003E0000000700000010,4.1,2018/3/13,330100,d8f719d0-2eec-48d3-b0db-0649eb66db7c
湖州市,0000000J0000003S000000070000000X,36.33,2018/12/15,330500,d393794f-3366-4157-988a-b3198356afcc
金华市,0000001400000031000000070000000X,6,2018/10/5,330700,56380acc-9501-449f-919a-6c9dbd37f576
湖州市,0000000C0000002Q000000030000000X,57.67,2019/3/15,330500,63c59def-d211-40e3-870b-fb1aaad4f4a0
杭州市,0000000X0000007T000000070000000X,38.67,2018/1/15,330100,bdabfb3b-ee88-4dd6-bbf6-3660e7946d21
温州市,0000000C0000002Q000000030000000X,60,2017/4/15,330300,727ce1df-8ba7-4711-a0e3-6802ce341317
金华市,0000000H0000003P000000070000000X,18.33,2017/12/25,330700,34852a67-389d-43dc-bb00-47f4e2114239
台州市,0000001K00000031000000070000000X,2.67,2017/7/5,331000,4b975d56-9498-448a-a32b-00b5461d6df0
浙江省,0000002200000038000000070000000X,3.51,2017/6/25,330000,bce80d19-f03e-4114-90bd-8380cf8639f9
宁波市,0000001A00000031000000070000000X,4.03,2017/8/5,330200,023f6612-3a21-434a-9cd6-dfd84beafae6
衢州市,0000002200000038000000070000000X,2.5,2017/1/15,330800,fbb2b6b1-d380-4103-8d79-b733cf050ce6
舟山市,0000002U0000007X000000070000000X,3.83,2018/5/25,330900,0b99186a-e272-4a6e-a37f-b72909c5b1d8
台州市,0000001A00000031000000070000000X,4.83,2019/2/5,331000,891123fb-ca4f-43ea-8b4b-0eeef6878160
宁波市,0000003100000081000000130000000X,138.33,2018/4/25,330200,465b368d-0a41-464e-a995-249728d443bc
杭州市,0000000H0000003P000000070000000X,20.33,2018/4/15,330100,05d320e2-bb24-4e8a-b8c0-7a78e3a561c4
衢州市,0000002P0000007W000000070000000X,3.06,2018/7/15,330800,4a616f00-3788-42b1-92a0-0946005d117d
温州市,0000000X0000007T000000070000000X,43.33,2018/1/15,330300,4150aeca-415f-4b96-871c-9c1ef6a785de
杭州市,0000000X0000007T000000070000000X,38.67,2018/2/5,330100,c1e23e9b-8d0c-4ad9-b741-8772ba48db09
嘉兴市,0000002P0000007W000000070000000X,3.3,2018/11/25,330400,e9cbf5b5-ab43-4c4e-b1f3-c3c4e5fb6a01
金华市,0000002U0000007X000000070000000X,3.83,2017/6/25,330700,3e903bae-3628-48ee-aa1f-23328245beda
台州市,0000001A00000031000000070000000X,5.17,2018/2/5,331000,c57ac24b-3e69-446b-8c6f-8cdd65345269
金华市,0000000Z00000031000000070000000X,3.67,2017/9/25,330700,548359cd-d4f9-4dc0-a119-63f06a3df34f
宁波市,0000002200000038000000070000000X,3.93,2017/7/5,330200,d9c88e06-f17e-45e8-a070-9e76e26e72cb
丽水市,0000000C0000002Q000000030000000X,70.23,2017/11/15,331100,97f7daa4-8d42-4b75-bbce-39c6c8ad77be
温州市,0000000P0000002W000000070000000X,5.33,2018/7/5,330300,0e79b5fe-a7f5-4e8e-bedc-8c0c9162d3c1
绍兴市,0000001400000031000000070000000X,9,2019/1/25,330600,40696950-7dbd-434f-9fd9-c7413d6699fa
金华市,0000000H0000003N000000070000000X,11.83,2018/9/5,330700,fa040e0b-3a09-47ce-a07b-7ff08536b1f3
丽水市,0000000P0000002W000000070000000X,4.2,2017/3/15,331100,91ebc53d-58cb-4210-9174-cf8f6ec7c4db
宁波市,0000001E00000031000000070000000X,5.83,2017/8/5,330200,a6b5a7d4-028e-451e-907e-0da385105abc
浙江省,0000002200000038000000070000000X,3.41,2017/5/5,330000,924e8682-a15c-44e7-bd8d-f927ee310cb0
衢州市,0000001K00000031000000070000000X,3.33,2018/10/25,330800,aebaa32a-c01b-4f92-a1db-43ae973d8d95
衢州市,0000001Z00000036000000070000000X,6.17,2017/10/5,330800,63e9c501-b51e-437b-93bf-08e9ad7f2168
衢州市,0000002200000038000000070000000X,3,2017/4/15,330800,01c3ca66-f896-4af0-bddb-9f20f09ad2ea
绍兴市,0000001700000031000000070000000X,2.5,2017/6/15,330600,5ba344b5-42bd-4a0c-8566-5ab55576e246
宁波市,0000000H0000002T000000070000000X,16.67,2017/1/25,330200,4e6bfbac-401f-4d39-a675-e284e68b0081
温州市,0000002200000038000000070000000X,3.5,2016/12/25,330300,b57372bc-07fd-426f-b67a-fd23eb1e2245
绍兴市,0000002200000038000000070000000X,4,2019/2/15,330600,26cc3d2c-bc80-443a-a1c1-459a32ec9310
浙江省,0000001500000031000000070000000X,3.96,2018/6/5,330000,d94e2f2a-fdc7-4a83-aa29-d47d6b32cbbb
杭州市,0000000Z00000031000000070000000X,3.83,2017/6/5,330100,7bff1ff9-80cf-483f-924e-0ef669041b5d
湖州市,0000000Z00000031000000070000000X,3.17,2017/4/15,330500,6b96755b-0640-46b9-b3fc-cb4aad3b27c5
丽水市,0000000C0000002Q000000030000000X,70.23,2018/8/25,331100,c8a62092-a927-446b-a1b4-d8f4966d0a7d
舟山市,0000000M0000003V000000070000000X,13.33,2016/12/25,330900,bb28937d-bb84-4737-ae6e-4a097a95bd71
嘉兴市,0000000Z00000031000000070000000X,4.67,2018/12/15,330400,fdd95de2-af5f-42ae-b7d7-47b298777b17
金华市,0000000P0000003E0000000700000010,4.4,2018/11/27,330700,41ed50c4-350c-457d-8b75-2d589dc9caae
宁波市,0000000H0000003N000000070000000X,14.2,2018/3/5,330200,85e313ba-de76-4224-a118-ab13bf711a1b
舟山市,0000000G0000003F0000000700000010,9.8,2017/10/24,330900,dafe708e-be92-482d-91a7-d22e5292e458
台州市,0000001700000031000000070000000X,2.17,2017/10/15,331000,5722d64f-62cb-4c29-a8b1-6d722efb5b52
温州市,0000001E00000031000000070000000X,3.17,2018/12/25,330300,347a5104-87dd-41b2-b03c-0b80dbd991cf
舟山市,0000000J0000003S000000070000000X,33.67,2017/4/15,330900,4a146532-f73e-4933-b0fb-89963ef1bbab
台州市,0000000H0000003N000000070000000X,13.83,2019/1/5,331000,ad2b2287-d9be-46e1-9c5f-7e16e9d2ac59
宁波市,0000001Z00000036000000070000000X,6.87,2018/4/5,330200,e053ccb5-30ed-4724-bbdd-15fec8992969
舟山市,0000000P0000003E0000000700000010,3,2017/5/9,330900,ab4cfc64-2f4a-44da-86af-db8a995ad7c4
杭州市,0000001700000031000000070000000X,3.17,2019/2/15,330100,ea0fc7eb-86e8-4d35-b1b4-1fc3eed1dfec
嘉兴市,0000000C0000002Q000000030000000X,69.33,2018/10/15,330400,e1a4c233-a81c-4bca-97d0-78ff9090845d
金华市,0000001700000031000000070000000X,2.67,2018/6/5,330700,aeb81aec-5043-4925-ba0f-09c14aafd365
衢州市,0000000Z00000031000000070000000X,2.83,2017/4/15,330800,352b4a7b-53e9-46bc-97e6-3ee8cf11fb7a
衢州市,0000000X0000007T000000070000000X,26,2019/2/5,330800,a445f07b-2e0e-42ad-bf71-c7d38d0f6485
绍兴市,0000000J0000003S000000070000000X,33.67,2017/7/25,330600,89cadf55-7908-471e-a134-8cf9dce57e1e
丽水市,0000001200000031000000070000000X,4.33,2017/2/15,331100,6210ffa7-0810-4492-ba0c-3752b1a17390
台州市,0000001500000031000000070000000X,3.33,2018/6/5,331000,7a0b54a2-0755-48e6-8d4c-034202c57e20
嘉兴市,0000000Z00000031000000070000000X,3.83,2017/5/15,330400,81eaf942-0fd7-4727-8fea-245971a72d92
浙江省,0000001400000031000000070000000X,5.89,2017/1/5,330000,2d1bf436-74ef-4e54-932b-5edd3860ccd6
嘉兴市,0000000S0000002Z000000070000000X,9.5,2017/11/5,330400,47c4b9ab-05eb-4664-8da5-74276b8df8b5
衢州市,0000000H0000003N000000070000000X,11,2018/6/15,330800,1c879f09-9fd1-48d5-8113-e77f33daccd6
衢州市,0000000J0000003S000000070000000X,35.67,2017/7/15,330800,1a318339-b724-4fad-b40f-406cbe79a1f8
温州市,0000000K0000003U000000070000000X,50,2018/10/25,330300,a68cca09-cd5f-4cd3-80fb-9722500cd221
绍兴市,0000000C0000002Q000000030000000X,57.67,2018/3/5,330600,f5dd0127-574b-4188-9ce9-7af7613e81cb
嘉兴市,0000000G0000003F0000000700000010,11.35,2018/9/11,330400,e58c692c-0901-4f65-be3d-bad0731cfae0
湖州市,0000000H0000002T000000070000000X,16,2018/10/25,330500,23c20e6d-3653-473b-8570-e7b8a912e8a4
温州市,0000000C0000002Q000000030000000X,60,2018/10/25,330300,334ad085-8052-4eac-a6e4-36c9d699819b
绍兴市,0000001A00000031000000070000000X,4.5,2018/4/15,330600,797c0039-f1d3-4cbd-9eea-df15eb04b885
宁波市,0000000J0000003S000000070000000X,30.5,2016/12/25,330200,2fca1080-9d77-4917-b15f-9a705e30edb9
衢州市,0000000K0000003U000000070000000X,32.33,2017/5/5,330800,2d00060f-8959-4106-b46a-767b6d3ef9ba
湖州市,0000002200000038000000070000000X,4.33,2018/10/15,330500,dc4e1dc4-91a8-4097-a895-27edd9a1e7f9
湖州市,0000000X0000007T000000070000000X,35,2018/3/25,330500,6a4d7c98-f3c3-45a1-94b7-b9d3dace7896
宁波市,0000001700000031000000070000000X,2.97,2017/6/15,330200,841d3ac4-5da8-4ebe-8bc9-857d54867c8d
嘉兴市,0000001K00000031000000070000000X,3.5,2018/12/25,330400,e2912879-8d14-4e92-9bfb-159e961a4ac9
台州市,0000000C0000002Q000000030000000X,63.33,2019/1/5,331000,6a086e96-6d8f-4f12-bb01-e762d8706f5d
浙江省,0000000C0000002Q000000030000000X,64.73,2016/12/25,330000,c62bba54-3bf8-4468-9cca-0bc571dade98
嘉兴市,0000001E00000031000000070000000X,5.67,2017/9/5,330400,5e58c4db-9de0-4477-9b0c-9b1866fc99c7
温州市,0000001400000031000000070000000X,6.33,2017/12/25,330300,026a9ddc-c5bd-48e2-bde1-afd3f55d5c67
浙江省,0000002P0000007W000000070000000X,3.07,2017/8/5,330000,dcdf4c04-f8b7-4b38-9901-329244e87696
湖州市,0000001200000031000000070000000X,3.83,2017/4/15,330500,cad60933-2002-4ed2-81b8-d59f29722d78
温州市,0000001K00000031000000070000000X,4,2018/3/25,330300,d946eba4-e574-4bb2-a0aa-073ea7ddbc35
湖州市,0000001200000031000000070000000X,4.67,2018/10/15,330500,0163372f-0647-462f-a3cc-54185a932d92
台州市,0000001200000031000000070000000X,4.5,2018/8/25,331000,e4563414-8e93-4998-b7a3-b64899f07264
湖州市,0000000G0000003F0000000700000010,10,2017/5/9,330500,d77e4a9f-3326-402e-9d71-03d6dc20e02d
台州市,0000000H0000003N000000070000000X,12,2017/9/15,331000,9c92bc30-346e-43ae-9ada-f2202870a6a0
绍兴市,0000000K0000003U000000070000000X,38.67,2018/9/25,330600,4ff8a234-ebad-4660-8fd8-c3a73c4ff881
金华市,0000001200000031000000070000000X,4.67,2017/2/15,330700,e43bae0c-cba5-41c7-bfd2-94e2d3a164eb
绍兴市,0000000K0000003U000000070000000X,36.67,2017/10/15,330600,9962332b-6bc5-4254-8346-2336677d460b
台州市,0000000G0000003F0000000700000010,9.8,2018/12/18,331000,3c7627a6-9aa2-46b5-8089-332a85641e15
台州市,0000000P0000003E0000000700000010,3.2,2017/1/24,331000,6474640b-bdab-4628-8901-0eb40e7d4dd2
衢州市,0000000H0000003N000000070000000X,13,2017/9/15,330800,24868758-1f2b-483b-bc90-8e9012f1d928
湖州市,0000000G0000003F0000000700000010,7.5,2018/4/17,330500,a6efdfbb-ceb7-4e19-aa8f-e797f4129c83
金华市,0000001E00000031000000070000000X,5.67,2018/8/25,330700,439075d0-c3f6-4bcf-9073-b0c355344dfe
嘉兴市,0000000S0000002Z000000070000000X,9.5,2018/5/25,330400,d740a240-1c27-4403-a8e9-f29bcf4b3b26
绍兴市,0000001K00000031000000070000000X,3.83,2017/10/25,330600,d01606ec-3ebe-41e4-a58a-022f985c0fd6
绍兴市,0000002U0000007X000000070000000X,4.5,2017/6/5,330600,392e79bf-f7ef-44de-bf65-77b7c30f2b5d
温州市,0000000J0000003Q000000070000000X,51,2019/3/5,330300,37d5e1eb-1334-4bc8-b696-985f2f9443ef
温州市,0000001K00000031000000070000000X,4.33,2018/1/5,330300,2b98f322-66dc-4ec6-b7d7-23d85c2cb340
浙江省,0000000J0000003Q000000070000000X,42.82,2018/11/25,330000,c8034eaa-4ade-4e33-8e6d-59fdd00e79bf
浙江省,0000000M0000003V000000070000000X,12.62,2017/11/25,330000,07ca8a48-3f12-4ba5-a067-2f06e2cd2dab
金华市,0000001A00000031000000070000000X,7,2019/3/15,330700,249ef9cd-ad62-4350-ac88-ba9e52118432
舟山市,0000002200000038000000070000000X,4.33,2017/4/5,330900,078152f4-ea7f-4c91-a6cb-5a07ddf85117
绍兴市,0000002U0000007X000000070000000X,4.67,2018/10/25,330600,e649315e-5ade-4d80-8904-45a3c6661e69
丽水市,0000001400000031000000070000000X,7,2017/3/15,331100,d1457c71-a90c-4b41-ab8d-10d174c305e7
绍兴市,0000000X0000007T000000070000000X,38,2018/11/5,330600,31c0887c-a597-413f-9b6f-fc590e73e354
宁波市,0000003100000081000000130000000X,138.33,2018/10/25,330200,b8a2fe90-1e7e-4c7c-9e7c-908e3f9c2369
绍兴市,0000002200000038000000070000000X,2.83,2017/5/5,330600,903f9768-aff4-445f-8834-f7761b53c53e
丽水市,0000000P0000003E0000000700000010,3.5,2017/1/10,331100,618b3515-e53a-430f-bc1c-565d19a23a53
杭州市,0000000D0000002R000000030000000X,46,2017/4/25,330100,f984d4a6-ad95-4dab-a25b-ee6b10838b88
金华市,0000000G0000003F0000000700000010,8.7,2018/7/31,330700,80cc11fa-c5ae-4fe3-b4aa-5318a3b49d87
温州市,0000000P0000003E0000000700000010,4.15,2018/7/24,330300,37f32aa8-9330-4d89-aed3-9809be749f1d
浙江省,0000000J0000003S000000070000000X,38.64,2019/3/5,330000,793b8f32-8568-488f-bad6-bd30789d7327
浙江省,0000001400000031000000070000000X,5.65,2017/4/15,330000,9ff17d8d-0f07-4b47-9c9f-b05eb4ddec56
金华市,0000002200000038000000070000000X,2.33,2017/11/15,330700,78c3ad08-1a22-4eae-a9f2-3241551a3225
衢州市,0000001500000031000000070000000X,4.17,2017/8/15,330800,9fc8082c-4b49-4205-8d2b-d15ba7143997
杭州市,0000000X0000007T000000070000000X,38.83,2017/3/15,330100,719206cb-bbcb-4d5d-b8fb-4ef8c6fc1f1b
温州市,0000001400000031000000070000000X,6.5,2018/10/15,330300,7807ae88-89b4-4104-addb-629a81b51426
温州市,0000002P0000007W000000070000000X,2.5,2018/11/25,330300,c6d837e6-8f6e-4ca6-b6c8-33f95e870a2a
舟山市,0000000G0000003F0000000700000010,10.8,2018/1/16,330900,30c1f50c-91c4-40da-973a-deef691834d7
湖州市,0000001K00000031000000070000000X,4.67,2017/8/5,330500,7c3d34d0-25fb-4ef5-8690-66c2ecf78fc8
台州市,0000000P0000003E0000000700000010,5.01,2018/2/20,331000,44d9a78f-3d50-45e7-9ab8-c82e3242e737
湖州市,0000000H0000003N000000070000000X,14,2017/9/25,330500,c2e1bd1d-2b7d-4f1f-a1e0-345033bdd550
绍兴市,0000002U0000007X000000070000000X,4.67,2018/4/15,330600,4c5a320a-d3eb-4173-b26b-627c95b20b60
金华市,0000001A00000031000000070000000X,5.5,2019/1/15,330700,6206f637-7d11-4767-a816-9e7f6f138490
舟山市,0000000P0000002W000000070000000X,4.33,2017/7/5,330900,fd98cb6f-0590-4f44-bd5d-90a61506e0f4
杭州市,0000001K00000031000000070000000X,3.2,2017/6/25,330100,aad90994-c27a-4e1c-aa29-49b0f842ba7d
绍兴市,0000001700000031000000070000000X,2.5,2017/7/5,330600,36f590ab-d9ac-478c-b95a-035d3c8a7e23
金华市,0000000H0000003N000000070000000X,12.5,2017/11/5,330700,358956ce-b27b-479c-829f-a6a87db632af
台州市,0000001E00000031000000070000000X,2.5,2017/4/15,331000,00c8d228-1763-4526-9b14-5b92beb05bba
嘉兴市,0000001K00000031000000070000000X,2.83,2017/4/25,330400,11789c4b-3daf-4190-a205-1100c20d60d4
嘉兴市,0000000P0000003E0000000700000010,3.33,2017/6/13,330400,750e5472-26a7-4602-a742-f0c2629fba26
金华市,0000002200000038000000070000000X,3.67,2018/12/25,330700,60be8725-3dc4-4b6b-8c1e-851447e2a3de
宁波市,0000000J0000003S000000070000000X,30.33,2017/9/15,330200,64f31576-46a8-4fca-ae3e-46a1c5d8bcdb
绍兴市,0000000S0000002Z000000070000000X,8,2018/9/15,330600,7369d6be-f80c-415f-a00b-51bd7e54cd41
台州市,0000000D0000002R000000030000000X,41.33,2017/4/5,331000,d08dd105-f51e-4f37-8bbc-fd322de64685
嘉兴市,0000000S0000002Z000000070000000X,9.33,2018/4/15,330400,5ec1a8c6-f4b9-4d1d-b6d0-e96c417005eb
丽水市,0000002P0000007W000000070000000X,2.93,2018/6/5,331100,002ecd89-52ea-4761-9d43-68763eb23358
宁波市,0000000Z00000031000000070000000X,6.67,2017/10/5,330200,f71f34c9-5bd0-4120-a562-d67d2fdbdef7
金华市,0000000C0000002Q000000030000000X,68.87,2018/3/25,330700,7b8d9a11-505b-4ff8-bec4-fd55ccd67c64
丽水市,0000000H0000003N000000070000000X,11,2018/5/15,331100,640e5323-9988-4aca-9b7f-283ba60b653b
浙江省,0000001A00000031000000070000000X,5.2,2017/1/15,330000,1163ed12-7613-4d8b-98ec-27f1afb0622d
绍兴市,0000000S0000002Z000000070000000X,7.67,2019/1/15,330600,93ea5050-98db-46fa-87e1-1da197fe571f
嘉兴市,0000001Z00000036000000070000000X,5.67,2017/4/15,330400,046359a3-9c23-4003-92cd-ea7a39142592
金华市,0000000C0000002Q000000030000000X,68.17,2017/11/15,330700,91288b28-5ae5-4b8a-84b5-6a526731fd3e
台州市,0000000D0000002R000000030000000X,41.33,2016/12/15,331000,c3aea8aa-82bc-4812-8cf0-a3bfe2effc4a
温州市,0000000S0000002Z000000070000000X,9.33,2017/4/15,330300,7f8820af-9bb3-441b-a325-e27005857ce0
丽水市,0000000H0000002T000000070000000X,11.67,2018/4/15,331100,111c426f-6824-4f3c-aed3-c236063234f9
嘉兴市,0000000J0000003S000000070000000X,32.33,2017/4/15,330400,13f3e9e5-d2e8-4a49-b460-dbfd7406873c
宁波市,0000002U0000007X000000070000000X,4.7,2018/1/5,330200,fdb70bff-120b-4e31-9604-79d42e5db4c6
台州市,0000000C0000002Q000000030000000X,63.33,2017/10/15,331000,52b22db1-4e69-4b46-876d-f975ad462440
嘉兴市,0000000D0000002R000000030000000X,35.33,2019/1/25,330400,36ae97a0-8558-4b83-a227-c311985fba08
绍兴市,0000000G0000003F0000000700000010,8.81,2017/5/30,330600,d020f85d-a813-47d6-9c0a-420f4b310ed5
衢州市,0000000M0000003V000000070000000X,11.67,2017/9/15,330800,8620c68e-3610-4e6d-9444-c4c7a911a747
宁波市,0000000G0000003F0000000700000010,7.44,2018/4/10,330200,f3ab052d-0e9a-4060-835f-1d396d4b26ad
舟山市,0000000M0000003V000000070000000X,13.67,2018/9/5,330900,c17bd61a-f38c-4b05-8c35-cdaf26a9847b
金华市,0000001E00000031000000070000000X,2.5,2017/1/15,330700,176c7516-e3c6-4348-8d3b-ee4ff3f04dc3
浙江省,0000001E00000031000000070000000X,3.41,2017/1/15,330000,040a77e2-bca6-4066-b0ff-c679b8164b84
浙江省,0000000J0000003Q000000070000000X,40.11,2017/5/5,330000,1bebd8e8-b6a4-470a-923a-139de5b2bad2
台州市,0000000H0000003N000000070000000X,12,2018/8/15,331000,8d7f1b96-ffaa-4141-87c0-2800ed232be7
温州市,0000000G0000003F0000000700000010,10.71,2018/1/9,330300,465059eb-5087-4779-8b31-149342f8ea5d
温州市,0000000D0000002R000000030000000X,47,2017/1/15,330300,89baecfc-f93f-4827-aa1f-374de0aad4f4
嘉兴市,0000000H0000003N000000070000000X,15,2017/5/25,330400,65a2dc20-f3b6-49c0-9d83-6b6b55aa6886
衢州市,0000001500000031000000070000000X,4.33,2017/3/25,330800,5c5fd1aa-4549-4f39-97be-e4000706f3e0
衢州市,0000002P0000007W000000070000000X,3.06,2017/7/5,330800,ac232b3e-f143-47ba-bf2c-9e210fc550f1
衢州市,0000001200000031000000070000000X,4.83,2018/12/25,330800,c0c99b9a-96a9-4f71-bada-7c88395c0ea4
嘉兴市,0000002U0000007X000000070000000X,3.83,2017/6/5,330400,30f944ba-a719-4d8c-88b3-7c8b4f65a513
台州市,0000001700000031000000070000000X,2.5,2017/5/25,331000,cc9d3258-0014-4a7d-9ae5-ab2f49bfc929
嘉兴市,0000001400000031000000070000000X,5,2017/8/15,330400,81868247-3bee-4447-b11f-6e0f97663dc3
温州市,0000002U0000007X000000070000000X,4.33,2017/12/5,330300,55010611-00ed-4c56-ba7f-9bfaf59642d4
湖州市,0000002P0000007W000000070000000X,3.89,2019/3/15,330500,6263b238-a69c-43af-8f55-9e4e5d1706e0
绍兴市,0000001700000031000000070000000X,2.5,2017/4/25,330600,b4537967-a089-4b22-ba16-f9e9a926209c
嘉兴市,0000001A00000031000000070000000X,7.17,2018/2/25,330400,298cde47-e819-447d-ba5b-5f0ee525f190
绍兴市,0000002U0000007X000000070000000X,4.83,2019/3/15,330600,1f37f270-9ce5-4e8b-b9b3-0ff19ee381e4
温州市,0000000G0000003F0000000700000010,12.61,2018/9/25,330300,077bb40b-6844-400b-b201-8a6f70d60b20
绍兴市,0000000S0000002Z000000070000000X,7.83,2019/3/5,330600,644e2140-6bf2-422b-aa12-1303ba4a5360
绍兴市,0000000J0000003Q000000070000000X,40,2017/5/5,330600,064708bc-87d6-4cf9-a34c-dc1a62157c69
衢州市,0000002P0000007W000000070000000X,3.06,2017/8/5,330800,04175720-3d45-4bec-873c-44249870e2f9
杭州市,0000000D0000002R000000030000000X,46,2018/9/15,330100,5df878fb-38bc-4621-8deb-37a0dbdabcb6
杭州市,0000001200000031000000070000000X,4.5,2018/10/25,330100,866f5eda-9691-44f5-9c77-a48ac6beb780
舟山市,0000001K00000031000000070000000X,3.83,2018/7/5,330900,a3af1e8e-fd59-4ccf-9032-3361cb5d5229
丽水市,0000000J0000003Q000000070000000X,37.33,2017/8/25,331100,875976ef-c909-4d9e-b9d4-950f958722ed
丽水市,0000000H0000003P000000070000000X,16,2018/6/5,331100,91058b16-2938-4885-843a-9211ccd60d58
衢州市,0000003100000081000000130000000X,93.27,2018/1/25,330800,6315e669-1ce6-42c9-9c18-d15671db30c2
衢州市,0000000Z00000031000000070000000X,3.83,2018/5/25,330800,c8c2c953-4a06-4eec-bce4-6223d92872f0
浙江省,0000001500000031000000070000000X,3.91,2017/6/15,330000,7fee4578-a674-4c7b-983b-dc2c8abb271e
宁波市,0000000H0000003N000000070000000X,14.4,2017/11/25,330200,e88e6298-9b8e-4956-bb77-f3abd85c4b1d
浙江省,0000000H0000003P000000070000000X,23.21,2017/3/25,330000,c393107d-aa88-4e21-a810-94883b9cf8af
衢州市,0000002P0000007W000000070000000X,3.06,2019/2/15,330800,aaa357eb-3098-4bfa-954e-4b31d10299f5
台州市,0000001A00000031000000070000000X,3.83,2017/7/15,331000,ee575107-f481-4519-b347-787fcaf79d64
丽水市,0000000H0000003P000000070000000X,16.33,2018/4/15,331100,50776a55-cf2d-484b-8173-e529ba04a6f4
浙江省,0000000H0000003P000000070000000X,22.52,2017/11/5,330000,ef3ce050-d37c-4c95-84ef-7c05b56e4689
浙江省,0000000K0000003U000000070000000X,34.25,2017/1/15,330000,d86fe622-cbfd-47d2-8032-7e34f3b04294
金华市,0000000M0000003V000000070000000X,13,2019/1/5,330700,7934f914-88fd-4b78-92ed-25d08980f8f8
衢州市,0000001Z00000036000000070000000X,6,2017/9/15,330800,f77814ae-6662-43a5-9581-3e4093bf2b39
湖州市,0000000J0000003Q000000070000000X,39.67,2018/9/15,330500,f7141656-1f71-42ef-b97f-4f637f9aa476
宁波市,0000000Z00000031000000070000000X,3.83,2017/5/15,330200,ea572835-f6b5-4ae1-b3e3-e4d61a04ffdc
丽水市,0000000X0000007T000000070000000X,50,2018/5/5,331100,e35d3b72-6a42-4f4b-bd9c-a6468dc6b656
浙江省,0000001Z00000036000000070000000X,5.89,2018/8/5,330000,667d15c4-7057-40a3-add6-d95babd852c6
湖州市,0000000G0000003F0000000700000010,9.5,2018/8/14,330500,9d96292c-9fc7-4ed5-bdbe-92f8cd0d26fc
温州市,0000001500000031000000070000000X,5,2017/4/5,330300,3f36a6e3-b860-4766-9c27-d736609650f6
衢州市,0000000H0000003N000000070000000X,17.33,2019/2/5,330800,67563396-bd8e-40f1-87b6-c2a8b750b6c1
台州市,0000001K00000031000000070000000X,3.5,2018/10/5,331000,a1e86fd6-a978-4dda-b2ed-9f592ab045f0
台州市,0000001400000031000000070000000X,4.17,2018/5/5,331000,fc16a842-1166-4e6c-a63b-4189c7406aaa
宁波市,0000000H0000003P000000070000000X,27.67,2019/3/15,330200,157e8779-745e-4d33-bf10-15aa8ba5070d
温州市,0000000J0000003Q000000070000000X,50.33,2019/1/5,330300,fd026769-3c9c-4a04-b93f-8814704dbc83
嘉兴市,0000001400000031000000070000000X,5.17,2018/8/15,330400,a1e6fb64-02d4-444c-a9c8-914770fd1063
湖州市,0000000P0000003E0000000700000010,3.2,2017/2/14,330500,58c1dd35-1b08-4f4d-ba79-d7636c792f7b
嘉兴市,0000001200000031000000070000000X,4.33,2018/10/15,330400,88d1fdc3-2dc1-404b-8252-d181acf2c717
衢州市,0000001500000031000000070000000X,6,2019/2/15,330800,89c86a5a-44d7-4f44-9249-3f06efc38143
丽水市,0000000M0000003V000000070000000X,11.33,2018/1/5,331100,1e0102f1-1c0a-4d0b-a7f1-9df350eb5b4b
杭州市,0000000G0000003F0000000700000010,10.12,2017/4/4,330100,8b4a9632-271a-482d-8879-7850a02e9d67
湖州市,0000000H0000003P000000070000000X,19.33,2018/12/15,330500,8e7c5611-e7fa-490b-ad63-091283af5660
丽水市,0000001200000031000000070000000X,5.5,2017/1/25,331100,e0c5c35f-25bc-4123-b921-20e6772d77d9
嘉兴市,0000001Z00000036000000070000000X,5.67,2017/3/5,330400,295619b0-5872-465e-9c5b-d2ce94994d6c
绍兴市,0000002200000038000000070000000X,2.6,2017/9/5,330600,3e37e00b-82bd-4e43-8598-153cb0db1eb4
湖州市,0000000G0000003F0000000700000010,9.05,2017/6/13,330500,4ea73475-958d-4cb0-b64f-3ef634598749
杭州市,0000000P0000002W000000070000000X,5.53,2019/1/25,330100,0002c796-2939-471b-bc0c-00c015942341
绍兴市,0000001Z00000036000000070000000X,4.27,2016/12/15,330600,91796c6f-f95c-4c72-ba1a-649f4f5e3385
湖州市,0000000P0000003E0000000700000010,4.9,2019/1/22,330500,2f5d73fd-d576-425b-8a81-7beee25d09f6
湖州市,0000000P0000002W000000070000000X,5.67,2017/10/15,330500,d7d1840f-0d0c-462e-a401-6a437d0620c2
衢州市,0000000Z00000031000000070000000X,3.83,2018/5/5,330800,a9d3afdd-fd32-4316-93b6-fe786c2ce62e
绍兴市,0000000P0000003E0000000700000010,4.7,2018/11/6,330600,cdd630de-29dd-40f4-81b8-c940235851b7
衢州市,0000000P0000002W000000070000000X,5.67,2017/8/15,330800,d845a63d-c6f9-4ad8-b037-1070340e36c5
台州市,0000002U0000007X000000070000000X,4.33,2017/5/15,331000,be5fc964-39e4-41be-8628-166862e436e5
湖州市,0000001A00000031000000070000000X,6.67,2018/11/5,330500,8bff62c4-45f0-47d2-8524-21c92375040e
绍兴市,0000003100000081000000130000000X,66,2018/1/15,330600,45367e9e-8cf0-47fb-864b-6c29ac43a638
温州市,0000000H0000002T000000070000000X,16.67,2017/7/5,330300,2bdc78e0-7ef3-41c7-96e3-4ea4d8965731
宁波市,0000000K0000003U000000070000000X,33,2018/5/5,330200,828c3426-786e-4ca3-87e2-c8cf4b12c972
台州市,0000001200000031000000070000000X,3,2018/7/5,331000,96b789dc-ac72-4682-bbef-d75fa3ede6fc
丽水市,0000000P0000003E0000000700000010,4.8,2018/1/2,331100,056a9752-2134-4e1c-8696-d989beaf2f3b
衢州市,0000000J0000003Q000000070000000X,38,2018/6/15,330800,5dcafbfb-bd91-4480-822f-3ede15538415
台州市,0000001400000031000000070000000X,4.67,2018/11/15,331000,a66e9149-b273-4b4a-96b4-d099fbc0ded5
温州市,0000001400000031000000070000000X,6,2018/6/5,330300,22ac0bb3-000d-415c-a582-203aed962a06
台州市,0000000H0000002T000000070000000X,14.83,2018/12/25,331000,4f11f158-4802-4bde-aada-1b88306a9d77
金华市,0000000P0000003E0000000700000010,3.7,2018/6/5,330700,4aeceee8-ba44-4032-bb49-06821710f7cb
台州市,0000000X0000007T000000070000000X,26.67,2017/6/25,331000,3c7df135-a455-4c12-8ae2-00b96f014324
杭州市,0000000P0000002W000000070000000X,4.17,2017/5/5,330100,4259a7ed-ed2a-4fec-807c-e91de33d1155
浙江省,0000000Z00000031000000070000000X,3.56,2018/4/5,330000,96dcc73b-eb78-4c72-9088-bf9da631ec52
衢州市,0000001A00000031000000070000000X,6.33,2017/4/5,330800,678a0e33-8abc-4d45-8c89-542f59124954
绍兴市,0000000P0000002W000000070000000X,4.67,2017/2/25,330600,05734c9a-de10-4e48-9426-75ac6991fd36
丽水市,0000000J0000003Q000000070000000X,37.33,2017/4/15,331100,5d1fc91e-ddf8-4ddf-9de6-117bc039c96d
绍兴市,0000001Z00000036000000070000000X,4.67,2018/9/15,330600,d2855663-0fa2-41bb-b59a-cbe2a4caf191
绍兴市,0000002P0000007W000000070000000X,2.69,2017/4/15,330600,244b6645-9818-4603-abc6-466f5b21d74e
浙江省,0000001Z00000036000000070000000X,5.89,2017/3/25,330000,ff21c6c3-6fb0-45e8-90c7-cc08947f8565
浙江省,0000000M0000003V000000070000000X,12.75,2018/11/5,330000,dd6fbb9a-6b1e-435e-afad-d9e2dd2f8a9f
丽水市,0000001K00000031000000070000000X,3.17,2017/4/25,331100,7a216233-ab63-4519-ba72-d7f001e55103
舟山市,0000000X0000007T000000070000000X,35.33,2018/8/25,330900,eb77150c-cc31-4094-a0f2-674ff5430171
宁波市,0000001500000031000000070000000X,4.03,2017/4/25,330200,f33ad35d-b59a-45ff-82c0-c471b87ce41c
湖州市,0000002U0000007X000000070000000X,3.6,2017/6/15,330500,27217cd9-528a-48c8-a5a6-c073ba9cd9e6
衢州市,0000001200000031000000070000000X,3.67,2017/9/25,330800,1acadeea-a2e5-4dea-9ef5-491f73963c28
绍兴市,0000000X0000007T000000070000000X,40,2018/11/15,330600,c1d490cb-ee0c-4825-bacc-61d32935538b
浙江省,0000002U0000007X000000070000000X,4.31,2018/9/15,330000,2755c4e8-ccdd-4bd3-876e-ecaa4f4f14a5
衢州市,0000001K00000031000000070000000X,3.83,2017/11/15,330800,ad01953b-5c33-4e1d-ad21-5672a61f52b5
杭州市,0000000H0000003N000000070000000X,14.33,2018/4/5,330100,60e99808-75bd-43d2-81f9-8edc7bac4bcb
温州市,0000002P0000007W000000070000000X,2.17,2017/2/25,330300,eb2c427f-fc74-45c2-bbf0-e5d1fafca421
台州市,0000001A00000031000000070000000X,4.83,2016/12/15,331000,e48417ef-d400-4878-bc33-5cb3456b6730
绍兴市,0000000G0000003F0000000700000010,9.49,2017/9/19,330600,d5a87d69-5763-4083-822d-01a78164e1f7
宁波市,0000003100000081000000130000000X,178.67,2018/1/5,330200,818a0f61-bd5d-4eea-a823-55547f763cb2
宁波市,0000000C0000002Q000000030000000X,73.5,2019/3/5,330200,93d06480-d61b-41f6-a514-bfb54d745916
绍兴市,0000000H0000003P000000070000000X,24.33,2017/8/25,330600,7912f7d6-5037-4ed3-972c-57c08f190f5e
湖州市,0000000X0000007T000000070000000X,35,2017/11/15,330500,73a9891a-14ce-4c50-8894-28c07b61fd52
浙江省,0000000J0000003S000000070000000X,37.92,2018/12/25,330000,b881729f-1bcf-4ddc-80ee-47be790712f0
绍兴市,0000002200000038000000070000000X,3,2018/4/5,330600,2e3a52aa-f369-4276-be12-cefd293e8e6b
嘉兴市,0000000P0000003E0000000700000010,5.43,2018/1/30,330400,45b79b29-bf91-49b5-b451-320bcb4768bf
浙江省,0000000X0000007T000000070000000X,37.73,2019/1/25,330000,1839cf37-cd8d-461e-b077-fab2f75a8096
金华市,0000001200000031000000070000000X,3.67,2017/12/25,330700,a3b99e9e-cafd-4c57-bf3e-d17d800688b9
绍兴市,0000001E00000031000000070000000X,5,2016/12/15,330600,234a8436-127f-40d3-8e32-675feefd401d
嘉兴市,0000003100000081000000130000000X,79,2018/10/25,330400,b44deeef-ba26-403b-9069-16b412f013d6
台州市,0000000H0000002T000000070000000X,15.33,2017/2/5,331000,37565c6e-b2e6-4fb6-8286-f60f3021f97c
温州市,0000001K00000031000000070000000X,3.67,2017/8/15,330300,acdeb8d7-d050-441c-9dc8-cb15a8a7375b
丽水市,0000000H0000003P000000070000000X,24.33,2018/11/15,331100,efe6ab1b-167f-469c-acff-79bf8044f8ce
宁波市,0000001A00000031000000070000000X,4.07,2017/6/5,330200,f7aba54f-73f5-488c-83f6-5367a8caff83
杭州市,0000000P0000002W000000070000000X,5.77,2018/9/15,330100,6bd865d5-450e-4d4e-94ac-e0e1e54502aa
嘉兴市,0000000S0000002Z000000070000000X,9,2017/11/25,330400,4cada56a-12ca-41ca-a21f-274b97f682b2
温州市,0000000P0000002W000000070000000X,5.7,2017/12/25,330300,bd2bf90f-ef70-4a6a-8358-e105816350f2
嘉兴市,0000000S0000002Z000000070000000X,9.83,2017/5/25,330400,1dd10f67-5162-40c4-8d03-1d7a79fae4d5
宁波市,0000000X0000007T000000070000000X,40.33,2017/7/15,330200,1ca40be6-04f8-46de-a206-9d5443248a23
宁波市,0000000H0000003N000000070000000X,14.6,2018/9/5,330200,1ca65d27-309c-473e-a2ee-21be75cb7746
台州市,0000000G0000003F0000000700000010,9.5,2017/5/23,331000,9ae2de76-0db6-4a94-8aa8-1a94aa28185b
宁波市,0000000H0000003P000000070000000X,25,2018/4/25,330200,f7f853de-4274-47dd-87ab-c5cae69ba5e0
舟山市,0000002P0000007W000000070000000X,3.33,2018/11/25,330900,28ab71a8-a209-4ac9-9bbc-81d97e92b0dc
温州市,0000000C0000002Q000000030000000X,60,2018/9/15,330300,f1bf2a5e-f522-4e85-8808-4ccae333230d
湖州市,0000001200000031000000070000000X,4.17,2017/12/15,330500,ece6ac1a-756f-4b04-ae34-187c00d32e3a
衢州市,0000001E00000031000000070000000X,4.83,2017/10/25,330800,59147e73-2be9-47cd-a8f5-2d69be5d4487
湖州市,0000000G0000003F0000000700000010,10.1,2017/5/2,330500,8c05977f-a405-4640-b5f0-8ebb15bf27cc
绍兴市,0000001Z00000036000000070000000X,4.27,2018/1/25,330600,d6749ef0-7d97-445c-9987-ef83f23fcbba
宁波市,0000001K00000031000000070000000X,3.67,2018/6/25,330200,d52c945e-deb6-4b97-8df0-5cc708e93585
金华市,0000000M0000003V000000070000000X,13.33,2019/3/5,330700,37a5b46c-9146-438f-91d6-2a3f1781c992
温州市,0000000P0000002W000000070000000X,6.17,2018/11/25,330300,6f39c735-9650-4918-8677-64122899739d
嘉兴市,0000001700000031000000070000000X,3.33,2017/4/15,330400,2f53e71b-5d5b-41e8-b0d9-7dfe1d6b4e36
温州市,0000000X0000007T000000070000000X,55,2017/5/5,330300,fad16f54-22e0-45de-915f-8e113e082dbd
宁波市,0000000G0000003F0000000700000010,8.33,2018/7/3,330200,e0de91ad-affd-4ea7-b8b5-ba8d45e81d12
金华市,0000002P0000007W000000070000000X,3.9,2017/11/25,330700,e3f6171d-6ade-49b6-91cb-e34127e5a6b2
浙江省,0000001K00000031000000070000000X,4.25,2018/9/15,330000,1c91e417-bbb9-4eb3-8c3e-1f6dd7cf409d
衢州市,0000000G0000003F0000000700000010,10.6,2017/3/21,330800,690e4242-cc91-4c8e-8992-892c42af800f
湖州市,0000002200000038000000070000000X,4.17,2017/9/15,330500,a36aeedc-30dc-48af-98e5-b763ab99861f
衢州市,0000002P0000007W000000070000000X,3.06,2017/9/25,330800,2fe9c925-316f-46fd-829d-6ba0104fbf0c
宁波市,0000003100000081000000130000000X,138.33,2018/11/5,330200,82dc68be-7830-4897-961a-d05e2f4d041c
台州市,0000002200000038000000070000000X,3.17,2019/2/5,331000,3bb6dd39-1217-4024-9233-47fcef4dc832
台州市,0000000S0000002Z000000070000000X,10,2018/5/15,331000,4e014e38-fc85-41bc-9df2-54c119a86185
温州市,0000001A00000031000000070000000X,6.33,2018/9/25,330300,5d0c64b5-4ddd-4e59-8e07-f92c1d287c29
浙江省,0000002200000038000000070000000X,3.46,2018/9/5,330000,de762b2e-fe61-4643-af32-10eac91537ff
台州市,0000000X0000007T000000070000000X,30.67,2017/10/15,331000,bd664f5e-b5c1-4265-922b-4bcbe6aa6bcd
宁波市,0000003100000081000000130000000X,138.33,2018/4/15,330200,2507c664-8ae7-4479-abcb-87cb7a3c07c1
宁波市,0000000D0000002R000000030000000X,41.33,2018/4/25,330200,2a589b6b-8633-447c-be90-7a18f45c9b27
台州市,0000000H0000003P000000070000000X,26,2017/3/5,331000,2f09d6cb-8666-4689-9af8-4f492490f21c
金华市,0000001500000031000000070000000X,5.67,2019/2/5,330700,d9231434-a714-4d5a-9f68-b894bd3aa071
舟山市,0000000H0000003P000000070000000X,26.33,2017/2/5,330900,7985e126-a20e-4796-a7c8-5578f1987217
杭州市,0000000S0000002Z000000070000000X,8.6,2018/7/25,330100,19235b43-6581-4f3c-8d24-284b6fea1bee
浙江省,0000003100000081000000130000000X,94.13,2017/12/25,330000,f9941da8-64c2-46dd-8e3b-01b8fb10177f
宁波市,0000002200000038000000070000000X,4.27,2018/12/15,330200,edf8a6c9-a04f-4558-8a3f-182050c5fc01
温州市,0000002U0000007X000000070000000X,3.83,2017/4/5,330300,089d6243-9dba-4e32-abef-7e6347f0c7ed
杭州市,0000000S0000002Z000000070000000X,8.6,2018/6/15,330100,45536461-0548-4380-b8ed-71d8eb7a91ea
金华市,0000001K00000031000000070000000X,2.33,2018/4/5,330700,7b344fb4-e2a8-4a7c-a90f-d04b8ef0576c
温州市,0000000G0000003F0000000700000010,13.24,2018/10/2,330300,d05b64a5-4990-4741-b6de-387b69a60730
衢州市,0000000H0000003N000000070000000X,16,2019/2/15,330800,da4ce3f2-c118-4fdf-931f-b7d569cec3f3
金华市,0000000H0000003P000000070000000X,19.33,2018/3/25,330700,c023b14a-d3ba-4d4e-8b9a-2462d2b16c42
舟山市,0000000D0000002R000000030000000X,44.3,2019/1/25,330900,daa6daed-795b-4f3a-95a4-18205a100b73
台州市,0000000H0000003P000000070000000X,26.67,2017/2/5,331000,f65c3f40-f8bd-400b-8b94-a368dcd5eaf4
台州市,0000001A00000031000000070000000X,4.5,2018/5/15,331000,c422388c-368c-461e-9b56-b4008dd72328
衢州市,0000000Z00000031000000070000000X,4.33,2017/8/15,330800,550cc4f2-7ed9-4586-83b2-b9aa6a86f8a0
湖州市,0000000H0000002T000000070000000X,16.33,2018/2/25,330500,597f3db0-2ebf-477c-8dc1-11d6929154d3
温州市,0000002U0000007X000000070000000X,4.67,2018/9/25,330300,908151db-d591-459e-aac2-fa3a9ced584e
舟山市,0000000H0000002T000000070000000X,15.67,2017/1/25,330900,6ec9f81f-e963-4806-b184-3a0e2404dab5
丽水市,0000000J0000003S000000070000000X,36,2018/5/5,331100,5aafbcb7-f392-4272-88bd-8b16918dfa51
温州市,0000001K00000031000000070000000X,3.5,2016/12/25,330300,7fbd76b9-5a70-4684-ad7d-8e77e1bdb1c4
丽水市,0000001K00000031000000070000000X,3.67,2017/12/5,331100,c7143d55-ad06-4fea-aed1-6a53a341ceb7
台州市,0000001200000031000000070000000X,5.33,2017/2/5,331000,7566f1f3-371e-4ba0-b7d7-4b51f583d753
舟山市,0000000S0000002Z000000070000000X,11.67,2018/8/25,330900,e9ef7e9d-83a2-4b2e-bab2-601071693e6d
丽水市,0000001700000031000000070000000X,3,2017/4/15,331100,28c93488-7ae0-4f98-8ac1-4aaf92149742
宁波市,0000001Z00000036000000070000000X,6.57,2017/2/15,330200,d7f5cc2d-4ce7-471b-b7de-d3c090b3203c
湖州市,0000001E00000031000000070000000X,6.33,2018/9/5,330500,0736a9b7-a6e2-4e3d-a542-3488558755ab
浙江省,0000001700000031000000070000000X,2.7,2017/8/25,330000,ef645e99-b182-45f8-83ed-ca0adb0875e5
丽水市,0000000H0000003N000000070000000X,13.83,2017/3/25,331100,34829513-1f88-419c-b9a0-34f0d12688bf
台州市,0000000D0000002R000000030000000X,38.67,2017/9/15,331000,345f3bda-b94b-4d34-b38f-afe0290d15e9
绍兴市,0000001500000031000000070000000X,3.83,2017/6/5,330600,442cc74d-b16e-445d-9394-e0972f1cc9d2
杭州市,0000000D0000002R000000030000000X,45,2017/3/15,330100,95b16ca0-e5c7-4892-b773-c81871c13cd3
金华市,0000000P0000003E0000000700000010,4.3,2017/10/17,330700,f0bb3a64-d9f6-4834-9515-96738d90fac5
嘉兴市,0000002200000038000000070000000X,3.17,2017/3/5,330400,fc6bf965-d173-43b9-9fa4-97d5628da4a8
绍兴市,0000000J0000003Q000000070000000X,38.33,2017/8/15,330600,af0ddcab-13a2-4c0c-8f8d-de0c29994df9
舟山市,0000000X0000007T000000070000000X,46.67,2018/4/25,330900,828e31a7-da5f-4bbd-95ce-86a3cb4c7fe1
金华市,0000002200000038000000070000000X,2.4,2017/1/25,330700,0f8ec03d-e346-47e8-8e73-a5e12eddabe4
舟山市,0000001A00000031000000070000000X,6.33,2018/10/15,330900,9c88294d-8b50-4899-92b1-053b3da7c9d6
杭州市,0000001200000031000000070000000X,4.67,2018/9/5,330100,b5c8adc4-7671-4722-9d94-7e0274c0165a
舟山市,0000000D0000002R000000030000000X,44.97,2018/2/5,330900,70e99701-feed-4c5a-895d-3700070b5703
宁波市,0000003100000081000000130000000X,180.33,2018/3/25,330200,1703fe0f-cb61-45d8-8f55-c2172f76770e
绍兴市,0000000P0000003E0000000700000010,3.9,2019/2/5,330600,db31f9a9-1c60-4aa9-8a60-a95d42cb5bed
丽水市,0000002U0000007X000000070000000X,4.66,2017/4/15,331100,2314783e-8b79-4650-926b-bc612213e6c0
绍兴市,0000001400000031000000070000000X,9.17,2019/2/25,330600,c5a03ad9-c810-41f1-b003-098c912b289e
浙江省,0000000H0000003P000000070000000X,22.33,2017/5/25,330000,260369ce-b621-4d5a-9395-78005327a17d
台州市,0000000P0000002W000000070000000X,5.07,2018/4/5,331000,e848279e-b982-48f4-bb8a-7d8f1a52e48f
绍兴市,0000000H0000003P000000070000000X,25,2018/11/5,330600,1dafa7ee-915c-47cc-ba0d-3f4ce58cbe2e
台州市,0000000M0000003V000000070000000X,10.67,2018/12/15,331000,07b8dbae-1f08-4d26-8eb0-01f7ae179447
舟山市,0000000G0000003F0000000700000010,10.5,2018/8/28,330900,7f52a572-c9c7-4bf2-aaf2-8d22260acb8f
温州市,0000000H0000002T000000070000000X,17,2018/8/25,330300,1de200a2-39a2-4b49-ade4-947e490fdbc3
衢州市,0000000K0000003U000000070000000X,33,2017/4/5,330800,f0141f24-0b19-4510-a55f-8a1a025c4684
金华市,0000001400000031000000070000000X,4,2017/11/15,330700,47139255-3b3f-41b9-99a6-5806bc1ca37b
舟山市,0000001700000031000000070000000X,3.17,2018/2/5,330900,7f6dcd85-a81b-4625-9d13-612555b703a1
丽水市,0000002200000038000000070000000X,3.33,2018/3/25,331100,402ac145-c69a-417a-9392-80a2f08cce2f
温州市,0000000P0000002W000000070000000X,4.4,2017/2/25,330300,7cd32246-338e-4976-a6a9-610f4907cb23
湖州市,0000001400000031000000070000000X,6.17,2019/1/5,330500,a43c8e65-aec5-4350-9d92-76f1d132f9f1
衢州市,0000000J0000003Q000000070000000X,38,2018/5/5,330800,e1da47b5-1284-481d-94ba-3ea1b7275089
丽水市,0000000M0000003V000000070000000X,9.33,2017/6/25,331100,8cd8e6f7-5eb7-4223-9ba7-68d3cebf14c7
杭州市,0000001E00000031000000070000000X,5,2017/11/15,330100,85e147ec-0064-4c62-8af1-ace222b5a156
绍兴市,0000000P0000002W000000070000000X,5,2017/1/15,330600,dc04d70d-1565-4678-bcdc-b0248f339ff0
舟山市,0000000D0000002R000000030000000X,43.63,2017/6/15,330900,06fc002a-5631-41b6-9b48-ca38fb1a1e3f
嘉兴市,0000000C0000002Q000000030000000X,66.33,2017/8/5,330400,b44dd8a7-57b3-4efd-9936-46d2d20a9c97
台州市,0000001200000031000000070000000X,3.67,2018/10/15,331000,b37b5ab1-d2d3-4fec-bb50-9003c3344510
浙江省,0000000J0000003S000000070000000X,34.74,2017/3/5,330000,58a238c9-15a6-4975-ab34-1aced71943c1
宁波市,0000001200000031000000070000000X,4.3,2017/4/15,330200,01d9ef22-0508-4934-9134-c23c7e49ebb9
舟山市,0000001E00000031000000070000000X,5,2019/3/15,330900,7df9a475-8219-4f20-af11-dd8072859785
宁波市,0000000H0000002T000000070000000X,15.67,2017/6/25,330200,989d96b5-7bdd-49d7-ae98-10898a79f503
浙江省,0000001K00000031000000070000000X,4.21,2017/9/5,330000,2188b836-9815-4b09-8e6e-52056a53fd16
杭州市,0000000K0000003U000000070000000X,36,2018/11/25,330100,c9a3a51d-0266-48f1-806d-5bef4ff04024
衢州市,0000000H0000003P000000070000000X,22,2018/3/15,330800,135ecf77-3c70-4ca0-8e11-6a18fa54a643
丽水市,0000000H0000003P000000070000000X,19.33,2017/10/5,331100,66838e77-84eb-46bb-916d-619508794f28
舟山市,0000002P0000007W000000070000000X,3.33,2018/6/5,330900,d75206c1-028d-45b7-b4fd-6180c18bc5c9
金华市,0000000Z00000031000000070000000X,2.5,2016/12/25,330700,528abd12-c438-4088-aac0-0c34e48d4f2e
浙江省,0000001K00000031000000070000000X,3.18,2017/2/15,330000,de028739-99f3-4402-ae56-737f27b69d82
台州市,0000001500000031000000070000000X,5.33,2018/9/25,331000,fbf210d2-beca-4a33-98a0-9dfb2af519c7
宁波市,0000003100000081000000130000000X,178.67,2017/11/25,330200,56fedb5a-2533-4486-b10b-fbdb98e22d69
湖州市,0000002U0000007X000000070000000X,3.6,2017/8/5,330500,808a9897-b6b9-4b7c-a172-e46a91145225
嘉兴市,0000000P0000003E0000000700000010,5.33,2018/10/23,330400,be8e0de3-14a5-4c3b-818e-1a80976eb90d
金华市,0000001200000031000000070000000X,2.83,2017/5/15,330700,664b2a29-299c-445b-b87a-8a099c8c2c33
衢州市,0000000H0000003P000000070000000X,21.67,2018/8/5,330800,14ed92cf-09c3-4bb0-ba5b-513a54404b87
丽水市,0000000Z00000031000000070000000X,3.17,2019/1/15,331100,a9a3b9e9-4e09-4027-a9c1-ba407a676d33
湖州市,0000001Z00000036000000070000000X,5.67,2018/3/5,330500,ed701a86-93fb-405f-ba58-0bc4dcbd35d9
绍兴市,0000001200000031000000070000000X,3.67,2017/12/25,330600,e82f2fdf-bb36-4153-896d-c5a46cb91c43
舟山市,0000000P0000002W000000070000000X,4.5,2017/4/5,330900,4cdcc86d-99f9-4f70-a6b7-2c6ade441d16
丽水市,0000001700000031000000070000000X,2.33,2018/12/5,331100,9959c4d5-4e4f-4c15-a2eb-9aac471bd5c7
衢州市,0000002200000038000000070000000X,2.67,2018/4/15,330800,3ac7b7da-a362-4a5f-aae0-3af258b4464d
浙江省,0000000K0000003U000000070000000X,35.88,2018/3/25,330000,d846ab23-44f8-42ef-bd2b-33020ffa2a5b
宁波市,0000000J0000003S000000070000000X,32.33,2018/4/25,330200,6a8fdd23-0929-49c9-906d-779177b32d90
宁波市,0000000X0000007T000000070000000X,39.67,2017/12/25,330200,102cdc14-5f19-4b03-ba3c-0881a84bf46a
浙江省,0000000J0000003Q000000070000000X,40.07,2017/11/5,330000,a80197c6-d3d2-41d3-afb7-b9807e13d51d
舟山市,0000001A00000031000000070000000X,5.67,2018/9/15,330900,73675a5d-5c9e-439f-b8e9-a660dc7a0fb8
浙江省,0000000P0000003E0000000700000010,4.04,2018/6/19,330000,8e328e3c-3973-45b7-8d59-d8baf54f7266
舟山市,0000001E00000031000000070000000X,5.67,2017/8/25,330900,395d3680-4667-4e85-8a62-d72660ebc786
温州市,0000002P0000007W000000070000000X,2.17,2017/6/25,330300,7325281c-a82b-4d7c-9258-30a0e2378d4a
杭州市,0000002P0000007W000000070000000X,2.87,2017/9/15,330100,6288020d-9f98-45ee-9267-7e7fc62b7b10
台州市,0000002P0000007W000000070000000X,3.45,2018/7/25,331000,54f9b407-9036-4d3c-b7b5-718a5609a911
台州市,0000000H0000002T000000070000000X,11.67,2018/6/5,331000,7bbde455-0abb-446d-9248-e668bb2954ad
台州市,0000000C0000002Q000000030000000X,63.33,2018/10/25,331000,b86f9962-8d17-4d39-854d-12c4e11f8068
浙江省,0000000G0000003F0000000700000010,9.58,2019/3/5,330000,073cc9a3-e8d4-4d1c-9730-0b66ebbcddf6
丽水市,0000000H0000002T000000070000000X,15.67,2017/1/5,331100,369cfa9f-9681-4418-b395-0d89a531aec5
台州市,0000000J0000003Q000000070000000X,38.33,2017/3/15,331000,53373946-425e-4e15-8c3b-9530cc2536ce
温州市,0000000S0000002Z000000070000000X,9,2017/3/15,330300,b431ab08-7cb0-46e8-8b4f-4742ecfecf11
温州市,0000001700000031000000070000000X,3.17,2018/10/5,330300,28bf5d59-f2b7-4067-9932-298fef0bdc16
温州市,0000000D0000002R000000030000000X,46.67,2017/5/5,330300,c646d1c1-c655-4eed-af88-142dc473bc07
宁波市,0000002200000038000000070000000X,3.93,2018/6/25,330200,27f65cac-c7b4-44cb-8491-2c2322b3883b
台州市,0000000P0000003E0000000700000010,4.95,2017/8/22,331000,cf665662-8ece-4202-86ad-7a2955715777
金华市,0000001400000031000000070000000X,4.83,2018/4/25,330700,5a91e870-23bd-488f-9da3-2ff36f0bdbce
浙江省,0000000Z00000031000000070000000X,4.01,2018/5/15,330000,8d6999be-eb74-47a1-a134-f360785bbfaf
浙江省,0000000H0000003P000000070000000X,23.55,2017/3/5,330000,5e115828-f443-434c-8dd1-89fecf6b045c
温州市,0000000P0000002W000000070000000X,4.5,2017/4/15,330300,3f275f7e-9185-48e4-805f-4b55221fde22
浙江省,0000000D0000002R000000030000000X,44.48,2017/4/25,330000,4e8771e2-1765-409c-90be-a2f810907e2d
金华市,0000000G0000003F0000000700000010,10.3,2018/11/6,330700,4964c5bd-4f38-459a-baa3-4689db875a01
舟山市,0000001A00000031000000070000000X,3.67,2017/7/5,330900,ecf63ed5-fef9-454c-a075-06c8d3d15829
衢州市,0000000X0000007T000000070000000X,24,2018/8/25,330800,7ad5414b-1999-4b98-afed-c1fb802b3888
湖州市,0000001700000031000000070000000X,3.17,2017/8/15,330500,25cf8cb2-4325-4d78-ba67-4695aca34e60
杭州市,0000002P0000007W000000070000000X,2.58,2017/1/25,330100,e5534bcd-ef82-4ea4-ab01-ba0d9fe38f5e
宁波市,0000000H0000003N000000070000000X,14.67,2017/7/25,330200,0d1be4f6-dda6-4d79-bc3c-650a102d6ea5
嘉兴市,0000002P0000007W000000070000000X,3.2,2017/6/15,330400,65aa792b-4b83-418f-b4e0-24a6ab493d0b
宁波市,0000001K00000031000000070000000X,4,2017/10/15,330200,fd5325bb-90a5-4266-895b-737cc5df00dc
衢州市,0000001Z00000036000000070000000X,5.33,2018/10/15,330800,c0624a6c-07d4-46bf-acb8-33ac5fa4abe8
金华市,0000000P0000003E0000000700000010,4.4,2017/10/31,330700,4cb39c39-13b4-44c9-b18f-6b9dfaba35b5
浙江省,0000000P0000002W000000070000000X,4.31,2017/4/15,330000,5baf6fd0-cc99-41ca-8511-3d7844941598
丽水市,0000002U0000007X000000070000000X,3.66,2018/4/15,331100,8ccd3408-9955-42b7-80dc-f66ce5b0b6bb
金华市,0000000G0000003F0000000700000010,11.2,2019/1/15,330700,5224732f-df26-4589-972f-00cfa25aa153
浙江省,0000002U0000007X000000070000000X,4.31,2018/6/25,330000,104ff1f6-1933-49d1-b62e-69c267a9b923
浙江省,0000001E00000031000000070000000X,3.63,2017/5/5,330000,654e365c-3b9a-4298-a3a8-2bdf5ea7a31a
杭州市,0000000H0000003N000000070000000X,15.67,2017/9/5,330100,0f0a51bf-663e-4f43-8e9d-c3c478f307c0
绍兴市,0000000G0000003F0000000700000010,8.5,2018/7/10,330600,c929b122-d162-46ef-a513-17d035752972
丽水市,0000000K0000003U000000070000000X,37.67,2017/1/5,331100,478dd607-00a5-4495-86fb-569f4b3ef6c4
杭州市,0000000J0000003Q000000070000000X,42,2018/4/25,330100,0dea16e3-694a-4ecf-8c70-3110322ee404
嘉兴市,0000000Z00000031000000070000000X,4.17,2017/6/5,330400,d26a105f-80fd-4b29-8fd0-8cfc431a441f
温州市,0000002U0000007X000000070000000X,3.83,2017/4/15,330300,ab0eed35-6e11-458e-9372-b2b380d88b73
舟山市,0000002P0000007W000000070000000X,3.1,2017/6/15,330900,994c3352-09d4-4d43-8d45-78808fff1884
杭州市,0000000D0000002R000000030000000X,46.33,2016/12/15,330100,5aaac3e8-05cb-4acb-9c24-8a9137d6ac94
金华市,0000000P0000003E0000000700000010,4.7,2017/9/5,330700,2ea1e6e0-6ed6-4ed7-9662-a728f9e6bce5
绍兴市,0000003100000081000000130000000X,66,2017/3/25,330600,d22c3ea1-6dd5-4ca7-9a41-516ee6362bb1
舟山市,0000000P0000002W000000070000000X,5.17,2018/1/15,330900,39a3918a-74c0-43d1-a105-4ae08378c872
嘉兴市,0000000P0000003E0000000700000010,3.97,2017/7/18,330400,d153b4e9-b515-4c74-8e67-738371f3bde4
丽水市,0000000P0000003E0000000700000010,5,2017/9/19,331100,081a43ee-e63a-45e9-9157-20c709ba7d95
舟山市,0000002P0000007W000000070000000X,3.33,2019/1/25,330900,6433854b-4450-447d-b9e0-66c3beadf43d
嘉兴市,0000001400000031000000070000000X,5.83,2017/1/15,330400,deecd108-52ef-4e19-a54b-fe299ea7718e
金华市,0000001A00000031000000070000000X,6.67,2018/3/15,330700,69b8fa2f-ef47-4c16-be3e-3782e2c7e3f8
嘉兴市,0000001A00000031000000070000000X,6,2019/1/25,330400,8a8b7ff9-6056-4abd-8114-6037b22cebf3
温州市,0000000C0000002Q000000030000000X,60,2019/1/25,330300,d9ecf55e-dc42-483b-a3b8-33519d0d5360
杭州市,0000000K0000003U000000070000000X,36,2018/10/15,330100,2ce43097-93b6-4a7c-83ef-7a41ae5c6791
舟山市,0000002U0000007X000000070000000X,5,2017/1/5,330900,629c1af0-ddb6-4f27-be7e-6a729bc4403e
绍兴市,0000001700000031000000070000000X,2.5,2017/5/5,330600,25b10139-7fa7-4f7c-9fff-1fbcd882eeed
杭州市,0000000G0000003F0000000700000010,7.96,2018/6/5,330100,f0024597-3bf0-4423-a00c-16c8d2af6842
杭州市,0000000K0000003U000000070000000X,35.33,2018/7/5,330100,90ba2ad5-6287-49ef-9553-2cba5e01865b
丽水市,0000003100000081000000130000000X,84,2018/1/15,331100,d437265f-100d-44f9-9664-bba7f3128e27
绍兴市,0000001700000031000000070000000X,2.5,2019/3/5,330600,bfcc7a62-a549-4d24-9c1a-c028c99543e4
浙江省,0000002U0000007X000000070000000X,4.32,2019/2/15,330000,77826461-6b9c-4277-90d9-86c92795bb4f
浙江省,0000001K00000031000000070000000X,4.34,2018/9/25,330000,47d94020-6663-4392-94e0-bbab997a6cf6
温州市,0000001K00000031000000070000000X,4.5,2017/8/25,330300,4adf806b-b9b3-49c3-beef-ebf545d56547
湖州市,0000000H0000003P000000070000000X,18.67,2018/2/5,330500,c2020551-0c1f-4e0a-90a1-26be37621b86
宁波市,0000001Z00000036000000070000000X,6.5,2017/11/25,330200,8808aeb8-a935-4fb9-b5b4-60eadaa11d6e
衢州市,0000000X0000007T000000070000000X,24.67,2017/8/5,330800,3edeaf6c-cf99-4998-922c-1739313ff5d7
台州市,0000002200000038000000070000000X,3.17,2017/6/25,331000,3bc5a00e-9c0c-4f80-97af-e6e45a680f88
绍兴市,0000000P0000002W000000070000000X,6.17,2018/9/15,330600,873de55a-2a6c-4271-b8fc-2f6f81a161c4
绍兴市,0000000P0000002W000000070000000X,5.17,2018/7/5,330600,4a4101f5-c16a-455b-a77f-fff1fefdd89c
浙江省,0000000D0000002R000000030000000X,44.97,2017/3/25,330000,f7194127-3d78-4a8e-910a-bb8d853f8971
浙江省,0000000H0000003P000000070000000X,24.02,2019/1/5,330000,d519b726-8523-4dbb-8eb9-349746a3168d
浙江省,0000001Z00000036000000070000000X,6.13,2017/9/5,330000,ca25b633-9930-4948-9fd9-75252d6438e2
杭州市,0000000P0000003E0000000700000010,3.4,2017/3/7,330100,0dc7c7da-6cf6-41fd-b27e-fad4b4a1b01a
绍兴市,0000000J0000003Q000000070000000X,38.33,2017/11/15,330600,b6635b66-95db-48af-a11a-03b7de0b915e
丽水市,0000003100000081000000130000000X,84,2017/3/15,331100,896ab1f9-f60e-414a-93a1-897edf7e0324
浙江省,0000000Z00000031000000070000000X,4.58,2018/1/25,330000,ce021737-bff6-41cb-9992-1837f1a2d69d
湖州市,0000000H0000003P000000070000000X,18.67,2018/2/15,330500,0551706d-fc00-49ab-ae4a-e8aa7ad91995
金华市,0000002U0000007X000000070000000X,3.93,2018/9/15,330700,75f5781f-725b-41a7-b8f3-47d9faa68ec0
舟山市,0000000G0000003F0000000700000010,10.5,2017/10/3,330900,31f93be0-4060-469a-85a3-b494e7a681dc
舟山市,0000001200000031000000070000000X,5.83,2019/3/5,330900,a20d4314-663b-45f2-a919-03a327104334
衢州市,0000000P0000003E0000000700000010,4.9,2017/9/12,330800,4b90e7dd-0ec1-4ecc-a140-1704125e1bee
宁波市,0000002U0000007X000000070000000X,4.7,2017/11/25,330200,3c7a4aff-68f2-44f1-96be-f3fc320b9bad
温州市,0000000P0000003E0000000700000010,4.63,2017/9/12,330300,90ddac15-4eee-4f88-abea-31e3646689da
嘉兴市,0000001200000031000000070000000X,4.33,2017/11/15,330400,769a74df-21ad-4608-a9e2-ab2b11e06936
浙江省,0000000C0000002Q000000030000000X,63.92,2019/2/5,330000,41fc3552-63e6-454c-b633-5c79c9d54003
浙江省,0000002200000038000000070000000X,3.15,2017/1/25,330000,a931feaf-ea25-4487-b4f6-ec75cd0afdd2
金华市,0000000H0000002T000000070000000X,13.33,2018/7/15,330700,a7c2ade0-a951-490a-9310-96a7f7021181
湖州市,0000000J0000003Q000000070000000X,38.33,2017/7/15,330500,4b82e0a1-58ae-4296-bb99-e32b217d25d5
温州市,0000003100000081000000130000000X,63,2018/8/25,330300,c4e897a4-e894-4fdb-baf6-057bd3d09da7
宁波市,0000000K0000003U000000070000000X,32.5,2017/7/5,330200,e7cc1d8d-6d32-4490-827e-f14cbbba7247
杭州市,0000001K00000031000000070000000X,3.3,2017/7/25,330100,3f98f0aa-20ad-4e05-8f72-130accd92082
丽水市,0000001700000031000000070000000X,2.83,2018/4/25,331100,74623c58-5b7d-4660-b9fc-7f4c972f8f40
绍兴市,0000000S0000002Z000000070000000X,8.17,2017/12/5,330600,885c18dd-861e-4cc7-8313-2cf1128a4a80
台州市,0000000X0000007T000000070000000X,30.67,2017/9/25,331000,3f5c4bed-a4d6-47bd-930d-d399e40ad229
台州市,0000000J0000003Q000000070000000X,41.67,2019/1/5,331000,6356b523-cc1f-4404-802c-c507e13165d1
台州市,0000000H0000003N000000070000000X,11.33,2018/3/5,331000,75af4854-ee5b-44f9-8d3e-f373772c387b
衢州市,0000002200000038000000070000000X,3,2017/4/25,330800,44c564cf-aec1-4fa6-8cc4-150c7754aa9e
绍兴市,0000000P0000003E0000000700000010,3.5,2018/4/17,330600,afd8db4e-0afb-4b7f-916d-c3ef79f885b3
台州市,0000000H0000003N000000070000000X,13.83,2017/4/5,331000,c0c1785a-298b-4cfc-b897-8a42a6581419
宁波市,0000000H0000003P000000070000000X,25.83,2017/10/25,330200,8133e4aa-df00-4492-b8f9-5f292c25c1d4
温州市,0000001400000031000000070000000X,10.33,2019/2/15,330300,58ad7669-fe09-44dd-99ad-fbce5cd47e0e
温州市,0000001400000031000000070000000X,6.67,2018/4/25,330300,ec29d077-4558-497a-be3f-8cdff9326d23
舟山市,0000001K00000031000000070000000X,3.17,2017/11/15,330900,8a5302e9-eb8e-42e6-89a9-1d989d0cb222
湖州市,0000001Z00000036000000070000000X,5.67,2018/6/5,330500,56086463-c35b-491c-830a-c3f0ccde7d58
浙江省,0000000H0000002T000000070000000X,14.26,2018/5/15,330000,bf89c65c-e787-422f-ade3-4b6b1bb15747
绍兴市,0000001K00000031000000070000000X,2.67,2018/11/5,330600,f3989746-fb0b-4e9a-b3e8-fb5c7108d462
丽水市,0000000J0000003S000000070000000X,34.33,2017/6/5,331100,5e6bd03a-5e06-482e-951d-b9c36231bf14
衢州市,0000000Z00000031000000070000000X,5.67,2018/9/15,330800,dccb1c7f-f41a-4c3c-946a-956363fab073
丽水市,0000000J0000003Q000000070000000X,39.33,2018/3/15,331100,d3c9a3be-2aa9-4a1f-8239-806383b08b73
湖州市,0000000S0000002Z000000070000000X,9.33,2017/8/15,330500,15338467-f5de-4305-918c-c6a3e28032c0
宁波市,0000000J0000003Q000000070000000X,41.33,2018/2/5,330200,e81ed3f7-535a-486e-9efa-dc591e4029b9
嘉兴市,0000001Z00000036000000070000000X,5.67,2017/6/5,330400,8ab34b1b-11fe-49ab-abfb-ac9d81ae394d
台州市,0000000P0000002W000000070000000X,5.03,2018/6/25,331000,d8464606-56d4-4430-8bb9-dea7ef1bc0e6
浙江省,0000000H0000003N000000070000000X,13.83,2018/3/15,330000,f64beaf7-114a-497e-9652-a08f3d08ed4a
金华市,0000001A00000031000000070000000X,6.33,2017/9/5,330700,d00b7721-dbb8-442f-9137-78da90f28b4f
绍兴市,0000000H0000002T000000070000000X,13.67,2018/8/25,330600,50ff1816-6214-45d9-94c7-4e182c215b82
嘉兴市,0000002200000038000000070000000X,2.67,2018/7/25,330400,291e264f-4338-45f7-a15b-f1605445c779
湖州市,0000000P0000003E0000000700000010,2.5,2017/5/2,330500,6ea6b1ac-f1ff-407d-9732-93b25d9629bb
绍兴市,0000001E00000031000000070000000X,4.33,2018/7/5,330600,0d847540-d891-4fff-9611-3d2af763e611
浙江省,0000000H0000003P000000070000000X,20.7,2018/6/15,330000,3cfabcdf-a881-42ab-b88b-3a53f5322307
丽水市,0000000H0000002T000000070000000X,18.33,2018/11/15,331100,19327b5c-44fd-4da0-bb8e-f056d2a68dbb
绍兴市,0000000C0000002Q000000030000000X,62,2017/3/25,330600,2eb37efa-c9fb-40f8-9e60-b8effab07dc9
杭州市,0000000H0000003P000000070000000X,19.83,2018/9/5,330100,30cd3566-2cc8-407b-a328-07b8e40cf5a4
宁波市,0000000K0000003U000000070000000X,34.33,2018/7/15,330200,dfb336ba-8d29-466d-9ac1-84fff6add6bf
丽水市,0000001500000031000000070000000X,4,2018/5/15,331100,676d5931-c76f-4b77-9fa0-f674e886c8dd
舟山市,0000002P0000007W000000070000000X,3.33,2019/3/15,330900,e56c6450-3399-40d0-87b1-1f518af90a57
舟山市,0000000C0000002Q000000030000000X,50.3,2018/7/25,330900,94493d8a-0fd9-47bb-b3ed-fa2c453937eb
衢州市,0000000M0000003V000000070000000X,11.67,2017/12/5,330800,fb6a7307-9cb9-4af3-bcc0-574987833de7
嘉兴市,0000000J0000003S000000070000000X,33.67,2019/1/25,330400,65386a47-b8d1-4765-b5d5-b6464e59f64c
嘉兴市,0000001E00000031000000070000000X,3.67,2017/5/5,330400,71c4d51a-6b20-411f-ad0e-a82813d62d49
丽水市,0000001K00000031000000070000000X,3.67,2018/3/5,331100,8b401429-8e03-4fbc-91bc-d3608c65db43
浙江省,0000003100000081000000130000000X,94.04,2017/10/5,330000,73762131-9fb7-4c88-a1bb-e48cb62eaeff
宁波市,0000000S0000002Z000000070000000X,8.07,2017/1/5,330200,dd6a6be9-46c6-478f-a31d-aac9c8dbe6f2
嘉兴市,0000002200000038000000070000000X,3.5,2017/4/15,330400,67a5ed93-5c03-44eb-b26a-38961ca6d020
绍兴市,0000000H0000002T000000070000000X,14,2017/12/5,330600,5fbc3f8d-0e1c-445d-94e3-7b6993803a9f
嘉兴市,0000000G0000003F0000000700000010,11.1,2017/2/14,330400,4c99104b-6132-41b9-8dac-5ed4c1484c78
舟山市,0000001E00000031000000070000000X,3.83,2017/5/25,330900,a239c23f-e8f8-4f5c-89d9-1c278438c40f
衢州市,0000000G0000003F0000000700000010,10.04,2019/2/12,330800,255e48c5-2768-46dd-923b-790284d37530
金华市,0000002P0000007W000000070000000X,3.9,2018/2/5,330700,d0d80a55-3228-4fde-a9ca-22d457d82112
丽水市,0000000Z00000031000000070000000X,4.33,2018/6/15,331100,62dd078c-c838-4d67-aac8-843ece163e0d
湖州市,0000000G0000003F0000000700000010,9.6,2018/2/27,330500,1ea3b48a-2e0d-4e12-bee9-a125cd00ce7f
浙江省,0000000P0000002W000000070000000X,5.64,2018/1/25,330000,a1fe3619-ac8a-4907-aa4e-9ce806d598d6
绍兴市,0000001400000031000000070000000X,5,2018/4/25,330600,e1ab4965-dab9-48df-8f89-70bea8f4948b
丽水市,0000000D0000002R000000030000000X,54.6,2018/12/5,331100,de933a3a-3cfc-4a55-8225-7f298412694e
丽水市,0000001500000031000000070000000X,4.83,2017/4/25,331100,34054bed-426a-4e8a-a168-8922aa84b5e8
绍兴市,0000000G0000003F0000000700000010,10.1,2018/2/6,330600,fc0d8c6f-5148-4236-afe1-49d092c63bb8
宁波市,0000001Z00000036000000070000000X,6.27,2017/8/25,330200,4fc3ed83-5cdb-42a3-a682-0883f0e8eafc
衢州市,0000000P0000002W000000070000000X,5.67,2017/12/25,330800,41bd79fa-dd4b-4707-8e2f-faf46dad5252
丽水市,0000000H0000003N000000070000000X,11,2018/6/5,331100,46163739-9a0a-42e1-af2e-946b16fa6662
金华市,0000001700000031000000070000000X,2.67,2019/1/5,330700,5f22426d-890d-48b1-9756-a382d0fd756d
台州市,0000000X0000007T000000070000000X,35,2017/5/5,331000,735695fc-b2fa-49ec-9eb6-ae5aaa07a5e9
杭州市,0000001400000031000000070000000X,6,2018/6/5,330100,59741178-40ec-4690-87de-bd94c5683958
台州市,0000001A00000031000000070000000X,5.33,2017/1/25,331000,2a9b1fa8-d7ae-46de-aab3-60fc5d94231f
杭州市,0000000G0000003F0000000700000010,7.76,2018/3/13,330100,2c717e3e-b9b8-4153-89ea-c2a6aa5b332c
衢州市,0000000P0000003E0000000700000010,4.35,2017/8/15,330800,77f24e30-5ade-41e5-9a25-566709208000
丽水市,0000000P0000003E0000000700000010,4.5,2018/10/9,331100,cf79b672-d2c2-42ef-a77a-15db75f20606
温州市,0000002U0000007X000000070000000X,4,2017/6/5,330300,b3cff946-ed80-44a0-a8df-68b08ccd2d43
浙江省,0000000J0000003S000000070000000X,34.99,2018/6/15,330000,59ef51b2-385f-44c9-8130-7146377e3352
宁波市,0000001200000031000000070000000X,4.17,2017/11/25,330200,9d7e939d-689f-4514-ba0a-a249d141012b
绍兴市,0000001Z00000036000000070000000X,4.33,2017/9/5,330600,66c238fe-4302-4a1c-a2de-e5abe701ebac
宁波市,0000000K0000003U000000070000000X,32.5,2017/8/15,330200,a9ad931b-c3b8-4c2f-894f-8470b5f66793
丽水市,0000000D0000002R000000030000000X,54.6,2017/11/5,331100,fd9f57ba-e6bf-4c09-86f0-e5668fb82193
嘉兴市,0000000X0000007T000000070000000X,32.33,2017/3/25,330400,a398decd-7f8f-4337-95e3-57d45ab417da
舟山市,0000000Z00000031000000070000000X,3.17,2017/2/15,330900,5db6d036-cac8-4049-a36e-e194296361f1
台州市,0000000J0000003Q000000070000000X,41.67,2019/3/5,331000,c7d46f89-19ae-4d29-84f7-cd759b4de77d
绍兴市,0000000Z00000031000000070000000X,5.17,2018/7/25,330600,ceaff4c0-eb7a-4bce-99de-33300650c19e
丽水市,0000000C0000002Q000000030000000X,70.23,2018/4/15,331100,6f66bedc-0e5a-4d23-a152-e9c118585259
杭州市,0000001200000031000000070000000X,6.33,2019/2/15,330100,ca68d3df-81d5-47cc-af94-8401e68bc1ca
杭州市,0000000H0000002T000000070000000X,16.67,2019/2/15,330100,cba8b962-071c-4458-99b4-ec045b24bc5b
舟山市,0000000D0000002R000000030000000X,44.97,2017/9/5,330900,50dd4569-6fac-4e23-b21e-da889038fa95
温州市,0000001E00000031000000070000000X,3.67,2017/4/15,330300,45c2dbc4-434d-4057-85f8-d44cbd21a636
绍兴市,0000001500000031000000070000000X,4.17,2017/3/25,330600,86e78afd-24cf-4e7a-b7ca-9215b7b0829a
宁波市,0000000K0000003U000000070000000X,32.67,2017/3/25,330200,fb261b40-0518-445e-814a-e09e58e69544
衢州市,0000001400000031000000070000000X,5.33,2018/12/15,330800,bad91532-7827-4971-b635-9581f552cb80
舟山市,0000000X0000007T000000070000000X,36.67,2018/11/15,330900,fdc0cfaf-4748-4fc6-9e88-4271315dea55
舟山市,0000001A00000031000000070000000X,4.83,2017/9/25,330900,18f4acc8-839a-4b39-87b7-e3aba9043130
宁波市,0000000C0000002Q000000030000000X,74.33,2018/4/25,330200,0bbe9d53-7343-4a2a-b823-358150d0de93
舟山市,0000000P0000003E0000000700000010,4.6,2019/2/26,330900,9f2f9bca-a9ec-4b2c-ae17-40c68b9b02e3
衢州市,0000001700000031000000070000000X,2.67,2017/10/15,330800,7af950dc-5c1b-4447-8d93-f75174ea001e
丽水市,0000001K00000031000000070000000X,3,2017/5/5,331100,d2920090-d6de-480d-8ff2-643bb979132f
浙江省,0000000P0000003E0000000700000010,2.73,2017/5/16,330000,aed1fed0-40fb-42da-8af7-4d8462185173
宁波市,0000000H0000003N000000070000000X,14.27,2018/12/25,330200,f7a67a8d-3931-4e81-bb44-a649c3fd539a
温州市,0000000K0000003U000000070000000X,48,2018/12/5,330300,0531979a-c475-45ac-841b-0baca40dd45e
嘉兴市,0000000X0000007T000000070000000X,31.67,2018/7/25,330400,d737a6dd-1031-4dbf-9e2a-58c2fe5a9878
杭州市,0000001500000031000000070000000X,4.57,2017/6/5,330100,a8580241-df9d-4865-9142-1ac6409ede30
杭州市,0000002U0000007X000000070000000X,4.17,2017/3/5,330100,51749d56-1640-4226-be62-3b4041ae7db3
台州市,0000000H0000003P000000070000000X,25.67,2017/3/25,331000,763cdf0b-9901-4392-9087-8a131a4205fa
舟山市,0000000H0000003P000000070000000X,25.67,2018/1/25,330900,98efaffd-fefc-458e-822b-4172793855bb
嘉兴市,0000000H0000002T000000070000000X,17,2019/2/15,330400,5302c6e8-2da6-4672-8dd3-9c88098d12e3
台州市,0000000H0000003P000000070000000X,21.67,2018/5/25,331000,cb2dff1f-9398-452d-a4b3-90bed152e207
湖州市,0000002200000038000000070000000X,4.33,2017/3/5,330500,9b092f4e-59aa-41a5-aec4-a30e33af2afa
舟山市,0000001700000031000000070000000X,2.83,2017/6/15,330900,b3c8bb28-eaad-4308-bf1e-605cec5697a0
浙江省,0000000K0000003U000000070000000X,35.88,2018/4/5,330000,f471115d-be8b-4f52-8810-e5a4ec06ac29
杭州市,0000001Z00000036000000070000000X,6.37,2018/5/25,330100,4db6922d-d630-4055-8643-34bf76d1d401
嘉兴市,0000001A00000031000000070000000X,5,2016/12/15,330400,c7b18ef6-6a5e-488b-8139-a13a86debc43
绍兴市,0000002U0000007X000000070000000X,4.83,2019/2/25,330600,f31bb874-01b8-4d74-89a6-0a9fb0ab3cc8
浙江省,0000000S0000002Z000000070000000X,9.11,2019/2/25,330000,2813bda3-bf06-45ab-b80c-d70f2092e597
嘉兴市,0000000H0000002T000000070000000X,18,2018/10/15,330400,10f2263c-6c8e-40bd-bc66-d8d560957222
金华市,0000001K00000031000000070000000X,1.67,2017/4/15,330700,dcf6a206-8887-4f9c-87ee-1d16c5f8bedb
衢州市,0000000Z00000031000000070000000X,4.17,2017/7/5,330800,6e1db160-470d-4a90-aa72-da8e296ff5fa
衢州市,0000001700000031000000070000000X,2.83,2017/5/5,330800,c3cfc703-7c35-43e3-abe5-936d3a2a4e62
金华市,0000000H0000003P000000070000000X,20.33,2017/10/5,330700,573e36d1-448d-4967-a28a-8c2050ace65b
舟山市,0000000D0000002R000000030000000X,44.97,2018/5/15,330900,bc6b3aa0-2eee-45b4-adb3-75d72de1c9f9
绍兴市,0000000J0000003S000000070000000X,36.33,2018/11/5,330600,8b844e34-55c9-44a7-9b39-edea513f8560
杭州市,0000000S0000002Z000000070000000X,8.5,2017/5/5,330100,52ef9010-1905-4f0b-944c-2d12b38893ab
金华市,0000001E00000031000000070000000X,2.67,2017/3/25,330700,d8d1c71c-18c2-4215-a230-722deb54840d
杭州市,0000000S0000002Z000000070000000X,8.6,2018/8/25,330100,7e8c7a6d-86cf-458e-bb50-6c7c15c23105
衢州市,0000001500000031000000070000000X,4.67,2016/12/15,330800,5d507472-1da0-462d-97d1-b2a822232aeb
台州市,0000001200000031000000070000000X,4.17,2018/3/25,331000,d7c87ef9-eca4-43bb-aa3c-9caaca983592
台州市,0000001A00000031000000070000000X,4.33,2017/10/5,331000,9cc5531f-334f-46ee-8ffb-d76ae493ce5d
丽水市,0000000J0000003S000000070000000X,34.33,2017/8/15,331100,9bc9acff-9ba5-4b05-b5b9-2d3ae85ecc98
舟山市,0000001200000031000000070000000X,3.67,2018/6/15,330900,cc665661-2a39-406f-97ee-4dc8e22c4966
杭州市,0000000J0000003Q000000070000000X,43,2018/10/25,330100,b43a134a-a433-49c3-92b5-076455694acb
嘉兴市,0000000J0000003S000000070000000X,32.33,2017/6/25,330400,096a5ce8-8ef1-410b-a47d-b4dad826c60a
金华市,0000000P0000003E0000000700000010,4.2,2018/12/11,330700,c3882351-0874-4322-b0ee-a89905423e2c
绍兴市,0000001E00000031000000070000000X,3,2017/1/15,330600,eb18477d-9e33-4dfd-9379-01ad4488f049
杭州市,0000001200000031000000070000000X,4.6,2018/9/15,330100,5fcfc25b-da08-4f69-824e-fa27aa50d8fa
宁波市,0000001K00000031000000070000000X,3.1,2017/1/25,330200,cf166e07-86b5-405b-81d2-9e951e5cef09
绍兴市,0000000M0000003V000000070000000X,9.5,2018/6/15,330600,7cfdb146-f48f-411b-bd44-56c8083deac5
嘉兴市,0000003100000081000000130000000X,79,2019/2/25,330400,8283aa2c-4625-43c9-beac-6d9a74c9806a
湖州市,0000000X0000007T000000070000000X,35,2017/10/25,330500,2185b2ba-bbc3-4c5f-8c0d-6f0fbe872ba7
湖州市,0000000P0000002W000000070000000X,5.33,2018/7/5,330500,4d8a4fbd-2dfd-4b27-8db4-a23a464c8b41
浙江省,0000000M0000003V000000070000000X,12.58,2018/3/25,330000,789c7c49-c2c4-4db0-9526-23d0828a0193
宁波市,0000002P0000007W000000070000000X,3.1,2017/6/25,330200,16f0749b-54d1-41c3-8131-c85a3201ddf1
宁波市,0000000D0000002R000000030000000X,44.43,2017/11/5,330200,6189bc9c-17bd-4a6e-9e85-82a2dd968e6b
衢州市,0000000D0000002R000000030000000X,37.67,2018/5/15,330800,e55773fd-b294-441f-a47c-b2fdb98621bf
台州市,0000001E00000031000000070000000X,5.33,2018/6/15,331000,76ad5734-045c-49a3-a5ca-2fd08b2661b3
浙江省,0000000C0000002Q000000030000000X,63.82,2018/12/25,330000,9d73c488-025f-4cb9-948d-b0dbb1c4b9f3
嘉兴市,0000001200000031000000070000000X,3.83,2018/7/25,330400,f2c82e87-a199-476e-97d7-95faeaefcf2f
丽水市,0000000H0000002T000000070000000X,15.67,2016/12/15,331100,4e1e33d9-1edf-4467-9006-4fe6e4e96dfe
衢州市,0000000Z00000031000000070000000X,5.33,2019/2/5,330800,b0d67560-432e-4021-9d25-33ff0b48647c
浙江省,0000001E00000031000000070000000X,4.49,2018/2/5,330000,36c6b338-12ee-496f-80a1-a4e6211d0cc0
台州市,0000000S0000002Z000000070000000X,9.67,2017/11/5,331000,a3ca151f-dc63-4d90-bc0e-e7b11df6eac3
湖州市,0000001E00000031000000070000000X,5.33,2016/12/25,330500,cff4e27e-2644-4787-9ff8-e63d7f2e8b48
绍兴市,0000001K00000031000000070000000X,3.5,2018/7/5,330600,1b373e16-a81b-4717-a7c3-377bcd00e8fd
杭州市,0000000X0000007T000000070000000X,39.83,2017/4/15,330100,ef5cdc36-bc1f-4253-9225-b965a8737774
丽水市,0000002200000038000000070000000X,3.33,2017/7/5,331100,c753bf78-2d3b-4425-8338-76d79e7c1b98
金华市,0000002200000038000000070000000X,2.67,2017/4/5,330700,d3d37369-e22c-4b6d-9c25-e992e3450946
杭州市,0000000K0000003U000000070000000X,35,2017/12/15,330100,05cd6bcb-67be-49bb-9ce6-d8aaa7879708
衢州市,0000000H0000002T000000070000000X,18.33,2017/10/15,330800,f5191690-7aef-47b9-a4f1-d5ab5380da6a
衢州市,0000001500000031000000070000000X,4,2017/12/25,330800,089992e4-1874-4230-bb73-d5f0d0ed6117
浙江省,0000000D0000002R000000030000000X,44.42,2017/5/15,330000,f6a4b49a-2a73-4ca4-be2d-0049c7ac9508
宁波市,0000000P0000002W000000070000000X,5.77,2018/4/25,330200,ef3482ab-be27-401a-8781-3c331fddf5de
丽水市,0000000P0000002W000000070000000X,4.23,2017/4/5,331100,77c7c3ca-0eee-4c21-87b1-1703b4b5c1c8
杭州市,0000000D0000002R000000030000000X,46,2017/6/15,330100,45823a3e-165b-4753-870c-e13e9afa8dec
衢州市,0000000H0000003P000000070000000X,21.33,2017/7/25,330800,dddf5669-be7f-41b8-bb6b-9f46cda58dd6
嘉兴市,0000000P0000002W000000070000000X,5.5,2018/9/5,330400,c640e6f6-e997-4360-bded-3200368e4158
嘉兴市,0000000S0000002Z000000070000000X,8.67,2018/12/15,330400,1a5bc0ce-0c46-446f-b049-e9b2846543fe
宁波市,0000000X0000007T000000070000000X,38.33,2018/4/25,330200,7f5570c3-8efa-4118-a2de-e9a346c72579
温州市,0000000G0000003F0000000700000010,8.9,2019/2/19,330300,d583e952-afdd-4dd8-816e-81c74a2a2f6d
温州市,0000000G0000003F0000000700000010,9.1,2018/8/14,330300,f535e068-e3d1-4fa6-8449-9810bf9fcba8
衢州市,0000003100000081000000130000000X,86.27,2018/8/25,330800,e5366dd5-23e1-4387-b612-0593e0504df9
衢州市,0000000H0000003N000000070000000X,16,2017/2/25,330800,dc504ef6-aa1f-4bc7-aceb-d71722c6631c
丽水市,0000000J0000003S000000070000000X,34.33,2017/2/5,331100,bb092bd0-fe99-4497-ad90-b00c80694164
丽水市,0000000G0000003F0000000700000010,11.2,2019/3/19,331100,b964b82d-6861-46e7-8ac4-442e8c75f900
嘉兴市,0000000D0000002R000000030000000X,39.33,2017/4/15,330400,e945b74d-0582-4f7f-8f02-ce4d3242bd9e
湖州市,0000002200000038000000070000000X,4.33,2017/6/5,330500,763476f0-85e7-40c1-939f-625b6dd55d7f
温州市,0000001E00000031000000070000000X,5.67,2018/7/25,330300,94c9797e-8f61-478c-8ee5-4c5099d8d191
丽水市,0000000J0000003Q000000070000000X,37.33,2017/3/25,331100,90cfe8fb-1458-4131-b42e-34369f664285
金华市,0000000J0000003S000000070000000X,34.33,2018/1/5,330700,72275d2e-fe4f-4867-9209-d4f0862dddcb
杭州市,0000000J0000003S000000070000000X,35.67,2018/8/15,330100,ddb34a87-633e-4996-bd5d-7cfba8b3606d
舟山市,0000001K00000031000000070000000X,4.17,2017/7/25,330900,23ab4c86-9ef6-4caf-815d-195b97c2bf2f
杭州市,0000000K0000003U000000070000000X,35.33,2018/7/15,330100,6406aaea-b5a6-47c6-bf7c-fbc20280c1bb
浙江省,0000001700000031000000070000000X,2.93,2018/5/5,330000,06a893ad-e6d8-4b33-bb66-ca7448ba3d8c
杭州市,0000001200000031000000070000000X,6.17,2019/2/25,330100,fa417e86-70ea-4f81-9bbd-6b879b438846
湖州市,0000001500000031000000070000000X,4,2018/7/5,330500,dc039be7-e879-459e-99c6-feeefa973de0
湖州市,0000000C0000002Q000000030000000X,57.67,2018/7/25,330500,8a7f3095-713e-4a34-92d9-ba6fa9290d56
丽水市,0000000Z00000031000000070000000X,2.67,2017/5/15,331100,7197af53-93a9-45c8-8ab4-9e9b59e0183c
衢州市,0000003100000081000000130000000X,86.27,2018/12/5,330800,14f25fa1-8d87-4f89-ab60-e31009c05505
金华市,0000000S0000002Z000000070000000X,7.67,2018/9/5,330700,7001d8be-3e47-4c57-937e-1dbf6522a402
宁波市,0000000K0000003U000000070000000X,33,2017/10/5,330200,ca8229c2-0c60-4195-945a-e51761e20e16
宁波市,0000001Z00000036000000070000000X,6.27,2018/1/25,330200,1334e27f-a333-44bf-ae0b-a7ad6c99db34
绍兴市,0000001200000031000000070000000X,4.17,2018/8/25,330600,7365c1f3-89d2-4971-85e4-126868daf417
台州市,0000001Z00000036000000070000000X,6.33,2017/10/15,331000,cf77fb7d-5d4a-408f-a46c-558becc464f0
嘉兴市,0000003100000081000000130000000X,79,2017/1/5,330400,a66ff2a0-9144-4372-96f4-dbcc26a1a445
嘉兴市,0000002U0000007X000000070000000X,4,2017/9/15,330400,391fdf84-fccf-4091-b636-5829cd5e7ab7
丽水市,0000001200000031000000070000000X,3.83,2017/4/5,331100,85a93b83-9256-48ad-bb40-ab29ed9ddb0b
温州市,0000000Z00000031000000070000000X,4.83,2018/7/15,330300,2ef641b6-7a60-4e8d-ac3c-5d71ea6260fc
衢州市,0000002U0000007X000000070000000X,4.67,2018/5/5,330800,a7d2310b-3a9e-4580-b3b5-088a7884563c
台州市,0000000P0000003E0000000700000010,4.61,2019/1/8,331000,44f85210-9191-4398-9727-dee61dea183e
台州市,0000001A00000031000000070000000X,4.67,2018/12/15,331000,5b6e10fb-9171-4b2b-a136-fd6f0d3424a9
湖州市,0000000G0000003F0000000700000010,10,2018/2/20,330500,5be12333-a153-4ade-b4f2-e695c3bcb681
浙江省,0000000D0000002R000000030000000X,43.29,2019/3/15,330000,576017d9-8099-4bf0-86f5-485010d264e9
嘉兴市,0000000C0000002Q000000030000000X,68,2019/2/5,330400,a2c22c3a-0f73-410c-aa5d-1b4d578f229e
杭州市,0000002P0000007W000000070000000X,3,2018/2/25,330100,79fe1129-5513-4148-8e3c-b75878af7758
丽水市,0000001700000031000000070000000X,2.33,2018/6/25,331100,67527ecf-b6b4-47c3-8c65-a0b324068e73
嘉兴市,0000001700000031000000070000000X,3.17,2018/2/25,330400,8222c1cd-3132-4f89-8048-79518b8f3011
温州市,0000000J0000003S000000070000000X,41,2018/7/5,330300,07cfd9eb-3ec3-4eac-bc0c-f09bd4fc59b4
台州市,0000001400000031000000070000000X,5.33,2017/9/25,331000,26546ad7-1145-4e05-9ab2-9cebbe2e6339
绍兴市,0000000H0000003P000000070000000X,26.67,2017/1/25,330600,854c3263-e853-478d-a242-efce99cde604
湖州市,0000000K0000003U000000070000000X,0,2019/1/25,330500,0314c84c-eba5-4483-b62f-9e0ea097e675
杭州市,0000001A00000031000000070000000X,6.5,2018/2/15,330100,e619f4f7-0502-44a6-94b3-f5cf7d6efd40
湖州市,0000000H0000003P000000070000000X,18,2018/3/25,330500,0d7306c8-3343-46f0-9a21-9711fa86c9e5
金华市,0000000H0000003P000000070000000X,20.67,2019/3/5,330700,8ba5b63c-eca9-4cf3-8154-0089996c0776
绍兴市,0000000P0000002W000000070000000X,4.67,2017/8/5,330600,2fd6c6d4-88d3-4530-a1ac-048ee350272f
嘉兴市,0000002U0000007X000000070000000X,4,2018/3/25,330400,6349e835-0b9a-442a-b834-94b68df66469
宁波市,0000002U0000007X000000070000000X,4.63,2019/2/5,330200,f9304b24-0006-4613-90c0-65afc04c1e46
衢州市,0000000H0000002T000000070000000X,19,2017/12/25,330800,aa9ec97b-0958-4364-959e-d389366348ff
宁波市,0000000X0000007T000000070000000X,41.33,2019/1/25,330200,d74f56c6-e1f2-49f5-a4b4-c700c61228db
嘉兴市,0000000P0000002W000000070000000X,5.33,2018/3/15,330400,c90a2c6e-e904-475e-8b69-45c2f8dd54f5
舟山市,0000001400000031000000070000000X,6,2018/1/25,330900,a9de5939-7c80-42ca-a31b-a1f9363b0a42
嘉兴市,0000000J0000003Q000000070000000X,40,2018/9/15,330400,c6d882a3-00f5-4f49-add0-dbd5f383ad6f
湖州市,0000000J0000003Q000000070000000X,38.33,2017/4/5,330500,b7e4040d-ec94-4e8f-9049-f7a2a3cc9915
嘉兴市,0000000P0000003E0000000700000010,5.17,2017/10/17,330400,ee3838ff-90ed-4287-a50b-e4557b4dc4b8
湖州市,0000000G0000003F0000000700000010,7.9,2018/6/26,330500,93b58060-7f15-4f01-8134-4e604cbdc739
浙江省,0000000C0000002Q000000030000000X,63.61,2018/1/5,330000,9597f757-104e-4369-ba26-4dd4ba8c1337
丽水市,0000000J0000003Q000000070000000X,37.33,2017/12/25,331100,1aef2287-e463-44d4-804a-3ec9c534ce87
绍兴市,0000001A00000031000000070000000X,3.83,2017/4/5,330600,ce9fec26-d377-42e0-bd9f-0c10a1b19f37
舟山市,0000000G0000003F0000000700000010,10,2017/10/17,330900,d553e74e-9f4c-40b6-b13b-5008bfcc3a34
宁波市,0000001500000031000000070000000X,4.6,2018/3/5,330200,14625913-5b01-4a63-b3d6-716cacfd2460
舟山市,0000002P0000007W000000070000000X,3.33,2018/3/25,330900,669f7752-c881-4814-8295-da21eed64b30
丽水市,0000002P0000007W000000070000000X,2.6,2017/11/5,331100,23155c6b-0a99-42d2-9e02-a037097f5304
丽水市,0000000H0000003N000000070000000X,16,2019/1/25,331100,dd083ba7-f98d-46fd-9d14-b41e566a3425
衢州市,0000000X0000007T000000070000000X,24.33,2019/3/15,330800,bcb880ef-942f-4bf3-8797-46a73de2aefa
丽水市,0000000P0000003E0000000700000010,4.8,2018/9/25,331100,75013ce2-10b9-453c-8e25-96a92e926a1b
丽水市,0000000X0000007T000000070000000X,43.33,2019/1/25,331100,809bf609-233b-4c82-aed7-9da2acfcd7ef
宁波市,0000001200000031000000070000000X,5.5,2018/4/5,330200,2a1d2211-15ac-444d-8bde-4dd177ad366a
宁波市,0000000S0000002Z000000070000000X,8.5,2017/4/5,330200,583bad7e-9a14-4814-b334-56c30ea0bda4
衢州市,0000000D0000002R000000030000000X,38.33,2017/1/5,330800,f19e2b26-15dd-44d6-83e3-50a8a1d1dcea
丽水市,0000001400000031000000070000000X,4.17,2018/8/5,331100,ae2220dd-5bfe-4405-b596-d63fb584ca81
温州市,0000001200000031000000070000000X,4,2017/5/5,330300,57c42d14-358d-4ce6-a61d-fb40d0167973
丽水市,0000001400000031000000070000000X,5.17,2017/8/25,331100,960cb0b2-4682-4597-aa3e-8486d3bec2a5
杭州市,0000000M0000003V000000070000000X,9.67,2016/12/15,330100,9dee4fa1-2751-4838-b440-8131c4f68c23
丽水市,0000000P0000002W000000070000000X,5.53,2018/2/5,331100,fa673be1-d31f-40ae-83e4-e3dad4bd7605
浙江省,0000000H0000003N000000070000000X,14.2,2017/8/15,330000,df559cb9-4fc2-4dd7-92e2-c7523be231b3
杭州市,0000000Z00000031000000070000000X,5.5,2017/11/15,330100,7c549da2-bc27-40c1-974d-cb6ff9259d9d
衢州市,0000002200000038000000070000000X,2.67,2018/3/15,330800,850a7aaa-2c83-4833-9315-0d816f06ad21
台州市,0000000P0000002W000000070000000X,6,2018/8/25,331000,3c9a984d-7f93-476f-b2b1-6a08989f2ce7
温州市,0000002U0000007X000000070000000X,4,2017/12/25,330300,f221ef5b-09dd-49e0-8e8c-7c352ab88d45
绍兴市,0000000S0000002Z000000070000000X,7.17,2016/12/25,330600,d17b9396-4d47-4688-8249-0723d5904195
丽水市,0000000P0000003E0000000700000010,4.9,2018/1/23,331100,e13938ed-ca08-4ce4-b3ad-db3498a92e0d
舟山市,0000000H0000003P000000070000000X,25.33,2017/5/15,330900,2d7c86c0-73de-4a5d-93a8-3a0219e0c341
杭州市,0000000H0000003P000000070000000X,19.5,2017/6/5,330100,475b3881-97c8-4757-8e85-fca8c9cb1aaf
金华市,0000001Z00000036000000070000000X,6,2018/11/5,330700,4fd757ef-ba7b-4614-a49e-0aab8e57eb03
湖州市,0000000P0000002W000000070000000X,5,2017/1/25,330500,116992c1-37e5-4ad8-b2e7-ca0877fec306
宁波市,0000000H0000002T000000070000000X,14.83,2018/5/15,330200,03a36b44-9ddc-40b2-b6f6-879290350a88
丽水市,0000001K00000031000000070000000X,3.67,2019/1/5,331100,893aa089-5858-4126-b590-04e8639eb92a
绍兴市,0000000J0000003S000000070000000X,35.67,2018/2/25,330600,cf3ce2e0-b056-4899-869d-99816443276e
衢州市,0000001A00000031000000070000000X,6.5,2017/1/5,330800,7c283bb0-ff3d-49b6-862f-a4370efce05b
衢州市,0000001A00000031000000070000000X,6.5,2018/9/5,330800,915ff30d-aec9-44c6-9872-a01b957a5f1b
湖州市,0000001K00000031000000070000000X,3.5,2017/12/15,330500,edee0faf-8af8-4a74-8583-83baed9a0d1e
台州市,0000000P0000003E0000000700000010,3.85,2018/6/26,331000,ed62b213-1edd-4c4a-b216-3fa50ea0308c
温州市,0000002P0000007W000000070000000X,2.33,2018/1/5,330300,0b7aff2a-3138-44b8-ba00-85012b2945ab
湖州市,0000001200000031000000070000000X,3.83,2017/4/25,330500,f9895f6a-9270-486e-9117-63caaeeb44cc
浙江省,0000000H0000003P000000070000000X,23.39,2016/12/15,330000,70afa108-7e74-44e9-91f2-92239ec50d88
台州市,0000001A00000031000000070000000X,6.17,2018/2/25,331000,97419012-264b-4cfe-aa4f-5c7fe4e01d06
浙江省,0000000P0000002W000000070000000X,4.41,2017/8/5,330000,bbcecfea-ade5-461b-a704-2dfff4c46247
衢州市,0000000G0000003F0000000700000010,10,2017/4/25,330800,c67b32fc-f01b-4268-b602-6a3afc602494
温州市,0000000H0000003N000000070000000X,15,2018/6/15,330300,65675a56-c95e-457b-9ec2-39325fab54f1
衢州市,0000001K00000031000000070000000X,2.67,2017/1/25,330800,55dfa877-96cd-4e01-b1f0-4c28ff9093ec
丽水市,0000002P0000007W000000070000000X,2.6,2017/12/25,331100,980bfac0-1d0b-40ce-b6ea-618237fae991
浙江省,0000000G0000003F0000000700000010,7.29,2018/4/10,330000,9cf298a3-2824-4b98-830f-b2fc135a70f8
绍兴市,0000000G0000003F0000000700000010,7,2018/4/3,330600,43720754-3c7f-4236-8d25-7a717eb680e0
杭州市,0000000K0000003U000000070000000X,33,2017/11/5,330100,b09b4690-fac0-4726-a465-958504791d6a
嘉兴市,0000001Z00000036000000070000000X,5.33,2018/9/5,330400,78bd59f0-41b8-4e94-8eed-8bef39b5355a
湖州市,0000001400000031000000070000000X,9.33,2019/3/15,330500,f8c70f1c-7661-4b2b-971b-e9d9c44f9f0a
舟山市,0000001400000031000000070000000X,7,2018/6/5,330900,ff36d3ff-52da-4ba5-9f44-30c7c4118fcc
绍兴市,0000001Z00000036000000070000000X,4.5,2017/7/5,330600,6a78f399-5620-4e65-8a03-c596576070de
宁波市,0000000G0000003F0000000700000010,9.8,2019/1/29,330200,224c7c6b-a821-4527-8efc-6ff7bb230836
绍兴市,0000001700000031000000070000000X,2.33,2018/1/25,330600,3017f497-4a21-41fe-9d29-713646f41229
金华市,0000000J0000003Q000000070000000X,42.67,2017/1/15,330700,b6f88c0d-afc0-4194-a66d-6666a89d97eb
舟山市,0000001400000031000000070000000X,6.67,2017/2/15,330900,fa38c9d0-1b80-4f40-899a-b234a88eecaa
丽水市,0000000S0000002Z000000070000000X,9.67,2018/11/5,331100,4dccc091-3d04-44d8-9f73-e94781774c47
衢州市,0000000X0000007T000000070000000X,22.67,2017/10/25,330800,4e42d25a-6627-4fe8-a0dd-1efe95a31e04
台州市,0000001400000031000000070000000X,4.5,2018/6/25,331000,f805a62e-8b16-4982-9efa-4e8dcee96ff9
舟山市,0000000J0000003Q000000070000000X,40.67,2017/3/25,330900,c4a01fda-950e-4dc6-aa6a-74adfc892c93
