商品采价地区名称,商品主键,商品价格,商品采价日期,商品采价地区编码,主键ID
宁波市,0000001K00000031000000070000000X,3.37,2018/5/25,330200,0d16c2b8-c670-4638-9b8e-fa364f2bb166
台州市,0000000H0000002T000000070000000X,16,2018/11/15,331000,2c3abab2-fd5f-4423-a5bc-df7e685f9e6e
宁波市,0000001E00000031000000070000000X,6.23,2018/8/25,330200,b27682ea-38dd-44d4-adf0-42347326f523
衢州市,0000000C0000002Q000000030000000X,68.33,2018/3/25,330800,54a9f4e0-63d0-42ad-ba63-b40bdf12de70
台州市,0000001A00000031000000070000000X,4.67,2017/3/25,331000,3c5fdab0-f910-4bd7-b879-2108027ed5d1
丽水市,0000000S0000002Z000000070000000X,9.67,2017/6/5,331100,7d5be92b-cc42-40af-a317-3df99d3093c7
台州市,0000002U0000007X000000070000000X,4.5,2017/12/25,331000,8801d73c-9115-4fe1-99a1-1d5efaf5a144
宁波市,0000000J0000003Q000000070000000X,44,2019/2/5,330200,8cbad6e4-414e-47c0-b5e4-edc473a5996a
衢州市,0000001700000031000000070000000X,2.83,2017/9/25,330800,8dea67c2-7aeb-4cff-a7c6-5918e7156005
杭州市,0000000P0000003E0000000700000010,5.5,2018/8/21,330100,53a155d9-bb82-489e-a44d-dfb248d59f13
宁波市,0000000K0000003U000000070000000X,35.67,2018/11/25,330200,ee2457e7-9d47-4b29-b011-d9b993efea0d
杭州市,0000001E00000031000000070000000X,3.83,2017/4/5,330100,c2ae1f99-4653-47d7-a4e4-c88666ba24d4
金华市,0000001400000031000000070000000X,6.33,2019/1/5,330700,41f56ddd-b408-4baf-b4fa-dc8273f96234
丽水市,0000000P0000002W000000070000000X,4.67,2018/5/15,331100,5d89171b-acbe-401a-b355-e735bfec0f0f
宁波市,0000001A00000031000000070000000X,4.47,2018/6/15,330200,0255118f-69d8-40df-a28a-bc8fbab125b6
湖州市,0000000S0000002Z000000070000000X,7.83,2017/2/5,330500,e2b9fe0d-ce45-4f88-8a2c-248452a99d92
绍兴市,0000000Z00000031000000070000000X,3.33,2017/5/5,330600,29ce66f1-8a7a-4261-adcc-592e491a5339
浙江省,0000000S0000002Z000000070000000X,9.07,2018/1/25,330000,f6f9cb0d-73bc-46b5-9780-2d588daccd5a
温州市,0000000K0000003U000000070000000X,48,2017/6/5,330300,97927f93-56ed-49e5-9350-8c3863239caf
绍兴市,0000003100000081000000130000000X,66,2017/5/5,330600,ae28477c-82cd-4731-aa32-bdddb925c15e
温州市,0000000M0000003V000000070000000X,15,2017/2/25,330300,b155da5f-f121-4f9f-9b13-d8ab64b596c7
台州市,0000000Z00000031000000070000000X,3.67,2018/2/15,331000,d76fddac-2b80-43fc-9447-b86356d53aa7
绍兴市,0000003100000081000000130000000X,66,2017/1/25,330600,8f500bd2-5f16-4be7-90da-1a7fd07feef7
杭州市,0000001200000031000000070000000X,5.33,2019/1/25,330100,6d420733-fb92-4905-962a-210153ad1823
浙江省,0000000S0000002Z000000070000000X,9.11,2018/1/5,330000,44fb1d34-d73b-4ef4-85b6-fe8564111dfa
杭州市,0000000D0000002R000000030000000X,46,2018/8/15,330100,be012ebf-6fe7-4503-a9e9-d68f4710a488
温州市,0000001400000031000000070000000X,6,2017/8/15,330300,49f5c2a4-9c4d-4796-9fd7-638d8d148dd0
绍兴市,0000003100000081000000130000000X,66,2017/12/5,330600,261e2895-879d-4d4d-8b79-17bea4811bab
舟山市,0000001200000031000000070000000X,5.67,2018/8/25,330900,51853860-55db-492b-962f-c84d580f7f87
丽水市,0000001E00000031000000070000000X,3.17,2018/1/15,331100,db88ab46-f623-4583-82b0-8404dfe7847e
浙江省,0000002P0000007W000000070000000X,3.11,2018/6/5,330000,85a739b5-78a9-456f-a013-cfcb6a7823aa
杭州市,0000000Z00000031000000070000000X,6.83,2018/10/25,330100,b07e963f-65cb-477f-817c-fa7b45b7ca38
舟山市,0000002U0000007X000000070000000X,3.83,2018/2/25,330900,7c2e32d5-75dc-4a1d-8643-39dd4dc59fe4
舟山市,0000001E00000031000000070000000X,4.33,2017/12/15,330900,6b16d40a-9d57-4555-88d8-c82ffadeb37a
浙江省,0000000X0000007T000000070000000X,36.13,2017/12/25,330000,6d6319cd-7a44-413d-8d7b-55cb49a59b82
衢州市,0000000P0000003E0000000700000010,3.85,2018/6/5,330800,582ba9e2-cccb-4903-b797-9509df82af38
丽水市,0000000K0000003U000000070000000X,32.67,2017/3/15,331100,fc1b1c84-4101-4614-82bf-d7dbf722658b
衢州市,0000000G0000003F0000000700000010,9.3,2018/2/27,330800,4ddb504e-0623-4ea0-bce7-3a14d72ddc44
台州市,0000000P0000002W000000070000000X,4.6,2019/3/5,331000,80ef6d28-6574-4893-ac5e-e9a200ba78b0
舟山市,0000000H0000003N000000070000000X,13.83,2018/7/15,330900,c893ab08-5830-4131-9475-bbe136828acf
台州市,0000000G0000003F0000000700000010,7.5,2018/7/3,331000,cd34f973-6277-4913-9e8e-e683e6597e93
嘉兴市,0000001200000031000000070000000X,4.17,2017/10/15,330400,abe725c8-8c65-4112-8bd2-d308cd5fa119
舟山市,0000000X0000007T000000070000000X,36.67,2018/12/25,330900,69e63946-e629-4ee9-b895-ff734a9cf12a
杭州市,0000001400000031000000070000000X,6.4,2017/4/15,330100,990660b9-9369-4e08-819c-db2418de0029
温州市,0000000P0000002W000000070000000X,5.77,2018/3/15,330300,53d05cb9-559d-4f37-a43d-a6884e7c5d71
舟山市,0000000G0000003F0000000700000010,8.8,2018/6/12,330900,643addbb-ce0d-413f-b7b1-308a3512aa21
湖州市,0000001E00000031000000070000000X,7.67,2018/10/5,330500,c46c367b-7d3c-450f-8403-422bdadb704f
宁波市,0000001A00000031000000070000000X,5.37,2018/10/25,330200,03bb7682-8203-4ccf-aade-a5a590c01bcf
衢州市,0000000J0000003Q000000070000000X,38.67,2018/3/25,330800,4920af71-4728-432c-a8c4-a4a9e489f2f3
舟山市,0000002U0000007X000000070000000X,5,2017/5/5,330900,334f3aee-e2e6-4939-b66b-b64f277622f5
杭州市,0000001500000031000000070000000X,4.5,2018/3/25,330100,3fcb72e7-241f-4145-bb29-bb5bc02a79f9
湖州市,0000000X0000007T000000070000000X,35,2018/7/15,330500,c316d10b-f839-41b3-a009-4576afa1707d
杭州市,0000000C0000002Q000000030000000X,62.67,2017/8/15,330100,315c5acb-fb14-4448-8ceb-f9165a3b52af
金华市,0000001500000031000000070000000X,3.5,2018/7/15,330700,551794da-9f26-4426-9284-89928c37baa4
嘉兴市,0000000P0000003E0000000700000010,3.33,2017/4/18,330400,aab8af75-3f65-4e02-ba46-0f2c13136d63
嘉兴市,0000002P0000007W000000070000000X,3.2,2017/12/25,330400,0cdd4e34-d38c-4e88-9ed6-214088ae3c3d
舟山市,0000000X0000007T000000070000000X,41.67,2017/1/15,330900,dffb6e79-61a1-4af4-9604-782a941f62d2
绍兴市,0000000H0000003P000000070000000X,25.33,2017/3/15,330600,e1ce6e4f-f25b-4592-9002-a3866d303394
舟山市,0000000P0000003E0000000700000010,5,2018/1/2,330900,ffe5b866-731f-4c62-834d-5b4486e3d2ae
舟山市,0000000C0000002Q000000030000000X,51.6,2017/5/25,330900,54bbd241-919e-442f-b490-37a15b1fb37c
浙江省,0000000H0000003P000000070000000X,23.39,2016/12/25,330000,3e610640-b42b-45b3-bc62-02f37eeda439
湖州市,0000001A00000031000000070000000X,7.67,2017/2/5,330500,ffac790f-d091-4af2-84c6-f7df46737ef1
湖州市,0000002200000038000000070000000X,4,2018/8/15,330500,5b9f60eb-ec53-455d-a5fe-365686f01c20
温州市,0000002200000038000000070000000X,3.17,2017/11/15,330300,76812b0d-057f-4d25-bcf0-ef15fbb233c5
绍兴市,0000000H0000002T000000070000000X,12.83,2018/7/25,330600,3bd1d7d2-59e1-4b18-a84c-efeb37f00cbc
金华市,0000001E00000031000000070000000X,3.83,2019/2/25,330700,8254cd86-bc8d-47bc-bec3-d6e093640c43
绍兴市,0000001E00000031000000070000000X,5.67,2018/9/15,330600,62d8434c-e96f-46a7-a5d1-dd059567992e
杭州市,0000000X0000007T000000070000000X,40,2019/2/5,330100,6b46b29f-d43e-4f85-aefb-2fd990157ed9
舟山市,0000000H0000002T000000070000000X,14,2018/6/15,330900,5ff5dd9a-be58-47d8-a02c-62306e61c5ee
杭州市,0000000G0000003F0000000700000010,8.33,2018/7/10,330100,8851c493-4cb9-48a7-bc99-b45b690a9cf6
衢州市,0000000X0000007T000000070000000X,24,2018/8/5,330800,4ef9bdda-afb5-4a56-9475-e6fd71d98ae5
丽水市,0000000S0000002Z000000070000000X,9.67,2017/6/25,331100,286e652e-d751-4835-a1ed-047c426f2e56
丽水市,0000000J0000003Q000000070000000X,42.67,2018/11/5,331100,dde88fcb-1a07-4189-9df6-7a16c0bce411
绍兴市,0000001500000031000000070000000X,5.5,2018/11/5,330600,cbaf9afc-dcbc-4480-99e7-c74df80e589b
杭州市,0000001E00000031000000070000000X,5.33,2018/3/25,330100,e3d585f9-3486-496f-9be3-f6bb426cb93b
绍兴市,0000000D0000002R000000030000000X,49.33,2017/9/25,330600,fcca8281-ed30-4606-a2d9-b1775e003c65
绍兴市,0000003100000081000000130000000X,66,2018/12/5,330600,3e6e5f08-3f01-40f4-ab8d-f1e83c6f5963
舟山市,0000001500000031000000070000000X,4.67,2018/5/15,330900,2176da38-0f95-4245-af93-65f09ab32eee
嘉兴市,0000000Z00000031000000070000000X,4.17,2016/12/15,330400,8a58306c-a146-445c-b23c-78338f39ccd5
嘉兴市,0000000Z00000031000000070000000X,5.67,2017/9/15,330400,4648c277-8360-48ff-a927-04ad299bcf3a
金华市,0000000Z00000031000000070000000X,4,2018/2/5,330700,67b2aab8-41b1-4cdd-bc89-1bbe6bdaa7ce
温州市,0000000J0000003S000000070000000X,43,2018/1/15,330300,64ef77dc-9a0a-4a32-948e-11119686d044
宁波市,0000000D0000002R000000030000000X,41.5,2018/7/25,330200,9a75467a-cfa9-4d38-ae76-e539c2791112
嘉兴市,0000001K00000031000000070000000X,4,2017/11/15,330400,66aeb67f-b2f3-4e08-81a1-b872fe367697
湖州市,0000001Z00000036000000070000000X,5.67,2018/5/25,330500,d6a9ea01-d0b7-41be-b324-b2e807624b30
绍兴市,0000000S0000002Z000000070000000X,8,2018/9/5,330600,a37cbcc7-1f8f-40ca-ab0b-c367e4d09efe
绍兴市,0000001700000031000000070000000X,2.73,2018/3/25,330600,f04d41c4-4a6e-4a98-9951-b0ed01ef0249
嘉兴市,0000001Z00000036000000070000000X,6,2017/4/25,330400,328e0108-3951-4e22-83cb-f49533e74be1
湖州市,0000002200000038000000070000000X,4,2016/12/25,330500,b417f760-a039-4106-b762-f50cef880ab4
湖州市,0000001200000031000000070000000X,6.17,2018/2/15,330500,576417d7-6712-4f4c-bd22-f2ef2baf1d09
衢州市,0000000D0000002R000000030000000X,38.33,2017/8/25,330800,1aed6134-7a52-493d-807e-bd2428f9711f
衢州市,0000001E00000031000000070000000X,3.83,2017/4/25,330800,2794ca80-eb53-47c7-b0aa-0918bf14793b
杭州市,0000000H0000003P000000070000000X,22.67,2019/1/15,330100,aaf32a57-5f0b-44c2-8477-0328057f6e4c
温州市,0000000X0000007T000000070000000X,35,2018/9/15,330300,a928d5c1-01b4-4d60-81c4-e24a36cfd022
衢州市,0000000Z00000031000000070000000X,3.17,2017/12/5,330800,ed867b67-cbe9-4027-9cbb-50f9139df25d
丽水市,0000000P0000003E0000000700000010,4,2019/1/29,331100,729a5860-7921-4c83-83e3-30d8fb2d2294
衢州市,0000001200000031000000070000000X,5.17,2017/1/25,330800,a977da75-97b2-402d-a8a3-c488291e2bc9
衢州市,0000000G0000003F0000000700000010,10.5,2019/2/5,330800,c17b45a2-64c4-4844-9e94-3fb9f8b324ad
嘉兴市,0000000J0000003Q000000070000000X,40.67,2017/12/25,330400,12dfa468-232f-4af3-a616-a54e38fbdbf8
衢州市,0000000X0000007T000000070000000X,24.33,2018/4/5,330800,5620252a-9c43-4620-9860-ef34a06006e0
衢州市,0000000C0000002Q000000030000000X,69,2018/10/5,330800,a594bb5d-84a3-4ebc-8ae1-9129e43517da
杭州市,0000000H0000003P000000070000000X,20,2017/9/5,330100,4270acc4-8f3a-4e84-9416-7f763bfa5007
温州市,0000000S0000002Z000000070000000X,10.33,2017/6/25,330300,453fe90e-426e-4eb9-a0ec-49ab7420135f
衢州市,0000000Z00000031000000070000000X,3.33,2018/4/15,330800,166e92d0-913b-4397-ab04-02e4094ab8dc
湖州市,0000000P0000002W000000070000000X,5.83,2017/12/15,330500,d092a1be-56b5-48d9-9468-2c4009295c1f
金华市,0000001400000031000000070000000X,5.67,2018/12/25,330700,75d62e1a-2609-4c07-b6d8-9858d5e5c846
温州市,0000001E00000031000000070000000X,3.5,2017/4/25,330300,2998cd1b-1d01-4aae-9074-01d57b184f8b
湖州市,0000001K00000031000000070000000X,4.5,2018/7/25,330500,f2bd7a55-0dd2-48c1-8a5a-dc489d571af9
丽水市,0000000P0000002W000000070000000X,4.8,2018/7/25,331100,fea9e3a7-ea9e-4407-9cee-757eb232d754
衢州市,0000000Z00000031000000070000000X,5,2018/2/15,330800,a6861e17-dafa-4d70-b888-2ddf15a89405
宁波市,0000000P0000002W000000070000000X,6.2,2018/11/25,330200,70292472-ea58-4eaa-905f-4d6e547ed608
嘉兴市,0000000J0000003S000000070000000X,32.33,2018/7/15,330400,ed16d2fb-d201-48bd-af9a-c4806618b892
衢州市,0000003100000081000000130000000X,77.67,2017/4/25,330800,b8ffc0ad-0ffb-47f5-b23c-4cab4e32ac1f
绍兴市,0000001700000031000000070000000X,2.5,2017/5/5,330600,d6446a2f-32ee-462c-b07f-06f4bbf29d07
丽水市,0000003100000081000000130000000X,84,2017/7/5,331100,da9e2324-0c6d-42c8-862c-d38af9b35b29
台州市,0000001400000031000000070000000X,7,2019/1/25,331000,ea519370-db08-49c3-a209-48cc53c0c4ff
衢州市,0000001200000031000000070000000X,2.5,2017/6/15,330800,e5b06b3e-533c-4458-86d2-f0ce7d6021e8
金华市,0000000H0000002T000000070000000X,13.5,2018/3/25,330700,9fcd1280-3d9a-4fe5-97a6-7e57db788d30
绍兴市,0000001700000031000000070000000X,2.5,2018/11/15,330600,6f679342-a94d-4128-bb2e-2979cbc76cd1
衢州市,0000000J0000003Q000000070000000X,38.67,2017/4/15,330800,7db9eba0-8dba-44ba-8df2-dbca9b4bd624
宁波市,0000001A00000031000000070000000X,5.73,2018/10/5,330200,c9d2a064-4bbe-470e-9449-b650a4f173e8
杭州市,0000000X0000007T000000070000000X,38.67,2017/12/25,330100,a20e021e-ab3c-4e92-a60d-c78b8a7f82ff
舟山市,0000000D0000002R000000030000000X,44.97,2017/11/15,330900,ca04a112-cd8b-434a-b4fd-acbc83948e56
杭州市,0000001700000031000000070000000X,2.43,2017/7/25,330100,48ad1ddc-549e-469e-858e-ffe2775eef7e
绍兴市,0000001400000031000000070000000X,4.67,2017/9/25,330600,8c07bcf8-ca65-494a-b439-e63a564e2580
舟山市,0000000Z00000031000000070000000X,4,2018/5/15,330900,99107f96-a517-43eb-a1a8-7c5993dd09a2
丽水市,0000001A00000031000000070000000X,4.83,2017/2/15,331100,0f81bb3a-3a0a-4192-a19c-91a4cc5bfc3a
绍兴市,0000000H0000003N000000070000000X,14.67,2019/2/25,330600,df02269e-e2cd-4879-a2fc-cc3526b0790e
舟山市,0000002P0000007W000000070000000X,3.33,2017/12/5,330900,f0748302-b291-428e-80f9-c5958628c778
湖州市,0000001200000031000000070000000X,4.5,2018/11/5,330500,fce6b666-8e5b-40d7-a31f-ac57eaef6779
嘉兴市,0000001700000031000000070000000X,3.27,2018/6/5,330400,b8dc6de2-9a35-469e-ab80-37f9aea5cb3f
丽水市,0000000C0000002Q000000030000000X,70.23,2017/2/15,331100,c2598b82-b482-4396-9df8-5f96fa92b26d
衢州市,0000000P0000003E0000000700000010,4.55,2019/1/1,330800,5f21b88f-a5be-4adc-aab5-90046c72e1ce
台州市,0000002P0000007W000000070000000X,3.45,2019/3/5,331000,9d80c8db-2ad4-46e4-a513-a2c7b74e2bb0
台州市,0000001200000031000000070000000X,5,2019/1/5,331000,2b44f88c-774b-4060-a5b0-3fc702d37ef3
衢州市,0000000H0000003P000000070000000X,19.33,2018/6/5,330800,ab1e8678-d6ba-4762-b938-edc169067aac
绍兴市,0000000M0000003V000000070000000X,9.5,2018/5/5,330600,286cb288-9926-4bd1-86d4-fece93236283
衢州市,0000002200000038000000070000000X,3.33,2017/5/5,330800,83a69359-6fcb-4fe1-8fb8-9a528b5c20ee
杭州市,0000000G0000003F0000000700000010,10.39,2018/2/13,330100,14f2d3b0-c139-4c2e-ba0a-a80f35438ed3
舟山市,0000000G0000003F0000000700000010,8,2018/5/15,330900,e6e1556c-274e-4bf1-95e1-36b6cf718585
丽水市,0000000J0000003S000000070000000X,40.33,2019/2/25,331100,ac2fe535-e2af-4b0b-a187-7d62d963f581
浙江省,0000000C0000002Q000000030000000X,63.92,2019/2/15,330000,455e4d2c-3eac-4d74-a80a-82ffea667ebc
台州市,0000000P0000003E0000000700000010,2.52,2017/5/16,331000,fbc389a8-d482-442d-8596-f73ca4c9d67e
金华市,0000000G0000003F0000000700000010,9,2018/8/14,330700,d375eaaf-61de-4771-82db-eeec363afe84
湖州市,0000000M0000003V000000070000000X,17.33,2019/1/25,330500,01f0ae4a-96ed-4f23-9647-401c68f928fa
舟山市,0000000P0000003E0000000700000010,5.2,2018/8/21,330900,d683efe3-b262-4d44-b42c-d8070c96ee9f
杭州市,0000001E00000031000000070000000X,4,2017/2/25,330100,397b4fba-10a0-4d8e-a5f9-27cbcf872eaf
嘉兴市,0000000P0000002W000000070000000X,4.93,2018/7/15,330400,2714455f-d464-436d-88b3-eee1387e5433
舟山市,0000000D0000002R000000030000000X,44.3,2019/2/25,330900,1a000dac-5095-4f00-9dcb-3325e4128539
杭州市,0000000J0000003Q000000070000000X,42,2018/5/5,330100,33d3a45e-7b23-450d-8e9a-73e72bbe30d6
宁波市,0000001400000031000000070000000X,5.83,2017/10/15,330200,d3f79ae8-4305-47aa-84c9-c9414d2c75fc
绍兴市,0000003100000081000000130000000X,66,2017/5/25,330600,8ae6e705-fda8-4414-95a2-2c55067c1eff
舟山市,0000000C0000002Q000000030000000X,50.3,2018/8/25,330900,92ce5233-8f08-4f1c-84be-c509ca1851a4
绍兴市,0000000P0000002W000000070000000X,4.67,2017/3/25,330600,3c0827f8-81c1-4d44-acbb-c808be155e8e
杭州市,0000002U0000007X000000070000000X,4.17,2017/3/15,330100,d51fb858-f7b6-4da9-a031-455a7606bb5e
杭州市,0000001Z00000036000000070000000X,6.67,2017/12/5,330100,7171bfd9-d716-4791-9c42-5d5290bb6dfd
舟山市,0000002200000038000000070000000X,4.17,2017/1/5,330900,4b7a9b47-fb86-431e-96c9-94da21d13a23
杭州市,0000000C0000002Q000000030000000X,62.33,2018/7/15,330100,fd2ad805-7c8b-4805-a83b-1d82544c7ecc
绍兴市,0000000P0000002W000000070000000X,4.67,2017/3/5,330600,9722def4-6d4e-4dac-9479-9cbea620fb10
衢州市,0000002P0000007W000000070000000X,3.06,2018/7/5,330800,de249848-81e5-46fc-bc66-56a151476254
杭州市,0000000H0000002T000000070000000X,17,2017/11/5,330100,655fb24e-dac5-44c5-a953-d0cbe065fd4e
衢州市,0000000C0000002Q000000030000000X,66,2017/2/5,330800,d9a8bae3-e925-4407-95fd-e2d3184424d0
湖州市,0000000P0000003E0000000700000010,4,2018/5/15,330500,97283cb4-0b59-4ba4-9a63-ee72d21f997a
舟山市,0000000P0000003E0000000700000010,4.8,2018/12/25,330900,3f700303-6170-4423-baa3-764a606caa6a
浙江省,0000001A00000031000000070000000X,5.16,2018/8/15,330000,d8843fc8-4618-40d6-9f02-00cc26bab140
绍兴市,0000000S0000002Z000000070000000X,9.43,2017/8/15,330600,42bb2fd5-8940-4779-ac41-4d30a93a16c7
温州市,0000000H0000003N000000070000000X,16.67,2017/3/25,330300,f0d52782-6ed0-4bf6-a010-753444dfa172
宁波市,0000000S0000002Z000000070000000X,8.67,2017/4/15,330200,d7cb9476-6fca-4e08-aa0c-6d1918ed644c
湖州市,0000000S0000002Z000000070000000X,8.83,2017/11/5,330500,232653b0-f30e-4a71-aa86-1da4163d2408
杭州市,0000000G0000003F0000000700000010,11.96,2018/11/6,330100,1c96991d-0d1d-47b9-b689-7469c3d0f4e0
舟山市,0000000Z00000031000000070000000X,4.83,2018/5/25,330900,a9bdb42d-1b91-4048-a482-6f456f8361ab
杭州市,0000000K0000003U000000070000000X,33,2017/2/5,330100,5456b755-7014-47ab-b2cb-8e0a1988c663
金华市,0000000H0000003P000000070000000X,18.17,2018/5/5,330700,701850ca-4879-4b63-9b55-d344ed2844fd
湖州市,0000001500000031000000070000000X,4.33,2017/8/15,330500,d1d1faf9-71d7-4ecd-8c8f-02357bdf5a97
浙江省,0000001E00000031000000070000000X,3.94,2017/12/15,330000,f9a5818b-83b5-438a-ac6a-e4470ba9ab06
温州市,0000000J0000003Q000000070000000X,46.67,2017/11/5,330300,e51d6d1a-3e92-459f-abb0-81297e5f710a
温州市,0000001200000031000000070000000X,5,2018/3/15,330300,741c21e0-36ea-4b2f-be71-61cca4b0a729
绍兴市,0000000H0000003N000000070000000X,13.83,2018/1/5,330600,36721b21-08ba-42b5-a3ae-1ff83e6dae77
金华市,0000001Z00000036000000070000000X,6.17,2017/9/25,330700,1e3ea5fd-1b46-4676-aed1-a1c1fb8a08db
舟山市,0000000J0000003Q000000070000000X,40.67,2017/12/25,330900,d1b7fc15-c8bf-4f06-9aee-c141bb03f885
衢州市,0000000H0000003P000000070000000X,24.33,2017/2/5,330800,9464dc15-6d9a-4393-aa2a-d25e8c8e46ec
湖州市,0000000C0000002Q000000030000000X,57.67,2018/7/5,330500,3c8eb65a-465c-4e80-8db3-7c0383d3fd42
宁波市,0000000C0000002Q000000030000000X,73,2018/11/5,330200,b2d0ccc4-c086-472e-9496-9e1d02f95a8a
浙江省,0000001400000031000000070000000X,4.91,2017/9/25,330000,f6994a69-428d-45a0-9789-16cfcfe5da80
绍兴市,0000000P0000003E0000000700000010,3,2017/5/30,330600,acb1fb7c-1ded-47f7-a9ad-ad2ca5de3542
湖州市,0000000Z00000031000000070000000X,6.83,2017/8/15,330500,d4703559-b1c0-48cd-a3c6-f7009be9e340
台州市,0000000P0000002W000000070000000X,3.67,2017/5/5,331000,3f45163a-a46a-4b6a-b183-f5e954536525
嘉兴市,0000000H0000002T000000070000000X,17.33,2017/7/25,330400,2d0fb64e-8f4c-4bc8-9ec1-c076eb80d1b4
浙江省,0000001K00000031000000070000000X,3.42,2017/7/25,330000,a15ecc7c-00a1-4703-b02d-c1bb46ecdb17
舟山市,0000000H0000003N000000070000000X,15,2018/1/15,330900,886aac1d-85cb-46bc-abc5-299ab199b663
温州市,0000000P0000003E0000000700000010,2.6,2017/6/6,330300,01f02712-357d-4942-9581-23f56bc96665
丽水市,0000000H0000003P000000070000000X,20.67,2016/12/15,331100,4c7b19bf-6306-4401-a16b-a317290c3cf8
衢州市,0000002U0000007X000000070000000X,4.5,2017/11/25,330800,2cecbd49-aa45-419c-ae88-be7304373300
湖州市,0000000X0000007T000000070000000X,35,2018/8/25,330500,73e89505-bd79-4738-8970-04ee399cfdcb
金华市,0000002U0000007X000000070000000X,4,2017/9/15,330700,2b916887-562f-4d07-a8af-648124efe23e
金华市,0000000G0000003F0000000700000010,10.5,2018/11/13,330700,b2ce217e-5e33-45d3-a2a8-bc07274d4dce
温州市,0000000P0000002W000000070000000X,5.73,2018/2/25,330300,875581b9-5c3d-4164-b6aa-08154c0c2c65
台州市,0000000G0000003F0000000700000010,11.8,2018/10/30,331000,791aa9c1-868d-47f5-ad0d-9094bd2d34ae
嘉兴市,0000000P0000003E0000000700000010,3.33,2017/4/4,330400,f4766ca6-32ea-4ca4-93df-5371ffe06df3
舟山市,0000000P0000003E0000000700000010,3,2017/6/6,330900,494d40ec-0625-4296-bfd0-e4124f390ef3
丽水市,0000001E00000031000000070000000X,4.17,2017/6/25,331100,e2cb09b6-9b08-4c43-95a1-3b602e7bdc8a
丽水市,0000002200000038000000070000000X,3.83,2019/2/5,331100,0001d08f-492c-489b-8918-807ce038ad67
台州市,0000001500000031000000070000000X,4,2017/6/25,331000,defbdc3a-a003-4e7b-a782-ca197f4688a4
绍兴市,0000001K00000031000000070000000X,2.5,2017/4/25,330600,e0a8b8ac-30ae-4b31-9b2b-bafe7df3fd0a
绍兴市,0000000H0000003N000000070000000X,14.33,2019/3/5,330600,adb75209-0c59-48e0-b9ed-3cba9e697a56
杭州市,0000000P0000002W000000070000000X,3.83,2017/6/5,330100,df1a9863-d139-429a-b58c-c0a9a64297e2
台州市,0000000Z00000031000000070000000X,4.33,2016/12/15,331000,3aecf518-2025-4fe4-8acf-eb644e7deb14
绍兴市,0000003100000081000000130000000X,66,2017/12/25,330600,fd877367-3d10-4bff-aaf2-802b2de4ac37
湖州市,0000000H0000003N000000070000000X,13.83,2018/3/15,330500,52f93532-6514-4919-ab19-fbcb08b790bc
宁波市,0000000S0000002Z000000070000000X,10.5,2017/11/25,330200,cfee04b8-7113-48bb-a378-b95ee4021dd8
舟山市,0000000C0000002Q000000030000000X,50.3,2018/12/15,330900,6d61941b-ee21-4bc5-8f57-07abfc6e82e5
衢州市,0000002P0000007W000000070000000X,3.06,2018/12/15,330800,7b50674e-9ce8-4516-aeba-a3ab228790b2
浙江省,0000002P0000007W000000070000000X,3.08,2017/1/5,330000,04ad3586-5cc3-4a91-8e50-06d34198b932
温州市,0000000C0000002Q000000030000000X,60,2017/5/5,330300,7040bef1-eb4f-4a48-bdf1-94b5446a5626
温州市,0000002U0000007X000000070000000X,4.67,2018/7/15,330300,17d23959-6cf6-4ae6-b006-bbada4e33dce
湖州市,0000000X0000007T000000070000000X,35,2019/2/25,330500,e0157001-edc2-4c26-8221-14ffcdf2ce92
温州市,0000000H0000003N000000070000000X,18.67,2019/3/15,330300,ed42e0b5-9682-4303-a45a-e40182c07bb3
舟山市,0000001Z00000036000000070000000X,7.67,2018/4/15,330900,0a8d9a3b-181c-4b80-8f3e-ff23dc65533f
金华市,0000000P0000003E0000000700000010,5,2017/8/22,330700,7580129c-0300-4edf-96ca-1a439718f8df
衢州市,0000000H0000002T000000070000000X,16,2018/6/15,330800,23b3864d-37d4-439d-9aa9-4339ccc1f65b
宁波市,0000002200000038000000070000000X,3.9,2018/5/5,330200,bdc40863-3a84-4eea-8ca3-05440b033131
宁波市,0000001K00000031000000070000000X,3.4,2018/2/15,330200,86b9669f-f91a-40ac-b867-f08e31688155
衢州市,0000001200000031000000070000000X,4.5,2018/9/25,330800,d5fa0f07-0e3a-4f61-aaa8-7db07cfd89fb
嘉兴市,0000000P0000002W000000070000000X,3.63,2017/5/5,330400,1930c0e4-bbc8-44ef-9bd7-a58dd7a1eaa1
金华市,0000001Z00000036000000070000000X,5.33,2017/3/5,330700,0b0c0be8-9153-4b04-8dd7-6601ac500e71
杭州市,0000000P0000003E0000000700000010,4.8,2019/1/15,330100,46d7d7ba-0c65-45ad-8d0d-c50b8d09ee4e
绍兴市,0000000H0000003N000000070000000X,12.33,2018/5/25,330600,c46847d6-3629-4a47-9928-8648ee0c2401
湖州市,0000000X0000007T000000070000000X,35,2017/4/25,330500,1c5cf502-c0a1-485e-b661-3cad0301753c
湖州市,0000000K0000003U000000070000000X,0,2017/8/25,330500,09835084-19cd-42a3-8330-8acf2001b186
嘉兴市,0000000H0000003N000000070000000X,15.33,2016/12/25,330400,103fb89e-a703-4805-bede-e9e423a0e345
温州市,0000000P0000003E0000000700000010,4.7,2018/10/30,330300,d1a6b8fc-9cc9-48ea-9e52-ea8c7e375aa4
舟山市,0000001700000031000000070000000X,3.33,2017/4/15,330900,f4d55ad2-8ae1-462d-a18b-697d1b8628b1
湖州市,0000001500000031000000070000000X,5.83,2017/3/5,330500,53014a6d-7683-4e1e-b28a-a6daed17a9d0
嘉兴市,0000001700000031000000070000000X,2.83,2017/9/5,330400,f1dc9051-ee24-4046-b139-7eec6f49bc2e
台州市,0000001200000031000000070000000X,4,2017/1/15,331000,1f824c8a-81f9-4ff6-a6d8-a53543c03bb3
绍兴市,0000001E00000031000000070000000X,4.5,2017/10/25,330600,d4dd766c-bd94-499c-becf-e2d8465a452d
衢州市,0000000P0000002W000000070000000X,5.67,2018/1/15,330800,c37fe0c1-de62-4888-90a0-4d11d6c0d3ab
金华市,0000002P0000007W000000070000000X,3.9,2017/12/25,330700,5c443cc1-c3b7-4d45-9ee3-738833fef9b4
嘉兴市,0000001Z00000036000000070000000X,5.67,2017/3/15,330400,3d3b3e3c-a3b6-40d7-9179-6a27e416021e
温州市,0000001200000031000000070000000X,4.67,2017/10/25,330300,925d595a-24ad-430b-9325-120eb0c4b60d
绍兴市,0000002U0000007X000000070000000X,4.33,2017/3/25,330600,3e050165-8679-4c1d-970e-207fe69c71ef
宁波市,0000000H0000003P000000070000000X,26,2017/6/25,330200,bc19d11f-6a6c-43be-9e8a-6381ec6ac43c
舟山市,0000000H0000003N000000070000000X,15.67,2017/5/5,330900,ff88d488-136e-4afe-bc03-ecf61f02fbd0
嘉兴市,0000000H0000003N000000070000000X,15.33,2017/4/15,330400,6f424ce8-0e2c-4851-b4fe-00524809cc4a
丽水市,0000000K0000003U000000070000000X,44,2019/1/15,331100,f0047ab9-5cf1-44ad-852e-43877680083a
丽水市,0000001A00000031000000070000000X,4.83,2017/4/25,331100,17ff25e1-b0af-41da-9273-4961985ba5ec
温州市,0000000K0000003U000000070000000X,48,2018/6/15,330300,469e8852-dc32-4cb6-98d7-f8889f655f45
嘉兴市,0000002P0000007W000000070000000X,3.3,2019/1/5,330400,15e2eade-4d69-4a3b-bf6c-b28b7fe1d940
台州市,0000000H0000002T000000070000000X,15,2018/11/25,331000,71675a9d-8121-4965-9b9f-4d88c5da9910
衢州市,0000000M0000003V000000070000000X,12,2018/10/25,330800,2c8338a8-b289-41db-a6f5-75813fe6aab5
湖州市,0000001400000031000000070000000X,7,2017/2/25,330500,9beb03f5-9057-486a-8349-a9aeb0ce0b12
温州市,0000002200000038000000070000000X,3.5,2016/12/15,330300,a22831ad-d40a-4874-ad0b-19fe69bce72c
宁波市,0000001K00000031000000070000000X,3.2,2018/5/15,330200,459225b8-b525-452b-8282-262d02b9d4d9
杭州市,0000000Z00000031000000070000000X,5.07,2018/1/15,330100,a742b6c4-69c3-4c89-ba49-009a874a917a
舟山市,0000000H0000002T000000070000000X,15,2018/12/5,330900,b4cc0750-9483-4aa3-94c4-44699ef85917
绍兴市,0000000G0000003F0000000700000010,13.4,2018/10/9,330600,c3c332a9-0faf-47f9-a956-fdefba29ec44
金华市,0000000S0000002Z000000070000000X,8,2017/10/25,330700,abe6d09b-19d5-4886-b962-568529f2fd9e
宁波市,0000000X0000007T000000070000000X,40,2018/1/25,330200,256b29a6-1333-4eee-9779-608f7a677960
湖州市,0000002U0000007X000000070000000X,3.77,2018/9/25,330500,a836009f-1362-44ab-b3db-8c821ee904af
湖州市,0000000K0000003U000000070000000X,0,2018/12/5,330500,5e7bf8f5-0b3d-4719-9d95-4ffabe455da6
绍兴市,0000000S0000002Z000000070000000X,8.17,2018/5/5,330600,9bdbb246-477f-4460-830e-f044119791be
绍兴市,0000001K00000031000000070000000X,2.67,2017/6/25,330600,262b7768-c2f2-4846-b22c-d6336d1c694e
杭州市,0000001500000031000000070000000X,4.87,2017/3/5,330100,9d94ca10-a558-4c56-8602-38990cb39bcb
台州市,0000000G0000003F0000000700000010,9.8,2018/9/4,331000,e6f7b17b-dcb5-4cb4-ae14-623c4bc73fb4
湖州市,0000000M0000003V000000070000000X,17.33,2017/3/25,330500,79c69df7-a51a-4549-a25a-b5f510eb393c
杭州市,0000001400000031000000070000000X,11.33,2019/2/25,330100,1cc5c3d3-1782-44d9-aa9b-7ab06ef0ca59
丽水市,0000000Z00000031000000070000000X,4,2017/9/25,331100,b51b8bff-af59-4418-b6b0-a02ecd35377d
嘉兴市,0000000S0000002Z000000070000000X,9.67,2017/10/25,330400,5fe2bd34-1ca6-44be-9359-be1822de06bc
舟山市,0000001E00000031000000070000000X,7.33,2018/9/15,330900,9e788ea4-fd56-432e-8ae3-8f484e356976
丽水市,0000000K0000003U000000070000000X,33.33,2017/2/15,331100,18a71fe8-6066-4afa-a947-6938d2273748
衢州市,0000000D0000002R000000030000000X,41,2017/2/15,330800,8a186a99-e546-44de-9265-b87834aaca22
湖州市,0000001A00000031000000070000000X,6,2018/12/15,330500,72d46a83-295d-4258-a5cf-3b06b71788e6
衢州市,0000001400000031000000070000000X,7.33,2019/2/5,330800,42b8c254-fdff-4128-b6a2-a9cb6b2173fd
衢州市,0000000J0000003Q000000070000000X,41,2018/11/5,330800,88e6646f-669e-436e-8dc7-6cdb314d9388
温州市,0000000J0000003Q000000070000000X,46.67,2017/1/5,330300,73039229-9125-421e-a113-6ec324f11bec
衢州市,0000001K00000031000000070000000X,2.67,2018/3/15,330800,e735f7ad-67c6-475d-9a49-b7f24e1c5930
衢州市,0000000C0000002Q000000030000000X,69,2018/2/25,330800,c07cebcf-d732-4029-a186-b6532281902d
湖州市,0000000M0000003V000000070000000X,17.33,2017/4/15,330500,869623f5-b9f1-4b10-b150-f5fd54f38ea7
舟山市,0000000H0000003P000000070000000X,24.33,2018/10/15,330900,d7b74375-3679-44b7-807f-5ce4271d4df9
舟山市,0000000S0000002Z000000070000000X,11.67,2017/11/5,330900,009b577a-d07b-4635-a503-d80e9430dd7c
温州市,0000000G0000003F0000000700000010,10.01,2017/4/18,330300,7c02c7d3-6851-42a8-8028-82e38698d15a
绍兴市,0000000Z00000031000000070000000X,2.5,2017/3/25,330600,ab6dc37d-f62c-48e4-b405-5a966150c3fb
浙江省,0000000P0000002W000000070000000X,5.78,2018/10/25,330000,52f93116-783c-4e81-89d9-10861cecf504
台州市,0000000D0000002R000000030000000X,39.33,2017/4/25,331000,8b9897fb-fd6f-4567-8077-863c77784a4d
湖州市,0000001Z00000036000000070000000X,5.67,2018/2/15,330500,6ef174fc-448e-4ae1-80f7-0c10a402c71c
浙江省,0000001Z00000036000000070000000X,5.94,2018/6/5,330000,d4861d82-9628-4635-9d04-f9cbfad36d4f
杭州市,0000000P0000003E0000000700000010,5,2018/11/6,330100,62685ebb-bec6-40fa-ba73-f5ae6f50d8be
嘉兴市,0000000J0000003S000000070000000X,32.33,2018/1/25,330400,2e093233-cfe9-4968-87a0-b666c93376e8
湖州市,0000001700000031000000070000000X,3.17,2017/8/5,330500,3264ef26-8d0e-4689-8476-afb463c425b5
杭州市,0000000C0000002Q000000030000000X,62.67,2017/8/5,330100,0daf2ae0-7904-4790-97b2-cb50aaad5210
丽水市,0000001700000031000000070000000X,2.17,2017/5/25,331100,cbdeceec-7c51-4435-8187-63560aa56d19
台州市,0000002200000038000000070000000X,2.5,2017/8/25,331000,52cb7c12-4809-434d-b779-1970ee4ee6c6
舟山市,0000001400000031000000070000000X,5,2018/10/15,330900,ba0a0c3f-04e5-4f89-ac50-81a5c16cf8b3
绍兴市,0000001200000031000000070000000X,3.33,2017/4/25,330600,a73cf935-bf5e-4b31-892e-d3f111984198
浙江省,0000000H0000003N000000070000000X,14.31,2018/1/25,330000,ad14717b-b4f8-46bc-ac52-7a277ba5717e
浙江省,0000001400000031000000070000000X,5.02,2017/10/5,330000,67b7c57b-0ec2-41b7-acef-54e6f6250ac4
杭州市,0000000Z00000031000000070000000X,5.83,2018/2/5,330100,30bd72ad-a978-4fad-8a45-1dbdf153c603
衢州市,0000000S0000002Z000000070000000X,8.83,2018/7/25,330800,f4c0667a-b180-4f46-bf65-02990e5007ff
杭州市,0000000J0000003S000000070000000X,39.33,2019/2/25,330100,fc2b3ac8-7c79-4136-94cc-9108622caa1a
金华市,0000000C0000002Q000000030000000X,68.17,2017/2/15,330700,582d782a-7afc-45ed-ba25-0afcf57089ed
杭州市,0000000X0000007T000000070000000X,39.33,2018/8/5,330100,c5d883dc-b96b-41da-9b64-5526827472d2
湖州市,0000000J0000003S000000070000000X,34,2017/5/5,330500,ed5fe1a2-8cd5-407d-a354-2fd1477e9475
绍兴市,0000000C0000002Q000000030000000X,59,2017/5/5,330600,765a6d51-13d6-4f75-b99b-8042744eb7d8
杭州市,0000000J0000003S000000070000000X,37.33,2018/12/5,330100,feeb2436-14bd-45fb-b86a-213cdbf35eed
湖州市,0000001A00000031000000070000000X,10.67,2018/2/15,330500,9c30653b-f507-48c6-969a-2219d9888b01
宁波市,0000000S0000002Z000000070000000X,10,2019/1/5,330200,fa0ffd45-3eb6-4466-9c67-106bb3fcd4c7
衢州市,0000001500000031000000070000000X,3.67,2018/3/15,330800,f756d4aa-6544-47ed-8e40-66fed8271a32
浙江省,0000001500000031000000070000000X,4.74,2017/3/25,330000,180519ff-27da-4593-8415-14a27b5639bb
杭州市,0000001400000031000000070000000X,8.17,2019/1/25,330100,56aca545-a96e-482f-97b2-56a47c28426d
湖州市,0000000J0000003S000000070000000X,34.67,2018/3/15,330500,f2b8804a-85e9-4a15-a8bc-4c6c944cdc8e
浙江省,0000000G0000003F0000000700000010,11.01,2019/1/1,330000,23b6e7a2-bfb9-41e3-b6a0-7d3777cd431a
浙江省,0000001500000031000000070000000X,4.64,2017/4/5,330000,2352c83d-8b03-4362-8443-e945f1fbba86
丽水市,0000002200000038000000070000000X,2.33,2016/12/25,331100,e6746be4-990b-4b89-9720-40ea79d72a0b
衢州市,0000002200000038000000070000000X,2.67,2017/9/15,330800,314faa44-8637-45f9-baf0-23c9dfb065d6
嘉兴市,0000000J0000003S000000070000000X,32.33,2016/12/25,330400,f0c0b25c-ef5f-4977-a682-56b84ec11c1e
衢州市,0000001Z00000036000000070000000X,5.33,2018/6/25,330800,b91fcaf0-a597-4074-b167-e6443d9e2231
湖州市,0000003100000081000000130000000X,72.7,2018/4/5,330500,f436cb5f-ebf0-40c8-81a0-94fde6679ce9
绍兴市,0000000G0000003F0000000700000010,7.2,2018/4/24,330600,bd6e3686-0544-45d8-98ea-ba51b5293431
嘉兴市,0000001700000031000000070000000X,3.5,2017/3/25,330400,5e7a308d-7f26-44de-b7bf-b719351929f0
杭州市,0000000J0000003Q000000070000000X,41.17,2017/4/25,330100,2c7020b3-d85c-4cf1-bc86-e57e55167252
温州市,0000000D0000002R000000030000000X,46.67,2017/9/25,330300,a7fc7289-c8bf-4e2c-97a3-aaf2c9aa4dfd
温州市,0000000S0000002Z000000070000000X,8.67,2017/12/25,330300,521090ec-123b-4d64-96f7-70f5125717a5
衢州市,0000003100000081000000130000000X,83.6,2018/11/5,330800,f1c217d5-537e-4fdf-b040-95962682bfd9
嘉兴市,0000002U0000007X000000070000000X,4,2017/9/5,330400,8a12a455-afb8-4a3a-bbc2-50643f51c94f
杭州市,0000000D0000002R000000030000000X,46.67,2019/3/5,330100,f572f049-8bd5-48d2-b4a1-ca30f6b65412
杭州市,0000000H0000003P000000070000000X,22.67,2018/12/25,330100,2760ceee-e634-4dc8-82ea-2a33b3dc05f9
湖州市,0000001E00000031000000070000000X,4.83,2017/10/15,330500,30461596-3ef6-4044-b0ae-d6f7aa9a5238
浙江省,0000001Z00000036000000070000000X,5.92,2018/1/15,330000,0be4fc76-3414-4588-8319-67c7f9d2de4b
舟山市,0000001E00000031000000070000000X,5,2018/2/25,330900,f1fdebea-a3d4-4dd2-a16a-033f127f806e
湖州市,0000001200000031000000070000000X,3.83,2018/8/15,330500,c9bc16df-bf69-4d9e-9cf9-8ace3c2fde74
台州市,0000001400000031000000070000000X,5,2018/1/5,331000,8bf096e7-a906-43f4-9d8c-25d681797f59
浙江省,0000002P0000007W000000070000000X,3.03,2017/5/5,330000,c0827c57-db9f-4345-bc71-8136eecf1abe
温州市,0000000C0000002Q000000030000000X,60,2019/2/5,330300,1afc1c7a-2cf6-4a13-b058-d81f7c6b2c82
舟山市,0000000H0000002T000000070000000X,14.33,2018/6/5,330900,75a02dfa-ef68-4cd3-9978-0a2dffab9e77
杭州市,0000000S0000002Z000000070000000X,9,2017/1/5,330100,53b4adee-3865-4ef1-ae40-f1760e5a3297
宁波市,0000000C0000002Q000000030000000X,80.67,2017/5/25,330200,e28c3dbf-ee08-4ab2-84c1-3dbb6bce37f3
宁波市,0000000J0000003S000000070000000X,32.53,2018/6/25,330200,eda65468-31ae-4ebd-9a1e-23ca9d8553d3
湖州市,0000000P0000002W000000070000000X,5.83,2018/2/5,330500,a2d6f5f9-ea65-41f1-a05c-446e85666c9f
绍兴市,0000001A00000031000000070000000X,5.83,2018/10/5,330600,ebd0a166-f900-4360-995a-31c6f13c084d
丽水市,0000000J0000003S000000070000000X,36,2018/9/5,331100,49bac3e6-553e-4b55-bd3c-96bb73118192
温州市,0000000G0000003F0000000700000010,9.07,2017/12/5,330300,e3d1ac1b-2ccb-4387-87bc-5a2de5b671ec
杭州市,0000000G0000003F0000000700000010,10.49,2018/12/18,330100,4504ec4e-9d1e-46b6-bb8f-4cec355ada24
金华市,0000002U0000007X000000070000000X,3.93,2018/11/5,330700,90e15d02-f5d3-441b-a450-3a17d95c5552
杭州市,0000000X0000007T000000070000000X,39.33,2018/8/15,330100,b4597a31-c66e-4e89-95ee-df9e888f39f4
浙江省,0000000D0000002R000000030000000X,45.05,2017/2/15,330000,65d3ace4-2418-4f68-8962-b435fa37982d
温州市,0000001E00000031000000070000000X,5,2017/8/15,330300,8e604561-7b20-40d3-b7e6-6e1bd829dc29
杭州市,0000000P0000003E0000000700000010,4.7,2018/12/4,330100,1962c5ae-2274-4fb6-a204-7301dc28fbc3
温州市,0000002U0000007X000000070000000X,4.33,2018/7/5,330300,9bbc3e3f-d026-4444-ba47-d9b9c60de124
绍兴市,0000000H0000002T000000070000000X,15.33,2018/12/25,330600,1c87c057-ba95-4ee5-aa3f-0635ecb0c4d6
浙江省,0000000H0000002T000000070000000X,16.74,2017/2/25,330000,0f38339c-278c-431e-bc2f-f951fefd6bf1
杭州市,0000000K0000003U000000070000000X,33,2017/1/25,330100,a4334c1f-b303-4a01-8cde-34453c909a0c
台州市,0000001E00000031000000070000000X,4.5,2017/7/15,331000,f06b82dd-2c55-4801-a14d-4927cea953df
宁波市,0000001E00000031000000070000000X,4.9,2018/2/5,330200,b2c227ef-3f42-482e-9543-ae6e267674ab
丽水市,0000001700000031000000070000000X,3,2019/1/5,331100,98a02fe9-4369-4381-b709-3f463b235141
绍兴市,0000000H0000002T000000070000000X,16.5,2018/10/5,330600,de914dad-838a-4ad9-9822-505eb08f0556
金华市,0000000J0000003Q000000070000000X,41.67,2017/5/5,330700,e0976f67-349b-4694-8826-c65b80270a7e
舟山市,0000000X0000007T000000070000000X,46.67,2017/8/15,330900,55f64129-987c-4b55-bfb3-14905afc5bc4
舟山市,0000000J0000003S000000070000000X,34.33,2018/2/5,330900,e780450f-6995-496a-839f-956234c55317
湖州市,0000000M0000003V000000070000000X,17.33,2018/12/25,330500,68adafdf-1473-47d6-b9cc-8f35ccb4f3db
丽水市,0000000H0000002T000000070000000X,17,2018/11/25,331100,62a0554c-3a62-4a3b-ac27-dec1c3bd3324
绍兴市,0000001A00000031000000070000000X,5.17,2018/9/25,330600,bbe55fa8-8232-48d5-a699-7daad39e5e54
舟山市,0000000S0000002Z000000070000000X,12,2018/3/5,330900,ed3ff0af-9535-4a79-a505-4ecd039e7998
丽水市,0000000M0000003V000000070000000X,10,2017/2/25,331100,448ed454-c897-49d9-a9ff-878b97572aef
舟山市,0000000J0000003Q000000070000000X,39.67,2017/8/25,330900,43d73f51-5045-4faf-ad30-a25c43f4885e
温州市,0000001Z00000036000000070000000X,6.5,2018/1/5,330300,ed8a1212-1e99-403c-bd29-34e135c976cd
绍兴市,0000001K00000031000000070000000X,3.33,2018/6/5,330600,6f570aa0-2a0d-4db0-81ac-ad70edd0b982
温州市,0000003100000081000000130000000X,63,2017/11/15,330300,3b562817-25a3-4aa1-a348-6dde5aadd473
衢州市,0000002P0000007W000000070000000X,3.06,2018/6/5,330800,7f11fefe-c137-4d01-960c-0eecfa6870e6
衢州市,0000000D0000002R000000030000000X,38.33,2016/12/15,330800,73cf1c72-eb9d-456e-a215-5f4f00785ed7
杭州市,0000001A00000031000000070000000X,6,2018/5/5,330100,724e2322-7242-4b60-b991-cbe6a8857781
嘉兴市,0000001E00000031000000070000000X,4.67,2017/11/5,330400,9102f490-dbe0-4ad9-9527-69ed1136803c
绍兴市,0000000P0000002W000000070000000X,5.83,2019/1/25,330600,30d5694b-a61b-4f32-aa70-3d29c3180c86
丽水市,0000000H0000003P000000070000000X,19.67,2017/12/25,331100,63be6329-9bb0-4388-aa96-aaee143d70d7
浙江省,0000001200000031000000070000000X,3.65,2018/8/5,330000,308b67d5-1eef-413b-9f68-35629df49121
杭州市,0000001500000031000000070000000X,4.23,2017/8/5,330100,9702cd83-3fc3-4895-bf54-9637e07739cf
衢州市,0000002P0000007W000000070000000X,3.06,2018/4/5,330800,006482a3-a0c3-4231-bf62-f34a5592eb60
台州市,0000000J0000003Q000000070000000X,38.33,2017/4/25,331000,242ae965-1ed9-4842-a091-9e5883740fb3
舟山市,0000000J0000003S000000070000000X,33.67,2017/7/25,330900,ba06f842-3d11-456a-b5a2-5ae8220bf809
嘉兴市,0000000D0000002R000000030000000X,38,2016/12/25,330400,f53b9386-110a-4528-9fa8-ad57bf738f31
绍兴市,0000002P0000007W000000070000000X,2.33,2018/2/25,330600,6015c9c1-cf24-4895-86ce-611645e34915
浙江省,0000000Z00000031000000070000000X,4.1,2017/12/5,330000,4f329c8e-8660-4233-bdd8-3beff82506c6
绍兴市,0000000K0000003U000000070000000X,37.67,2017/6/15,330600,2f6b4a4c-727c-443b-8fca-bfad2ba3d1dc
绍兴市,0000000S0000002Z000000070000000X,7.6,2018/12/5,330600,47d80f44-3230-44b8-89af-6327b3a7cdc7
宁波市,0000003100000081000000130000000X,138.33,2019/1/5,330200,5034e633-3158-496d-b5ff-1a71bcfb71b0
温州市,0000001K00000031000000070000000X,3.33,2017/1/25,330300,9033b4e8-fa01-43f1-8f92-f80b4c40ff5f
杭州市,0000001200000031000000070000000X,5.17,2018/12/15,330100,e214cac9-12bd-4f83-83ba-43e3ed2745eb
台州市,0000000S0000002Z000000070000000X,9.5,2017/3/25,331000,4489ed4b-1f65-40d8-beac-c8c0b9701258
杭州市,0000000Z00000031000000070000000X,5.5,2018/7/15,330100,cef3d415-39b0-46ee-a330-794546b9d104
金华市,0000001Z00000036000000070000000X,5.67,2018/7/5,330700,9da572e4-affb-4918-ae66-54d61319eac5
浙江省,0000000H0000003P000000070000000X,24.56,2017/2/5,330000,8c43cdcd-22f1-4c08-9513-322bfdf5cc1a
舟山市,0000000Z00000031000000070000000X,3.17,2017/4/25,330900,245eea27-6fa1-4f50-bc22-64d0649db9fe
杭州市,0000000X0000007T000000070000000X,39.33,2016/12/15,330100,02d99e8d-936a-4211-ab30-714b114bf653
台州市,0000000Z00000031000000070000000X,4.5,2017/7/25,331000,492668df-ca93-45ba-822f-89771357d35c
宁波市,0000000H0000003P000000070000000X,27.83,2017/4/5,330200,273c3f39-484c-4582-be31-30ff5ebe386a
衢州市,0000000K0000003U000000070000000X,34,2017/1/15,330800,0f64dd85-b05b-4399-908c-fd22f50d4cda
衢州市,0000000G0000003F0000000700000010,12.1,2017/1/10,330800,941cbb4f-ad7b-4464-81d1-6c8081fc3f7f
浙江省,0000000Z00000031000000070000000X,5.07,2018/8/15,330000,8b501405-adfc-46d5-a4d1-d399a693991e
台州市,0000002U0000007X000000070000000X,4.5,2018/2/25,331000,2eb48193-7907-402d-8eeb-2abb55baf343
丽水市,0000000J0000003S000000070000000X,36,2018/4/5,331100,8624c423-8642-4b59-af36-4531585a4583
杭州市,0000000H0000003N000000070000000X,14.33,2017/11/25,330100,91700bf2-b9d3-4ebb-ba7b-fe3ead6219d9
温州市,0000000S0000002Z000000070000000X,9.33,2018/12/25,330300,95271be5-6293-4328-af9a-f2269c4a34d3
湖州市,0000000D0000002R000000030000000X,37.67,2017/11/25,330500,8daeb1df-a7fb-4b4d-a1b3-804553257b1b
绍兴市,0000001700000031000000070000000X,2.83,2018/6/5,330600,fa7502a4-8ab2-442b-9e05-7d94a304e2b0
温州市,0000001400000031000000070000000X,5.5,2017/8/5,330300,e7a1af00-cf7b-4dd7-9a13-bb05266fe073
绍兴市,0000000J0000003Q000000070000000X,49.33,2019/2/5,330600,26e01563-f12a-4edd-b4aa-e4f85a1bef88
浙江省,0000002200000038000000070000000X,3.15,2017/8/15,330000,7c5713ba-bf8f-46dd-9aa0-ef7d75c8b014
湖州市,0000000K0000003U000000070000000X,0,2018/3/5,330500,40b51d50-fed5-4a56-b991-8fb998fd1afe
丽水市,0000000P0000002W000000070000000X,4.67,2016/12/25,331100,eeddee4f-08cb-4685-b70b-291ccba6facd
衢州市,0000000K0000003U000000070000000X,35,2017/11/15,330800,3420c0c8-03d3-4d82-a069-a86c215f01ce
宁波市,0000000G0000003F0000000700000010,11.04,2018/12/11,330200,f6fa7cc3-cd06-4fa9-99f6-0f286a15efd9
嘉兴市,0000000J0000003S000000070000000X,32.33,2017/11/25,330400,e14824a7-4e9e-4af0-b069-75f208228d98
丽水市,0000000X0000007T000000070000000X,37.33,2016/12/15,331100,62206298-7ac1-46a2-87e6-57b6e5b7271c
宁波市,0000001500000031000000070000000X,4,2017/7/15,330200,9b064701-538b-47d2-82d1-4f2fdb28c033
宁波市,0000000D0000002R000000030000000X,46.43,2017/4/5,330200,ad8194b1-a30e-4dd1-b0c4-8ae24387b6cf
金华市,0000000G0000003F0000000700000010,9.6,2017/9/19,330700,f8e5f832-c9ae-491a-bb4b-44f1e4af7187
浙江省,0000000C0000002Q000000030000000X,64.06,2017/4/15,330000,9d15e9d1-2591-490b-bd95-2da5199af970
绍兴市,0000000K0000003U000000070000000X,37.67,2017/7/25,330600,34653878-5c61-4fa5-b6e1-8e53268ac292
台州市,0000000G0000003F0000000700000010,10.6,2018/9/11,331000,921fcef3-48ce-4a28-b310-9d2b7c0dd8cb
舟山市,0000002200000038000000070000000X,4.5,2018/8/5,330900,65de842d-bb09-4927-94f7-0b14de556145
舟山市,0000002P0000007W000000070000000X,3.1,2017/4/15,330900,feb99f55-c605-4b3a-8fef-a2a9263723c3
舟山市,0000002P0000007W000000070000000X,3.33,2018/2/5,330900,b0ba1b77-eb73-46ae-9888-09e2480631f8
宁波市,0000001E00000031000000070000000X,5.23,2017/9/5,330200,967f4ba7-b5bb-4caa-aa8f-68dab8a61e8a
衢州市,0000002U0000007X000000070000000X,4.33,2017/3/15,330800,709ec091-9fe4-4100-b440-54cc65f1714d
金华市,0000000H0000003P000000070000000X,20.67,2017/8/15,330700,1a935216-13e9-442f-805e-f58aac435b22
金华市,0000000G0000003F0000000700000010,9.2,2018/8/28,330700,d55a1793-1cf7-4ea1-adc0-5fdede601af3
台州市,0000001K00000031000000070000000X,2.5,2019/1/5,331000,1c3a4003-53e2-4ea5-b734-7e63195d963d
衢州市,0000000P0000003E0000000700000010,2.5,2017/6/27,330800,68e70fc6-d8c0-45dc-a0ba-0fb1e36841f9
宁波市,0000001A00000031000000070000000X,6.5,2018/3/5,330200,da82a5bf-5cb5-49e7-9978-25be34bead5c
杭州市,0000000H0000003N000000070000000X,16,2017/4/5,330100,af94e239-9830-413f-b95a-f3cea5b899a5
金华市,0000000J0000003S000000070000000X,34.67,2017/7/25,330700,1bc498af-265f-4830-8b50-ff47fbd9b0a0
台州市,0000000H0000003P000000070000000X,24.83,2018/8/25,331000,8ded42bf-ccea-4f2b-ba12-e36d00ac8065
浙江省,0000000X0000007T000000070000000X,41.37,2017/5/5,330000,b1d2c820-535a-4c7f-9e57-1201ab6bc1d2
浙江省,0000000X0000007T000000070000000X,41.18,2017/4/25,330000,299c852a-4abb-4aa2-a7e6-940d5d358785
舟山市,0000000S0000002Z000000070000000X,11.67,2018/4/25,330900,ff9bf8f0-7622-4262-aa7d-d9d143c5432b
温州市,0000000P0000003E0000000700000010,4.85,2018/10/9,330300,7c1ce0fb-ce53-47b5-926b-4688acd6a49a
舟山市,0000002U0000007X000000070000000X,5,2017/5/5,330900,9767bcc5-6be9-495c-baa0-4208d0caf4ea
杭州市,0000001Z00000036000000070000000X,7,2017/9/5,330100,559cf0c0-c312-4dc9-96d8-c7f45419bee1
衢州市,0000001K00000031000000070000000X,3,2018/12/25,330800,55070241-8975-431a-8b76-089e8b2905ec
温州市,0000001E00000031000000070000000X,6.17,2018/9/5,330300,804ff923-e864-4630-9f97-248a4ec07c5c
台州市,0000000M0000003V000000070000000X,10.67,2018/4/5,331000,949b7a6f-ba80-4814-84cc-486f73ee520e
温州市,0000000J0000003Q000000070000000X,50.33,2018/10/15,330300,3761f544-6ea9-47c1-b2fe-846f571a379b
浙江省,0000001200000031000000070000000X,4.67,2017/2/25,330000,9685eff4-801a-4ab3-be05-4afd7b88e5ab
台州市,0000000C0000002Q000000030000000X,63.33,2018/5/15,331000,bcf654f4-a8fa-43ed-ad13-9b81a1ce7b2e
绍兴市,0000003100000081000000130000000X,66,2018/6/5,330600,8475c2e4-d859-49c3-a4c3-12fb1106b8b1
舟山市,0000000M0000003V000000070000000X,14.67,2018/7/5,330900,78425591-55b9-4542-b0bd-aca15176e745
金华市,0000001E00000031000000070000000X,4.5,2017/8/5,330700,2687477f-565d-4ad7-b731-7b79d53016cb
衢州市,0000001400000031000000070000000X,6,2017/4/5,330800,29180d82-9924-4597-8ea7-4e75b6793c07
金华市,0000001E00000031000000070000000X,2.67,2018/12/25,330700,9f5ebf48-1c00-49d0-8b77-a923a73b2868
丽水市,0000001A00000031000000070000000X,5.33,2018/12/5,331100,c6645560-3b45-416e-9003-3e8439e69341
浙江省,0000000P0000003E0000000700000010,5.18,2018/9/4,330000,5dbca081-9ee1-4475-97d1-5ff1d1ba9089
金华市,0000002200000038000000070000000X,2.5,2017/3/25,330700,5a76d80a-911c-44d1-b9d0-44f140fc5d7e
丽水市,0000001700000031000000070000000X,2.67,2018/3/15,331100,2249cd44-e275-44fc-83c8-be5751d5eecb
宁波市,0000002200000038000000070000000X,3.93,2017/6/15,330200,fd2d717a-3b87-486b-8b66-6adf3aa4b63d
嘉兴市,0000002200000038000000070000000X,3.83,2018/5/15,330400,9ff38136-5fd2-4afa-8a55-cf1078872645
杭州市,0000000J0000003Q000000070000000X,42,2018/9/25,330100,063d9b9b-0823-4117-9a0d-db356f6fb64f
衢州市,0000002200000038000000070000000X,2.67,2018/10/5,330800,d72e6b3a-6715-48b1-b5a5-1e93319cf4b9
宁波市,0000001A00000031000000070000000X,5.43,2018/12/25,330200,2251e80a-c514-4b29-ad5e-42aecf6c0299
金华市,0000000J0000003S000000070000000X,34.33,2017/12/5,330700,49b08ab3-bc68-442f-956f-6468953efb8f
浙江省,0000002200000038000000070000000X,2.99,2017/11/5,330000,e1a4946b-bb9e-49e7-aab3-3a1a9165a770
嘉兴市,0000000H0000003P000000070000000X,21.67,2017/7/5,330400,afacfb6b-6d2d-430b-b506-e87d889bcd0d
丽水市,0000001Z00000036000000070000000X,5,2017/6/5,331100,939feddb-407f-4bef-8c99-bec99c5aa910
宁波市,0000000P0000002W000000070000000X,6.1,2018/12/15,330200,334511ec-b451-42a1-902a-52618aa4bf9e
绍兴市,0000000D0000002R000000030000000X,49.33,2018/8/5,330600,c0e3320e-42b4-4a13-83a6-ad0d95095c3c
丽水市,0000000H0000003P000000070000000X,19.33,2017/4/15,331100,1866fd79-54ba-4d97-b9bd-53836aeceb2b
衢州市,0000003100000081000000130000000X,93.27,2017/11/25,330800,fa08aa2e-8731-4423-b766-d5b760b20016
温州市,0000000H0000003N000000070000000X,17.33,2018/1/15,330300,6ce2cc81-8ed8-4e48-b237-bbef25fadf0d
宁波市,0000000Z00000031000000070000000X,7.2,2018/10/25,330200,0a41069e-e8e9-408d-b8e8-c332756e66cd
衢州市,0000000H0000002T000000070000000X,17,2018/4/15,330800,e5ded366-0a0a-4f02-a13b-ce991700a4f1
杭州市,0000001400000031000000070000000X,6.27,2018/1/25,330100,8898b244-cb8b-486c-b945-476e17c09377
衢州市,0000000X0000007T000000070000000X,22.67,2017/11/15,330800,894cb245-8697-44cd-a6b6-a4656a0a2a8b
温州市,0000000H0000002T000000070000000X,18.67,2018/2/15,330300,2f26658b-980a-446d-9bcb-8a20bba1a177
宁波市,0000002U0000007X000000070000000X,4.6,2018/7/5,330200,56d23e88-2867-4724-8402-dd3a35518706
杭州市,0000000Z00000031000000070000000X,3.17,2017/4/5,330100,2e9ee97f-5366-4052-9bd9-bd8af635cc96
金华市,0000000J0000003Q000000070000000X,41,2018/4/25,330700,805998e4-f545-43a7-a9b0-e7535cfdccc8
浙江省,0000002P0000007W000000070000000X,3.12,2018/8/5,330000,2a6ed698-2814-4def-993d-9dc872671ad5
衢州市,0000000K0000003U000000070000000X,32.33,2018/7/5,330800,00b9794e-f98f-4684-ba53-5c2fbdd6b3a6
杭州市,0000001A00000031000000070000000X,5.37,2017/5/15,330100,47da6d4b-4815-4cc1-b84b-36cdd3c3c8c0
衢州市,0000000G0000003F0000000700000010,9.8,2018/2/6,330800,14da6920-ff39-42ee-b603-ae18d315998b
舟山市,0000000G0000003F0000000700000010,8,2018/5/8,330900,a1002221-96d3-4d75-bc7a-9e7edc4ef98d
舟山市,0000000J0000003Q000000070000000X,42.67,2018/2/5,330900,fb4f7fe1-8d35-4803-a52e-1301889e162c
衢州市,0000000H0000003N000000070000000X,14,2018/2/5,330800,ac17816a-ad88-405d-92d8-32eb516a0ae3
舟山市,0000001K00000031000000070000000X,3.83,2017/11/5,330900,6f5d6152-4f47-42c6-b36f-15736036cf03
杭州市,0000000D0000002R000000030000000X,45,2017/3/5,330100,a91f2d85-a868-4022-96aa-4988a659f24b
温州市,0000000K0000003U000000070000000X,48,2017/6/25,330300,b45bb6fb-4059-4e68-94e2-ace5da2229fa
浙江省,0000001A00000031000000070000000X,6.18,2018/3/15,330000,6ed7c6c5-292c-48d7-934b-8cf90f5477a0
温州市,0000000G0000003F0000000700000010,10.41,2017/3/28,330300,284dd9c2-7abe-4fba-8580-ef09ecde4d36
舟山市,0000002U0000007X000000070000000X,4.33,2018/7/15,330900,5cf5eeb4-e76b-4c7a-9710-2cd94b8a638b
浙江省,0000001700000031000000070000000X,2.82,2018/6/5,330000,5417a0a6-5bfd-4e12-b2f8-a85ecac66c8e
台州市,0000000P0000003E0000000700000010,2.52,2017/5/2,331000,50eb4ebc-4475-467e-b73e-dd7477a2393d
舟山市,0000001400000031000000070000000X,4.67,2017/9/25,330900,87cab7ee-6a9e-40a6-ae13-8fa35aa10907
绍兴市,0000001400000031000000070000000X,5.67,2018/6/5,330600,e48a545f-b358-44d4-b205-c565b07046ec
嘉兴市,0000003100000081000000130000000X,79,2017/8/15,330400,9eb250a4-b0b1-4733-8b3a-c4aa6b0c4a9c
丽水市,0000001Z00000036000000070000000X,6.6,2019/2/15,331100,e2e3d87b-394d-48f3-b555-d7dfd269f33b
金华市,0000002200000038000000070000000X,3.1,2017/12/25,330700,30382934-10bf-4d57-a5fd-f71d6c7c1e08
湖州市,0000001Z00000036000000070000000X,5.67,2018/7/25,330500,80ba9c5e-af1b-4e93-b718-cb5e2f86d518
台州市,0000001500000031000000070000000X,4.33,2017/2/25,331000,f95e5d1c-58ce-40a7-b60a-aa6d6a119c80
台州市,0000000J0000003Q000000070000000X,38.33,2018/8/15,331000,63fa298f-1b72-4c69-8125-de7797d9b67b
舟山市,0000000J0000003S000000070000000X,33.67,2017/10/15,330900,fd311f84-3a7e-4e9c-9b18-c827ff80e47d
宁波市,0000001200000031000000070000000X,3.43,2017/7/25,330200,22e2d3bf-7038-4a61-a0c6-ccf6f2be9218
嘉兴市,0000000J0000003Q000000070000000X,40.67,2017/5/5,330400,8616c6a2-5006-4901-be33-3579bf618dd3
温州市,0000000H0000002T000000070000000X,21,2019/1/25,330300,7ac3569f-57b5-4020-babb-d82b42c3d633
杭州市,0000000M0000003V000000070000000X,10.67,2018/8/25,330100,13e687c1-00f0-4e1a-ba3c-dc4dd2b5ac4a
丽水市,0000000G0000003F0000000700000010,9.5,2017/9/26,331100,3e8747e1-8ef4-4c82-9f24-551e8b68341f
丽水市,0000000J0000003Q000000070000000X,37.33,2017/5/5,331100,0057ec41-21c3-42b1-8c64-699d36c23b0d
金华市,0000000H0000002T000000070000000X,15.83,2017/3/25,330700,73a12082-3d5d-485b-8316-80960debd88d
衢州市,0000000J0000003S000000070000000X,38,2019/1/5,330800,b5a26244-36cc-4e0f-bbc1-2fc4d04ce6ad
宁波市,0000000H0000002T000000070000000X,15.33,2018/12/25,330200,55070004-7723-4f77-a877-80c92992ca78
丽水市,0000000Z00000031000000070000000X,3,2017/12/5,331100,bcb77522-60b3-49e5-81bd-65e53fa974ab
温州市,0000000H0000002T000000070000000X,17.33,2018/3/25,330300,df937c3a-f89f-451d-ac0e-996ee7f344fe
绍兴市,0000000X0000007T000000070000000X,37.33,2018/10/15,330600,5b7f431e-3a09-4104-be79-7ee68e84c748
丽水市,0000000K0000003U000000070000000X,33.67,2017/10/25,331100,23f86df9-4ace-4514-9645-2cdfdf4383d5
丽水市,0000003100000081000000130000000X,84,2018/2/25,331100,4b617766-5711-425d-876d-b1b45119a4b0
台州市,0000002200000038000000070000000X,2.17,2017/12/5,331000,0ba4fed2-f88f-4ed2-b342-df12e2f0f2db
浙江省,0000001Z00000036000000070000000X,5.91,2018/8/15,330000,0e5e1a12-79db-496a-a3ad-be5aa35c8039
嘉兴市,0000000C0000002Q000000030000000X,66,2017/5/5,330400,7e124156-137e-4332-9c40-854efc592772
宁波市,0000001500000031000000070000000X,5.7,2019/1/25,330200,53ec9f20-bf49-4853-86c2-0ce708ec7df9
杭州市,0000000S0000002Z000000070000000X,8.5,2017/4/5,330100,a74570ed-c455-48a7-8a49-50524fc8805b
绍兴市,0000001K00000031000000070000000X,2.83,2017/7/5,330600,9fe0994c-d319-4fe9-b0b6-50aa403302d6
温州市,0000001Z00000036000000070000000X,7.33,2019/1/5,330300,32b8cf8f-70a6-4328-a221-d3e63fd70da5
宁波市,0000001K00000031000000070000000X,3.57,2016/12/15,330200,5b87853b-559c-409d-85a0-28f9823e481a
台州市,0000000J0000003S000000070000000X,38,2019/1/5,331000,536d343b-caa2-4d2d-88f8-1b4a42109dfc
丽水市,0000000M0000003V000000070000000X,9.67,2016/12/15,331100,867ca48d-2f2a-47e1-b02e-f2adee7632b5
舟山市,0000001K00000031000000070000000X,4.5,2017/8/15,330900,d994bb79-5df2-4b5a-81ee-3bb9a024beb6
绍兴市,0000001400000031000000070000000X,5,2017/5/5,330600,140b28a8-b5bc-447d-8241-dfd2bdb81f99
舟山市,0000000Z00000031000000070000000X,3.5,2017/6/5,330900,450492c1-99ae-407e-b782-93e09394be07
湖州市,0000000J0000003S000000070000000X,37,2018/11/5,330500,b432440f-3129-4edf-943e-0e42ec3929bc
温州市,0000001400000031000000070000000X,7,2018/5/25,330300,9230fd3b-6fa1-4793-9aae-b7af964f0717
宁波市,0000002200000038000000070000000X,4.33,2018/12/5,330200,ddef7be7-4c8d-4d67-88f6-0d4d7376be10
湖州市,0000001K00000031000000070000000X,3,2017/4/25,330500,62ce33bf-c372-43d1-8dd2-8fb3facc4f7b
金华市,0000000P0000003E0000000700000010,3.6,2018/7/3,330700,4e584098-5f28-43c2-8ac2-eb9aae439e61
金华市,0000000D0000002R000000030000000X,44.67,2017/5/15,330700,e2ea120b-6ec3-4c47-b1de-8add30a8263f
湖州市,0000001400000031000000070000000X,7,2017/3/5,330500,236916c4-1f8b-4d90-bd70-6e964ab7da96
湖州市,0000003100000081000000130000000X,73,2019/1/25,330500,d650114c-97e0-4739-adc1-de3f299b756f
丽水市,0000001700000031000000070000000X,2.33,2017/9/5,331100,39983588-3c45-45dc-b052-ab4df47eef27
金华市,0000000D0000002R000000030000000X,42,2019/2/15,330700,877eba3e-0f5f-48c5-ab29-a8c92772d073
嘉兴市,0000000D0000002R000000030000000X,36.33,2018/10/5,330400,74260952-eaa2-4445-9c13-869dc9c215b8
杭州市,0000001E00000031000000070000000X,5.17,2018/7/15,330100,c8331c22-7311-41c0-93b9-d21736b7303e
温州市,0000000Z00000031000000070000000X,4.33,2018/1/15,330300,657a1ec5-e4bc-4f6d-9e88-bfabe4308811
衢州市,0000000H0000003P000000070000000X,23.67,2017/4/5,330800,1c7ada0e-962e-46de-8644-de7b37316932
浙江省,0000000X0000007T000000070000000X,34.9,2018/12/5,330000,a9bc1909-799d-441b-8fa8-548b0bab4c0f
宁波市,0000000H0000002T000000070000000X,16.17,2017/4/25,330200,0b67f798-8f57-47f2-9963-3d5ae16303cd
温州市,0000000X0000007T000000070000000X,52.67,2019/2/15,330300,547e859a-7137-4154-8b3c-e7de84c9b852
湖州市,0000001K00000031000000070000000X,4.33,2018/3/5,330500,8601e9da-b786-48f7-9dbd-5919d80a70ea
舟山市,0000002200000038000000070000000X,4.5,2019/1/15,330900,0c904fee-583d-4360-bd68-64dda940a727
宁波市,0000000J0000003Q000000070000000X,39.17,2017/2/5,330200,70f74c52-7157-44b1-ae8f-e6950206e3ed
温州市,0000001400000031000000070000000X,6.83,2018/5/15,330300,1d6e3f15-1dd2-4093-afe7-b07b6bbc69a0
金华市,0000000D0000002R000000030000000X,44.67,2017/7/5,330700,b7376810-e487-4506-87f2-a25819bdf368
温州市,0000001200000031000000070000000X,5,2017/9/5,330300,1cec9ec7-b671-40ff-81d1-b2d41e83cf0a
湖州市,0000000H0000002T000000070000000X,16.33,2018/1/25,330500,49701d6b-621f-4d05-aa48-e7e3f391000b
绍兴市,0000000Z00000031000000070000000X,3.33,2018/4/25,330600,b3c6ed69-eaeb-41a4-a269-d278b3422459
台州市,0000001700000031000000070000000X,2.17,2017/9/5,331000,373bce3b-971b-4121-8598-67df2cf64be6
丽水市,0000001400000031000000070000000X,4.67,2018/12/5,331100,cc456ec1-1965-4d37-baf1-2e0ae17df6f3
宁波市,0000000J0000003S000000070000000X,30.33,2017/12/15,330200,b44ac91f-29cc-4787-ac1a-05af4827a3f7
衢州市,0000001200000031000000070000000X,3.5,2018/4/25,330800,dcd92242-8e79-4ae9-b44e-d99791610ce3
台州市,0000000P0000002W000000070000000X,3.87,2017/4/15,331000,38065d47-902e-4f25-a252-6397dd292302
舟山市,0000000D0000002R000000030000000X,44.97,2018/5/25,330900,80ff2eb5-a30e-4567-b864-01c3aa365279
湖州市,0000001700000031000000070000000X,3.17,2018/11/15,330500,8de3bdaa-f746-4dc8-be14-4db28b974c85
杭州市,0000001700000031000000070000000X,2.5,2018/12/5,330100,653ecc60-5c02-4d98-8577-0aadc3a4779e
宁波市,0000001A00000031000000070000000X,4.7,2016/12/15,330200,a6c06233-cba7-48e7-869a-1e7aa7bb58b8
衢州市,0000000D0000002R000000030000000X,37,2019/3/5,330800,032eb7ab-88c2-4b9b-908b-0988fb911622
衢州市,0000001E00000031000000070000000X,3.67,2018/1/5,330800,5ee61762-cde5-4bc7-b0bf-7c4fda736d13
浙江省,0000000G0000003F0000000700000010,9.73,2017/8/8,330000,d42bdb7e-ecc6-4b6b-a46a-2d9c1c9a710e
宁波市,0000001E00000031000000070000000X,4.6,2019/2/25,330200,69ce846f-e672-42f4-ae67-1a3497408321
嘉兴市,0000000X0000007T000000070000000X,31.67,2018/4/15,330400,63edd02b-7eb6-4ab8-b4d3-c12b96de80dd
杭州市,0000001500000031000000070000000X,6.17,2019/2/15,330100,565eb029-5d33-47a3-a0a7-975d5287f4b8
湖州市,0000000M0000003V000000070000000X,17.33,2017/4/5,330500,5ee5f793-9719-4f5b-ad0a-32ae7d5bae4f
宁波市,0000002200000038000000070000000X,4.27,2018/9/5,330200,46a37859-811f-4be9-9739-8d3ed9862949
湖州市,0000000H0000002T000000070000000X,16.33,2019/3/15,330500,81a9b672-926b-4b26-94c1-1beaa3ac5b18
金华市,0000000D0000002R000000030000000X,44.67,2017/4/25,330700,c532511d-a51b-4209-a342-98fcac736ecb
宁波市,0000000C0000002Q000000030000000X,79.5,2017/8/5,330200,76077d97-5ad8-40f5-b9c4-fff99900627f
衢州市,0000001K00000031000000070000000X,2,2017/4/15,330800,fe193fa3-d338-4ecb-921a-3c106be069bc
浙江省,0000000S0000002Z000000070000000X,9.48,2017/9/25,330000,a9ffb246-6a6b-4606-92d5-4a0f82940235
杭州市,0000001Z00000036000000070000000X,6.67,2017/7/25,330100,f2052cf4-817c-47f4-b7f9-a0892136e09e
杭州市,0000000S0000002Z000000070000000X,8.57,2017/7/5,330100,9e2ee82e-a5d0-4275-b734-b070fff1bd1b
宁波市,0000001E00000031000000070000000X,5.17,2017/10/15,330200,011b56ef-ec99-4502-ace3-29276a7eb301
湖州市,0000002U0000007X000000070000000X,3.6,2017/7/15,330500,9d70903a-786c-43a4-8b01-2b42b657d32d
台州市,0000000D0000002R000000030000000X,38.67,2018/10/15,331000,796f11bb-b42e-4876-9933-c76d87ba558a
嘉兴市,0000000M0000003V000000070000000X,11.83,2018/2/25,330400,2d645cfe-27b6-4e23-bdcd-f62fc5ec5e62
浙江省,0000000H0000003N000000070000000X,15.04,2018/9/15,330000,58a96bb0-d82f-4b27-b625-8cfc71cae973
丽水市,0000000P0000003E0000000700000010,4.6,2017/11/7,331100,05f3339d-f4e3-4d43-993d-e8dccbadd444
金华市,0000001700000031000000070000000X,2.33,2017/10/5,330700,8f45a35a-a214-4aa5-bc4f-62cb3b858d43
温州市,0000000J0000003Q000000070000000X,46.67,2018/4/15,330300,43e7b545-5306-4ea1-96ac-ab1edb49e5e4
丽水市,0000000K0000003U000000070000000X,40,2018/2/25,331100,83946240-b2bd-493a-9c68-55decc7d68b8
杭州市,0000001500000031000000070000000X,4.5,2017/10/15,330100,84f6ee97-8e6f-40f7-9437-8149028141b4
杭州市,0000002200000038000000070000000X,3.53,2018/5/5,330100,ca1bc9f7-cc26-4390-af50-48968b818900
衢州市,0000000Z00000031000000070000000X,3.83,2017/9/25,330800,62b47fec-7092-42a0-99ea-a59b0d7960c3
台州市,0000000J0000003Q000000070000000X,40,2018/11/15,331000,70b67c85-ba31-4c44-8906-43e25d41c9a0
舟山市,0000000P0000002W000000070000000X,5.33,2018/4/5,330900,26249933-8a68-4f40-9a19-1fe66c23ba9c
嘉兴市,0000001K00000031000000070000000X,4.83,2017/9/15,330400,e3e91054-8e66-46b0-b84a-192dc4062e0b
温州市,0000001A00000031000000070000000X,4.83,2018/6/15,330300,d3d461fa-2ec3-498e-9758-d8b55d214fb9
台州市,0000000S0000002Z000000070000000X,10.33,2018/2/25,331000,c4a8a563-2dd3-4797-9f9b-36e67d4e75f4
丽水市,0000000K0000003U000000070000000X,38.67,2018/10/25,331100,03a6190b-bde4-4227-9be5-369f3ec26c92
衢州市,0000002P0000007W000000070000000X,3.06,2018/5/5,330800,3fd76be2-169c-4f6e-b1bf-7c2b7ff580bc
温州市,0000000S0000002Z000000070000000X,9.17,2018/2/5,330300,525159d6-0b67-4ca0-a009-060037991cd1
舟山市,0000001700000031000000070000000X,2.5,2018/12/25,330900,a0e17159-313c-4640-8dfe-8c2b476197ea
衢州市,0000000G0000003F0000000700000010,9,2017/8/1,330800,ce9e3b8a-c79e-4de6-ad17-abccf463c6b5
浙江省,0000000C0000002Q000000030000000X,63.73,2018/1/25,330000,d5534b57-bb81-4d21-a3e3-c8412249ab77
丽水市,0000002U0000007X000000070000000X,3.66,2018/7/15,331100,05d40352-f3f7-4fe3-9dcb-c8fa6f4e49c3
湖州市,0000000H0000003P000000070000000X,18.67,2018/2/25,330500,d5ef3b7b-9c27-416f-8f0d-34ab34ecc95e
嘉兴市,0000001500000031000000070000000X,4.17,2018/8/25,330400,ef43a56d-346e-4b00-b110-dae9655e171e
杭州市,0000001A00000031000000070000000X,6.5,2018/3/15,330100,d6e772f2-358e-43c9-a77b-b5854887d13e
温州市,0000001K00000031000000070000000X,3.83,2018/4/25,330300,3f971560-8857-4db4-818f-556e11851b5e
绍兴市,0000000D0000002R000000030000000X,49.33,2019/1/15,330600,7ec51db1-7433-4a4a-87f6-0c83c5663629
温州市,0000001A00000031000000070000000X,5,2018/8/15,330300,fd85c54f-fcd1-4f2f-b515-56981047b732
温州市,0000000J0000003S000000070000000X,43.33,2017/9/15,330300,772853f5-ed21-48f9-929f-3d6409027887
杭州市,0000000H0000002T000000070000000X,17,2018/2/15,330100,8178f5a9-50fb-4893-accb-ef2774816953
温州市,0000000P0000002W000000070000000X,5.7,2017/9/25,330300,b42666ff-adea-419c-a1d2-30059aa8d4b7
嘉兴市,0000000D0000002R000000030000000X,39.33,2017/4/5,330400,41efe3c3-ee46-43f0-bedf-8a523befc2d7
丽水市,0000001E00000031000000070000000X,3.5,2019/1/25,331100,542b70c2-74d0-469a-8fed-b233a98fc41d
宁波市,0000001400000031000000070000000X,6.47,2017/1/15,330200,ac0e5663-f0ce-416c-92a5-297e1443bb0e
绍兴市,0000000K0000003U000000070000000X,40.67,2018/10/5,330600,f4af08e2-7895-4c94-adce-3842ad55f4e0
宁波市,0000002200000038000000070000000X,4.33,2018/11/25,330200,4137bd94-fc9f-4338-9c81-177e1f3374b5
杭州市,0000000J0000003S000000070000000X,35.83,2018/3/5,330100,c4ebffb8-a15e-4155-bc93-90ed46076513
温州市,0000000Z00000031000000070000000X,4.17,2018/3/25,330300,642c3a48-6866-46a2-aba2-2eedfe34c6ea
宁波市,0000002P0000007W000000070000000X,2.93,2018/5/25,330200,72e4d395-8714-43d3-a755-c27766712120
温州市,0000000Z00000031000000070000000X,3.67,2018/12/5,330300,07faf2e2-5a4e-4bac-a5de-ec628f36ca9b
绍兴市,0000000M0000003V000000070000000X,9.67,2017/5/25,330600,1ff68e20-142f-46af-a693-cff0711a98e9
湖州市,0000000H0000003P000000070000000X,19.33,2017/2/25,330500,86066263-cbc6-4f68-b1cf-c289c871168f
舟山市,0000000J0000003Q000000070000000X,43,2018/11/25,330900,8dd4abb3-de46-4abe-bba6-c45252d47713
舟山市,0000000J0000003Q000000070000000X,41.67,2018/5/25,330900,fc9f96e9-6be8-475b-a35f-d3f67d79ddf2
温州市,0000000G0000003F0000000700000010,7.58,2018/3/13,330300,cc5fbfec-7bad-47be-bb23-6503648ee6b6
嘉兴市,0000000P0000003E0000000700000010,5.43,2018/10/2,330400,bee31f29-961f-43e4-93c4-7a8c03c8f7ec
台州市,0000001K00000031000000070000000X,2,2017/5/5,331000,b905a101-b399-4c52-94f8-f5789b467a8f
浙江省,0000001400000031000000070000000X,5.93,2018/1/25,330000,2573aca7-a7e6-45b9-b217-56e8e5298e88
丽水市,0000000Z00000031000000070000000X,5.17,2018/10/15,331100,ccafd6ee-d705-4547-8293-2f98f142f35c
舟山市,0000000G0000003F0000000700000010,8.8,2018/6/26,330900,6d4a6646-9d09-45db-8007-83be9186b212
浙江省,0000000Z00000031000000070000000X,3.6,2017/2/5,330000,90ee9da9-6ff7-4c70-9ae1-b009ccd9e98f
宁波市,0000000H0000003N000000070000000X,15.5,2017/3/15,330200,f8b975e8-2c6f-4d32-b820-d3d17d673d56
湖州市,0000001K00000031000000070000000X,3.83,2017/11/25,330500,7473f2ff-26c5-4ddc-90b4-66c585224fd3
舟山市,0000000Z00000031000000070000000X,3.5,2017/1/25,330900,d95961c6-3086-4956-843f-4f98af056f6c
湖州市,0000001400000031000000070000000X,5.33,2018/4/25,330500,35af43b1-d114-4220-9b7d-5cde6cfc420f
湖州市,0000001Z00000036000000070000000X,5.67,2019/2/5,330500,b88163f6-a0dd-4428-a723-94e3eff805a8
浙江省,0000001700000031000000070000000X,2.95,2018/3/25,330000,b4f4e55e-a59d-45c1-820b-92cc5d04c2ee
衢州市,0000000M0000003V000000070000000X,10.5,2017/7/25,330800,ad8b4987-73a9-4bc9-bbe8-9b1b0dac76a1
嘉兴市,0000000J0000003Q000000070000000X,40.67,2017/5/5,330400,e2cbd891-cc6a-4dec-b4fe-ebbea8d63c00
杭州市,0000001200000031000000070000000X,4,2018/6/15,330100,538779c8-448c-472c-b7fa-5035d59f620b
宁波市,0000003100000081000000130000000X,171,2016/12/25,330200,ec30d9f9-d7d2-488e-b02c-6e287c50bdb4
衢州市,0000000X0000007T000000070000000X,25,2018/10/15,330800,4b947b16-1b36-4c06-b389-459fc616cb71
丽水市,0000000G0000003F0000000700000010,7.8,2018/6/19,331100,5ce7b1e7-375c-4993-b0f4-50dc7ac21615
舟山市,0000001E00000031000000070000000X,4.33,2018/5/15,330900,876725ff-3aee-4a62-b0cd-a7e045f9ac5a
台州市,0000000J0000003S000000070000000X,38.33,2019/2/15,331000,1d4224c7-0fa1-4be1-b571-97bb20b14d82
舟山市,0000001K00000031000000070000000X,3.5,2019/2/25,330900,a9c057da-28f7-4672-a8cd-05f3ddb010f4
湖州市,0000001E00000031000000070000000X,5.5,2017/7/15,330500,71a52d70-2345-4b98-b4dc-6691d4b20260
金华市,0000001400000031000000070000000X,6.67,2017/3/15,330700,4dcf32e2-c38f-4dc9-aed0-e6c2fcd874fa
温州市,0000000H0000002T000000070000000X,18,2016/12/15,330300,82a53900-9ad4-4602-92cd-af2dcc5a6629
衢州市,0000000K0000003U000000070000000X,33,2017/3/25,330800,8ff42d79-7a83-471a-bcc5-41666af6d6cc
温州市,0000001200000031000000070000000X,4.67,2017/11/15,330300,ded98cd7-f0e2-46ba-b21d-493ab094a9d9
舟山市,0000001200000031000000070000000X,3.83,2017/9/25,330900,df6a4112-6927-4be0-a95a-d891ad2514f4
温州市,0000000H0000002T000000070000000X,20,2018/12/25,330300,b7bef8c7-ff01-4157-ad02-92b9bfdbbf07
绍兴市,0000000C0000002Q000000030000000X,57.67,2018/5/25,330600,6452435d-42d0-4831-85e2-99336c69605e
衢州市,0000000X0000007T000000070000000X,23.67,2018/2/25,330800,55dbd3f2-a26d-43ef-a003-f51b55624c03
金华市,0000000H0000003P000000070000000X,19.67,2018/3/5,330700,c93a6c65-562e-4a92-9c80-419027ff6197
浙江省,0000001A00000031000000070000000X,5.35,2016/12/15,330000,fba11300-415f-4ed6-ad72-ece8cc098c6d
台州市,0000002P0000007W000000070000000X,3.45,2019/1/15,331000,b34198c9-beb0-4e42-813c-bb114c55aace
浙江省,0000001500000031000000070000000X,5.41,2017/2/15,330000,cf55dbfc-98ba-4b63-9665-1e3a040c5c3d
绍兴市,0000001E00000031000000070000000X,4.83,2019/3/15,330600,7247f7bd-0e4b-4013-b7e5-1afb4e90464a
丽水市,0000000Z00000031000000070000000X,2.17,2017/2/25,331100,5e8fd1ff-f84f-4b15-8a03-591c03df82de
杭州市,0000001A00000031000000070000000X,5.1,2017/4/25,330100,3779cb8c-221b-4bd8-8e63-5bc88d741ece
温州市,0000001400000031000000070000000X,6,2018/5/5,330300,aabde593-0bff-419e-a338-729255fad4d5
宁波市,0000000G0000003F0000000700000010,11.31,2017/3/14,330200,c2dc83de-8419-489e-9cdf-33f9e45c1821
浙江省,0000000P0000003E0000000700000010,3.57,2017/2/7,330000,3685cc1d-8440-484b-88b8-c0af1a66cd66
金华市,0000000H0000003N000000070000000X,14,2019/2/25,330700,a0ec5e37-29d1-46c7-be03-a3740f497b38
舟山市,0000000G0000003F0000000700000010,9.8,2017/11/14,330900,3c156948-aa9c-437d-916f-e4fc67ffbe71
浙江省,0000001200000031000000070000000X,3.25,2018/6/15,330000,0e209c64-6213-43a3-bae3-0e4ed91ec441
丽水市,0000001700000031000000070000000X,2.67,2018/12/25,331100,a651b241-16d3-4478-9a8e-150a248dc550
湖州市,0000000X0000007T000000070000000X,35,2017/3/5,330500,ecf3b85f-dc8b-4ed5-8599-4c35f1529db5
温州市,0000000J0000003S000000070000000X,44,2017/5/25,330300,bfb93651-d623-4a68-9efc-36eca2cc2145
台州市,0000000M0000003V000000070000000X,10.33,2017/5/5,331000,a3b4bc42-10e6-4032-95d0-71e876170228
绍兴市,0000000D0000002R000000030000000X,49.33,2018/3/25,330600,6732a21e-fb4e-4324-9578-f1974bd5e803
嘉兴市,0000002P0000007W000000070000000X,3.2,2018/10/5,330400,606c1f3e-ee22-476b-b9a6-3eb468abc403
丽水市,0000000Z00000031000000070000000X,4.33,2018/8/5,331100,321c5e35-0664-46f5-b402-c9addaba18ce
浙江省,0000000H0000003N000000070000000X,14.59,2017/5/5,330000,33856fbe-ad30-467d-b765-b523b5229986
衢州市,0000000H0000002T000000070000000X,21.33,2018/12/15,330800,46b37db7-1b5c-4256-94fe-6d4bc80324ad
嘉兴市,0000003100000081000000130000000X,79,2017/6/25,330400,2396b4fb-1f07-497a-b7be-c57209eb50e8
衢州市,0000000P0000002W000000070000000X,4.67,2018/5/15,330800,33c2a387-d43f-4640-abe2-67ee639f379b
台州市,0000000H0000003P000000070000000X,24.17,2018/8/5,331000,8176d990-9d4e-420a-8fb1-b758bdb85341
浙江省,0000001200000031000000070000000X,4.02,2018/10/25,330000,5c75152e-c411-4c61-8dfe-b599af63ef11
舟山市,0000000D0000002R000000030000000X,44.3,2019/3/15,330900,2ac71f0e-300f-455e-ab05-bdc47a0b596d
舟山市,0000001E00000031000000070000000X,7.67,2018/10/5,330900,413b4e11-7291-4211-8bbc-a38c8201972b
台州市,0000000P0000003E0000000700000010,3.8,2019/2/12,331000,af8f0990-e2e5-4f77-9b9a-4d301a9f75ab
金华市,0000001500000031000000070000000X,4.67,2017/2/25,330700,8c53cd56-5ef7-426c-9ea4-617eae2b4aa6
杭州市,0000000J0000003S000000070000000X,35.5,2017/5/15,330100,1ef40527-6b81-4985-ae0a-1465e6d61775
丽水市,0000001700000031000000070000000X,2.5,2017/11/15,331100,4d79b200-d539-4724-853a-472fac0a9dea
丽水市,0000001500000031000000070000000X,4,2017/7/15,331100,7247a3cc-ed6b-42bb-926b-d2fc93eef46a
嘉兴市,0000000C0000002Q000000030000000X,66,2017/12/5,330400,1c6b7ff2-e8d3-41d6-865a-7acb723aaa05
舟山市,0000002U0000007X000000070000000X,3.83,2017/9/15,330900,24b9b434-7d07-43ab-9cca-a6146e813494
杭州市,0000002U0000007X000000070000000X,4.5,2018/11/5,330100,ce8b9e6f-9658-4200-afdd-2a46ed8caca3
宁波市,0000000X0000007T000000070000000X,40,2018/1/15,330200,a3064490-91f3-4084-b101-ff002d125241
台州市,0000000M0000003V000000070000000X,10.33,2016/12/15,331000,e9873830-eb96-444c-aceb-fc9dead50087
杭州市,0000000M0000003V000000070000000X,11.33,2017/2/15,330100,e2aabcf3-c9ec-4c82-a010-f29b10f7c1ac
杭州市,0000000M0000003V000000070000000X,10.33,2017/5/5,330100,c911124a-a69f-4f80-9e47-7958908b0cd1
绍兴市,0000000P0000003E0000000700000010,5.1,2018/10/9,330600,199d3f9c-17ed-4ba9-88dc-e8fdd2df63d9
杭州市,0000001200000031000000070000000X,3.87,2017/9/5,330100,c6f8f8a3-21d7-4b70-a55b-f416256a94c3
嘉兴市,0000000H0000003N000000070000000X,15,2017/8/25,330400,b930a4ca-3e97-499e-aabf-34214aa231d7
台州市,0000000G0000003F0000000700000010,9.9,2017/9/12,331000,02a5dc87-d0fe-4c7b-b6c2-45aaf07b1200
温州市,0000000C0000002Q000000030000000X,60,2018/10/15,330300,206cc7f1-a4a3-4ba9-902f-aaa54948f81f
宁波市,0000000G0000003F0000000700000010,10.39,2017/10/17,330200,792f18cb-6e4b-4cee-b57d-eb5b0d5758ab
湖州市,0000002200000038000000070000000X,4.27,2017/3/25,330500,104b528e-388e-424f-be54-215f2414ba14
绍兴市,0000000C0000002Q000000030000000X,57.67,2018/2/15,330600,dcaba3b9-d0fa-4aac-8ef5-d10ccaf7982c
嘉兴市,0000000H0000002T000000070000000X,19.33,2017/2/5,330400,a54c476c-ce1b-4dcf-8d57-a44b848663fe
嘉兴市,0000001Z00000036000000070000000X,6,2018/12/15,330400,a4cd5d82-c46a-4005-9ce7-5f7a0c10497b
湖州市,0000002200000038000000070000000X,4.5,2019/3/5,330500,8e2198be-ce6b-4e28-b3ff-51898fb103c9
湖州市,0000000P0000002W000000070000000X,4.67,2017/7/15,330500,176a5b0d-448b-460e-a3cf-c8bdb77d9227
嘉兴市,0000000S0000002Z000000070000000X,9.5,2017/5/15,330400,a5f4edc7-0578-4ace-bbc7-7761044e6517
衢州市,0000002200000038000000070000000X,3,2018/1/25,330800,f7a10852-7ea5-4b5c-8178-470fe613953a
宁波市,0000002200000038000000070000000X,3.9,2018/4/25,330200,007a8de5-fbbc-4436-9645-7a7c5d723e61
衢州市,0000001700000031000000070000000X,3.17,2019/3/15,330800,7b497270-844e-4cdd-a4d4-43ffedcb2ddd
舟山市,0000000C0000002Q000000030000000X,51.6,2017/4/5,330900,3009de1e-1746-4703-99e1-021c3c2c90a4
湖州市,0000000S0000002Z000000070000000X,9.67,2018/5/15,330500,426e3c46-ea01-4832-a65f-89931d62f7e2
舟山市,0000001Z00000036000000070000000X,7.5,2017/8/5,330900,84ed4cfa-9b73-41da-8a43-a4d0fa0d7629
金华市,0000000Z00000031000000070000000X,3.5,2018/12/15,330700,bde07c8d-a0ab-4e9c-8d1b-3751034bcf5e
台州市,0000002200000038000000070000000X,2.83,2018/4/15,331000,8b7df28a-eed5-4e7d-8db3-0b155d518a70
绍兴市,0000000G0000003F0000000700000010,9.59,2017/12/19,330600,f83424b4-527d-4ddf-a95e-5e869b95bf3b
温州市,0000002U0000007X000000070000000X,3.83,2017/1/5,330300,9a30c9b6-b891-4250-8849-fe06361fb02b
丽水市,0000002P0000007W000000070000000X,2.6,2017/5/25,331100,b20b277f-96fe-44c5-a472-ded746ef7031
丽水市,0000000H0000002T000000070000000X,15.17,2017/3/5,331100,e60c4577-e21e-4b92-9330-5ad4c555a2f3
绍兴市,0000000K0000003U000000070000000X,38,2018/11/15,330600,901e07d6-fb95-4bcd-bfb3-64519bd1dca4
湖州市,0000000H0000002T000000070000000X,17,2017/1/25,330500,ccbf9d22-1d81-4b34-85ff-26094da4101b
浙江省,0000000H0000003N000000070000000X,13.71,2018/3/25,330000,b1ba71f0-b33e-47cf-af17-87f51d6b81b6
台州市,0000001Z00000036000000070000000X,6.33,2017/4/15,331000,aebc620b-429c-4166-9bb4-f4c2e3199691
绍兴市,0000000C0000002Q000000030000000X,62,2017/1/15,330600,c82e17bc-7135-4526-a53b-130e5fcf3376
衢州市,0000002200000038000000070000000X,2.17,2017/1/5,330800,3741b9af-c935-4550-bf27-bdd05f454b8a
浙江省,0000001K00000031000000070000000X,2.78,2017/6/5,330000,aba3abf6-7f90-4545-bba0-677b0870b4be
宁波市,0000000J0000003S000000070000000X,32.83,2018/11/25,330200,9c1cea22-8c7a-4e23-9656-ce508c8cfd0f
湖州市,0000001A00000031000000070000000X,6.67,2017/6/5,330500,64d48ca8-441f-4728-99c5-aca2809f15fc
宁波市,0000001200000031000000070000000X,4.23,2018/5/15,330200,c0f82e1d-82c7-4828-8cbf-e4f614051407
衢州市,0000002200000038000000070000000X,2.83,2017/7/25,330800,4b555013-b4ff-4510-b5c9-91a45a64688c
温州市,0000000C0000002Q000000030000000X,60,2017/2/5,330300,07787134-055f-4e71-9a2c-0474458a4cf8
宁波市,0000001A00000031000000070000000X,5.6,2018/11/5,330200,4884b791-5095-4e98-b959-428808b2d684
宁波市,0000002200000038000000070000000X,3.93,2018/7/5,330200,5bddd68b-83fe-437a-b4f5-ff3b1505197b
台州市,0000001A00000031000000070000000X,4.67,2018/5/5,331000,92a49db5-aeb2-44fe-bbde-7a7a109424ca
金华市,0000000P0000002W000000070000000X,4.77,2018/6/5,330700,48a4b3ee-ac93-46b1-a891-2a4beef57298
温州市,0000001E00000031000000070000000X,5,2019/2/15,330300,09e2bce5-fc7c-40d9-af65-82ff59c391bd
丽水市,0000000J0000003Q000000070000000X,37.33,2017/6/25,331100,ad225d77-f585-433f-b4c3-e410028040e6
舟山市,0000000J0000003S000000070000000X,36.33,2017/2/5,330900,ab23084f-f751-4c3e-8182-696207b57033
金华市,0000000P0000002W000000070000000X,4.5,2017/3/15,330700,7a41d605-52d4-4624-b1fe-ad2855c8b784
绍兴市,0000000P0000003E0000000700000010,3.5,2017/2/28,330600,27189351-5f31-40da-8792-e805f5b45abc
浙江省,0000002U0000007X000000070000000X,4.35,2018/2/25,330000,d1ddc31d-49ce-4023-824a-d1733caaf2ec
湖州市,0000000C0000002Q000000030000000X,56.67,2017/1/5,330500,9a31156f-dde3-4d7f-bb11-c009861b4ed7
杭州市,0000001500000031000000070000000X,5.33,2018/10/25,330100,dd0ea84a-66a1-43e6-9a1e-9c85e70ebe2c
衢州市,0000001700000031000000070000000X,2.67,2018/5/15,330800,d17de6e1-e953-4c54-9c87-0b396a1bd2c9
绍兴市,0000000G0000003F0000000700000010,10.45,2019/3/5,330600,4a3ee14c-5805-4221-b0d3-16faf646850a
丽水市,0000000Z00000031000000070000000X,3,2018/1/25,331100,16a83f73-5779-4fb0-9bdb-1785fb6d5be4
台州市,0000000S0000002Z000000070000000X,9.33,2019/1/15,331000,65dbc081-83ff-41b0-a69f-4a4877481128
台州市,0000000M0000003V000000070000000X,10.33,2017/4/25,331000,afce653c-eb73-410d-a697-47f76039f2d5
宁波市,0000000H0000002T000000070000000X,15.33,2017/12/15,330200,cec165c4-1639-4296-8933-3ce529f0205b
舟山市,0000000G0000003F0000000700000010,8,2018/4/17,330900,99b67db6-fce9-4358-b77d-a07095075734
金华市,0000001A00000031000000070000000X,5.83,2019/1/5,330700,94ad62f9-32d7-428b-bb9c-a195177073e6
衢州市,0000000D0000002R000000030000000X,36.33,2018/8/25,330800,00ef8fd6-28f2-4ce5-9e38-0cf0a678a358
嘉兴市,0000000G0000003F0000000700000010,7.1,2018/5/22,330400,e1385e19-c1b4-4c64-9e2d-a2cc565c7fbf
台州市,0000002U0000007X000000070000000X,4.5,2017/10/25,331000,4c0c523d-37cf-46e8-8425-fb44059071ca
丽水市,0000000G0000003F0000000700000010,11,2017/3/7,331100,80d61b1c-2ff1-4ba7-aaad-331c819897db
舟山市,0000000D0000002R000000030000000X,44.97,2018/6/25,330900,9d17ef18-0092-47e2-9b1f-ffe3ced87792
金华市,0000000M0000003V000000070000000X,13,2018/9/25,330700,57bbc961-b035-4863-bb08-b7e32542ef6b
台州市,0000001E00000031000000070000000X,3.33,2017/12/25,331000,db2289fa-fb87-444b-b641-0f75a7a39525
舟山市,0000001K00000031000000070000000X,3.17,2017/3/25,330900,2ab537ed-7d2a-4d55-b3b4-0549ddc728c2
湖州市,0000000C0000002Q000000030000000X,57.67,2018/6/25,330500,3a18cbe5-fff4-48a7-af4b-a22f64dcd7f7
杭州市,0000001Z00000036000000070000000X,7,2017/10/5,330100,93b74bd1-1e91-4c1e-9209-5963bd888f30
金华市,0000001E00000031000000070000000X,2.83,2017/4/15,330700,28a84624-30bb-47b5-83f6-f66eeb7516ef
衢州市,0000001E00000031000000070000000X,3.5,2017/3/25,330800,75b015f1-6017-4ed2-8208-587bca78b440
浙江省,0000002P0000007W000000070000000X,3.12,2017/11/25,330000,99ba6dbc-1577-4c8c-9d6f-d6a03ab7fecb
浙江省,0000000X0000007T000000070000000X,35.35,2017/10/15,330000,9e4f6fe6-3182-42cf-954d-2dbf634107b0
绍兴市,0000000Z00000031000000070000000X,4.67,2017/12/25,330600,7a72b37c-f334-4ccc-862a-6dd77885e6d5
湖州市,0000000Z00000031000000070000000X,4.17,2018/3/5,330500,9892c685-83d3-4cbb-8545-b70d227fafa5
绍兴市,0000000J0000003S000000070000000X,34,2017/11/15,330600,07e9d132-fc6e-4a17-875c-bb7b9ce55bc2
舟山市,0000001E00000031000000070000000X,7,2018/10/15,330900,eb09b5ee-6561-459e-8452-cd12bf8cb12e
浙江省,0000001700000031000000070000000X,2.85,2019/1/25,330000,8f579918-9647-47c2-b590-cc89672ef1a6
金华市,0000000S0000002Z000000070000000X,8.5,2017/7/5,330700,053d7034-55f1-421a-a7c4-e97685a72a1d
台州市,0000000J0000003S000000070000000X,39.67,2019/3/15,331000,364b9295-d685-4e83-bbe4-3efbd90cb846
温州市,0000002P0000007W000000070000000X,2.17,2017/2/15,330300,1f29b6ee-8125-4f12-a2a8-f20399f53650
绍兴市,0000000Z00000031000000070000000X,4.83,2018/1/25,330600,eaba4a02-cdd2-4de2-8a22-79fe52409fbd
湖州市,0000001A00000031000000070000000X,7.33,2017/10/5,330500,1984a4eb-6666-451f-b951-aa6cfcb2f59b
嘉兴市,0000000S0000002Z000000070000000X,8.67,2018/12/5,330400,c4369eae-3087-4ecb-8d29-b96701f5f183
温州市,0000000Z00000031000000070000000X,3.83,2017/7/25,330300,c4d34ad8-c2d3-4417-ba6e-65efe025b992
温州市,0000000J0000003Q000000070000000X,45.67,2017/9/5,330300,a2ef0935-b8b9-4ff3-8117-f1eba114722b
衢州市,0000000G0000003F0000000700000010,6.5,2018/5/15,330800,3a5c1abc-d646-41c4-9774-e3f45cd10182
温州市,0000000M0000003V000000070000000X,14.33,2018/4/25,330300,6237ba62-0c4f-4110-a2b4-e72ae3e4994c
舟山市,0000000P0000002W000000070000000X,5.67,2019/1/15,330900,7ea84d5f-4609-4e94-88c7-e9f688ba3066
嘉兴市,0000000J0000003Q000000070000000X,40.67,2017/8/25,330400,54e39d25-ab74-475f-8144-23107337b22b
杭州市,0000001K00000031000000070000000X,3.77,2018/7/15,330100,951e14ae-4e2d-4b49-a9aa-1a832ed64c6b
杭州市,0000000J0000003Q000000070000000X,42,2018/2/15,330100,2dac9f16-c1f4-47fc-be47-ccbde7dcdf49
舟山市,0000000S0000002Z000000070000000X,11.33,2018/2/5,330900,c1d3c97c-4348-4226-b94c-4c39a2d48bf0
衢州市,0000000P0000002W000000070000000X,4.2,2017/7/25,330800,9e311e22-5ec4-4944-9921-0f1cb6cd31d8
嘉兴市,0000001E00000031000000070000000X,4.67,2019/1/5,330400,7a40f384-3b84-4a95-8fa8-7c1be804b6d3
浙江省,0000000H0000003P000000070000000X,23.12,2018/9/5,330000,ffaeb9e4-fadf-4c9d-9344-abae4d5e8dc2
嘉兴市,0000001A00000031000000070000000X,4.83,2017/4/25,330400,0e32ad8a-52f0-4345-b5a6-4c35a3594532
衢州市,0000000M0000003V000000070000000X,11.67,2017/10/15,330800,db80f1ea-6be0-4520-b2af-f15538de1e11
宁波市,0000000M0000003V000000070000000X,15,2018/3/5,330200,dbda3af1-63d3-407a-a665-99f7923ddf1e
绍兴市,0000002P0000007W000000070000000X,2.33,2018/1/15,330600,cc9575a7-ab1c-4bc0-99a8-e5d8ab4b6901
金华市,0000002P0000007W000000070000000X,3.9,2017/5/25,330700,3331ba6c-bd9d-4bcd-bac4-db6c3add4814
嘉兴市,0000000P0000003E0000000700000010,4.5,2019/3/19,330400,95e9fa30-e96d-429b-85aa-542a87f9f437
宁波市,0000001200000031000000070000000X,4,2018/8/15,330200,e2fdef2d-3ada-4d70-8ca6-dce27240ce25
衢州市,0000000S0000002Z000000070000000X,9.67,2017/7/25,330800,ba5b697b-3777-4ed0-bf19-6d3cb040f748
湖州市,0000000M0000003V000000070000000X,16.83,2018/2/5,330500,6d22bfa0-61af-48a7-82b0-56ebc9c9fb3b
舟山市,0000001A00000031000000070000000X,4.17,2019/1/15,330900,7d010e7a-bc27-4b51-9d78-f98eb63ac0b8
浙江省,0000001K00000031000000070000000X,3.03,2018/4/15,330000,7dbbcd74-2e49-4b1e-9f8d-8b8c575e19ba
台州市,0000000J0000003Q000000070000000X,38.33,2018/3/15,331000,08656903-4df1-400e-ab7b-835d4f4b90c3
宁波市,0000000M0000003V000000070000000X,14.23,2018/10/5,330200,61f92737-e0c7-48e9-978d-5968542075aa
杭州市,0000002P0000007W000000070000000X,2.58,2017/2/5,330100,4de07075-de0e-45a3-bad5-a5439704573b
温州市,0000000H0000003N000000070000000X,17.33,2016/12/25,330300,6acafd8e-e7e2-45ae-9958-56e8f2afcbef
嘉兴市,0000003100000081000000130000000X,79,2018/8/15,330400,cf6d11e6-7457-4183-b929-17c7c6c5e691
台州市,0000000J0000003Q000000070000000X,38.33,2018/7/25,331000,b98c28dc-b4e2-4920-8cfc-9b14922550b5
湖州市,0000000C0000002Q000000030000000X,57.67,2018/1/25,330500,34c71ea1-d226-4620-ab65-174f3b0eee6c
台州市,0000000H0000003P000000070000000X,25.67,2016/12/15,331000,47a8c37a-29af-422d-82c5-23d9e2488d3e
舟山市,0000000Z00000031000000070000000X,5.33,2018/6/5,330900,5926687c-cb90-4bed-84f5-2c8146f84903
宁波市,0000000D0000002R000000030000000X,41.33,2018/3/5,330200,a52f1c06-c96b-4f1e-a6bc-f4c1696e6e93
嘉兴市,0000000H0000002T000000070000000X,17.33,2018/2/15,330400,b8f35d7e-101e-465c-b89d-73f1ee379246
温州市,0000000S0000002Z000000070000000X,9.17,2018/4/15,330300,114a2be0-c8c3-4614-ab5e-a73243c2c1f5
绍兴市,0000001E00000031000000070000000X,3.83,2017/12/15,330600,dc9b0caa-da6c-4e79-8518-437459c106e3
衢州市,0000001700000031000000070000000X,2.67,2017/12/25,330800,153b616b-24fd-4d3f-8295-0b52bf625931
浙江省,0000000P0000003E0000000700000010,4.47,2018/3/6,330000,afd04efc-b019-4799-9d67-32f27f3df82d
衢州市,0000001Z00000036000000070000000X,5,2019/1/15,330800,7578e01d-2a49-4dd7-ae8a-40b5714c916d
湖州市,0000000H0000003N000000070000000X,14.17,2018/1/25,330500,bd28a185-9efc-480e-9587-8b3819b3997d
金华市,0000002U0000007X000000070000000X,4.17,2017/3/15,330700,e6c9756c-56a1-4deb-b234-d66a04c4d298
杭州市,0000000C0000002Q000000030000000X,62.67,2018/3/5,330100,1020f49a-57ba-430b-9b55-d0674aa319c1
金华市,0000001Z00000036000000070000000X,5.67,2017/5/5,330700,204cb932-fef9-41bf-84e3-15702c2c153b
绍兴市,0000000J0000003S000000070000000X,37,2019/1/15,330600,d061771f-323e-4405-8c8b-f2e3ba7ef301
绍兴市,0000000J0000003S000000070000000X,33.33,2017/11/5,330600,127b53f9-9c2f-4e6a-8499-fe938a7068ab
湖州市,0000002U0000007X000000070000000X,3.6,2017/11/5,330500,9ed065dc-06f3-44b9-bf8a-9e185df213b1
金华市,0000000P0000003E0000000700000010,4.5,2018/10/16,330700,da8f058b-6e46-49e6-ace4-272f257a632d
杭州市,0000000H0000003N000000070000000X,15.13,2018/7/25,330100,44df8fb7-1ba5-414a-aa76-ceedaf87bad3
杭州市,0000001400000031000000070000000X,5.67,2018/12/5,330100,86071a3a-62c4-4730-96df-6a5b3907f3f2
杭州市,0000001K00000031000000070000000X,4.33,2018/2/5,330100,ebf9cd7d-4880-4168-9306-6dd2adb5c88e
舟山市,0000000J0000003S000000070000000X,34.33,2018/6/5,330900,5c9fd31e-3929-4f7f-abb0-bb36e4200c5f
舟山市,0000000C0000002Q000000030000000X,51.6,2017/5/15,330900,894ff647-a593-47d3-b6f3-a846b7ae66ff
温州市,0000000K0000003U000000070000000X,48,2017/8/5,330300,faf4e3fd-a1d2-4d72-9530-dc04116db4e6
宁波市,0000001A00000031000000070000000X,5.67,2018/11/15,330200,e36274b7-28d5-4e7e-b3d8-61ffb76a0cf1
温州市,0000003100000081000000130000000X,63,2018/12/25,330300,6ed5e59e-f4ff-45ef-9336-409ca6c80775
衢州市,0000002U0000007X000000070000000X,5,2018/10/15,330800,51fba597-a63a-4bbf-880e-a7e601c57801
宁波市,0000001700000031000000070000000X,3.63,2019/1/15,330200,fdf97c4c-8ffd-40bf-9c6a-968598be6acf
杭州市,0000001700000031000000070000000X,2.53,2018/7/25,330100,e0c7c4a3-f305-4786-a70b-a1787846af01
绍兴市,0000001K00000031000000070000000X,3.5,2018/10/25,330600,407d0fe1-5839-4cf5-a26b-0903cc5dfb69
浙江省,0000001700000031000000070000000X,2.72,2018/6/15,330000,eed8a12d-b11e-42fc-89a1-59d36cfc6a49
湖州市,0000003100000081000000130000000X,72,2018/8/5,330500,00212027-0312-4824-b79a-6a3b880f298e
温州市,0000000X0000007T000000070000000X,38.67,2018/11/5,330300,30c2ab05-9641-4f87-ae8a-ff639813c118
绍兴市,0000000Z00000031000000070000000X,5,2018/6/25,330600,113130dd-e996-41bc-8c89-8ab7ba7e7ef2
温州市,0000000J0000003Q000000070000000X,48,2017/3/5,330300,d3206b96-30c7-46cb-b08b-1fb9ec96e5ca
嘉兴市,0000003100000081000000130000000X,79,2018/2/25,330400,38e90e51-49d4-4e82-a46f-43694c732cf5
丽水市,0000001E00000031000000070000000X,2.5,2017/3/25,331100,6489edb5-3bf7-4ba7-a864-42d215edc612
温州市,0000000J0000003Q000000070000000X,47.67,2017/3/25,330300,071a49ba-36cf-4f5b-a0e4-5524953b6db3
湖州市,0000000Z00000031000000070000000X,4.33,2018/5/5,330500,e83fa971-0841-4991-9d23-6e423d4cd6e2
丽水市,0000001400000031000000070000000X,4.67,2018/8/25,331100,8ded9622-6e31-4dd9-a7da-45ba97747c16
衢州市,0000001700000031000000070000000X,2.33,2018/6/25,330800,cf57020f-5225-43c4-aae6-81f1f0b9681a
台州市,0000001500000031000000070000000X,3.17,2018/4/15,331000,ea597116-a56b-4b64-9e58-559daab4713f
宁波市,0000000Z00000031000000070000000X,3.63,2017/3/25,330200,d278d65f-0248-458c-a671-8da4126dbb78
湖州市,0000000G0000003F0000000700000010,7.7,2018/6/5,330500,00df589a-995c-4c53-9104-beea3827a2cc
丽水市,0000000J0000003Q000000070000000X,42.67,2018/11/15,331100,0b6e029e-6e1a-449c-b699-241008e8b2cd
杭州市,0000000G0000003F0000000700000010,8.96,2017/10/17,330100,cab6e9c7-1e75-451c-9a4d-960bb171e563
绍兴市,0000000J0000003Q000000070000000X,49.33,2019/3/5,330600,4f8a3cdf-d81a-4e36-b933-fedf3b49a6e1
杭州市,0000000C0000002Q000000030000000X,63.33,2018/11/25,330100,94ed7e71-4d07-468d-a4c2-e99c08c35371
丽水市,0000000J0000003Q000000070000000X,41.67,2018/3/5,331100,bc06d718-f5a3-4168-a2d8-512786861a5d
浙江省,0000000H0000002T000000070000000X,17.52,2018/11/15,330000,b27ea7aa-5a73-47fa-a7e6-16a9703fa276
丽水市,0000003100000081000000130000000X,84,2017/1/15,331100,8e43dfc8-bc46-4c4d-b7ba-e2efc1f847b9
衢州市,0000000K0000003U000000070000000X,31.67,2017/6/5,330800,5b1b2c72-7035-4b49-a6fe-2923d5fdec9e
杭州市,0000002200000038000000070000000X,2.67,2017/9/15,330100,323ebcb9-63c6-46df-bacb-d24dca0ba859
湖州市,0000000D0000002R000000030000000X,40,2017/1/15,330500,10bab7a0-530c-4e14-8bba-eb11b0a24691
湖州市,0000001500000031000000070000000X,4.33,2017/5/5,330500,625d5e16-2e52-4650-9057-d1a669647ca4
金华市,0000002U0000007X000000070000000X,4,2018/7/15,330700,3fec64d9-161b-4e1c-aeeb-63ca0f0ff887
宁波市,0000000K0000003U000000070000000X,32.67,2017/4/15,330200,5afbbc3a-4c56-4a3c-8351-bcb7025c958a
衢州市,0000000H0000003P000000070000000X,23.67,2017/2/15,330800,0cd18eea-2afb-4289-bed7-7024bcab56e8
绍兴市,0000001700000031000000070000000X,2.17,2017/8/5,330600,b7c0daeb-0057-412f-b7f0-b4b4275ec0b9
金华市,0000000H0000003P000000070000000X,22.33,2018/10/15,330700,b1627acf-48b9-4bab-912a-057bdb87d33f
丽水市,0000001500000031000000070000000X,3.67,2018/7/5,331100,78b07ffa-b1c1-4f20-b5f9-24a816a038e8
舟山市,0000000H0000003P000000070000000X,25.67,2017/5/5,330900,894eacab-feec-47ad-8e44-6ec65854ef3f
舟山市,0000000M0000003V000000070000000X,14,2018/3/5,330900,8d6bb965-c738-45fd-b48a-279f1d74ef86
丽水市,0000000J0000003S000000070000000X,34.33,2017/3/5,331100,6e623ad5-6cd0-47c1-bc49-351ade10a79b
宁波市,0000000J0000003Q000000070000000X,38.67,2017/1/25,330200,e5ca015c-0b32-44b7-b881-7c83f28640ec
宁波市,0000000D0000002R000000030000000X,41.67,2019/3/15,330200,b3ac648b-757c-4db4-82b5-218564c7fa0b
杭州市,0000002200000038000000070000000X,2.67,2017/12/5,330100,dd89bab8-943b-4f84-a880-73b5546c5561
金华市,0000000M0000003V000000070000000X,12.33,2017/1/25,330700,d98c1edd-e6f4-4872-94fa-ea989838d718
杭州市,0000000M0000003V000000070000000X,10.33,2017/1/15,330100,06b67dac-639c-4e63-b03a-093ecd5c0dea
温州市,0000001400000031000000070000000X,6,2017/2/25,330300,a544360c-f4b5-48fc-9f2f-8a3db295e097
杭州市,0000000C0000002Q000000030000000X,62.33,2018/7/25,330100,6d59e36c-015d-4978-8faf-6fcbb962a5e9
杭州市,0000000M0000003V000000070000000X,11.63,2017/12/25,330100,752191ac-46f5-4893-95dc-35c6d18cf83d
金华市,0000001700000031000000070000000X,2.17,2017/1/15,330700,9825a3f3-4647-4384-ab82-cbfbd6fbbe94
温州市,0000000C0000002Q000000030000000X,60,2018/5/5,330300,82664919-d380-43c9-9775-abae05814e4c
宁波市,0000000J0000003Q000000070000000X,38.83,2017/3/5,330200,b3d6216f-803b-4f32-9889-243b4cf74399
丽水市,0000002U0000007X000000070000000X,3.66,2018/6/5,331100,e8c3f356-551f-456e-9e93-b1efe156f9cd
金华市,0000001E00000031000000070000000X,3.33,2017/12/5,330700,19af700b-553f-4365-b5c5-dd3f4c1a075b
浙江省,0000000H0000002T000000070000000X,15.68,2017/8/15,330000,921a3b68-d1b7-43c9-99d0-71f2f2ecbcdd
丽水市,0000001500000031000000070000000X,5.67,2018/11/15,331100,3824f9d2-932f-456d-a6ec-25d93429fed4
宁波市,0000000G0000003F0000000700000010,11.06,2018/1/9,330200,03e7f5a1-d0af-4db9-a38a-d056894293ff
宁波市,0000001E00000031000000070000000X,5.73,2018/3/5,330200,59b39f7b-f6d9-4efe-b194-3aaf82035c0b
浙江省,0000000C0000002Q000000030000000X,63.38,2018/9/25,330000,30a86e20-9b3d-4122-b225-e3716698cb8f
绍兴市,0000000J0000003Q000000070000000X,38.33,2017/10/25,330600,72b5ae0f-2b1d-41ba-ad0b-63a6a90dd2d7
宁波市,0000000M0000003V000000070000000X,15.1,2018/4/25,330200,e9525244-0d7f-41ac-a898-8a27721ba8b6
嘉兴市,0000001A00000031000000070000000X,4.83,2017/10/15,330400,b9301dc7-f1a7-40a9-ba97-e7a7f269b329
嘉兴市,0000000M0000003V000000070000000X,11.67,2018/8/25,330400,b7c2494e-14a1-4c88-b979-59eaa045d05b
丽水市,0000000P0000002W000000070000000X,5.5,2018/8/15,331100,98d9d52d-78eb-4df8-9515-85293c137426
湖州市,0000000H0000003N000000070000000X,13.33,2019/1/25,330500,224d683b-6b3c-453f-a343-9a67a55dbb40
丽水市,0000002P0000007W000000070000000X,2.93,2018/4/25,331100,9c44cef1-c088-453f-841c-7069eb825532
丽水市,0000000J0000003S000000070000000X,34.33,2017/9/25,331100,a411e4fb-0675-48b6-b4f5-e2b3650e59d2
金华市,0000001E00000031000000070000000X,5,2018/7/15,330700,f55806e2-12ec-483c-92b3-cb05a530cf6d
金华市,0000001200000031000000070000000X,3.33,2018/8/5,330700,fc3bdc22-e687-45de-b0ac-b4bfde5cb54a
台州市,0000001Z00000036000000070000000X,6.33,2018/11/15,331000,50ca60e8-6a73-4ba0-917f-3e8af7e2136f
金华市,0000000G0000003F0000000700000010,11.1,2017/3/14,330700,368f983c-7cd7-40c0-a0fa-4b4f8891159c
嘉兴市,0000001400000031000000070000000X,6.33,2018/2/5,330400,32e8d645-fd09-4534-a298-77d8f2561ae0
温州市,0000000D0000002R000000030000000X,50,2018/3/5,330300,dfcf8b38-8896-4c69-b72c-ddbc1238b1cb
温州市,0000001K00000031000000070000000X,3.33,2018/11/5,330300,571a962c-2ec3-412f-9615-3278e1fee05b
湖州市,0000001200000031000000070000000X,4.17,2018/11/25,330500,af30937d-804c-46fd-b479-a9a44c54221d
湖州市,0000001E00000031000000070000000X,5.67,2018/3/15,330500,bede4ac6-8417-4b8c-bc87-ae7fb42b956c
嘉兴市,0000000P0000002W000000070000000X,3.5,2017/6/25,330400,e13c5cba-5f7d-4b44-9782-76f9b852f465
衢州市,0000000H0000003N000000070000000X,13,2018/8/15,330800,4aee8eb0-e4b0-42fe-b9a7-4276699df054
绍兴市,0000002P0000007W000000070000000X,2.33,2018/8/15,330600,bf945f49-d8f5-48e2-912a-8edc5d236ad3
绍兴市,0000002P0000007W000000070000000X,2.69,2017/3/25,330600,bf4570dd-3253-4004-af40-ddcb05d07ddb
杭州市,0000000H0000002T000000070000000X,17.5,2018/3/25,330100,7d080ff3-a435-49d1-b8a6-d31ba9479ba7
宁波市,0000002P0000007W000000070000000X,2.6,2018/3/25,330200,3cd8e039-b7b9-4f93-9ca6-420a6834a1ec
舟山市,0000000P0000003E0000000700000010,4.8,2018/2/6,330900,e6404408-ae25-4d34-84a3-6f90cf85989a
温州市,0000000G0000003F0000000700000010,9.26,2017/11/21,330300,cec535c3-c3d4-4538-9877-edce9bcfdc6c
浙江省,0000000H0000002T000000070000000X,15.52,2017/7/25,330000,9a32845e-6409-421a-8756-c5e096f65c45
金华市,0000000J0000003S000000070000000X,37,2018/8/25,330700,4dcb3d60-3b04-4eb2-b09c-b4d032c072ca
温州市,0000001500000031000000070000000X,5.67,2018/2/25,330300,fffacab1-f546-47d1-8dc2-814526921c0d
舟山市,0000001700000031000000070000000X,2.83,2018/9/15,330900,5bdc5108-54d9-4162-b225-ce05754d53de
金华市,0000000C0000002Q000000030000000X,68.17,2017/4/15,330700,f100835e-8167-461f-946f-e3685ce3e463
浙江省,0000003100000081000000130000000X,94.04,2017/8/25,330000,b3fdd48d-6e46-443b-b4e1-93b09f13bc82
台州市,0000000P0000002W000000070000000X,5.5,2018/11/5,331000,2a9fcce7-b422-4423-9e21-f1ea3ee6651a
温州市,0000000H0000002T000000070000000X,16.33,2018/6/25,330300,340f5850-9149-484d-adc6-2b9c1d6a8053
湖州市,0000000M0000003V000000070000000X,17,2018/7/5,330500,84d27fc4-8d2f-42ad-ba7b-321755fe072d
台州市,0000000G0000003F0000000700000010,12,2017/2/14,331000,584d6938-91d2-46eb-8104-3b9a972cc21a
金华市,0000000P0000003E0000000700000010,4,2019/2/5,330700,c1f24650-1d78-498c-bdfb-cdab6ca5ca5e
杭州市,0000000P0000002W000000070000000X,3.83,2017/7/5,330100,acc46959-b3ed-4e97-844f-a8d310f3da7e
台州市,0000001400000031000000070000000X,5.17,2016/12/25,331000,59be317e-8754-4733-9fb6-0e3c3db04071
湖州市,0000000J0000003Q000000070000000X,39.67,2018/9/5,330500,d848a428-d06d-483c-b65f-ca670fe774c3
舟山市,0000001500000031000000070000000X,4.67,2016/12/25,330900,bc1beb33-f5d5-44ca-8f00-c82bb21eb302
温州市,0000000K0000003U000000070000000X,48,2017/2/5,330300,cf6d81e6-5f8f-419b-91aa-5a944a34d73d
嘉兴市,0000003100000081000000130000000X,79,2018/12/25,330400,d170809c-4124-42ef-9890-c30ba9f7d47e
衢州市,0000000J0000003Q000000070000000X,41,2019/1/15,330800,66f624a4-448f-45ab-b880-936e4d54142c
温州市,0000000G0000003F0000000700000010,9.48,2017/8/29,330300,38080ccf-3399-4580-bd25-0aecae1beb24
绍兴市,0000001500000031000000070000000X,3.5,2017/7/5,330600,cb2bd6cd-eb5e-4849-875a-3429367d3adf
金华市,0000000J0000003S000000070000000X,37.67,2019/3/5,330700,35ca72e9-c2ed-41cb-b609-5650680ebd94
温州市,0000001700000031000000070000000X,2.83,2017/3/15,330300,4d5c60f6-ef47-476a-94f9-52b0ff69d99a
浙江省,0000000S0000002Z000000070000000X,9.15,2019/2/15,330000,6998d6c2-5dfd-4d41-a858-f4271ca76bf2
浙江省,0000001K00000031000000070000000X,2.61,2017/4/25,330000,a6b292ed-e6c3-452a-b412-aa1d9ff1a4c4
衢州市,0000000J0000003S000000070000000X,35.67,2017/8/15,330800,0a92a4cc-823f-4411-a783-779626310b89
浙江省,0000002U0000007X000000070000000X,4.27,2017/3/25,330000,03793fd2-c3c1-48f5-887d-f2addc4bc70b
杭州市,0000000G0000003F0000000700000010,7.82,2018/7/3,330100,27c990ff-f3f0-40a1-8a78-799a29c7c107
衢州市,0000000P0000002W000000070000000X,4.67,2017/2/15,330800,6beed031-0366-4b6e-be4b-9ff66c24fccf
杭州市,0000000J0000003Q000000070000000X,45,2018/11/25,330100,770aaa43-8c11-4494-b31c-910c4349cb75
台州市,0000001Z00000036000000070000000X,6.33,2018/12/25,331000,c9bfe838-2049-4ed6-9cd1-5292103d826e
温州市,0000000K0000003U000000070000000X,48,2018/7/5,330300,643fd55f-e4b5-4134-956a-ffcb21934963
台州市,0000001400000031000000070000000X,4.5,2017/5/15,331000,9338dbe4-bc85-4e38-8cdd-34cf2a99d266
湖州市,0000000H0000002T000000070000000X,16.67,2017/4/5,330500,d4f2a430-bd99-4ffe-8cd0-7167d62837c4
嘉兴市,0000000H0000003N000000070000000X,15,2017/11/25,330400,19d021e7-b5bb-47de-a5c7-8e9280c4500b
丽水市,0000000P0000002W000000070000000X,5.6,2018/11/5,331100,d2a49961-5b33-4b01-8f07-4eaacce1754c
湖州市,0000003100000081000000130000000X,77,2017/3/25,330500,19f9e489-d598-4164-b3f7-24dbe81e7274
宁波市,0000001400000031000000070000000X,6,2017/11/15,330200,d76b665e-1dfe-4c55-8c08-80cc81b6d276
丽水市,0000000P0000003E0000000700000010,4.7,2017/9/5,331100,dffed487-2489-4909-ab86-4e9e8476b94d
温州市,0000000D0000002R000000030000000X,46.67,2017/9/5,330300,11ffcdbc-b822-4a60-821a-5148104a3c58
湖州市,0000000P0000003E0000000700000010,4.3,2017/10/24,330500,6a264f94-defc-4883-88c6-91eea46401cb
湖州市,0000001200000031000000070000000X,4.33,2018/12/5,330500,eff020b5-c49b-441d-bec5-aa142c116805
绍兴市,0000000J0000003Q000000070000000X,38.33,2017/8/25,330600,7be0f107-ea20-45f9-a1a0-23f30246df33
衢州市,0000000H0000003P000000070000000X,23.67,2017/2/25,330800,f40fac19-2763-4625-b5e6-97cbe0955c56
绍兴市,0000000G0000003F0000000700000010,12.29,2017/1/24,330600,1d016707-6562-4a54-bc4b-f29f6dadf24b
浙江省,0000000P0000002W000000070000000X,5.3,2018/8/5,330000,ea8e4a3b-97f7-47fa-a7d5-3fb2d5085985
宁波市,0000000H0000003N000000070000000X,14.17,2018/12/15,330200,033f9694-b8fc-403f-9ff0-7de714e8d4e3
宁波市,0000000D0000002R000000030000000X,41.67,2019/2/15,330200,00fde3ce-1c23-4616-8dff-25ff48e005c4
湖州市,0000002U0000007X000000070000000X,3.87,2018/4/15,330500,7e6b2e18-ce59-4a7e-a246-06211774fa24
绍兴市,0000000S0000002Z000000070000000X,7.83,2018/11/5,330600,ae86edc5-2cc1-41bf-ab84-1a83eb8d3499
杭州市,0000000D0000002R000000030000000X,46.67,2018/11/15,330100,149efd80-4130-47b0-a896-a72551210c45
温州市,0000001E00000031000000070000000X,6.33,2018/9/15,330300,61b9af08-b62b-488e-91f3-5f54bd3b7512
衢州市,0000000J0000003Q000000070000000X,39.33,2017/3/5,330800,3a4fdd4b-105d-437d-a795-a12672e30183
舟山市,0000000S0000002Z000000070000000X,11.67,2018/5/5,330900,bbadef01-d656-428e-a199-018593415a84
温州市,0000001A00000031000000070000000X,5.5,2018/12/5,330300,14e62cb4-3bee-46c1-83b6-2f2f2d87531d
湖州市,0000001400000031000000070000000X,6,2017/4/15,330500,e9fe293a-26e0-4a50-94ec-f7bfdcd68bff
衢州市,0000000H0000003N000000070000000X,14,2018/2/25,330800,cf602a93-7b97-4b9c-904d-7c15771eb360
舟山市,0000001500000031000000070000000X,4.33,2017/5/5,330900,c9f08866-f7c5-4ce6-98f3-78bbc154bc4a
金华市,0000002200000038000000070000000X,2.67,2017/9/25,330700,f8e5e240-e931-4fc1-81df-0d645f81d9f8
台州市,0000000H0000003P000000070000000X,25,2017/5/15,331000,5d914b8e-0987-49bf-ae0d-ac93926c8a1b
嘉兴市,0000000P0000003E0000000700000010,4.83,2017/9/12,330400,5869f388-6f29-4067-a11a-21b09177f028
衢州市,0000000H0000002T000000070000000X,22.33,2018/9/25,330800,d2d01c8e-4dbd-4e55-8212-4ddaa32f281a
丽水市,0000000Z00000031000000070000000X,4.17,2017/11/5,331100,6a3e91f4-38e9-4b2b-8292-f456c74b15e2
衢州市,0000001Z00000036000000070000000X,5.5,2018/11/25,330800,725a3a76-6b50-43db-8628-ff90155ebedf
湖州市,0000001700000031000000070000000X,3.17,2018/2/25,330500,267ef8e7-22c6-428e-8dc2-eacd21180aac
湖州市,0000001200000031000000070000000X,5,2018/12/15,330500,04caed53-0251-4051-be82-0048b6cd8e1d
湖州市,0000001400000031000000070000000X,6.5,2018/2/5,330500,15dea48c-536c-4e21-860e-d130e7915594
台州市,0000000H0000003N000000070000000X,13.17,2017/4/25,331000,4c4f1b2b-54a2-4061-9edd-1127d9c1735c
嘉兴市,0000000D0000002R000000030000000X,35.67,2018/7/25,330400,76ba9bdf-c87e-46f9-ba5d-bef9c8f3644d
绍兴市,0000000G0000003F0000000700000010,12.2,2018/9/18,330600,5ca16728-0599-4bc0-ad7e-9a7a41ecea18
浙江省,0000001E00000031000000070000000X,5.47,2018/8/5,330000,1063d638-2256-4461-9cd6-a352987a00bc
金华市,0000001K00000031000000070000000X,3.17,2019/2/5,330700,67d5ab12-08d0-4f00-91dd-849eb7209153
杭州市,0000000P0000003E0000000700000010,3.8,2017/1/17,330100,9c813e05-0590-4895-a6a5-45b5c7720963
台州市,0000000P0000003E0000000700000010,3.3,2017/7/25,331000,8bf49cc7-f821-4c07-b0f8-b05eec424638
衢州市,0000000X0000007T000000070000000X,27.67,2017/2/5,330800,9c01c854-beab-4d11-9b19-a1a469fc5ea7
金华市,0000000H0000003N000000070000000X,14.83,2017/2/25,330700,067c7bd1-4235-42dc-b2be-e6a42107d10c
杭州市,0000000D0000002R000000030000000X,46,2018/7/15,330100,7d08b13f-dd99-4cb9-8259-d9f582f437d4
杭州市,0000000H0000003P000000070000000X,21.17,2017/4/5,330100,8fea6d5e-1807-404f-9bd6-95f5d89e80df
台州市,0000001700000031000000070000000X,2.17,2018/2/15,331000,bd445048-9cf7-4691-a13b-33ff855b59b4
杭州市,0000001E00000031000000070000000X,6.17,2016/12/25,330100,892a8c95-33f1-4c42-a714-f855122f1de3
杭州市,0000001500000031000000070000000X,4.6,2018/3/5,330100,95b5066c-5218-4d89-ab09-6c6c6a182d5b
台州市,0000002200000038000000070000000X,2.6,2017/12/25,331000,5fbef87d-3811-4eea-8fb5-c697175e7c3f
湖州市,0000000S0000002Z000000070000000X,7.67,2017/1/5,330500,34d09261-1b5e-46e0-8ba0-7ad316edb765
宁波市,0000001500000031000000070000000X,4.27,2018/7/25,330200,6d82de0c-2e32-4c7c-a1df-2c113107802d
温州市,0000000G0000003F0000000700000010,9.5,2017/5/9,330300,ca0f4100-a256-44fe-9d63-c0c4fdad4ad6
温州市,0000003100000081000000130000000X,63,2017/3/25,330300,8d7e165d-d0d9-4f86-957a-9fcdc8d368eb
丽水市,0000002200000038000000070000000X,3.83,2018/12/5,331100,de9fedc2-3258-474e-b07f-fb1245f309ff
湖州市,0000000J0000003S000000070000000X,34,2017/3/15,330500,880e25a1-fcd3-4608-b95a-262d88be21e4
绍兴市,0000000C0000002Q000000030000000X,57.67,2017/12/15,330600,4c6d3360-9250-4e02-8707-203331cb492d
台州市,0000001A00000031000000070000000X,4.33,2018/7/25,331000,77babb97-d9a2-4093-93ac-385c958fa892
湖州市,0000000M0000003V000000070000000X,17.33,2017/6/15,330500,fb854ada-569f-40e7-beb5-0f26962f8827
丽水市,0000000K0000003U000000070000000X,33.67,2017/11/5,331100,0020cf0c-4431-4289-9389-49ae10632558
浙江省,0000000S0000002Z000000070000000X,9.31,2017/11/25,330000,027c0d27-941d-4868-919f-22230eb09922
浙江省,0000000P0000003E0000000700000010,4.73,2018/11/13,330000,e1ba0957-0a01-4380-ba8f-94a33722bfe9
金华市,0000000M0000003V000000070000000X,12.33,2017/1/15,330700,84aae7d3-4933-49c7-812b-691e079604b4
湖州市,0000001A00000031000000070000000X,6.67,2018/10/25,330500,4002b3c3-bfea-431f-a618-5cf7d7c87f6f
衢州市,0000000X0000007T000000070000000X,23.67,2018/2/5,330800,82aa5cce-7952-4103-b65a-6feffcc41f80
杭州市,0000002P0000007W000000070000000X,3,2018/8/15,330100,48975864-055c-499c-bd69-fce03a56cbf8
丽水市,0000000H0000003N000000070000000X,13,2017/11/5,331100,e0ae55cc-e988-45af-adf1-faa829dd4202
丽水市,0000000S0000002Z000000070000000X,9,2017/1/15,331100,5686cdd9-6166-416c-8689-5b708e547919
浙江省,0000000D0000002R000000030000000X,44.88,2017/3/15,330000,e1f959ba-1903-4e66-802e-73546ed42135
杭州市,0000000G0000003F0000000700000010,11.6,2017/2/7,330100,ae8f3d53-c965-478f-8be1-55d05f61df7c
杭州市,0000000J0000003Q000000070000000X,40.17,2017/7/25,330100,f14ad5f9-aaab-4ffb-a038-df2ced226ff9
湖州市,0000001400000031000000070000000X,5.5,2018/6/5,330500,500e2803-181f-452b-a03b-c4b9ac8765a6
湖州市,0000001400000031000000070000000X,5.33,2018/10/5,330500,f45bbebd-1e8a-490c-9354-2b60c6124d1e
湖州市,0000002P0000007W000000070000000X,3.61,2017/1/5,330500,5039765c-249d-4f6a-ae56-de8c22ce36f7
台州市,0000000M0000003V000000070000000X,10.67,2018/9/5,331000,1390a8dd-515b-4439-a73f-c096952dcc47
绍兴市,0000001700000031000000070000000X,2.5,2017/4/15,330600,0cd23a4d-09de-4760-8761-9894aac5c26c
金华市,0000002P0000007W000000070000000X,3.7,2018/12/15,330700,717a7a2f-e6bb-428c-aef6-9f67f4918f9c
浙江省,0000000S0000002Z000000070000000X,8.69,2017/1/15,330000,e01c45fb-1c55-432c-8d51-0b0a6c1cc78b
杭州市,0000001Z00000036000000070000000X,6.7,2018/2/15,330100,59059bbb-69f7-48ca-b261-942180861702
绍兴市,0000000X0000007T000000070000000X,53.33,2017/1/25,330600,e0a4ea3b-3b81-4a76-9f0e-24f5eddb4be7
湖州市,0000001A00000031000000070000000X,7.67,2017/4/5,330500,8452f61e-d000-401d-b20e-c1e8964e9722
绍兴市,0000000P0000002W000000070000000X,5.17,2017/1/5,330600,ae583fdd-0928-47d4-ab4b-b7551fc0c0a8
湖州市,0000000J0000003Q000000070000000X,38.33,2017/2/25,330500,1316409c-6c5d-4b24-9e90-8e1d1013eb5a
温州市,0000001Z00000036000000070000000X,6.67,2018/8/15,330300,3ca69e72-7c9e-4bf5-9030-52c98561d5a5
绍兴市,0000001700000031000000070000000X,2.17,2017/11/15,330600,f54c9954-90ce-4ef9-8820-9edc09d9ccb9
绍兴市,0000002200000038000000070000000X,2.67,2017/5/25,330600,ccce73a1-4763-40f9-ba4d-651ce7ee3197
丽水市,0000002200000038000000070000000X,3.5,2017/5/25,331100,500f8e7a-98df-4c90-81b1-a9552b38dafd
绍兴市,0000001700000031000000070000000X,2.17,2017/10/25,330600,159843b9-85bb-487e-8fe9-d410412096de
丽水市,0000000H0000003P000000070000000X,19,2018/1/15,331100,3a7d2ba8-531b-48b6-be21-448c56d0eceb
衢州市,0000000P0000002W000000070000000X,5,2017/2/5,330800,1000df5b-c138-4275-ba39-39b04629dadf
绍兴市,0000001A00000031000000070000000X,4.67,2018/1/5,330600,08091140-5b70-4160-947c-40af4863d8c4
温州市,0000000X0000007T000000070000000X,50,2017/3/25,330300,0ed22280-29fe-4118-b385-130e894b59d3
温州市,0000001500000031000000070000000X,5,2017/4/25,330300,63dc0fc8-bd77-4aa8-aaba-21b434a9e460
衢州市,0000000G0000003F0000000700000010,11.86,2019/3/19,330800,40f3d7e0-48c8-4cd2-b623-08b28999f3d4
嘉兴市,0000002200000038000000070000000X,3.5,2019/2/5,330400,0d4a376f-e5ae-4bd7-adab-383df3a7f6c6
湖州市,0000000J0000003S000000070000000X,34,2017/4/5,330500,ced1759d-582a-40d9-8a6e-5d11967cff78
宁波市,0000003100000081000000130000000X,173,2017/3/5,330200,5603ca70-daa7-4a7b-ba04-069c9494028d
杭州市,0000000X0000007T000000070000000X,40,2019/2/15,330100,b3f4bfc3-110f-4c3c-8d7b-4243f024773f
舟山市,0000000M0000003V000000070000000X,13.67,2018/7/25,330900,317beb88-80b0-43f5-b8d4-1491ea9758ad
衢州市,0000000H0000003N000000070000000X,13,2017/8/5,330800,f888d963-dbe4-4daa-beb3-cdd290a51fca
湖州市,0000003100000081000000130000000X,77,2017/8/15,330500,29dedee1-f403-413c-809f-0f1d4eb789a7
浙江省,0000002P0000007W000000070000000X,3.12,2017/12/5,330000,c388a876-ff5a-4b8d-b21e-dc8b80be64a1
舟山市,0000000S0000002Z000000070000000X,11.67,2018/6/15,330900,f7fa13ee-46e8-46cc-aa66-63501baf7468
杭州市,0000000J0000003Q000000070000000X,46,2019/2/15,330100,f13710a7-4d32-44d7-9d37-ab5681460ab9
台州市,0000001500000031000000070000000X,5.33,2017/1/15,331000,62616886-67bc-4a93-ba12-a83b7152ab93
宁波市,0000000G0000003F0000000700000010,9.52,2018/7/24,330200,9376bd96-4046-424d-9573-335b0598d6af
温州市,0000001700000031000000070000000X,3.33,2017/10/5,330300,cdf0774b-0b68-4d15-8e45-f6605ead0902
衢州市,0000000Z00000031000000070000000X,3.33,2018/2/5,330800,d20e0929-25ad-4467-8737-c6ac135d0dc0
浙江省,0000000X0000007T000000070000000X,39.7,2018/5/15,330000,fc4181ad-f2e0-4866-a339-88448abdd85d
绍兴市,0000001E00000031000000070000000X,5.33,2018/2/15,330600,b1b887ec-98fd-4651-ac8d-af29353f9b78
绍兴市,0000001200000031000000070000000X,3.83,2018/11/25,330600,e66886da-e1ee-4bbe-a357-0e6dd12832a2
宁波市,0000000G0000003F0000000700000010,10.42,2017/5/2,330200,88950093-afe7-4ac6-91a8-d8b672fc9824
温州市,0000000H0000002T000000070000000X,18.67,2017/12/15,330300,d8855727-1479-4ad4-8cb7-16880622bcf8
温州市,0000000G0000003F0000000700000010,8.08,2019/3/5,330300,d5b59947-7dba-4efb-8331-139e06616cab
金华市,0000002U0000007X000000070000000X,4,2018/5/25,330700,096b8367-5013-470e-9fe8-8da9e5bb863d
嘉兴市,0000000M0000003V000000070000000X,12,2019/1/25,330400,0e5b2342-100c-4299-8354-9a5fa207bfd0
浙江省,0000000C0000002Q000000030000000X,63.69,2018/7/25,330000,9bfcbc42-fa8b-4aa1-8973-f157d9d7ad8d
浙江省,0000003100000081000000130000000X,86.31,2018/8/15,330000,7a6d63fd-b254-47db-b00b-cd9cfbf47597
浙江省,0000000G0000003F0000000700000010,9.14,2017/6/13,330000,eae10bcc-7b11-49b4-8757-def17e96aee1
温州市,0000000P0000002W000000070000000X,5.93,2019/1/15,330300,dd5097a2-c284-423b-a8a0-6f8e7715e1dd
绍兴市,0000000Z00000031000000070000000X,2.83,2017/1/15,330600,3c64fe98-4c30-4e3e-9490-f8af39f4ea34
衢州市,0000000J0000003S000000070000000X,41,2019/2/15,330800,14004932-7153-4fe1-9764-9650e5ef306d
台州市,0000000H0000003N000000070000000X,11.67,2019/3/5,331000,52f38405-d773-4cd1-8d31-e198bf0acde5
舟山市,0000000P0000003E0000000700000010,4.6,2019/2/5,330900,c67d3368-404f-4da5-9453-64997b6fa3d5
丽水市,0000000S0000002Z000000070000000X,9.67,2019/1/5,331100,474465a8-0934-4ea4-a40d-a0d6df41a947
绍兴市,0000000S0000002Z000000070000000X,8.5,2018/2/5,330600,88a458e1-9d59-49d9-9779-6983aabe4e10
台州市,0000000M0000003V000000070000000X,10.67,2018/4/25,331000,9b6c16fd-04ca-401e-9e3b-4842a610aa58
舟山市,0000001Z00000036000000070000000X,7.5,2017/6/5,330900,08779e51-6263-4f90-9192-8e518aca0b51
丽水市,0000001200000031000000070000000X,2.5,2018/5/25,331100,2d9cfbc9-dde2-440b-b79b-703063b1d2f5
湖州市,0000000H0000003N000000070000000X,15.33,2017/1/5,330500,deba116c-2d92-4eff-820d-40ddb3db966c
湖州市,0000000K0000003U000000070000000X,0,2017/11/15,330500,8b488ab1-cb5a-461c-b643-9bd29f8c53ec
湖州市,0000000H0000003N000000070000000X,12.67,2018/8/25,330500,907eceb8-60f7-442e-847b-66e1a72aebde
杭州市,0000000M0000003V000000070000000X,11,2018/3/15,330100,5601e540-56a0-42eb-a820-947e0cba9897
舟山市,0000000M0000003V000000070000000X,13.67,2018/3/15,330900,f1e0ac08-ec8b-4fef-be85-94b9d1965d7f
舟山市,0000001A00000031000000070000000X,5,2018/6/5,330900,0e0dc5db-c272-4975-857f-4084a2e9ccd1
绍兴市,0000000J0000003Q000000070000000X,39,2017/6/25,330600,0d6e120e-4b29-4e2e-9d90-a6d5fae6732c
温州市,0000002200000038000000070000000X,3.33,2017/5/5,330300,0c07aaba-a119-4b1a-830a-27848306a9c1
衢州市,0000000G0000003F0000000700000010,8.5,2018/7/31,330800,72fdbaf5-802b-4a34-975e-688f6cb1e604
衢州市,0000002U0000007X000000070000000X,4.67,2018/3/15,330800,b9a9e7a6-752f-4461-a581-d5ad44ad08af
浙江省,0000000S0000002Z000000070000000X,9.4,2017/10/25,330000,77d592ad-9abc-4c09-82b0-0a2d834c1cc6
绍兴市,0000000J0000003Q000000070000000X,38.33,2017/12/25,330600,d135e877-bf72-4830-9e7d-5c1c2abc4571
嘉兴市,0000001400000031000000070000000X,6.5,2017/2/5,330400,79fe2d7e-167a-4bfd-b290-4f47210e0cbc
丽水市,0000000D0000002R000000030000000X,54.6,2017/11/15,331100,623c4ae7-0c2d-443f-99d1-d952ef0fa807
丽水市,0000000D0000002R000000030000000X,54.6,2017/6/25,331100,c3085fb8-ea42-43fe-a38b-e8829e1541cf
湖州市,0000000X0000007T000000070000000X,35,2019/1/5,330500,bd9a46d3-cbb4-4ebc-ab10-aa2eb2ae5028
温州市,0000000J0000003Q000000070000000X,46.33,2017/7/5,330300,5b7320f4-97ad-4f85-a9c6-0286b168ce06
台州市,0000000Z00000031000000070000000X,4,2019/1/25,331000,0c814e83-2c68-4ee1-b4a7-36834159e936
宁波市,0000000G0000003F0000000700000010,10.21,2018/2/6,330200,79e739a1-a21f-4f1d-8170-badb7f1a9c7f
浙江省,0000002P0000007W000000070000000X,3.12,2018/5/15,330000,54ece4b0-5505-48a0-b712-3f61c7fb694b
舟山市,0000001500000031000000070000000X,4.67,2017/4/5,330900,408e035e-6f87-4c5b-9038-5a11bcaf40b4
宁波市,0000001E00000031000000070000000X,5.63,2018/6/15,330200,2439cb69-8bcd-4064-9c43-6e8bd0bdde4c
金华市,0000000J0000003S000000070000000X,34.33,2018/5/25,330700,cba41bbb-e336-409f-9382-e11c484cdbe1
嘉兴市,0000001K00000031000000070000000X,2.83,2017/5/15,330400,277d3a73-908b-45cd-ae2c-96427b2c5732
温州市,0000003100000081000000130000000X,63,2018/9/5,330300,978b73e2-46a2-4f71-af11-18214992302d
嘉兴市,0000000C0000002Q000000030000000X,66.33,2018/1/5,330400,4cde48f1-2c8b-4b34-a116-ff87dd1c0202
浙江省,0000000X0000007T000000070000000X,35.9,2018/10/5,330000,90e4a90e-ca2c-4fbb-9a32-06425752529e
嘉兴市,0000000P0000002W000000070000000X,5.5,2018/9/25,330400,f0a68a32-eec0-415b-8f33-2f4c27c4667f
温州市,0000000K0000003U000000070000000X,48,2017/7/15,330300,3873a6b5-b1a4-429c-8117-a69401f66584
丽水市,0000000K0000003U000000070000000X,33.67,2017/12/25,331100,27f3ab25-9de6-44af-979f-5d5e467ef045
浙江省,0000000K0000003U000000070000000X,35.22,2017/11/5,330000,b93b5dc3-973b-44d1-9345-aa31ab9148c4
杭州市,0000002U0000007X000000070000000X,4.5,2018/9/15,330100,5c99355b-cb4c-46ae-90d2-4d880ee7ed5d
金华市,0000000H0000003N000000070000000X,14.83,2018/10/15,330700,9d715c66-9709-409f-abf5-50574715f4c8
温州市,0000002200000038000000070000000X,3.67,2019/3/15,330300,bda9147e-aeee-45ae-bcb0-e6297c18bff5
绍兴市,0000001500000031000000070000000X,3.83,2017/11/25,330600,702cfb6d-0f32-409d-8f44-f2c71c66abb9
舟山市,0000000D0000002R000000030000000X,43.63,2016/12/15,330900,7976e46a-cdff-47e6-b975-9b2be812be0a
绍兴市,0000000P0000002W000000070000000X,5.5,2018/3/25,330600,444dae2a-7a35-48ed-ba53-e2f3f935c6dc
宁波市,0000000G0000003F0000000700000010,12.99,2018/9/11,330200,0122390f-3979-425d-9ccc-954fec4b5a00
嘉兴市,0000000S0000002Z000000070000000X,9.17,2018/5/15,330400,b31c252d-be71-4feb-922e-74285e35baaf
嘉兴市,0000001700000031000000070000000X,3.17,2017/4/25,330400,5a5dd161-4fbf-4f12-8454-6d96f7ac8b76
丽水市,0000000H0000003P000000070000000X,19.67,2017/12/5,331100,958c0b76-d4fd-4575-8ef8-c9bb4cb52246
杭州市,0000001E00000031000000070000000X,3.7,2017/5/25,330100,cd864a1b-ae20-4a34-b440-6a8f17b462bc
台州市,0000001K00000031000000070000000X,2.33,2017/2/15,331000,caaf2a92-8433-443d-8df2-666351b0d8b2
丽水市,0000001700000031000000070000000X,2.17,2017/7/5,331100,49bc8a5b-e767-49a0-a989-5ad3c1fd6da3
湖州市,0000000C0000002Q000000030000000X,57.67,2017/7/25,330500,e4dd317f-6772-4017-a2a4-0a3135e678d3
金华市,0000000P0000002W000000070000000X,4.97,2017/12/5,330700,6cecd638-7b8c-40b9-a2cc-0bb6547e8a22
浙江省,0000000J0000003Q000000070000000X,40.65,2017/1/5,330000,2e1c1812-60ff-4d8a-bad4-12ae8503eb66
湖州市,0000001Z00000036000000070000000X,5.33,2017/5/5,330500,30af3414-ca3e-4e9c-9316-3dd4644ec450
金华市,0000001500000031000000070000000X,3.67,2018/7/25,330700,7e6e6db4-ebb3-467a-b77f-1f20a5cb279b
台州市,0000002P0000007W000000070000000X,3.45,2017/9/25,331000,fa1d4f91-6ec5-48e0-95b9-4855dcfad8e1
温州市,0000001700000031000000070000000X,2.83,2017/5/25,330300,599349f2-a469-48ba-b6c0-4192758f13d6
衢州市,0000003100000081000000130000000X,86.27,2018/9/5,330800,bd5e1e1b-442f-4b14-974f-15dc6cbfe7f8
浙江省,0000000J0000003S000000070000000X,34.95,2018/5/15,330000,e876c641-2802-4c5e-8cb6-5dd45a782295
舟山市,0000001400000031000000070000000X,6,2017/8/15,330900,1411fd88-3200-40fd-9c8a-288a71aa5dfd
温州市,0000000P0000002W000000070000000X,4.87,2016/12/15,330300,4849e04d-96a5-4dfe-ad1d-c4fced273d9d
温州市,0000000X0000007T000000070000000X,39.33,2017/7/25,330300,13034ece-e339-4e6d-9b15-f3bcd1990f44
衢州市,0000000X0000007T000000070000000X,25,2018/10/25,330800,9b45122e-bef8-4e15-90a7-8197d8ea43e9
衢州市,0000000G0000003F0000000700000010,8.1,2018/7/17,330800,ff81e206-b68b-4194-a4d1-7d72ca8a597e
衢州市,0000000M0000003V000000070000000X,11.67,2018/9/15,330800,79e0de81-7f5b-49f0-a2b2-e27fbfaba7f0
台州市,0000001700000031000000070000000X,2.5,2017/1/15,331000,35f4e387-35c3-4031-8b53-42337ba363f1
宁波市,0000000J0000003Q000000070000000X,39,2017/9/25,330200,29e46ef6-19f8-4db8-9c24-243f0408a6ba
杭州市,0000000S0000002Z000000070000000X,8.53,2017/9/25,330100,e34e481b-37da-4d02-9fe3-39d90c7a9ae4
宁波市,0000001E00000031000000070000000X,5.6,2018/2/15,330200,ba126406-8457-4330-b96a-1999ed683010
丽水市,0000000P0000003E0000000700000010,3.5,2019/3/5,331100,a52aff6c-5db2-40e0-b5cd-f5c6355a2bcf
温州市,0000001A00000031000000070000000X,4.67,2017/1/25,330300,374bf46b-83e5-48a8-90f1-75ac8bcaf295
嘉兴市,0000000C0000002Q000000030000000X,66,2018/4/25,330400,990750fe-2e56-4c03-8f9a-2c47bcf06f5d
浙江省,0000000Z00000031000000070000000X,3.44,2017/5/15,330000,14d5dbbc-88bd-4f21-9f4a-1bb3e553ee57
湖州市,0000000C0000002Q000000030000000X,57.67,2018/9/15,330500,b4e7bc81-63af-4c37-ba8f-cc06cc131d07
丽水市,0000000H0000003P000000070000000X,16,2018/5/25,331100,841bded2-7388-4670-bb1c-319f44debd3f
杭州市,0000000G0000003F0000000700000010,11.7,2018/10/23,330100,e27326d2-8fb3-47ba-8c4c-5baa3ea4eb1c
嘉兴市,0000000G0000003F0000000700000010,10.3,2018/11/20,330400,715f4dfd-f727-4fee-a594-a2d60b4dd88f
宁波市,0000003100000081000000130000000X,138.33,2018/9/5,330200,0f326745-e227-4c11-b413-ae131b73ba43
杭州市,0000001700000031000000070000000X,2.83,2018/12/25,330100,e96a6af6-80b3-4902-a69d-7a0f6154fd2d
浙江省,0000000J0000003S000000070000000X,38.7,2019/2/25,330000,94829e79-8dd8-4874-ab45-66d1649450df
嘉兴市,0000000J0000003S000000070000000X,34.67,2019/2/5,330400,dc6f9e40-31d0-4370-846b-fb457a6f2778
温州市,0000001500000031000000070000000X,6.17,2019/2/5,330300,daa564f9-3206-4f43-a782-3aefe2d0a108
杭州市,0000001A00000031000000070000000X,5.83,2018/5/15,330100,0949cef8-5783-41d7-8d09-0b6351c2fdf2
绍兴市,0000001700000031000000070000000X,2.67,2017/3/5,330600,6eefd79e-9387-4e19-8216-33dd4a38f070
宁波市,0000000K0000003U000000070000000X,33.5,2017/10/25,330200,210c27cd-78a7-4c99-84f5-b2ab71ee9f61
金华市,0000002P0000007W000000070000000X,3.7,2018/9/15,330700,6b7c963a-ec88-4c70-b7ae-83a12d81967c
台州市,0000000M0000003V000000070000000X,10.33,2017/10/5,331000,8cafdfec-8409-4451-831d-95e5afd0dae8
舟山市,0000002200000038000000070000000X,4.5,2018/8/15,330900,6dd1dc48-41c0-4d39-af1f-8f043d95b40c
衢州市,0000001400000031000000070000000X,4.17,2018/5/15,330800,de7a963e-fe14-44ad-beea-df3cc3dac280
衢州市,0000000C0000002Q000000030000000X,66,2017/7/5,330800,1312fc6b-6a88-44cd-b66a-86e9cd5511b9
台州市,0000001500000031000000070000000X,4.17,2017/7/25,331000,349a0007-4866-4db8-8ec5-d112c7b178ee
金华市,0000001700000031000000070000000X,2.5,2017/12/5,330700,2c792cad-5af2-4d7b-aa25-a10ee6644c59
衢州市,0000001400000031000000070000000X,6.33,2016/12/25,330800,8e7fb378-677e-4cd3-a824-8209bcbf7551
丽水市,0000001700000031000000070000000X,2.5,2018/8/5,331100,1e6c2662-2b10-4e2c-aef2-8f094fdb6be6
绍兴市,0000000H0000003P000000070000000X,24.67,2018/12/15,330600,1cace8b3-ae4b-4ce9-90fa-8bfd3a037463
舟山市,0000000H0000002T000000070000000X,14.33,2018/4/15,330900,e6e96a6d-e40a-42c7-a1e3-aa1f3b81b69d
温州市,0000000G0000003F0000000700000010,8.86,2019/1/1,330300,c7c173f2-fa7b-438e-a502-e0de8088a8d4
杭州市,0000001500000031000000070000000X,5.33,2018/11/5,330100,93a38ac2-7b5a-48de-9417-ef00f3fe7877
浙江省,0000000Z00000031000000070000000X,4.93,2018/6/5,330000,5527f4b0-4291-4b78-b487-6416c69bc149
宁波市,0000001200000031000000070000000X,4.33,2017/12/5,330200,be1cefe9-b8df-459e-8163-024a5215bf8f
杭州市,0000000J0000003Q000000070000000X,41.17,2017/5/5,330100,d6a54998-21ee-4d4c-a0f2-8fb46e6229f4
宁波市,0000000C0000002Q000000030000000X,85.33,2017/1/5,330200,fe7ad237-7a7b-4d8e-8e74-f53ee5509cc5
绍兴市,0000000M0000003V000000070000000X,9.5,2018/4/25,330600,b6249e94-59a8-4172-95c1-f59321e43b1d
衢州市,0000000Z00000031000000070000000X,3,2018/4/5,330800,047d2967-5b53-42aa-a7ee-02b615a45d33
金华市,0000001200000031000000070000000X,2.83,2018/5/25,330700,b5e765d3-1710-40d9-8fb0-11044f539329
台州市,0000000P0000002W000000070000000X,4.67,2016/12/15,331000,3503418c-8831-4ac3-9974-b39b3954ae6a
舟山市,0000000X0000007T000000070000000X,38.33,2018/10/25,330900,ba87fcc6-772b-4da5-87be-d163fc106d53
杭州市,0000000P0000002W000000070000000X,4.87,2017/1/5,330100,f430ac28-b83f-4d58-84f8-a30581131a93
台州市,0000000Z00000031000000070000000X,3.17,2018/3/25,331000,b9df2a6a-e16d-42ba-bdca-64effb6ad22c
衢州市,0000000Z00000031000000070000000X,4.17,2016/12/15,330800,4e5a3640-f24d-4e82-99b1-dcbbfe10f2cc
绍兴市,0000000H0000003N000000070000000X,13.33,2017/7/15,330600,ceefaa96-6af5-47ab-ba55-cf3c091bc90a
舟山市,0000000H0000002T000000070000000X,13.67,2019/2/25,330900,0922226d-5167-426e-b734-a5d4e3d07012
丽水市,0000000K0000003U000000070000000X,32.67,2017/4/5,331100,1594db87-4b73-4017-857a-5771c3778198
绍兴市,0000001K00000031000000070000000X,2.83,2017/3/5,330600,843fa2c4-dbd6-4dbc-9407-55c63861c7f0
宁波市,0000001E00000031000000070000000X,4.83,2017/11/15,330200,5eafca62-369d-43ae-9dc0-695ef7f4b261
温州市,0000001Z00000036000000070000000X,7,2018/7/15,330300,914f1dd2-8135-42ce-8671-50235bdf151d
台州市,0000001E00000031000000070000000X,4.67,2017/6/15,331000,30209495-0059-41f0-99a9-4df96be43180
衢州市,0000001700000031000000070000000X,2.5,2018/7/15,330800,73cb5d92-8271-4ae3-a56d-5b607ddebbfe
湖州市,0000003100000081000000130000000X,74.2,2018/2/25,330500,4c376001-8a41-403d-be4c-843dff07567d
舟山市,0000000M0000003V000000070000000X,14,2018/5/15,330900,4fad18fa-6234-49fe-b2df-631c2feeadda
嘉兴市,0000000Z00000031000000070000000X,4.83,2017/7/5,330400,0bf78ae5-7731-455c-ac0a-e1291806f94e
杭州市,0000002U0000007X000000070000000X,4.67,2019/2/25,330100,a42e9bba-40e8-4a9b-9dc7-320954e19ef2
金华市,0000001Z00000036000000070000000X,6.17,2017/7/5,330700,552fa920-fdaf-4e1c-ba92-ca152d8f9e97
浙江省,0000001400000031000000070000000X,8.58,2019/2/15,330000,5ac1fbf6-356a-4526-9715-536f55f01054
舟山市,0000000J0000003S000000070000000X,33.67,2017/12/25,330900,6a1c5b7f-6e32-43df-b556-35f19af21e27
杭州市,0000001Z00000036000000070000000X,6.67,2017/4/25,330100,da3def05-c7eb-4345-b219-8348f6ef5078
金华市,0000000H0000003P000000070000000X,21.33,2018/12/15,330700,4589883b-87d4-4344-8f11-22957402d496
台州市,0000001A00000031000000070000000X,5.67,2018/9/15,331000,659b016d-8ffd-4495-9125-46e9137cabbe
绍兴市,0000000P0000002W000000070000000X,5.83,2018/12/25,330600,9e7dda07-0873-413b-b702-6376c5a45857
丽水市,0000000P0000003E0000000700000010,4.8,2018/2/6,331100,1dcb2a63-73c3-48db-9d35-8bf225a6faad
绍兴市,0000001400000031000000070000000X,5,2018/12/15,330600,26e4e34d-2aaf-4372-b2b0-11fca651d585
湖州市,0000000H0000003N000000070000000X,12.33,2018/8/5,330500,bf3f0fc0-0cf6-4859-ad8f-a80fd1ffa760
浙江省,0000000G0000003F0000000700000010,11.61,2017/2/21,330000,e1f2cb74-2601-484f-a93e-53a37e69f047
杭州市,0000002200000038000000070000000X,3.17,2018/2/5,330100,68d9d044-e8c2-4d98-b740-75de13349c35
丽水市,0000002P0000007W000000070000000X,2.93,2018/8/25,331100,cbfae494-c40f-4f01-a777-68ac30028cc8
舟山市,0000001400000031000000070000000X,4,2017/7/5,330900,b3be9c9e-8e67-4866-afd3-e078efec11d4
丽水市,0000000S0000002Z000000070000000X,9.67,2018/11/15,331100,75175fa9-8afc-4344-8afc-5a9607c701fb
嘉兴市,0000000C0000002Q000000030000000X,69.33,2018/8/25,330400,3f605899-d917-431b-bb3c-75e0e5292267
金华市,0000001Z00000036000000070000000X,6.33,2019/1/25,330700,983beb13-90f0-403f-a4d0-855cd8ce4abb
金华市,0000002200000038000000070000000X,3.17,2018/5/15,330700,ac32ad20-4c68-47bc-8b5a-b6652ce2a442
湖州市,0000000D0000002R000000030000000X,37.67,2018/2/5,330500,8c72d694-5e72-418a-b441-ee9968caf036
宁波市,0000001700000031000000070000000X,3.23,2018/6/15,330200,4f651a6a-cae3-4081-94e1-f17230ecace6
台州市,0000001700000031000000070000000X,2.17,2018/1/15,331000,43b05ac9-a687-4764-b51a-f77426a5a26c
绍兴市,0000000K0000003U000000070000000X,36.67,2018/4/15,330600,c1dff0ec-231c-44e8-80c6-604c2505f193
浙江省,0000001200000031000000070000000X,3.11,2018/6/25,330000,5c3ced36-6084-49ee-bfdd-606e057c06c6
温州市,0000000J0000003Q000000070000000X,50.33,2019/1/15,330300,8f74e00d-147a-4c86-817f-b2523742a9a2
温州市,0000000D0000002R000000030000000X,46.67,2017/10/5,330300,3fe006f5-ef0b-4563-a2ae-5eb2a1cb4774
舟山市,0000000P0000003E0000000700000010,5,2017/9/12,330900,37d6bbfa-a8a1-4b37-b69b-42081353df96
浙江省,0000001700000031000000070000000X,2.63,2017/7/5,330000,93cea87e-8114-425b-bc6c-d09d95d032dc
丽水市,0000000H0000002T000000070000000X,12.83,2018/3/25,331100,73dcadd9-a841-49a6-a489-af0fe10930b7
丽水市,0000000H0000003N000000070000000X,13.67,2017/4/15,331100,d8f5334b-df02-4f6d-97ee-2b5644dd1d4c
温州市,0000000H0000002T000000070000000X,17.33,2017/11/15,330300,82bc9f31-3cb3-4107-aad6-8dfe277b46c9
温州市,0000003100000081000000130000000X,63,2018/11/5,330300,4d373fb8-1e7c-400f-baf1-40d2aaef8693
衢州市,0000001400000031000000070000000X,6.17,2019/1/15,330800,d1e0aed8-bbe4-4142-8ec8-611a5210b8e5
丽水市,0000000G0000003F0000000700000010,9.5,2017/10/31,331100,88f863c0-5ab2-498d-b660-47d5fcc2c9a5
丽水市,0000001700000031000000070000000X,2.83,2019/2/25,331100,a1225237-2802-4e59-bd0c-7d82449d1268
金华市,0000000H0000003N000000070000000X,12.83,2017/7/5,330700,9874b5f0-b5c0-4966-9b7f-5e9c160f5007
丽水市,0000000X0000007T000000070000000X,35,2018/10/25,331100,e82c9d5c-6cef-4d19-b4d9-5b0f51bc1f1f
绍兴市,0000000X0000007T000000070000000X,51.67,2017/4/25,330600,aa4d2cc6-5a6c-4b1d-a13c-155c0b4c554a
舟山市,0000000X0000007T000000070000000X,35.33,2018/8/15,330900,6b7193f0-f036-43eb-b5fb-6e7fbeb4eaed
台州市,0000000H0000003N000000070000000X,14,2018/9/15,331000,22072e33-87ad-4ad1-a9d8-1c5c6dca9abf
嘉兴市,0000001A00000031000000070000000X,6.67,2018/12/15,330400,47db6425-2447-4b4e-b7f3-f96b87e4b4f8
杭州市,0000000G0000003F0000000700000010,9.96,2017/9/5,330100,3c3ebfbf-9e25-4fa0-af1a-a9af248846b3
杭州市,0000000Z00000031000000070000000X,4.33,2016/12/25,330100,42688931-66cc-42bf-ba08-9493b0ded3ca
台州市,0000000X0000007T000000070000000X,29.67,2017/11/25,331000,3b6b8754-7624-4777-8a8a-98be5477a1ad
丽水市,0000000M0000003V000000070000000X,11.33,2018/9/15,331100,993b1f34-dfc6-460a-922b-be7ade80019a
衢州市,0000002P0000007W000000070000000X,3.06,2018/9/5,330800,8fc02024-c272-4f1b-aee4-92bc3086443e
舟山市,0000000P0000002W000000070000000X,4.67,2017/3/25,330900,1fed1720-a6b1-4442-ae9b-11c58e5560d5
绍兴市,0000001E00000031000000070000000X,2.67,2017/3/15,330600,3c1c6415-9bd1-4de4-9718-0117219deb13
绍兴市,0000000H0000002T000000070000000X,14.67,2018/2/15,330600,e79c8cac-829c-403e-878f-61fa403390bd
金华市,0000000J0000003Q000000070000000X,41,2018/5/25,330700,c5973e00-4da7-4e4f-80d3-c2d398344e1a
衢州市,0000002200000038000000070000000X,2.5,2017/10/25,330800,7b1954a6-48cc-4402-a7f5-dce93d1d49c4
温州市,0000000S0000002Z000000070000000X,9,2018/8/15,330300,857aa36d-2cff-4362-bdef-66cf64e8209f
宁波市,0000000J0000003Q000000070000000X,42.33,2018/7/15,330200,a03fa390-ec26-4f58-866e-3996ee5d6457
金华市,0000001200000031000000070000000X,3.67,2017/11/5,330700,f0a27e88-7326-45f4-85aa-ab54ff37eb7e
金华市,0000002200000038000000070000000X,3.5,2018/12/5,330700,ff97722e-e2ab-4163-9005-2087eca2d10c
浙江省,0000000Z00000031000000070000000X,5.37,2019/2/5,330000,b94bbdd5-ece6-4eb1-b979-0368fea9a145
金华市,0000000M0000003V000000070000000X,12.33,2017/4/15,330700,783bc1b9-141a-418a-8d75-4ec316001dc8
宁波市,0000000K0000003U000000070000000X,32.83,2017/9/15,330200,2a28f438-1d4c-4847-9213-515615ed5f8a
浙江省,0000002200000038000000070000000X,3.33,2017/4/25,330000,0afe087c-9f83-4b29-99a7-cbb075fe3b6f
浙江省,0000003100000081000000130000000X,94.57,2017/11/25,330000,0de58521-1c20-4590-8346-f36aadd7fd6c
丽水市,0000001K00000031000000070000000X,3.83,2017/12/15,331100,6c62c183-cf39-4a89-b8c0-88b34a358131
台州市,0000000D0000002R000000030000000X,38.67,2018/9/25,331000,ecc8da04-21fd-4999-827f-e49e845c5443
嘉兴市,0000000J0000003S000000070000000X,33,2018/10/25,330400,aefaca36-d893-4665-9b6c-182bc9922ad8
衢州市,0000000H0000003N000000070000000X,16.33,2018/12/25,330800,b026be5b-8ee7-432d-9038-457e19f63e2b
舟山市,0000001200000031000000070000000X,4,2018/7/15,330900,c97db480-f6c5-4b09-b267-8c606a8509f1
衢州市,0000001E00000031000000070000000X,3.5,2018/12/15,330800,2beae536-08e7-46cd-b295-33f2f1e9ab83
湖州市,0000000H0000002T000000070000000X,16,2017/7/25,330500,b8ecfff0-d6ad-462c-bc8a-97b94a6104d8
衢州市,0000001K00000031000000070000000X,3.17,2018/8/5,330800,a396ca6b-ac17-42ed-a4c0-ff6dddf9218f
宁波市,0000001A00000031000000070000000X,3.97,2017/5/15,330200,db287545-35e0-42e6-86dd-07ba1022aabb
丽水市,0000001K00000031000000070000000X,3.33,2017/7/5,331100,a6dab3cc-b7b8-4483-a992-f6017e00c088
杭州市,0000000S0000002Z000000070000000X,8.1,2017/11/15,330100,a4dc5fb1-1cbd-46df-9d9f-313a2a95f02c
湖州市,0000001400000031000000070000000X,8.67,2019/2/15,330500,073ba76c-aeb2-463b-adb1-88ac4faec6bb
衢州市,0000000Z00000031000000070000000X,2.5,2017/3/5,330800,8bfc9500-16eb-4a9c-9cad-f4f0bb5155c9
舟山市,0000000J0000003S000000070000000X,33.67,2017/5/15,330900,361e4d4f-397c-4036-85ec-a81ea25a296e
嘉兴市,0000000M0000003V000000070000000X,11.5,2018/2/15,330400,504a8f67-7cd8-4995-b05b-200ff996fea3
丽水市,0000001400000031000000070000000X,7.5,2019/2/15,331100,36795e95-382c-4888-b0b1-bd2eb3ee9cbd
金华市,0000000G0000003F0000000700000010,10.2,2018/1/9,330700,edb18e9b-789f-4dcc-8df3-146ab36b1cf1
浙江省,0000000G0000003F0000000700000010,9.77,2018/2/13,330000,7924b344-d8df-4ed7-9f40-8181d613b705
绍兴市,0000000J0000003Q000000070000000X,45,2017/1/25,330600,1988e333-40d3-45eb-b1d9-2f9ebbb4467a
杭州市,0000001Z00000036000000070000000X,6.77,2019/3/5,330100,ade17742-0168-4080-8955-997e2e02faa8
嘉兴市,0000002200000038000000070000000X,3,2017/2/25,330400,a1053abf-a7e7-45bb-b61b-6c9d66f1942c
台州市,0000000H0000002T000000070000000X,14.83,2016/12/15,331000,105a9520-8f43-4725-b50b-75da2cd81f07
湖州市,0000002U0000007X000000070000000X,3.6,2017/11/15,330500,6f0a52c5-6fcb-4f72-8ae9-4e028cce3b3e
浙江省,0000002200000038000000070000000X,3.13,2017/9/25,330000,30897d3a-fa89-4dd0-af7a-c2cd7f1db78d
绍兴市,0000000M0000003V000000070000000X,9.5,2017/10/25,330600,ea5202e6-5ecc-40bf-8422-d1adafe4fe6f
舟山市,0000000X0000007T000000070000000X,45,2017/9/15,330900,adf80304-95b2-434f-a774-9cadee561102
宁波市,0000001A00000031000000070000000X,4.07,2017/4/25,330200,d355af20-b4b7-4ef7-973d-b09a5c0c33c1
台州市,0000000Z00000031000000070000000X,4,2018/12/25,331000,d91c60df-b167-4596-88fe-8e06a74fb871
台州市,0000001700000031000000070000000X,2.33,2019/2/25,331000,e2dda0d9-ad39-4293-9761-2578862cec36
绍兴市,0000000G0000003F0000000700000010,9.44,2017/11/14,330600,c801f87f-8710-4d81-b8a5-ad90ab490392
温州市,0000002200000038000000070000000X,3.33,2017/4/25,330300,0e644ae0-0fa8-4f25-8827-3d004e71a35a
宁波市,0000000J0000003S000000070000000X,30.33,2017/8/5,330200,89f20ea0-4211-4011-b363-c95d746f7e96
温州市,0000002P0000007W000000070000000X,2.5,2018/10/5,330300,478dfdef-fc0a-48fb-9f3f-68fd0533da75
嘉兴市,0000002200000038000000070000000X,3.5,2017/1/25,330400,72572d0f-011e-455f-809a-7197fe7fcc60
宁波市,0000001A00000031000000070000000X,4.5,2017/12/25,330200,ca118b45-fe06-422a-be46-719d98cd7c28
杭州市,0000000M0000003V000000070000000X,10.5,2017/8/5,330100,07bdf40a-23a4-4906-98be-6b661ded00ff
嘉兴市,0000000H0000003P000000070000000X,22.67,2017/1/5,330400,53217a08-71d3-43d9-b129-bbef5178aa3c
舟山市,0000000D0000002R000000030000000X,44.3,2019/1/5,330900,f79d4ccf-1b86-4b10-9b9b-0128c95ab966
丽水市,0000000H0000002T000000070000000X,11.67,2018/6/5,331100,a1ccf75e-36e6-4a60-bc6e-11dd9442b6dd
湖州市,0000000J0000003S000000070000000X,34.67,2018/2/25,330500,3c4f8bd3-0bdc-4c4d-abe1-3f173fb192ff
丽水市,0000002200000038000000070000000X,3.83,2019/2/25,331100,94836d0d-693b-40da-9ea6-28dbc00cad15
浙江省,0000000J0000003Q000000070000000X,40.95,2018/6/25,330000,dab48702-e7dc-405c-a2c8-412655e11c45
舟山市,0000000H0000003N000000070000000X,14.83,2018/4/15,330900,91e84099-a0f6-4916-bb16-2c3aedfceb89
金华市,0000000H0000003N000000070000000X,14.33,2016/12/25,330700,a6898245-a514-4583-8f95-3652dcd13913
台州市,0000000C0000002Q000000030000000X,63.33,2017/9/25,331000,6e881f29-c376-4b6f-a9f8-8943ccee9b29
绍兴市,0000000S0000002Z000000070000000X,8.33,2017/4/5,330600,d60d54d5-fc32-4cd5-b283-c8d0d7e2b2de
舟山市,0000000H0000003P000000070000000X,22.67,2018/8/5,330900,fc11370f-4b59-44fc-938e-9c43d694f968
嘉兴市,0000000P0000003E0000000700000010,3.1,2017/6/6,330400,55d31477-bf9c-4e9f-aaf2-e9be39150071
台州市,0000001A00000031000000070000000X,3.5,2017/5/25,331000,dca816d6-6475-4748-aaef-14316ef07c79
温州市,0000000D0000002R000000030000000X,46.67,2017/5/25,330300,c2dfe625-673e-4edc-9913-a648078bb9d1
浙江省,0000002U0000007X000000070000000X,4.32,2018/10/15,330000,56f50de0-209b-4f83-8a62-e345e5098ca4
宁波市,0000000J0000003S000000070000000X,32.67,2018/5/25,330200,2c8a2bb0-0e4a-42cd-8097-d0c0ed075781
舟山市,0000000X0000007T000000070000000X,41.33,2017/1/5,330900,a6f136af-c0c0-4491-9e59-ccba6e23061c
宁波市,0000000J0000003Q000000070000000X,43.33,2018/11/5,330200,a7e9165b-037e-4034-8840-21537aa6d6c9
宁波市,0000002U0000007X000000070000000X,4.57,2018/9/15,330200,763e42a2-5d96-486f-9f1f-e6dd213efb6c
金华市,0000000Z00000031000000070000000X,3.33,2017/6/5,330700,ac687e66-3f1a-44cd-bbe1-287e680bd142
浙江省,0000002200000038000000070000000X,3.18,2017/3/25,330000,47c68104-74fe-4e9a-b356-811e223880b3
台州市,0000002200000038000000070000000X,3.1,2018/12/25,331000,fa503127-f561-487e-854b-02c682e963e8
绍兴市,0000000P0000003E0000000700000010,2.9,2017/4/25,330600,415f9fbc-6305-407f-8362-20b09c14a536
湖州市,0000000P0000002W000000070000000X,5,2017/2/25,330500,e8c280c5-2ad1-41c9-bfa7-17e94b1c05fa
杭州市,0000001K00000031000000070000000X,3.17,2017/3/25,330100,503e7478-ce95-4816-b8fd-4d364715c5d0
衢州市,0000000H0000003P000000070000000X,22.33,2016/12/25,330800,9712c031-e94e-42b0-8a7c-13ec991dd1ec
嘉兴市,0000002U0000007X000000070000000X,3.73,2017/3/5,330400,dda7ef74-b38e-423e-8ff4-60aee226d384
温州市,0000000J0000003Q000000070000000X,48.67,2018/12/15,330300,fb10c129-3227-4bc0-9c6c-a98f28086313
金华市,0000000G0000003F0000000700000010,9.5,2017/10/17,330700,4a86a7d3-dfbd-4d92-9bce-8d890b5bfe65
舟山市,0000002P0000007W000000070000000X,3.33,2018/8/25,330900,a3c23e74-f91d-4715-9608-c5abdeaad3cf
丽水市,0000000G0000003F0000000700000010,9.4,2017/11/28,331100,b63f764d-e41d-41b6-9185-e6b3b7488081
绍兴市,0000001500000031000000070000000X,4.67,2018/2/15,330600,bcb5f82c-5dc8-4fc0-83e1-6700dab3d767
湖州市,0000001E00000031000000070000000X,4,2017/5/5,330500,138fff91-8aca-40af-86f0-a8afd1bedc6a
台州市,0000002P0000007W000000070000000X,3.45,2018/6/15,331000,b1e2f94b-b351-4027-80ee-59633947eba2
杭州市,0000000P0000003E0000000700000010,4.7,2017/10/3,330100,7e23e68c-811d-4842-9457-e1b5f8bd2b1c
衢州市,0000001K00000031000000070000000X,3.17,2019/1/25,330800,189318e9-e421-4366-8a5f-25af96866ad1
嘉兴市,0000000P0000003E0000000700000010,5.33,2018/1/2,330400,7d0842ca-bc7c-4f78-b04b-11eb8c615f9f
舟山市,0000000C0000002Q000000030000000X,50.3,2018/8/5,330900,d3be7393-b92f-4c23-ab35-50cee5df97ba
杭州市,0000000K0000003U000000070000000X,33,2017/5/25,330100,0f027c46-9365-4328-aef9-05831bf35d00
浙江省,0000002P0000007W000000070000000X,3.07,2017/4/15,330000,5fc89c03-303c-4565-9997-31fc13f937e7
嘉兴市,0000000J0000003S000000070000000X,31.67,2018/5/25,330400,b8a1cd32-8650-4b98-b48b-b799c032079a
金华市,0000001K00000031000000070000000X,2.83,2019/3/5,330700,fcf341ac-8e49-47ca-9631-e53d85254e98
绍兴市,0000000C0000002Q000000030000000X,59,2017/7/15,330600,fad7056a-978a-40bb-9ccc-bc411c36c900
台州市,0000000M0000003V000000070000000X,10.67,2018/3/5,331000,5811de26-e2e3-4e03-921f-36d143feece1
宁波市,0000000X0000007T000000070000000X,37,2017/9/5,330200,fa567b27-ebd5-40f7-a04f-3dbc75e4e849
衢州市,0000000H0000003N000000070000000X,12.67,2017/6/25,330800,29f4ff4f-72cf-4514-b778-ff64d7df47df
舟山市,0000002U0000007X000000070000000X,5,2017/2/15,330900,442402f0-b59f-43cd-868f-6759cd9c8e18
舟山市,0000000G0000003F0000000700000010,10.8,2018/2/6,330900,7aadf39b-5e35-4002-b64c-2a1b529c2009
嘉兴市,0000001200000031000000070000000X,5.67,2017/2/15,330400,83e2991c-5268-412b-aa0e-6cf301d0b67e
金华市,0000001400000031000000070000000X,4.5,2018/5/5,330700,7d760670-7fc2-472c-a425-a7f260df2728
衢州市,0000003100000081000000130000000X,77.67,2017/7/15,330800,8f97ae79-7ed6-44f7-8e0c-bc543abbde5f
绍兴市,0000001400000031000000070000000X,5,2018/10/5,330600,b92bd678-9f89-4f86-9fd1-92f9f8b34206
绍兴市,0000000S0000002Z000000070000000X,9.33,2017/6/5,330600,3a6ff4b6-3c2b-4e2f-8566-73608e438cd4
宁波市,0000000H0000003P000000070000000X,25.83,2017/10/15,330200,446e1845-7124-490a-b179-55a70ddac074
金华市,0000000D0000002R000000030000000X,40.17,2018/5/5,330700,83aaef32-1e52-4c49-b2bd-b8b02bd8d6ee
绍兴市,0000002U0000007X000000070000000X,4.67,2018/8/25,330600,f8e9bfdc-546a-472d-8cac-5a3797544bae
湖州市,0000000X0000007T000000070000000X,35,2018/7/5,330500,810bdf1f-4ae5-415f-8341-2ea8df65631f
浙江省,0000002P0000007W000000070000000X,3.01,2017/3/25,330000,41faf03a-877c-40e0-b9fb-322d7da24310
金华市,0000001500000031000000070000000X,4.17,2017/9/5,330700,3279c0bc-6e23-4a6d-89bb-b0a331fbd03f
金华市,0000001K00000031000000070000000X,2,2017/12/5,330700,d57e37b0-6c33-4413-ab29-7471b583b1ff
衢州市,0000000S0000002Z000000070000000X,8.83,2018/5/25,330800,746c951a-3547-4b01-ab12-cda40f6ade80
舟山市,0000000J0000003S000000070000000X,38.33,2019/1/25,330900,de285dbc-b718-4be8-9268-59a876576ae4
绍兴市,0000001700000031000000070000000X,2.67,2018/4/15,330600,e94cca38-c1b1-43d7-a760-3510ac9e93cd
舟山市,0000002200000038000000070000000X,3.67,2018/1/25,330900,857d8813-e505-4cec-ba72-568145f74db4
金华市,0000001200000031000000070000000X,3.17,2017/5/5,330700,64822c93-4e4b-4693-9415-1e72055000ff
衢州市,0000001E00000031000000070000000X,4.33,2018/3/25,330800,b50ceffc-a123-48a4-9c52-46d7aca7aedc
绍兴市,0000000J0000003Q000000070000000X,45,2017/2/15,330600,1f3bd8d5-cb46-4c81-92ed-aa6ac9355cc0
绍兴市,0000001Z00000036000000070000000X,4.67,2018/9/5,330600,64d22c8b-7545-48e0-95c4-1c8fd562ff20
嘉兴市,0000000X0000007T000000070000000X,31.67,2017/8/25,330400,684236c1-befd-4628-823c-f96c0fde62f3
嘉兴市,0000000M0000003V000000070000000X,11.67,2018/10/5,330400,b64147f6-3978-459c-b32e-aa4f04cbe93d
嘉兴市,0000003100000081000000130000000X,79,2018/12/15,330400,19bec594-0954-4a21-92b9-770e603530c6
温州市,0000001700000031000000070000000X,2.67,2017/1/15,330300,0b4cb675-b963-4b5f-897a-eac4008c5466
浙江省,0000000J0000003Q000000070000000X,40.05,2017/5/15,330000,29461189-3af0-4faf-97fa-7b1ba44d940c
衢州市,0000001200000031000000070000000X,3.67,2017/12/5,330800,b45cae72-5991-4480-b387-29cf6b990e06
宁波市,0000002200000038000000070000000X,4.27,2019/1/5,330200,93d859c1-3726-45a4-8561-5b0a6ee06025
丽水市,0000000K0000003U000000070000000X,38.67,2018/10/5,331100,357ebfba-578f-45ca-9422-a20b36c7dbd6
台州市,0000000C0000002Q000000030000000X,63.33,2018/12/15,331000,3c8f5ff5-4b25-4a4f-84aa-0b000f04fce0
丽水市,0000000M0000003V000000070000000X,11.67,2018/1/15,331100,a7ecf09e-23d8-430b-9e23-da328f1c76cf
湖州市,0000000H0000003P000000070000000X,18,2017/5/25,330500,2b41e0d4-b43d-4224-a786-ef8858c5366d
绍兴市,0000000S0000002Z000000070000000X,8.17,2018/3/25,330600,5cc86ef3-f78a-4aa2-837a-51970e1c77d9
湖州市,0000001700000031000000070000000X,3.17,2018/12/25,330500,e15cf623-d20f-42b6-a748-262c90a60206
温州市,0000000H0000003P000000070000000X,24.67,2017/12/5,330300,b99bde38-9996-448f-843e-cb499e190665
温州市,0000001700000031000000070000000X,3.17,2017/11/15,330300,03b41ee5-48e0-43c1-af59-b9bf0c2f015d
宁波市,0000000C0000002Q000000030000000X,77,2017/10/5,330200,99be6d96-245e-445f-b5d4-99f4d74840e4
舟山市,0000000P0000003E0000000700000010,3,2017/5/9,330900,b4044bba-377a-4de1-8717-a45e11cba9e9
宁波市,0000000D0000002R000000030000000X,41.67,2019/2/5,330200,1249812b-42c2-440c-bb4e-e090fd3c104b
温州市,0000000Z00000031000000070000000X,3.33,2017/6/5,330300,0b3893de-eb1c-495d-8283-02273b2bcbfb
绍兴市,0000001Z00000036000000070000000X,5.17,2018/11/15,330600,a533ec52-cca0-4295-9763-3f2415685339
舟山市,0000001A00000031000000070000000X,5,2017/7/25,330900,d077e15b-5362-4ee4-9ea1-a3ab45fb0b74
绍兴市,0000000K0000003U000000070000000X,38,2017/4/25,330600,e06f1b1c-0eed-4375-b19f-b4e7d0bca485
台州市,0000001400000031000000070000000X,5.33,2017/10/5,331000,219085bf-a97a-4db7-9627-031f8b000307
衢州市,0000001Z00000036000000070000000X,5,2017/7/5,330800,1ff080df-1517-4669-b931-be9af59d4614
衢州市,0000000M0000003V000000070000000X,11.67,2016/12/15,330800,6bd35936-f10d-4889-a67f-edf86e695c23
嘉兴市,0000000H0000003N000000070000000X,15,2018/1/25,330400,bc466b12-9136-4a51-a1f5-5798c0ae6f4a
浙江省,0000000Z00000031000000070000000X,3.35,2017/1/15,330000,6ab35494-05ec-436f-ad21-7b1e5aed5a4c
湖州市,0000000Z00000031000000070000000X,6.5,2017/10/5,330500,f7126e0a-7641-48e7-b126-0db6cec49db8
浙江省,0000000P0000003E0000000700000010,4.94,2018/1/23,330000,2f3bd683-33bb-4dad-a2d2-b4ca372519b6
温州市,0000002U0000007X000000070000000X,4.67,2018/12/5,330300,307e681e-d165-4b4d-8e67-f93b094e141a
嘉兴市,0000003100000081000000130000000X,79,2017/9/25,330400,355d4fa3-bbe8-446e-bfb1-a5fde7bca9e8
衢州市,0000000P0000003E0000000700000010,2.5,2017/7/11,330800,bc7a7626-d418-4063-8c3c-f5e673d0e6f8
杭州市,0000000H0000003N000000070000000X,15.17,2018/3/25,330100,121836fa-252c-469c-bbb8-f102c781a1c8
嘉兴市,0000001400000031000000070000000X,5,2017/5/25,330400,d18210b0-c1be-426a-a1fa-0593f481ec55
台州市,0000001500000031000000070000000X,4.5,2017/3/25,331000,cd59f628-27fe-49cd-a5b8-f8c776588311
温州市,0000001400000031000000070000000X,7,2017/4/5,330300,a031d85f-f59c-4dda-9be9-ea7ef6826652
温州市,0000000G0000003F0000000700000010,9.13,2017/10/24,330300,cf0a4893-db47-4a0b-b4f3-ea832f15f93f
衢州市,0000000D0000002R000000030000000X,37.67,2018/10/5,330800,254d96ea-f932-4f46-8a42-52a7c7e48787
台州市,0000000Z00000031000000070000000X,5.17,2018/6/15,331000,4c646f4c-1095-4b74-ace2-92799899f538
浙江省,0000000P0000002W000000070000000X,5.61,2018/8/15,330000,7068e548-ff0a-4a7d-9f90-727950409518
丽水市,0000000H0000002T000000070000000X,15.67,2018/2/15,331100,a5f43fe1-2f81-4791-aeac-2431925195d1
宁波市,0000000P0000002W000000070000000X,5.7,2018/4/5,330200,a9d28043-8bcd-4b40-b52e-f9c7e2667b67
金华市,0000001500000031000000070000000X,5.67,2018/11/5,330700,fb2754e9-59c4-426e-9b58-d90b25fd0359
衢州市,0000000G0000003F0000000700000010,12.5,2017/1/24,330800,6a4381b2-921a-43c5-8283-00421c841c6d
浙江省,0000002200000038000000070000000X,3.29,2018/7/5,330000,4e488250-6dad-48d8-946a-b064d28e8a2c
舟山市,0000001K00000031000000070000000X,5.17,2018/10/5,330900,db0fda7d-b177-44d4-ae1d-4169a32298c3
丽水市,0000001K00000031000000070000000X,5.17,2018/9/5,331100,28df6dfa-aa18-4039-a09d-db2cb9c8ff14
衢州市,0000000H0000002T000000070000000X,18.33,2017/3/25,330800,c965e844-218c-45d0-813e-0778a841522a
杭州市,0000001200000031000000070000000X,4.33,2017/1/5,330100,885e6c70-783e-451d-a733-5e31fef8d9e8
宁波市,0000000C0000002Q000000030000000X,81.67,2017/4/5,330200,35bf8256-477b-4e37-b153-85096c5c5582
舟山市,0000001A00000031000000070000000X,6.17,2018/9/25,330900,fb4691f0-48c3-429c-8f7f-10356046db9d
台州市,0000001500000031000000070000000X,3.67,2018/8/15,331000,73937f60-de8f-47e1-9e48-81e0ba3c21df
舟山市,0000000S0000002Z000000070000000X,11.67,2018/7/25,330900,fda2a137-f4aa-4478-bd6d-e5ca502f8e46
温州市,0000001200000031000000070000000X,3.83,2016/12/15,330300,5380cbcd-bec0-4a73-a75c-553174082bfe
嘉兴市,0000001K00000031000000070000000X,3.17,2017/4/15,330400,51eefc77-874a-429c-8037-1e8f633eba46
丽水市,0000003100000081000000130000000X,84,2018/12/15,331100,e93f7abd-96c3-469d-948b-ec4a95f8386c
浙江省,0000001E00000031000000070000000X,3.35,2017/3/15,330000,1fc35a77-2e1d-4d8c-973b-481888a186e8
金华市,0000001500000031000000070000000X,4.83,2019/1/25,330700,fca1f83e-a7ee-4b5f-96f5-4d3141743a35
丽水市,0000001200000031000000070000000X,3.17,2018/11/5,331100,79a4307f-865e-4586-9c35-e8108e8ffaad
台州市,0000000Z00000031000000070000000X,4.33,2017/9/25,331000,7c421928-0b82-47d9-bcfb-88a0172788e0
湖州市,0000001K00000031000000070000000X,2.83,2017/5/15,330500,2493b5ca-f173-4a8d-8277-bfcd0ea7a99f
杭州市,0000000J0000003S000000070000000X,35.33,2017/1/25,330100,490ef1e6-a818-41cb-a8bf-4ea99a240fc1
嘉兴市,0000001Z00000036000000070000000X,5.67,2017/3/25,330400,60f35334-864b-4476-9ed5-a0a51a100399
绍兴市,0000000C0000002Q000000030000000X,57.67,2018/9/15,330600,4df4f18f-9650-4adf-afa6-80e162fae0fb
温州市,0000000P0000003E0000000700000010,4.15,2018/6/5,330300,8eae5517-afb7-4584-8090-472588cafe8a
温州市,0000000M0000003V000000070000000X,14.33,2018/5/25,330300,8c6eea07-f884-43b4-999f-78b7786f262e
杭州市,0000001A00000031000000070000000X,5.23,2017/12/25,330100,113b8645-e865-45b7-8c83-dd3b2c011547
金华市,0000000H0000003N000000070000000X,14.17,2017/4/15,330700,c840624f-0703-4df4-a975-af449d69672f
宁波市,0000003100000081000000130000000X,138.33,2018/12/25,330200,bcecac3d-9121-495a-b13c-209701c5adfe
衢州市,0000000J0000003Q000000070000000X,38,2018/9/5,330800,0f8c3bbc-2de1-4e25-aff7-7f2b229b6beb
浙江省,0000000X0000007T000000070000000X,34.97,2017/9/5,330000,68c818c5-8f79-40d5-b7e4-15e9cc327b0c
金华市,0000000M0000003V000000070000000X,12.33,2017/9/25,330700,1cac4ac1-af97-4701-a2b8-945fba4476d5
杭州市,0000001500000031000000070000000X,6,2019/2/5,330100,e2dac941-a252-4947-8335-f9cf97ed294c
嘉兴市,0000000D0000002R000000030000000X,36,2018/7/5,330400,d50b4c3f-d20f-4b82-b051-250fe3213364
杭州市,0000000H0000003P000000070000000X,22.17,2017/2/5,330100,555ac83a-30f7-4347-bcc2-f506f4418955
湖州市,0000000C0000002Q000000030000000X,57.67,2018/8/15,330500,250f7198-8fc5-4fc3-b6ec-86fc929b4440
浙江省,0000002200000038000000070000000X,3.58,2018/4/15,330000,1ddc4bc0-1340-4d2a-abb0-c47cee7c84ea
金华市,0000000M0000003V000000070000000X,12.33,2018/7/15,330700,735e1c02-7469-49d7-b38f-7e81671e836f
浙江省,0000001A00000031000000070000000X,5.16,2017/4/15,330000,c350ccbf-49fe-4e0a-ac34-82e5b930d478
宁波市,0000001700000031000000070000000X,3.13,2017/9/15,330200,d7ad425b-d44c-421a-8dc1-61fc98e1fd15
嘉兴市,0000000H0000002T000000070000000X,16.67,2019/1/5,330400,139cd9f7-8319-48a7-a7e1-cf0074ded63d
嘉兴市,0000001700000031000000070000000X,3.17,2017/1/5,330400,0fa7ee44-5fec-4d85-b08b-ce74e9ccad96
嘉兴市,0000001A00000031000000070000000X,5,2017/9/15,330400,5da7c9fc-beb9-4f02-8e76-b3742ddde1d0
杭州市,0000001700000031000000070000000X,2.6,2018/7/5,330100,6d087c28-975e-4aec-b22c-88210459f46d
温州市,0000000Z00000031000000070000000X,6.33,2018/9/15,330300,687d0a85-99d7-4535-b557-00713ec052e9
舟山市,0000001A00000031000000070000000X,4.67,2017/1/5,330900,b9eca6ec-cba3-44cf-95d0-5de8028da2d7
衢州市,0000002U0000007X000000070000000X,4.33,2017/6/15,330800,62e6e31e-596c-4f43-9550-7f51eac9ba05
绍兴市,0000000C0000002Q000000030000000X,57.67,2018/1/5,330600,32e9f711-1aa1-43b2-862c-6a2023cca8e7
嘉兴市,0000000G0000003F0000000700000010,11.4,2019/3/19,330400,bf4e8279-4a4d-4bbd-9e4e-a71fe96a70f6
宁波市,0000001700000031000000070000000X,2.9,2017/6/5,330200,4fd39833-5658-4958-a4dc-75df00a47833
台州市,0000002200000038000000070000000X,3,2018/12/15,331000,0ebc84c0-eefc-4461-b70a-95d352de0563
衢州市,0000000J0000003Q000000070000000X,38.67,2018/4/5,330800,629a61eb-99a3-4148-bb28-a84a39fc6522
湖州市,0000000H0000003P000000070000000X,18.67,2017/5/5,330500,f33bd81f-4bc2-4807-8621-e1e7b9836ad6
金华市,0000002200000038000000070000000X,3.6,2018/11/25,330700,9f87001f-e214-421d-be9d-2ed8215efb77
丽水市,0000000X0000007T000000070000000X,53.33,2018/4/5,331100,bfc2f6ed-9bbb-44ee-8923-2a643b52da5e
舟山市,0000001700000031000000070000000X,2.83,2019/1/5,330900,42003298-10e9-483d-a72c-53e889b8f747
金华市,0000002U0000007X000000070000000X,4,2017/9/5,330700,62b1d4b9-a3e7-4946-9cd7-026ddd4d79a7
浙江省,0000000X0000007T000000070000000X,41.37,2017/5/5,330000,c10edbb6-f448-4c82-84e3-afa52787f4a6
杭州市,0000001500000031000000070000000X,4.33,2018/2/5,330100,bff9f7ab-1052-42b4-8811-425b224fbc05
金华市,0000000S0000002Z000000070000000X,7.5,2019/3/5,330700,8979324a-8095-4985-bf65-8c70d0575b6a
金华市,0000001400000031000000070000000X,6.5,2017/4/5,330700,c845f1cc-9398-493e-83a9-306773c93a80
温州市,0000000D0000002R000000030000000X,47,2017/1/25,330300,9c6895c2-a57b-4a42-b075-208479ee9b68
丽水市,0000001200000031000000070000000X,4,2017/3/25,331100,3cd5e259-4ce7-41ae-b696-6925930a0d7d
温州市,0000000J0000003Q000000070000000X,45.67,2017/8/15,330300,f7d690b2-148f-4673-8d25-c46d99c6180b
杭州市,0000002P0000007W000000070000000X,3,2017/12/25,330100,86779ed3-928f-4f55-a466-d32d111331c0
台州市,0000001E00000031000000070000000X,2.5,2017/4/15,331000,7340633b-86cc-4392-8b4e-55d860f83ddf
金华市,0000001K00000031000000070000000X,2.67,2016/12/15,330700,004f681d-6638-47bd-95e1-e801302e8fa4
杭州市,0000001K00000031000000070000000X,4.03,2018/8/15,330100,24c1ec06-91c3-4308-9449-5e840c055286
湖州市,0000000H0000002T000000070000000X,16.67,2017/3/25,330500,28d37cc8-27c6-4d69-911c-e2d5078477de
舟山市,0000001400000031000000070000000X,7.33,2019/2/15,330900,1493ebe6-6130-4b32-beb5-998accc0653c
浙江省,0000000P0000003E0000000700000010,3.36,2017/7/25,330000,1505f322-1d34-4479-aee7-b47b295c372e
温州市,0000000K0000003U000000070000000X,45,2018/2/15,330300,59821624-8aaa-4a22-9a6d-5992891af5c9
舟山市,0000000J0000003S000000070000000X,34.33,2018/9/5,330900,c7899a5c-cdd5-4dda-8c58-68c6754e92f7
宁波市,0000002P0000007W000000070000000X,2.93,2018/8/5,330200,4fd222d2-09ff-48b7-ab6f-4844c8db3cb3
嘉兴市,0000000P0000003E0000000700000010,4.83,2018/4/3,330400,b49883e4-4443-4c0e-bba9-61b1a1d6c3e0
湖州市,0000001Z00000036000000070000000X,5.67,2018/12/25,330500,3cc26d6c-46be-4ce6-889b-0df21700ddee
丽水市,0000001K00000031000000070000000X,4.83,2018/10/15,331100,0178b7ce-95a7-4e84-99b3-0346684460ea
温州市,0000000P0000003E0000000700000010,4.58,2017/9/5,330300,065c0dee-40e6-429f-a26c-0a9d017c1966
宁波市,0000002P0000007W000000070000000X,2.6,2018/1/15,330200,92750d36-ca92-423e-9da4-9a7afd5376d5
杭州市,0000000Z00000031000000070000000X,5.17,2019/1/5,330100,f37437fe-3ab7-4724-ad15-607a68d776bd
丽水市,0000000P0000002W000000070000000X,5.93,2018/10/5,331100,42729c8a-1cbe-41a8-9025-9d526e2cea93
湖州市,0000000H0000003N000000070000000X,13.83,2018/3/25,330500,b4e1a77d-87c6-4c01-8ee8-9e7070f471f7
嘉兴市,0000000H0000003N000000070000000X,14.83,2018/11/5,330400,81c3bcf0-d900-4b52-982e-ad79d8a5651d
台州市,0000001200000031000000070000000X,3.5,2017/3/15,331000,d7194496-6e53-4724-a9db-7ca0960d8d01
嘉兴市,0000000P0000003E0000000700000010,4.33,2018/7/3,330400,63216793-88e6-437d-83a0-07b5fbcd9005
丽水市,0000002200000038000000070000000X,3.33,2016/12/15,331100,598c55d7-2043-4dee-9593-fa73e6b86f93
金华市,0000000H0000003N000000070000000X,12.83,2017/10/5,330700,9e79a175-4253-4024-b2a6-963a8d737768
杭州市,0000000Z00000031000000070000000X,4.17,2018/4/5,330100,ded9ff32-875c-4c9f-9f4c-366b86c21edc
绍兴市,0000001500000031000000070000000X,5.67,2019/2/5,330600,08654afa-40e6-4237-ad30-db822f4e169f
杭州市,0000001700000031000000070000000X,2.83,2018/12/15,330100,ba609995-1f9a-4ac0-a62e-8e74fa2e7985
温州市,0000000H0000003P000000070000000X,25.33,2018/8/15,330300,09945469-adaa-4ac6-84ef-b0d05b0fc5bc
舟山市,0000001A00000031000000070000000X,5,2017/9/5,330900,3bb8d7e5-8b86-4935-aa4a-bae350ba02fa
宁波市,0000001K00000031000000070000000X,3.1,2017/1/15,330200,a0aae1b8-efa7-40a9-a848-0bb7fba63b50
温州市,0000003100000081000000130000000X,63,2018/5/25,330300,795cf257-fe20-4e9f-9e41-602bd7c32635
衢州市,0000001A00000031000000070000000X,6.5,2017/3/15,330800,5b586644-6049-468d-ad0e-95bc91eecb2b
金华市,0000001200000031000000070000000X,7.33,2019/2/5,330700,9d669e75-83dc-4a7a-8b4b-2e21bde8b541
浙江省,0000001500000031000000070000000X,4.85,2017/3/15,330000,781d2ce5-5062-4117-846f-b13dd0cc66e5
绍兴市,0000000Z00000031000000070000000X,3.67,2018/5/15,330600,18bafd8c-6052-44bc-8126-2a6d070fcd26
台州市,0000001200000031000000070000000X,3.33,2018/7/15,331000,71aca341-8247-4199-87f4-d85d2fb63554
湖州市,0000000P0000002W000000070000000X,5.33,2018/12/15,330500,33455582-8d74-438a-b29c-5235db032169
金华市,0000000C0000002Q000000030000000X,68.87,2018/3/15,330700,3119e49f-002b-41c0-b154-fa49a633d9be
衢州市,0000000J0000003S000000070000000X,36.67,2018/1/25,330800,49e00631-8532-407f-a78b-0ba040556181
台州市,0000001E00000031000000070000000X,3.67,2018/2/5,331000,fabe8491-7529-4499-b9aa-9a76f767eba8
温州市,0000000S0000002Z000000070000000X,9.33,2016/12/25,330300,a174f618-2de0-41a6-bb5f-2750d5f06312
温州市,0000000P0000002W000000070000000X,5.17,2018/5/15,330300,4888d569-cbcf-4afb-a641-2b3fd67a7be4
绍兴市,0000000H0000003N000000070000000X,14.67,2019/3/15,330600,f9e251f1-2999-4f21-88c6-5bfed22a5f61
金华市,0000000P0000003E0000000700000010,4.2,2017/9/26,330700,816480d8-6a6d-4d60-80e8-6249f6e45280
舟山市,0000000P0000002W000000070000000X,5.33,2017/12/25,330900,0f297350-d6f7-4a9f-8f35-4792abf49def
宁波市,0000000Z00000031000000070000000X,5.8,2017/7/5,330200,775d7661-e166-4330-be13-28dc9ec72261
衢州市,0000000M0000003V000000070000000X,9.83,2017/5/15,330800,6e91e157-19b6-4e80-913c-8657b4705282
宁波市,0000000M0000003V000000070000000X,14.13,2018/12/15,330200,17bc3f9e-f210-44ad-92db-82ddf842afe6
嘉兴市,0000000D0000002R000000030000000X,38.67,2017/10/15,330400,511048d3-ca95-479c-9f85-6b94d4d3d747
台州市,0000000S0000002Z000000070000000X,9.5,2017/12/15,331000,4f7bdb91-c66b-4f49-b728-a030c20e7fea
绍兴市,0000000C0000002Q000000030000000X,62,2017/2/25,330600,a2b2cdbe-1e7f-492c-9849-d164056850ee
湖州市,0000000P0000003E0000000700000010,3.8,2019/3/19,330500,772119d0-013e-404b-a6a4-d9d1be366048
金华市,0000000P0000002W000000070000000X,4.77,2018/7/5,330700,d40876bc-6c12-43d5-a518-0807dff0a06a
杭州市,0000000K0000003U000000070000000X,33,2017/5/5,330100,08028e78-92e8-4c2c-86dd-0cc6aab0128e
杭州市,0000001500000031000000070000000X,4,2017/6/25,330100,88d3e0c9-c560-4b88-8b7c-c66f4f7037d7
衢州市,0000000P0000002W000000070000000X,6,2019/1/25,330800,2724a69b-5645-44da-9572-41a34cb9171f
绍兴市,0000001500000031000000070000000X,4.5,2018/12/5,330600,05939e8c-1d8d-4bee-bb5b-9f0ca663ba33
宁波市,0000002U0000007X000000070000000X,4.63,2017/5/5,330200,96897a83-0967-4680-bd91-0e5f6ef10d9b
嘉兴市,0000000G0000003F0000000700000010,9.35,2017/10/17,330400,71bc5526-7275-43bc-a919-d7bf352350ec
温州市,0000000C0000002Q000000030000000X,60,2018/12/15,330300,26d99f78-4e76-468f-a711-ec96c527d0d3
温州市,0000000J0000003S000000070000000X,43.67,2017/4/5,330300,e0c74d99-3efa-489f-a423-404bd2ca4eca
嘉兴市,0000001200000031000000070000000X,3.17,2018/7/5,330400,d78a120d-cdf8-456b-bb04-61f01702bcca
台州市,0000002P0000007W000000070000000X,3.28,2017/5/5,331000,bdb4719a-c224-4eb1-bf50-0befa6364eb4
金华市,0000000H0000003P000000070000000X,22,2018/9/25,330700,ba106ed9-0dc0-42b6-83bc-3b9a45aa7737
浙江省,0000002U0000007X000000070000000X,4.34,2019/1/5,330000,d9a73ff6-56f3-42a3-a4cc-4569ac964ccb
湖州市,0000001A00000031000000070000000X,7.17,2017/5/5,330500,15f9a961-a72f-4dcf-937d-88f73ac720fe
湖州市,0000000J0000003Q000000070000000X,38.33,2017/4/25,330500,eed31a90-02b0-40ec-938a-fa5ef8b2f4a9
杭州市,0000000P0000002W000000070000000X,5.6,2018/12/15,330100,e03f4b1b-375a-495e-b66a-5ad17e93be12
丽水市,0000001Z00000036000000070000000X,5.66,2017/8/5,331100,6b7e23d8-5639-4ba7-bd22-9d80c4eea163
湖州市,0000001Z00000036000000070000000X,5.67,2017/12/15,330500,8b489be8-a0af-4c97-98e3-5acd38d0317f
舟山市,0000001200000031000000070000000X,5.33,2018/9/15,330900,2e1df947-3e58-4417-a0d1-02cbd6844187
湖州市,0000001E00000031000000070000000X,6.17,2018/6/15,330500,966ce02b-3c9e-4f08-866a-ddf7d21b3030
湖州市,0000000H0000003P000000070000000X,17.67,2018/8/5,330500,12ddc651-5976-4084-9343-67260debfb13
温州市,0000001700000031000000070000000X,3.17,2019/3/5,330300,5942e912-d1f4-4041-9c29-9ad9ac07d4e9
舟山市,0000002U0000007X000000070000000X,3.83,2018/4/5,330900,524f5fd3-2169-4bb2-8aa4-82376ad9c502
湖州市,0000000J0000003Q000000070000000X,40,2019/3/15,330500,d66d9b1e-ebb7-4b50-a9dc-89e47f74bd60
丽水市,0000000H0000003N000000070000000X,16.67,2018/10/15,331100,57e84d72-f011-4d2e-af53-a52fc5229e33
嘉兴市,0000001Z00000036000000070000000X,6,2017/4/25,330400,51328280-f8b6-46ce-945a-ad50e5b2fad4
湖州市,0000001Z00000036000000070000000X,5.67,2019/2/15,330500,f4ed20b0-928c-4334-962f-233c726547c1
舟山市,0000000H0000002T000000070000000X,15.33,2018/12/25,330900,e65b8056-e17b-4771-b2a1-47276400dcc9
舟山市,0000002200000038000000070000000X,4.17,2016/12/15,330900,454fcff2-f150-41c6-8042-692c82256ca7
杭州市,0000001700000031000000070000000X,2.47,2017/7/5,330100,d5a3b297-d3d3-4e94-8d7a-db3e1262e58a
丽水市,0000001E00000031000000070000000X,2.83,2017/3/15,331100,63f3a4a1-fc25-4352-b08b-1db8f57cce31
杭州市,0000000J0000003Q000000070000000X,40.5,2017/10/25,330100,79dd1ec4-b3e0-4539-8d24-cdf7942ce0ac
杭州市,0000001400000031000000070000000X,6.83,2017/3/25,330100,fd617324-6fda-4022-8adc-fdbc1a03ee7c
舟山市,0000000P0000003E0000000700000010,5.2,2018/10/23,330900,a1e5322f-93f3-410a-b0f6-77fa3b25a76b
浙江省,0000000S0000002Z000000070000000X,8.73,2017/1/5,330000,fb48cd89-0ffc-4b45-a793-a2a7b0871ce6
台州市,0000001K00000031000000070000000X,2.33,2018/3/25,331000,42295238-6ccc-4772-a013-33e7e96aba98
衢州市,0000000M0000003V000000070000000X,11.67,2018/2/5,330800,73e70e49-857d-4496-9eab-c2081b341238
衢州市,0000000C0000002Q000000030000000X,66,2017/3/5,330800,75c830e6-3d7c-4db2-adbd-97a295a28826
温州市,0000000D0000002R000000030000000X,51.33,2019/1/5,330300,a7194ae0-da14-4691-938b-2783145cb0aa
台州市,0000000C0000002Q000000030000000X,63.33,2018/7/5,331000,7fd9884e-c2d1-4aac-a701-9244a5a15dcd
嘉兴市,0000003100000081000000130000000X,79,2018/5/25,330400,8dcbea0a-1dde-4594-922e-40200227f203
宁波市,0000000J0000003S000000070000000X,30.33,2017/12/5,330200,863d7ef0-d1a7-466d-b743-d1a0bc73cba1
衢州市,0000000S0000002Z000000070000000X,9.5,2017/4/15,330800,3b5b5970-191a-4a96-b02a-9bd7be8801b6
丽水市,0000000K0000003U000000070000000X,36.67,2018/3/15,331100,2e1045bf-ed1b-47ae-9783-2ca7cdc7e667
温州市,0000002P0000007W000000070000000X,2.5,2019/1/15,330300,480ac56f-0340-4db7-b512-2a230bb46509
浙江省,0000000H0000003N000000070000000X,15.07,2019/1/5,330000,610dc152-bf78-4d9f-b659-f0ba2b2071f0
台州市,0000001400000031000000070000000X,5.67,2017/2/5,331000,c2e890d9-c13d-40a7-9ee7-8e2db6a800b8
衢州市,0000001200000031000000070000000X,3,2018/5/15,330800,8b7252e3-8db5-4adb-9f28-a164e7cf4b72
丽水市,0000001500000031000000070000000X,6,2018/10/5,331100,23d3e47e-c4ef-4bde-b3af-26f1103648d8
台州市,0000001200000031000000070000000X,4.5,2018/12/25,331000,8e494449-23cc-4d21-9030-ab84ffc0b36d
浙江省,0000000P0000002W000000070000000X,6.03,2018/9/25,330000,08a6cf7f-bb7d-4ea8-9cbe-6ca2245e5137
金华市,0000001200000031000000070000000X,2.83,2017/5/25,330700,1f904ef0-f2a2-4ff6-97cc-c4fc73053d4e
温州市,0000000C0000002Q000000030000000X,60,2017/2/25,330300,975baa75-9c14-4886-99fb-c0338c0a8544
杭州市,0000000J0000003S000000070000000X,35.67,2018/7/15,330100,ae3c1d5b-6a7b-49ed-8912-96309d9c26db
舟山市,0000000M0000003V000000070000000X,13.67,2017/10/25,330900,fa0ae290-fa47-47b6-809e-d5108a77ed49
嘉兴市,0000000Z00000031000000070000000X,5.33,2018/11/5,330400,3e59a4fa-090d-4a8b-8a5b-c225119a1ac8
台州市,0000002U0000007X000000070000000X,4.33,2016/12/25,331000,ac16cbf9-16da-4148-b0e1-d6c514aca984
绍兴市,0000001500000031000000070000000X,4.5,2017/1/15,330600,a40160c0-9d89-4718-a10e-0c9e53fa43f4
嘉兴市,0000001K00000031000000070000000X,3.5,2017/12/25,330400,49974a5b-761b-4845-b6ff-e62554e2f00d
温州市,0000000G0000003F0000000700000010,8.03,2018/7/17,330300,17661ab2-d5ba-4def-88fd-e3d831680bda
嘉兴市,0000001500000031000000070000000X,3.67,2017/6/15,330400,3df81626-fbad-40eb-9689-93faba54ded2
衢州市,0000000M0000003V000000070000000X,11.67,2018/1/5,330800,f93784bd-6b2e-4c70-b8a3-668018611e6e
杭州市,0000000C0000002Q000000030000000X,62,2017/3/25,330100,81ec6b16-2fa2-40da-98cf-3f6c8570bfd1
浙江省,0000000D0000002R000000030000000X,43.26,2018/6/25,330000,0a75c955-9a9c-4ae8-9194-6af3d4b9334a
宁波市,0000000H0000003N000000070000000X,14.33,2019/3/15,330200,e8c602b1-50e1-4f92-b0fc-cdfdfa584911
浙江省,0000002200000038000000070000000X,3.26,2017/4/15,330000,495ea5e1-dccb-47eb-8a8e-5a35ea8caf8e
温州市,0000001700000031000000070000000X,3.17,2018/7/15,330300,9d55f867-c22b-4760-a27c-2231fb139c09
宁波市,0000000P0000002W000000070000000X,5.47,2017/10/15,330200,2028c740-b57c-4b34-9a0f-7947a039f5a0
浙江省,0000000J0000003S000000070000000X,35.21,2018/4/25,330000,eb34d3a2-3edd-4a2c-be79-71e048378439
丽水市,0000001E00000031000000070000000X,5,2016/12/15,331100,90b8994b-4f03-4115-b6a3-b9b77557a867
湖州市,0000000P0000003E0000000700000010,5,2018/2/13,330500,4201b368-8cba-44e1-b634-7b0cae1bf34f
杭州市,0000000J0000003S000000070000000X,35.83,2017/7/15,330100,e1ae66f7-48e8-4eec-bd92-11a6e108684d
金华市,0000000C0000002Q000000030000000X,68.17,2017/1/25,330700,62e15f76-1ee5-4d67-a348-f0dc7a2a43cb
杭州市,0000000P0000002W000000070000000X,5.63,2017/12/15,330100,fca23e3f-ffd8-4d41-81b6-e7858dade2dd
绍兴市,0000000M0000003V000000070000000X,9.83,2017/11/25,330600,6955ea91-4a82-4d25-ba88-0485adcc8c15
金华市,0000001700000031000000070000000X,2.5,2018/2/5,330700,def436b6-7c98-44e6-9580-ca4eb0ee0e1d
绍兴市,0000000P0000003E0000000700000010,2.8,2017/6/20,330600,25f33194-a89f-4387-a020-9ef269bebb12
丽水市,0000001Z00000036000000070000000X,6.33,2017/7/15,331100,d8f28d6c-a04e-400d-8a48-a8e6671c9fb4
衢州市,0000001200000031000000070000000X,6.83,2019/2/5,330800,80ddeae9-b7f7-43ca-8d17-10e830c3cd06
丽水市,0000002200000038000000070000000X,3.33,2017/7/15,331100,d0e7e09d-a5a8-461d-9df5-855abe30a02c
台州市,0000001200000031000000070000000X,5.67,2019/2/5,331000,bdf92a50-1731-42aa-916b-acc9bd1a900a
金华市,0000000P0000002W000000070000000X,5.33,2017/8/25,330700,c48e3dd0-21f3-447f-9500-9e03a2d818c2
丽水市,0000000G0000003F0000000700000010,8,2018/3/6,331100,ffbe3150-361a-4dde-8403-964bd4dd11be
金华市,0000000J0000003Q000000070000000X,42,2019/1/15,330700,ad0705d7-c9f8-4efa-ba7e-beaffa58a0fd
衢州市,0000001700000031000000070000000X,2.17,2018/10/15,330800,2c4b2a26-ba1a-45f6-a79a-0f1f134e9220
浙江省,0000000H0000002T000000070000000X,16.8,2018/12/25,330000,f718089f-1403-42d6-bcbe-fbc2c102ac5a
浙江省,0000001E00000031000000070000000X,4.29,2018/5/15,330000,783394ea-d06f-44cc-af97-def10ff2bf75
绍兴市,0000001200000031000000070000000X,3,2017/5/15,330600,d89aa10b-a53e-42bc-bec3-97c47ea9254d
温州市,0000000S0000002Z000000070000000X,9,2018/8/5,330300,8724fdf8-6920-408a-a7e0-0b6788c84962
台州市,0000001400000031000000070000000X,4,2017/5/25,331000,899bac8c-914b-458f-8643-f39d408e32ed
嘉兴市,0000000S0000002Z000000070000000X,8.67,2018/12/25,330400,3ee9f9ce-dd0a-4170-80ca-f150223d8867
金华市,0000000Z00000031000000070000000X,5,2018/7/5,330700,329b6f7c-7441-428e-bcb2-f5c4e2f3a036
绍兴市,0000000J0000003Q000000070000000X,37.67,2017/9/15,330600,5b92dfc4-bcca-4026-90a2-4540d8c538e9
杭州市,0000000G0000003F0000000700000010,12.34,2018/11/20,330100,8ed89a03-4ec8-4729-af30-0e91a11c38a3
台州市,0000001500000031000000070000000X,3.67,2018/5/5,331000,8d78db3c-112f-4f48-a352-95e88095d8e9
丽水市,0000003100000081000000130000000X,84,2018/12/25,331100,f9291160-85ae-4759-89f5-5a2af4e5427e
台州市,0000002U0000007X000000070000000X,4.5,2018/8/5,331000,fe47f197-d872-4e05-9c03-34a1c5153bcc
嘉兴市,0000001A00000031000000070000000X,6.67,2018/2/5,330400,94938cec-2da7-49a2-b69b-c4d2cd7bb856
杭州市,0000000M0000003V000000070000000X,10.67,2018/5/15,330100,367f1da8-55fa-47c7-90ba-6b895163eae2
温州市,0000000H0000002T000000070000000X,21.67,2019/2/25,330300,ae0f6bd6-ce47-4268-a337-6d3083a9ee9b
湖州市,0000001K00000031000000070000000X,3.67,2017/1/25,330500,0ed84ca1-1ab8-48b0-b358-d9e76edd651c
宁波市,0000001E00000031000000070000000X,4.87,2017/7/5,330200,747fb837-a574-4ed2-a284-67fb7e4a2e3a
台州市,0000001A00000031000000070000000X,5.67,2019/3/5,331000,0536168c-0181-4dc3-b093-3ee31bd27f7d
杭州市,0000000X0000007T000000070000000X,40,2019/1/25,330100,ce84333f-a06c-49b9-8532-afdf785e53a0
丽水市,0000002200000038000000070000000X,3,2017/9/15,331100,c5f16f8f-6b07-450c-8948-88ccf72b49ec
舟山市,0000001A00000031000000070000000X,4.67,2017/4/5,330900,3b738546-eac7-4907-ad72-377adfba44d6
温州市,0000000P0000003E0000000700000010,5.05,2018/8/21,330300,f22a48f9-12de-429a-a403-f53fbe217681
衢州市,0000003100000081000000130000000X,93.27,2017/8/25,330800,afe6fdb1-2036-451f-88d3-57bf16bacf75
杭州市,0000000G0000003F0000000700000010,8.61,2017/5/23,330100,4fde268a-6eb8-4d3d-817b-d8876a46ee41
嘉兴市,0000001400000031000000070000000X,5,2018/10/15,330400,bff5c9d5-7651-4b3d-8108-849e80223a10
绍兴市,0000002P0000007W000000070000000X,2.33,2018/11/15,330600,704e2b23-e38e-465d-b187-df4538e4cd02
丽水市,0000000H0000002T000000070000000X,14.67,2018/2/25,331100,f35fc46f-42da-47a9-a567-9fbfd84aed6f
绍兴市,0000000H0000003N000000070000000X,15.33,2018/11/5,330600,a9b8dc8f-04e7-4bf2-9914-db2129f3fa58
金华市,0000001K00000031000000070000000X,2.83,2018/1/25,330700,39a4d569-08fd-467a-bba8-21fa65ae7e87
宁波市,0000002200000038000000070000000X,4.27,2018/9/15,330200,efa41da7-0a25-461a-9496-b7e2fc4e5980
衢州市,0000000Z00000031000000070000000X,2.5,2017/3/25,330800,ae3cd923-f3cf-4141-b2f4-81331053184c
嘉兴市,0000000C0000002Q000000030000000X,67.33,2018/2/25,330400,ec95b81c-d352-46bd-be7f-b36ba9b67989
丽水市,0000000Z00000031000000070000000X,4,2017/8/25,331100,00355af4-5f66-4b3f-bb4c-6bfbd68d1f2b
绍兴市,0000001A00000031000000070000000X,4.17,2017/3/25,330600,9cd48f03-94c7-4e54-9e5d-83dae6d0c5ea
温州市,0000000X0000007T000000070000000X,37.33,2016/12/15,330300,7ad4f579-313c-4371-ace0-8879415da860
湖州市,0000000H0000003P000000070000000X,18,2017/7/25,330500,3ea4ccff-b810-438e-bbcc-76a41c0075a2
宁波市,0000001400000031000000070000000X,5.1,2017/8/5,330200,1f03cb94-c8bd-4627-812f-63570c5f9ab0
温州市,0000000H0000002T000000070000000X,17,2017/4/25,330300,be2db1ba-edaa-4294-8c59-2e4951fd2579
杭州市,0000001500000031000000070000000X,4.5,2017/12/25,330100,e022dd76-8d08-42e6-91af-98fd83539f14
台州市,0000001K00000031000000070000000X,3.5,2018/10/15,331000,33ec0820-8057-4881-bf0f-b0df84917d18
湖州市,0000001Z00000036000000070000000X,5.67,2018/2/5,330500,73aa6fb2-423b-4190-a241-745f33ec3524
舟山市,0000001K00000031000000070000000X,3,2017/4/5,330900,9efc78ae-c318-456b-b4da-01230f4a3d6f
杭州市,0000000C0000002Q000000030000000X,62.67,2018/1/5,330100,654835a5-c56e-4966-aefc-a8b94e80d187
舟山市,0000001A00000031000000070000000X,5.83,2017/2/15,330900,708d02f3-1d17-4f55-83fc-659ab5a89819
舟山市,0000001Z00000036000000070000000X,7.17,2018/2/5,330900,55ec7e62-8cf6-432a-9f5a-2ae58792363e
金华市,0000000J0000003S000000070000000X,35.33,2018/2/5,330700,a894def7-7c83-4914-8f57-591b90179488
杭州市,0000000P0000003E0000000700000010,4.7,2019/1/1,330100,8de48ee5-13a1-47e6-acce-f6679fdac04c
宁波市,0000001400000031000000070000000X,6.97,2017/2/5,330200,70d0736f-2527-42eb-8895-9924475c0f3c
浙江省,0000001A00000031000000070000000X,5.12,2017/12/5,330000,9445f873-af38-47c2-bda1-67792dfd534d
绍兴市,0000000H0000003N000000070000000X,13.83,2018/1/15,330600,32c0dbf9-3b93-45c8-8864-0f31213e02cb
湖州市,0000000K0000003U000000070000000X,0,2018/3/25,330500,2c6da88c-370e-4461-b5d4-111bf0223579
杭州市,0000001700000031000000070000000X,2.6,2018/3/5,330100,3b3e0243-f533-4e0b-aa6c-987678db32e8
宁波市,0000000H0000003P000000070000000X,25.33,2017/9/25,330200,5ecd36bf-b2c2-45c0-9512-f689e09048ca
金华市,0000001200000031000000070000000X,3.67,2018/4/25,330700,47942ce0-b442-4445-96e7-ba84084ea8d3
绍兴市,0000000K0000003U000000070000000X,37.33,2018/8/15,330600,c5093ae9-0f0a-4765-9146-137f90fa6874
嘉兴市,0000000G0000003F0000000700000010,9.85,2018/8/7,330400,d32e5031-6efc-44cf-ad66-8b6b32cd8635
湖州市,0000000K0000003U000000070000000X,0,2017/10/5,330500,c3ede71d-d52c-41f5-b6c3-ead0f31fb632
嘉兴市,0000000G0000003F0000000700000010,8.05,2018/3/13,330400,b93c3b66-48ea-4989-8661-d9ef55eb62a5
宁波市,0000001E00000031000000070000000X,5.6,2017/8/15,330200,0250e2fc-a933-41f6-ac54-b5d0d4ef6b99
宁波市,0000000X0000007T000000070000000X,43.67,2018/2/15,330200,4e812816-b13a-4674-b182-6db06e987630
嘉兴市,0000000S0000002Z000000070000000X,8.83,2018/1/25,330400,e8d212d8-097e-4c2b-a029-75e3e5811dab
嘉兴市,0000001A00000031000000070000000X,6.33,2018/4/25,330400,87697e8f-6ca5-48cf-8d5e-806d58247568
金华市,0000000D0000002R000000030000000X,41,2017/10/5,330700,bef3c154-9356-4fd6-95e6-59fc5213b288
温州市,0000000G0000003F0000000700000010,9.56,2018/1/23,330300,b8571c01-a0dc-464b-82b2-4d60cee91468
台州市,0000000H0000002T000000070000000X,13.17,2017/9/25,331000,7e7b8b33-5c5f-4bfa-9c97-f956bc7ce212
金华市,0000000D0000002R000000030000000X,44.67,2017/3/25,330700,28819c43-753f-4d8d-8656-d589a4355fd9
金华市,0000001K00000031000000070000000X,3.5,2018/8/15,330700,92c90a12-3344-4450-a1ee-60344cd2b889
宁波市,0000001E00000031000000070000000X,3.87,2019/1/15,330200,2847e1a1-df0e-4b41-bec2-704f94aa4ce0
舟山市,0000002200000038000000070000000X,4.5,2019/2/25,330900,d705da20-5f93-426e-88cf-c2a192274fb8
浙江省,0000001Z00000036000000070000000X,5.9,2018/3/25,330000,8378a3d4-0d20-41ff-bf98-f8535de036bf
嘉兴市,0000002200000038000000070000000X,3.33,2017/1/15,330400,507d7f78-bd03-4a2e-ab56-c62c9249b567
温州市,0000001700000031000000070000000X,3.17,2018/7/25,330300,8468bef0-d703-4a1e-842b-750209916af7
宁波市,0000000H0000003N000000070000000X,14.83,2018/2/5,330200,0b728b74-88d4-442e-90ac-a9bc2d54ee72
宁波市,0000000Z00000031000000070000000X,9.33,2018/10/5,330200,e8b7392f-a148-4cba-9025-9e4c69d5b44c
衢州市,0000002200000038000000070000000X,2.33,2017/8/25,330800,2dcb5141-d857-444a-8a0e-a5c215307476
金华市,0000002P0000007W000000070000000X,2.9,2017/2/15,330700,5b178dae-f156-4518-b4ed-35f688cc2cae
嘉兴市,0000002U0000007X000000070000000X,4,2018/6/25,330400,5c7e08a9-c222-4b5a-b260-3787cda78e54
衢州市,0000000J0000003S000000070000000X,36.33,2017/12/5,330800,3e0afc6f-4f95-4732-a7bb-d2f848d71ef7
浙江省,0000000H0000003N000000070000000X,15.01,2018/12/25,330000,d19247bb-b7b2-4022-8338-271f7e755b09
舟山市,0000001E00000031000000070000000X,5,2018/3/25,330900,46fbe3c1-a0d5-4523-97be-b9de3c163aba
温州市,0000000H0000003P000000070000000X,23.67,2018/6/25,330300,e10b4a43-8455-4bda-bc48-51536ea41d33
绍兴市,0000000P0000003E0000000700000010,4.2,2017/8/22,330600,5a518acf-aabc-443b-a2c1-09d762032fa1
台州市,0000002P0000007W000000070000000X,3.45,2017/11/5,331000,23982dce-f6d4-4a8a-8ebf-181813133eb5
丽水市,0000002200000038000000070000000X,3.83,2019/2/15,331100,2f6ffbb4-3dc0-4525-8752-2065882ba440
衢州市,0000003100000081000000130000000X,86.27,2019/3/5,330800,b7b4a579-23af-4c6b-8fc8-f7e22106df27
台州市,0000000C0000002Q000000030000000X,63.33,2018/6/15,331000,c4e5736f-4c49-46b7-bd74-110b5021dc00
台州市,0000000J0000003Q000000070000000X,38.33,2017/4/15,331000,8de59d25-ea10-49af-9074-45e96cd39fd7
衢州市,0000001700000031000000070000000X,2.5,2018/6/5,330800,83dadf34-ab2a-4f03-b4b9-e85b8b43a705
湖州市,0000001500000031000000070000000X,4.67,2018/1/5,330500,ac4a4f24-aec6-4830-bf2f-0709ab7eef5c
湖州市,0000000H0000002T000000070000000X,16,2017/8/15,330500,fc17f7ed-5401-4766-b189-37543f135432
衢州市,0000001200000031000000070000000X,3.5,2017/5/5,330800,1c4ea188-af9d-4abd-856f-d05ac4e66a63
温州市,0000000J0000003S000000070000000X,44,2017/5/15,330300,9ef15b2d-c5f6-4d04-85a3-d248c35e68b9
台州市,0000002200000038000000070000000X,3.17,2017/6/15,331000,95853274-71c9-42f7-9928-bac42c00586b
绍兴市,0000000H0000002T000000070000000X,14,2018/3/5,330600,8cf6f95b-001d-4982-8a5e-6418b926d722
丽水市,0000002P0000007W000000070000000X,2.6,2017/6/15,331100,09b67554-8a6e-4c43-a0e3-6eef1cfd8279
舟山市,0000000P0000002W000000070000000X,5.33,2016/12/25,330900,637bb45f-8780-4b1f-834f-68346734831e
衢州市,0000001700000031000000070000000X,2.83,2016/12/25,330800,48805e3f-e075-49f3-8645-d4332ff1a8a6
台州市,0000000P0000002W000000070000000X,5.67,2018/1/25,331000,4f539fb7-a6e8-47e5-972f-ca9fb8975cc3
衢州市,0000000C0000002Q000000030000000X,66,2017/1/15,330800,cc2af90c-9d92-45dd-aea0-60a98f28e158
绍兴市,0000002200000038000000070000000X,2.6,2017/9/25,330600,73149788-c883-4872-aa8d-e400d3a29519
绍兴市,0000000H0000003N000000070000000X,12.5,2018/4/5,330600,ba69ff9f-1732-4c9c-a706-1e95ed9a1850
绍兴市,0000000J0000003Q000000070000000X,39,2017/6/15,330600,a9381374-bd8a-4b91-928a-d47175008ed0
浙江省,0000002P0000007W000000070000000X,3.07,2017/9/15,330000,243f675e-ee1b-4d8e-9a60-143d1f68c992
宁波市,0000000H0000003N000000070000000X,14.83,2017/1/15,330200,d2cd5bd5-2f8d-4b53-9597-f751120513a5
丽水市,0000001Z00000036000000070000000X,5.16,2017/12/15,331100,c9917737-76ce-4d2a-9c3a-809b96809b76
温州市,0000000D0000002R000000030000000X,51.33,2018/12/15,330300,517ba35e-e6c3-4860-a1cf-723d1d5c7793
衢州市,0000001Z00000036000000070000000X,4.67,2018/4/15,330800,c63dbdbb-c6d9-4e9a-abb5-aecbad16f642
湖州市,0000000H0000003N000000070000000X,14.83,2017/4/15,330500,3d2f86bd-ce86-4ca8-85e9-1b9b1c1e8338
温州市,0000001500000031000000070000000X,5,2018/1/5,330300,9b863a62-0ba5-4c7b-bc3f-3fdc009ca184
金华市,0000002200000038000000070000000X,3.1,2017/4/25,330700,1053a2eb-a6a8-4141-8818-4b6debc29b10
温州市,0000000G0000003F0000000700000010,7.12,2018/4/17,330300,96721f2c-7487-4668-be86-09c501ea4b62
浙江省,0000000Z00000031000000070000000X,3.67,2017/1/5,330000,e8172125-27a9-48c0-aca2-8c52ea420f58
嘉兴市,0000001E00000031000000070000000X,4.33,2019/1/25,330400,5b53c1f3-792d-4653-b3f8-62e27ecd0a24
绍兴市,0000000P0000003E0000000700000010,4.2,2018/12/11,330600,2214c66a-02ec-4965-b62d-29112dfb5f86
绍兴市,0000000G0000003F0000000700000010,10,2018/2/13,330600,4f77004f-b32f-463b-8b32-7f03785c384c
金华市,0000001Z00000036000000070000000X,6.17,2017/10/15,330700,70f52b22-4a7a-408f-a183-77769ea1cbcf
湖州市,0000000H0000002T000000070000000X,17,2017/3/15,330500,55ee493b-cbfd-4ca4-af90-0a56159650be
宁波市,0000002P0000007W000000070000000X,3.27,2017/11/5,330200,e2564e13-0c37-4891-a99d-520aada42b6b
丽水市,0000003100000081000000130000000X,84,2017/11/5,331100,305e4173-63ae-4dee-ba24-b1770ff3b142
湖州市,0000002P0000007W000000070000000X,3.89,2019/1/15,330500,193cd061-dfc2-4162-9738-a5df3c3c5415
台州市,0000000G0000003F0000000700000010,9.8,2019/1/29,331000,d5e0cc9e-839b-4a3b-b245-0fe1048375a2
绍兴市,0000001Z00000036000000070000000X,3.67,2018/4/5,330600,3f3f6071-6b61-47f2-bcde-2af3261f9f56
台州市,0000000S0000002Z000000070000000X,9.67,2017/11/15,331000,dd5a4fd8-3c12-439c-9d32-787948bcff70
宁波市,0000000X0000007T000000070000000X,42.67,2018/3/5,330200,92537655-bc84-4dd3-9f1c-e6eb1b8b8a09
杭州市,0000001400000031000000070000000X,5.67,2018/11/15,330100,5c453a22-b7be-4686-8e16-0d4c5c4c9c71
宁波市,0000003100000081000000130000000X,175.33,2017/7/25,330200,6105a363-1799-4bab-aa3b-fa7c95717afc
湖州市,0000000S0000002Z000000070000000X,9.17,2018/12/15,330500,c10704ec-ab9a-41f8-9ff8-95931bdd5f71
杭州市,0000000H0000002T000000070000000X,17.33,2017/6/15,330100,11b7d144-40e9-4b4a-ae44-9f55f9d3b465
杭州市,0000000J0000003S000000070000000X,37.33,2019/1/25,330100,01885b60-0146-4e8c-918c-a0dd7c099af1
绍兴市,0000001400000031000000070000000X,4.83,2018/11/15,330600,7e5dd530-29db-4903-993a-0edc253c8812
台州市,0000000H0000002T000000070000000X,15.67,2018/11/5,331000,f949a6cb-951b-4c62-a3b0-1f503570e28d
台州市,0000001E00000031000000070000000X,4.17,2018/3/25,331000,54db55b5-7ba2-4ada-b1cc-a324127786bb
台州市,0000001500000031000000070000000X,4,2017/12/5,331000,c43020db-647a-4101-b63f-5f14742dc7cb
浙江省,0000000H0000003P000000070000000X,24.98,2018/10/15,330000,fecb67d3-4bb5-4b87-9e27-9c9634f0c206
湖州市,0000000K0000003U000000070000000X,0,2018/8/15,330500,69f545d7-ad41-4779-a6f2-09747f6c484d
杭州市,0000000P0000003E0000000700000010,3.8,2017/2/14,330100,c9fe08b4-bb6d-4190-9c32-792db01083f2
宁波市,0000000H0000003N000000070000000X,15.33,2017/4/5,330200,7d16df6c-9148-44f0-bb5e-ae77988ff6e8
台州市,0000001A00000031000000070000000X,4.67,2018/9/5,331000,b4807339-6109-4651-bea4-63cddc6d2535
衢州市,0000002200000038000000070000000X,2.5,2017/12/5,330800,1d86fd6e-b5b5-463e-b20e-12f5df763e0d
温州市,0000001700000031000000070000000X,3.17,2018/2/25,330300,247e029b-96cf-4554-adf3-342eb224d7b3
丽水市,0000000C0000002Q000000030000000X,70.23,2018/10/25,331100,013809b9-027e-480c-b8dd-3b34d632cb50
温州市,0000000P0000003E0000000700000010,4,2018/6/19,330300,c9c5b853-0fc8-4250-a11f-d1ff02f2eda0
宁波市,0000000J0000003Q000000070000000X,43.67,2019/3/15,330200,3e9a804c-28dc-4267-a88b-98a2624bca5a
衢州市,0000001E00000031000000070000000X,3.67,2017/5/25,330800,3977fc25-5de3-4938-a3c3-4acb630821cf
丽水市,0000002P0000007W000000070000000X,2.6,2017/12/5,331100,7a3b095f-96ab-463a-8964-951f48937f69
丽水市,0000001200000031000000070000000X,3.67,2018/10/15,331100,0c07ddb9-f774-438a-9b13-8de1b9e60081
舟山市,0000001Z00000036000000070000000X,8.5,2018/12/25,330900,cc383cbf-ae35-44fb-a504-ea21f16d10a8
绍兴市,0000000X0000007T000000070000000X,52.67,2017/3/25,330600,8eaedef7-8e62-4f65-a5dc-800333875cec
湖州市,0000000P0000003E0000000700000010,3,2017/3/14,330500,0181f860-4b94-4f6a-b43e-2b7101a5df89
湖州市,0000000J0000003S000000070000000X,34.67,2018/6/25,330500,ded8d268-bbce-474f-893a-0a410d118506
台州市,0000000D0000002R000000030000000X,38.33,2017/7/5,331000,0ab52d88-b2e9-405f-b09a-d34ec3442a11
温州市,0000000H0000002T000000070000000X,20.33,2018/9/25,330300,3831801b-a506-42ef-a4f2-835321a735e8
宁波市,0000000D0000002R000000030000000X,44.43,2018/2/5,330200,722619e5-62c6-48d6-aca9-775d6877220b
台州市,0000001200000031000000070000000X,3.17,2017/4/5,331000,eedca075-8aa2-4c5e-8380-bce70a4acc2e
浙江省,0000000X0000007T000000070000000X,37.67,2019/3/15,330000,16278bd4-5f18-4ab3-8594-0e0abc48e2f4
舟山市,0000001Z00000036000000070000000X,8.17,2018/11/5,330900,5a276281-ef8e-46c7-b8a9-7fd7be343698
杭州市,0000000Z00000031000000070000000X,5.33,2019/1/15,330100,91e9465f-5adb-4225-8dac-019d3f741bcf
温州市,0000001A00000031000000070000000X,6.5,2019/2/25,330300,b900ebbb-dc12-4eaa-9a30-e6dd4d1858fa
杭州市,0000001K00000031000000070000000X,3.83,2018/3/25,330100,a367aa5b-695a-4680-b209-9635e5c1f3f4
衢州市,0000000P0000003E0000000700000010,4.5,2017/9/26,330800,2fcf01ab-6723-46c9-ae0f-47ca91b76134
台州市,0000000J0000003S000000070000000X,32.33,2017/11/5,331000,66509d20-678d-4e95-a69c-dd9ffae8b1df
金华市,0000001400000031000000070000000X,5.83,2017/8/25,330700,6ade9d21-6d1a-494b-a803-16ab2389d76d
台州市,0000000H0000002T000000070000000X,15.33,2017/2/15,331000,24fd7efa-5810-4e15-8925-ca153fa32ee5
温州市,0000002P0000007W000000070000000X,2.5,2019/2/5,330300,d170c415-75a5-4894-bf88-0c21d488f1e8
湖州市,0000000Z00000031000000070000000X,4.67,2016/12/15,330500,2f720846-5b15-45ef-b0b6-b056033e6cfe
金华市,0000002P0000007W000000070000000X,3.9,2018/4/15,330700,c085c43d-2b1e-4d1c-a521-c648c77f0e81
宁波市,0000000M0000003V000000070000000X,15.17,2017/11/15,330200,92b40765-8396-44a3-b96a-08de95145944
舟山市,0000000J0000003Q000000070000000X,43,2018/11/15,330900,54718592-49a4-4081-9fd8-815484ab07ff
绍兴市,0000000S0000002Z000000070000000X,7.67,2019/1/25,330600,f8524247-48ad-4cb6-9b44-0f381dbe225e
舟山市,0000000M0000003V000000070000000X,13.67,2018/8/15,330900,1f9b346a-5cca-4020-bcc9-23c3ecd8731d
舟山市,0000000P0000002W000000070000000X,4.67,2017/3/5,330900,cf308cb6-1fee-4348-b245-6fa0eab65a7d
舟山市,0000002U0000007X000000070000000X,3.83,2017/8/5,330900,6aaf029a-69ab-4033-ade2-b0665f2fd72f
嘉兴市,0000000P0000002W000000070000000X,5.07,2016/12/15,330400,dbf659e1-f37c-4431-892e-243a83b41319
衢州市,0000002200000038000000070000000X,3.33,2019/1/15,330800,a77d3e63-82c5-448e-9783-19da8e8633b5
舟山市,0000000P0000002W000000070000000X,4.5,2017/4/25,330900,70e08cc9-de77-483b-95c3-ca9bf2baa2b7
丽水市,0000000P0000003E0000000700000010,2.7,2017/5/9,331100,5e247987-bbbf-481e-a6f9-943da3cd5a5d
温州市,0000000D0000002R000000030000000X,50.33,2018/6/15,330300,a5d4c743-bdd0-4319-a042-cd7feeadb866
浙江省,0000000G0000003F0000000700000010,10.27,2018/1/23,330000,16d5d89c-c1b5-43d3-8f76-5549c66b58de
湖州市,0000000H0000003N000000070000000X,13.33,2019/2/15,330500,dc7c19c5-fac1-4c57-bd3f-d690186ee7af
舟山市,0000000P0000003E0000000700000010,4.8,2018/3/13,330900,9df51169-2a54-43f6-942c-30576c4ecb28
宁波市,0000000J0000003Q000000070000000X,43.33,2018/10/25,330200,a9ad340d-824f-4474-a8b0-b67311fabd4a
绍兴市,0000002200000038000000070000000X,3.07,2018/3/25,330600,2b2b23ae-7880-4c99-8bf8-e58125077ca8
浙江省,0000002P0000007W000000070000000X,3.09,2018/3/25,330000,e7fa9ca6-c5cb-4f1b-b6b5-7ee7ac22246c
丽水市,0000000H0000003N000000070000000X,15,2017/2/25,331100,194256b2-13ef-42db-861d-662b81d0d520
温州市,0000001A00000031000000070000000X,7,2018/2/15,330300,98433012-11b7-47e7-9c99-34560c2b5437
台州市,0000000D0000002R000000030000000X,39,2018/2/5,331000,5ebda593-cd24-4fb9-a7df-41f6a29a4d5b
金华市,0000002U0000007X000000070000000X,4,2017/11/25,330700,58c86463-fa47-4840-b569-60dc1faa2af7
衢州市,0000000J0000003Q000000070000000X,38.67,2017/12/5,330800,b76d0c59-6930-4948-b700-818517c76e17
温州市,0000000G0000003F0000000700000010,9.38,2018/8/21,330300,d08593dc-805e-4b63-aba9-a2aae4757df1
浙江省,0000000X0000007T000000070000000X,41.18,2017/4/25,330000,dab071d3-fdd4-4cf9-abf5-4fcf030589e2
舟山市,0000000H0000003P000000070000000X,24.33,2018/9/15,330900,12d7b948-a761-465d-a1c2-a2238b7b4725
宁波市,0000000D0000002R000000030000000X,45.27,2017/1/15,330200,bd051e2e-9484-4719-b5f5-841cd8bdfe80
衢州市,0000002P0000007W000000070000000X,3.06,2017/11/15,330800,cbd8c612-2772-417b-adf3-d123bc246288
衢州市,0000000P0000003E0000000700000010,5.15,2018/9/18,330800,ce2dfee6-747b-4763-bfca-2ea444fbf120
台州市,0000001400000031000000070000000X,5.67,2018/12/25,331000,dbb4d071-410a-46a1-8f4b-7bf8537f1124
杭州市,0000000M0000003V000000070000000X,11.33,2018/9/25,330100,df275ae5-c2d7-479d-959d-15af201af661
金华市,0000002P0000007W000000070000000X,3.9,2018/2/15,330700,e21c1f1f-8365-4ab7-844e-1aa8e834b033
宁波市,0000000D0000002R000000030000000X,44.43,2017/11/15,330200,43b83a87-8be1-4b00-bd19-7693d1bc1c19
温州市,0000000D0000002R000000030000000X,46.67,2017/8/5,330300,c4c221ce-1e6a-4a8c-a554-f1b57f90b56c
湖州市,0000001700000031000000070000000X,3.17,2018/6/15,330500,b5710dd6-fc3f-40be-99e6-89025aadbe18
温州市,0000000Z00000031000000070000000X,4.17,2018/12/15,330300,b27f1288-131d-4498-b2ff-84d4ff5ea3f7
丽水市,0000001A00000031000000070000000X,7,2018/2/15,331100,ce38a2ff-e964-42a7-9752-d4fa38af58a0
温州市,0000000H0000003P000000070000000X,26,2018/3/5,330300,01705ded-11bd-4c90-9139-41b44ac712c9
金华市,0000001400000031000000070000000X,10,2019/2/15,330700,0f12317b-8f40-4793-89e2-ae3e449697ea
舟山市,0000001K00000031000000070000000X,3.83,2017/1/5,330900,b2b2f97b-1f4f-40e1-8760-0198bf7f7335
衢州市,0000000J0000003S000000070000000X,36.67,2018/1/15,330800,493fc0bc-1a47-4f81-8d02-bf5685142f74
台州市,0000001K00000031000000070000000X,2.33,2017/3/5,331000,b1a52a62-bf28-4990-89c1-aebeb57c0310
衢州市,0000000H0000002T000000070000000X,22.67,2018/10/15,330800,37e65fc9-6a0a-474c-a042-963039ea4d6a
温州市,0000001E00000031000000070000000X,2.83,2017/2/15,330300,5caac39c-7254-49f6-9339-af35c179aef9
衢州市,0000001200000031000000070000000X,4.83,2017/3/5,330800,18c2d015-c796-439b-9a48-257b04a71c5e
湖州市,0000000H0000003P000000070000000X,18.67,2017/10/5,330500,4cc2fd52-03fd-425a-b66e-9d1c25b553e4
杭州市,0000000G0000003F0000000700000010,9.56,2017/5/2,330100,a6c1e146-b406-44b0-8abc-3f9434a0da1a
浙江省,0000000S0000002Z000000070000000X,9.34,2018/6/5,330000,c9618b80-c27c-4dff-8b38-482cb2cf665b
温州市,0000001Z00000036000000070000000X,8.5,2017/3/25,330300,229dd339-28c3-4b72-ad8c-563fdf3abe6f
绍兴市,0000000X0000007T000000070000000X,36.67,2018/9/5,330600,6041ce20-35af-4a21-8ba4-ace0c067c0a3
浙江省,0000000P0000002W000000070000000X,5.57,2017/9/25,330000,4707fae1-a40f-47d4-bc06-97ab0244d5f3
衢州市,0000001200000031000000070000000X,4.67,2018/3/5,330800,40b465e2-4078-4b87-bce6-527f01bbb70c
舟山市,0000000H0000003P000000070000000X,22.67,2019/2/25,330900,1471280c-5736-414c-9bc5-c449e8304129
丽水市,0000002P0000007W000000070000000X,2.6,2017/11/15,331100,edbbe9d6-a802-4c6f-8d96-5747a3cd28b4
杭州市,0000000J0000003S000000070000000X,36.27,2017/11/5,330100,52e5b8a8-786d-4054-9e77-faf1a57a27eb
宁波市,0000001K00000031000000070000000X,3.57,2016/12/25,330200,b6f898c3-4645-4b20-b3d8-a3410bed18c8
舟山市,0000000C0000002Q000000030000000X,50.3,2019/3/5,330900,d640f8ba-b023-45e0-9d0a-590dc606df58
宁波市,0000001Z00000036000000070000000X,6.6,2017/4/25,330200,36039f46-a196-4387-9ccd-14440feba8b9
舟山市,0000000H0000003P000000070000000X,24.67,2017/11/25,330900,6cc9ea7f-cde9-4e96-b08d-2e8d85a78092
宁波市,0000002200000038000000070000000X,4.33,2018/11/5,330200,7167bc7d-90d7-480b-8a04-a48c09229da3
温州市,0000001400000031000000070000000X,6.33,2017/11/15,330300,969e84a7-a7f9-4dc7-aa04-466d95649cad
衢州市,0000001Z00000036000000070000000X,5,2017/8/5,330800,746c9b64-fe36-423a-91df-d42cd73cc762
温州市,0000001200000031000000070000000X,5,2019/1/15,330300,4d90aaf1-4faa-4f63-ba02-d01677b144c3
金华市,0000001K00000031000000070000000X,3.5,2017/10/25,330700,2b6aee53-75f7-4496-87d8-a79ab1690456
绍兴市,0000001700000031000000070000000X,2.33,2017/7/25,330600,3b65df90-dce1-430c-aa59-b385bfe50200
丽水市,0000000X0000007T000000070000000X,43.33,2018/8/5,331100,76fa51e0-b544-4075-aaab-b9c295788a1f
浙江省,0000002200000038000000070000000X,2.99,2017/12/5,330000,c6f9bc3d-94d5-47b5-9a1e-76e1121fbc84
衢州市,0000001500000031000000070000000X,4.33,2017/10/15,330800,eeba28e8-01c0-45bb-8746-76856a5e724c
丽水市,0000000H0000002T000000070000000X,17.33,2018/9/25,331100,621fe418-5f25-4937-8f6b-9d1edca85139
金华市,0000001A00000031000000070000000X,5.83,2017/3/5,330700,8136d82b-2ba7-4461-a8d4-87bae2c67d53
绍兴市,0000000M0000003V000000070000000X,9.5,2018/5/25,330600,2ca1a49b-ba3e-4e03-a125-0f391ecfd200
杭州市,0000000Z00000031000000070000000X,4.17,2018/3/25,330100,6343cf5b-70f8-4e32-93f5-b6ce8c75beff
衢州市,0000000P0000002W000000070000000X,5.37,2017/10/15,330800,a786260f-bcab-4ee6-8038-2f51b86d4ac5
湖州市,0000000H0000003N000000070000000X,14.17,2017/11/5,330500,dc421957-88f8-4b99-a18f-02acd04e3aa2
金华市,0000001Z00000036000000070000000X,5.33,2017/3/15,330700,609544de-e84f-4a59-9d7a-64e288747e45
绍兴市,0000000H0000002T000000070000000X,15.33,2017/4/25,330600,398b4e50-6646-46bf-b6b7-653a34e287e7
湖州市,0000002P0000007W000000070000000X,3.89,2017/6/25,330500,477e1aad-26c1-48a0-b9ae-563ff450e38a
衢州市,0000001A00000031000000070000000X,5.33,2018/7/5,330800,5444a99b-7014-41e1-ab79-bb7e0bb4b051
衢州市,0000000S0000002Z000000070000000X,9.33,2019/3/15,330800,ace88a6b-a2de-4c82-8088-aa24ca7a7d8a
温州市,0000000H0000003N000000070000000X,21,2018/10/5,330300,caaf2517-cf90-4680-ac17-eceacc758208
金华市,0000000M0000003V000000070000000X,12.33,2017/10/15,330700,e39a1fdf-7e28-415d-9c73-26f5add72dc3
台州市,0000000J0000003S000000070000000X,34.33,2017/12/5,331000,3887808c-8c59-4217-916c-068d9dd20423
衢州市,0000002U0000007X000000070000000X,4.33,2017/5/5,330800,ed8ce1fa-7bb1-45a8-b07d-b0056478e878
嘉兴市,0000000G0000003F0000000700000010,7.75,2018/3/20,330400,80085a94-b0f4-46c5-a131-d35b26692cd0
绍兴市,0000000H0000003P000000070000000X,23.67,2018/7/15,330600,ea3f949b-da4c-468d-90f7-176f6a71e8ff
嘉兴市,0000001E00000031000000070000000X,3.67,2017/5/5,330400,b466c60d-28c4-48ab-a197-9a6646d9bf06
嘉兴市,0000001A00000031000000070000000X,7.33,2019/3/5,330400,2853e5a0-83a3-4c62-bb06-cc130fa51993
台州市,0000000H0000002T000000070000000X,13.67,2017/4/25,331000,2e578446-4546-4367-93a0-0b3ea06367a5
台州市,0000001700000031000000070000000X,2.5,2017/2/5,331000,cccdbd87-8fc8-418c-8462-e81903909098
杭州市,0000000H0000003P000000070000000X,21.33,2017/11/15,330100,3dcd3cd5-418a-4d39-83d8-56651540279d
杭州市,0000000M0000003V000000070000000X,10.5,2017/5/15,330100,0499932e-330f-4aab-8c01-4a50d7d8501b
衢州市,0000001400000031000000070000000X,5,2018/9/5,330800,6ea2e336-a5c9-4f2c-9926-0e014815c40e
台州市,0000001400000031000000070000000X,5.5,2019/1/5,331000,8473bc00-b3ce-431c-afe5-28963c446136
嘉兴市,0000001K00000031000000070000000X,3.67,2019/1/25,330400,ef56b75b-8d7c-4be0-80e2-b08d5d8bb373
丽水市,0000000M0000003V000000070000000X,10,2017/4/15,331100,e12ce030-6a1e-46da-98eb-9b28ac6f29af
湖州市,0000000D0000002R000000030000000X,37.67,2017/11/15,330500,7815cc13-c147-49a6-95cc-6d6bfdf73e2e
湖州市,0000001700000031000000070000000X,3.17,2018/5/15,330500,a55922aa-1419-4c3d-9e25-159621d16d00
宁波市,0000002200000038000000070000000X,3.6,2017/1/5,330200,390748de-8cf6-4064-8c83-f40deeed5cf0
绍兴市,0000001400000031000000070000000X,5,2017/12/15,330600,04d74db8-3e86-4257-8f34-cfd69ab44a69
温州市,0000001700000031000000070000000X,3,2018/8/5,330300,3a386fd4-3066-48c7-b56a-549efdcfc2a5
丽水市,0000002P0000007W000000070000000X,2.6,2017/9/15,331100,7d26f8d4-ff26-4d08-a145-e2939f71133c
金华市,0000000Z00000031000000070000000X,2.33,2017/4/15,330700,e9c44004-7de4-4c76-81d7-39ab1aeba30d
杭州市,0000000P0000003E0000000700000010,4.9,2017/11/28,330100,ea9d2903-6c92-460c-955a-72b0f8c7dbf2
宁波市,0000000J0000003Q000000070000000X,42.67,2018/6/5,330200,940e3fe8-290f-4816-bf0a-4ca02de200a1
嘉兴市,0000001500000031000000070000000X,4.17,2017/5/15,330400,13a847d7-a974-49e1-948e-e1896bd2777e
台州市,0000001500000031000000070000000X,4.67,2017/3/5,331000,060f33b1-45b3-4ea0-9c51-651ccd974c03
嘉兴市,0000000S0000002Z000000070000000X,8.83,2017/12/15,330400,ac9e407e-d4c1-4dc0-95b2-fc14de7d86b2
舟山市,0000000H0000003N000000070000000X,15.33,2017/9/15,330900,e9e7ff70-fe4b-4691-ba4e-19825c9ce730
台州市,0000000D0000002R000000030000000X,38.67,2019/1/25,331000,8bd76c3c-0abb-423f-9ab8-41ab8e4ad12e
衢州市,0000000D0000002R000000030000000X,38.33,2016/12/25,330800,0983fe9a-d449-48ca-a08b-ee89ff3f744e
温州市,0000000J0000003Q000000070000000X,50.33,2019/1/25,330300,6f929b24-4410-442b-9022-a62ed7512f54
舟山市,0000002P0000007W000000070000000X,3.1,2017/8/25,330900,52ab3b7a-fb4c-4803-8889-8fe27bc4b86f
台州市,0000001E00000031000000070000000X,3.67,2017/6/5,331000,0d667192-a52b-4be2-bc9e-7fb1f0282642
绍兴市,0000000J0000003Q000000070000000X,42,2018/6/15,330600,9fed5dd5-3344-4a0f-a304-63aa20f08f6e
丽水市,0000000H0000003N000000070000000X,11.33,2018/7/25,331100,40c39777-5c14-4407-ae32-34b8deecfa8c
台州市,0000002P0000007W000000070000000X,3.45,2018/12/5,331000,1b8f69f4-6bba-4add-a6df-367e934159c0
绍兴市,0000002200000038000000070000000X,2.5,2017/11/25,330600,d334ad65-92d3-4198-ab6a-c3025864186c
嘉兴市,0000000P0000002W000000070000000X,3.83,2017/4/5,330400,43e41b2f-c441-424f-962c-571e41ec230d
温州市,0000000P0000003E0000000700000010,2.6,2017/5/30,330300,f13c61f9-bfe5-432d-b78d-e960f5e76f50
台州市,0000000H0000002T000000070000000X,11.67,2018/6/15,331000,3e2c44e1-45cc-45cd-8ecc-7a7b17024c08
金华市,0000000Z00000031000000070000000X,4.17,2018/5/15,330700,db8cd8fb-6364-477c-afbe-c79c11fec3d5
宁波市,0000003100000081000000130000000X,176,2017/6/5,330200,7b2596ec-58ee-4835-983a-58e65d8a1db0
台州市,0000001700000031000000070000000X,2.17,2017/11/15,331000,79f97c44-5d3e-4749-96da-fcc420a4ffa1
杭州市,0000000X0000007T000000070000000X,39.17,2017/1/25,330100,a1fd0ffb-050e-4b53-a51e-5b801ba798d1
浙江省,0000000M0000003V000000070000000X,12.75,2018/11/15,330000,0c0f2c48-5970-426a-935f-848cec8c37a3
温州市,0000000G0000003F0000000700000010,9.33,2017/12/12,330300,04f28a9a-4651-4843-b3d2-b27737ef3e71
嘉兴市,0000000J0000003S000000070000000X,34.67,2019/2/15,330400,b3442021-894d-4c19-913c-2d02234df90e
温州市,0000001400000031000000070000000X,6.17,2017/11/25,330300,7ae77394-cc22-4e0a-a482-a079e95280c0
温州市,0000000J0000003Q000000070000000X,47,2018/3/15,330300,36b10f8e-1cfb-443a-b95b-2ed3cf950666
浙江省,0000001500000031000000070000000X,4.44,2017/9/15,330000,1de8b016-5ab7-45f2-ad80-9766bbace16b
衢州市,0000001E00000031000000070000000X,3.67,2017/3/5,330800,acb061e8-daa7-4bc6-adc9-006456f31125
丽水市,0000001A00000031000000070000000X,4.83,2017/10/25,331100,1cda16b4-8add-4ef7-884d-a68ea888581b
台州市,0000001700000031000000070000000X,2.17,2018/10/15,331000,a650aa1d-0573-4edf-ba75-af24a3dd632c
嘉兴市,0000000X0000007T000000070000000X,36.33,2016/12/15,330400,fc334f44-3f9d-40a1-943f-0c3be629e33e
湖州市,0000001A00000031000000070000000X,7.17,2017/4/25,330500,9fb13344-6126-4ca1-91d7-98f392733a3f
温州市,0000001700000031000000070000000X,3,2019/1/15,330300,167e2e64-7119-452b-8ada-98b584b3ba4a
绍兴市,0000001Z00000036000000070000000X,4.5,2018/8/25,330600,8709fc75-43df-4327-bea1-bac86fc91787
绍兴市,0000000C0000002Q000000030000000X,57.67,2019/2/5,330600,c2ba39fb-6b1b-4753-8961-b7e8c3c990c3
湖州市,0000003100000081000000130000000X,77,2017/11/15,330500,d36c1e60-bf7c-4bb8-8e43-702a0fa24b62
绍兴市,0000001A00000031000000070000000X,4.67,2018/12/25,330600,d51fb44b-5e67-4d33-a176-b0f5f2a497aa
金华市,0000000J0000003S000000070000000X,34.33,2018/4/25,330700,2e59b57e-c29d-4fdb-90c4-2432ad06fb77
衢州市,0000000G0000003F0000000700000010,10.6,2017/3/14,330800,febf4b8c-b8b0-4e50-ad61-47e2009f5e9c
绍兴市,0000000J0000003Q000000070000000X,38.33,2017/8/5,330600,da2ce46c-e5af-4cde-aaad-99b38cd5662a
金华市,0000000P0000003E0000000700000010,3,2017/2/14,330700,b6f3159a-738f-43a5-b70d-871847cb5611
嘉兴市,0000000D0000002R000000030000000X,38.67,2017/11/25,330400,edab70b3-ab40-4fd1-9d75-9f513bff2b04
湖州市,0000000G0000003F0000000700000010,7.2,2018/5/8,330500,3d31a489-8cfd-4f63-b500-18df05ce9423
丽水市,0000000Z00000031000000070000000X,2.83,2017/1/5,331100,ab3d33fb-9e3c-4819-9f28-7b047d1add23
金华市,0000001200000031000000070000000X,4.17,2017/9/5,330700,0904ff59-f26e-48b7-a4f5-2f8c2bd6d398
嘉兴市,0000001A00000031000000070000000X,7,2018/10/25,330400,63c6a9ca-1307-408e-ba85-ec5feabe5e72
湖州市,0000002P0000007W000000070000000X,3.89,2018/12/5,330500,7616b1c7-cd63-4812-bfe8-2f05aef637df
杭州市,0000001Z00000036000000070000000X,6.5,2018/1/5,330100,8ac3e01e-13b0-426e-bc23-4901ae65bd83
丽水市,0000002200000038000000070000000X,3.16,2017/5/5,331100,5bdef37e-6d75-465a-b9fe-5c8a199886a7
嘉兴市,0000001K00000031000000070000000X,4,2018/10/25,330400,dbfdb4d7-184e-4fe1-bb99-5569088b2d4a
绍兴市,0000001500000031000000070000000X,5.33,2017/1/25,330600,85bb8310-afa2-45f5-a916-6cb9337ecfaa
绍兴市,0000000G0000003F0000000700000010,9.67,2017/10/3,330600,5e00c63a-b4ff-46aa-8cfa-101b67208189
台州市,0000000C0000002Q000000030000000X,63.33,2018/5/25,331000,4ec2b50d-339c-40f4-a7bd-3f9cf1205843
金华市,0000000J0000003Q000000070000000X,40.67,2016/12/15,330700,7eec0e47-78ec-4213-a9b1-53f30fc19e15
嘉兴市,0000000Z00000031000000070000000X,4.67,2019/2/25,330400,375fbbbc-c9a3-4249-bd99-041870fb2ca8
嘉兴市,0000002U0000007X000000070000000X,3.73,2017/4/5,330400,e02de42f-8f10-4a43-bd2d-e5383ba56a11
杭州市,0000000H0000003N000000070000000X,15.67,2017/7/5,330100,1e39b754-dc1a-4b9a-9dac-e0f9bf397aa1
绍兴市,0000000G0000003F0000000700000010,11.05,2017/3/14,330600,795b12e6-8564-467e-bfc7-d9b5ceae30b9
温州市,0000000J0000003Q000000070000000X,47.67,2018/3/5,330300,538e80a4-766f-4af7-ad6f-92d74836809d
衢州市,0000002P0000007W000000070000000X,3.06,2017/8/25,330800,ac8510f8-c86f-4b36-9956-6ab45675196b
绍兴市,0000001A00000031000000070000000X,3.67,2017/7/15,330600,2d8be20d-e39c-4285-ac22-4046a17a9f0c
台州市,0000001500000031000000070000000X,3.67,2017/6/15,331000,c21c716d-f338-4e61-afdd-d8bf9358b919
衢州市,0000000D0000002R000000030000000X,37,2019/2/5,330800,fa07a921-a110-48fe-af2d-8f9cdaf96b6b
衢州市,0000000J0000003S000000070000000X,35.67,2018/9/15,330800,41ae074a-67a6-4911-a0a4-25deaed47edb
丽水市,0000000J0000003S000000070000000X,36,2018/4/15,331100,5b657cfa-16e3-48f3-a796-56a7b7d036cd
金华市,0000000P0000003E0000000700000010,5,2018/8/21,330700,b52f988a-6ad2-43c1-9c75-7be9b1952eb2
绍兴市,0000002P0000007W000000070000000X,2.56,2016/12/15,330600,ec5d4ab5-5bdb-4386-bea6-9bf6c2ca760a
金华市,0000000J0000003S000000070000000X,34.33,2017/7/15,330700,389cfb77-f8e8-424e-b980-0089ac3e0331
温州市,0000000H0000003N000000070000000X,16,2017/10/25,330300,edf44110-5c8b-411e-bca2-db4b2fd128c6
舟山市,0000001E00000031000000070000000X,3.33,2017/5/5,330900,611e4bb3-512d-4e8b-b6a8-1b606654c103
温州市,0000001200000031000000070000000X,5,2018/4/15,330300,305a4166-0bc6-418a-996a-23400b41f1a6
金华市,0000001K00000031000000070000000X,2.33,2017/12/25,330700,6a7c3df6-c786-4cb9-8a21-d4bc7ec33b27
温州市,0000000H0000003N000000070000000X,18.67,2019/3/5,330300,8ee7ef95-eb8d-4a05-a096-33466efd6ae2
嘉兴市,0000000P0000003E0000000700000010,4.5,2019/3/12,330400,d193c023-cf94-43a3-85e6-f1e38ebf0c9f
丽水市,0000001Z00000036000000070000000X,6.26,2018/12/25,331100,2967a2b2-f5bc-4821-8b17-2c92fcc5aa98
杭州市,0000002200000038000000070000000X,2.87,2017/5/25,330100,fef425ec-2479-4e56-96a1-96e1bfb05f3f
台州市,0000000H0000002T000000070000000X,13.17,2017/12/5,331000,c885616f-851b-4a4a-b48a-0562004140a6
丽水市,0000000H0000002T000000070000000X,14.33,2017/4/25,331100,b43dbf63-4414-4aba-a7fa-7c84f7b66a82
丽水市,0000000K0000003U000000070000000X,33.67,2017/5/25,331100,661c3a57-9821-4773-99a1-b6c7f4c9844c
温州市,0000000H0000003P000000070000000X,23,2018/5/15,330300,a0dbdb59-57e4-40fe-b95b-b5e974033a54
嘉兴市,0000001A00000031000000070000000X,6.67,2018/11/25,330400,09693e07-2f10-44c4-ad64-7a766f91fa85
台州市,0000002200000038000000070000000X,2.83,2018/6/5,331000,0c19fbb0-d295-447b-b6cd-f95ad3331658
丽水市,0000000D0000002R000000030000000X,54.6,2017/10/25,331100,a244058f-e8ed-4d03-9d2e-63507c86b594
嘉兴市,0000001500000031000000070000000X,3.83,2018/7/15,330400,ec591c0b-28ba-4394-9f36-9404ac9483e8
杭州市,0000000H0000003N000000070000000X,15.67,2017/8/25,330100,0a5de3af-41a8-4f7c-ad01-bd615ec68df1
温州市,0000000X0000007T000000070000000X,58.33,2018/3/15,330300,721262f0-f852-4923-b672-fe5f7236c6b8
宁波市,0000001200000031000000070000000X,4.43,2018/7/5,330200,20321c51-afbc-4824-922c-928b53abf9b3
宁波市,0000000D0000002R000000030000000X,44.43,2017/12/5,330200,2438a633-a3c3-4389-a96f-7bb8e8629c19
嘉兴市,0000000P0000002W000000070000000X,5.33,2019/1/15,330400,e79e5812-5634-460a-b8d9-9426eab460cf
嘉兴市,0000000P0000002W000000070000000X,5.67,2017/9/15,330400,08856a81-9444-4581-ade5-af4bef020b5a
宁波市,0000000H0000003P000000070000000X,25.67,2017/11/25,330200,a7f0a3ec-4688-40ae-aa20-5306412699a7
湖州市,0000000X0000007T000000070000000X,35,2018/1/5,330500,9f799aae-87b1-407c-a433-efc7e52ecf7f
衢州市,0000001200000031000000070000000X,3.5,2017/4/25,330800,ba70f30e-4442-47f5-8468-d61299609555
舟山市,0000001500000031000000070000000X,6.17,2018/11/5,330900,5a9ff8e4-03a9-4117-b962-e36553a7ed5a
台州市,0000000P0000003E0000000700000010,2.9,2017/6/20,331000,02e36711-ba22-4a3e-8567-8bf2c51b7e6a
舟山市,0000000S0000002Z000000070000000X,11.33,2018/1/5,330900,e42bbeea-6de4-4088-a939-4f9266f076a0
衢州市,0000001E00000031000000070000000X,5.17,2016/12/25,330800,1a83fbd6-fe55-4693-951b-c41cdea73481
浙江省,0000001200000031000000070000000X,3.93,2018/12/5,330000,9601495c-94a5-4f26-a190-fa79ec00cc4c
台州市,0000000P0000003E0000000700000010,2.9,2017/7/18,331000,f3ff49de-cbcc-4d2c-8a15-ab42011e3a6a
浙江省,0000001400000031000000070000000X,4.63,2017/7/15,330000,ddcec3f0-e6e9-407e-95ae-8ae27fc9990b
杭州市,0000000G0000003F0000000700000010,9.43,2017/10/10,330100,615cc314-6551-4260-bd3c-c7ccb2c1fae8
湖州市,0000001700000031000000070000000X,3.17,2017/10/5,330500,a3b1ee8a-42a7-4376-b3d7-9b24be1326d1
宁波市,0000000J0000003Q000000070000000X,38.67,2016/12/15,330200,97c601b7-d362-4d2d-b0c5-6bf03e1ffd27
浙江省,0000000H0000002T000000070000000X,15.5,2018/3/15,330000,ac17a868-7ab4-4a9f-9a7a-8bf24123c7f9
绍兴市,0000001E00000031000000070000000X,3,2017/4/15,330600,072a8bdf-86bb-4621-baaa-17cfeb6f5642
温州市,0000000M0000003V000000070000000X,15,2018/7/5,330300,017f6e57-ad6c-4baf-b959-f168980f2b4e
台州市,0000001700000031000000070000000X,2.33,2018/2/25,331000,51d8e4a1-3386-4570-9f2c-c778f7f52643
嘉兴市,0000000M0000003V000000070000000X,11.67,2018/12/5,330400,191fcd49-6e7a-487b-9c9e-736652bcb6e1
舟山市,0000001K00000031000000070000000X,3,2019/1/5,330900,80ef8dd2-899c-4435-84ea-6d3175e039f0
金华市,0000000S0000002Z000000070000000X,7.33,2017/12/15,330700,39758fb7-e63f-426f-8828-cc065973a5e9
浙江省,0000000X0000007T000000070000000X,36.02,2018/7/5,330000,9dc577ca-ce9f-4539-a64f-e88f39624cbd
绍兴市,0000000D0000002R000000030000000X,49.33,2018/7/25,330600,f210e179-831f-4047-9939-5dd38e6ff31c
台州市,0000000H0000003P000000070000000X,25.67,2017/1/15,331000,e7229cca-235b-49d4-aeef-32a60d2848ed
宁波市,0000001E00000031000000070000000X,4.13,2017/4/25,330200,86b0c3ce-0a79-4bb4-8271-a82917541374
杭州市,0000001500000031000000070000000X,4.67,2017/4/15,330100,e3aa6d1b-b9a6-4233-bdbb-fc882381b5a5
绍兴市,0000000C0000002Q000000030000000X,57.67,2018/2/25,330600,6218181d-7c2d-4e0b-8ca8-44374ecd05d5
金华市,0000000D0000002R000000030000000X,40,2017/11/25,330700,b17a43f5-7b15-4bde-849c-f8df58d0070f
宁波市,0000001200000031000000070000000X,4.33,2017/10/25,330200,d391cf72-d0c4-48c4-bfad-47655f0712bf
金华市,0000000D0000002R000000030000000X,44.67,2017/6/15,330700,a33d6adb-e1cc-43f4-908a-4c41296cd952
浙江省,0000000P0000002W000000070000000X,4.93,2017/1/15,330000,87510741-1364-476d-8712-25dbe9476730
台州市,0000000C0000002Q000000030000000X,63.33,2018/6/5,331000,289db22b-b912-4462-be79-a2cdf0cf1940
宁波市,0000002P0000007W000000070000000X,2.93,2019/2/5,330200,195a4d91-3182-4300-a0e6-aa7fe25dfe3a
绍兴市,0000001Z00000036000000070000000X,4.67,2017/6/15,330600,095e5f31-fb55-433f-a2f1-ec85500f24b2
浙江省,0000003100000081000000130000000X,86.4,2019/1/5,330000,28b53199-948e-48d7-84c6-5a08d94fabc1
台州市,0000000C0000002Q000000030000000X,63.33,2017/1/15,331000,409c5aff-d522-463f-a5cd-45082d9d146a
衢州市,0000000X0000007T000000070000000X,24,2019/1/25,330800,de1b9335-39bf-4959-89db-d0e2297d10c9
杭州市,0000002U0000007X000000070000000X,4.47,2017/12/25,330100,c93d3844-ea40-4c75-a00e-feab860e5d47
浙江省,0000000G0000003F0000000700000010,10.22,2017/4/25,330000,0381f4ce-bde7-4596-8755-1bf96d544321
温州市,0000000X0000007T000000070000000X,50,2018/6/15,330300,da16136b-ad08-44f7-99ae-021a15f8c6e9
嘉兴市,0000001E00000031000000070000000X,5.83,2017/8/5,330400,4cbc7501-f01c-4ce2-805a-88d2850f4dcf
舟山市,0000000H0000002T000000070000000X,15,2019/1/15,330900,a2809404-88c3-4ea0-83ed-eaef59bdb6ca
衢州市,0000000G0000003F0000000700000010,9.9,2017/5/9,330800,66d06817-e5b2-48d3-8ddf-fd013e02d0bf
温州市,0000000D0000002R000000030000000X,51.33,2018/7/25,330300,a49e7501-29cb-4cfe-a018-78937989039d
舟山市,0000000S0000002Z000000070000000X,11.67,2017/8/5,330900,c375fc6f-cb5e-4790-92b6-17903573f1f2
温州市,0000000P0000002W000000070000000X,5,2018/5/5,330300,c7f08e85-56fb-41c0-9470-f51385139646
杭州市,0000000G0000003F0000000700000010,8.9,2018/7/31,330100,efd9bd22-8144-4934-9db5-0cf5344cd3f3
台州市,0000001Z00000036000000070000000X,6.33,2017/4/5,331000,11ab2811-b7a6-4942-a3a0-23bfff5fa929
嘉兴市,0000002200000038000000070000000X,3.67,2017/3/25,330400,f027b5bc-ede1-4674-b7a4-8041585f13a6
宁波市,0000001500000031000000070000000X,4.9,2017/4/5,330200,9bfab453-e85d-40d1-948c-3b83f6ae00d0
绍兴市,0000000H0000002T000000070000000X,16,2019/2/5,330600,17331846-6649-417b-a10d-93ca58109ef3
温州市,0000001400000031000000070000000X,8.67,2018/3/15,330300,32016fd4-a86d-4095-9c73-0cf99727846b
嘉兴市,0000000P0000002W000000070000000X,5.5,2018/1/15,330400,a25f3390-1cea-499c-a524-e4467b0f7cdc
衢州市,0000000K0000003U000000070000000X,33.67,2018/9/15,330800,c64a1ef1-6fc5-42f2-a136-6f4c29c6cbb4
浙江省,0000001Z00000036000000070000000X,5.82,2018/4/15,330000,5c8199df-4617-4eb4-812f-827ebb3e40e5
温州市,0000002200000038000000070000000X,3.17,2018/2/15,330300,c1baa22e-82bd-498b-8a49-ad2b7b5052dc
温州市,0000000Z00000031000000070000000X,3.33,2017/2/15,330300,464078a1-6c5f-44b5-83bd-2df745b8ef38
湖州市,0000002P0000007W000000070000000X,3.89,2018/3/15,330500,03842bb3-85c0-49ea-945d-0cd0b276a634
金华市,0000001500000031000000070000000X,6,2018/10/15,330700,53b6b991-835d-4b19-91d2-11c1f5b5a368
舟山市,0000000P0000002W000000070000000X,5.67,2018/11/25,330900,516c095d-390f-456b-9bb7-5c158f43ffe0
嘉兴市,0000000J0000003S000000070000000X,33.67,2018/11/25,330400,8ccdc721-1b9c-45f2-baba-dcbd7ff02993
舟山市,0000000X0000007T000000070000000X,35.33,2018/9/15,330900,8a3ba64a-9cec-46ed-8f7e-5a471166073b
湖州市,0000001A00000031000000070000000X,6.67,2019/2/5,330500,f973e6f3-4d36-46ea-972c-a01a4784a2c5
丽水市,0000001A00000031000000070000000X,4.83,2018/8/25,331100,07e6c320-ef26-4888-9f76-f8e4abe3f77a
台州市,0000000M0000003V000000070000000X,10.33,2017/1/15,331000,59d248a9-e564-4fc0-8fba-0012acb25536
杭州市,0000001700000031000000070000000X,3.2,2017/5/15,330100,ee2c22bd-f125-4837-aa13-f1017b823d48
台州市,0000001K00000031000000070000000X,2.33,2019/2/5,331000,1794f143-3fa9-463a-9147-8bed4d24f523
杭州市,0000002U0000007X000000070000000X,4.27,2017/7/15,330100,04f5eaa5-b71e-4a1a-ba46-0b310a75fa49
衢州市,0000001A00000031000000070000000X,6.67,2018/3/15,330800,5b5a42d8-039f-4ec7-81c4-4b84291b426d
宁波市,0000000J0000003Q000000070000000X,42.67,2018/9/15,330200,bb2a1907-14f9-4a3f-8078-ad5929de9f8a
杭州市,0000000H0000003N000000070000000X,14.33,2019/1/15,330100,4c93bd05-7b84-4783-b3ef-a3c04550e638
衢州市,0000002U0000007X000000070000000X,4.67,2018/1/5,330800,f245e94e-63ad-43fb-ac4a-da069dfc5bfd
丽水市,0000000X0000007T000000070000000X,51,2017/4/5,331100,3690d0fb-52ce-4c84-92ff-b99f5a96a4f1
杭州市,0000001Z00000036000000070000000X,6.77,2017/5/15,330100,8c5a5513-ec92-4b22-bdce-7f345c7735ee
嘉兴市,0000000P0000002W000000070000000X,5.5,2018/12/25,330400,aded17fa-c35d-44df-bf2b-31c3f129c9a0
衢州市,0000000J0000003S000000070000000X,36.67,2017/3/25,330800,50861034-5a81-4744-bf98-854e3f80368f
衢州市,0000001E00000031000000070000000X,6.17,2018/9/25,330800,c9088561-2437-4015-a5f4-ce4f22c8cae3
台州市,0000000J0000003S000000070000000X,34.33,2018/6/5,331000,3ab93f28-a1ba-47d5-ab57-f683bd98f7a6
杭州市,0000001400000031000000070000000X,7.6,2018/4/15,330100,47c6e9c0-d6b3-4be6-a181-8451074d4ad7
湖州市,0000000M0000003V000000070000000X,17.33,2017/1/5,330500,bec9c2b6-c67f-4381-88ed-2dc308d42a4b
浙江省,0000002200000038000000070000000X,3.36,2018/2/5,330000,463f3d12-ad30-452a-b9a6-a82f6e7c82d4
台州市,0000000J0000003Q000000070000000X,40,2017/2/5,331000,39853d37-0144-490d-9ddf-b97749ad0304
湖州市,0000000D0000002R000000030000000X,40,2017/1/5,330500,2c042c0c-d1ff-46dc-a60e-00bba329956a
杭州市,0000001700000031000000070000000X,2.67,2018/3/15,330100,8483b0a5-421e-49b2-aece-4cec986c5c61
宁波市,0000001E00000031000000070000000X,4.6,2017/1/25,330200,95682ec9-a78f-46c6-80e8-e3216402f686
湖州市,0000000P0000002W000000070000000X,5.5,2019/2/5,330500,30e1d4cd-35cb-4a40-ad80-7b6fd8661d12
宁波市,0000000G0000003F0000000700000010,12.35,2019/1/1,330200,16a75431-7345-481c-a524-f06a7bc4d002
杭州市,0000000J0000003Q000000070000000X,42,2018/3/25,330100,724e3772-f937-4c34-af5d-5391e95a03d7
浙江省,0000000G0000003F0000000700000010,11.13,2018/11/6,330000,ec628300-0db2-4b63-bf3f-9e21469a4151
绍兴市,0000001500000031000000070000000X,4.83,2018/11/25,330600,c2376e0a-ece7-4dac-871e-3091c7689ba3
温州市,0000001500000031000000070000000X,4.83,2017/12/25,330300,c3923c7e-76e9-42be-af4e-f465d27aa5ca
台州市,0000000P0000003E0000000700000010,2.55,2017/6/6,331000,b000f855-3537-4eae-8bb3-17bbb86628af
金华市,0000001500000031000000070000000X,4.67,2017/2/5,330700,9f7fb12b-ce8f-4b5c-855e-bfaccfbe10c4
宁波市,0000001400000031000000070000000X,6.5,2017/2/15,330200,5e8dc2bc-4a36-4da5-b098-9576a8c7b2de
台州市,0000000C0000002Q000000030000000X,63.33,2019/2/15,331000,54b83a2a-fe6e-469c-80bf-aea1f545f299
衢州市,0000000D0000002R000000030000000X,36.33,2018/12/5,330800,9ee11ff5-5257-489e-a0ef-c92716a3fd55
湖州市,0000000H0000002T000000070000000X,15,2018/6/5,330500,49591af0-2451-4ab0-8720-7f2a554e17d7
杭州市,0000001400000031000000070000000X,6.5,2017/3/5,330100,997b20a0-55ce-49fb-8008-01ba576d6d62
湖州市,0000001400000031000000070000000X,5,2018/5/5,330500,6cb2e910-9c83-4ccd-9aae-f1d0890cfbd7
杭州市,0000000H0000002T000000070000000X,16.33,2018/4/5,330100,76713689-fe58-40d3-9796-346d1460cc61
绍兴市,0000000H0000002T000000070000000X,15.17,2017/4/15,330600,99042e64-2478-4c54-ba1a-8c161672bc3d
宁波市,0000001A00000031000000070000000X,5.73,2019/2/5,330200,5e6881f6-6381-458c-a409-0abd70b01995
金华市,0000000H0000003N000000070000000X,10.5,2018/4/5,330700,3aa55495-310d-474c-8940-b52df8f2dcd4
嘉兴市,0000000C0000002Q000000030000000X,66.33,2017/1/15,330400,8e31994b-c21e-4239-b738-63096e16fb36
嘉兴市,0000000G0000003F0000000700000010,9.5,2019/2/12,330400,9b16abef-64d5-4b29-b301-7f90462d3786
杭州市,0000000J0000003Q000000070000000X,40.5,2017/10/5,330100,7f4e6e2c-3120-4bdf-961f-5c72e8497c8d
杭州市,0000000S0000002Z000000070000000X,8.6,2018/9/5,330100,80204b61-0985-4b1d-a51b-47741f66b7fa
台州市,0000001Z00000036000000070000000X,5.83,2016/12/25,331000,277e01f0-38a2-463b-a602-061bacb17bb4
衢州市,0000001500000031000000070000000X,4.33,2017/3/25,330800,fda706cc-0faa-4d3a-a779-bc5cbf105c56
杭州市,0000000K0000003U000000070000000X,36,2018/11/5,330100,fee8ccc2-55f8-4e24-ab27-43f707dd71b1
温州市,0000000Z00000031000000070000000X,4,2018/12/25,330300,1f0e62f1-2441-485e-b4d8-a3bb0ba1b35d
温州市,0000000M0000003V000000070000000X,14.67,2017/11/25,330300,65c91d60-ed10-44b9-81a6-8ff02246449b
台州市,0000000G0000003F0000000700000010,9.8,2017/12/5,331000,e2ff8492-7ccb-459f-bcc2-523517244fc6
浙江省,0000000X0000007T000000070000000X,37.43,2018/6/15,330000,8e0c298f-7a77-4f61-a56e-a635cf565f10
杭州市,0000000M0000003V000000070000000X,10,2017/1/5,330100,1598f747-7b4e-45ad-9678-7f29592a3032
金华市,0000001400000031000000070000000X,4.33,2017/5/25,330700,521fd546-6fbd-4e04-ad5c-a5b0a4012873
湖州市,0000000D0000002R000000030000000X,36.33,2018/9/25,330500,0428f987-956e-489f-899d-66e61613d27c
嘉兴市,0000001400000031000000070000000X,5.5,2018/6/5,330400,fb27a0b3-250b-454b-b4d3-c9c994340bfe
杭州市,0000000P0000002W000000070000000X,5.27,2018/5/5,330100,3542198b-aad0-4300-8790-b89af6cc3d8a
舟山市,0000001Z00000036000000070000000X,8.17,2018/9/15,330900,7657d9ba-200b-43db-8ebe-200a9d0f8e4a
湖州市,0000002P0000007W000000070000000X,3.89,2018/10/5,330500,888e2757-e6cd-4695-8e31-cc51bdeece11
温州市,0000000P0000002W000000070000000X,4.33,2017/4/5,330300,dba94959-5893-4622-8d92-f4dde15d9109
宁波市,0000000S0000002Z000000070000000X,9.93,2018/12/15,330200,f5bb15ee-063d-40b2-873f-82b5b5cbde56
舟山市,0000000S0000002Z000000070000000X,11.67,2017/7/15,330900,0ce2f1b5-880d-4d4b-968c-215756611d38
绍兴市,0000000H0000002T000000070000000X,16,2017/3/5,330600,6229ac37-dcc2-40df-b1e3-c15fa53a7183
湖州市,0000000K0000003U000000070000000X,0,2017/3/15,330500,ab3ba48d-3c01-4a5b-b2d3-96908d7982ed
浙江省,0000000H0000002T000000070000000X,15.83,2018/3/5,330000,dad44fb4-6678-4e16-a237-d5189e1c0f19
杭州市,0000002U0000007X000000070000000X,4.27,2017/9/5,330100,3cb4b12f-a6e5-4b49-ab8b-ae8fd8a32154
丽水市,0000000P0000002W000000070000000X,5.6,2018/11/15,331100,fe7e419b-0f82-466e-86c3-c439011d7189
杭州市,0000002200000038000000070000000X,3.27,2017/2/15,330100,cf9e6127-be75-4405-9a11-3b1d149b0377
温州市,0000003100000081000000130000000X,63,2017/6/5,330300,9171b1be-42b2-4abf-9c34-196656afe38b
湖州市,0000002U0000007X000000070000000X,3.6,2017/4/15,330500,496010bc-7711-4c4a-b2ed-994185f8c7b9
杭州市,0000001K00000031000000070000000X,3.03,2017/5/15,330100,bf3bb76f-494e-4a59-b471-6f0418d49dd4
衢州市,0000000P0000003E0000000700000010,4.95,2017/8/22,330800,cb6ebce1-5625-4906-9d87-7dab134165a3
舟山市,0000001Z00000036000000070000000X,7.33,2018/5/25,330900,a2a9d836-27dd-472e-a61d-90c2a03fcc28
宁波市,0000000D0000002R000000030000000X,45.77,2017/6/25,330200,ec941396-650c-472d-b304-403af4c2f5f5
金华市,0000000P0000003E0000000700000010,4.6,2018/2/6,330700,443742ff-ee90-4baa-b91a-c256f46921fd
嘉兴市,0000001700000031000000070000000X,3.27,2018/7/25,330400,a96c3884-9231-4862-9610-8a6be990d324
舟山市,0000000S0000002Z000000070000000X,11.67,2019/2/15,330900,0e32f228-a0b1-48ef-bc19-3dc387f00f97
嘉兴市,0000000D0000002R000000030000000X,39.33,2017/4/15,330400,9d8c1756-41c1-4b31-9fd2-0f76ac1770d1
温州市,0000001A00000031000000070000000X,6.5,2018/4/15,330300,f2914513-e9c1-4c05-801b-3a0a64a0f63b
绍兴市,0000000M0000003V000000070000000X,9.83,2018/1/15,330600,843f7542-7e70-492e-b6ba-ea19529e7399
浙江省,0000001700000031000000070000000X,2.85,2017/2/5,330000,bfbbea83-6066-4488-aa46-220db4f73d52
绍兴市,0000000M0000003V000000070000000X,9.5,2018/4/5,330600,93a91630-a3a9-418f-b17e-2d9b2baffc99
台州市,0000000J0000003Q000000070000000X,39.33,2018/1/5,331000,743abf95-eeb0-49f6-9ac8-5f79a35b9106
湖州市,0000000J0000003S000000070000000X,34,2017/10/15,330500,58e8edac-d7db-4173-8043-c9275ddf2540
舟山市,0000000H0000003P000000070000000X,24.33,2018/10/5,330900,05f9a109-f4cb-456c-b1db-57fa20434acd
宁波市,0000002U0000007X000000070000000X,4.7,2017/11/15,330200,6a33f421-c8df-47e2-89ac-dd39606a1874
宁波市,0000000X0000007T000000070000000X,41.17,2019/1/5,330200,0fb8df85-c1ee-4c50-b44f-6a66086d1ed1
宁波市,0000001200000031000000070000000X,4.1,2018/8/5,330200,3d822f1d-6a73-472a-b51e-85fc00bd9951
丽水市,0000003100000081000000130000000X,84,2018/7/25,331100,d5132191-e6a3-4f4c-8d6f-4cf2b23e0db1
浙江省,0000000D0000002R000000030000000X,43.97,2018/2/15,330000,5db8b05c-11f7-40cf-9aff-0133d29e86b1
杭州市,0000000C0000002Q000000030000000X,61.67,2017/4/25,330100,161e1474-0b31-42d3-ad8a-b20b9db68206
衢州市,0000001K00000031000000070000000X,2.33,2018/4/15,330800,af670ca4-e84c-4bfc-ac8f-e399f1afa56d
湖州市,0000001500000031000000070000000X,5.33,2018/12/5,330500,b944a90a-0ce3-4ceb-b174-b35611be4bc1
湖州市,0000000S0000002Z000000070000000X,8.83,2018/1/5,330500,6d322b6a-9c6e-4bd2-9d0e-0c137ab7e3fc
台州市,0000000Z00000031000000070000000X,2.67,2017/3/15,331000,f63d4d54-07ea-4db2-bacb-4d1641fddf5a
嘉兴市,0000001K00000031000000070000000X,3.17,2017/6/15,330400,eaa44fa6-bef6-479e-ad9b-cf4982c9aa71
温州市,0000001E00000031000000070000000X,4.5,2017/12/15,330300,1f74372c-2753-4c1c-8af5-30590c39c4ee
浙江省,0000000J0000003Q000000070000000X,40.88,2017/2/25,330000,46c751e3-8eb1-4f6d-9115-7dbd1d4fa629
舟山市,0000001Z00000036000000070000000X,7.17,2017/4/25,330900,8beac6d5-fb5b-468b-b09d-51855b3b497e
湖州市,0000002U0000007X000000070000000X,3.87,2018/6/25,330500,ede5381a-9a02-453f-a2c2-0033d164eb09
金华市,0000001700000031000000070000000X,2.5,2018/6/25,330700,183e06f4-68be-4d8f-b07c-2183b241cffa
金华市,0000000P0000003E0000000700000010,2.6,2017/4/18,330700,33efd680-e464-4d94-b781-95245ca95202
金华市,0000000J0000003S000000070000000X,34.33,2018/4/5,330700,c3ea300e-dcd9-48af-abdf-ea55e20f2922
衢州市,0000000M0000003V000000070000000X,13,2018/2/25,330800,205ef42a-17fb-49ad-b624-ac9a61de2fbd
舟山市,0000001200000031000000070000000X,4.33,2017/8/25,330900,a3e4d687-22fd-45e4-8cee-8ac0993b4a24
温州市,0000000S0000002Z000000070000000X,9,2018/5/25,330300,9df2dd77-c0ca-498b-8220-99be1913673f
绍兴市,0000001A00000031000000070000000X,4.17,2017/1/5,330600,584aec23-2cc4-415b-87db-b07d4bd2c713
丽水市,0000000P0000002W000000070000000X,5.93,2018/2/15,331100,8613ae2a-8591-487d-afc6-d37746e7bedf
嘉兴市,0000000H0000003P000000070000000X,21,2018/6/25,330400,9c5e13f5-31e3-484e-9942-5f3eff9cc7a9
温州市,0000003100000081000000130000000X,63,2018/1/5,330300,f9d2cb05-f068-416c-88b2-586f3acfa6fd
温州市,0000001400000031000000070000000X,5,2018/6/25,330300,77686c06-17a4-412c-a11e-0a7e83c23b14
杭州市,0000000Z00000031000000070000000X,3.17,2017/5/5,330100,b34ded60-d4d0-4ac2-ab6f-2ced054b58b5
杭州市,0000001700000031000000070000000X,2.5,2018/7/15,330100,3e9cf692-20db-405d-a9e4-3ae91d38e4bd
嘉兴市,0000001500000031000000070000000X,3.83,2018/4/15,330400,2e215363-ad5d-4cd0-be74-c77c6336f6a2
衢州市,0000000P0000003E0000000700000010,3.65,2018/7/10,330800,e9b57404-3677-493c-aa3b-4b3bfd6a9e8a
温州市,0000002U0000007X000000070000000X,4.67,2018/11/25,330300,d3a9b954-ff85-4919-806e-451a1a451856
金华市,0000002P0000007W000000070000000X,3.9,2017/5/5,330700,3f9c845a-f0d7-4a0a-8034-ad6fb14f3662
台州市,0000000C0000002Q000000030000000X,63.33,2018/12/5,331000,daaed85d-cf56-40b4-bf1a-4149ddade913
嘉兴市,0000002200000038000000070000000X,3.17,2019/1/15,330400,0e98046e-0cc8-4896-914a-c9afc4c1e96c
绍兴市,0000000H0000002T000000070000000X,16,2017/1/15,330600,44d5260e-1247-40c8-8750-23c731f84786
浙江省,0000000S0000002Z000000070000000X,8.62,2017/1/25,330000,a48f799a-8ef4-44b5-bf8b-55db70b8e927
绍兴市,0000002U0000007X000000070000000X,4.83,2019/3/5,330600,5bdad7a8-4a47-4db5-847c-ab06b3798a86
嘉兴市,0000002200000038000000070000000X,3.17,2019/1/25,330400,c332d30b-8419-4cba-8a23-e0d1f48492d6
杭州市,0000000D0000002R000000030000000X,46,2018/7/25,330100,35c28980-14dd-467e-b869-efb04fc186bc
宁波市,0000003100000081000000130000000X,172.67,2017/3/25,330200,1d5cf372-2c11-40e9-bcf1-56f4b4d514b9
衢州市,0000000X0000007T000000070000000X,27.67,2017/1/25,330800,fc3b143e-d44e-4c7e-bc30-20f179c81861
绍兴市,0000001200000031000000070000000X,4.17,2018/12/15,330600,49870e7b-2e2d-4f6e-8ed1-3a68bc87c211
丽水市,0000000X0000007T000000070000000X,50,2018/4/25,331100,da8ffb09-8353-42b9-873e-a75cba94b311
丽水市,0000001K00000031000000070000000X,3.67,2018/12/25,331100,2f00c48f-984e-4ad1-b547-112e07aa623b
衢州市,0000000M0000003V000000070000000X,11,2018/3/15,330800,d87330ea-7d25-4e9c-9f69-f88db8bd6b98
杭州市,0000001700000031000000070000000X,2.87,2017/4/15,330100,f1201996-6805-459e-b13b-5195272e1369
浙江省,0000001A00000031000000070000000X,5.22,2017/1/5,330000,6dab57c3-ec6f-4b9b-9c70-1ec1942d7194
杭州市,0000000J0000003S000000070000000X,35.67,2017/3/15,330100,790b2317-7b8a-4279-b68d-9e1f52dc8f81
绍兴市,0000000H0000003P000000070000000X,26.67,2017/2/5,330600,f56454b4-c3a6-4462-a5b3-1eea68dc33ed
舟山市,0000000H0000003P000000070000000X,25.67,2017/4/25,330900,e896fd56-9ae6-42ca-84da-3f4f447db9ef
金华市,0000000C0000002Q000000030000000X,68.87,2019/2/15,330700,f1baf6ac-cd87-4dcc-9887-69efbf1c97a8
丽水市,0000000X0000007T000000070000000X,42,2017/8/25,331100,b9e99a46-e29c-48e4-a882-455859fb5e10
杭州市,0000001E00000031000000070000000X,5,2017/2/5,330100,67c51e7d-4b31-4e17-be7d-4eaf0f1e5398
丽水市,0000001400000031000000070000000X,4.67,2016/12/25,331100,b545aebf-5c07-4f3e-812c-c5d45c4aaa97
宁波市,0000000M0000003V000000070000000X,14.67,2017/2/15,330200,b76df311-17f2-4d7a-b9f5-598290a7b2c8
舟山市,0000001K00000031000000070000000X,4.17,2018/7/15,330900,599402ea-ce49-45cc-9685-ee4f0587808b
温州市,0000001Z00000036000000070000000X,6.33,2018/3/25,330300,f2046eaa-a37b-4be9-ad34-46c71c0e1a55
丽水市,0000001500000031000000070000000X,5,2018/11/25,331100,afe55b86-49c2-4e27-8ccb-939e5b56d6d9
金华市,0000000S0000002Z000000070000000X,8.17,2017/6/5,330700,e9fceb67-c912-4edf-a463-fcfb5a99b195
丽水市,0000000H0000003P000000070000000X,21.67,2019/2/5,331100,68f270ab-8e51-49ca-8f6c-e753d6ce0759
浙江省,0000001500000031000000070000000X,4.42,2017/11/15,330000,d322ddcb-064a-4fc5-a724-199739690167
台州市,0000001200000031000000070000000X,5.67,2019/2/15,331000,d4af77dd-fc24-4ed2-99a4-9bda3ebf2b8f
浙江省,0000000J0000003S000000070000000X,34.67,2017/9/15,330000,105f21a9-e9ab-47c5-b057-c3853d536fa2
浙江省,0000001K00000031000000070000000X,3.03,2018/5/15,330000,90c38b99-11e8-4b19-a5f1-6364cf4de03f
台州市,0000000M0000003V000000070000000X,10.33,2017/4/15,331000,e784bbe2-70d6-4890-b8b8-8fa2974ee925
金华市,0000000J0000003Q000000070000000X,41,2018/11/15,330700,28dbf61b-1212-4cc9-93b0-d585cf5b0ebf
杭州市,0000002U0000007X000000070000000X,4.47,2018/5/15,330100,7cff7672-3367-431d-8562-f6eaa2e4675c
湖州市,0000003100000081000000130000000X,72.3,2018/6/5,330500,9280f4ab-9d3f-42a0-b56e-0493a971c47e
宁波市,0000000J0000003S000000070000000X,30.5,2017/2/25,330200,def26186-d916-480e-9896-ac4ffdfe93bb
嘉兴市,0000000J0000003S000000070000000X,32.33,2017/5/25,330400,bf62c686-6cea-40a0-ac84-b2bf88c032d5
金华市,0000000C0000002Q000000030000000X,68.87,2018/11/15,330700,0a6611e6-a08f-4ebb-bb11-296b60972ec4
湖州市,0000000X0000007T000000070000000X,35,2019/2/5,330500,d0247dd2-3580-4da1-a698-74fa82e8fb5d
嘉兴市,0000000P0000002W000000070000000X,4.77,2017/2/5,330400,2f474599-48e8-463b-89d8-31b9d993752a
台州市,0000002200000038000000070000000X,3,2017/5/5,331000,e8597052-8542-453b-a422-74978f1bfe44
宁波市,0000000H0000003P000000070000000X,26.17,2017/6/15,330200,6d2e105b-245f-4a87-b414-e5bf60bab865
金华市,0000000H0000003N000000070000000X,14.5,2017/3/25,330700,5e0d44c2-e4a9-40be-9961-4348969c2d4f
舟山市,0000001K00000031000000070000000X,3.5,2018/4/5,330900,dbe946fb-8b4d-4367-a5ee-c8365591aa11
湖州市,0000001200000031000000070000000X,3.83,2018/8/5,330500,29909763-555e-4127-92bc-2724b19643e9
丽水市,0000000X0000007T000000070000000X,42,2017/7/5,331100,24e8cdef-f24a-4430-8df4-27a2b5beb19a
台州市,0000001700000031000000070000000X,2.17,2017/12/15,331000,b0d63495-bc65-4225-8f71-16cead8b05b7
温州市,0000000K0000003U000000070000000X,48,2017/4/5,330300,591c8ca3-9691-431c-a192-2649aab4a6aa
金华市,0000000S0000002Z000000070000000X,7.33,2018/1/15,330700,6a797dbf-23e8-4118-868d-31beebf3a6cf
舟山市,0000000H0000003N000000070000000X,15.17,2019/1/5,330900,69f52f52-43eb-4f25-95f0-091e865000c3
宁波市,0000000G0000003F0000000700000010,10.62,2017/12/26,330200,b2809253-d9bb-4b06-b527-6ede6c1c7490
舟山市,0000001200000031000000070000000X,4.17,2018/1/5,330900,6b5bd9e3-cedf-46a5-8df8-a159b80299a4
温州市,0000000D0000002R000000030000000X,51.33,2018/10/5,330300,3e4a9dd9-d9e0-49be-8d24-8860bc857412
丽水市,0000000H0000002T000000070000000X,14.17,2017/5/25,331100,87f9e534-0476-4d04-98da-87df74c76435
浙江省,0000000P0000002W000000070000000X,5.57,2017/9/15,330000,458c9112-cef9-475c-9793-d64e3083ec38
绍兴市,0000000X0000007T000000070000000X,34.33,2017/11/15,330600,5423db8f-1068-4119-9d56-69bcc4ca2b01
绍兴市,0000000K0000003U000000070000000X,37.67,2017/10/5,330600,1e23986f-ef86-4b1a-9e07-07cc450a8fcf
衢州市,0000000D0000002R000000030000000X,37.67,2017/12/5,330800,672710d7-9899-4849-9a9f-5d32f10f22ad
舟山市,0000001500000031000000070000000X,5.67,2019/1/25,330900,3f5ccb73-8846-4071-a688-ce100c0cf176
杭州市,0000002U0000007X000000070000000X,4.3,2017/8/15,330100,a79ebc5f-16f4-48d7-9877-fe270e5d7cec
衢州市,0000000M0000003V000000070000000X,11.67,2017/12/15,330800,a21ceddc-a265-4540-aebe-bb77e4e5d3b7
金华市,0000002U0000007X000000070000000X,3.93,2018/11/25,330700,0e46723b-0381-4280-b97c-8168c7098381
绍兴市,0000002U0000007X000000070000000X,4.5,2017/11/25,330600,bf937ebb-cdac-439d-9ea6-e18d3e480d14
绍兴市,0000002200000038000000070000000X,3,2018/1/25,330600,1e93a366-d41c-4ed0-906f-b69769976185
温州市,0000000H0000003N000000070000000X,16.67,2018/3/25,330300,1391086c-4ccb-49d0-9a41-cc04fd23123b
绍兴市,0000002200000038000000070000000X,2.5,2016/12/25,330600,b589b777-7bc3-4403-9ccb-e1844e47a7eb
衢州市,0000000J0000003S000000070000000X,35.67,2018/4/25,330800,55814da5-527a-4e18-8b11-e5fc10e4b438
丽水市,0000000K0000003U000000070000000X,32.67,2017/2/25,331100,a05715dd-274f-4728-876a-94621ed7908b
金华市,0000001200000031000000070000000X,3.33,2018/7/25,330700,6ef7d32d-8434-499b-9152-37922540fa11
金华市,0000001200000031000000070000000X,3,2017/4/15,330700,56b1f54a-384d-48c1-bd96-bd7c5f68cbad
杭州市,0000000J0000003S000000070000000X,35.67,2017/9/25,330100,d0c0bb26-fbb5-48f9-88c4-3f6d789b5f9d
金华市,0000001Z00000036000000070000000X,5.83,2017/12/25,330700,a928ac9d-b55e-483d-ad10-8319098eaa38
温州市,0000000G0000003F0000000700000010,8.89,2017/8/1,330300,c6ec1441-025d-4dfa-b799-96ad4980482a
浙江省,0000000C0000002Q000000030000000X,63.76,2017/11/5,330000,45159180-fb36-44f3-9687-d27e69dcb985
宁波市,0000001200000031000000070000000X,6.33,2019/2/5,330200,e160c562-07a6-4dc6-a58b-d70a05d97acb
宁波市,0000000J0000003S000000070000000X,30.33,2017/7/15,330200,8864cd4e-8b8a-4a58-8856-df0391d62461
舟山市,0000000X0000007T000000070000000X,41.67,2017/2/15,330900,6c4b0b79-b67b-46b9-a3b4-595d45212b4e
嘉兴市,0000002200000038000000070000000X,2.67,2018/7/15,330400,960f009b-8438-4961-b868-2a675bce7c30
温州市,0000001200000031000000070000000X,5.17,2017/8/15,330300,bce15575-0615-4995-9050-64ed047cb2dc
绍兴市,0000000S0000002Z000000070000000X,8,2018/10/5,330600,41281645-9584-4b89-b1ae-34f16a2dcc1b
衢州市,0000002P0000007W000000070000000X,3.06,2017/7/25,330800,242a3d85-36da-45c9-81bc-70735d1442c3
浙江省,0000000J0000003Q000000070000000X,40.65,2017/3/25,330000,70a9c204-d101-463d-b231-2fa572cf6d5b
嘉兴市,0000001500000031000000070000000X,4.33,2017/5/5,330400,bc4ee903-ab17-420e-a67a-8797df645bfd
浙江省,0000000P0000002W000000070000000X,5.49,2018/3/15,330000,2666ddbc-5076-4d27-b8fa-ce45b7e14afe
绍兴市,0000002200000038000000070000000X,4.17,2019/2/5,330600,07cb99e3-8898-48f4-b092-803818cf9fdc
杭州市,0000000H0000002T000000070000000X,17,2017/9/5,330100,e2895393-7189-4d69-b0fe-1accad0350e2
温州市,0000001K00000031000000070000000X,4,2018/7/15,330300,ff114032-0403-40da-a389-772aef667993
丽水市,0000001700000031000000070000000X,2.33,2017/8/5,331100,d1743d49-37a0-4881-9702-a62f50480cdd
台州市,0000002U0000007X000000070000000X,4.5,2018/5/5,331000,f3f56b79-d544-4ce5-959d-08c9553363bd
绍兴市,0000001500000031000000070000000X,3.67,2017/7/15,330600,f2c3de1c-e7bc-4e3f-820e-03c7fd0a9d05
温州市,0000000H0000003P000000070000000X,26.33,2017/2/5,330300,c8627897-6bc0-4141-a17e-a8c7863ec163
宁波市,0000001A00000031000000070000000X,4.47,2017/4/5,330200,a9da2c06-a98f-4835-ad0a-3a202bbd4bb0
舟山市,0000000C0000002Q000000030000000X,50.3,2017/8/25,330900,cd4dfa7d-7020-4e93-a42f-459b500c6f44
温州市,0000000H0000003N000000070000000X,16.67,2017/4/5,330300,61ca5ee7-f6a4-4649-870d-f761a9b8b9df
嘉兴市,0000000J0000003S000000070000000X,34,2019/2/25,330400,61b97cf4-44f0-4b7c-a79b-349729c4b1b4
金华市,0000000M0000003V000000070000000X,12.33,2017/12/15,330700,ac19cd10-91ad-4914-99ab-2c8d6d0a5a72
嘉兴市,0000000G0000003F0000000700000010,9.8,2017/9/19,330400,de27b76b-7f98-46d7-9baa-dc4154b4c233
衢州市,0000003100000081000000130000000X,77.67,2017/5/5,330800,e3adee95-d9fd-47a6-98fa-839dff5e3637
台州市,0000000C0000002Q000000030000000X,63.33,2017/9/15,331000,0beef1eb-5def-4e04-9836-8dd63a961ac9
嘉兴市,0000000P0000002W000000070000000X,5.5,2018/11/5,330400,06debd6c-42e8-41b2-a4dc-5e1c607e8054
浙江省,0000001A00000031000000070000000X,5.12,2018/5/25,330000,5c3b1861-3312-450e-ab4b-d1c07113c921
浙江省,0000001400000031000000070000000X,10.08,2019/3/15,330000,c91315e3-34cf-4cc2-95e1-d0c511b9be15
杭州市,0000002P0000007W000000070000000X,2.58,2016/12/25,330100,31c699a6-3889-4d00-86e8-d4977e5a15ed
宁波市,0000000C0000002Q000000030000000X,75,2017/12/15,330200,2d11cbfc-354d-4675-9c05-1c4374728049
湖州市,0000000S0000002Z000000070000000X,8.83,2017/11/15,330500,e9bce8a3-cdf0-4007-8a80-2d55bfcee32a
金华市,0000000Z00000031000000070000000X,4,2018/1/25,330700,f4bd8cdd-07cb-41f4-acb9-c5f4b286d807
台州市,0000001700000031000000070000000X,2.17,2018/5/5,331000,5ffb698f-4888-46bb-8b0d-1890a0ac4316
衢州市,0000001K00000031000000070000000X,2.33,2017/4/5,330800,99dd7bda-b35c-46d2-be60-d62ecdfd2d2a
温州市,0000001Z00000036000000070000000X,6.5,2018/1/25,330300,064fbab5-70a4-4209-bd81-f7e51ab9ecb5
湖州市,0000001Z00000036000000070000000X,5.33,2017/1/25,330500,0c4e410d-14f1-48dd-9ff5-82efc830681c
衢州市,0000001Z00000036000000070000000X,5,2017/5/25,330800,fed076cd-b67a-45b6-9839-2b8af17b3e91
台州市,0000000H0000003P000000070000000X,25.67,2016/12/25,331000,b5f9354d-a25c-4f90-8de7-8e31f1aa774b
嘉兴市,0000000G0000003F0000000700000010,12.25,2017/1/31,330400,c0306c26-7874-44f5-8dbd-b4f852a50408
温州市,0000001E00000031000000070000000X,4,2017/1/5,330300,d36cfb0b-7993-4f17-9f04-64dd1f0a8e81
舟山市,0000001K00000031000000070000000X,4,2018/2/25,330900,96e18f1f-fc87-4fe8-8a8c-5f3d8a9090be
杭州市,0000000C0000002Q000000030000000X,64.33,2017/3/15,330100,463e5408-764c-4096-b089-93d628efd8bc
衢州市,0000000D0000002R000000030000000X,38.33,2017/7/25,330800,df14c05f-7795-406b-9bc9-afda58b8e5f8
丽水市,0000000H0000003P000000070000000X,19.33,2017/9/15,331100,b2aad26e-d2f8-4ab2-9ae4-1155d8f04708
绍兴市,0000001K00000031000000070000000X,3.33,2017/1/15,330600,d66667c0-f7a7-4710-b604-6dfa5ddd5d96
湖州市,0000003100000081000000130000000X,77,2017/1/15,330500,60771026-e9a9-451b-97a0-ea56457d03f6
衢州市,0000000J0000003S000000070000000X,35.67,2018/7/25,330800,f95fcd20-870e-4a84-b282-c72153682347
金华市,0000001400000031000000070000000X,4.67,2017/7/15,330700,383d4ef4-40d1-4aef-8637-125d359e2e26
温州市,0000002P0000007W000000070000000X,2.33,2017/7/15,330300,dc081e72-2f47-4d7e-8da5-6d01335baa8a
温州市,0000003100000081000000130000000X,63,2017/5/5,330300,fcbfde28-4872-4428-87f3-e2f1e3e965bd
杭州市,0000000H0000003P000000070000000X,21.83,2017/3/5,330100,f1e76787-0978-4532-93fe-0902559bc939
杭州市,0000000H0000003N000000070000000X,16.33,2016/12/25,330100,64978431-9ea3-4118-8c40-6f04d9100eb0
杭州市,0000000X0000007T000000070000000X,39.83,2017/4/15,330100,ccf37d7c-70aa-4955-b095-f897088d34fd
绍兴市,0000001K00000031000000070000000X,2.83,2018/5/5,330600,095456f6-000b-43d3-9c48-fcc5fbb4d20b
温州市,0000000J0000003Q000000070000000X,47,2018/2/15,330300,75f17203-4f20-4982-aa90-05c06116c5c9
浙江省,0000000X0000007T000000070000000X,35.6,2017/8/15,330000,1a0e8e20-4190-4859-b1e7-7226424004cc
湖州市,0000000D0000002R000000030000000X,37.67,2018/2/25,330500,139ec49b-8b1d-4f88-9ea2-7caf389ed71b
浙江省,0000002U0000007X000000070000000X,4.31,2018/8/5,330000,7ff3a2fc-e6d4-4c1f-87bf-0bb1ae8525a7
杭州市,0000000P0000003E0000000700000010,4,2018/3/20,330100,3eda7781-9189-4d2b-8657-55dd6a879078
丽水市,0000002U0000007X000000070000000X,3.66,2018/12/25,331100,9e6ed379-3dbd-4e23-9eb1-a7942f8b80dd
湖州市,0000001Z00000036000000070000000X,5.33,2017/4/25,330500,e75bc657-0a47-409e-a7b1-71d365794b3e
嘉兴市,0000002P0000007W000000070000000X,3.2,2018/1/5,330400,96b5fee4-c25d-4a76-9d0d-01607c691607
丽水市,0000001A00000031000000070000000X,5.33,2018/6/15,331100,d2bf1f45-452d-436f-b555-7e41fde0e3d3
丽水市,0000000C0000002Q000000030000000X,70.23,2019/1/25,331100,3a065b03-dc77-4c08-b450-17dc75747d2d
舟山市,0000001E00000031000000070000000X,4.17,2017/1/5,330900,3087394f-3ac7-479d-853c-5ae12b39180a
金华市,0000000S0000002Z000000070000000X,7.83,2018/5/15,330700,d2ab00db-7c19-44ea-b9e8-c0848cc55d8c
宁波市,0000001700000031000000070000000X,3.77,2018/4/25,330200,c1596739-ad66-4e32-b0ee-22cd5046a26d
浙江省,0000002U0000007X000000070000000X,4.29,2017/6/25,330000,ebff3a06-9c8f-4108-a111-7c39ef3dfa46
台州市,0000000J0000003Q000000070000000X,39.33,2018/1/25,331000,822ee740-2834-4b61-9a89-6ed5b85fd7df
衢州市,0000000J0000003Q000000070000000X,41,2018/10/25,330800,35e0f171-69d9-4ffa-a368-430f9ec11bda
台州市,0000000M0000003V000000070000000X,10.33,2017/8/5,331000,e98d578c-c395-4bf4-a7ef-451b8b93a22c
宁波市,0000002U0000007X000000070000000X,4.53,2018/3/15,330200,cc670939-556b-4705-9c04-a5b54ad471e8
浙江省,0000000M0000003V000000070000000X,12.33,2018/6/5,330000,89148cf1-659d-4548-b22f-0b23f1ed6f52
金华市,0000000H0000003P000000070000000X,20.33,2017/9/15,330700,0c7e307b-56a9-42bf-9149-d3622ff0e5c6
衢州市,0000001Z00000036000000070000000X,5.67,2019/1/25,330800,eef2d555-8e9c-4c39-8504-5d5f110d2c96
舟山市,0000001500000031000000070000000X,5,2018/12/5,330900,7819fc63-569c-4005-aa10-ad5d453cb4a8
金华市,0000000P0000002W000000070000000X,5.27,2018/8/15,330700,74123ef9-29bb-49fd-921d-1c606b8c08e4
湖州市,0000001200000031000000070000000X,4.33,2018/5/5,330500,ea01af97-93c1-49b3-9672-d4f25ebb2a99
金华市,0000000J0000003Q000000070000000X,40.67,2017/10/15,330700,531d08a6-f938-4c83-8115-e2a43136f89b
浙江省,0000000P0000002W000000070000000X,5.71,2018/11/15,330000,5c90088a-6cff-4745-b5d9-deced0028ce6
嘉兴市,0000000X0000007T000000070000000X,31,2017/5/25,330400,a0b7e500-6787-47f7-88c4-f40cd21fe807
丽水市,0000000C0000002Q000000030000000X,70.23,2018/6/25,331100,9e237990-60a0-4301-8193-0190adc45a15
丽水市,0000002P0000007W000000070000000X,2.6,2018/1/25,331100,6994535f-9aac-4a74-a0f3-cec2f00f61bc
舟山市,0000000Z00000031000000070000000X,5,2018/8/25,330900,08609f1c-3ccb-4127-a02c-07e28a4318e8
宁波市,0000001Z00000036000000070000000X,6.33,2017/11/5,330200,823b2088-ade7-4b69-9f83-827b496b57f4
丽水市,0000001K00000031000000070000000X,4.17,2017/11/5,331100,d62cf0c3-b06b-42b7-ac47-f5c6d1e80241
嘉兴市,0000001500000031000000070000000X,3.83,2018/8/5,330400,3716d134-3ce5-460d-a7cc-1b863faccbb6
台州市,0000000G0000003F0000000700000010,9.8,2019/1/15,331000,f8027f52-f3cd-43b8-a6c8-f48a0b96cff1
金华市,0000001Z00000036000000070000000X,6.67,2019/1/5,330700,b8ef9394-0a41-47d3-a2b1-c11208c568c5
丽水市,0000000P0000003E0000000700000010,5.1,2017/8/22,331100,87938393-8ca5-46ba-8c1c-85fafc5ddd82
台州市,0000001700000031000000070000000X,2.33,2018/11/15,331000,d7dd2de4-170b-4ae1-b00c-1e8b983a9c03
舟山市,0000001200000031000000070000000X,3.67,2017/4/25,330900,402edb00-50d1-43c9-b53e-d8c1f8196898
丽水市,0000002200000038000000070000000X,3.83,2019/1/15,331100,9d68df71-8c05-4dd3-8eaf-ac4b96d85818
绍兴市,0000000K0000003U000000070000000X,36.67,2018/6/25,330600,c23aa616-bb3b-4181-9125-bd71e6641d7e
丽水市,0000000G0000003F0000000700000010,8.8,2017/5/30,331100,026fb742-a975-47e4-ac3c-0fb6f600c493
台州市,0000000G0000003F0000000700000010,9.9,2019/3/19,331000,e07fa906-324f-4361-aa3f-2051934f9131
舟山市,0000001A00000031000000070000000X,4.33,2017/5/15,330900,bed29d8c-7702-4ff2-92a7-c5e5dde72c6a
舟山市,0000000D0000002R000000030000000X,44.97,2017/9/25,330900,c69fb5ae-8da5-4d63-8d7f-b51dfa948f53
台州市,0000001500000031000000070000000X,4.33,2016/12/25,331000,94c8fa2d-71cf-4a74-b091-171058935d47
杭州市,0000000J0000003Q000000070000000X,41.33,2018/7/15,330100,46c04ab5-bc49-47dd-93cd-11abf4aa16c8
湖州市,0000001Z00000036000000070000000X,5.67,2017/6/15,330500,63af1d4b-3dc1-4673-bcda-49660d656ca0
台州市,0000002200000038000000070000000X,2.33,2016/12/25,331000,cfe0b9f8-f91c-4efe-9aea-5972888477d4
湖州市,0000000C0000002Q000000030000000X,56.67,2017/4/5,330500,13b3dc76-85ec-4e08-9bf3-6a0545f0a02c
杭州市,0000000J0000003S000000070000000X,35.67,2017/3/5,330100,25ecbd70-259a-498b-b7d4-eadbea6767a6
温州市,0000001A00000031000000070000000X,7.33,2018/3/5,330300,9a9965ed-cec0-4bbf-9dbb-f238470b09a8
舟山市,0000002U0000007X000000070000000X,5,2017/3/25,330900,7712e759-7c54-4b40-a09f-4d6cc7fee150
丽水市,0000003100000081000000130000000X,84,2017/8/25,331100,d3ac2e2e-6602-4b30-8fc4-23f3efecde5b
杭州市,0000000H0000002T000000070000000X,16,2018/9/5,330100,976ac777-7f1f-45d9-8b34-c326bc71cf71
丽水市,0000000Z00000031000000070000000X,3,2017/12/15,331100,a435e871-272c-47dd-b79b-857fafc1b1be
宁波市,0000000P0000002W000000070000000X,5.8,2018/7/5,330200,214418c7-1c85-4127-980a-0994088fa168
浙江省,0000001K00000031000000070000000X,3.12,2018/12/25,330000,533ffef2-a743-40bd-b4d9-f5c773fd6a83
绍兴市,0000001400000031000000070000000X,5.17,2018/5/25,330600,7adf78ab-ac3b-4608-8579-778ef42100d6
金华市,0000001K00000031000000070000000X,2.17,2018/12/5,330700,6afc2c8a-d2c3-48d0-af39-e9f7dd533cf8
宁波市,0000001200000031000000070000000X,6,2019/2/25,330200,5dee5a72-b318-4982-b1bd-8207a0405235
舟山市,0000000G0000003F0000000700000010,13.6,2018/10/16,330900,cd594c39-829f-462e-9f02-fdb786fba82f
嘉兴市,0000000H0000003P000000070000000X,21.67,2017/6/25,330400,bcf171ea-39f7-4a63-b20a-28270b65ff4c
宁波市,0000000H0000003N000000070000000X,13.83,2018/3/15,330200,dc7bf3ed-08f2-4ddb-abb3-667f34c49df9
湖州市,0000001400000031000000070000000X,7.17,2018/2/15,330500,8a040ced-e2c6-491d-a0da-58702cf775e5
湖州市,0000001200000031000000070000000X,4,2017/11/25,330500,314725b0-1811-4605-ba2f-1b508b16ae51
绍兴市,0000000S0000002Z000000070000000X,8.83,2018/2/15,330600,3a5ba158-6796-48d3-bbf7-89b17ff87b7d
绍兴市,0000002U0000007X000000070000000X,4.5,2017/8/15,330600,2e695262-70c5-4770-9c2c-026f86b3ba27
宁波市,0000001A00000031000000070000000X,3.73,2017/7/5,330200,5c169dd3-5d51-4727-a914-da22c6e3261a
舟山市,0000002P0000007W000000070000000X,3.33,2019/2/15,330900,ba3bc38b-015f-4c04-ab2d-f261d9d15cfb
舟山市,0000002U0000007X000000070000000X,5,2017/3/5,330900,852167b3-fee2-45dd-9e3c-be7a7b7b9536
嘉兴市,0000001A00000031000000070000000X,8,2019/2/5,330400,cb4f8408-285b-4a85-ae4a-07bcccbf489f
宁波市,0000003100000081000000130000000X,173,2017/2/25,330200,38829fe2-e98f-43dc-aff0-bf418a4374e4
嘉兴市,0000001500000031000000070000000X,5.67,2018/10/25,330400,bc3a5418-2a2e-4ece-956d-339e8571a628
宁波市,0000000Z00000031000000070000000X,7,2018/8/25,330200,fa6697fe-a1d1-41f5-aa32-713ee5e24224
嘉兴市,0000000P0000003E0000000700000010,5.1,2018/2/27,330400,9166e9d4-17b7-4374-b153-d7688b9a0bbd
杭州市,0000002P0000007W000000070000000X,3.17,2018/3/5,330100,a41328fc-02e3-4145-a89c-2e0547db6194
嘉兴市,0000002200000038000000070000000X,3.33,2016/12/15,330400,eaea6b7a-f3d6-491c-a2b2-e7a014b76945
温州市,0000000G0000003F0000000700000010,10.5,2017/3/7,330300,6ec3c750-8172-4a2b-8e79-4740930310b6
绍兴市,0000000H0000003P000000070000000X,24.67,2018/1/25,330600,61e7412d-d2f3-469f-b694-25decbe10a87
丽水市,0000002200000038000000070000000X,3,2017/4/25,331100,080ac7ba-eca3-46ba-8a04-89aebd7f4fbb
丽水市,0000000K0000003U000000070000000X,33.67,2017/8/15,331100,2f3a4120-6c47-42ae-9202-c8aeafa93a8d
丽水市,0000000Z00000031000000070000000X,3.17,2017/1/25,331100,756d30d0-9d8e-4d9a-b1dd-6e7bad7bb084
绍兴市,0000001400000031000000070000000X,8.17,2019/3/5,330600,621351b3-1624-4d62-8d83-945f8fce1304
杭州市,0000001E00000031000000070000000X,5.33,2019/2/25,330100,0d3ffebd-10d2-42de-9a6c-3fc0e72b72c1
宁波市,0000001200000031000000070000000X,4.67,2016/12/15,330200,1d3d472a-206c-4ac6-8a55-9f46d39343e8
湖州市,0000000S0000002Z000000070000000X,9.17,2017/5/25,330500,32d75d53-7872-45b4-9919-8da9ab99149a
衢州市,0000000J0000003Q000000070000000X,38,2018/8/5,330800,4fcc358c-63a6-494c-b686-a17ff571652d
绍兴市,0000001200000031000000070000000X,3.5,2017/8/15,330600,6cd47a52-f6f1-4480-b665-3374b284ea4a
衢州市,0000002U0000007X000000070000000X,4.67,2017/12/15,330800,85b12048-1014-4a0c-8722-bce839e23c44
衢州市,0000000C0000002Q000000030000000X,66,2016/12/25,330800,913f08d2-7935-4a3f-9951-f9a19ada3c91
舟山市,0000002P0000007W000000070000000X,3.33,2018/7/15,330900,db2e33b6-da09-4fff-b5b3-a316a77a4556
宁波市,0000001500000031000000070000000X,5.9,2018/10/25,330200,69c9fae5-7102-49e5-aa96-314327e0d9f3
台州市,0000002U0000007X000000070000000X,4.33,2017/7/25,331000,a7682f5f-774d-47e3-8644-9a9489a0267e
金华市,0000000Z00000031000000070000000X,4.33,2018/10/25,330700,57a19bf5-3af2-489f-a5db-3fd0065a86d2
温州市,0000000G0000003F0000000700000010,6.28,2018/5/15,330300,591e432d-8e42-42da-9be4-8a4f83d6bd96
绍兴市,0000000G0000003F0000000700000010,10,2017/8/29,330600,ac803276-161a-4e2e-8c33-a1e4c6cbd140
浙江省,0000001700000031000000070000000X,2.71,2018/1/15,330000,cbc08a98-c763-4d4f-be1f-8e63117ba20c
绍兴市,0000000D0000002R000000030000000X,49.33,2017/8/15,330600,c7a898c2-2280-4eec-a506-8da07ce3748c
宁波市,0000000Z00000031000000070000000X,9.23,2018/9/15,330200,53abbe88-2108-4327-83dd-44d1d037a0b3
嘉兴市,0000002200000038000000070000000X,3.83,2017/5/15,330400,63276826-8277-4f1f-be17-d03900e8f5b0
嘉兴市,0000001500000031000000070000000X,3.67,2017/5/25,330400,1992bf0d-e00e-4a9d-8dfb-026318aa927d
湖州市,0000001500000031000000070000000X,4.83,2018/4/25,330500,d7373851-00fe-43f5-8ccf-54b5dd05d12a
衢州市,0000000P0000002W000000070000000X,6,2018/12/5,330800,cb17241f-0d9a-4f71-9c5d-83ab45167b44
衢州市,0000000P0000002W000000070000000X,4.2,2017/4/15,330800,9c29e769-cde2-4858-9554-1efe8b9800b7
嘉兴市,0000001E00000031000000070000000X,6.33,2018/2/25,330400,adf84ad1-fd87-4e8c-af4b-3658d8ddafd9
台州市,0000000Z00000031000000070000000X,2.83,2018/4/5,331000,a346688f-0f22-421b-a6db-64418c796acf
台州市,0000001K00000031000000070000000X,2.33,2017/1/15,331000,0e35c018-d57a-44c7-b128-02922fe41bbe
杭州市,0000001E00000031000000070000000X,5.17,2018/11/25,330100,b16cbb6a-9f14-449c-a5ad-b44763c236a4
浙江省,0000000J0000003Q000000070000000X,40.33,2017/4/15,330000,1e11298f-29c8-4699-87c8-1312809a241c
丽水市,0000000G0000003F0000000700000010,9.5,2017/10/3,331100,8c56c751-ecf3-491b-ac28-c67e9448c2e7
温州市,0000002U0000007X000000070000000X,4.67,2019/2/5,330300,289f252e-22df-4d09-bf49-8ac56f053054
绍兴市,0000001E00000031000000070000000X,2.83,2017/4/25,330600,36a3418b-5197-4d8d-8eab-40ce52041983
嘉兴市,0000001400000031000000070000000X,4.17,2018/7/15,330400,d9ef54ad-f97b-4a34-9cc8-f9944823f4b3
嘉兴市,0000001E00000031000000070000000X,5,2017/10/5,330400,15185fea-d4e5-4f8a-8418-0e7c52f780a6
浙江省,0000001A00000031000000070000000X,4.4,2017/6/15,330000,ba0378d1-d2d7-49b2-ab06-e35de54b7c91
衢州市,0000000C0000002Q000000030000000X,66,2017/4/25,330800,f1c3922a-d428-48c4-851b-fb1ddb480854
浙江省,0000002200000038000000070000000X,3.11,2016/12/25,330000,9724d46e-3b57-4d3c-9ec2-b759949ff436
舟山市,0000000S0000002Z000000070000000X,11.67,2017/7/25,330900,2921c762-077d-4e34-856f-c9b1fb0bc2f1
舟山市,0000000S0000002Z000000070000000X,11.67,2017/1/25,330900,7e617fdb-b8c7-49f3-8887-110597c95f3e
湖州市,0000000H0000003P000000070000000X,18.67,2017/9/25,330500,7d4d92a4-8462-4e8c-a58c-28b8198fa193
丽水市,0000000X0000007T000000070000000X,48,2018/1/25,331100,7025cb6a-0547-47a6-bc19-cb9333b13fd0
宁波市,0000002200000038000000070000000X,3.8,2017/5/5,330200,0573075e-0b21-4dea-b217-2aaab05f9b01
湖州市,0000000X0000007T000000070000000X,30,2017/1/15,330500,66a0c421-c8cb-40ab-96cb-57714c2070e9
温州市,0000000P0000003E0000000700000010,4.15,2017/8/15,330300,84060b25-a563-4d49-af95-1cb8cbbb1233
衢州市,0000000M0000003V000000070000000X,10.5,2017/3/25,330800,1dcccb6f-3dd0-42f6-bcc0-263a6f41986b
金华市,0000000D0000002R000000030000000X,41,2017/11/5,330700,2a76afa3-5faa-454e-aa6b-9c30fc50020d
嘉兴市,0000000P0000002W000000070000000X,5.5,2017/12/15,330400,e7b1ce12-5802-44c8-a794-b409b3702c9a
绍兴市,0000002P0000007W000000070000000X,2.33,2017/12/5,330600,a424dfff-8dc1-453a-b2d0-c3e7a20d311e
浙江省,0000001A00000031000000070000000X,5.4,2019/1/15,330000,5ab6f6da-cbf4-4817-abe9-91f71fa52788
衢州市,0000002U0000007X000000070000000X,4.67,2018/4/25,330800,0c75bcf2-458b-4c94-8de9-6472a44e7315
绍兴市,0000000D0000002R000000030000000X,50.67,2016/12/25,330600,9cd16fa9-f83a-420b-8407-de7c752bb609
杭州市,0000000H0000002T000000070000000X,16,2018/8/15,330100,f5bbe4ec-ca9d-49a7-abd6-ae8676d98a5d
湖州市,0000001200000031000000070000000X,3.67,2017/9/5,330500,30b37574-7736-4389-8ab8-13a92382f74b
宁波市,0000000K0000003U000000070000000X,36.33,2019/1/15,330200,68c0b156-958a-480a-8ed7-8e97c9c74228
湖州市,0000002200000038000000070000000X,4.5,2019/1/25,330500,2a535473-7faf-4fae-ab9d-02f6d5c9399f
丽水市,0000000P0000003E0000000700000010,5,2017/9/12,331100,6d503b37-6bf4-449b-bc10-33c64ffc9adf
衢州市,0000000K0000003U000000070000000X,32.33,2017/5/25,330800,b1b7df2d-481e-4df5-8b96-0cbefead4112
衢州市,0000000P0000002W000000070000000X,4.67,2018/4/15,330800,760ffc77-1236-48a8-809a-b98fbd007f57
金华市,0000002P0000007W000000070000000X,2.9,2017/1/25,330700,14829dc6-6de7-4037-b8ba-a4f916ac1704
宁波市,0000001K00000031000000070000000X,3.83,2017/9/15,330200,843622ce-dc0d-471b-bf73-705cf46ea880
绍兴市,0000000H0000002T000000070000000X,16,2017/2/5,330600,fa0f197b-762a-42d9-a0c4-cfa61c0b1dfe
金华市,0000001K00000031000000070000000X,2.33,2019/1/25,330700,25151cae-f38d-4cae-94ce-f6705874bc1c
宁波市,0000000H0000003N000000070000000X,14.4,2017/12/5,330200,c9712f70-1a5d-4180-8f89-51bf75b8091b
衢州市,0000001700000031000000070000000X,2.5,2017/7/5,330800,17c229f1-0959-4904-b21a-da667892c7e0
丽水市,0000001E00000031000000070000000X,2.67,2018/12/25,331100,99c56456-e9e3-4cac-9113-bef1d2ee6172
宁波市,0000000H0000002T000000070000000X,14.83,2018/4/15,330200,eb91edf5-d001-40a3-b927-0dee70ab4f24
浙江省,0000001700000031000000070000000X,2.77,2018/10/25,330000,dc20e0ed-8296-4118-a2c6-dc0713f6cacf
浙江省,0000000J0000003Q000000070000000X,40.17,2017/4/25,330000,c186bf80-8eff-476d-b6e3-0d312c8969ad
温州市,0000002P0000007W000000070000000X,2.5,2019/2/25,330300,9c0c29df-d4a3-4cc2-b9d3-a32d9f06c1bd
衢州市,0000001400000031000000070000000X,5,2017/5/25,330800,98f2859a-caa8-4d46-bf8b-8e7b8e722b46
温州市,0000000C0000002Q000000030000000X,60,2018/7/5,330300,9d71569a-84a3-4ee6-93b2-7dd325642781
湖州市,0000001400000031000000070000000X,5,2017/12/25,330500,8f9ddc33-1697-4993-be87-8b6a6f3a6e89
衢州市,0000002P0000007W000000070000000X,3.06,2019/1/25,330800,2d4b65d1-ffb8-43d5-98dd-3ef97be013ab
台州市,0000002P0000007W000000070000000X,3.45,2019/1/5,331000,55295c2a-a825-4391-afda-3939e220d4af
舟山市,0000000G0000003F0000000700000010,9.8,2019/2/19,330900,ab069430-96ad-4b30-a1f0-c57ae2e34bdf
衢州市,0000000K0000003U000000070000000X,35.67,2018/12/25,330800,9b57baf3-5c8a-4884-98ca-f0946adde742
绍兴市,0000001500000031000000070000000X,4.33,2018/9/15,330600,d32308e8-65ef-427a-b27c-377225786fdf
杭州市,0000000H0000002T000000070000000X,17.5,2017/3/15,330100,ef5e51e6-3003-4016-8d83-515a05a004f9
浙江省,0000000K0000003U000000070000000X,35.59,2017/11/15,330000,bda99bec-4cd1-41e7-ae74-e9effcc91caa
金华市,0000001K00000031000000070000000X,3,2018/7/5,330700,e55b9d0a-7502-465d-8034-8355b1945a06
丽水市,0000000S0000002Z000000070000000X,9.67,2017/7/15,331100,5af32773-dcea-4765-8e82-affffbec36fd
金华市,0000000P0000003E0000000700000010,4.8,2018/9/18,330700,33292624-8c18-4700-abe0-2f8d60b4f00b
温州市,0000000X0000007T000000070000000X,35.67,2018/8/15,330300,608c65cc-0ce7-40a4-8e07-a14fbc8370c0
嘉兴市,0000000D0000002R000000030000000X,38,2016/12/15,330400,65d2f351-21de-4562-bc71-dfa2d228d8e1
绍兴市,0000000M0000003V000000070000000X,10,2019/1/25,330600,7558d7d3-fd78-4846-b285-425dc832a34e
衢州市,0000000M0000003V000000070000000X,9.83,2017/6/5,330800,f48091bb-1139-479a-bb22-ca87ea7c9266
浙江省,0000000D0000002R000000030000000X,43.64,2018/3/5,330000,c3f02890-9dc6-430c-a5ff-7390dddaa0d5
绍兴市,0000000C0000002Q000000030000000X,57.67,2018/4/5,330600,f92596f9-cb10-4dd3-806e-44114536681e
舟山市,0000000X0000007T000000070000000X,41.67,2018/5/15,330900,b745bee7-1398-4b60-be81-714de22e0978
舟山市,0000000J0000003Q000000070000000X,39.67,2017/4/15,330900,c09e9afe-ccae-443e-a1cf-e511682ed8b4
衢州市,0000000J0000003S000000070000000X,39.33,2017/2/5,330800,f625bcbc-b93c-43ed-86f5-9c3aee42d8eb
金华市,0000000J0000003Q000000070000000X,41,2018/6/25,330700,b5687146-0ead-45e9-bbdc-c7b7eeaa184c
温州市,0000001200000031000000070000000X,4.17,2017/2/15,330300,28c3ac39-a4fb-44bf-8542-07e643e3b09f
湖州市,0000001700000031000000070000000X,3.17,2017/12/25,330500,9958262e-b04c-4ac0-87f1-fb794a0e7430
宁波市,0000000K0000003U000000070000000X,32.5,2017/6/25,330200,a598ecae-dbb1-45a2-a99c-9bbe57bd35a0
金华市,0000000D0000002R000000030000000X,40.17,2018/6/5,330700,2dd395dc-a7a2-455a-afc7-00fad1d46842
嘉兴市,0000000H0000003P000000070000000X,19.67,2018/6/5,330400,24c6b214-9782-45d3-a29b-2b8209809d40
丽水市,0000001Z00000036000000070000000X,4.66,2018/5/15,331100,9136346e-06e4-4b30-9df2-fae52d2b815e
嘉兴市,0000001Z00000036000000070000000X,5.67,2017/4/15,330400,f0568349-472c-4f5c-9a41-c7e03f707d72
杭州市,0000000D0000002R000000030000000X,46.33,2018/2/15,330100,a46ad27f-fca4-44b0-88c2-b3dec06d18e8
宁波市,0000002P0000007W000000070000000X,2.93,2019/1/25,330200,f220b3b0-512b-4788-826f-14e0f85a154e
台州市,0000000Z00000031000000070000000X,4,2019/2/5,331000,d3adeb9f-3191-4956-99a7-5c62ca616668
台州市,0000000P0000003E0000000700000010,4.78,2018/11/6,331000,f6fef5eb-1fd2-4233-9a0f-c820d22b9f7f
衢州市,0000000M0000003V000000070000000X,11.33,2019/1/5,330800,c5de4233-4437-4d05-b257-cd74c8fe5830
金华市,0000000H0000003N000000070000000X,13.67,2019/3/15,330700,43387c42-48f3-4640-ac23-4a731f7dfa79
宁波市,0000000Z00000031000000070000000X,4.33,2017/2/15,330200,38fa506a-0459-48ec-a85d-69da6b6a5bc7
舟山市,0000000C0000002Q000000030000000X,51.6,2017/4/5,330900,8e8a5b19-06ff-4e68-9f4a-db3af447dea5
浙江省,0000000Z00000031000000070000000X,5.18,2017/10/15,330000,a9c45df3-89b8-4a1b-a256-bb0e1fa44c41
湖州市,0000000M0000003V000000070000000X,17.33,2017/4/25,330500,9667533f-7348-4f34-9d14-62c8c631548d
绍兴市,0000000C0000002Q000000030000000X,57.67,2017/7/25,330600,74fdf487-1492-4fe7-9c5c-2d8ef115609e
杭州市,0000001500000031000000070000000X,4.37,2018/9/5,330100,df63a055-2654-40e0-a7d3-4f1608f5f070
杭州市,0000000H0000003P000000070000000X,21.33,2017/11/5,330100,d9df4dbb-b4e3-4688-981c-aa58d97a9277
绍兴市,0000001500000031000000070000000X,4,2017/11/5,330600,f0872553-a687-4be7-bb2b-3e231b0d34a1
温州市,0000001200000031000000070000000X,4,2018/12/5,330300,a54987ae-f559-44b6-ac7c-7e6a7be47d6c
金华市,0000000J0000003Q000000070000000X,40,2017/6/5,330700,411dff41-d126-4248-9fe5-2ae80d6a0803
舟山市,0000001200000031000000070000000X,4,2018/12/5,330900,faf51e83-bac1-4516-9fdd-5165316960b7
舟山市,0000000S0000002Z000000070000000X,11.33,2018/1/25,330900,07cf0b6d-7aaf-4b90-ab9e-df229d908583
温州市,0000000K0000003U000000070000000X,50,2018/11/15,330300,861d1838-4c2c-4ac2-8c7c-dedd7159d5c7
湖州市,0000000J0000003S000000070000000X,34.67,2018/9/5,330500,9bc45532-9e4b-4e3d-8b59-0860e65cb5e5
宁波市,0000002U0000007X000000070000000X,4.53,2018/3/5,330200,ba38c286-aca7-462e-bb6b-32fafa258512
舟山市,0000000D0000002R000000030000000X,43.63,2017/6/5,330900,7ecfc80f-88de-4370-ae48-ed9dc1d1066f
金华市,0000002200000038000000070000000X,2.5,2017/3/25,330700,a82ff10c-01db-465a-8f08-eddf0927b1d9
宁波市,0000000D0000002R000000030000000X,44.77,2017/7/15,330200,5d7a0a86-e820-47fe-9bf0-40f33e57ff3b
浙江省,0000001400000031000000070000000X,6.5,2019/1/15,330000,95afeb6f-e914-477d-a0c2-24ec1ddbe1d8
嘉兴市,0000000P0000002W000000070000000X,4,2017/7/15,330400,435faf08-272d-429e-af99-cee8f0cbbcca
嘉兴市,0000000C0000002Q000000030000000X,69.33,2018/8/15,330400,6c75a072-5c9a-4891-b71d-8cdf3f521c32
温州市,0000002200000038000000070000000X,3.83,2018/12/25,330300,447b398a-55a3-4d60-ad2e-de3ffcadab19
湖州市,0000000H0000003P000000070000000X,20.33,2018/10/15,330500,0c88516f-6578-448b-84e0-a1e850753c4f
衢州市,0000000K0000003U000000070000000X,35,2017/12/15,330800,43d62991-405f-4112-b6e3-36a27becf759
舟山市,0000001200000031000000070000000X,3.67,2018/6/5,330900,3747db28-06c2-4c73-a86e-99331d2b9c43
杭州市,0000001Z00000036000000070000000X,6.4,2018/10/5,330100,8f43ed7e-97f6-44d3-bc20-2be0b006aa9d
浙江省,0000000J0000003Q000000070000000X,41.8,2017/1/25,330000,ddaf5646-5a50-47cc-a8c7-dab48bc8cecf
绍兴市,0000001200000031000000070000000X,4,2018/11/5,330600,d0bffc87-abe8-44e6-a7a7-13d4ec6151af
绍兴市,0000000G0000003F0000000700000010,9.37,2017/7/11,330600,023d4ca0-c389-4db9-857b-60b3beddae94
湖州市,0000000C0000002Q000000030000000X,57.67,2017/12/5,330500,0e9cfe90-f687-4f11-8649-f3f2c8ad5937
宁波市,0000000S0000002Z000000070000000X,10.33,2018/1/5,330200,ba90603a-e179-43a0-b75f-20c94c71048d
丽水市,0000001Z00000036000000070000000X,6.33,2017/7/5,331100,45ef79fc-1c93-42d6-8b11-10d3d5050cc7
浙江省,0000000M0000003V000000070000000X,12.21,2017/7/25,330000,8a92c5d9-fc98-4e03-bad7-c0b0f643c486
温州市,0000001K00000031000000070000000X,3.67,2018/10/25,330300,7eeabf62-2a0d-4df6-a42c-61c0dec6ca5c
杭州市,0000001A00000031000000070000000X,6.83,2018/1/25,330100,03c3db06-e121-41eb-b1f3-0c5ce71615b1
舟山市,0000000Z00000031000000070000000X,4.67,2017/10/25,330900,0d11ba9a-498b-4d61-800d-6f717eddb39f
台州市,0000000S0000002Z000000070000000X,10,2018/3/25,331000,190b9ddc-d755-4ca7-9965-6770a6be08bc
温州市,0000000P0000002W000000070000000X,5.83,2018/8/25,330300,2f8f0b75-60d8-43b1-83d2-c3ed110be485
丽水市,0000000H0000003N000000070000000X,15.33,2017/1/15,331100,a9bfe0e7-0c3f-4a9a-b100-a194c4fb0faf
湖州市,0000000H0000003P000000070000000X,18,2017/6/15,330500,9b0208d6-9d98-4f58-8ebf-0ef79735720d
衢州市,0000000M0000003V000000070000000X,11.67,2018/8/25,330800,2897ed61-9b63-4a50-b8b2-d44fe3b916dd
绍兴市,0000001400000031000000070000000X,4.67,2017/8/15,330600,84c4ceec-56ff-46a8-a695-2b453f7d7795
绍兴市,0000000G0000003F0000000700000010,9.54,2017/12/12,330600,a82886c9-5e4a-4fc1-bf3e-80be56e5cd71
金华市,0000000H0000002T000000070000000X,13,2018/4/15,330700,a347cf71-8ae8-41de-b577-4ae1c5b9a5aa
绍兴市,0000000J0000003Q000000070000000X,43.67,2018/4/15,330600,958c5a71-f4b6-4fa5-a9e9-2a4a55f7bd07
嘉兴市,0000000H0000002T000000070000000X,17.67,2018/11/5,330400,ac7cfb6c-8a2a-441f-8989-6d8f5644c7d2
绍兴市,0000000H0000003P000000070000000X,24.33,2017/5/15,330600,5ef6fc01-05db-4fd8-9ee5-07b348a1afd4
杭州市,0000000H0000003N000000070000000X,15.47,2018/10/25,330100,021f8c81-75b8-4f62-95ae-f9fc91117e70
宁波市,0000000J0000003Q000000070000000X,42.33,2018/7/5,330200,f0ddafeb-92fd-4da4-a972-5ffcd1b7f7a2
温州市,0000002U0000007X000000070000000X,4.67,2018/9/15,330300,11c87010-48b9-4604-8a13-62b2569b87d3
绍兴市,0000000P0000002W000000070000000X,4.67,2017/7/5,330600,c23eea12-92f5-46d5-aec2-46884b264a52
嘉兴市,0000000J0000003Q000000070000000X,40.67,2018/11/5,330400,d0d56d5c-a317-4072-8464-9c7e78b87d4e
绍兴市,0000002U0000007X000000070000000X,4.33,2017/4/25,330600,9ed651c6-bb9b-4b7b-af54-2124e39311c4
丽水市,0000000S0000002Z000000070000000X,9.67,2018/2/15,331100,70abd04a-9a24-4d0b-af68-3b8adb66cb72
宁波市,0000001400000031000000070000000X,6.47,2017/1/25,330200,daf827cb-c380-4fdb-bc79-2c7358da5945
绍兴市,0000003100000081000000130000000X,66,2018/4/15,330600,f39f55eb-7030-43bc-8df1-d966df841096
湖州市,0000000X0000007T000000070000000X,35,2017/4/5,330500,de604ab7-afab-4dd4-b2e2-18daef8bc0f0
舟山市,0000002P0000007W000000070000000X,3.33,2018/1/25,330900,30364fa4-83dd-48e0-ac02-c2b5f26d8aa1
金华市,0000000D0000002R000000030000000X,44.67,2017/4/25,330700,579ddd2a-12f5-436a-9582-2c87d2e1a6a8
湖州市,0000000M0000003V000000070000000X,17.33,2017/4/15,330500,14b1c904-cd96-4c38-a31d-43dd561e6c45
湖州市,0000000J0000003Q000000070000000X,38.33,2017/11/5,330500,e6bbcd30-703d-4874-ae41-1edfb719ce89
温州市,0000001200000031000000070000000X,4.5,2017/9/25,330300,de487d0b-5ca8-403b-afb0-4a76824ed355
湖州市,0000000G0000003F0000000700000010,9.7,2017/12/5,330500,893d1b28-f0fd-46e2-b80e-00db0b0b629d
宁波市,0000000G0000003F0000000700000010,10.16,2018/8/14,330200,c53cdd57-7eeb-4e8e-b443-6ec0673124d4
绍兴市,0000000J0000003Q000000070000000X,39.67,2018/3/25,330600,716ae0e0-d8d2-4338-be32-58966a20524a
湖州市,0000000J0000003S000000070000000X,36.33,2018/12/25,330500,209d238d-b312-47c3-809d-a11bf68686a6
丽水市,0000001500000031000000070000000X,6.17,2018/10/15,331100,76a0739e-52a1-479b-aa74-5313fca3e8ce
浙江省,0000000J0000003S000000070000000X,38.33,2019/1/25,330000,58cd9ed7-7375-4a97-965f-e19973d22642
金华市,0000002200000038000000070000000X,3.1,2017/4/25,330700,705df897-fed7-4323-953e-4cb9a8e83d09
绍兴市,0000002200000038000000070000000X,2.67,2016/12/15,330600,d514bd2e-1852-4811-b989-d52a291fdf30
温州市,0000000G0000003F0000000700000010,11.17,2019/3/19,330300,d61330a5-11df-4d4b-b2c1-223996c7a7e0
舟山市,0000002200000038000000070000000X,4.17,2018/7/25,330900,0daec2c9-6d2f-4db6-ad62-103874cd89bf
浙江省,0000000X0000007T000000070000000X,39.52,2018/2/5,330000,6d26b177-102a-46a2-aafb-274b9a3aeb12
杭州市,0000002P0000007W000000070000000X,3,2018/6/5,330100,3d862190-2289-434b-b96a-f9bbf59c9995
舟山市,0000000X0000007T000000070000000X,50,2018/2/5,330900,08aa2f26-5523-4af2-9cf0-4f2559067f9b
绍兴市,0000000J0000003Q000000070000000X,44,2018/9/5,330600,f9e66359-18ba-48e2-928d-e92a522de126
湖州市,0000000H0000003N000000070000000X,14.83,2017/4/25,330500,c3f8cc7d-c070-437d-b15e-82b66e5338ef
金华市,0000000J0000003Q000000070000000X,40.67,2017/10/5,330700,a587fd2f-aa83-44fa-be1d-cac3c908a226
衢州市,0000001400000031000000070000000X,5,2018/2/5,330800,9ae5d821-9db5-4906-8618-59130b1a144c
浙江省,0000000S0000002Z000000070000000X,9.07,2017/12/25,330000,b493bcb9-3d33-49f5-8cc5-9656cfa983de
温州市,0000002200000038000000070000000X,3.83,2018/10/25,330300,f0762f72-84c5-48b7-8a5e-cf2484a8c253
舟山市,0000001A00000031000000070000000X,5.83,2018/9/5,330900,ce8da0a5-0688-4bf8-857d-3c81123c84a7
衢州市,0000003100000081000000130000000X,93.27,2018/3/25,330800,71228fb7-63e5-41d5-ac60-48a33ab0173d
宁波市,0000001Z00000036000000070000000X,6.93,2018/8/25,330200,31c92858-f61a-4dd9-a259-18ba2b77a92c
嘉兴市,0000000C0000002Q000000030000000X,69.33,2018/10/5,330400,8a3de3d0-8084-493b-aaf9-834a2618dcdc
丽水市,0000000P0000002W000000070000000X,5.33,2019/2/5,331100,5268fc1d-e3ad-48ad-a250-7100769856f4
绍兴市,0000002P0000007W000000070000000X,2.56,2017/3/5,330600,4f12073b-747f-4a8f-91a9-a9415d706c44
台州市,0000001700000031000000070000000X,2.17,2019/1/5,331000,46e3f759-0a40-407b-869c-03deea1c593e
丽水市,0000000M0000003V000000070000000X,11.67,2018/1/25,331100,6d13e4ab-4071-49dc-b240-a9c3529f28f5
金华市,0000001500000031000000070000000X,3.33,2018/4/15,330700,90e25aed-1607-4136-b271-b96848642910
金华市,0000002200000038000000070000000X,3.5,2019/2/25,330700,1f49fb17-7993-4df1-8a5f-afff8a79b751
嘉兴市,0000000Z00000031000000070000000X,4,2017/1/5,330400,f5273247-9b81-42fc-9195-963cd1e3a832
丽水市,0000001400000031000000070000000X,5.67,2017/4/15,331100,53d7d20f-c333-48f5-b340-945d89675755
浙江省,0000002200000038000000070000000X,3.62,2018/2/15,330000,1df0172b-057b-4923-8579-3ef39b0ffc4c
浙江省,0000001500000031000000070000000X,5.4,2019/3/5,330000,83924986-6147-4c78-9ee5-aaed8dfd3ed1
丽水市,0000000P0000002W000000070000000X,5.33,2018/4/5,331100,df2177c1-3d5a-45f4-b9c6-b2cbf14d1301
浙江省,0000001Z00000036000000070000000X,6.08,2017/7/25,330000,d99f20b9-8c56-40ea-a288-2e06a314b0e8
舟山市,0000002U0000007X000000070000000X,3.83,2018/3/5,330900,d5f30929-a881-4c29-b8e3-5c61327eb450
浙江省,0000001E00000031000000070000000X,3.52,2017/2/15,330000,e66dde97-025f-45eb-aa73-44b2376331c8
绍兴市,0000002P0000007W000000070000000X,2.33,2018/3/15,330600,6cd470d6-6c34-4487-84fe-a56443d70e52
宁波市,0000000J0000003Q000000070000000X,39,2017/10/5,330200,e181f223-07c6-4d6b-9fc5-8018c31a7cd1
杭州市,0000001Z00000036000000070000000X,5.83,2019/2/5,330100,9b8b5b61-970c-44b9-b689-4105276699ba
杭州市,0000002U0000007X000000070000000X,4.27,2017/9/25,330100,a9bb9f88-af48-4498-a01c-69e29a19f7bd
台州市,0000000P0000003E0000000700000010,4.45,2017/8/15,331000,fde8783c-1a9e-4bcc-b3c9-9959e8b5a538
宁波市,0000000D0000002R000000030000000X,44.77,2017/8/5,330200,9e33c8b3-433b-4ff4-bc58-f2ef8c333791
台州市,0000000C0000002Q000000030000000X,63.33,2018/11/5,331000,cf523dc1-1567-40a3-a986-37911839d650
衢州市,0000000P0000003E0000000700000010,2.6,2017/5/2,330800,5e27ceb4-621d-4243-88c1-3148564d18c6
舟山市,0000000J0000003Q000000070000000X,43.33,2018/10/25,330900,e089b059-2b1e-40fe-8b0b-735cd694a782
舟山市,0000000J0000003Q000000070000000X,43.33,2018/10/5,330900,b37a6019-be8f-4a50-9294-f900e7be047c
丽水市,0000000J0000003Q000000070000000X,37.33,2017/4/5,331100,d9fdc663-d6e9-4855-b957-e7d714f9cfe8
嘉兴市,0000001400000031000000070000000X,4.83,2018/10/25,330400,e1e2708d-93e8-4ac8-88a5-35b7395e480d
绍兴市,0000000D0000002R000000030000000X,49.33,2018/1/5,330600,6e6e44fe-6c38-4d13-a89f-08b1a1759b9f
嘉兴市,0000000J0000003Q000000070000000X,40.67,2017/3/25,330400,a45c39bb-934b-423b-988a-9cb2a35efbdb
宁波市,0000000C0000002Q000000030000000X,74.17,2018/2/25,330200,66cf4b36-6f65-4db3-884c-c8f26079ccd4
嘉兴市,0000002U0000007X000000070000000X,3.77,2018/12/5,330400,9aa52301-b8e9-4cb0-afba-f50f58b2ce2f
湖州市,0000000C0000002Q000000030000000X,57.67,2018/4/15,330500,dec927b0-73f5-48c4-af76-e847d5effbb2
温州市,0000001K00000031000000070000000X,3.5,2018/7/5,330300,95a35899-0e7d-40d5-b5e6-e54f207b5c12
嘉兴市,0000000P0000003E0000000700000010,4.83,2018/3/27,330400,2ca8960e-ede4-4dc5-b0fe-f3cebf94b850
宁波市,0000000D0000002R000000030000000X,41.5,2018/10/5,330200,ac6d096a-e696-487b-a915-e12a86bd67d5
衢州市,0000000H0000003N000000070000000X,15,2017/4/15,330800,c4694647-4637-4ead-9788-29f26b90c759
舟山市,0000000X0000007T000000070000000X,35.33,2018/10/5,330900,b0fd5ed9-0010-4bc9-81b7-88e06a4148f9
浙江省,0000000H0000002T000000070000000X,14.21,2018/5/25,330000,8a5f9539-d673-4401-83d8-d7610022c530
杭州市,0000000H0000002T000000070000000X,16,2018/9/15,330100,3de39d30-a687-41c3-ad18-a974d1b775f3
浙江省,0000001A00000031000000070000000X,6.28,2018/10/15,330000,234ba5d0-bc4b-4ad4-b269-cceba9144c9a
台州市,0000001500000031000000070000000X,4,2018/3/5,331000,89a257c8-a7db-42c7-9ed8-cdd94235b8ba
杭州市,0000000H0000003P000000070000000X,21.33,2017/10/15,330100,590b14dc-5a33-4851-8cd3-938f6adb079e
衢州市,0000000H0000003P000000070000000X,21.33,2017/6/5,330800,1728c541-2431-49b0-9453-e8730af8fff0
衢州市,0000001700000031000000070000000X,2.67,2017/6/5,330800,57a8878e-57a1-4e23-b277-eb7bd80ddffb
嘉兴市,0000000J0000003Q000000070000000X,40.67,2018/4/25,330400,2ded5c4a-bca7-4eff-b051-464a7f37ce5f
绍兴市,0000001400000031000000070000000X,4.83,2018/11/5,330600,fbbbfaa5-c890-48a5-ad28-02596d11c602
绍兴市,0000001500000031000000070000000X,3,2018/6/25,330600,3556e3a7-26e9-432d-8d6c-301af273b958
宁波市,0000000J0000003S000000070000000X,34,2019/2/15,330200,81e8a9a6-ab2c-409d-9b63-c6dfca3ecd80
台州市,0000000P0000003E0000000700000010,4.51,2018/2/27,331000,58d673ba-6156-4979-9787-bdb4bffd3bf9
嘉兴市,0000000P0000002W000000070000000X,4.1,2017/2/25,330400,cef3833d-b88e-4b6f-b20f-aeea1916b9a7
浙江省,0000000H0000003P000000070000000X,22.55,2017/12/15,330000,6b550d43-cf61-4a3d-beef-965c1a679376
丽水市,0000000D0000002R000000030000000X,54.6,2017/8/15,331100,b2253791-34c7-4205-a8b5-6e0f5d72da41
绍兴市,0000001A00000031000000070000000X,4.17,2016/12/15,330600,c4a5ff91-f24e-4db1-b6a4-61f5afc5edf3
宁波市,0000000Z00000031000000070000000X,5.1,2019/1/5,330200,b8437d12-f4b3-4f2a-a190-01f4cd32274b
浙江省,0000003100000081000000130000000X,94.04,2017/10/25,330000,dfdf5921-eb46-4bbc-a362-24de1f3506a2
宁波市,0000000J0000003Q000000070000000X,38.33,2017/7/15,330200,09f044e1-c176-408e-bf5a-ca4281df7ff8
台州市,0000000H0000003N000000070000000X,12.67,2017/8/5,331000,b83e9055-4b13-41a9-8dfe-e807d5ce3ae4
绍兴市,0000000M0000003V000000070000000X,10,2018/12/15,330600,27a088a2-d492-4978-9584-ea23a2b78b6f
衢州市,0000001E00000031000000070000000X,4.83,2018/7/5,330800,4fa0082c-5600-431d-aa86-50683b0179ce
嘉兴市,0000001200000031000000070000000X,4,2017/4/5,330400,6dd4db6c-07af-47ce-a0b7-0eb3b87eb289
嘉兴市,0000000C0000002Q000000030000000X,68,2019/2/25,330400,246abfac-b0c5-43ca-839d-3e488658c266
湖州市,0000000H0000002T000000070000000X,16,2018/11/15,330500,021e7fea-81de-49be-9442-b8370ca3aaa7
金华市,0000002U0000007X000000070000000X,3.83,2017/6/5,330700,b56af81f-22b0-4419-b854-72041353f2e6
浙江省,0000000P0000003E0000000700000010,5.35,2018/8/28,330000,3e0ad071-d195-4ff8-8070-4cffeed36d0c
嘉兴市,0000002P0000007W000000070000000X,2.87,2018/10/25,330400,7254e28e-ce7d-48cb-ab20-bc7225a2c8fc
台州市,0000000Z00000031000000070000000X,3.67,2018/5/15,331000,78d178f4-9bbc-4be5-a73f-3dab47069ccd
浙江省,0000000P0000003E0000000700000010,3.78,2019/3/12,330000,1389135a-75e4-484e-8885-e3a3d360dbd5
浙江省,0000001E00000031000000070000000X,4.44,2017/6/15,330000,57f68758-35a7-4193-8a51-261c95775d18
湖州市,0000002P0000007W000000070000000X,3.89,2018/5/15,330500,3b8e7a97-f0c2-4b25-96fe-dc16a8622583
温州市,0000000J0000003S000000070000000X,42,2018/7/15,330300,4ecc5ccd-7ac8-49a6-99ab-d8c798d44538
浙江省,0000000J0000003Q000000070000000X,40.94,2018/6/15,330000,f316c423-5e3d-4682-9267-c22bf9774e79
绍兴市,0000000J0000003Q000000070000000X,46,2019/1/15,330600,0cf04445-a8d2-49c9-bace-7ca56b7215db
湖州市,0000000P0000003E0000000700000010,3,2017/4/11,330500,2e6b50b2-18e6-4261-8364-9c53be7059ce
宁波市,0000001500000031000000070000000X,4.27,2018/7/5,330200,dfa94857-5534-40c2-b53c-63f320b77bd2
衢州市,0000001Z00000036000000070000000X,5,2019/1/5,330800,97813d98-6c74-4372-8cf2-46349f1af295
温州市,0000003100000081000000130000000X,63,2016/12/25,330300,4f22c35b-233e-4b12-b555-c43e90f14e73
金华市,0000002P0000007W000000070000000X,3.7,2019/1/5,330700,cad9773c-0522-4862-8641-3eae56969c4c
金华市,0000000H0000003P000000070000000X,21,2018/11/25,330700,801b1da3-a594-4cec-9152-16d48e08a1f9
嘉兴市,0000000M0000003V000000070000000X,11.17,2017/4/15,330400,6a4b0809-68c3-4aeb-86ac-66d7e6fcaa5d
温州市,0000001500000031000000070000000X,6.5,2018/11/15,330300,0dcd0e9a-5af8-4273-aeed-f34d2bf03f27
浙江省,0000000H0000002T000000070000000X,16.55,2019/1/25,330000,23c5727a-5eb2-4732-b178-0d6e62478f01
金华市,0000000J0000003S000000070000000X,34.33,2018/5/15,330700,bdaeffa7-7dad-4911-8086-2d7c66fff4b7
杭州市,0000001500000031000000070000000X,4.33,2018/4/5,330100,80c644a1-d82a-458a-9abc-abedb9b28240
嘉兴市,0000001E00000031000000070000000X,5.5,2018/3/5,330400,c5dba2ab-5d5a-4df8-8d57-340ee0d7e96b
舟山市,0000000D0000002R000000030000000X,44.3,2018/10/25,330900,98d4c942-0a34-4834-8c2d-289d6f21a9e7
湖州市,0000000H0000003P000000070000000X,18,2017/6/25,330500,0c7c9ae9-fec7-417c-88f0-2e02d03c2ec8
金华市,0000002200000038000000070000000X,3.43,2019/3/5,330700,535e5a58-10b8-4c03-a920-419684a6902e
杭州市,0000002U0000007X000000070000000X,4.47,2018/3/5,330100,7aec0514-7e55-4542-96d3-347d1bf091cc
浙江省,0000001400000031000000070000000X,6.57,2017/3/25,330000,b693a266-537e-48b3-85ac-bddafa73525a
宁波市,0000000M0000003V000000070000000X,15.17,2017/9/25,330200,aacf36bc-08e5-4ae8-a147-42c9757ba2e8
浙江省,0000001Z00000036000000070000000X,6.02,2017/5/5,330000,699ca85e-1bea-41cc-9e83-a799d3160dbd
浙江省,0000001E00000031000000070000000X,4.81,2017/10/25,330000,714e3d1b-c617-4c0b-a3c2-c25f3a04d08f
台州市,0000000J0000003S000000070000000X,34.33,2018/6/25,331000,531abac0-e751-48f7-92dc-18276763316f
丽水市,0000000J0000003S000000070000000X,36,2018/6/15,331100,ebc5f311-ed3d-4d17-8a94-00bc920e559a
杭州市,0000000S0000002Z000000070000000X,8.7,2017/6/15,330100,ab94092e-d7de-485d-abf5-77720cb542b8
金华市,0000000S0000002Z000000070000000X,7.83,2018/6/15,330700,df88ab61-aa91-4bd1-b475-8e5d677debf8
舟山市,0000002P0000007W000000070000000X,3.33,2019/2/25,330900,c794e12a-3fe1-47df-b10d-4a31afafc482
温州市,0000003100000081000000130000000X,63,2018/8/5,330300,50ec2811-da53-4e99-85c9-755c890351a2
湖州市,0000001K00000031000000070000000X,4,2019/2/5,330500,f7c92d6a-4f9d-4494-8bf7-168cdec1f373
宁波市,0000001A00000031000000070000000X,5.67,2018/9/15,330200,9d462359-543e-408d-b0a8-493754dc19f6
宁波市,0000000M0000003V000000070000000X,13.83,2019/2/15,330200,050d909e-15bd-488a-83db-778d24c6e18b
丽水市,0000000Z00000031000000070000000X,4.17,2017/10/25,331100,c2499440-32bd-4549-aa46-f1cdfc02b773
嘉兴市,0000000H0000003P000000070000000X,23,2018/11/25,330400,534a7570-8d13-4409-9c83-1445f269f6fc
嘉兴市,0000000P0000002W000000070000000X,5.67,2017/10/5,330400,7749b517-3ee8-406d-a7a6-357cbf1ec4b9
舟山市,0000000G0000003F0000000700000010,10.8,2017/5/2,330900,28b7fd33-d8a4-4de1-bde3-e652899e54d2
舟山市,0000000J0000003Q000000070000000X,41.67,2018/6/15,330900,c6a5733e-eb4c-454b-a17f-7f9f5552797b
嘉兴市,0000000J0000003S000000070000000X,32.33,2017/4/15,330400,4513435b-3fb0-4e71-a432-0186ca579254
丽水市,0000001A00000031000000070000000X,5,2018/11/25,331100,ca74e7fe-ba85-43f4-a748-f13b144439cf
浙江省,0000000J0000003Q000000070000000X,40.85,2018/8/5,330000,f08f4083-bd78-46cb-8387-40b8fcdd4dac
杭州市,0000000C0000002Q000000030000000X,62.33,2018/9/5,330100,49e18488-5a70-4fe1-bf95-02b825ad9fd8
舟山市,0000000G0000003F0000000700000010,8.8,2018/6/19,330900,7c5f56d5-8c37-4c80-8960-659b12e9fab4
金华市,0000000Z00000031000000070000000X,2.67,2017/2/5,330700,b0a16c73-adca-4a50-8be0-5a0795427579
湖州市,0000000H0000002T000000070000000X,15,2018/8/5,330500,1a352c8c-e92e-4d19-9544-bdb0a5530d90
台州市,0000002U0000007X000000070000000X,4.33,2017/3/15,331000,088324c4-c230-4199-a7e4-905b6c407be0
舟山市,0000001200000031000000070000000X,4,2018/7/25,330900,42658f88-52e8-4201-be53-b846e5f53609
湖州市,0000000J0000003S000000070000000X,36.67,2019/3/5,330500,5f010365-47b6-461f-8696-f303e2980b2d
宁波市,0000002P0000007W000000070000000X,2.93,2018/5/15,330200,b10ed882-f25a-48ca-88b5-c7e06d6525f3
浙江省,0000000J0000003S000000070000000X,34.5,2017/6/25,330000,c643353d-5f82-41e3-a0ee-422332d19cf7
衢州市,0000000J0000003S000000070000000X,36.33,2018/4/5,330800,feac50b2-262f-4aab-8de0-4825a8af035b
宁波市,0000000J0000003S000000070000000X,32.53,2018/6/5,330200,9a78d68b-3828-45a9-99ed-7ae77c03249b
衢州市,0000000K0000003U000000070000000X,34.33,2018/11/15,330800,504aef2d-10e2-4827-a49c-c93ffb6bf21b
绍兴市,0000001700000031000000070000000X,2.43,2017/12/25,330600,dee1d271-43ff-4bd1-8ab0-a9a8d1f17176
衢州市,0000003100000081000000130000000X,77.67,2017/7/5,330800,9cf6e02c-4a7c-41bd-a864-cb3f7f69458d
金华市,0000000G0000003F0000000700000010,10.4,2018/1/30,330700,f1da0507-9cef-4e75-85fd-3f4f8419667e
衢州市,0000001400000031000000070000000X,4.67,2018/8/5,330800,e19cc726-1e78-49ae-8159-5d15d08a92de
嘉兴市,0000000J0000003Q000000070000000X,40.67,2018/12/15,330400,7f713c43-9cba-4ed8-a5de-4d6337ef97e1
浙江省,0000000J0000003Q000000070000000X,39.92,2017/10/15,330000,bcabbc91-c01a-488b-aba4-28b79fb403f9
宁波市,0000002P0000007W000000070000000X,3.27,2017/12/25,330200,0595744f-ef6b-42c7-9941-9d4160a9818c
舟山市,0000001400000031000000070000000X,7.83,2019/1/25,330900,2fc171c0-f62c-42ce-ade0-91e7d4f98a13
湖州市,0000000D0000002R000000030000000X,37.67,2017/6/5,330500,d07b2241-6e6c-4ae2-bcbc-83ca675495d1
绍兴市,0000000G0000003F0000000700000010,12.8,2018/11/20,330600,62444f99-fff0-4193-b04b-dc094d75170e
嘉兴市,0000001700000031000000070000000X,2.83,2017/9/15,330400,6ad52834-c8cf-4dd6-b0c4-f4d5fe68d83b
浙江省,0000000S0000002Z000000070000000X,9.59,2017/9/5,330000,e300bc9a-c50b-4190-a36d-8c567e4f0d22
温州市,0000002200000038000000070000000X,3.67,2018/9/5,330300,d78c250d-3b85-4abf-9546-ba8e0c311a70
衢州市,0000001Z00000036000000070000000X,4.83,2016/12/25,330800,9077e6e2-9c5d-4a0b-a5a5-5483235ba6b0
台州市,0000000S0000002Z000000070000000X,10,2018/4/15,331000,e616ffb2-46b2-4c38-bd22-4f45ae64915b
杭州市,0000000P0000002W000000070000000X,5.67,2018/11/15,330100,e48931e4-ddb6-43de-b4c5-1cb757db48de
丽水市,0000002U0000007X000000070000000X,3.66,2018/6/15,331100,fa5e89b2-ecdc-433f-9d18-e72cc95204ad
湖州市,0000001700000031000000070000000X,3.17,2017/9/5,330500,0f86bbc0-3613-490a-a7e8-2799dcadc162
温州市,0000000S0000002Z000000070000000X,9.5,2018/3/25,330300,1d5c9397-8ccb-4f91-be8a-3f8965774599
丽水市,0000000J0000003Q000000070000000X,38.67,2018/9/15,331100,50ef5b14-624c-4d89-b9fa-f61dbc31de73
绍兴市,0000000M0000003V000000070000000X,9.67,2017/6/5,330600,ced96d7d-f447-49cf-a120-7dc9bcd3a255
湖州市,0000000G0000003F0000000700000010,9.1,2017/6/20,330500,9f368bbd-fbba-4aea-beed-5a2fd5bdb2bc
台州市,0000001400000031000000070000000X,6.67,2018/2/15,331000,e8846cab-8c72-4089-997e-db03c0279ac2
湖州市,0000001200000031000000070000000X,3.67,2018/6/5,330500,3ab9b780-599f-4480-9467-df3afeb69515
嘉兴市,0000001700000031000000070000000X,3.27,2018/12/5,330400,d6d7a8d3-0a1f-4cf4-9df6-22d6034aa90c
衢州市,0000002P0000007W000000070000000X,3.06,2019/3/5,330800,c415f214-69fe-4c45-9651-f480a3a3fc09
台州市,0000001K00000031000000070000000X,3,2017/11/25,331000,be58b5ab-803d-4651-b688-92ec8e4f9bda
湖州市,0000000P0000002W000000070000000X,5.67,2019/1/25,330500,4fdab65c-845c-408a-af9c-dbad0a45eadd
台州市,0000001Z00000036000000070000000X,6.33,2018/10/25,331000,adfa2ae2-ea0e-4fff-8201-989dd533e021
宁波市,0000000J0000003Q000000070000000X,42.33,2018/7/25,330200,2d347b28-25c0-479f-a483-d25041b7cde1
台州市,0000000J0000003Q000000070000000X,38.33,2018/5/5,331000,34bc8240-e59a-420f-8a25-d7c881b615dd
舟山市,0000000M0000003V000000070000000X,14,2019/2/15,330900,eaab78ed-a82b-4b91-bfc1-6b11e4de1f22
杭州市,0000000P0000003E0000000700000010,3.8,2019/2/26,330100,ccd178e8-cf03-47cc-83a3-48b05072e92d
台州市,0000000P0000003E0000000700000010,2.52,2017/5/30,331000,d779e34f-6124-4465-9ced-b4a7723eda62
嘉兴市,0000000J0000003Q000000070000000X,40.67,2017/6/25,330400,c4bdd615-6757-455b-8952-85d8d2b2c091
丽水市,0000002P0000007W000000070000000X,2.93,2018/8/5,331100,5475d688-3e23-46b3-8195-1705f5fa060c
丽水市,0000001A00000031000000070000000X,4.17,2017/8/15,331100,7d5d26f0-437e-4141-9892-c1d1253a8841
嘉兴市,0000000X0000007T000000070000000X,31.67,2017/5/5,330400,4a193ad8-441e-431b-96db-356c74096799
台州市,0000002U0000007X000000070000000X,4.5,2018/11/15,331000,dc0c716f-57a1-4a5e-a09c-b4054c4eb894
舟山市,0000001200000031000000070000000X,2.83,2017/6/5,330900,98948162-d5d5-4799-b5b2-d5feace51578
金华市,0000001K00000031000000070000000X,2.5,2018/5/15,330700,76388aaf-82f0-4fe6-b4fc-896cef3bb5cd
衢州市,0000001E00000031000000070000000X,4.83,2017/11/5,330800,159ae079-ba5a-4640-9410-b36cd186d326
衢州市,0000001200000031000000070000000X,3.83,2017/3/25,330800,b3f158ea-3d2c-44ab-b120-7466d29d3830
绍兴市,0000000P0000002W000000070000000X,4.5,2017/4/25,330600,829bb0d4-6d9e-4798-b16b-900af86620e8
湖州市,0000001700000031000000070000000X,3.17,2018/6/5,330500,d625b0d7-9061-4591-8fe9-3c6b2092f109
温州市,0000002200000038000000070000000X,3.33,2017/12/25,330300,e03232e0-8a4e-47ce-b7f7-2c2198f6e197
衢州市,0000003100000081000000130000000X,86.27,2018/7/15,330800,2f40dd65-2477-418e-8344-d7fc640bf477
嘉兴市,0000002U0000007X000000070000000X,3.77,2019/2/15,330400,151f0e07-f2ff-49de-a55b-cc237fc0729d
温州市,0000001700000031000000070000000X,3,2017/8/15,330300,1f2f0821-3425-4529-9d43-bb3d933f54a2
台州市,0000000J0000003S000000070000000X,32.33,2017/10/15,331000,7d5de0da-67d3-4ec2-90e4-6c904807f45e
绍兴市,0000001200000031000000070000000X,3.33,2017/10/5,330600,055b3777-0a5b-4d3e-9dcc-3e016e1e32c2
台州市,0000000H0000003N000000070000000X,12.5,2017/5/15,331000,d371bf60-d951-4883-95d7-590fbe0de0b2
金华市,0000000C0000002Q000000030000000X,68.17,2017/6/5,330700,1ea59f1d-3e69-44da-9b79-e9cab7648a77
宁波市,0000003100000081000000130000000X,173.67,2017/8/5,330200,46ae5a3c-2bf7-4d91-8420-fd99ae1c2fc7
温州市,0000003100000081000000130000000X,63,2018/9/15,330300,6cae0230-e12a-4483-b5ea-eeac965e6064
舟山市,0000001A00000031000000070000000X,4.5,2017/12/25,330900,91033ffe-be87-4a58-afe3-05a351c4e3aa
衢州市,0000001700000031000000070000000X,3,2018/3/15,330800,adf0ba28-d339-4e43-af2c-e33c96ec74d4
舟山市,0000000G0000003F0000000700000010,13.8,2018/9/25,330900,d8f9873c-ddf8-47a7-8cd7-f2d29ccc85e6
丽水市,0000001200000031000000070000000X,3,2017/4/15,331100,8a7db4af-64b2-419f-8b4b-ecc1fe3bc76a
温州市,0000000H0000002T000000070000000X,20,2019/1/5,330300,fcb52c73-55bc-4322-8dde-e97f4a0ef2ab
湖州市,0000000K0000003U000000070000000X,0,2018/9/25,330500,10c30d31-0d92-4ac9-9893-bb6ca7fca7ce
湖州市,0000000P0000003E0000000700000010,3.8,2017/6/27,330500,027f9c8b-ae0d-4677-ac53-66c35ea1a264
浙江省,0000001700000031000000070000000X,2.76,2018/1/25,330000,5545fc8c-97a9-46dc-b1b9-4a7ad267cec7
湖州市,0000000J0000003Q000000070000000X,38.33,2017/11/25,330500,d9b0f913-d76e-4e33-82d1-70ae79daedba
宁波市,0000001700000031000000070000000X,3.4,2018/7/15,330200,78f74256-f9eb-4cbe-969e-e794cf5bacad
舟山市,0000001400000031000000070000000X,6.33,2017/4/5,330900,32aca41b-9982-4804-83a4-647ca3a4c9f4
湖州市,0000000D0000002R000000030000000X,40,2017/2/15,330500,66a8b423-4bdf-4200-8cf4-b380d44eda7c
衢州市,0000000P0000003E0000000700000010,3.2,2017/7/18,330800,fc6062a7-62ee-4ee1-8900-9b7089213056
温州市,0000001K00000031000000070000000X,3.17,2019/1/15,330300,0cc0f306-8a6f-432d-9e11-e2a3ff21460e
舟山市,0000000G0000003F0000000700000010,8,2018/5/1,330900,5d0aa349-40dc-4678-808a-9256e51e6df3
宁波市,0000001200000031000000070000000X,5.53,2019/1/25,330200,c42b24f7-afc4-4bdc-a38b-8950eabd66f8
湖州市,0000000C0000002Q000000030000000X,57.67,2019/2/5,330500,270c0bc7-918f-4899-9a91-f3e7f9c6bf1e
湖州市,0000001Z00000036000000070000000X,5.67,2017/9/5,330500,20314b7f-1bb3-4582-81bf-f0c76a032663
衢州市,0000001Z00000036000000070000000X,5.67,2019/2/5,330800,00c99fc9-a9c0-4abd-ac28-aa68004bfa78
丽水市,0000000Z00000031000000070000000X,3.17,2017/12/25,331100,6e258dbd-7f51-4f46-a7e9-f32a74649a75
衢州市,0000001A00000031000000070000000X,8.67,2016/12/15,330800,67409d6e-cdfd-4c7b-87b5-c04bba779e8b
绍兴市,0000000X0000007T000000070000000X,37.33,2018/8/25,330600,d8565695-268e-4367-a393-d84bf2b2f415
舟山市,0000000D0000002R000000030000000X,44.97,2018/10/5,330900,7aed0587-6519-4129-aa6b-11fa52bf61f5
杭州市,0000000G0000003F0000000700000010,8.14,2018/2/27,330100,405dbe69-48db-4cda-ad97-faef8ce03238
嘉兴市,0000002P0000007W000000070000000X,3.2,2018/6/5,330400,21bced84-fa19-4e7e-a9c9-4973f01e7ef9
湖州市,0000000D0000002R000000030000000X,37,2018/5/5,330500,a0e86c20-e170-416f-ab79-20559900727a
湖州市,0000002P0000007W000000070000000X,3.89,2018/8/5,330500,0eb122ca-81f2-4fee-9b97-d3f3a1fb1c66
舟山市,0000000P0000003E0000000700000010,5.2,2018/10/30,330900,7bd20a48-0a28-4cf1-8232-382f0054be8c
宁波市,0000000X0000007T000000070000000X,39.5,2017/3/25,330200,d12c5a51-03cb-442d-97fe-642ac4f468d5
丽水市,0000002U0000007X000000070000000X,3.66,2018/11/15,331100,d16eea3a-6e92-4baf-83ae-1e53561470c7
嘉兴市,0000002200000038000000070000000X,3.27,2017/11/15,330400,e5ed945a-16d2-45e8-8f63-b33d888ea7bc
金华市,0000000D0000002R000000030000000X,44.67,2017/2/5,330700,2a7bb932-c404-4ac0-8d30-91648ab592be
舟山市,0000000M0000003V000000070000000X,13.67,2017/6/15,330900,bdb73fde-aec0-4c4c-acb0-c7e61af933d1
宁波市,0000000G0000003F0000000700000010,10.36,2017/9/19,330200,583c109b-3115-4431-b6ef-58fb32471020
嘉兴市,0000002200000038000000070000000X,4.33,2018/4/15,330400,9538552c-24ca-4723-89af-b38ac9df8bf2
杭州市,0000000C0000002Q000000030000000X,62,2017/6/15,330100,0ceb54c7-8a15-43ab-9611-53a881a1abb0
丽水市,0000000H0000003P000000070000000X,20.33,2017/2/5,331100,7563d412-7a84-466c-bfbf-35bf9d8cea6e
金华市,0000001A00000031000000070000000X,9.33,2018/2/15,330700,d05c8ae1-fd53-4688-b710-97ed18754284
台州市,0000001A00000031000000070000000X,4.67,2018/1/5,331000,6449e1d0-388f-48b3-b66d-f97343962dd0
舟山市,0000000H0000003P000000070000000X,25.33,2017/1/5,330900,fc50ca06-81d7-42ff-895f-6f197ad2ed31
衢州市,0000000J0000003Q000000070000000X,38.67,2017/4/25,330800,ca2f994a-36c5-47b3-b7fc-9277eeb3a0d8
舟山市,0000001400000031000000070000000X,8.33,2018/2/15,330900,748d8735-53c5-4d07-bd1c-75abd11d32a2
湖州市,0000000H0000002T000000070000000X,16.33,2018/3/5,330500,196c486e-cedb-429e-a0bd-e0902eea067f
浙江省,0000000P0000002W000000070000000X,5.61,2018/1/15,330000,0f4f9018-4192-4a3e-abb5-a23f70bfaeaf
湖州市,0000000P0000003E0000000700000010,2.7,2017/4/18,330500,90abee39-41b4-45a5-b2ab-b6cca2bddfa3
台州市,0000000J0000003S000000070000000X,33.67,2017/7/25,331000,505a307d-ee6a-4d70-b185-d1635e5ad601
台州市,0000002200000038000000070000000X,2.77,2018/1/15,331000,fbce8647-fa6a-4147-9e7e-23f582e5e1aa
宁波市,0000001500000031000000070000000X,4.37,2017/8/15,330200,598a016c-0c90-4bba-8237-83ddd07ff71a
湖州市,0000000Z00000031000000070000000X,6.5,2018/8/25,330500,c18356ca-33d0-4cb8-a2fc-836e7fa42dae
嘉兴市,0000000X0000007T000000070000000X,32.67,2018/10/15,330400,fd8a6f75-42bc-4b8f-9570-55b6e0c4f532
舟山市,0000001700000031000000070000000X,2.83,2017/7/15,330900,677eceab-ee4d-4b89-a75a-fc6224a09928
杭州市,0000000D0000002R000000030000000X,46,2017/7/5,330100,a8679af8-b51a-4909-bce6-1243b3072f80
宁波市,0000000Z00000031000000070000000X,3.7,2017/4/25,330200,b4bb0107-8631-45d4-82f7-efcea53f9ef8
温州市,0000000X0000007T000000070000000X,39.33,2018/11/15,330300,9c9b744e-1f76-4018-a6d6-d37c65c9e8be
杭州市,0000000G0000003F0000000700000010,9.87,2019/1/22,330100,a55e5805-0d2b-44e1-9211-562a64a303e6
浙江省,0000000M0000003V000000070000000X,12.23,2017/8/5,330000,44a89d6c-cb0d-4c1c-8225-e5d35a821788
湖州市,0000000G0000003F0000000700000010,10.4,2018/1/16,330500,4e9c2212-d60f-4355-b7c7-2e0312b15828
衢州市,0000002200000038000000070000000X,2.5,2017/2/5,330800,978ca268-5ec6-4ce0-9411-b2f788cbc8f0
温州市,0000001Z00000036000000070000000X,7.67,2018/6/5,330300,98a7e3a5-ecdc-4970-bd6a-4721c19fad78
浙江省,0000000J0000003Q000000070000000X,40.74,2017/3/15,330000,d13c0c41-8704-4003-a14a-43350fefe76d
湖州市,0000001K00000031000000070000000X,5.17,2018/9/15,330500,a54c301a-ca78-42a6-9282-557f717208f9
杭州市,0000000H0000003P000000070000000X,20,2017/8/5,330100,4511d0ae-6cb0-43c2-b557-6908c1dd87a6
温州市,0000000J0000003S000000070000000X,43.33,2017/2/25,330300,3af02775-aaba-4afc-b62b-e76549ad3ec8
杭州市,0000002200000038000000070000000X,2.87,2017/6/25,330100,ed73dcfa-ff09-42f0-afcb-d3b6f2971f77
温州市,0000002U0000007X000000070000000X,4.67,2018/12/15,330300,2f1d1b96-e5d4-4dcd-8864-eef84306c925
舟山市,0000000P0000003E0000000700000010,4.2,2018/7/17,330900,0274abfb-b931-47e5-8669-c97dab74aa87
宁波市,0000000P0000002W000000070000000X,4.4,2017/6/15,330200,93c30c8b-45b9-4d35-af01-6027270fa2a0
金华市,0000000H0000003P000000070000000X,19.33,2017/12/5,330700,3912462d-ed22-4513-b1ec-9df43a22662f
宁波市,0000002U0000007X000000070000000X,4.6,2018/6/5,330200,4496774c-21ff-4709-ac5b-f6bb14b329dd
金华市,0000001A00000031000000070000000X,9,2018/2/5,330700,1d3cb765-f8c0-4370-809f-28866bad32ca
台州市,0000000P0000002W000000070000000X,4.67,2019/2/25,331000,37712946-607c-4a92-9e4c-a0fae0d8c7b2
杭州市,0000001200000031000000070000000X,4.33,2018/12/5,330100,225d72c4-6a9c-4c6e-b23c-a80f7796cb62
台州市,0000001Z00000036000000070000000X,6.33,2018/9/5,331000,ef22216f-2280-4513-aee8-caf99f23a52a
金华市,0000000P0000003E0000000700000010,2.8,2017/3/28,330700,86d5e8aa-9386-43d7-bf1f-d48b9dd58f2b
湖州市,0000000P0000003E0000000700000010,5.5,2019/2/12,330500,9f42fcd2-ac27-451d-b882-9b03be32ca58
宁波市,0000000H0000003N000000070000000X,14.33,2017/8/25,330200,d374763a-c732-46a9-9702-387b3f1c900f
浙江省,0000000J0000003Q000000070000000X,43.76,2019/3/15,330000,e3e5be6f-5c97-4b56-9906-426d0adaaf2a
温州市,0000002P0000007W000000070000000X,2.17,2017/3/5,330300,6f2fe235-c0e0-47b1-b1f7-1d0a51672e82
杭州市,0000001K00000031000000070000000X,3.3,2017/9/5,330100,5a57a1f9-6e29-4657-a5dd-e9219df617c7
丽水市,0000002P0000007W000000070000000X,2.93,2018/5/25,331100,5545115c-194e-453c-b2de-76ad204e3e70
衢州市,0000000X0000007T000000070000000X,26.67,2017/3/5,330800,ed9bfb72-108d-4512-84c6-d0fbb91be630
丽水市,0000001500000031000000070000000X,4.5,2017/7/5,331100,8fd3f7bd-bef5-430b-933a-70d2374a5577
宁波市,0000001500000031000000070000000X,5.83,2019/1/15,330200,37103794-cc37-4c78-9eba-e5f464de2d6f
杭州市,0000000H0000003P000000070000000X,20.5,2017/4/25,330100,c279cf47-7a52-4ba9-add1-da959b998968
嘉兴市,0000001400000031000000070000000X,5,2018/6/15,330400,a92825d8-f5d1-4e55-81af-aa73685f3e90
丽水市,0000001200000031000000070000000X,4.5,2018/10/5,331100,8603ece7-8349-4921-9cda-737249399377
嘉兴市,0000000H0000002T000000070000000X,17,2018/8/25,330400,80370769-f08d-4700-b06d-b4cd059f1a59
舟山市,0000000X0000007T000000070000000X,48.33,2017/4/5,330900,f75ce945-10da-415d-84ed-cb70eccef28f
温州市,0000000H0000002T000000070000000X,16.67,2017/10/5,330300,baa2b538-24d2-4718-a193-dd34a2aede3d
丽水市,0000001K00000031000000070000000X,2.83,2018/5/25,331100,94942231-03c1-4e3d-930b-a68a85fd4348
舟山市,0000000S0000002Z000000070000000X,11.67,2018/10/15,330900,97828be0-e4a0-4a31-ac8f-a90072783e56
丽水市,0000000H0000002T000000070000000X,12.67,2018/4/5,331100,5815aa8a-56b5-4795-aa89-7d6966514495
衢州市,0000000P0000002W000000070000000X,3.87,2017/3/15,330800,160d2d29-8c47-46af-a018-4ab52346d18f
温州市,0000001Z00000036000000070000000X,7.83,2017/5/5,330300,b9050268-8330-459a-bed0-8dd271c7b575
宁波市,0000000P0000002W000000070000000X,6.2,2018/11/15,330200,35438ee4-33fc-4b8d-9533-b96e62cc1e80
绍兴市,0000000C0000002Q000000030000000X,62,2017/4/5,330600,afec80a4-4a51-411e-9c7a-a386cb1c13e7
湖州市,0000000G0000003F0000000700000010,9.5,2017/8/8,330500,848206af-23f7-4880-a66c-523d12499fbc
嘉兴市,0000001K00000031000000070000000X,3.83,2018/9/25,330400,1a97e584-71e6-475f-921b-3a4347cf1ec7
杭州市,0000001A00000031000000070000000X,6.17,2018/4/5,330100,2e7e278d-b8c2-4650-bbab-c241acc8b70b
台州市,0000000P0000003E0000000700000010,3.85,2018/7/10,331000,b9957e3f-0ff9-451c-a25d-cb8088af0808
浙江省,0000000P0000003E0000000700000010,4.69,2018/11/27,330000,f06ea319-e051-42c8-947f-92bd86940de0
绍兴市,0000002200000038000000070000000X,3.17,2018/5/25,330600,e2ab49ee-3ba5-4381-bf4c-c9e31adbd9f4
台州市,0000000C0000002Q000000030000000X,63.33,2017/12/15,331000,811fc53a-7d99-4f96-9ec0-b0d6dd8519f5
舟山市,0000001500000031000000070000000X,4.5,2018/3/15,330900,efc7c762-ae48-43c6-9dca-30e018a4b337
温州市,0000000P0000002W000000070000000X,4.93,2018/4/25,330300,2cc8ce18-d8d3-44ee-a837-60331c305d69
宁波市,0000000J0000003Q000000070000000X,42.67,2018/6/15,330200,7158d2f8-ffce-4806-b2cc-10ae7e7bf0f7
舟山市,0000000P0000002W000000070000000X,4.67,2017/3/25,330900,131cdb43-7a82-4e17-b08c-6498f81b1720
嘉兴市,0000000H0000003P000000070000000X,21,2018/4/5,330400,cea149f4-bd6b-4cae-bf50-5053b45f3293
宁波市,0000001A00000031000000070000000X,4.23,2018/5/25,330200,8489200a-790a-4ef8-8eb5-083ffad65d68
衢州市,0000000P0000003E0000000700000010,4.95,2017/9/19,330800,1a15ec67-298a-452b-bdb3-6ab7debf4242
丽水市,0000000P0000003E0000000700000010,4.4,2017/10/17,331100,f499faf7-01fd-4db2-8cad-699c9f38fd18
丽水市,0000000M0000003V000000070000000X,11.33,2018/11/15,331100,68bb90c2-ed91-41e8-a174-a5e1c112f376
嘉兴市,0000000H0000003P000000070000000X,24.33,2017/8/15,330400,5de9afde-cde8-4494-b437-b8f1a82d60b1
衢州市,0000001400000031000000070000000X,5,2017/7/5,330800,adc1b467-f446-41a8-b041-46f0191a446b
温州市,0000001400000031000000070000000X,6.67,2017/4/25,330300,ee5b1121-78df-4e5a-bc1f-f43cfb52dc9b
金华市,0000000M0000003V000000070000000X,12.33,2018/8/15,330700,a814e0ce-a8e3-4731-9fb0-4f78a90ea8e0
杭州市,0000000C0000002Q000000030000000X,64,2017/2/25,330100,1a2761c8-28bd-4751-9f7a-5afa8ee129cb
台州市,0000001200000031000000070000000X,3.33,2017/5/5,331000,fbd0bd53-3482-424e-9af9-9db71d2146c5
台州市,0000001Z00000036000000070000000X,6.33,2018/8/15,331000,7dfb7147-bfc1-4115-8c0b-7cecbe89c579
金华市,0000000G0000003F0000000700000010,10.9,2017/4/18,330700,f3a46bd9-ed63-4b93-bb27-3d43a7a5abf6
绍兴市,0000000H0000002T000000070000000X,14,2017/9/25,330600,7eb55a2e-42b0-4e96-ba5c-b329689a33d8
杭州市,0000002U0000007X000000070000000X,4.5,2018/5/5,330100,d29007c5-e1f5-45fd-a578-4dea0efefb18
温州市,0000000C0000002Q000000030000000X,60,2017/6/25,330300,43c3a250-a35f-4a23-be96-92ef9300bcd9
温州市,0000000J0000003Q000000070000000X,47.67,2018/5/5,330300,a0e571d8-3ff9-4497-baf7-e25b94c5b097
衢州市,0000000P0000002W000000070000000X,5.83,2018/2/25,330800,632157a3-98bf-4a51-be68-10f6f2214532
嘉兴市,0000001Z00000036000000070000000X,6,2019/3/15,330400,f5bb5f1f-b278-4677-8e0d-db4101e28da8
舟山市,0000000P0000003E0000000700000010,4.6,2019/1/29,330900,c946dac5-7bbe-46c4-bcbd-9f3d4bdba2cb
绍兴市,0000000J0000003S000000070000000X,33,2017/5/25,330600,bfafb469-25c5-42e8-9216-ea303262f021
嘉兴市,0000001A00000031000000070000000X,6.83,2019/2/15,330400,adc45419-d025-46b0-b2cc-b48179423bf9
衢州市,0000003100000081000000130000000X,93.27,2018/2/15,330800,04a6dcbf-eab9-4fad-9722-69bbcecef799
嘉兴市,0000002200000038000000070000000X,4.33,2018/2/25,330400,319b8c46-9623-4239-8362-44b5f3ce2528
浙江省,0000001400000031000000070000000X,5.57,2018/9/25,330000,b4e1ba0d-7499-42ee-8e7c-ef799cb5a208
丽水市,0000001700000031000000070000000X,2.5,2018/1/15,331100,ae28c309-aa64-46bb-b9b1-13780fe84a8d
衢州市,0000000J0000003S000000070000000X,42,2019/2/5,330800,cd1ada96-bb33-4654-bce0-e37e9189ed11
舟山市,0000000J0000003S000000070000000X,35.33,2017/2/15,330900,5494a543-ffdd-4770-95fc-a6695581b20d
浙江省,0000000Z00000031000000070000000X,4.86,2018/7/25,330000,e5cc0e22-043b-470f-acd5-335c68ae2477
浙江省,0000001500000031000000070000000X,4.52,2018/9/5,330000,5e90500e-6530-47b9-b912-8d1845fdcecc
舟山市,0000001Z00000036000000070000000X,7.33,2018/7/15,330900,ec14e2dc-c4a8-40f2-984a-57ad275c15b9
杭州市,0000000H0000003P000000070000000X,21.33,2018/1/5,330100,8f79061b-4703-4867-adf4-cb634ac96a5c
台州市,0000001500000031000000070000000X,4,2017/12/15,331000,ebc86ec2-d5fc-4600-8a0e-66d86cab7212
宁波市,0000001500000031000000070000000X,4.6,2018/4/5,330200,80d4317e-1862-4a63-a37f-859081c665ff
台州市,0000002U0000007X000000070000000X,4.5,2018/5/15,331000,eaa71b5c-9719-4916-8ae7-263622d50c36
丽水市,0000001400000031000000070000000X,5,2017/12/25,331100,bfe2d466-18e9-4a1c-894f-4cf5ec211313
舟山市,0000001500000031000000070000000X,5,2017/9/25,330900,ab5b5606-af3e-43cc-b469-f1cea2a01f36
嘉兴市,0000000M0000003V000000070000000X,11.33,2017/2/25,330400,78486ba8-91ba-4c2a-b11e-2717f3d77264
舟山市,0000001400000031000000070000000X,6.67,2018/4/5,330900,b86a979b-8458-4cd6-9046-d740df969550
台州市,0000000J0000003S000000070000000X,32.67,2017/5/5,331000,e24949a8-246a-497c-9454-aad23e38f8f0
宁波市,0000000H0000003N000000070000000X,15.33,2017/4/15,330200,47f7959d-5afb-46c3-ac4c-85b30ff9443d
丽水市,0000002P0000007W000000070000000X,2.43,2017/2/25,331100,334f2ad9-1788-4166-abff-cc105ddf80d7
绍兴市,0000001Z00000036000000070000000X,5.5,2018/12/25,330600,ce2a7012-fbb4-4c67-b198-d2e64d2513e9
衢州市,0000001400000031000000070000000X,6,2017/1/25,330800,ca5ef024-901e-4e7d-b4a6-4fc10e370f8c
绍兴市,0000000G0000003F0000000700000010,7,2018/4/10,330600,82996658-5e8a-4ed3-b1b0-519620fd9571
金华市,0000000Z00000031000000070000000X,2.67,2017/5/15,330700,c6b68719-5668-48a0-9bbd-32f641221a2c
浙江省,0000000C0000002Q000000030000000X,64.67,2017/2/5,330000,33381b31-ff65-4762-9189-b589118e7cb3
宁波市,0000000H0000003N000000070000000X,14.23,2017/7/5,330200,9184cc96-d56a-4872-827b-70df96318b01
衢州市,0000002P0000007W000000070000000X,3.06,2018/3/25,330800,8666cb67-b0e2-46a1-b59c-c48423fac7aa
舟山市,0000000P0000003E0000000700000010,3.5,2017/4/11,330900,3b6762c4-49e3-4b47-8e72-0abc6db5ae03
金华市,0000001400000031000000070000000X,4.83,2018/11/15,330700,cfd44371-f84d-461e-8824-0269e4866133
衢州市,0000000J0000003S000000070000000X,36.33,2017/10/25,330800,5885d835-0e91-4f7a-8f3b-e326c05ce70a
绍兴市,0000000J0000003S000000070000000X,34,2018/7/25,330600,736342d8-238f-4c6b-81f6-2e7284ad6565
温州市,0000000H0000002T000000070000000X,17.33,2017/5/5,330300,b9393bf8-a15b-4806-86a8-bffbc309810f
宁波市,0000000P0000002W000000070000000X,5.93,2019/1/5,330200,3f2a336a-57b9-470a-9d0f-caa3d18da727
湖州市,0000000D0000002R000000030000000X,37.67,2018/4/15,330500,e2ae24c4-1e98-4cb0-9272-de8e6074b57a
浙江省,0000001Z00000036000000070000000X,5.93,2018/2/5,330000,646d1a1a-bd85-4b47-8672-248218220445
衢州市,0000000P0000003E0000000700000010,2.65,2017/2/28,330800,804027a7-a582-4bf1-b2b4-05d149a85bdc
嘉兴市,0000000P0000003E0000000700000010,5,2018/3/6,330400,ab6c83a9-e7aa-43de-9fe7-3ad8a8f72324
浙江省,0000000Z00000031000000070000000X,5.34,2018/10/25,330000,c69c85b7-bbcd-4f4d-9d85-4c2e0bf50a1a
台州市,0000001K00000031000000070000000X,3,2018/2/25,331000,5ed489c5-44ff-413c-be93-4b9a0835bf75
丽水市,0000001200000031000000070000000X,4,2017/11/5,331100,0aa8206e-b7c2-44bd-8b06-bc3607863713
嘉兴市,0000000J0000003S000000070000000X,32.33,2018/4/5,330400,3e051999-2c8a-4099-ae7c-fa3011033c22
金华市,0000000P0000003E0000000700000010,4.6,2018/2/13,330700,3822eee0-496f-480c-82ff-7516df65dcf6
衢州市,0000000Z00000031000000070000000X,4.33,2017/6/25,330800,85597b8f-ef3c-4c76-a735-17c0a8dfc028
衢州市,0000000X0000007T000000070000000X,23.33,2017/9/5,330800,24ca59a0-0ab7-4a56-a53c-dc24e6a06ea2
湖州市,0000003100000081000000130000000X,77,2017/9/15,330500,4ae3f810-b856-4b90-b35d-33ef71d9906f
金华市,0000001200000031000000070000000X,2.5,2017/6/5,330700,2f4aa407-2e08-4219-bc5f-b8d963c7c05d
绍兴市,0000000C0000002Q000000030000000X,57.67,2018/1/15,330600,4a5602bf-024f-4403-acc0-2734926241ff
台州市,0000000C0000002Q000000030000000X,63.33,2017/7/5,331000,bf6ecea3-b2c1-47fe-94da-ad2ae36a5eaf
金华市,0000001400000031000000070000000X,4.5,2018/5/15,330700,e7778bf5-7d93-4826-8567-1ef023419fd8
台州市,0000000H0000002T000000070000000X,13.33,2018/9/5,331000,2858c35d-41b2-4a9e-8800-5349ea7febd6
绍兴市,0000001400000031000000070000000X,10.33,2019/3/15,330600,c9f65b49-2fcd-4916-b094-acacf7d389fd
嘉兴市,0000000H0000002T000000070000000X,16.33,2018/7/15,330400,c065d876-035b-4ed1-8cf8-6a96a91aeefc
舟山市,0000001500000031000000070000000X,3.83,2018/6/25,330900,6ed4ab94-7964-45c4-a41e-e0b56339674e
绍兴市,0000000J0000003Q000000070000000X,39.67,2018/3/5,330600,a9f8b538-47a9-4941-b1d9-e849f3274ee3
湖州市,0000001A00000031000000070000000X,7.67,2017/3/5,330500,0ae890e8-9fe1-4d26-8bcc-7f43c181b71d
湖州市,0000001500000031000000070000000X,4.17,2018/7/25,330500,2c14bdfa-fdd2-4c09-8b58-d90d715210d4
金华市,0000000C0000002Q000000030000000X,68.87,2018/12/15,330700,90d39d8f-d3eb-4c5c-8fda-67c524c6f91a
浙江省,0000001400000031000000070000000X,7.15,2018/3/15,330000,884b2cbe-7396-4966-b209-a553306408e6
宁波市,0000000H0000003N000000070000000X,14.5,2017/10/15,330200,ab440644-8ac6-4222-9117-95ef3cda9d14
绍兴市,0000000K0000003U000000070000000X,36.67,2018/7/25,330600,4a7d9ba3-f00e-4d2c-921b-f6ba129fa544
嘉兴市,0000001A00000031000000070000000X,6.67,2018/9/15,330400,2af04932-9f89-49a3-bcee-452c3f054505
浙江省,0000000J0000003S000000070000000X,34.7,2017/4/15,330000,9991e930-88fd-4fd0-b91a-a38a3e86a5a9
湖州市,0000001700000031000000070000000X,3.17,2019/1/5,330500,69cbbff5-4680-49fb-99f5-d0cab52e6df6
衢州市,0000000H0000003P000000070000000X,21.33,2017/6/15,330800,d594f390-87a1-4189-a624-537425721ccd
宁波市,0000000J0000003Q000000070000000X,43.67,2019/1/25,330200,e14cec14-272e-4346-a8b1-7283163148e5
浙江省,0000000D0000002R000000030000000X,43.76,2018/1/25,330000,e2eaba91-891c-42e3-a9c6-522ca285cfe3
杭州市,0000000C0000002Q000000030000000X,63.33,2018/11/15,330100,406cf6ee-ccca-4825-aee1-b7122caf56bf
嘉兴市,0000001500000031000000070000000X,4.67,2017/10/15,330400,63df6f8d-8571-476b-8950-6f1713d0638d
台州市,0000002P0000007W000000070000000X,3.45,2019/2/5,331000,36bf2107-536a-4421-b871-463ff2483165
湖州市,0000002U0000007X000000070000000X,3.6,2017/8/15,330500,4e09df36-0803-41f2-a75e-0fe0eb949259
丽水市,0000000P0000002W000000070000000X,4.8,2018/7/5,331100,7575cd4f-fea5-4618-9dbc-e742bbf6d701
衢州市,0000000J0000003Q000000070000000X,38,2018/5/25,330800,3c5a2ce2-b25a-4aaa-a157-ff86d04a4739
湖州市,0000001Z00000036000000070000000X,5.67,2017/11/5,330500,167d8240-cb38-4b33-bb79-6b4a092711aa
衢州市,0000001400000031000000070000000X,4.67,2017/11/15,330800,910f694e-9dc4-4e36-ab01-8e615f1877d4
湖州市,0000000C0000002Q000000030000000X,57.67,2018/1/15,330500,b8f43168-6ef1-45c4-a811-d91182c2fd0d
台州市,0000000H0000002T000000070000000X,12.67,2019/2/15,331000,f01f1aa7-200e-46d1-aafb-4ca223c6b095
金华市,0000001E00000031000000070000000X,4.17,2017/8/25,330700,e92adef0-046e-4dfb-b460-9116352ffd95
金华市,0000001E00000031000000070000000X,4.83,2017/7/25,330700,75077fe5-96d5-495e-81db-b6f3c6271a14
台州市,0000001500000031000000070000000X,3.67,2018/5/15,331000,2aefffbb-dcea-4e4a-9c86-7d3b69e13bb7
丽水市,0000000J0000003Q000000070000000X,42.67,2018/12/15,331100,0f70fead-845d-44eb-9688-08b67688a500
浙江省,0000000P0000002W000000070000000X,5.67,2018/12/25,330000,66403bcf-b05e-4fbc-88de-c57ebf28c590
湖州市,0000002U0000007X000000070000000X,3.6,2017/11/25,330500,001ec512-74ab-4207-92e1-47a51cb965df
浙江省,0000000S0000002Z000000070000000X,9.35,2018/4/25,330000,32c78c75-5037-4efb-b3cd-2df21031d4d9
宁波市,0000000X0000007T000000070000000X,39,2017/11/5,330200,7ecbc2be-dfd6-44e6-b059-c2f4b8ed3118
衢州市,0000001Z00000036000000070000000X,4.67,2017/3/15,330800,b53e3663-b676-4fe2-9d3d-d8fc2915cde3
温州市,0000000P0000002W000000070000000X,5.67,2018/8/15,330300,d4665ac1-2e01-4348-be82-ffc47dd2acab
舟山市,0000000H0000002T000000070000000X,15.17,2018/11/5,330900,69a4bc3d-4124-47f8-be6b-26bf2d05d30e
台州市,0000000J0000003Q000000070000000X,38.33,2018/7/15,331000,c04dca08-bd91-4d4f-bb36-0b585d9bdd83
衢州市,0000000J0000003S000000070000000X,38,2018/12/25,330800,b81d069a-37fb-4e6d-9714-27c4d479c175
嘉兴市,0000002200000038000000070000000X,3.17,2018/12/15,330400,e5a62579-20c6-46fe-a99f-043e6ac2332a
温州市,0000000J0000003S000000070000000X,43,2017/12/25,330300,43e71603-afde-4192-aaf8-4a07ece5fa96
丽水市,0000000C0000002Q000000030000000X,70.23,2017/4/15,331100,57c1ae9e-d7ae-4dd3-9038-df92aed019d8
绍兴市,0000000S0000002Z000000070000000X,8.17,2018/4/5,330600,2d6926fe-2edc-4ffe-9d16-96278ee19d72
嘉兴市,0000000J0000003Q000000070000000X,40,2018/6/25,330400,352f1dc2-14f5-4bf6-ac06-1bf06ef83a49
绍兴市,0000000X0000007T000000070000000X,65.33,2018/2/25,330600,a44c3ea2-4f0d-4630-bc96-193c81c26427
舟山市,0000000X0000007T000000070000000X,41.33,2016/12/25,330900,ee8a2dff-7600-45ce-95b0-de810b25a581
湖州市,0000000X0000007T000000070000000X,35,2017/5/15,330500,33b1c618-0e63-4bf4-a1c2-466c102b67ce
金华市,0000000S0000002Z000000070000000X,7.33,2017/4/15,330700,2e4b7e7c-9729-41ae-9fff-e6936662fbbd
金华市,0000000H0000003N000000070000000X,12.83,2018/1/5,330700,68c56a60-d65f-4d0f-943d-615629cd54f9
宁波市,0000001700000031000000070000000X,3.4,2018/3/15,330200,6c3bcfe0-91be-4014-aa27-a8939ce78809
衢州市,0000000S0000002Z000000070000000X,9.5,2017/4/15,330800,f7e71dc7-dd44-4f83-9f44-7e95f4b3acb0
舟山市,0000000J0000003Q000000070000000X,46.33,2019/2/15,330900,58ed0a1b-5f91-4418-90c4-9cbc0ba78c98
浙江省,0000000D0000002R000000030000000X,44.79,2017/4/15,330000,9d8b439f-2a76-4c44-94d3-155b1b8f43cb
温州市,0000000H0000003P000000070000000X,29.67,2018/12/5,330300,476acbcd-eda3-46e9-92a4-a5f02997e2ce
浙江省,0000003100000081000000130000000X,94.39,2018/3/5,330000,b383f4e8-85bc-49e3-9ae5-528deda8e2de
丽水市,0000000C0000002Q000000030000000X,70.23,2017/9/25,331100,8266e068-62f2-4c16-ac84-d3ed86267551
宁波市,0000000C0000002Q000000030000000X,74.33,2018/1/15,330200,299821a3-2248-422c-8186-842b818c4fc0
浙江省,0000002200000038000000070000000X,3.47,2018/9/15,330000,9b246db4-c517-4d5b-a38b-323b6e7b12f8
浙江省,0000000P0000003E0000000700000010,4.72,2017/9/5,330000,323f8861-5f0b-463e-bb17-5c88b885a942
丽水市,0000001E00000031000000070000000X,4,2017/11/5,331100,6071c32c-1ced-4b2d-b795-980ef17da382
温州市,0000002200000038000000070000000X,3.83,2018/10/15,330300,cfb098b8-4b31-44b5-8108-476670ce1f2e
丽水市,0000003100000081000000130000000X,84,2019/2/15,331100,f0dcf3d3-c8d2-4809-b304-de86878c08fd
舟山市,0000000H0000003N000000070000000X,14.17,2018/8/15,330900,986de4d2-bfcc-43fb-a37e-770bdd0569e7
嘉兴市,0000000H0000003P000000070000000X,22.33,2018/1/15,330400,08a58563-ab10-4619-af6a-5b653a7d9db4
湖州市,0000000H0000003P000000070000000X,18,2017/7/5,330500,f732875a-2f45-4a6b-b963-66cacf211beb
舟山市,0000000J0000003Q000000070000000X,41.67,2018/6/5,330900,92b75b50-6182-45e5-b4da-d083e10ebc6f
绍兴市,0000000H0000003N000000070000000X,15.33,2018/9/25,330600,07e3a4b1-0566-41b5-a51f-77cb4abee06a
浙江省,0000000X0000007T000000070000000X,38.2,2018/5/25,330000,5ea403e7-8756-4146-a31c-622c463b1473
宁波市,0000000Z00000031000000070000000X,6.2,2018/6/15,330200,bf5ad1a6-4e9d-4c0b-b7ca-f90fa80b028f
金华市,0000001Z00000036000000070000000X,5.83,2017/9/5,330700,94301708-36bf-425b-bb61-7e20cb328167
金华市,0000000H0000003P000000070000000X,20,2017/4/15,330700,313b7347-52e2-4f8c-8ca6-7fdf7de123bb
衢州市,0000000X0000007T000000070000000X,25.33,2018/5/15,330800,18f069a3-52a1-4ac1-8565-fd1c41d66c19
舟山市,0000000J0000003Q000000070000000X,42.33,2017/2/5,330900,87c28eb0-1c36-468c-b0fa-3434d2a133d8
嘉兴市,0000000G0000003F0000000700000010,10.4,2018/2/6,330400,0d0ebe3f-d2e2-464d-a867-3022e6706cac
宁波市,0000001700000031000000070000000X,2.87,2017/5/25,330200,b7b0a4db-799b-4164-b602-6b96b49c8450
丽水市,0000001Z00000036000000070000000X,5.16,2018/10/5,331100,56b208ca-cca2-4c42-98d2-fb1336bb07e5
金华市,0000000H0000003N000000070000000X,13.33,2018/2/25,330700,9f09fe98-ce5b-4fd2-b60e-2124904f6dbd
绍兴市,0000000M0000003V000000070000000X,9.83,2017/12/15,330600,f2f30534-c586-4019-90e3-43fa493c0b77
杭州市,0000000J0000003S000000070000000X,35.67,2018/9/15,330100,72cfc903-95da-4cfd-bcbd-6bd1e9092ab3
杭州市,0000000S0000002Z000000070000000X,8.83,2017/1/25,330100,6d7ae3fe-e8d2-4c13-977c-dfa1310495c0
绍兴市,0000000G0000003F0000000700000010,8.68,2018/7/17,330600,da6e2ac5-5e53-4adb-a095-841215f7be81
杭州市,0000000H0000003N000000070000000X,16.33,2017/1/5,330100,741f86e8-7ffb-4de6-8112-9f464d371a6e
丽水市,0000000K0000003U000000070000000X,33.67,2017/12/5,331100,14a63a6f-543c-46ba-86c5-1347dba365b8
台州市,0000001700000031000000070000000X,2.33,2017/6/15,331000,6d0b5cb7-5f53-4804-9291-3dde2c78d603
湖州市,0000000J0000003S000000070000000X,34.67,2018/5/5,330500,508646e7-435c-45f2-8a18-428d47665ccc
衢州市,0000000S0000002Z000000070000000X,8.83,2018/10/25,330800,0f7c5e00-4de8-48ba-8522-bccad9aadd78
杭州市,0000001200000031000000070000000X,4.33,2016/12/25,330100,a102cbb7-a0cb-484c-9443-e20fa55a79ba
湖州市,0000000J0000003S000000070000000X,34,2017/1/25,330500,8a93ec21-1e6a-4628-8b19-b3f57613d87b
绍兴市,0000001A00000031000000070000000X,4.67,2018/10/25,330600,d76fd618-aae5-469c-8d95-b25ee37de13e
浙江省,0000000K0000003U000000070000000X,36.13,2018/8/5,330000,f5c011b1-4b0b-4b5e-bd09-56b652d05eb3
杭州市,0000000P0000003E0000000700000010,2.6,2017/5/9,330100,62b1beff-ef89-4204-8dfb-ea84b2f30da1
宁波市,0000001700000031000000070000000X,3.17,2017/10/15,330200,edaa9680-fddd-4306-8a8d-3e7d5a4db6f3
湖州市,0000001500000031000000070000000X,3.67,2018/6/25,330500,51fe4534-54c7-40ed-9a16-f34bb196b964
丽水市,0000000P0000002W000000070000000X,4.5,2017/6/25,331100,c5fb9202-cd2e-4a11-8386-36db752edb97
浙江省,0000000D0000002R000000030000000X,44.06,2017/7/15,330000,b1aa367e-c12b-46c2-a144-bdfed9d69a2e
温州市,0000002P0000007W000000070000000X,2.5,2019/2/15,330300,aafbb1e6-e0d7-4178-b035-9796931d3a12
嘉兴市,0000000J0000003S000000070000000X,32.33,2017/1/15,330400,252a81ca-73b0-4e30-a1b9-16f18cab879d
舟山市,0000000M0000003V000000070000000X,13.67,2017/7/5,330900,7c615e7a-204f-4f78-a5a7-3d663ebcca68
湖州市,0000001400000031000000070000000X,9.17,2019/2/5,330500,4dc898f9-6040-4f19-b003-d75170723b03
舟山市,0000002200000038000000070000000X,4.33,2017/4/5,330900,f5261be3-bd1e-433f-97d2-e50f887d2adf
衢州市,0000001A00000031000000070000000X,6.33,2017/5/15,330800,f7246bb1-1112-42b6-a9bf-f336c581cc2f
台州市,0000002200000038000000070000000X,2.77,2017/4/25,331000,83bb7c75-c2bc-41b4-bf69-93405a3197c0
嘉兴市,0000000Z00000031000000070000000X,4.6,2018/11/15,330400,2e513c86-86d5-42d0-b6ec-bcb580183fec
湖州市,0000000X0000007T000000070000000X,35,2018/11/15,330500,b06e6cf3-9252-4eab-b8bd-158d134f8ae5
舟山市,0000001200000031000000070000000X,5.83,2018/2/15,330900,421e6d53-8349-4b72-abb7-f1c3e046391d
嘉兴市,0000001Z00000036000000070000000X,6,2018/2/15,330400,49840f23-33d9-4306-8ce4-44c44af1237d
绍兴市,0000002200000038000000070000000X,2.5,2017/10/25,330600,920679e6-a8fa-4aed-aac0-a51ee56f2ce9
舟山市,0000002200000038000000070000000X,4,2018/2/5,330900,bcff9ca0-5829-4f6f-96f6-ff2c658a2b63
丽水市,0000000H0000003P000000070000000X,20.67,2018/12/25,331100,32d096b3-f893-4197-a22d-0ad7b70ce43f
舟山市,0000001Z00000036000000070000000X,7.33,2018/6/25,330900,5a9505f5-9eff-471e-8c57-e70499fa21cc
湖州市,0000003100000081000000130000000X,72.3,2018/4/25,330500,7d4b6ef5-c9a9-4d4a-a5e7-c506b80940fa
衢州市,0000001700000031000000070000000X,2.33,2018/7/25,330800,6a9a5dbb-1929-4bae-b22f-0a28637e2997
绍兴市,0000002200000038000000070000000X,2.5,2017/7/15,330600,6c763406-59ba-425a-ae6c-5d860c3625fe
嘉兴市,0000001500000031000000070000000X,4.83,2018/3/25,330400,8f6e010e-f87f-4195-ac5e-cde12ac75d47
舟山市,0000000D0000002R000000030000000X,43.63,2017/4/25,330900,f1b667d4-150f-441d-817d-34a5258ac059
浙江省,0000000M0000003V000000070000000X,12.96,2018/9/25,330000,f1ec6de2-c031-4901-bc38-59a2be007d97
杭州市,0000000H0000003P000000070000000X,20,2017/7/25,330100,02ae117f-254c-4809-ac35-700c136d5b12
丽水市,0000000X0000007T000000070000000X,44.33,2017/10/15,331100,e9d20e4d-9dd9-445f-9fcb-a3aa386cb763
湖州市,0000001200000031000000070000000X,6.5,2019/2/15,330500,94bd0205-d744-47a4-a77e-78e0787e2d6c
浙江省,0000000D0000002R000000030000000X,43.58,2018/3/25,330000,239e82cc-87f1-4f99-928d-f19203dad1b8
金华市,0000001A00000031000000070000000X,6.5,2017/1/25,330700,95cb442a-bff6-4ca8-991b-597fb8f6b3ee
衢州市,0000001A00000031000000070000000X,6.67,2017/5/5,330800,4cd3d5de-a71e-40c6-b48b-35ca014ec336
嘉兴市,0000000J0000003Q000000070000000X,40.67,2018/12/5,330400,4d2f26ab-688c-4d6e-ba03-5053a237e3c4
台州市,0000001A00000031000000070000000X,4.33,2017/9/25,331000,9d31b2f7-37a7-4549-92db-a9946b9e0228
舟山市,0000000J0000003Q000000070000000X,39.67,2017/7/5,330900,e8f491fc-d4ba-4d0c-bb79-b223dc6ec2a7
绍兴市,0000001A00000031000000070000000X,4.83,2018/3/25,330600,4cbf03c4-ab01-4efd-84ad-2b087cdf55e5
浙江省,0000000K0000003U000000070000000X,34.81,2017/4/5,330000,470574cc-0ff6-48e3-b167-3addfaaf9e52
温州市,0000003100000081000000130000000X,63,2017/8/15,330300,d8ca019a-c2ff-4559-a8a7-a97a4cc6e9d5
舟山市,0000001700000031000000070000000X,2.83,2018/8/5,330900,b8114014-1ab0-4377-b0b3-a66f7febefa2
舟山市,0000000H0000003P000000070000000X,23.33,2018/8/15,330900,7f6194d9-0152-4a49-80ff-0a2558b21c43
衢州市,0000000G0000003F0000000700000010,10.5,2019/3/5,330800,ee335126-8169-4d0d-afb8-f065eafffdf4
舟山市,0000000S0000002Z000000070000000X,11,2017/3/5,330900,37384359-2d39-47ae-aad1-40a13714eed7
浙江省,0000000D0000002R000000030000000X,43.29,2018/7/25,330000,25228658-59fc-4b05-a359-eb7e35524d2e
金华市,0000001700000031000000070000000X,2.67,2018/4/25,330700,8e178082-c85c-4b43-b9ee-af5351b82973
宁波市,0000000H0000003P000000070000000X,25.17,2017/8/15,330200,ef3c458c-ae31-474e-bddf-2e740e84bbe7
金华市,0000001E00000031000000070000000X,4.33,2018/4/5,330700,f05dc588-0685-4c7b-936d-f2f55653f5f7
温州市,0000002P0000007W000000070000000X,2.33,2017/8/25,330300,be491351-4857-46a6-b70a-8311c68cdb97
舟山市,0000001E00000031000000070000000X,4,2018/1/25,330900,f5e67570-1fad-4628-a9bc-030d2845c22c
嘉兴市,0000000P0000003E0000000700000010,4,2017/7/25,330400,778c0554-81b8-406d-b1da-414251115993
浙江省,0000000S0000002Z000000070000000X,9.72,2017/8/5,330000,39e639b1-3779-4fdf-bdfb-1da13e13c57f
杭州市,0000000H0000003P000000070000000X,19.83,2018/7/15,330100,341de030-6adf-44a5-839b-00c3e68e7a8d
浙江省,0000000X0000007T000000070000000X,40.17,2018/4/25,330000,121acedd-bc14-4761-83e6-b45b9a0042d7
嘉兴市,0000000M0000003V000000070000000X,12,2019/3/15,330400,26ba1811-b8fa-4d72-b7b3-e53c57742053
宁波市,0000002P0000007W000000070000000X,2.93,2016/12/25,330200,265c5793-97c6-42e2-bd67-6d0a395c4aac
杭州市,0000002U0000007X000000070000000X,4.17,2017/1/5,330100,bc9f0668-b3fd-4b65-932e-b17f93b632d2
杭州市,0000002200000038000000070000000X,3.33,2018/9/25,330100,e27fcbd2-79ad-4d2a-9a6c-f08a022a9f6c
宁波市,0000000M0000003V000000070000000X,14.2,2018/10/25,330200,bf63a13e-3b0d-441d-a29b-05efe71707a3
衢州市,0000001200000031000000070000000X,4,2017/3/15,330800,9b26cce5-6315-49f8-9f8b-434b6ee33ebd
丽水市,0000001400000031000000070000000X,6,2017/2/25,331100,35347ba1-9846-4ff5-bf8a-1be82a897df7
湖州市,0000000H0000003N000000070000000X,12.67,2018/6/15,330500,9a01024a-5046-4118-808b-70da2e575417
绍兴市,0000000S0000002Z000000070000000X,7,2017/1/5,330600,4482e50a-e52c-4859-9891-1c72b441e682
台州市,0000000J0000003S000000070000000X,32.67,2017/3/25,331000,c7846b1f-355b-4474-bd8d-8b0288482de0
台州市,0000000H0000003N000000070000000X,11.67,2018/2/25,331000,4a09f6e3-bf64-488a-a94a-782394eea9ae
浙江省,0000001500000031000000070000000X,3.6,2018/7/5,330000,7607ffb5-7447-4f87-8896-baa1a6f60e5f
湖州市,0000000G0000003F0000000700000010,9.6,2018/8/21,330500,183b664a-a743-413e-b814-d8f4d67a540d
台州市,0000001K00000031000000070000000X,2.33,2019/2/15,331000,0416b92f-1491-49c6-9fec-ef70a2769568
湖州市,0000000G0000003F0000000700000010,9.9,2017/12/12,330500,634f0ae0-8b7b-40a2-8ffb-0073705433ae
台州市,0000000S0000002Z000000070000000X,9.33,2018/11/25,331000,8e9b89a8-0685-4717-a00b-6af23ea89572
湖州市,0000000M0000003V000000070000000X,17.33,2019/1/15,330500,5f5a8749-f143-498b-8564-b6ad4fca7c85
浙江省,0000000J0000003Q000000070000000X,39.68,2017/7/5,330000,d52e331d-019a-4f93-a100-94b00f746bc1
台州市,0000001200000031000000070000000X,3.33,2017/10/5,331000,0f6ff461-59bc-48af-8ba6-a109b276eabd
嘉兴市,0000000Z00000031000000070000000X,4.33,2018/11/25,330400,d3041861-c024-4a5a-af44-5722928ae3c1
杭州市,0000001A00000031000000070000000X,6.5,2018/3/5,330100,4de87342-6c59-4d86-a644-9f17f387f34c
湖州市,0000000J0000003Q000000070000000X,39.67,2018/7/15,330500,982a2f94-b5fe-445f-80d0-131d7f8dd232
湖州市,0000000D0000002R000000030000000X,37.67,2018/3/25,330500,b5b040eb-0e28-4c39-b067-f06812cd4337
舟山市,0000000S0000002Z000000070000000X,11.67,2017/8/15,330900,7ad6044a-edea-4358-9c3a-2ead31dd86c6
台州市,0000000Z00000031000000070000000X,4.33,2018/12/5,331000,8f8de9cd-715d-405b-bb61-b5bfca450272
绍兴市,0000001400000031000000070000000X,4.5,2017/5/15,330600,f74ecea7-b29e-4168-8acc-1cc570c8b98c
丽水市,0000000H0000003P000000070000000X,18.17,2018/8/25,331100,10c4081e-eeb3-442d-9da9-52824920e94d
绍兴市,0000000P0000003E0000000700000010,3,2017/7/11,330600,7da2f94c-2225-4804-a5ee-bbffa0b994ac
嘉兴市,0000000X0000007T000000070000000X,31.67,2017/11/25,330400,d2d02ebf-84df-4738-9588-78431f973e7c
绍兴市,0000001Z00000036000000070000000X,3.83,2017/10/25,330600,1e789d25-b078-4191-96e1-ca983431ccb9
浙江省,0000001K00000031000000070000000X,3.12,2017/7/5,330000,a3a090df-6cf6-4d93-8b00-65edf3b36219
金华市,0000000C0000002Q000000030000000X,68.17,2017/6/25,330700,025a2b2a-4267-46e5-b77f-20d2e5a06e62
嘉兴市,0000000J0000003Q000000070000000X,40.67,2017/3/25,330400,18282cdf-6b68-4f5e-a96c-24da6f777796
绍兴市,0000003100000081000000130000000X,66,2016/12/25,330600,92d05051-be41-4d58-83e9-599d83043888
台州市,0000002200000038000000070000000X,2.5,2017/12/15,331000,2df00831-1ddf-426c-87b8-4702fb1387e9
台州市,0000000M0000003V000000070000000X,10.33,2017/9/15,331000,0476b080-84b4-43a4-a92c-b7c707becc8a
衢州市,0000000M0000003V000000070000000X,11.33,2019/2/25,330800,829d8369-d142-43e1-8916-31da9e3d7047
丽水市,0000001700000031000000070000000X,2.67,2018/7/25,331100,4492ad96-256b-46b5-93b3-cfe0b4ed41dc
温州市,0000001200000031000000070000000X,4.33,2017/4/5,330300,3ffbffa5-9237-4e0f-aa37-d64f7c4751d5
宁波市,0000002U0000007X000000070000000X,4.5,2018/11/5,330200,fdda7c49-79ae-46b2-a87e-90af29a75db4
金华市,0000001A00000031000000070000000X,6.83,2018/11/25,330700,395afc58-b1d7-4cde-9b89-e25c607296b5
宁波市,0000000J0000003S000000070000000X,32.83,2018/12/15,330200,61555d7f-35ef-4dc6-89de-56d8d89c2fce
