商品采价地区名称,商品主键,商品价格,商品采价日期,商品采价地区编码,主键ID
台州市,0000001E00000031000000070000000X,3.17,2017/11/25,331000,9cb6d405-336e-4d22-898b-a9ab465bcdb2
舟山市,0000000S0000002Z000000070000000X,11.67,2017/12/5,330900,e61a00af-39d3-44a3-bc7b-3de2bbcd7727
温州市,0000000J0000003S000000070000000X,48,2019/3/5,330300,4e1ef31b-f974-4759-9a72-a891833452a0
金华市,0000002P0000007W000000070000000X,3.9,2017/6/15,330700,103983b1-6ef9-4c88-b7ff-a88f3b3149b2
温州市,0000000J0000003S000000070000000X,41,2018/5/25,330300,6233ae12-185b-44f6-b309-5b18c6080272
金华市,0000001400000031000000070000000X,5.5,2018/4/5,330700,4a4ba03a-8b20-4c29-8a8b-5972cf79a512
绍兴市,0000000P0000003E0000000700000010,3,2017/3/28,330600,8a2db0e7-39bf-465d-a188-4f2ee6b8ebe5
绍兴市,0000000C0000002Q000000030000000X,57.67,2017/9/15,330600,5c79d907-52e0-48f9-afaa-7b46b8f8dd29
衢州市,0000000K0000003U000000070000000X,32.33,2018/6/25,330800,bbcf4824-7604-45ed-ac09-fe92c7ab61e2
杭州市,0000000S0000002Z000000070000000X,8.6,2018/3/25,330100,a3cd59ef-bb6d-48cb-a191-973ef9cec953
浙江省,0000002200000038000000070000000X,3.57,2018/2/25,330000,6361b031-38b6-40f2-971f-6e71ebfca84d
丽水市,0000000P0000003E0000000700000010,2.8,2017/5/2,331100,12c80d16-1bca-424a-acb0-844f898663f2
丽水市,0000000J0000003S000000070000000X,35.33,2017/1/15,331100,71e869a5-802a-4b3f-8bcd-8ad83da71f49
丽水市,0000001E00000031000000070000000X,4.17,2017/9/5,331100,3bed2734-ff2a-4c4a-9eb5-ca625d9d5b23
金华市,0000000J0000003Q000000070000000X,41.67,2017/3/15,330700,cad6a555-ad3a-4dc5-900d-34cf59d650c4
绍兴市,0000001Z00000036000000070000000X,4.33,2017/5/25,330600,1c836cfa-0ca9-4c29-9c41-106fc8f81f6f
舟山市,0000001700000031000000070000000X,2.67,2017/10/25,330900,ab664935-47e6-44b2-8c92-63de26f4b444
台州市,0000000J0000003Q000000070000000X,40,2017/2/15,331000,52624084-0ee5-4808-ab84-c78ff0cc706f
嘉兴市,0000001400000031000000070000000X,6,2017/2/25,330400,dea44468-6590-47fb-a611-6662620136d4
舟山市,0000001K00000031000000070000000X,3.33,2017/1/15,330900,412e4ff4-0cbb-471f-a9ea-6d6fcb088c52
杭州市,0000001700000031000000070000000X,2.93,2017/4/25,330100,3bd34e38-38d5-4f72-8562-0697d5dec369
温州市,0000003100000081000000130000000X,63,2018/2/15,330300,b9da99a9-cf10-4683-abd4-83e733815d39
嘉兴市,0000000M0000003V000000070000000X,10.83,2017/12/25,330400,f793a2b0-0aae-49ae-814e-5ec1d6d6e17d
绍兴市,0000000P0000002W000000070000000X,6,2018/8/25,330600,3be2a492-7ca4-4004-9e19-79fcaa773eb1
衢州市,0000003100000081000000130000000X,77.67,2017/3/25,330800,c4aa945b-4cdd-47d6-b34d-f835f3ec0050
湖州市,0000002200000038000000070000000X,4.5,2019/1/15,330500,13053432-e7c7-48fb-a7e4-29ab35b1230c
杭州市,0000001K00000031000000070000000X,3.6,2018/5/25,330100,71a1d746-bd28-481b-9785-f143d78b235b
湖州市,0000000P0000002W000000070000000X,5,2017/1/5,330500,e2e56568-632f-4b8d-8737-4c7c6f959321
杭州市,0000001200000031000000070000000X,5.5,2018/3/5,330100,741a3a7a-7356-4c50-8b4c-f9f1654ac1a7
舟山市,0000001700000031000000070000000X,3.17,2019/2/5,330900,75e1f706-2540-44a2-a635-d789c62c6f09
湖州市,0000000G0000003F0000000700000010,10.7,2018/9/11,330500,d12a8e7d-dcac-454d-8c66-6b9d2348aabe
绍兴市,0000001200000031000000070000000X,4.67,2018/2/5,330600,2236d434-26ff-44a8-b8f1-a4ec1826a141
宁波市,0000001K00000031000000070000000X,4.57,2018/10/5,330200,b748faf0-960b-4a0e-99a1-d06bef2e2cc5
浙江省,0000003100000081000000130000000X,85.93,2018/5/25,330000,f02d53ea-14f5-4a07-8021-729a3087d00a
宁波市,0000000M0000003V000000070000000X,14.17,2018/12/5,330200,dda14093-8988-4d3b-bae9-e36c9fdc5a97
丽水市,0000000X0000007T000000070000000X,42,2017/9/15,331100,19dd477d-6b4f-4d73-b944-5d087cfd7960
温州市,0000000H0000003N000000070000000X,16,2017/11/15,330300,36e7b179-c5d4-4d5b-8fdc-eab01a783d72
舟山市,0000001500000031000000070000000X,5.33,2019/2/25,330900,a35e1c4a-ad82-4861-8dfa-8dbdd8bcad55
丽水市,0000002P0000007W000000070000000X,2.93,2018/4/5,331100,cb9d0208-fef0-4885-8985-a6c95754c149
丽水市,0000001E00000031000000070000000X,3.17,2018/4/5,331100,7f67da13-405e-4701-b91f-576d872cc80c
嘉兴市,0000001K00000031000000070000000X,4.83,2017/10/5,330400,ba5c8460-bef2-44da-8949-e714186fc4d3
金华市,0000001A00000031000000070000000X,4,2017/6/15,330700,10a00e96-36e6-4e9f-b62f-20fb312efa2e
温州市,0000001E00000031000000070000000X,4.5,2018/11/5,330300,60eb664f-d2ec-43c8-bd1c-1e7baa03dfe3
浙江省,0000001500000031000000070000000X,5.97,2018/10/15,330000,a8b447d1-340f-4a3e-b0d3-e6591a8ca40e
宁波市,0000000S0000002Z000000070000000X,10.17,2017/11/5,330200,ccce9000-49bb-4fd5-a11e-956da202d78c
金华市,0000001E00000031000000070000000X,3.17,2017/2/5,330700,30d49b70-a783-4b99-9c39-3dd555cc4396
浙江省,0000000H0000002T000000070000000X,14.12,2018/6/25,330000,b1e634e2-c065-4399-a072-1107a9207eaf
嘉兴市,0000000Z00000031000000070000000X,3.5,2018/4/5,330400,a61ff9eb-a0e5-4726-b6eb-185f337d12b6
金华市,0000000H0000003P000000070000000X,20.67,2017/7/15,330700,7d0afa6f-5d3c-4c98-a063-8dddfc145f65
杭州市,0000000C0000002Q000000030000000X,62.67,2018/4/15,330100,22a74e55-ecf5-4065-8110-511f7d0a8a47
湖州市,0000001500000031000000070000000X,4.83,2018/3/15,330500,92650b6a-5b2a-40c9-b4c7-bfb1f548202d
丽水市,0000000D0000002R000000030000000X,54.6,2018/8/5,331100,8d968ecf-7df7-4300-86bd-133ab8e3a2c4
杭州市,0000002200000038000000070000000X,2.83,2017/3/5,330100,42284337-b438-4865-b379-fc471e0a72d3
舟山市,0000000P0000003E0000000700000010,4.5,2019/3/19,330900,2622a776-79e2-45c5-8796-5fe20d3d8dbb
湖州市,0000000X0000007T000000070000000X,35,2017/4/15,330500,94cf40de-9463-4d45-b9df-9d8999a46b5e
湖州市,0000000J0000003S000000070000000X,34,2018/1/25,330500,e8add2d4-2348-49bc-b19b-7f8bed0788b6
杭州市,0000000H0000002T000000070000000X,18.5,2018/10/15,330100,14d46f97-62c3-49fe-a758-fb29a050cd79
金华市,0000000J0000003Q000000070000000X,41.67,2017/3/25,330700,5eae9eda-3796-4be7-85f7-94e01841816b
温州市,0000000C0000002Q000000030000000X,60,2017/12/15,330300,9e792c29-ac89-4619-b0f1-1299fbd6df28
杭州市,0000000P0000003E0000000700000010,3.8,2019/3/19,330100,c6d2c222-5bb9-4db6-8604-9b77d70e1d3b
金华市,0000001A00000031000000070000000X,7.33,2019/2/15,330700,3194ab0c-0ab1-4438-954f-1736e1ecd56d
绍兴市,0000000H0000003N000000070000000X,14.17,2018/2/25,330600,470aa7db-307b-4343-90ec-9884e8ee879f
丽水市,0000000M0000003V000000070000000X,9.33,2017/6/5,331100,3ddd1e1b-e749-4d0e-8336-cd4bfdd8cc5f
浙江省,0000001K00000031000000070000000X,3.24,2018/11/15,330000,b089230e-ac2a-4d63-ab62-6aa3e3144852
湖州市,0000000S0000002Z000000070000000X,9.33,2018/3/5,330500,da1eba2a-20bd-4f4f-969d-128c70ea9f4a
湖州市,0000001500000031000000070000000X,4.67,2017/4/15,330500,cd8e179d-8873-4f2a-89a3-bfe956fe89cc
宁波市,0000000K0000003U000000070000000X,32.5,2017/4/25,330200,ab74e9d3-acfe-42d2-afcf-f0e1bb64a110
浙江省,0000002U0000007X000000070000000X,4.33,2017/12/5,330000,23b61d6f-1480-4ff3-8038-2e89837ce968
舟山市,0000000C0000002Q000000030000000X,50.3,2018/6/15,330900,adf1f6a3-2da4-4e7d-a1e9-f50c0796a7d5
丽水市,0000000K0000003U000000070000000X,37.67,2018/9/25,331100,f80a23c9-687b-40c8-a851-7b9010cdd664
绍兴市,0000001400000031000000070000000X,4.17,2017/7/15,330600,519ba348-ca77-41b2-b334-d9dfb5d0d1db
浙江省,0000000P0000003E0000000700000010,2.94,2017/4/18,330000,0fa194eb-42ce-48f1-8f0b-836867b7ef06
金华市,0000000M0000003V000000070000000X,12.33,2017/2/25,330700,b7713827-4486-4fa7-be4d-6e567549691a
绍兴市,0000000K0000003U000000070000000X,38,2017/5/5,330600,b3fef8a0-b5d6-4812-a64a-cb7eaa4db71f
湖州市,0000000M0000003V000000070000000X,17.33,2017/10/25,330500,b643311d-089b-4d35-ab27-f8d914a998f3
湖州市,0000000H0000002T000000070000000X,16.33,2017/11/5,330500,92473448-5d26-4575-a6c9-fa9b5fc6716f
台州市,0000001500000031000000070000000X,3.33,2018/3/15,331000,90f9e6f2-a8aa-4cd8-9023-bf66ca43af08
嘉兴市,0000001E00000031000000070000000X,4.67,2019/2/25,330400,741344f3-eae6-4b0b-bd55-66f6a2ed48ef
宁波市,0000001500000031000000070000000X,3.83,2017/6/5,330200,2d93cc2e-b24e-47b5-bd79-b629b2c6f8c3
温州市,0000000P0000003E0000000700000010,4.05,2018/6/12,330300,b16781e7-67a1-49eb-a9b2-ed2daef87aea
台州市,0000001Z00000036000000070000000X,6.33,2017/7/25,331000,67b83fbd-85a1-4ee9-80a1-4c2632692426
嘉兴市,0000000H0000003N000000070000000X,15.33,2017/3/25,330400,9eb3b45f-3df5-4ed5-b6ed-1d661641f379
湖州市,0000003100000081000000130000000X,74.2,2018/1/5,330500,cd339c49-cb3d-4ada-8637-759c90de6fca
宁波市,0000000D0000002R000000030000000X,41.33,2018/3/25,330200,0a2428c7-2d44-46fc-ad08-c1c41ebc271c
杭州市,0000001700000031000000070000000X,2.83,2017/11/25,330100,44549e1e-03ba-4d2c-a25e-55187df542d8
绍兴市,0000001A00000031000000070000000X,4.33,2019/1/15,330600,abe04e4d-9c06-4d3d-a480-1028082970a6
舟山市,0000000D0000002R000000030000000X,44.97,2018/7/5,330900,1389eb0c-f035-4de3-add1-d61f86e0a14e
杭州市,0000000P0000002W000000070000000X,5.67,2018/2/5,330100,d9e8cd8b-25e8-4f11-83b9-4bda8dbbf064
湖州市,0000000H0000002T000000070000000X,17.67,2018/9/25,330500,9163bb0b-7798-4685-a5ca-f31f7567a02b
湖州市,0000001A00000031000000070000000X,6.67,2019/2/15,330500,eb6bdba7-6c84-4443-9fdf-b5f28deeb2b5
温州市,0000000J0000003S000000070000000X,43.67,2017/4/25,330300,22399a2b-22df-4013-995f-e68e47de9549
衢州市,0000002200000038000000070000000X,3.33,2019/1/5,330800,aff4eb44-387c-45b6-afa1-e270a0022365
台州市,0000001E00000031000000070000000X,2.67,2017/3/15,331000,dcdadb19-d46d-4573-acd1-94dfb306a996
丽水市,0000000H0000003P000000070000000X,19.67,2017/3/15,331100,d4cb3954-2e9f-441e-bf10-2b489512a309
丽水市,0000002200000038000000070000000X,3.16,2017/5/5,331100,27e921dc-e246-4f42-9859-644702693a11
金华市,0000000H0000003N000000070000000X,10.17,2018/6/5,330700,c8336e12-ba37-4596-ac60-ab42991cf569
台州市,0000001200000031000000070000000X,3.83,2017/9/5,331000,9ea3648d-674c-40cd-8812-11fd4d692d32
浙江省,0000000H0000003P000000070000000X,23.58,2019/2/25,330000,6f8b4edc-ff24-4d38-8517-24165006e15a
浙江省,0000000P0000003E0000000700000010,4.57,2017/10/17,330000,c847d1f0-a416-4783-b103-ca70067a8221
金华市,0000001200000031000000070000000X,3.33,2018/8/15,330700,8b322543-440d-42ee-8e06-46d125545c13
金华市,0000000G0000003F0000000700000010,10.1,2018/1/2,330700,a6aa29f5-b2be-40a2-a3a5-2cb41c92aae0
台州市,0000002200000038000000070000000X,2.5,2018/1/5,331000,0f77d997-eeb3-4748-8d68-ee400bd0b866
宁波市,0000000Z00000031000000070000000X,6.9,2018/7/25,330200,dcff4ebb-5ec2-426c-9186-923fbefaf6ba
杭州市,0000000Z00000031000000070000000X,5.17,2018/6/5,330100,581695b9-2f96-4c9d-a351-259101edd5e6
台州市,0000000S0000002Z000000070000000X,9.67,2017/12/5,331000,02c31503-81a5-464a-859c-192800af0c6f
嘉兴市,0000002200000038000000070000000X,3.5,2017/2/5,330400,c4358786-ab1a-444d-b40a-75a0b45cff04
宁波市,0000001E00000031000000070000000X,6.2,2018/7/25,330200,d0a8941a-8381-49c1-8b18-f710d8b60e1c
宁波市,0000001Z00000036000000070000000X,7.37,2018/12/15,330200,05453df3-8a82-430c-b85d-3a6609864b09
湖州市,0000000X0000007T000000070000000X,35,2018/7/25,330500,b9990c62-893b-46c3-a102-046f45418494
温州市,0000000M0000003V000000070000000X,15.33,2018/11/5,330300,508c2154-ea40-48da-a5ac-17814a2c08e5
台州市,0000000S0000002Z000000070000000X,9.5,2017/4/5,331000,0ce3f64b-67c6-401d-b9c3-06f36832fc69
宁波市,0000001Z00000036000000070000000X,6.67,2017/3/5,330200,b07f30d5-654a-4228-9260-01080424993c
杭州市,0000001400000031000000070000000X,11.67,2019/3/5,330100,b7811843-564d-4141-aacd-03b7238b2e7c
温州市,0000000H0000003N000000070000000X,15.33,2018/7/25,330300,f14b88e8-81c7-4f6a-895e-b996c356cf8f
嘉兴市,0000001E00000031000000070000000X,4.17,2017/3/25,330400,48b11869-0861-45ce-889d-410cdb9e1a08
杭州市,0000002P0000007W000000070000000X,2.87,2017/8/5,330100,04d3f5a6-0899-4686-9988-b0482bdf27bd
丽水市,0000000C0000002Q000000030000000X,70.23,2018/12/15,331100,ff45002a-7613-45dd-92ca-67505a9e0176
丽水市,0000000G0000003F0000000700000010,10.3,2017/4/4,331100,e0c24a76-c617-477a-956b-991a93b223f0
湖州市,0000001700000031000000070000000X,3.17,2019/1/25,330500,647ddc6c-c9de-4260-8f4d-5ba52135beec
温州市,0000003100000081000000130000000X,63,2017/3/25,330300,e062c2cf-7355-4f0b-b69f-64b24375f73a
金华市,0000001Z00000036000000070000000X,5.67,2018/8/25,330700,d15fbb1b-8da5-4968-ac18-5b2f56b6e667
温州市,0000000H0000003P000000070000000X,25.67,2017/12/25,330300,fbd87c64-3fdd-4de8-98b7-6ca4c02fc984
嘉兴市,0000001E00000031000000070000000X,5,2018/2/5,330400,e21e44ec-1937-4da9-a637-5e94175f01b2
金华市,0000000M0000003V000000070000000X,12.33,2017/6/25,330700,dc25ebdc-f174-4e1f-bab7-1133bc3a698a
温州市,0000000H0000003P000000070000000X,26.33,2017/1/25,330300,291af873-7eb1-42d2-aacd-aae3e2637496
杭州市,0000000H0000003N000000070000000X,15.67,2017/7/25,330100,295b8fe4-6254-4774-93c8-12750df7d147
绍兴市,0000002P0000007W000000070000000X,2.33,2017/8/5,330600,ffe82ae2-90d7-4386-b363-4eefe09d0798
衢州市,0000000G0000003F0000000700000010,9.3,2017/8/29,330800,f9e18487-79c8-4d89-ba0f-0a6fc6d87479
台州市,0000001E00000031000000070000000X,2.5,2017/4/5,331000,42bae9d4-6b26-4201-a564-f0aef6732c44
绍兴市,0000000P0000003E0000000700000010,3.8,2019/3/5,330600,a5f200f0-9586-4f4f-85fd-689fcaa8134e
温州市,0000000J0000003S000000070000000X,48,2019/2/5,330300,61560ac9-d0d1-46ea-876c-5985566ba05d
温州市,0000003100000081000000130000000X,63,2018/9/25,330300,3afafcdf-8096-44b5-a706-8dc9231070ba
浙江省,0000000Z00000031000000070000000X,5.24,2017/10/5,330000,c93b4a5b-9f58-4328-993c-2a796c6eb3a9
嘉兴市,0000000D0000002R000000030000000X,35.33,2018/4/25,330400,ffe6d74a-e243-4a70-8f74-7bc0838c513d
嘉兴市,0000000J0000003Q000000070000000X,40.67,2019/1/15,330400,97698022-595d-4946-9db4-0fd6d6fcef1f
金华市,0000001Z00000036000000070000000X,6.33,2019/3/15,330700,8a2bd0f9-cfd2-47df-aec8-fcf3d4973bcc
绍兴市,0000002P0000007W000000070000000X,2.5,2018/7/5,330600,6a5b997e-9ae9-46cd-a306-2f29ed6264df
温州市,0000000H0000003P000000070000000X,25.33,2016/12/15,330300,e90ba024-8a2c-413d-9e76-73461e463971
温州市,0000000J0000003S000000070000000X,48,2019/2/15,330300,1e46ddf3-1f28-436b-84d3-b67bc03a16ce
杭州市,0000000S0000002Z000000070000000X,8.27,2019/1/5,330100,4741a920-9a0f-4c90-a0d3-d100dd9ff887
杭州市,0000000H0000003P000000070000000X,20,2017/9/25,330100,afdf92c4-d926-4b11-b535-286840f64942
舟山市,0000001700000031000000070000000X,2.83,2019/1/15,330900,67ebe53d-25bf-4482-9117-b223332822f3
金华市,0000000Z00000031000000070000000X,5,2019/2/5,330700,bfb05a2a-3aa0-4491-a908-03f0a1ab6b6c
杭州市,0000000H0000002T000000070000000X,17.6,2017/5/25,330100,b73b460e-b41b-4b02-ab8f-d8fa18cb7262
浙江省,0000001E00000031000000070000000X,3.71,2017/1/25,330000,5e1259cd-7b23-4f8a-be38-1f69fe2af1fb
绍兴市,0000001200000031000000070000000X,5,2019/1/25,330600,b1c47c88-16da-405c-be66-dfd959d955c5
浙江省,0000000Z00000031000000070000000X,2.91,2017/4/5,330000,dc9ca516-e3e5-4087-b217-fd09c3f4ce77
宁波市,0000001A00000031000000070000000X,5.57,2019/1/15,330200,9ddedfdf-9d71-4450-89e1-0095aeaad26a
绍兴市,0000000J0000003Q000000070000000X,40,2017/4/25,330600,b04259f4-c586-4208-a8fe-6d82fea55097
舟山市,0000001A00000031000000070000000X,5.83,2017/2/5,330900,73a29457-2a24-465a-84ad-6caa28970aa8
温州市,0000000H0000003P000000070000000X,25.67,2017/3/15,330300,2aaf6f4a-d77a-454b-99e7-f31abcc36f31
衢州市,0000001400000031000000070000000X,4.5,2017/9/25,330800,739ae7fe-599e-4520-8a0a-5af2126cb5ce
台州市,0000001500000031000000070000000X,3.67,2018/1/5,331000,344a24bc-2740-4931-830d-71764f63dc42
绍兴市,0000001500000031000000070000000X,5.5,2018/10/15,330600,18fac3c1-a1f8-47a6-aa40-e5c6c6e3fcdb
宁波市,0000001A00000031000000070000000X,4.93,2017/2/25,330200,57a171c2-5982-43bf-b474-75ddea1659ce
浙江省,0000001400000031000000070000000X,6.62,2017/2/5,330000,b14263e4-025f-43fd-b394-65645e3083e7
绍兴市,0000000P0000003E0000000700000010,4.4,2017/9/12,330600,db103cfa-a175-45d0-ba2a-c1b4b0b3816b
杭州市,0000000S0000002Z000000070000000X,8.5,2019/2/25,330100,39fb03f1-3392-4f2d-985e-45911eb4487f
衢州市,0000002U0000007X000000070000000X,4.33,2017/5/5,330800,ad65df9a-1a6c-42fb-b164-19ca4ce3988d
杭州市,0000001E00000031000000070000000X,3.83,2017/4/15,330100,d02071b4-6c05-462b-a146-456c1682b90c
舟山市,0000000P0000002W000000070000000X,5.33,2018/7/15,330900,0d277284-7fd7-4076-a73c-e114dc362df9
湖州市,0000001E00000031000000070000000X,3.5,2018/12/15,330500,07f664a6-2d0c-4ae2-bbb4-9962e9af88c4
绍兴市,0000001400000031000000070000000X,4.83,2017/11/25,330600,8ac82f04-85e1-4c72-a15e-80109e7b9181
丽水市,0000000H0000002T000000070000000X,14.17,2017/5/5,331100,542a3ef2-7a1b-456f-bc8a-9f4bf2d9197d
湖州市,0000001E00000031000000070000000X,4.17,2017/12/5,330500,eaf64d00-a4a7-4062-9cde-559bf8c5f4c3
衢州市,0000001500000031000000070000000X,3.83,2018/4/15,330800,257faef1-d9b5-4ab8-8995-520a0bb39d00
衢州市,0000001K00000031000000070000000X,2.83,2017/12/5,330800,f8eb8c40-6093-4156-95a9-c4d9fcb22187
台州市,0000000H0000002T000000070000000X,13.33,2018/8/25,331000,1006100d-2a59-4b07-b9e9-5707d5698972
绍兴市,0000001400000031000000070000000X,7,2017/2/5,330600,90748d45-a1f4-4391-9a29-e10a88312af6
温州市,0000001700000031000000070000000X,2.83,2019/1/5,330300,a543ae60-9e09-4ceb-8e64-ecd5255900bf
嘉兴市,0000002P0000007W000000070000000X,3.2,2017/5/5,330400,17435960-ac8e-4ea1-a690-311da85dffc4
嘉兴市,0000001A00000031000000070000000X,4.83,2017/4/15,330400,006e7bc1-4f47-415d-8a9f-5a00be996f1d
嘉兴市,0000000H0000003N000000070000000X,14.67,2018/4/25,330400,64fb978e-dd6c-4b98-8907-8c6bdce8e174
湖州市,0000000K0000003U000000070000000X,0,2018/3/15,330500,bcaf8420-c6c8-43fa-a3bb-249c63562197
杭州市,0000000H0000002T000000070000000X,16,2018/6/15,330100,1643698e-0535-4dd6-85f5-94eace10a76c
温州市,0000000P0000003E0000000700000010,4.5,2018/2/27,330300,fc25049b-2323-4d73-becd-121d0014ee35
宁波市,0000002200000038000000070000000X,3.73,2017/4/5,330200,9aee844b-162b-4fd0-848d-0e2ef1634947
金华市,0000000H0000003N000000070000000X,11.5,2018/8/25,330700,8db0b346-d4ab-41b5-aeee-aff4c42c7a25
湖州市,0000001500000031000000070000000X,4.83,2018/9/15,330500,c77b2ece-49f0-4659-a51f-899fe6b8e569
杭州市,0000001K00000031000000070000000X,4.17,2019/2/5,330100,bf728ddd-4959-4040-b9e1-1fcf2e29c7f2
杭州市,0000000H0000002T000000070000000X,17,2017/11/15,330100,4f096bd9-94cc-4ee7-8ef9-b7137d7784f9
温州市,0000001500000031000000070000000X,4.83,2017/10/15,330300,bda5f2f4-1ef1-4a11-af7a-fb052b60acdc
衢州市,0000001200000031000000070000000X,4,2017/11/5,330800,e100b888-f468-47bd-9ec6-f692465cd9df
浙江省,0000000H0000003N000000070000000X,14.81,2019/1/25,330000,893a5627-5589-4e0a-848b-d81b0ed3ec65
浙江省,0000000X0000007T000000070000000X,40.73,2018/4/15,330000,fea6fd9c-26d0-4532-9e2e-f21efa3736ed
舟山市,0000000P0000002W000000070000000X,4.5,2017/7/25,330900,eaf3f218-1958-4937-935f-c512925f29bc
浙江省,0000000H0000003P000000070000000X,24.21,2018/9/15,330000,9e43d2d1-b7dc-45be-b768-902f943167bb
温州市,0000000H0000003P000000070000000X,30,2018/11/15,330300,f3be59dc-4f9a-401e-9880-f15e68c136e4
丽水市,0000000D0000002R000000030000000X,54.6,2019/1/25,331100,d864a17e-2b7a-4aef-b2ca-bf3d9bf1d8ff
衢州市,0000000S0000002Z000000070000000X,9.5,2017/4/25,330800,12db8b0d-c8da-4c6b-919e-6e7e2b0d4256
浙江省,0000000D0000002R000000030000000X,43.62,2018/2/5,330000,928d37a4-307d-44b4-b5a3-1ad46c1db445
金华市,0000000P0000003E0000000700000010,4,2018/3/6,330700,777934a4-faa5-4101-9b7d-82fc85dceed6
浙江省,0000002U0000007X000000070000000X,4.27,2017/10/25,330000,9e4c8bc0-5a5c-495a-8079-381eee25b1a2
杭州市,0000000G0000003F0000000700000010,9.71,2018/1/30,330100,129be05e-7972-49e8-b1f4-54f2197de063
嘉兴市,0000000J0000003S000000070000000X,32.33,2017/10/25,330400,2c38b27f-fd14-4c4b-9175-526ab602b2fc
浙江省,0000001Z00000036000000070000000X,5.83,2017/1/5,330000,db6dd938-8362-4b6b-b408-10b31dd4087c
温州市,0000000S0000002Z000000070000000X,9,2018/9/15,330300,89fdf5b8-4b8f-4bbf-9c40-2835923594e2
杭州市,0000000X0000007T000000070000000X,39,2017/10/15,330100,88836d25-5c0e-4ed5-b204-e8ff95d0c8e3
丽水市,0000000M0000003V000000070000000X,11.33,2017/11/25,331100,c022f415-0263-47e8-8cd2-ffa82fba86bc
丽水市,0000001500000031000000070000000X,4.33,2016/12/25,331100,04f82d2a-a61b-4002-845a-8466ac1eb75d
绍兴市,0000000H0000003N000000070000000X,13,2018/8/5,330600,5c729ea0-15f6-4ec1-abd4-bedb378db7df
台州市,0000000D0000002R000000030000000X,38.67,2018/9/15,331000,52b3bb0f-68cf-4244-b2ac-51f33338ef9a
宁波市,0000003100000081000000130000000X,138.33,2019/2/25,330200,6e0f705b-7782-45c9-b6cc-d5853b98c422
金华市,0000000G0000003F0000000700000010,10.1,2018/2/20,330700,15d6cff4-010d-46d2-9ab1-68de2fb8036d
台州市,0000001E00000031000000070000000X,5,2018/6/5,331000,d590643d-cd9a-415f-83ea-330f7c5a6729
丽水市,0000001E00000031000000070000000X,3.17,2017/5/5,331100,d37ca710-cfbe-4542-b958-9f2fc424efa7
舟山市,0000002U0000007X000000070000000X,5,2017/4/5,330900,857e948d-5a41-44ba-a951-d64cfcfe2e4c
衢州市,0000000S0000002Z000000070000000X,9.5,2017/11/25,330800,d9a6409e-7dbc-4fd2-9930-08569c5d35ca
绍兴市,0000000Z00000031000000070000000X,2.67,2017/4/25,330600,ad7fc362-21e3-477b-a019-0f88d79cd42e
丽水市,0000000P0000003E0000000700000010,3.4,2017/7/4,331100,e980b263-4a96-4d12-991f-c14bc6c35b9f
衢州市,0000000H0000003P000000070000000X,24.33,2018/2/15,330800,4bee044b-2829-4cdd-b96a-85b6309b7349
嘉兴市,0000000H0000003N000000070000000X,14.33,2018/5/15,330400,bf49733a-7ac9-44e1-958b-79064f1b3afc
嘉兴市,0000000M0000003V000000070000000X,11.17,2017/5/5,330400,0986a22a-6392-4a11-b4fd-88d0c4a7f218
湖州市,0000001400000031000000070000000X,4.83,2017/9/25,330500,116c1eb5-654e-4229-b4fa-bde7ccb74eca
浙江省,0000000H0000002T000000070000000X,17.09,2017/1/25,330000,a3cc7934-fca8-4d2a-821d-61b6e87d6a08
台州市,0000000X0000007T000000070000000X,26.67,2018/5/5,331000,8d0e41cb-62e0-4656-b216-b7634a6e0c4b
衢州市,0000000G0000003F0000000700000010,11.3,2018/10/23,330800,b20021a4-4bbb-4b2b-a03d-32a0a892fdd1
杭州市,0000000K0000003U000000070000000X,33,2016/12/25,330100,83de91c3-ebe3-4ec5-9316-4eee5f02f4de
舟山市,0000000M0000003V000000070000000X,14,2017/12/15,330900,cc451d40-8860-41f6-bf12-dd3ec3ac1fc6
金华市,0000001E00000031000000070000000X,6,2018/7/25,330700,06740ecd-65a6-429f-8244-f53798f14008
丽水市,0000001A00000031000000070000000X,4.33,2017/9/25,331100,c801fcbf-8f59-4bcf-b9bd-becfdd99284e
金华市,0000001E00000031000000070000000X,6.33,2018/10/15,330700,d034cf5c-36dd-41cf-8206-0223078b2405
浙江省,0000000D0000002R000000030000000X,43.73,2017/8/25,330000,22a0c943-9543-467a-a320-e20c93570d50
衢州市,0000000S0000002Z000000070000000X,8.5,2018/12/15,330800,56716a1a-60fd-4466-b937-7d7968dc4b85
台州市,0000000S0000002Z000000070000000X,10.33,2017/8/5,331000,b2d3f442-b20a-46b4-83aa-092e790ea3fa
丽水市,0000000H0000002T000000070000000X,16.33,2019/2/25,331100,c2adcb91-eb64-4802-814c-e5501bde0394
温州市,0000000H0000002T000000070000000X,17,2018/6/5,330300,fe71b8de-799a-4263-8b19-dc7930e7203e
嘉兴市,0000001700000031000000070000000X,3.17,2016/12/25,330400,620d52d8-e560-45c2-8635-8cbf47cb6895
温州市,0000001K00000031000000070000000X,4.83,2017/10/25,330300,a3111ec8-d58a-4fbc-a4f5-bea979ba6de2
台州市,0000001500000031000000070000000X,4,2017/4/5,331000,a1a40574-371d-40ed-9ba2-6e564c33e531
湖州市,0000000M0000003V000000070000000X,17.33,2017/8/15,330500,2df91c6c-4772-4dff-9fbe-b2466bf3027d
绍兴市,0000001Z00000036000000070000000X,4.17,2017/12/15,330600,b4cdc066-5e40-4401-ae4f-1a774dea3d19
宁波市,0000000D0000002R000000030000000X,46.43,2017/3/25,330200,14269398-6851-4978-84a9-d87c748562f7
舟山市,0000000C0000002Q000000030000000X,49.3,2018/2/25,330900,56fef074-0610-4bff-a9ef-3785bfaa0196
丽水市,0000000X0000007T000000070000000X,46.67,2019/2/5,331100,bca2fa80-7e01-4ce9-a517-81cdda4c53c9
绍兴市,0000000J0000003S000000070000000X,33,2017/2/25,330600,ab88f9ad-a345-4c47-8b81-e9f603ba1a93
衢州市,0000000H0000002T000000070000000X,18.33,2018/3/15,330800,a9c7ab93-21b5-4d39-9ddd-fe23aa1281ff
绍兴市,0000002U0000007X000000070000000X,4.67,2018/2/15,330600,0c5ecca3-fff4-40cd-9af1-42854abadcc9
湖州市,0000000P0000003E0000000700000010,3.7,2018/4/17,330500,38ddde26-76b3-4afc-9edd-99e969c91a8a
杭州市,0000001Z00000036000000070000000X,6.77,2017/3/15,330100,ae85fbfb-f051-4541-bee0-3c6c8bd4ef77
衢州市,0000000S0000002Z000000070000000X,9.67,2017/5/25,330800,64e1c42c-d264-43a6-8481-7094a8bcce1d
丽水市,0000000P0000002W000000070000000X,4.27,2017/4/15,331100,68aeed3b-f8a2-42b6-bfbc-6257ae95d292
舟山市,0000000M0000003V000000070000000X,14,2018/4/25,330900,1cc314ba-619c-419e-808c-7bc515b71810
台州市,0000000P0000003E0000000700000010,2.93,2017/4/11,331000,9bd7f778-a3d9-407c-80fd-0bc1e4cd00fe
丽水市,0000000S0000002Z000000070000000X,9.67,2017/7/5,331100,5c52be12-f23d-492b-9e63-ddee4a9c4596
湖州市,0000000J0000003Q000000070000000X,38.33,2017/3/15,330500,7fa311fc-41af-41fa-a387-dcb8ec4145b3
湖州市,0000000H0000002T000000070000000X,16.33,2017/5/25,330500,06f333d1-3405-4885-ae68-ef146ae72624
绍兴市,0000001500000031000000070000000X,4,2017/5/15,330600,cbbf728d-a945-414a-9ed9-5778a4a07dc9
温州市,0000000P0000002W000000070000000X,5.33,2018/7/15,330300,b159ccc0-199f-43b0-adf5-8bca3716d020
丽水市,0000000P0000002W000000070000000X,6,2018/9/15,331100,0533a534-1877-4253-b096-7e398737740e
舟山市,0000001200000031000000070000000X,5,2019/1/15,330900,e0b1e0a5-0e99-4c5b-b9f8-27d8dee0d433
舟山市,0000000M0000003V000000070000000X,14,2018/2/25,330900,0bc59350-6c65-4bd4-bef3-9932522f4d51
绍兴市,0000000P0000003E0000000700000010,4,2019/2/26,330600,0ef15abc-044c-40c2-9190-ed2f99d1b4ad
温州市,0000001700000031000000070000000X,3,2018/1/25,330300,aabd261b-49e6-461c-bd33-96126cb69ccd
温州市,0000001Z00000036000000070000000X,7,2018/12/25,330300,c00159a4-cacd-432d-9ec1-1bc3396e6a1f
宁波市,0000000M0000003V000000070000000X,14.17,2018/12/25,330200,b074a162-055a-49c6-8fdc-5f8941c3ef77
丽水市,0000001A00000031000000070000000X,5.33,2018/4/25,331100,b1027fa4-e30d-435a-923b-83c55b2fb802
绍兴市,0000000J0000003Q000000070000000X,45,2017/2/5,330600,98021414-3d78-457a-bc8e-78523ba2e361
衢州市,0000001500000031000000070000000X,3.5,2018/5/25,330800,b5962b26-c96c-47ca-b2a6-dc5662ae6c21
绍兴市,0000000P0000002W000000070000000X,4.67,2017/3/25,330600,34bf686e-fc81-4a82-b960-8a8a58de6ac3
嘉兴市,0000000P0000003E0000000700000010,4.67,2017/8/29,330400,095bc7f6-b4b3-4c74-adda-57cd57a10f16
丽水市,0000003100000081000000130000000X,84,2018/8/15,331100,353a3722-0036-4fb4-9bfa-38c609dfd7fd
嘉兴市,0000001Z00000036000000070000000X,5.67,2017/8/5,330400,f80d65bb-bb49-4bb5-8fa5-70514622bc17
杭州市,0000000M0000003V000000070000000X,11.63,2018/1/25,330100,5c0cc3a8-45b6-4ae6-80b9-55f90bcdc988
嘉兴市,0000000H0000003P000000070000000X,19.67,2018/5/25,330400,be853052-3aab-449e-999d-6f911350f12d
台州市,0000000S0000002Z000000070000000X,10,2018/7/25,331000,193ec308-cff7-4b31-904d-59f3a5cc5964
丽水市,0000000X0000007T000000070000000X,50,2017/4/15,331100,f2e6d15e-e15f-472d-bdbf-43caa6cc81c4
舟山市,0000001500000031000000070000000X,4.33,2017/6/25,330900,e7497523-3bef-4847-9c02-69161a3a76fe
湖州市,0000002P0000007W000000070000000X,3.89,2018/9/15,330500,cf82d0af-cda4-4087-a908-f208ec018f6d
温州市,0000000G0000003F0000000700000010,8.76,2018/7/31,330300,4d878db1-8aa9-4e96-906f-5a98979b6d12
杭州市,0000000J0000003Q000000070000000X,40.5,2017/9/25,330100,cea08e04-b56e-41ab-a7c6-e0f19a332d70
绍兴市,0000001Z00000036000000070000000X,4.33,2018/7/15,330600,18a392c7-33b5-4d5a-941e-9b3840d1d31b
嘉兴市,0000000H0000003P000000070000000X,23.67,2018/2/15,330400,c8225db0-b8ea-4cc7-9f7b-f51507f13db8
嘉兴市,0000002U0000007X000000070000000X,4,2018/5/25,330400,0e7641db-0039-4caf-a6d5-ad0798be7052
台州市,0000000G0000003F0000000700000010,9.5,2017/7/4,331000,1fa34860-90de-4a67-b750-7681ddfcce34
温州市,0000000H0000003N000000070000000X,16.67,2017/4/25,330300,fcbf5eb0-9893-4bab-9e5a-e7f3493359d1
丽水市,0000002200000038000000070000000X,3.5,2017/6/5,331100,76bae81f-b603-438c-a263-162b0ec1eb38
金华市,0000000P0000002W000000070000000X,5.33,2017/9/5,330700,3c62fbcf-ffea-4b9f-b997-a73e9300d55b
嘉兴市,0000000X0000007T000000070000000X,36.33,2017/1/15,330400,2f625a05-125b-4cae-b74c-c591567ccfd1
温州市,0000000J0000003S000000070000000X,42.67,2018/3/15,330300,043a729f-ad51-43cc-aa18-8ea2a1a235d9
浙江省,0000001400000031000000070000000X,4.62,2018/6/25,330000,0c1a4829-c196-4c70-978e-21d892fb3ba6
丽水市,0000002P0000007W000000070000000X,2.6,2017/6/25,331100,b4388164-3196-41c9-a6bc-05b0178e5573
湖州市,0000001700000031000000070000000X,3.17,2019/2/5,330500,7319c9f2-2563-4912-ad55-54656dd29691
金华市,0000000P0000003E0000000700000010,3.8,2018/6/19,330700,ac734474-4843-46d0-80d7-5e6e44e02188
浙江省,0000001K00000031000000070000000X,3.49,2018/7/5,330000,cb688056-1a70-4db1-bf0a-9a4a785eb310
嘉兴市,0000001700000031000000070000000X,2.83,2017/10/25,330400,acd7b6d3-596e-4eb3-a326-7d17c93da0cc
绍兴市,0000001K00000031000000070000000X,3.83,2017/10/5,330600,ac928a73-b649-4a2c-b5bf-325fa6396050
宁波市,0000000G0000003F0000000700000010,9.54,2017/7/18,330200,05c4bd8f-dacc-41c4-b9ca-1a4b1e146438
台州市,0000001A00000031000000070000000X,3.83,2017/6/5,331000,20d325f0-5fe0-4599-b244-2cc3e3f5426a
绍兴市,0000000X0000007T000000070000000X,50,2017/3/15,330600,f008ac0d-e458-4db1-b2de-c8103029ae6e
宁波市,0000000P0000002W000000070000000X,6.2,2018/11/5,330200,8671b98f-119d-488f-ac2d-3f64426b875e
舟山市,0000001500000031000000070000000X,4.83,2016/12/15,330900,b3f9861e-a071-42e5-9c50-4e43062a2e76
丽水市,0000001K00000031000000070000000X,3.83,2017/8/5,331100,cc414ab9-ffa0-475a-8809-454cf9ebed59
丽水市,0000000J0000003S000000070000000X,34.33,2017/7/5,331100,f77f2599-c01c-4e0f-811b-5841112e0fc8
湖州市,0000002200000038000000070000000X,4.5,2018/11/5,330500,9dc32611-a88f-4dd7-944f-f4750a92d5d1
杭州市,0000001K00000031000000070000000X,3.17,2017/4/5,330100,db455120-1da0-4db4-a4d0-8e8a3bbb08a7
台州市,0000000M0000003V000000070000000X,10.33,2017/4/5,331000,53ebb952-6773-4a6a-a962-5d05025c3bfe
台州市,0000000S0000002Z000000070000000X,10,2018/6/5,331000,040fbf31-1f6e-43ce-82c8-fd8001893fe0
金华市,0000001700000031000000070000000X,2.5,2018/11/5,330700,54ced643-dba7-4e13-9df8-0c10f5a3b229
舟山市,0000002U0000007X000000070000000X,4.33,2018/8/25,330900,0fb01d4b-b0bc-4df1-b2ca-09a3781c37e7
绍兴市,0000000Z00000031000000070000000X,4.17,2018/12/25,330600,2ae46a75-b481-45c3-a0a0-2cead68bbb4d
杭州市,0000001200000031000000070000000X,4,2017/12/15,330100,34622c41-00d3-4919-8824-944876d58dee
舟山市,0000000H0000003N000000070000000X,13.33,2018/7/5,330900,a50bccc9-179c-452e-ac7e-d8c5f63f6eb1
杭州市,0000000C0000002Q000000030000000X,63.33,2019/1/5,330100,30eba825-47b7-433e-913a-65c538536665
丽水市,0000000P0000002W000000070000000X,5.33,2017/9/15,331100,bc068b82-2551-4a26-8a0c-ba51ecf05058
金华市,0000001K00000031000000070000000X,3.17,2017/11/5,330700,ce8469a4-d8ea-4a1c-80f7-61444cfc171f
丽水市,0000001700000031000000070000000X,2.67,2017/2/25,331100,81bc6940-7a12-4e2a-bbef-afc1f5ea2ac4
绍兴市,0000000X0000007T000000070000000X,37,2017/6/5,330600,dc6b5501-33b8-4824-b945-2f3aa6db99fc
嘉兴市,0000003100000081000000130000000X,79,2017/12/15,330400,1bdb54dd-1489-41f1-8acd-18b4cad10954
温州市,0000001K00000031000000070000000X,4.33,2018/8/25,330300,707b05aa-a1ae-4678-86d7-aca04993ed09
绍兴市,0000000X0000007T000000070000000X,46.67,2019/3/15,330600,ef0631e2-22fc-4116-938c-bd747ef07110
金华市,0000001500000031000000070000000X,3.5,2017/6/5,330700,1acc0b4f-980b-422f-b8b7-4f3b1ee18217
宁波市,0000001A00000031000000070000000X,4.87,2017/11/25,330200,75ac7f21-0205-4ad8-9b3b-de049d48d174
宁波市,0000001500000031000000070000000X,4.5,2017/9/15,330200,280c0b6d-f5c8-4107-8c1e-61e83e07776a
宁波市,0000000P0000002W000000070000000X,6.03,2018/12/5,330200,ce39023b-fe53-4d64-bfd8-c6137220abd7
宁波市,0000001Z00000036000000070000000X,7.27,2018/11/15,330200,512770e4-4b03-4240-8b57-e57458d451f5
台州市,0000002U0000007X000000070000000X,4.33,2017/3/25,331000,989e6f75-b314-40f1-994f-23235266d59a
舟山市,0000001Z00000036000000070000000X,7.67,2018/2/25,330900,6daea7d2-6d5c-4028-8437-078e43573e4e
湖州市,0000000P0000003E0000000700000010,4.5,2017/11/7,330500,b577f84e-fcb9-4fad-a377-e5e52f9aea17
宁波市,0000003100000081000000130000000X,176,2017/5/5,330200,7e582527-fdd7-4d32-af42-93894273c937
温州市,0000000X0000007T000000070000000X,48.33,2017/6/25,330300,c88fd5df-7cd4-4f23-8728-d22ec3f6491d
宁波市,0000001K00000031000000070000000X,3.53,2017/7/25,330200,dbc4ad84-3710-4285-b4cd-8aca6245c198
宁波市,0000000X0000007T000000070000000X,42.33,2019/2/5,330200,afa59de5-102d-4328-91a1-7d895a4bcc9b
金华市,0000001500000031000000070000000X,4,2017/8/15,330700,a01cab0a-ca97-4e0b-8d6f-5e8ec1057e2d
湖州市,0000002P0000007W000000070000000X,3.89,2018/5/5,330500,3f59e5d2-0b57-494b-b2ed-654730c3700e
嘉兴市,0000000C0000002Q000000030000000X,65,2017/8/15,330400,8fe985aa-0e37-4d82-bd6f-24b00f64ada1
台州市,0000000G0000003F0000000700000010,13.8,2018/9/18,331000,4a2bc7d1-32f5-4715-b3b6-9640a3916d03
绍兴市,0000000H0000003N000000070000000X,12.33,2018/6/25,330600,8762fc04-a419-4d7e-825e-3f9aefc57fd3
台州市,0000001400000031000000070000000X,5.17,2017/8/5,331000,3ab81460-dc66-4195-bd68-98c4d0ae4a93
湖州市,0000000J0000003Q000000070000000X,39.67,2018/6/25,330500,61cecf5c-af39-4559-b988-2f44bf234ff2
浙江省,0000001400000031000000070000000X,5.83,2018/4/25,330000,5210b6aa-9a8f-43ff-9610-ab5c59cb3607
浙江省,0000000M0000003V000000070000000X,12.18,2017/1/5,330000,ad26e50b-f3bc-4431-a94b-28673c8b4fdb
杭州市,0000002P0000007W000000070000000X,2.62,2017/2/25,330100,4139af12-5f41-4580-b7c4-e067dc80e902
舟山市,0000000J0000003S000000070000000X,33.67,2017/8/15,330900,09178794-d29c-4c84-91c2-15dd411bb962
衢州市,0000001400000031000000070000000X,5,2018/4/15,330800,8d29bec3-ffd3-43bd-8516-cf16832d89ae
宁波市,0000003100000081000000130000000X,176,2017/4/25,330200,ac00aff0-717f-4244-8c74-51329e6c8731
浙江省,0000000P0000002W000000070000000X,4.25,2017/7/25,330000,b3777f09-c0eb-4e57-857b-8679af65d482
浙江省,0000000H0000003P000000070000000X,23.38,2017/1/5,330000,d48fa10a-8f1d-4a6f-be4b-1b16d40af82a
金华市,0000001400000031000000070000000X,7,2018/3/25,330700,7670e856-6904-4429-870f-33557531f62e
衢州市,0000000K0000003U000000070000000X,35,2018/11/5,330800,6fb001e4-84ad-45bb-8412-6073f37eb8bb
浙江省,0000001700000031000000070000000X,2.93,2018/4/15,330000,e2eb7816-40a4-4589-a4a1-4f1a14773c81
丽水市,0000000K0000003U000000070000000X,32.67,2017/3/25,331100,1237aecb-bfa0-44dc-ba44-3d70011d9bf7
湖州市,0000000M0000003V000000070000000X,17.33,2017/7/25,330500,34e6a011-99bd-48b1-be7f-3b4047684189
温州市,0000000D0000002R000000030000000X,46.67,2017/3/25,330300,48484ad0-7c95-44bc-8952-0f736c113dec
衢州市,0000001700000031000000070000000X,2.67,2018/4/5,330800,abd7fbdb-3de3-4779-806f-caeae7dd0a9e
温州市,0000001K00000031000000070000000X,4.5,2017/12/25,330300,19434521-6a02-4dc0-afac-3d97d2875e77
绍兴市,0000000K0000003U000000070000000X,37.33,2018/8/5,330600,d4c0123e-38da-4bec-99c0-19d736af480a
湖州市,0000000G0000003F0000000700000010,7.4,2018/4/24,330500,615b5eb0-516e-4ed2-8d6f-652d19069891
绍兴市,0000000H0000003N000000070000000X,13.33,2017/10/25,330600,0913e855-a3ff-401a-bc89-100089fe120e
温州市,0000000H0000003P000000070000000X,25,2017/11/25,330300,2118b5b3-5a7b-4acb-89b8-c08460b9fea1
衢州市,0000000J0000003S000000070000000X,38,2019/1/15,330800,fce924ac-33b9-49ae-a526-7d4f910a9c67
丽水市,0000003100000081000000130000000X,84,2018/4/25,331100,9d7f05d7-badf-4d7a-9a8f-2758c178dbf2
宁波市,0000001400000031000000070000000X,7.5,2018/3/25,330200,7f5c77e4-80e9-4f86-8bc3-02604ccba8e6
温州市,0000001700000031000000070000000X,2.83,2018/11/25,330300,c191927d-ceae-4553-a969-a487357b1da5
丽水市,0000000H0000002T000000070000000X,14,2017/7/25,331100,73737b82-15d4-4388-898b-7379bdffd976
衢州市,0000001500000031000000070000000X,4.33,2017/11/5,330800,fb389522-7d42-48c1-a3c5-17df61dfd522
绍兴市,0000000S0000002Z000000070000000X,8.83,2017/5/15,330600,c629ae52-fd07-42ec-b654-2c8ac8681b78
金华市,0000000D0000002R000000030000000X,40,2017/12/5,330700,acc32012-1e0d-4709-9a87-11ccd32a6e71
台州市,0000001A00000031000000070000000X,4.83,2017/3/5,331000,c41a4b76-3282-43b8-abf2-1ebc9c4457bb
金华市,0000000J0000003Q000000070000000X,41.67,2017/2/25,330700,ad11a42a-e9c5-409e-aed3-4533336a4e66
舟山市,0000001200000031000000070000000X,4.17,2016/12/25,330900,5876f676-9ef7-4bec-998c-143642dc602a
浙江省,0000000P0000003E0000000700000010,4.89,2018/10/9,330000,c4230b08-831d-4ff5-864f-d58105ee8085
衢州市,0000001K00000031000000070000000X,3,2016/12/15,330800,7dccbbf6-7e6f-4d38-8955-cd02969f1177
绍兴市,0000002U0000007X000000070000000X,4.33,2017/4/25,330600,36ef9780-90b1-4e96-8005-9d418ad04672
嘉兴市,0000001700000031000000070000000X,3.33,2017/2/5,330400,690b156c-3799-44e0-9dd2-d9bec4ccc9db
嘉兴市,0000003100000081000000130000000X,79,2018/12/5,330400,09c783ad-4498-46c0-925a-128c2c41284d
湖州市,0000000J0000003Q000000070000000X,39.67,2019/1/25,330500,9a83a281-602c-47ad-85ca-0b8fcfd63e00
金华市,0000000G0000003F0000000700000010,10.7,2019/2/19,330700,54d7e897-19d5-4c4b-9905-174e3cc6fca2
温州市,0000000H0000003N000000070000000X,17,2017/1/15,330300,cd469670-94a9-48d6-a29a-1757f8e38a42
湖州市,0000000H0000002T000000070000000X,15,2018/7/15,330500,647c9e93-330f-4fad-a2d0-af875d074e0d
温州市,0000001200000031000000070000000X,4.83,2018/10/15,330300,47deb9a4-e1d6-427f-af1c-10d8e06a82fd
温州市,0000001K00000031000000070000000X,4,2018/8/5,330300,677854ee-fcd2-4f0a-9985-e592e8737fc0
浙江省,0000001E00000031000000070000000X,5.08,2017/8/15,330000,7e57194c-2cd6-41dd-b20f-3a26dbcb5d43
金华市,0000002U0000007X000000070000000X,4.17,2017/3/25,330700,4cdd8deb-a10a-4c4d-a52a-8eddf11c13b3
宁波市,0000000C0000002Q000000030000000X,80.33,2017/7/5,330200,3c4636fd-6b58-4f75-ae9d-83830aa91494
金华市,0000000H0000003P000000070000000X,18.33,2018/4/15,330700,fc75e05f-37d0-4fa6-b79f-77be05bf7338
丽水市,0000001Z00000036000000070000000X,5.66,2017/8/15,331100,d4f5893b-acb7-4c51-88e3-d5d4835271a4
丽水市,0000002P0000007W000000070000000X,2.93,2018/12/5,331100,fc09d0e8-3a86-45a6-b9df-c04b9b5c9666
丽水市,0000002P0000007W000000070000000X,2.93,2019/1/5,331100,288980e6-ef6c-48c9-9e29-02c15c5230af
浙江省,0000000C0000002Q000000030000000X,63.85,2018/8/5,330000,e24f1542-c149-48ee-9a6d-2117bbff72a8
金华市,0000001K00000031000000070000000X,2.83,2018/10/25,330700,18bd6157-382f-428d-abd8-8272b8bcdb74
宁波市,0000000S0000002Z000000070000000X,10.07,2017/8/5,330200,ca39d589-0a69-4643-a1fd-b5eeb7960db5
台州市,0000000S0000002Z000000070000000X,10.33,2017/6/15,331000,23d0f0a5-6f25-4cef-b252-70c1c4000cb0
宁波市,0000000S0000002Z000000070000000X,10,2018/5/5,330200,5f57e494-8dbf-4603-b03c-2f56e3248c46
嘉兴市,0000000P0000003E0000000700000010,5.43,2018/2/13,330400,fca42e12-239a-4367-bb63-91410011c0ea
金华市,0000000P0000003E0000000700000010,4.6,2017/11/14,330700,cdafca55-98f7-4b3b-9b43-67e5df572f56
嘉兴市,0000000M0000003V000000070000000X,12.5,2017/8/15,330400,2fd3c1a5-87b4-4dd8-9271-44184d06f0fd
嘉兴市,0000000D0000002R000000030000000X,35.33,2018/11/5,330400,669df71b-39fd-4e4d-9225-61102f648f7e
衢州市,0000001E00000031000000070000000X,3.67,2017/2/25,330800,1956297d-cd0c-453a-b3b1-5c3025d47fab
杭州市,0000000P0000002W000000070000000X,5.53,2018/1/5,330100,562e83eb-0c82-41e8-a62c-fe430f37cf6e
湖州市,0000003100000081000000130000000X,77,2017/3/15,330500,a27cb8bf-4e19-415b-bdb3-2de38a96716e
浙江省,0000000K0000003U000000070000000X,39.41,2019/2/25,330000,0b6e6d49-6ebf-440c-bbbf-4da75ec282df
舟山市,0000000M0000003V000000070000000X,13.67,2018/12/15,330900,ee70cdc3-5dc5-4955-8866-75e4afa1c34d
温州市,0000000J0000003Q000000070000000X,47.33,2017/12/25,330300,ec5bfc4b-e8fe-4529-bc9f-6b94675d197e
杭州市,0000000K0000003U000000070000000X,35.33,2018/9/15,330100,5b01af86-5178-4345-a0da-d2c8f67f544e
绍兴市,0000000G0000003F0000000700000010,13.2,2019/1/8,330600,a51a9a64-8e08-45f5-a08e-d5626d5ad5ae
衢州市,0000002200000038000000070000000X,3.17,2017/7/5,330800,a91455cb-b81e-4141-8320-e67be32a821a
嘉兴市,0000000G0000003F0000000700000010,8.3,2018/7/3,330400,d7fbd35a-4cb0-4a74-a6a0-4ca22c33eb6d
杭州市,0000002U0000007X000000070000000X,4.5,2018/7/15,330100,a6cb94b7-a2b7-4169-a949-13b89726b316
浙江省,0000001500000031000000070000000X,4.33,2017/4/15,330000,e81b48f3-2fd9-448e-a928-f2ff30a360bf
丽水市,0000001Z00000036000000070000000X,5,2017/4/5,331100,1c2b0f14-00dc-47de-b889-de74325c2542
丽水市,0000001Z00000036000000070000000X,5.17,2017/2/5,331100,e7e7ebf1-f0e6-4f19-8348-2a8cd51f1188
浙江省,0000001E00000031000000070000000X,4.75,2018/3/25,330000,864b803d-bfa0-47be-a78f-11d8d8c758dc
温州市,0000003100000081000000130000000X,63,2017/4/25,330300,a86cb5db-5ce5-4dd1-9845-2ff7ccab69a3
丽水市,0000000P0000003E0000000700000010,5.3,2018/8/14,331100,4f9a463f-1666-4305-8ea4-fc189685d247
衢州市,0000000D0000002R000000030000000X,37,2019/1/5,330800,17dbc43c-6f2b-488e-8a10-81d084e9ffc6
台州市,0000001500000031000000070000000X,5.17,2019/2/15,331000,e8e908d4-893e-4f00-9f5f-79dcb644ccc7
浙江省,0000000S0000002Z000000070000000X,9.36,2018/10/5,330000,ec5e4e48-847b-4807-8137-a9d86a82a30c
湖州市,0000000X0000007T000000070000000X,35,2017/2/15,330500,f5f5ce39-2f15-4e76-969d-2b064e53f976
嘉兴市,0000001A00000031000000070000000X,4.83,2018/1/15,330400,437f92ef-972a-4d16-b744-3a7d0a68b5b1
衢州市,0000001K00000031000000070000000X,2.5,2017/3/25,330800,b5936a0d-0e2e-4c6d-9640-f3fb67001baa
衢州市,0000000C0000002Q000000030000000X,68.33,2018/7/5,330800,71877422-fff9-44f1-8028-a5a3990e044e
丽水市,0000001400000031000000070000000X,4.67,2018/5/5,331100,c8dc2ae8-2d90-4c17-bcfd-30dba0851e5d
丽水市,0000002U0000007X000000070000000X,4.66,2017/1/15,331100,6ab48cbb-9990-4de8-8640-da17f05239aa
金华市,0000000H0000002T000000070000000X,15.83,2017/4/5,330700,54742785-0e22-422c-8c93-b431efa3db1d
金华市,0000002P0000007W000000070000000X,2.9,2016/12/15,330700,e511580a-d108-4f50-87b3-1b4b41971306
绍兴市,0000000H0000003N000000070000000X,13.33,2017/9/5,330600,03ca6158-255a-4486-b8b1-a46cd1001f67
绍兴市,0000000D0000002R000000030000000X,49.33,2019/2/25,330600,122ba7f1-09ed-4fa0-8b79-2fdaf516bc8b
舟山市,0000000D0000002R000000030000000X,44.3,2018/11/5,330900,bd796bdd-39d6-4947-be42-8aa0e05de828
丽水市,0000000J0000003S000000070000000X,36,2018/7/25,331100,6e6e3db7-1e29-421e-bf3f-6a3781722da1
杭州市,0000000H0000003N000000070000000X,14.33,2018/11/25,330100,1187664b-d1fd-40f1-98af-6678f712d5d9
绍兴市,0000000X0000007T000000070000000X,51.67,2017/4/15,330600,38bff997-add4-4b5d-9125-4b78c31cdcee
绍兴市,0000001400000031000000070000000X,4.83,2017/4/25,330600,240599ba-9e1c-405b-aa55-c04895263261
嘉兴市,0000001200000031000000070000000X,4.5,2018/1/15,330400,9863347d-eff9-4446-958f-aea8285fdabf
舟山市,0000002200000038000000070000000X,4.5,2019/2/5,330900,230df7fb-8d1f-4d88-904e-ceb3e1e1e2ab
衢州市,0000001K00000031000000070000000X,3.17,2017/2/5,330800,3f482d8c-63e2-41aa-aaa4-bb15c4651417
杭州市,0000001Z00000036000000070000000X,6.67,2017/7/5,330100,aef50957-6274-4441-8f4b-ee0ba19ea744
湖州市,0000000H0000003N000000070000000X,12.67,2018/6/25,330500,431acfd5-a8c6-4555-be10-581be7084e85
浙江省,0000000P0000003E0000000700000010,4.08,2018/5/29,330000,f9163283-14d4-44b9-9fc9-3178cecff35a
杭州市,0000001700000031000000070000000X,2.83,2017/11/15,330100,f870ce1c-67f4-4a48-ae23-e0e9b6712c4f
金华市,0000000P0000003E0000000700000010,4.1,2018/7/24,330700,cc2276e8-43ec-4375-a74a-42a9094ca72a
衢州市,0000001K00000031000000070000000X,4.33,2017/10/5,330800,22e4e263-e011-48b1-a8a0-e8e2d9c315e3
湖州市,0000000G0000003F0000000700000010,11.5,2017/1/3,330500,d1fe265f-ce7b-4e43-99ef-57bdbeeea368
嘉兴市,0000000S0000002Z000000070000000X,10.17,2017/8/25,330400,9178c1ef-a24d-46da-8b55-37b1aae9e730
舟山市,0000000H0000003N000000070000000X,16,2017/2/15,330900,8844b00c-e4ad-4c97-bc11-4a51ed3b559a
舟山市,0000000D0000002R000000030000000X,44.97,2018/3/5,330900,f2f5a0bc-2e9a-47b3-9207-cba5304c35a5
浙江省,0000001700000031000000070000000X,2.77,2018/8/15,330000,c91dcdb4-6e9d-49e7-a507-db88160e85c5
金华市,0000000H0000003P000000070000000X,20.33,2018/2/25,330700,5ba06156-6b5a-47cc-b170-dc88e6970472
金华市,0000001700000031000000070000000X,3,2018/2/25,330700,bd200697-d053-4daf-bf6a-cfef2028ff0f
台州市,0000000M0000003V000000070000000X,10.67,2018/10/25,331000,90725116-7dbf-424d-83c1-934855652e98
浙江省,0000000J0000003Q000000070000000X,39.71,2017/6/15,330000,18d878a5-5b6b-48b5-9452-f543685c817c
丽水市,0000003100000081000000130000000X,84,2018/9/15,331100,6cedc54d-92e8-4337-b704-e9fd138dd979
温州市,0000000S0000002Z000000070000000X,9.33,2019/2/15,330300,a6c3fe38-5dd6-4a59-b638-2eab7feb808b
宁波市,0000001Z00000036000000070000000X,6.5,2017/4/5,330200,4e1fcd5b-cc96-483c-b526-e257bf1d2f65
宁波市,0000001Z00000036000000070000000X,6.27,2017/9/5,330200,7a46bcf6-7444-4cd9-bc6d-3ff2f4977661
浙江省,0000000H0000003P000000070000000X,22.11,2017/6/15,330000,2b59712e-ecbc-458a-ad07-f38f3c90c1aa
金华市,0000001700000031000000070000000X,2.67,2017/3/5,330700,7a764bd3-2d24-4b47-92b9-a9938792427c
台州市,0000000P0000002W000000070000000X,3.87,2017/4/25,331000,9964a1b2-c5c3-4e2d-8b08-75376afccb4e
嘉兴市,0000002P0000007W000000070000000X,3.2,2017/3/25,330400,8970c25e-a0db-4048-b81c-8196a830940f
湖州市,0000000H0000002T000000070000000X,15.67,2018/12/5,330500,3b375c79-4c58-495e-84d8-6ea0c409531c
湖州市,0000001700000031000000070000000X,3.33,2017/3/25,330500,319a97be-0bea-48ba-84e8-83e423d9c520
衢州市,0000000P0000003E0000000700000010,3.9,2018/6/26,330800,156182a9-d3b4-4593-b656-4a2fdbb9710c
宁波市,0000001400000031000000070000000X,6.73,2018/11/25,330200,ae269eb3-cdf5-4e6b-be4c-3b511c9707c7
杭州市,0000002P0000007W000000070000000X,3,2018/10/25,330100,81f86e0b-0117-4fd0-b310-fc481e1f8e27
温州市,0000000P0000003E0000000700000010,4.63,2017/12/12,330300,ecd6e1cb-7c13-4b2b-b8c8-d186179d3986
温州市,0000001700000031000000070000000X,2.83,2017/3/25,330300,dd150865-2d9c-40a8-9851-326ad986f04b
绍兴市,0000000J0000003Q000000070000000X,38.33,2017/12/5,330600,df3c7ebd-f68c-43f8-a6d5-0ec72db7554c
金华市,0000000J0000003Q000000070000000X,43.33,2017/1/25,330700,48cd7127-68ab-425b-aebb-01ddbc129c00
衢州市,0000000H0000003N000000070000000X,15.67,2018/11/15,330800,b22d191b-f845-44da-b36e-7382532f479a
湖州市,0000000M0000003V000000070000000X,17.33,2017/6/5,330500,d4badead-f60e-4e70-91ac-64089780b79b
绍兴市,0000000M0000003V000000070000000X,10,2018/11/25,330600,0795f5bf-b01e-4926-ac8d-a17fff212558
浙江省,0000000G0000003F0000000700000010,9.75,2019/2/26,330000,4d74dba3-fb80-4f7a-9da5-0b052aee06e8
宁波市,0000000Z00000031000000070000000X,3.63,2017/3/25,330200,8e70310c-7352-4341-9cfb-961a0190d045
舟山市,0000000H0000002T000000070000000X,15,2018/12/15,330900,87dab7d2-5ee7-45af-b035-67fe7f8a8957
台州市,0000001A00000031000000070000000X,4.33,2017/5/5,331000,b2874c80-f51e-4359-be62-a3998d897e91
金华市,0000000P0000002W000000070000000X,5,2018/8/5,330700,945f4fe1-9ebe-480b-88d3-21ac66d26226
宁波市,0000003100000081000000130000000X,178.67,2018/1/15,330200,123665f3-f803-47f7-a3a1-df7afcf9908f
金华市,0000000P0000003E0000000700000010,2.5,2017/5/9,330700,5707742c-f260-4df9-aa90-d49494e03508
温州市,0000001A00000031000000070000000X,7,2019/2/15,330300,19b0c823-d240-4c65-97ca-b25bbafd0823
湖州市,0000000D0000002R000000030000000X,36.33,2018/7/25,330500,3a773784-e272-4dd8-8356-e911e8434cc5
台州市,0000000H0000003N000000070000000X,12.33,2019/2/15,331000,ed5ff9c0-ad62-4441-afc8-43aa59cab7ca
金华市,0000000Z00000031000000070000000X,3.67,2018/3/5,330700,aad8ca39-e119-433c-9e1f-1b63ff700e76
嘉兴市,0000001A00000031000000070000000X,4.83,2018/1/25,330400,f6b206cb-7ca2-48a9-be90-ea17bea60540
丽水市,0000000P0000002W000000070000000X,4,2017/6/15,331100,f64a71c7-c390-4df4-895f-3ff86c21ac6b
金华市,0000000H0000002T000000070000000X,13.67,2018/8/5,330700,bcd62e90-8600-452f-93a1-f3e5fa768428
舟山市,0000001Z00000036000000070000000X,7.67,2018/3/25,330900,f69166d0-0f1b-4bd0-888c-0db3e8da0da9
浙江省,0000000D0000002R000000030000000X,43.52,2017/12/25,330000,b4dd3e32-d40c-40f1-a5cf-74713f6c9566
舟山市,0000000X0000007T000000070000000X,46.67,2018/1/5,330900,61661cec-0a7e-4511-ac50-ebd46b014c64
温州市,0000000M0000003V000000070000000X,14.33,2018/4/15,330300,d18be4b1-bc00-4599-a59d-1fafa84e2f6c
衢州市,0000001A00000031000000070000000X,10.67,2018/2/25,330800,9c99df4c-bd0a-492d-8d68-31a0106208b7
温州市,0000001200000031000000070000000X,4.33,2018/6/5,330300,d049da63-81de-4866-b2c3-f146c1af405a
温州市,0000000D0000002R000000030000000X,46.67,2017/8/15,330300,24b55b8c-96f9-407b-a937-287f741e62c2
金华市,0000000D0000002R000000030000000X,44.67,2017/6/5,330700,8e211186-3440-4345-8676-137583cb0bf0
宁波市,0000000P0000002W000000070000000X,5.3,2017/9/5,330200,bf80ec7a-0eb5-453d-9d68-9128cd7c0b0e
舟山市,0000001E00000031000000070000000X,5.83,2017/9/5,330900,1b135614-ac06-46b3-a51d-a54f874ed746
绍兴市,0000000G0000003F0000000700000010,10.16,2018/1/9,330600,e8dd97c3-a234-441b-859a-cdae99629b62
浙江省,0000001Z00000036000000070000000X,5.85,2018/7/25,330000,20e80107-465e-4e4b-9722-7b2d09da1031
金华市,0000000S0000002Z000000070000000X,7.33,2017/4/5,330700,ad39eddf-1c14-4614-b4e7-2d35441a8cc7
嘉兴市,0000002P0000007W000000070000000X,3.2,2017/7/15,330400,bb0c50c0-bc3e-464e-ab1b-34b7fb70e884
丽水市,0000000G0000003F0000000700000010,8.8,2017/6/6,331100,2ad2b2a7-b77d-4870-a1a5-67ebcb3e1d32
丽水市,0000000J0000003S000000070000000X,34.33,2017/11/15,331100,1803167d-480c-4c3b-a370-48b1acbcd1fe
浙江省,0000000K0000003U000000070000000X,34.78,2017/9/15,330000,f6b551aa-2b1f-494b-aa15-66416611ff41
台州市,0000000D0000002R000000030000000X,37.67,2019/3/15,331000,4771fb62-ac32-4fcb-9fad-e554571490d9
衢州市,0000000P0000003E0000000700000010,5.35,2018/8/28,330800,fb455b50-4dc1-4420-bdb5-1858efe4b1d7
绍兴市,0000000Z00000031000000070000000X,3.5,2018/5/5,330600,9da89d2b-8637-450e-b3d7-42f60e193a9d
台州市,0000001400000031000000070000000X,4,2018/5/25,331000,aba81c12-f80c-490b-bf25-fd6b573a7622
绍兴市,0000000G0000003F0000000700000010,12.5,2018/10/23,330600,fadf05c6-617f-4221-af7d-ab860a343eec
嘉兴市,0000001200000031000000070000000X,3.83,2017/4/25,330400,f22de732-5b2c-44e8-87d8-9a971a688de5
温州市,0000000J0000003S000000070000000X,42.33,2016/12/25,330300,251f91c1-8a55-4199-9c49-6bb1b9052123
杭州市,0000001E00000031000000070000000X,4.53,2018/1/15,330100,38be1fbd-9a2b-471b-ac18-f039ce8ce8de
浙江省,0000000H0000003N000000070000000X,12.58,2018/7/5,330000,58619b49-4ef0-4594-b58d-f167b9cdffe5
嘉兴市,0000000J0000003Q000000070000000X,40.67,2018/3/5,330400,01204513-ab2f-4a72-aea3-e7ed676431f1
金华市,0000000G0000003F0000000700000010,9.6,2017/9/26,330700,81e94f01-59be-443e-b095-e8af13202c16
金华市,0000000M0000003V000000070000000X,12.33,2016/12/15,330700,9c225d3f-520d-435c-b167-7eafc30aadb6
台州市,0000000H0000002T000000070000000X,13.5,2017/9/5,331000,c9fdc376-59bf-49ad-ba2f-97b1f6dae8f5
嘉兴市,0000000H0000002T000000070000000X,17,2017/12/5,330400,7a225fba-fcf8-43b4-88f6-8245d7fcf2db
温州市,0000000G0000003F0000000700000010,7.88,2018/3/6,330300,39cbcd5b-4f96-4611-b716-8ca1504376bc
绍兴市,0000000P0000003E0000000700000010,3.8,2017/1/31,330600,b6c2cad6-eea4-4c35-a9b4-db3bf693e413
丽水市,0000000G0000003F0000000700000010,12,2018/12/4,331100,6e478e96-d428-4ff4-9c86-206912c0c43c
丽水市,0000000H0000002T000000070000000X,14.17,2017/9/15,331100,33ce1072-a7fd-474b-9748-b9669f9bd73f
台州市,0000001400000031000000070000000X,5.67,2018/9/15,331000,93baa901-c82c-4fe8-bf1e-e8f721c5e3a4
温州市,0000000G0000003F0000000700000010,8.93,2017/6/13,330300,8562f464-a3db-4967-b09a-a78c1514593c
舟山市,0000001500000031000000070000000X,5,2017/3/5,330900,c608b54d-e4a8-4577-98d7-001fcd1c0865
台州市,0000000G0000003F0000000700000010,12,2017/1/31,331000,46b40903-b741-4c8f-8efe-1a84fb48c5eb
舟山市,0000001Z00000036000000070000000X,8.17,2019/2/25,330900,0af697b3-03d3-4cdc-b5e7-645668ec21df
衢州市,0000001K00000031000000070000000X,2.83,2018/1/5,330800,a677d1d6-9cf6-49f9-a4a1-29efd1d6c5a0
杭州市,0000000X0000007T000000070000000X,38.83,2017/3/25,330100,4595d1b0-5809-4c91-879f-097142a09b85
衢州市,0000001K00000031000000070000000X,3.17,2018/7/25,330800,81023388-05b2-4065-876d-85d86c65745e
宁波市,0000001700000031000000070000000X,3.6,2019/1/5,330200,491eaef9-f1a9-4001-893e-f477cb18a2ae
浙江省,0000000P0000003E0000000700000010,3.85,2018/4/10,330000,901c8c98-706b-4d2d-8af7-e128b2228b2a
台州市,0000001E00000031000000070000000X,2.5,2017/3/25,331000,7e699ca0-a241-4831-8756-bada17ece326
宁波市,0000000S0000002Z000000070000000X,9.5,2019/3/15,330200,72230d14-b578-4f11-95ba-f025f2bdb2e1
金华市,0000001400000031000000070000000X,5.17,2018/9/25,330700,9355d050-d235-4b34-ba8c-7c11e1b890ce
嘉兴市,0000000H0000002T000000070000000X,17,2017/6/5,330400,f7830d9e-99f0-4c96-8284-e58405cebd08
绍兴市,0000000P0000002W000000070000000X,5,2017/1/25,330600,70f26efa-5c54-4bd1-b0be-fdccdcbd939b
金华市,0000000H0000003P000000070000000X,21.67,2019/2/5,330700,1585a2e0-4c5d-4f30-b1c7-d68b329c2848
衢州市,0000000P0000003E0000000700000010,3.8,2017/2/7,330800,81289496-6990-4f5c-820d-8154df07fab5
金华市,0000001E00000031000000070000000X,3.5,2018/5/15,330700,95e01b63-1fbd-46e8-b82f-0342fe728e20
衢州市,0000000D0000002R000000030000000X,37,2018/6/15,330800,5ca86a22-eb39-464d-bbe8-a638a36e8695
杭州市,0000000H0000002T000000070000000X,17,2017/7/15,330100,205ae652-84fa-4a5f-ad32-f062cab8f47e
金华市,0000001E00000031000000070000000X,4.5,2017/9/5,330700,3fe108ac-837c-4a81-a88f-f43b2068b33f
台州市,0000000Z00000031000000070000000X,3,2018/4/25,331000,7c254028-eb35-49d7-96b1-e390d69e6148
湖州市,0000003100000081000000130000000X,77,2017/5/25,330500,e3dceaac-122e-4474-bd01-abfa41539025
嘉兴市,0000001K00000031000000070000000X,4.33,2019/2/15,330400,65097c92-40c6-430c-b747-f7763ac21063
宁波市,0000000J0000003S000000070000000X,30.5,2017/11/5,330200,d7d74867-d5a2-408e-9248-82ecffabb856
嘉兴市,0000000C0000002Q000000030000000X,66.33,2017/3/15,330400,b5740a1e-15a2-43ab-ab0f-35dd3ae284c9
金华市,0000002200000038000000070000000X,3.67,2017/6/5,330700,31e4d23e-7746-40a7-bbdc-601d34d7b390
台州市,0000000J0000003Q000000070000000X,38.33,2017/6/15,331000,9d76ec16-96dd-401d-9f84-42df0bc082f1
嘉兴市,0000000H0000002T000000070000000X,19,2018/9/25,330400,b19e951d-65f9-466b-ba42-280ea5bb48a9
温州市,0000000C0000002Q000000030000000X,60,2017/3/25,330300,900a3047-0232-4d7e-99bd-2b813f1b47c7
宁波市,0000000P0000002W000000070000000X,5.23,2017/2/15,330200,59298c6f-9c46-4439-9a05-6bf082d684ac
舟山市,0000000P0000002W000000070000000X,5.17,2017/2/25,330900,de21b40b-be54-4f69-bfe2-08dc2de0ebcb
宁波市,0000001Z00000036000000070000000X,6.87,2018/3/5,330200,ebce0244-33f8-4471-9653-170eeee2788c
金华市,0000000S0000002Z000000070000000X,8.5,2017/8/5,330700,2bc184fc-e31a-42e1-9d5c-3c0b40d6bce3
杭州市,0000001E00000031000000070000000X,5.33,2018/4/15,330100,966c26d8-c102-4855-bd10-c3bb55f76c3a
宁波市,0000001500000031000000070000000X,6.03,2017/2/5,330200,8d1df0a0-c997-4522-a4b9-991d7cfdea9d
嘉兴市,0000000P0000003E0000000700000010,5.17,2017/10/10,330400,d7abca5e-9178-4139-ab4d-3ee0e72b1e93
丽水市,0000000S0000002Z000000070000000X,9.67,2017/4/5,331100,504b831e-9ab9-4ac5-b89a-4044dc437c6c
嘉兴市,0000000C0000002Q000000030000000X,66.33,2017/7/5,330400,a8246cd7-387c-4514-a5a3-4268bf3cc45b
湖州市,0000003100000081000000130000000X,77,2017/7/5,330500,367eb2ac-8996-4a87-af35-5bc5e58754e9
台州市,0000001K00000031000000070000000X,2.5,2018/5/5,331000,d800d5e8-61cd-422f-8362-a670beda3a97
绍兴市,0000000Z00000031000000070000000X,3.67,2018/11/25,330600,31973d75-258b-4652-9a11-b1eee0c3fe61
宁波市,0000000M0000003V000000070000000X,14.5,2017/6/5,330200,9b752c7e-36c0-419b-b1a8-b409a592432e
温州市,0000000C0000002Q000000030000000X,60,2016/12/15,330300,f7c264f9-4cf7-4732-bf29-c25f7e6649b6
浙江省,0000001200000031000000070000000X,5.82,2018/2/25,330000,25e1a869-3181-4434-b8a5-dde4faf0df5e
宁波市,0000000J0000003Q000000070000000X,38.67,2017/4/5,330200,d44fab24-89a2-45a0-827f-39a7deefda27
浙江省,0000001A00000031000000070000000X,5.12,2018/5/15,330000,ab8b8c18-f25b-4638-9a5e-dfe507da05e0
绍兴市,0000001500000031000000070000000X,4,2017/8/15,330600,87bcadd4-f56f-4df3-8033-6a0c5a21e95d
宁波市,0000002200000038000000070000000X,3.93,2017/6/5,330200,eb8691ec-5cb3-457f-aaf7-70c455684965
嘉兴市,0000000H0000002T000000070000000X,17.33,2017/3/25,330400,8c277772-473e-4770-b2c6-38842e5f730d
台州市,0000000D0000002R000000030000000X,38.67,2018/7/15,331000,008ed496-0dc0-44f8-918f-e882ffd841b2
杭州市,0000000J0000003Q000000070000000X,42.1,2017/11/15,330100,bea92a5b-e3b8-4a9a-93e0-85d6956e7486
丽水市,0000000S0000002Z000000070000000X,9.67,2017/4/25,331100,12da474b-6378-4a53-8e30-62e3b06f982a
浙江省,0000001E00000031000000070000000X,4.81,2017/7/25,330000,249f5592-4827-4c2e-bd44-c72fbbbc3c2d
湖州市,0000000C0000002Q000000030000000X,57.67,2018/3/5,330500,fe51ccca-19fe-4eea-8b34-fe03d49c1ebe
台州市,0000001E00000031000000070000000X,1.83,2018/12/25,331000,2152365a-3ba7-400f-adf0-dd426884a87e
湖州市,0000001A00000031000000070000000X,6.33,2018/7/15,330500,c9c0f7af-3d58-4727-9948-edae5818f14b
宁波市,0000000Z00000031000000070000000X,4.87,2018/3/25,330200,74204e95-dd33-4282-b3cf-a7a1c44f5b88
绍兴市,0000000H0000003P000000070000000X,25,2019/2/15,330600,1b73e6d3-eac5-4f5b-a678-863295ad578b
绍兴市,0000000J0000003S000000070000000X,40.33,2019/3/15,330600,ba821aef-630b-449d-b41a-22516335e944
温州市,0000000H0000003P000000070000000X,29,2019/1/5,330300,b601bca0-b94c-4801-8c41-b0c57e6d54f4
宁波市,0000000J0000003Q000000070000000X,38.67,2017/3/25,330200,c8996218-beb3-4244-8934-fd0da796416f
浙江省,0000000D0000002R000000030000000X,43.2,2018/8/25,330000,401b63e9-a8a8-465d-992c-ab7719fa5e5f
湖州市,0000001400000031000000070000000X,4.83,2017/10/5,330500,b864ba17-cb94-4d39-94c6-36fd4313817e
温州市,0000001Z00000036000000070000000X,8,2017/6/5,330300,a1dcec10-56a7-467f-acc9-a02d80a73257
台州市,0000001E00000031000000070000000X,4.33,2017/7/25,331000,25c724c4-cb3d-49d1-9861-c0c901173fc4
舟山市,0000000H0000003P000000070000000X,25,2016/12/25,330900,b0624ae1-9630-4a76-98d6-389fd01867da
宁波市,0000001400000031000000070000000X,7.17,2019/1/15,330200,ad9c381d-7666-4216-95cf-5466203a113e
衢州市,0000001700000031000000070000000X,3.17,2019/3/5,330800,7ca6a3a1-c2c7-40f2-b9ab-074a5d9d6cc1
台州市,0000000H0000002T000000070000000X,13.17,2017/9/15,331000,a587b345-9840-45db-ab31-4b0d0285979c
金华市,0000001400000031000000070000000X,11,2018/2/15,330700,b9ba7123-8dfb-495e-90df-68953424a559
浙江省,0000000K0000003U000000070000000X,34.44,2017/2/15,330000,659975c3-9ae3-4d11-b3fe-67dd640a35c5
舟山市,0000001700000031000000070000000X,2.5,2017/8/15,330900,6304a1f2-26c2-4c59-b952-cc943994829c
丽水市,0000003100000081000000130000000X,84,2019/2/5,331100,caa25d8d-2dd0-4bf2-83cb-c8b1e0bd7105
衢州市,0000000H0000003N000000070000000X,11.67,2018/5/5,330800,f0a9b4c0-047e-4910-873f-77c9d991ff35
台州市,0000001200000031000000070000000X,3.33,2017/7/25,331000,33a38550-25f3-4d44-8a4d-5431eac86329
温州市,0000000C0000002Q000000030000000X,60,2017/4/25,330300,d7769053-26eb-434d-a651-e17c342c5da6
嘉兴市,0000000C0000002Q000000030000000X,66.33,2017/4/5,330400,cdbd44a7-b871-45c1-bf1f-0bea2a61f110
舟山市,0000001K00000031000000070000000X,4.5,2018/8/15,330900,f40cafcb-3617-455a-9845-d8fc880f85c9
丽水市,0000000S0000002Z000000070000000X,9.67,2017/5/15,331100,522375f5-1f8b-40df-83f0-db9fe18b7134
衢州市,0000000K0000003U000000070000000X,32.33,2017/4/15,330800,9da89d95-9c6c-492b-bbaa-d4ef6835c317
绍兴市,0000001200000031000000070000000X,4,2017/1/5,330600,91522659-bf1e-4bfc-8e87-499a3c59420b
绍兴市,0000000H0000003N000000070000000X,15,2019/1/15,330600,0b0e4212-7649-4f39-bbd7-cb9c7b3db904
浙江省,0000000J0000003Q000000070000000X,41.11,2018/4/5,330000,b87b2cfb-b203-4b91-9879-24c803d90d37
丽水市,0000000Z00000031000000070000000X,3.67,2017/7/15,331100,15930ade-c8f3-4833-abd7-b5f8e23e4e7b
金华市,0000000Z00000031000000070000000X,2.5,2017/4/5,330700,86a9c13e-175c-4952-a0c9-ae434311f4f9
丽水市,0000000G0000003F0000000700000010,9.6,2017/8/29,331100,1e19ac8a-0f8b-43ac-b361-e7e43bf9ca1c
舟山市,0000000P0000003E0000000700000010,4.8,2018/12/18,330900,d4c4d284-b155-4d96-b682-2b3b6a314e2a
金华市,0000001Z00000036000000070000000X,6.67,2019/2/5,330700,554c76a7-d303-42c7-9714-96a0325ac9a7
温州市,0000000S0000002Z000000070000000X,8.83,2017/9/5,330300,871e6678-a757-4c03-ab63-155dab498ae2
嘉兴市,0000000H0000003N000000070000000X,15.5,2017/3/5,330400,d0a20e43-7f95-4bac-8da4-859a048adc1a
舟山市,0000000H0000002T000000070000000X,15,2017/6/15,330900,81d0402d-0ddc-4663-8414-c655528349df
湖州市,0000000M0000003V000000070000000X,17.33,2017/10/5,330500,bf4614d8-3bc0-481c-99ac-9b4c124079af
金华市,0000000C0000002Q000000030000000X,68.87,2018/2/25,330700,af292d09-c72c-4be1-822a-da8ebc1d0168
金华市,0000001Z00000036000000070000000X,5.67,2018/4/15,330700,0c447c60-cfb6-4ceb-a717-297e9496ea13
丽水市,0000000J0000003S000000070000000X,39.33,2018/11/25,331100,63453db1-edb1-4b7d-81c1-b226874226d6
绍兴市,0000002P0000007W000000070000000X,2.69,2017/3/25,330600,e86345d6-be70-4020-9fb1-e02a11d4ca39
湖州市,0000001A00000031000000070000000X,7.67,2017/3/25,330500,aa33bbde-88f7-4427-acd3-e3820d983842
杭州市,0000001200000031000000070000000X,3.4,2017/6/25,330100,69cc621f-43d7-4756-b49e-e09c093231a0
宁波市,0000000X0000007T000000070000000X,38.67,2016/12/15,330200,5c13924f-6ed9-4c9f-b992-fec79e2e4cf9
温州市,0000001E00000031000000070000000X,4.5,2017/7/15,330300,dd8d156d-0323-44eb-8d49-24df7e660114
浙江省,0000000P0000003E0000000700000010,4.26,2018/3/13,330000,9ebafe1e-d81d-4c02-932f-2cc593c294c4
台州市,0000000G0000003F0000000700000010,8.6,2018/7/24,331000,f7f5e79f-b947-408e-9cd9-2f09a230d61f
舟山市,0000001Z00000036000000070000000X,7.5,2017/11/5,330900,8ab0e980-af8f-4caa-9357-0796c248a4cb
嘉兴市,0000000J0000003Q000000070000000X,40.67,2019/1/25,330400,bad193d2-a76a-44f0-9c43-287f8ac25908
温州市,0000001200000031000000070000000X,3.5,2017/6/5,330300,8f35fcf8-cdb4-4f32-a988-636f78fd3494
丽水市,0000002U0000007X000000070000000X,4.66,2017/7/15,331100,bb22e9ef-ffda-40b7-9eb3-7d3307265e6c
嘉兴市,0000002P0000007W000000070000000X,3.3,2019/2/15,330400,7361bb1a-4321-4672-9933-a4927953ec73
丽水市,0000001E00000031000000070000000X,3.17,2019/1/15,331100,a21bd86a-a7b8-4600-9b72-3f369361ba9b
宁波市,0000000H0000003N000000070000000X,14.33,2017/9/15,330200,91d1a767-15cb-4562-afc2-f9b79b8abe5f
舟山市,0000001400000031000000070000000X,4.67,2017/4/15,330900,fb8425fa-99f2-40bd-b494-c5ef1052fd5c
宁波市,0000001A00000031000000070000000X,5.83,2018/9/25,330200,a13d4595-e199-4b99-b50b-cf46f6cd45fe
宁波市,0000000D0000002R000000030000000X,41.67,2018/12/5,330200,ee838607-bf8a-4761-8027-176629644881
浙江省,0000001700000031000000070000000X,2.72,2016/12/25,330000,63e49b15-6121-46ae-931d-8cc2cad62741
衢州市,0000000G0000003F0000000700000010,13.3,2018/9/25,330800,6ac14c1d-102c-480f-b903-bab641ccbd88
宁波市,0000000H0000003N000000070000000X,13.83,2018/3/25,330200,ecf8349a-57df-4e40-9ebe-e6df71080420
丽水市,0000001200000031000000070000000X,3.17,2017/9/15,331100,4bf2262a-d3fc-4bba-b639-59f7f8581857
台州市,0000001700000031000000070000000X,2.17,2018/6/25,331000,8ddbd73a-db89-4e4c-9073-7e5336e17c8e
金华市,0000001A00000031000000070000000X,6.17,2018/5/5,330700,4796fe16-a15d-4872-8f38-c2e1824a86d8
湖州市,0000000M0000003V000000070000000X,17.33,2017/1/15,330500,b21707fd-aad3-44bd-bfb3-b30ae535c483
宁波市,0000000H0000003N000000070000000X,13,2018/6/25,330200,b5b42629-07d0-4478-9417-6746e666e5d5
舟山市,0000000S0000002Z000000070000000X,11.67,2017/9/25,330900,565bad6e-9002-4a30-a395-1fd49ab86165
衢州市,0000000S0000002Z000000070000000X,9.5,2017/4/5,330800,f3283a36-fc9b-47a8-8c65-15ca4be88d17
台州市,0000000G0000003F0000000700000010,9,2018/2/27,331000,2d571b6d-f628-461c-a987-7cd6c74f3b85
舟山市,0000001400000031000000070000000X,5.33,2018/9/15,330900,4677a85a-fce2-45bf-b2e9-bdc9f21519f0
金华市,0000001400000031000000070000000X,7,2018/3/15,330700,c95f479d-55ec-4244-acb4-e19d553a7292
宁波市,0000000C0000002Q000000030000000X,73,2018/9/25,330200,948859e5-c77f-4a4a-a677-9a90416fb141
舟山市,0000001400000031000000070000000X,7,2017/3/5,330900,e5079c1d-1219-4ed9-b14f-e19983672250
宁波市,0000002200000038000000070000000X,3.67,2017/3/5,330200,61bdc498-1cd3-4a17-9ee6-423365b8ba4d
浙江省,0000000J0000003Q000000070000000X,43.45,2019/1/5,330000,7b80fd00-ddfe-4622-966f-241deb4a0dcd
舟山市,0000001400000031000000070000000X,5.67,2017/11/5,330900,93155dc6-7ac0-4f72-a2b5-69bb7f7b2223
舟山市,0000000H0000002T000000070000000X,17.33,2016/12/25,330900,0519db2e-c45d-483a-92d7-2987b028fe9e
温州市,0000002U0000007X000000070000000X,4.17,2018/6/5,330300,1e734d72-0785-480e-bd00-b20f81812be3
舟山市,0000000G0000003F0000000700000010,10,2018/2/13,330900,9ff4ba51-44d3-4ab2-b347-3cf09f34831c
台州市,0000000X0000007T000000070000000X,32.67,2017/6/5,331000,d3ea48ac-396a-4014-b16b-ade2cceb34a4
舟山市,0000000P0000003E0000000700000010,4.8,2018/3/27,330900,e95e05ee-b25e-4dab-b126-ec8877724818
浙江省,0000001E00000031000000070000000X,5.57,2018/7/25,330000,bb635e0c-e020-4ce7-bb64-8d1f36eb32fd
杭州市,0000000D0000002R000000030000000X,46,2017/5/25,330100,2a9829ae-4498-4c2d-8a8c-e53c323f4b63
衢州市,0000002P0000007W000000070000000X,3.06,2018/1/5,330800,95302551-82f5-47ac-910d-a991ad89cbb4
浙江省,0000000Z00000031000000070000000X,3.72,2017/5/25,330000,6478fdf5-c9e9-4775-80f2-f94605010dc2
金华市,0000000P0000003E0000000700000010,3.7,2017/1/3,330700,e72d41fd-5ede-482d-a57f-fdcc2bd698ee
湖州市,0000001E00000031000000070000000X,5,2017/6/15,330500,0c69427e-73d5-44ce-8d90-55cf5be7f3f9
宁波市,0000001K00000031000000070000000X,3.83,2018/8/25,330200,18a5793f-c0be-4f60-a05b-56fc50c9a5d7
台州市,0000000G0000003F0000000700000010,9.25,2019/3/5,331000,6c5e4fac-a674-4a28-ab54-c754a1d48153
宁波市,0000000X0000007T000000070000000X,41.33,2018/12/15,330200,f2fca0a2-1125-418f-a534-fe4c642f17d2
金华市,0000001Z00000036000000070000000X,5.67,2017/5/5,330700,3f88235d-6572-4c32-bb26-6ba061cdc6db
浙江省,0000000H0000002T000000070000000X,15.74,2017/9/15,330000,999cf707-1783-4c0f-abcc-3f8dd055aac1
绍兴市,0000000S0000002Z000000070000000X,8,2018/7/5,330600,abb03616-da63-4aff-8ea1-3cff0ef200b5
丽水市,0000001200000031000000070000000X,3,2017/11/25,331100,510aa267-25f1-4c31-be00-08b4a4308ea4
湖州市,0000003100000081000000130000000X,73,2018/11/5,330500,65628797-fb95-4d4b-91f4-5b5d0409c7b2
舟山市,0000001500000031000000070000000X,4.17,2017/10/25,330900,15d09674-22e8-4e73-bd1d-9a82a9ae3d1f
舟山市,0000001A00000031000000070000000X,6.33,2018/2/5,330900,008fb0ef-017a-41f2-aed5-03c052ad4ae6
温州市,0000000D0000002R000000030000000X,46.67,2017/7/15,330300,aa0bd940-57f3-4d97-ae69-4696a90070b0
衢州市,0000000K0000003U000000070000000X,41.33,2018/2/15,330800,70b8f6ce-c606-431d-b4ac-45be4dc0a864
杭州市,0000000D0000002R000000030000000X,46.67,2019/1/25,330100,5cdb1cd3-a42d-4ae8-bd6d-e2d6e476f70e
台州市,0000000P0000002W000000070000000X,5.43,2017/12/5,331000,3bb3621b-c2e1-44f2-8d1a-1c290a42bd66
台州市,0000001K00000031000000070000000X,2,2017/4/15,331000,4c41352b-b8e6-4261-9f5c-065dd995a81c
温州市,0000002200000038000000070000000X,3.83,2019/1/15,330300,d4850be8-8d9a-4a1d-8317-6e30cd1701f6
浙江省,0000000P0000002W000000070000000X,4.17,2017/5/5,330000,35ca8ea5-fedf-42c4-b577-a6e147fd0ad4
杭州市,0000001E00000031000000070000000X,3.83,2017/3/15,330100,fa0b80fa-1c90-4763-b0b4-efa5006097a1
浙江省,0000003100000081000000130000000X,86.31,2018/7/25,330000,970a6615-759d-4dc4-be53-e0ae8418c127
宁波市,0000000H0000003P000000070000000X,25.83,2018/2/5,330200,30afe096-4213-42d8-8af5-704ff8ee12ab
金华市,0000000J0000003S000000070000000X,34.33,2018/7/15,330700,050f12ad-13a5-4379-8905-aa6bcb249f0c
杭州市,0000000H0000003N000000070000000X,16,2017/4/5,330100,640194db-e51d-4f66-8fd1-ef7cfee8cc6c
湖州市,0000001500000031000000070000000X,5.67,2018/10/5,330500,6a0e5ae1-a05a-458f-8246-368f385425a5
绍兴市,0000000H0000002T000000070000000X,13.33,2018/4/15,330600,dc7393db-b927-4351-a3a0-9659e5db2843
台州市,0000002P0000007W000000070000000X,3.28,2017/6/25,331000,6688bca6-a91c-47fc-9a5a-6fab1e378b58
温州市,0000000S0000002Z000000070000000X,9.33,2018/11/15,330300,72a0cea6-de6f-4946-9f86-626c8b8adcaf
衢州市,0000000H0000003N000000070000000X,15.33,2017/3/15,330800,84f99633-4b9d-4c57-a3da-85813237af2b
浙江省,0000000C0000002Q000000030000000X,63.75,2017/8/5,330000,9d5c3348-7392-4ddf-a2f9-104e387e275f
杭州市,0000000Z00000031000000070000000X,6.17,2017/11/5,330100,8811d784-26d5-44b6-9c7c-ad0ffa771e4a
衢州市,0000000C0000002Q000000030000000X,66,2017/4/5,330800,89f857f5-d2c8-4425-a9a5-04758bb16557
嘉兴市,0000002U0000007X000000070000000X,3.73,2017/3/25,330400,2fdcdf18-7338-447b-83de-a79062e24d7d
丽水市,0000001500000031000000070000000X,3.83,2018/4/15,331100,3d099337-abec-44ad-a2fa-303eb900cf64
湖州市,0000000P0000002W000000070000000X,4.67,2017/7/5,330500,f265e97a-5b14-4d60-a192-bf1661f3a727
温州市,0000000H0000002T000000070000000X,16.67,2018/7/15,330300,3ddfd23c-8859-4606-b022-e9954b6c112e
嘉兴市,0000000H0000003P000000070000000X,24,2019/2/5,330400,14b1e8fd-9213-4397-a3e5-96242ade093f
湖州市,0000000H0000003N000000070000000X,16,2018/9/25,330500,09612dc7-427b-443a-8ae3-ba39ab977816
嘉兴市,0000001700000031000000070000000X,3.1,2018/7/5,330400,bf140d45-f6cf-4526-a4d2-e24344adb71f
温州市,0000000G0000003F0000000700000010,12.61,2018/10/9,330300,40273e7d-88a5-49a0-9436-72c494fcb894
浙江省,0000001700000031000000070000000X,2.75,2018/11/5,330000,f008ac08-3a1a-442a-ab80-2cc13be0edf2
金华市,0000001A00000031000000070000000X,8,2018/1/25,330700,534fe4e2-c53a-48d9-9d91-f1ca5bf33fda
温州市,0000003100000081000000130000000X,63,2018/8/15,330300,bb8d302c-11ee-4eba-957e-f681b129d467
嘉兴市,0000000M0000003V000000070000000X,10.83,2018/2/5,330400,d68172d5-705e-44f4-900a-bb1173f2fdab
舟山市,0000000X0000007T000000070000000X,48.33,2017/4/5,330900,58b95eba-5d2a-47ce-b632-c9bdbc72f25f
丽水市,0000000J0000003Q000000070000000X,40,2017/1/15,331100,8b869cc2-3cbc-4fb3-8a8e-159d22c46a50
温州市,0000001700000031000000070000000X,3,2019/2/15,330300,4203366d-4e69-448b-aab1-0cc8ea252516
杭州市,0000000S0000002Z000000070000000X,8.6,2018/5/25,330100,2c1c3000-9677-4dd0-88c7-c22d20af2220
金华市,0000000S0000002Z000000070000000X,7,2017/1/5,330700,75357fa8-ce08-4b50-bf45-96126f5e4ab7
嘉兴市,0000002U0000007X000000070000000X,4,2017/5/25,330400,3a7cbfa9-8ed1-4d86-a898-f6d7f33516a0
衢州市,0000000K0000003U000000070000000X,35,2018/10/5,330800,40e514d2-a3de-4de1-9147-232d47cbf3b8
杭州市,0000001E00000031000000070000000X,5.17,2017/9/5,330100,eb3537d0-2c0c-489d-b8e6-9d2e50a33fc7
丽水市,0000001200000031000000070000000X,3.33,2018/12/5,331100,565fa7ad-b6e1-44f0-81b5-6271c5b065bb
嘉兴市,0000001200000031000000070000000X,5,2018/3/15,330400,9ad0ecd1-3ce9-4b6e-8fac-61e589b71e87
台州市,0000000P0000002W000000070000000X,4,2017/7/25,331000,da467dfc-a6dc-42b8-aba1-97b5468ddfa5
绍兴市,0000003100000081000000130000000X,66,2017/6/5,330600,49bf7c22-498e-423f-a9ba-a4b9396c24f5
金华市,0000000S0000002Z000000070000000X,8.5,2017/6/15,330700,1efae3c2-a336-4d97-ac6e-39472b546172
舟山市,0000000H0000003P000000070000000X,26,2017/3/5,330900,5b7178ae-d3e1-4fdc-9629-d08cd9807950
金华市,0000000H0000003N000000070000000X,14.33,2017/4/5,330700,0c6b4a5c-08e0-40d8-9525-8726f15651ae
温州市,0000001200000031000000070000000X,6.33,2019/1/25,330300,42a663d0-1957-4c46-a0c1-9a68379e5e5c
金华市,0000000M0000003V000000070000000X,12.33,2017/4/15,330700,187bcb58-c81d-4d34-b90b-9fbf21528916
湖州市,0000000D0000002R000000030000000X,37,2018/6/5,330500,0cf8c8dd-b4ed-4612-b4b2-63e46212a2a4
嘉兴市,0000003100000081000000130000000X,79,2018/4/15,330400,633403b1-7f41-48e5-b9d6-3932ed73540e
宁波市,0000003100000081000000130000000X,175.33,2017/9/5,330200,87e46ffa-da12-4497-bacc-20feec742097
湖州市,0000000P0000003E0000000700000010,4,2018/6/12,330500,a510ecc8-c984-46bf-8b7e-6c27f95c8259
温州市,0000000H0000003P000000070000000X,31.67,2018/10/15,330300,1e17d5c4-e50e-45eb-a464-4f2c75fb8029
浙江省,0000000C0000002Q000000030000000X,64.09,2017/6/15,330000,b442ba66-441c-4e56-b5da-f3baab548e88
丽水市,0000000M0000003V000000070000000X,11,2018/8/5,331100,3ebc0094-6d18-4cdd-81eb-cd50f5cc8887
台州市,0000000D0000002R000000030000000X,38.67,2018/8/25,331000,78755c1b-bb18-4356-8bea-5462c1599b4d
丽水市,0000000P0000002W000000070000000X,5.27,2019/3/5,331100,49e985cb-490c-45e8-b500-a08952848d02
宁波市,0000002200000038000000070000000X,4.33,2019/1/25,330200,d7a52da3-b51b-4094-8f49-43433e856ff5
杭州市,0000000P0000003E0000000700000010,3.5,2017/7/11,330100,3c5a1fe5-96fc-49a6-8db3-5063e12e81ed
湖州市,0000000H0000002T000000070000000X,17.33,2018/10/5,330500,01ceacb7-b66f-40ac-ab15-158b0fcef5cb
温州市,0000001A00000031000000070000000X,4.17,2017/6/15,330300,925eac5e-9168-4ff9-bfd3-b2348bdab3df
湖州市,0000000H0000003N000000070000000X,15,2017/2/15,330500,72e5b540-3f00-486a-a13b-21c3f98b59cb
温州市,0000000P0000003E0000000700000010,2.9,2017/3/14,330300,4b5c6f15-32f1-4c4f-b266-bd355b4ae6d2
衢州市,0000000D0000002R000000030000000X,37,2019/1/25,330800,312df1d3-66d5-43f4-b4c2-a3437d922b46
丽水市,0000001400000031000000070000000X,3.83,2017/9/25,331100,781be512-9c6a-4c4e-bf85-480f0755f84e
杭州市,0000002200000038000000070000000X,3.27,2018/6/5,330100,5a3d7915-22bf-4ab0-86db-fc84c61ac5ef
浙江省,0000002P0000007W000000070000000X,3.12,2018/4/15,330000,17b1ac68-b234-4a0f-9805-e943f30eb209
湖州市,0000000M0000003V000000070000000X,17.33,2019/3/15,330500,c3454724-bb4e-4fc8-8a35-90e64eb5864a
丽水市,0000002P0000007W000000070000000X,2.6,2017/9/25,331100,39f8d121-cd0d-4583-afac-3fbf83b593d4
温州市,0000000G0000003F0000000700000010,10.53,2019/1/8,330300,fd78e52a-d1bb-4df1-a302-92a427a95024
温州市,0000002P0000007W000000070000000X,2.17,2017/3/15,330300,098d9a85-03ed-4417-a62a-2b6a9ed30c1f
杭州市,0000000P0000002W000000070000000X,5.67,2018/12/5,330100,74fbfa37-294d-484b-9468-d48fb8b20718
浙江省,0000000K0000003U000000070000000X,38.97,2019/1/5,330000,6edb417f-756e-4f08-8956-58bf004c3f90
湖州市,0000000H0000003P000000070000000X,17.67,2018/5/25,330500,6be0156d-0b4b-4da4-99f1-2f95c697df4a
台州市,0000000H0000003P000000070000000X,25.67,2019/1/15,331000,027d3095-0e59-49af-b2f4-47a097d94928
丽水市,0000000J0000003Q000000070000000X,42.67,2019/3/5,331100,5a25e068-329b-4b1e-a68b-1dfa437bf568
杭州市,0000001K00000031000000070000000X,3.5,2017/1/15,330100,331caf57-229b-4c54-9069-358af346fbfc
湖州市,0000000G0000003F0000000700000010,10.2,2017/4/25,330500,08d576d3-e227-47c9-b92e-55ef1da397a0
浙江省,0000000J0000003Q000000070000000X,40.65,2017/4/5,330000,4925130c-1dd3-4090-b26e-88cb05dcd314
丽水市,0000003100000081000000130000000X,84,2018/3/15,331100,14ac2cf8-3067-4a7e-9530-589e0942d883
舟山市,0000000C0000002Q000000030000000X,50.3,2019/1/25,330900,ca5a7b34-eb5b-440a-b9f9-3adc7612227b
嘉兴市,0000001Z00000036000000070000000X,5.33,2018/5/5,330400,33d1c100-f6b6-48de-97f4-105304f9e717
湖州市,0000001500000031000000070000000X,4.17,2017/8/25,330500,e8f07307-9d1a-4957-a4f1-93d9113c9a49
浙江省,0000000D0000002R000000030000000X,43.67,2017/11/15,330000,67ac920c-ad68-47bd-9449-456fd67dcfe1
衢州市,0000000P0000002W000000070000000X,4.2,2017/7/15,330800,e8f0c1aa-d561-482a-8618-ac29e11311de
衢州市,0000000G0000003F0000000700000010,10,2017/4/25,330800,25084581-8ab0-4c00-932b-9cc61cfbe1e9
丽水市,0000003100000081000000130000000X,84,2017/9/5,331100,8e5aaef0-f149-4e47-b10f-8f05c6053942
湖州市,0000000C0000002Q000000030000000X,57.67,2018/12/5,330500,732cd3ad-f748-40e6-8a32-462cc3eedaca
舟山市,0000000J0000003S000000070000000X,33.67,2017/4/25,330900,0b2dead4-3ebf-424b-9fdf-00bfa1a51d99
湖州市,0000000H0000003N000000070000000X,12.33,2018/7/25,330500,40833d7a-24e3-4ed9-8ad3-59c42b402822
嘉兴市,0000000G0000003F0000000700000010,12.2,2017/1/10,330400,eaafeca5-93c1-4d38-9f33-6c274249fe6f
绍兴市,0000000P0000003E0000000700000010,4.1,2018/11/20,330600,f65789fb-a942-459c-a6e4-29e587ecaad0
杭州市,0000000S0000002Z000000070000000X,8.27,2018/11/25,330100,216ad878-8bca-40c2-8750-af5a081081bb
丽水市,0000000Z00000031000000070000000X,3.5,2019/2/5,331100,53dc6b06-190c-4591-907a-71fc4dc8a5bb
温州市,0000001K00000031000000070000000X,3,2017/5/15,330300,0ea88da8-37f4-4314-bdb3-18c1f5c6ce96
绍兴市,0000000H0000002T000000070000000X,15.67,2018/11/5,330600,22932a74-675d-427a-bfa4-c3b47fcea84f
金华市,0000000G0000003F0000000700000010,9.6,2019/3/5,330700,94a810e9-1316-4ae5-bd2d-397e5936b9e2
丽水市,0000000J0000003S000000070000000X,39.33,2019/1/15,331100,bcd57b58-2034-42a7-ae36-85850038722f
嘉兴市,0000000P0000002W000000070000000X,4.93,2018/6/15,330400,5e76f6c4-b9ef-4bfd-8bfd-68aed13fcc2c
温州市,0000001Z00000036000000070000000X,7.33,2017/1/5,330300,837a594a-80e0-41a0-b80b-a2bc4bed7c24
湖州市,0000000S0000002Z000000070000000X,9.33,2017/7/15,330500,a9438e76-4161-4c60-86b0-cd3ab79215c2
浙江省,0000000J0000003S000000070000000X,34.67,2017/4/25,330000,393ce951-77a0-4052-9994-56fd1b779f5d
浙江省,0000001400000031000000070000000X,5.73,2018/10/5,330000,8a7c7272-9f3d-4d42-80d2-b889b9cd5d34
绍兴市,0000000J0000003S000000070000000X,34,2018/6/25,330600,3e5a4f7d-5069-41f8-be18-b1ed089ef688
浙江省,0000000D0000002R000000030000000X,43.22,2018/5/25,330000,28a31c21-95e3-4f2c-9061-9afdee5349e2
金华市,0000002P0000007W000000070000000X,3.9,2017/7/15,330700,e1e0fe15-ecba-4bb9-8136-ef1fc55565bc
杭州市,0000000Z00000031000000070000000X,6,2017/10/25,330100,8de2024f-c826-4915-a4a9-156568d93b88
嘉兴市,0000000H0000003P000000070000000X,23.67,2017/10/5,330400,c42fd674-144a-4707-a36c-2abe718b2fbe
绍兴市,0000000D0000002R000000030000000X,49.33,2019/1/5,330600,d2dac954-5b4b-4add-889b-544228e06be1
嘉兴市,0000000H0000003N000000070000000X,15,2017/10/15,330400,965aca2a-e5b5-439a-a4e9-bc3e1263af9c
浙江省,0000001K00000031000000070000000X,3.52,2019/2/5,330000,7e0662a5-1390-454f-acb9-90bcce114088
衢州市,0000000G0000003F0000000700000010,12.3,2017/2/21,330800,6aaf6efa-27cb-4079-8049-333596f557ac
湖州市,0000000G0000003F0000000700000010,9.5,2019/2/12,330500,637c2094-f2d2-442e-af61-d0d491e98cb0
湖州市,0000000J0000003S000000070000000X,34.67,2018/8/15,330500,a1a88e7c-6039-4408-9fd1-1f1b929bcb99
舟山市,0000000S0000002Z000000070000000X,11.33,2017/5/25,330900,00010359-2b63-4827-b7e2-def28440b5b9
湖州市,0000002P0000007W000000070000000X,3.89,2018/11/15,330500,f4f35bf0-a5fc-49a7-9705-79f217aa1171
金华市,0000001700000031000000070000000X,2.5,2018/10/5,330700,0c505875-2add-4f8a-8c81-298d7b6e86ba
嘉兴市,0000000J0000003S000000070000000X,32.33,2017/6/5,330400,79d886c6-764b-419b-84bc-4ae06f413c58
宁波市,0000001500000031000000070000000X,5.03,2018/9/5,330200,11284929-ab43-4ed8-ad4d-fb6c4aa8bdd0
杭州市,0000000J0000003S000000070000000X,35.67,2018/7/5,330100,7805a932-a9d9-40c6-ba54-64fab726d296
宁波市,0000000H0000003N000000070000000X,13,2018/6/5,330200,79acd27f-71e3-44d1-8503-95be2f77c95b
台州市,0000001500000031000000070000000X,4.83,2017/1/5,331000,48a3b223-aba8-4239-81fd-2338e71a0241
湖州市,0000001200000031000000070000000X,3.5,2018/7/5,330500,65fd3468-8b46-441d-b58b-e148f0d8d051
舟山市,0000000S0000002Z000000070000000X,11.33,2017/6/15,330900,cf87cf44-e73e-44fb-bb3b-1173de90d8be
台州市,0000000H0000003N000000070000000X,14.17,2018/11/5,331000,69b6dd3e-011d-4cdf-9eec-53ef2a25de85
温州市,0000001K00000031000000070000000X,3.5,2017/7/25,330300,ad32f0ad-dcf8-4e2b-92ef-a314f481507b
温州市,0000000Z00000031000000070000000X,3.17,2017/4/15,330300,595d4174-a390-4897-b216-d78c7b951511
金华市,0000001Z00000036000000070000000X,6,2018/11/25,330700,b17f462f-ebc1-44ce-a416-b007df380c73
丽水市,0000000C0000002Q000000030000000X,70.23,2017/4/25,331100,7ec2a7fb-d491-48b3-b9cc-e15ce6d2ae91
嘉兴市,0000000H0000003P000000070000000X,23.67,2018/10/25,330400,f616e22f-8cfe-4f5e-a13e-c63a97c4400d
杭州市,0000001200000031000000070000000X,4.17,2017/4/15,330100,b9f49160-ce8b-4192-bcbe-3615ea2f449b
丽水市,0000000H0000003N000000070000000X,13.33,2017/8/5,331100,bd08a3e3-f98d-4b36-aead-e90f3b39bf1a
衢州市,0000001K00000031000000070000000X,2.5,2017/5/25,330800,121ce10e-4a2d-4e2e-80e6-c8f3a5872fb1
丽水市,0000002P0000007W000000070000000X,2.93,2018/7/5,331100,6dae05c8-d88a-498e-8a2d-3c5312ab4505
湖州市,0000000H0000003P000000070000000X,18,2017/6/5,330500,b14afee5-d643-496c-968a-be7d23fab0d1
台州市,0000001500000031000000070000000X,5.33,2017/2/5,331000,bd1c96dc-9963-478e-8481-b081e6ae411e
湖州市,0000000H0000003N000000070000000X,14.17,2018/1/15,330500,3632d8e2-57a0-4510-8c40-634a251855d5
宁波市,0000000S0000002Z000000070000000X,9.9,2018/11/5,330200,1ee2ce6f-100d-4d5c-a86d-5383adff5ccb
杭州市,0000000J0000003Q000000070000000X,41.33,2018/8/5,330100,ddaa8778-0114-4e00-b2ff-9120ddaced81
湖州市,0000001E00000031000000070000000X,4.5,2018/1/5,330500,b1b8108e-ce5d-4e09-bee2-bed486f62d67
湖州市,0000000H0000002T000000070000000X,15,2018/8/25,330500,c9636ae8-ba1a-4d56-8e08-cba003c49dc0
金华市,0000002200000038000000070000000X,2.5,2016/12/25,330700,85b3cc43-f2b4-4aae-bb50-55b1eae82407
杭州市,0000001700000031000000070000000X,2.53,2018/9/5,330100,1ba8d09c-d971-41d3-be78-cc3382b3a623
丽水市,0000000G0000003F0000000700000010,12.5,2018/9/11,331100,2432151a-c768-4c78-b455-da16606349c3
金华市,0000000H0000002T000000070000000X,14.83,2017/8/5,330700,d052c287-ccd0-4c6a-b9c0-750c19f2f443
湖州市,0000000H0000002T000000070000000X,16,2017/6/25,330500,49a67a8c-b68d-459c-86ec-e56b67e7a5ef
温州市,0000002U0000007X000000070000000X,4.33,2017/9/25,330300,a76d93cb-9e29-4004-aa74-ab02f5fee141
湖州市,0000002200000038000000070000000X,4.67,2018/6/15,330500,a0be41cf-1e4b-4301-a4b9-a4f101598687
宁波市,0000000H0000003P000000070000000X,25.33,2018/5/25,330200,33438abb-9658-470c-87e9-022bbe6630bd
浙江省,0000001A00000031000000070000000X,5.36,2018/12/25,330000,bcfad78d-3520-497e-b833-49400700b5b5
台州市,0000002P0000007W000000070000000X,3.45,2018/4/15,331000,e044cc48-24c9-4112-bdf7-91e52a9061c4
浙江省,0000001500000031000000070000000X,4.22,2017/4/25,330000,9c2009c1-735d-42a4-a18e-f197cc3bb494
宁波市,0000000X0000007T000000070000000X,37.67,2018/5/25,330200,13471fa1-596c-41e3-b0e1-5007d89978ee
绍兴市,0000000P0000002W000000070000000X,4.33,2017/6/15,330600,40743379-5fcf-4fb9-a4af-d5d830e884a4
衢州市,0000000H0000003N000000070000000X,15.33,2019/3/15,330800,db06924f-c4b8-4d3d-8526-f2b510617467
杭州市,0000001Z00000036000000070000000X,6.4,2018/5/15,330100,bb99637e-a67c-41e2-9e7e-c0e43075acb7
温州市,0000001Z00000036000000070000000X,6.33,2017/9/15,330300,ee491a41-a103-413b-9054-1b861c025d00
台州市,0000000J0000003Q000000070000000X,41.67,2019/2/5,331000,4e3f11b1-aed3-4222-828d-89c5ba062dfd
嘉兴市,0000002U0000007X000000070000000X,3.73,2017/4/25,330400,f1a99c91-c26c-45d6-9c94-10af91f97648
湖州市,0000000H0000002T000000070000000X,16.33,2017/12/15,330500,c2eb1009-4c90-45c9-aa82-862f949cdfa7
绍兴市,0000001A00000031000000070000000X,5,2019/2/25,330600,bf9bc0cb-53b6-45a6-8518-b73476910f7a
绍兴市,0000000D0000002R000000030000000X,49.33,2018/3/15,330600,6f98c219-7c23-4b90-b191-fc43cdab4456
宁波市,0000000M0000003V000000070000000X,14,2019/2/5,330200,38a65b8b-af60-41f8-98a2-4932b74915b3
嘉兴市,0000000P0000003E0000000700000010,5.43,2018/8/21,330400,8d01bfa2-9fbb-4e52-9e21-5a23eaae831d
湖州市,0000000H0000003P000000070000000X,20,2017/1/15,330500,e57c22e9-fe80-4426-a707-f2c3040191ba
浙江省,0000000M0000003V000000070000000X,12.81,2018/10/5,330000,cf2324ff-0700-4f7d-9f2b-465ed7a04ae9
台州市,0000001200000031000000070000000X,3.67,2017/8/15,331000,d1a956e4-d64a-4abc-8d5a-6df4d15a1210
绍兴市,0000000P0000003E0000000700000010,4.1,2018/7/10,330600,e37384d1-0eca-43a3-9788-23a7b4eb90a8
嘉兴市,0000000Z00000031000000070000000X,4.67,2018/7/15,330400,b39e21b1-e5c5-4648-96e8-a00f7f395b20
金华市,0000001K00000031000000070000000X,2.33,2019/2/25,330700,68378256-7eb2-4380-a39a-217c6662703a
舟山市,0000002200000038000000070000000X,4.5,2018/7/15,330900,b22f2e06-1924-437a-b35a-8be8add1bbaf
嘉兴市,0000000P0000003E0000000700000010,3.23,2017/3/14,330400,7e299b88-6474-4fef-aadd-b76a130f53bd
温州市,0000000Z00000031000000070000000X,3.83,2017/11/15,330300,61ef6001-88b7-41bc-afa3-0865fd38ad57
杭州市,0000001K00000031000000070000000X,4.33,2017/11/15,330100,7894822f-f7ed-43f0-b1aa-59b70d827166
台州市,0000000P0000003E0000000700000010,2.83,2017/4/18,331000,d5a6f569-6672-4552-93dd-e24e8f7ac33f
杭州市,0000001400000031000000070000000X,6.33,2017/9/15,330100,21a616a0-23e8-4fd0-90aa-90e9cdffee42
衢州市,0000000H0000002T000000070000000X,21.33,2019/1/25,330800,5b342cfb-a150-49a4-8b2a-8535bc9bb5dc
舟山市,0000000D0000002R000000030000000X,43.63,2017/4/15,330900,8aa02b41-e1b0-4ddd-94d3-74dc1dce998c
杭州市,0000000J0000003S000000070000000X,35.5,2017/7/5,330100,16c8992e-d044-4934-a58c-0de6545ce01b
舟山市,0000001700000031000000070000000X,3.17,2017/1/25,330900,1f95d3ae-958c-443f-b0ec-94b7859b98ad
宁波市,0000001A00000031000000070000000X,4.1,2017/4/15,330200,0c9b647e-60d3-4ad8-ab30-2da883722e9c
金华市,0000000G0000003F0000000700000010,7.4,2018/4/17,330700,a12b04ad-fc05-410e-982d-92df50e9ba30
浙江省,0000000D0000002R000000030000000X,43.43,2018/11/5,330000,3e77589b-3f06-4dad-9af4-1033c00fbf86
金华市,0000000P0000002W000000070000000X,5.33,2018/11/15,330700,77b94449-d97e-4df4-a0fb-90c898b5e4be
杭州市,0000000H0000002T000000070000000X,17.5,2017/2/25,330100,1e99501c-9118-4dc2-9ee0-b9c8f703daf3
丽水市,0000001A00000031000000070000000X,3.83,2017/6/5,331100,87f260be-0c91-4ab4-ab43-87bb008d1e8d
金华市,0000001A00000031000000070000000X,4.5,2017/6/25,330700,e9662cab-ed6f-4922-a2a2-c989151832f2
湖州市,0000000M0000003V000000070000000X,17.33,2017/3/15,330500,89ff7401-5cba-4c9c-8977-e2d5b3bd7683
宁波市,0000000G0000003F0000000700000010,12.13,2018/12/25,330200,a025628d-384f-4988-b634-577d2d638568
温州市,0000001200000031000000070000000X,4.83,2018/4/5,330300,5d41371c-9e23-4c1f-a3f6-b379303117a7
杭州市,0000001200000031000000070000000X,5.37,2018/2/15,330100,aff3da7b-c6ec-429a-a99c-c9afdf794a12
金华市,0000000C0000002Q000000030000000X,68.17,2017/11/5,330700,56740898-9350-4b7b-a6b2-91b3a0891997
舟山市,0000000M0000003V000000070000000X,13.67,2018/4/5,330900,6b443cd2-3597-404a-a5ae-79e7f85372fe
台州市,0000001200000031000000070000000X,3.33,2017/5/15,331000,eeb074c7-0403-4f00-a8ab-f3361b2cebfd
湖州市,0000001E00000031000000070000000X,5.83,2018/2/15,330500,0fbeb0d2-3c30-47ae-b646-014bd2f71343
杭州市,0000001700000031000000070000000X,2.6,2018/6/25,330100,32655a44-0010-4318-8551-37f733f56143
湖州市,0000000C0000002Q000000030000000X,57.67,2018/2/25,330500,e17be30c-14fe-4304-ac31-16936e38c9a6
衢州市,0000000Z00000031000000070000000X,3.83,2019/1/5,330800,618145a1-3d99-4c04-9e9b-825fa500f921
温州市,0000000J0000003S000000070000000X,48,2019/1/5,330300,de51bb68-73e1-4332-81f6-fa1254a6269a
舟山市,0000000X0000007T000000070000000X,43.67,2017/7/25,330900,70dad15d-c903-4f50-a5ed-150861c03a4e
杭州市,0000002200000038000000070000000X,2.67,2017/4/25,330100,6d9f7bc8-c095-4ee5-8fd2-44880df5b2de
宁波市,0000000M0000003V000000070000000X,14.9,2017/1/25,330200,f21ab304-271f-4e7e-99fa-87df0d06c7b0
台州市,0000000M0000003V000000070000000X,10.67,2018/5/25,331000,a4081810-76cb-4332-9ea6-61c8262b9439
温州市,0000001400000031000000070000000X,6.67,2017/4/15,330300,7d25b9ff-66df-48a5-ad37-5ee815587b9d
杭州市,0000000H0000003P000000070000000X,19.83,2018/6/15,330100,c75a9667-0dd6-4145-b7a3-17f0b363c625
衢州市,0000000G0000003F0000000700000010,9.2,2017/6/13,330800,4a3b94b2-8897-4f1a-bc27-f1b25fbd9ab4
台州市,0000000P0000003E0000000700000010,4.81,2018/1/30,331000,8a2fbf6c-123f-4149-9e06-febe094bf32e
金华市,0000000P0000003E0000000700000010,3.5,2017/7/4,330700,da56dfea-89e4-41fc-bf38-6d7fdc166ce9
衢州市,0000001700000031000000070000000X,2.33,2018/7/5,330800,68487b17-8627-44a5-a638-ee2a9d30b614
嘉兴市,0000001E00000031000000070000000X,5.17,2016/12/25,330400,36750eb1-8840-4880-9d24-117984db1161
绍兴市,0000002P0000007W000000070000000X,2.33,2019/1/5,330600,0aa332ef-c3ca-4095-b1ea-a721cb5ebb4d
宁波市,0000002P0000007W000000070000000X,2.93,2019/1/15,330200,c5f1935f-3a04-4fc7-8cea-30ca315606d4
金华市,0000001A00000031000000070000000X,6.17,2017/11/15,330700,b6cc1a73-464e-4bb1-87df-50d95c30b2ae
绍兴市,0000000P0000003E0000000700000010,3.8,2017/1/17,330600,c66bb447-0fe0-4c7a-bfc2-c59c0d94ac8e
宁波市,0000001K00000031000000070000000X,3.83,2018/7/15,330200,6267595f-8ef1-46c7-8bd1-aec1617baadd
舟山市,0000001Z00000036000000070000000X,7.5,2017/5/25,330900,c0dabcd5-5abb-4b62-8118-bd5d734bf55a
嘉兴市,0000001E00000031000000070000000X,5.33,2018/7/25,330400,a2584c29-f66c-4629-949b-3ddb5972d66c
金华市,0000000P0000002W000000070000000X,4.87,2018/7/25,330700,d86481cf-b150-45f8-b4f3-ba24eaf3cad3
绍兴市,0000001200000031000000070000000X,4.17,2018/10/15,330600,bf860322-125e-4621-965d-1e96bebdd0f0
绍兴市,0000002P0000007W000000070000000X,2.33,2018/11/25,330600,3f3bfd88-dd60-47d2-bb56-9c1e0706ee0d
杭州市,0000000J0000003S000000070000000X,35.67,2018/5/5,330100,b154e64b-eff7-441b-a792-71fc140189a4
嘉兴市,0000000J0000003Q000000070000000X,40.67,2018/11/15,330400,c8d4c94c-7c2f-4165-b409-7c57e592e23b
金华市,0000002P0000007W000000070000000X,3.9,2017/3/25,330700,afca21ed-bb87-4873-8bfa-e58ca0de785e
绍兴市,0000000H0000002T000000070000000X,15.17,2018/12/5,330600,19297cb5-36f5-47c8-8dca-59805ee70885
绍兴市,0000000H0000003N000000070000000X,15.17,2018/12/5,330600,65200671-3756-4c44-a922-d37450b7cdc1
衢州市,0000001A00000031000000070000000X,6.5,2017/8/25,330800,400abdb9-6891-454c-b6bf-35fdb9538267
丽水市,0000000H0000003N000000070000000X,13.33,2017/10/5,331100,7552c3c5-0ec2-40e6-b8a7-4685a2fe9667
台州市,0000002U0000007X000000070000000X,4.33,2017/1/25,331000,66349cf9-d2f5-441d-96ab-e270768e0b40
湖州市,0000002P0000007W000000070000000X,3.89,2017/7/25,330500,55323a75-ba8f-4e7d-937a-a151ad6aa592
宁波市,0000001Z00000036000000070000000X,7.27,2018/11/5,330200,2974f715-7bb1-46ba-8c27-ded0f6719f15
舟山市,0000002P0000007W000000070000000X,3.1,2017/6/5,330900,1ee10325-a614-40b2-ba42-6b7f2a014432
台州市,0000000P0000003E0000000700000010,4.92,2018/10/16,331000,08a30de6-f1ce-4aab-a224-a45bf9f8ef76
嘉兴市,0000002P0000007W000000070000000X,3.2,2017/8/15,330400,431364a3-5d37-481b-b764-a798303aa01c
嘉兴市,0000003100000081000000130000000X,79,2018/9/5,330400,53e7eb31-0936-421d-aaef-c75945eb5961
衢州市,0000000C0000002Q000000030000000X,66,2017/1/5,330800,6ba82c8a-6acb-4a53-afde-5032ef5ced62
金华市,0000000C0000002Q000000030000000X,68.17,2017/8/15,330700,34735851-2cb9-4a79-bae8-b0e39dc205ce
舟山市,0000000G0000003F0000000700000010,10,2019/2/26,330900,68b3068a-82ed-4916-9a2a-8b3ceb8a27b2
浙江省,0000001Z00000036000000070000000X,5.83,2018/6/15,330000,240b4bb2-0368-4129-a864-45c7bdadcbfd
浙江省,0000000Z00000031000000070000000X,3.68,2018/4/25,330000,b4cb6cdb-c28f-4d42-9691-53893679bcf4
宁波市,0000002200000038000000070000000X,3.67,2016/12/15,330200,6e7eeac7-614e-49f2-9d3e-9041b40b50d1
宁波市,0000001700000031000000070000000X,3.4,2018/7/25,330200,5b24da40-fadc-4296-8660-19c77f43dbf9
嘉兴市,0000000J0000003S000000070000000X,32.33,2017/11/15,330400,9ab8c59f-1af6-4d4e-8a18-73d4880b51f9
温州市,0000000H0000002T000000070000000X,16.67,2017/9/25,330300,dd8a666d-1616-4596-b4ca-e83a1c4904e4
舟山市,0000000S0000002Z000000070000000X,11.67,2017/2/5,330900,c22c3bbf-368e-442d-a068-9ceca1b677ff
舟山市,0000000H0000003N000000070000000X,15.17,2018/3/25,330900,33d6aa29-4990-471a-a5ae-9bbf48c217f1
台州市,0000001E00000031000000070000000X,2.67,2017/1/25,331000,010152bb-a174-4ff7-bb4f-699462ceb39d
湖州市,0000000P0000002W000000070000000X,5.67,2017/11/5,330500,9ae5d845-8d5a-44d9-8d80-0bf27af7126d
金华市,0000000H0000003P000000070000000X,17.5,2018/6/5,330700,3e9b85f7-eefa-4996-a471-636eb8695ac0
绍兴市,0000001K00000031000000070000000X,3.33,2017/2/25,330600,9cfc3426-d0a8-4872-a3c4-7f9a65910e62
金华市,0000000J0000003S000000070000000X,34.33,2017/11/5,330700,59382f6c-d474-4799-9710-a32b76183039
丽水市,0000000P0000003E0000000700000010,3.8,2018/3/27,331100,24105b73-ca28-481b-b3c5-12f12c5d9cd3
嘉兴市,0000000J0000003Q000000070000000X,40,2018/7/25,330400,1eca0e3a-fa51-450a-bec1-c8f30b264c83
舟山市,0000001400000031000000070000000X,6,2017/1/15,330900,c48af37c-bc19-4b2a-a6e1-099e8fb9118a
丽水市,0000000P0000002W000000070000000X,5.33,2017/12/5,331100,e0b20146-d925-4919-ba32-cd91e34d0976
绍兴市,0000000J0000003Q000000070000000X,46,2018/10/25,330600,5f70a018-4152-45c6-8658-0ebdf63efe6d
嘉兴市,0000000S0000002Z000000070000000X,7.5,2017/1/15,330400,8434f489-c4e1-430a-ac22-2fe876b6112a
舟山市,0000001700000031000000070000000X,2.67,2018/1/25,330900,fdc9adbb-bbad-4464-8793-960723b6d354
金华市,0000000J0000003Q000000070000000X,40,2017/9/15,330700,6417fa6f-cc6f-48a7-8965-bbe91f8b76c5
绍兴市,0000000D0000002R000000030000000X,49.33,2018/12/25,330600,706caa0b-6902-4311-aaa6-cac111eaec18
衢州市,0000001400000031000000070000000X,8,2018/2/25,330800,e94628bf-8c67-49c3-bebf-09378a975381
湖州市,0000001200000031000000070000000X,3.67,2017/7/25,330500,5d1c29c8-106f-4bd6-90e4-586d6b0cc12a
衢州市,0000000J0000003Q000000070000000X,40.67,2018/3/5,330800,8353607b-fa5a-4999-aef7-3be5157a7c31
衢州市,0000000M0000003V000000070000000X,11.67,2018/7/15,330800,a67ecb8e-3dd4-4f96-96ce-0257a7e8b12f
宁波市,0000002U0000007X000000070000000X,4.63,2017/5/5,330200,f192fd3e-bed8-4f86-89c6-1009cce97b53
台州市,0000000M0000003V000000070000000X,10.33,2017/4/5,331000,debe3bae-67d4-4a30-ba44-b36fd21f8683
杭州市,0000002200000038000000070000000X,3.27,2018/7/5,330100,565f0be4-bbac-4a40-80b9-44f26c0e8608
台州市,0000002200000038000000070000000X,2.5,2017/10/5,331000,48e8c02e-e898-403f-8585-5351939d9bcd
湖州市,0000000M0000003V000000070000000X,17,2017/11/15,330500,3eec5d2b-be24-49d8-b43a-ffaf314d32e7
衢州市,0000000K0000003U000000070000000X,31.67,2017/7/15,330800,189c30be-faab-4e1d-90f1-f7e7d31aefe4
湖州市,0000000X0000007T000000070000000X,35,2018/9/5,330500,e078c8e0-c467-4a96-950e-53ed2d3dceb7
湖州市,0000000M0000003V000000070000000X,17.33,2017/3/5,330500,67936492-fdfc-4a5d-9481-73568b18e172
绍兴市,0000002U0000007X000000070000000X,4.33,2017/2/15,330600,64699cef-f0c9-420d-9df1-f87c97b57624
绍兴市,0000000H0000003N000000070000000X,15.83,2018/10/5,330600,81d64af4-75a7-4266-beb8-50fdb52abdf1
浙江省,0000000J0000003Q000000070000000X,40.95,2016/12/15,330000,c45584e3-4bd1-4973-9ef4-269ca9eb7c29
温州市,0000001E00000031000000070000000X,5,2018/2/5,330300,dde88586-788d-4461-8b31-bb9b036b6913
衢州市,0000000D0000002R000000030000000X,38.33,2017/5/5,330800,b99fa900-723b-4732-8dd0-06dbffb38a84
宁波市,0000000C0000002Q000000030000000X,78.33,2017/9/5,330200,a0626a14-4812-4f43-a4e9-e1097ade41d0
丽水市,0000001A00000031000000070000000X,4.83,2018/6/5,331100,e13dcab3-dd0e-4a84-bacb-74d867416417
衢州市,0000003100000081000000130000000X,93.27,2018/1/15,330800,258cd2af-20ba-46a8-9165-90d0a53b85c6
台州市,0000000G0000003F0000000700000010,9.2,2018/2/20,331000,06d73fab-7548-4d6a-833d-61cc11832f0c
温州市,0000001200000031000000070000000X,4.67,2017/12/25,330300,4faea4a4-1908-4449-96d4-3be5304806a0
温州市,0000000M0000003V000000070000000X,15,2017/7/25,330300,3d0766d3-f792-4ba6-b9d3-caf8323ac565
杭州市,0000002200000038000000070000000X,3.33,2018/9/5,330100,197f50c8-5ffd-4c8e-9cd5-771e5433dca1
台州市,0000000C0000002Q000000030000000X,63.33,2017/4/15,331000,36c26913-d220-4e08-8565-0dd023957643
台州市,0000000J0000003S000000070000000X,34.33,2018/7/25,331000,7f0e0f95-7ea2-4313-a477-309f07c94401
丽水市,0000002U0000007X000000070000000X,3.66,2018/9/15,331100,e5676545-f425-456d-bc99-c4c1bdb607d7
舟山市,0000000P0000002W000000070000000X,5.17,2018/1/25,330900,1296ff9f-87d9-4971-9220-724c84afe4f4
宁波市,0000000M0000003V000000070000000X,14.5,2017/4/15,330200,1948421b-10ea-4663-9e7f-25554518d01b
温州市,0000000K0000003U000000070000000X,48,2016/12/15,330300,2af8c542-9c20-4fcf-a7b5-503deb163316
嘉兴市,0000000M0000003V000000070000000X,10.5,2017/12/15,330400,b95d7149-6771-4a4a-a9c6-f05e65bb2278
金华市,0000001K00000031000000070000000X,2.17,2017/12/15,330700,b32adc77-8d17-48fb-9f8b-13ca88bde4fd
丽水市,0000001K00000031000000070000000X,3.67,2019/3/5,331100,c3cffdf1-96cf-4e95-bd60-d2a4f1c4a187
湖州市,0000000C0000002Q000000030000000X,57.67,2018/9/25,330500,24006f6c-37a8-4a74-bd4a-3c356c87cfec
台州市,0000001K00000031000000070000000X,3.5,2017/9/5,331000,eaa53934-b8c0-4c69-b591-8ec9f12038b8
绍兴市,0000003100000081000000130000000X,66,2018/10/15,330600,1a875a9d-3374-475d-a823-da6c311a080d
嘉兴市,0000003100000081000000130000000X,79,2018/7/5,330400,cca675e8-52b3-4913-8a8a-746313e82d19
温州市,0000000P0000003E0000000700000010,4.2,2018/5/29,330300,bdb73274-dc1c-42da-968d-0abf277f0585
宁波市,0000003100000081000000130000000X,172.67,2017/4/15,330200,ad487f09-4879-4a09-8848-090c9c9f06d0
温州市,0000001Z00000036000000070000000X,7.33,2019/2/25,330300,2181f0b3-4bd7-4284-82b4-323d64b8be3b
杭州市,0000000J0000003Q000000070000000X,41.33,2018/7/5,330100,1358665d-e57d-4b90-ba6f-656aa8a14e0e
温州市,0000002P0000007W000000070000000X,2.17,2017/5/15,330300,4148a9f3-a1ca-4ab1-806c-f0a0179f1d00
金华市,0000001K00000031000000070000000X,2,2018/12/25,330700,34b2db63-a1ea-4b6a-9792-61e7c2425b64
湖州市,0000001400000031000000070000000X,5.67,2016/12/25,330500,891d27e4-a275-45d8-a69f-3bbc153e702d
绍兴市,0000000H0000003N000000070000000X,15,2017/2/25,330600,edced6a9-6f45-4484-ad26-9f385916c870
湖州市,0000000X0000007T000000070000000X,35,2017/9/5,330500,7ac93ef9-e3d2-4859-a95f-d6c1c673403d
金华市,0000001500000031000000070000000X,3.83,2017/7/15,330700,dc4d9caa-8a15-4de5-aeae-b6fa313c6a72
绍兴市,0000001200000031000000070000000X,4.67,2018/10/5,330600,bf454277-ac02-4834-b1e1-3af33d45583e
金华市,0000000M0000003V000000070000000X,12.33,2017/10/25,330700,9525e585-4d6d-49a2-8df2-6f5bb96d2868
衢州市,0000002200000038000000070000000X,2.67,2017/8/15,330800,10dbf6bf-80a4-4a32-9804-174d6c85ec71
嘉兴市,0000000P0000003E0000000700000010,3.97,2017/7/11,330400,b9d8dec5-358f-4c6c-b5b6-8d620e029844
嘉兴市,0000002U0000007X000000070000000X,4,2017/11/25,330400,5ceb7d28-a97f-4fbe-a65d-8ada3b481b9f
温州市,0000001400000031000000070000000X,6.33,2017/1/25,330300,d9775396-7e16-4899-bf5a-27e0d83e0365
嘉兴市,0000000H0000003P000000070000000X,22.33,2019/2/25,330400,e4dc1421-2842-4124-a206-ca2e76f6306a
绍兴市,0000002200000038000000070000000X,4,2019/3/5,330600,4e981ffd-ec7c-4f24-949d-b9f6afd91a35
浙江省,0000002U0000007X000000070000000X,4.26,2017/4/5,330000,bb0589b9-f3e2-4e2b-86a3-f3ab0aba44f3
丽水市,0000000S0000002Z000000070000000X,9.67,2017/7/25,331100,9d8fce8a-a39d-4bef-8088-c81956b2c11e
宁波市,0000001400000031000000070000000X,7.6,2018/2/25,330200,b80101e6-c976-4c6c-adc3-739d141ed426
嘉兴市,0000001A00000031000000070000000X,6.67,2018/9/25,330400,89b64fd1-37c2-4185-ae5d-afd4970021c2
丽水市,0000000Z00000031000000070000000X,5.5,2018/9/15,331100,d66c4d6a-6a64-4fee-87e7-73150b5a04d3
浙江省,0000000P0000002W000000070000000X,5.55,2017/12/15,330000,705ec27b-7a49-4995-8d73-4d77b53b276d
台州市,0000001200000031000000070000000X,3.17,2017/4/5,331000,509c1c76-96dd-4b82-8c29-92ff2cf85ac8
浙江省,0000000C0000002Q000000030000000X,63.76,2017/10/15,330000,15456dc7-5491-4103-af20-dde9ae34ccca
温州市,0000000H0000003P000000070000000X,25,2017/10/15,330300,27b895c2-5597-418c-82d1-1a5bee108be6
舟山市,0000000M0000003V000000070000000X,14,2018/6/15,330900,835d493b-ef4b-469c-94ba-65d0cf4d37de
嘉兴市,0000000P0000003E0000000700000010,5,2017/11/7,330400,d4705bd1-80c4-45cf-a068-f3c20a4f5fca
宁波市,0000001400000031000000070000000X,6.13,2017/9/5,330200,d6acd1d1-304b-4760-a1d4-adf46c2954f5
温州市,0000000S0000002Z000000070000000X,9.33,2019/2/25,330300,f5242b36-a26e-4f36-aa42-da81de4eb4d5
台州市,0000002200000038000000070000000X,2.5,2018/7/5,331000,4ae91e8c-8cce-4697-96af-4aa65a39a7cc
丽水市,0000000X0000007T000000070000000X,40,2018/9/25,331100,5fe8ee6e-e0e2-42b6-a20d-52841b1e6da1
湖州市,0000001400000031000000070000000X,5.17,2017/5/5,330500,58702047-5ea5-4c7d-a4b6-dfb261b5be79
舟山市,0000000P0000003E0000000700000010,5,2017/8/22,330900,3d73550b-53f5-4d78-ab15-62870fcc3e9f
金华市,0000000H0000002T000000070000000X,15.83,2018/9/25,330700,5e939f73-54c2-4ae7-b605-896128ae081c
杭州市,0000000S0000002Z000000070000000X,8.77,2018/10/5,330100,2f994f04-9831-4c1b-a13a-45287552ef71
丽水市,0000000D0000002R000000030000000X,54.6,2018/7/5,331100,0e65c48b-9eb6-4f54-b568-0769ea3626ea
浙江省,0000001200000031000000070000000X,3.85,2017/8/5,330000,f04f56da-a361-480a-948e-6e027e973eee
宁波市,0000002P0000007W000000070000000X,2.93,2018/11/5,330200,8ef682ac-4856-41de-a8f7-fac71b906a4e
台州市,0000001500000031000000070000000X,4.5,2017/3/25,331000,05fa6ce3-4227-4956-9f08-d1b60ffa1b0e
杭州市,0000000C0000002Q000000030000000X,63.33,2019/1/25,330100,4c5c721a-bb23-4602-a0d1-8e8e74482720
浙江省,0000002200000038000000070000000X,3.75,2019/1/15,330000,3f79acf0-68c0-40d3-99ae-a28cf72d68c6
丽水市,0000001Z00000036000000070000000X,5.33,2018/4/25,331100,c3b9eeaa-d199-4014-b442-49eda970b2c8
台州市,0000000J0000003S000000070000000X,33.67,2017/7/15,331000,c9d73a33-336b-4d4d-a2b4-ab680fcc49a3
绍兴市,0000000H0000002T000000070000000X,14.5,2017/6/15,330600,017f43d3-587f-4481-a370-7cbce516edb8
浙江省,0000002200000038000000070000000X,3.45,2018/8/15,330000,48dee689-19aa-4dc5-8b2f-5e904d6ef453
浙江省,0000001Z00000036000000070000000X,6.17,2018/10/15,330000,42cea5a7-2a2a-40db-87c6-3305665c07fe
舟山市,0000000C0000002Q000000030000000X,50.3,2019/1/5,330900,3ec70b0a-201a-4ed7-996a-994339d01ebb
温州市,0000001Z00000036000000070000000X,8.5,2017/4/5,330300,f7a98218-ed1c-4749-9462-11fbf623ccfd
丽水市,0000000Z00000031000000070000000X,3,2018/4/15,331100,7ef6ac52-dbb5-430e-9aa4-2271c490d98c
湖州市,0000002P0000007W000000070000000X,3.89,2017/11/25,330500,2c02c604-26f5-4d22-a2cd-ba8dbde673a7
丽水市,0000001200000031000000070000000X,4,2017/3/25,331100,a73d9f70-ab1d-4505-a344-b60665c7a98a
丽水市,0000002P0000007W000000070000000X,2.6,2017/4/15,331100,2e8d5a64-c64f-44a4-b219-86e8e2f9d874
湖州市,0000000X0000007T000000070000000X,35,2017/8/25,330500,e0525435-909d-44e9-9b23-6d55b36cbe9b
丽水市,0000002P0000007W000000070000000X,2.93,2018/5/15,331100,7f962cc5-570a-4ec0-8e52-e8ed3c8ad4f8
浙江省,0000000G0000003F0000000700000010,8.3,2018/7/10,330000,be803e6c-49d6-4fed-b747-c025abf98fe3
嘉兴市,0000001A00000031000000070000000X,6,2018/6/25,330400,c0b953ed-e7eb-4f35-94e4-aec0c661e4b5
衢州市,0000000S0000002Z000000070000000X,8.83,2018/7/5,330800,cc828bf8-6a32-4a9c-a9c7-3e410b45b048
宁波市,0000001E00000031000000070000000X,4.57,2017/2/25,330200,705f8d4d-40d9-4ebf-9357-10eade44739f
杭州市,0000000K0000003U000000070000000X,36,2019/1/5,330100,31da0a01-e0f6-4dda-81f0-97bdcac5121f
浙江省,0000001K00000031000000070000000X,3.69,2017/11/15,330000,4a880b88-a9c4-4b27-8ffd-f5ad88a3a289
嘉兴市,0000000J0000003Q000000070000000X,40,2018/5/25,330400,5d87ab66-5658-4a2f-be18-63e11881180e
杭州市,0000002U0000007X000000070000000X,4.5,2018/11/25,330100,c3a308bf-63dd-4bbd-9796-58a0316d16df
湖州市,0000002U0000007X000000070000000X,3.6,2017/10/25,330500,5fc50c02-06e2-4ae4-b4f7-bb5e90fae3db
丽水市,0000002U0000007X000000070000000X,4.66,2017/4/15,331100,71b7047b-1e14-42ec-a0ab-cb53d3348c07
湖州市,0000000X0000007T000000070000000X,35,2018/3/5,330500,4fa42f82-c82e-4b46-ba61-92a64df7a83c
台州市,0000000S0000002Z000000070000000X,10,2018/4/25,331000,35f69a5d-16cc-43f3-8a1b-00b29a3cbc84
金华市,0000002200000038000000070000000X,2.5,2017/11/5,330700,e1a64b3a-3a70-4d88-8d57-b88cbb4353de
金华市,0000001E00000031000000070000000X,3.33,2017/5/15,330700,b3696798-3ee7-4f22-b0ba-18a842f81ecf
嘉兴市,0000000S0000002Z000000070000000X,10,2017/7/5,330400,04d67b38-2487-4034-b4f8-61575e3a513b
嘉兴市,0000001E00000031000000070000000X,5,2017/7/5,330400,64c1f144-702e-4d62-b8be-678368e9d454
温州市,0000000J0000003Q000000070000000X,50.33,2018/10/5,330300,e94ec995-8b0d-4661-90a6-d5c4d28f5238
台州市,0000000H0000003N000000070000000X,12.33,2017/5/25,331000,5ab7697d-1f29-400b-8024-f716921ee7cf
丽水市,0000000M0000003V000000070000000X,11.33,2018/9/5,331100,10d7448d-8c6e-4efb-b0f8-c1a2d03e6acb
舟山市,0000000M0000003V000000070000000X,14,2018/10/5,330900,c9972d5d-2879-4709-ac07-c29beecc6bd3
绍兴市,0000000Z00000031000000070000000X,2.67,2017/4/25,330600,52ccc1e4-2de4-4c58-ae22-d590df893f35
丽水市,0000000H0000003N000000070000000X,15.67,2018/9/25,331100,22bbca77-8b50-46da-a593-8ef984647ff2
金华市,0000000Z00000031000000070000000X,3.83,2018/7/25,330700,8294fa9a-92db-4a01-915e-76b569927ec4
宁波市,0000001700000031000000070000000X,3.33,2017/7/5,330200,a642541b-44ba-420b-a814-2a9bf74df97b
台州市,0000002200000038000000070000000X,2.33,2017/1/5,331000,c1121983-47df-47ac-81fe-b8d7fcc6f872
舟山市,0000001200000031000000070000000X,4.33,2017/9/15,330900,964df435-c153-48fc-80a1-d5315c819082
舟山市,0000002P0000007W000000070000000X,3.1,2017/4/25,330900,07f9567e-38ee-48db-84a3-b1d31b325b0c
丽水市,0000000H0000003P000000070000000X,20.67,2019/1/5,331100,e709806a-e7fe-4505-a846-d06d9544022a
舟山市,0000001Z00000036000000070000000X,7.5,2017/5/5,330900,4a406fe6-77b2-4524-85da-92c80b667e02
舟山市,0000001500000031000000070000000X,5.17,2017/3/15,330900,a597dc08-5cbf-4dea-af2e-8aac7f95c6d4
温州市,0000001K00000031000000070000000X,4.67,2017/11/5,330300,7fa1f5a7-9c55-4ac4-aeca-db064f5f11ff
台州市,0000000P0000003E0000000700000010,4.48,2018/7/31,331000,fb1bd2b4-ab0b-4d6c-8611-23dc9bbbe33f
台州市,0000000Z00000031000000070000000X,4.33,2018/5/25,331000,e3968b4f-17c4-4a79-94ca-37262d365a0b
浙江省,0000000D0000002R000000030000000X,43.55,2018/1/5,330000,4f957ec6-d87d-40c2-8d27-64c5a961ff36
金华市,0000000J0000003Q000000070000000X,41,2017/12/5,330700,25c1e3c5-db47-4382-ae92-1dbc8b25dcaf
丽水市,0000002200000038000000070000000X,3,2017/2/25,331100,962a119a-ddbf-4162-8e53-bbe4ba83af1e
绍兴市,0000000Z00000031000000070000000X,3.5,2016/12/25,330600,64a31ade-ebea-4d52-9329-79601534ce2c
舟山市,0000001A00000031000000070000000X,5.17,2019/2/5,330900,8e6824c3-5f39-4cdb-8af3-5f4d9b0486ac
绍兴市,0000001Z00000036000000070000000X,4.33,2018/7/25,330600,e517452b-85c1-4c9f-84fd-7f23fd513013
衢州市,0000000H0000003P000000070000000X,21,2017/8/5,330800,ceab9787-1009-43a6-a5cf-be73dec9dc9a
金华市,0000001500000031000000070000000X,3.67,2017/8/25,330700,59f0a3fa-e67b-4ce0-8ede-ad5844558b24
衢州市,0000001700000031000000070000000X,2.67,2017/8/25,330800,da9a4d23-35a7-4add-8c23-0080596f0083
浙江省,0000000K0000003U000000070000000X,34.78,2017/9/5,330000,ab7d4835-9936-478d-b31e-68eabe9f470f
湖州市,0000000S0000002Z000000070000000X,9.33,2017/8/25,330500,9b135b48-2c41-41ef-9f49-9bf42fd8df57
绍兴市,0000000H0000002T000000070000000X,14,2017/11/15,330600,93966873-31a8-431a-9f56-9983fd497bef
衢州市,0000001500000031000000070000000X,3.83,2017/12/15,330800,6de7dbd5-6fc1-4c1b-bf3a-2c7f2fc81683
金华市,0000000S0000002Z000000070000000X,7.67,2017/11/25,330700,55e81e66-e3b8-4ca6-8742-c2a7bd1409d7
杭州市,0000001A00000031000000070000000X,5.1,2017/6/5,330100,93dd8ea3-8565-4db1-a1ee-b39c3033a1c9
宁波市,0000000P0000002W000000070000000X,5.8,2018/7/25,330200,f796bb91-2170-4c76-ad10-bfae5a380a7f
温州市,0000001A00000031000000070000000X,4.33,2017/4/25,330300,bec93a43-2b91-4e6e-a273-e2a145cc2e7a
浙江省,0000000P0000003E0000000700000010,2.8,2017/5/2,330000,8e259c42-341b-42ba-9d4c-715863639d18
丽水市,0000001700000031000000070000000X,2.67,2018/3/5,331100,e229c2a8-2964-4e10-bc06-c9449c67b555
绍兴市,0000000J0000003S000000070000000X,33.67,2017/9/15,330600,b2c7af46-fee5-4e81-8c3f-dd70fc37f870
杭州市,0000000C0000002Q000000030000000X,63,2017/12/5,330100,f3c7f62e-5f84-4f7f-a076-a08f5ba57d08
宁波市,0000000J0000003Q000000070000000X,42.5,2018/9/5,330200,01b0960c-4721-4e44-a35d-3087234d179d
杭州市,0000000M0000003V000000070000000X,11.6,2017/11/15,330100,75da8bdf-c421-4e85-beff-16ce5a1117dc
嘉兴市,0000001A00000031000000070000000X,4.67,2017/11/25,330400,efa5741d-43a2-4f17-a929-5263dd4a47b6
宁波市,0000000D0000002R000000030000000X,44.77,2017/7/25,330200,35332dc7-69de-4f8c-b4a6-464cae0a588e
温州市,0000000J0000003S000000070000000X,42.33,2017/1/25,330300,df508a96-f6bb-4bfd-bfec-8861293e57c5
台州市,0000001700000031000000070000000X,2.5,2017/3/25,331000,65f3acd3-73d9-4994-8fd7-06cc50cc8357
杭州市,0000000H0000002T000000070000000X,17.33,2017/6/5,330100,7fb30b87-dac3-4d28-a081-8ac6b283f7c0
丽水市,0000000P0000002W000000070000000X,4.6,2017/1/15,331100,3e22f20e-c967-4f6c-a3b4-e5e5bf58c6bb
金华市,0000000D0000002R000000030000000X,44.67,2017/4/15,330700,2ef1b806-b767-4511-ad71-d44002756ea4
舟山市,0000002200000038000000070000000X,4.67,2018/3/25,330900,e0869764-8652-433d-a122-271de6965b37
舟山市,0000001200000031000000070000000X,4.17,2018/1/25,330900,6bc8d132-d1be-45b6-8308-0a67b84e61cd
丽水市,0000001200000031000000070000000X,4,2017/3/5,331100,0a841daf-ce04-415f-937d-9f9c6697884e
嘉兴市,0000000H0000003N000000070000000X,15.33,2017/4/5,330400,541ff892-5610-4dba-ad70-a70919264873
台州市,0000001Z00000036000000070000000X,6.33,2017/8/5,331000,4a1fdb34-7814-4f2d-a74a-eba42830074a
嘉兴市,0000001700000031000000070000000X,3.17,2018/1/25,330400,d3bfc978-bdf6-4cc2-b3f6-61d768becd79
浙江省,0000000C0000002Q000000030000000X,63.88,2018/11/5,330000,efedf626-9f66-4e5e-8957-c221936cae7a
浙江省,0000002P0000007W000000070000000X,3.13,2018/11/25,330000,ff42452e-f35a-4a1e-bdb4-bf0257262a30
衢州市,0000000X0000007T000000070000000X,24.33,2018/7/15,330800,45f3461c-3436-4e88-9340-718e91f0de6d
温州市,0000001K00000031000000070000000X,4.5,2018/9/15,330300,9e371ec5-a98b-457c-bf59-f25a947aaf1f
衢州市,0000001K00000031000000070000000X,3.17,2017/6/25,330800,b189ac42-e0d4-4f66-a821-1cf5650afe6e
温州市,0000000Z00000031000000070000000X,3,2017/4/25,330300,73ad0b7e-b9b3-4800-adee-1b1f6a70ffce
嘉兴市,0000000J0000003S000000070000000X,32.33,2018/3/15,330400,9a272fc7-b474-4024-b464-a4243c110b4c
衢州市,0000002P0000007W000000070000000X,3.06,2017/8/15,330800,6dbeed23-786e-49e9-9935-5c5b5bdd284c
丽水市,0000001Z00000036000000070000000X,5.66,2017/10/5,331100,35ae9907-30db-4d1c-a92c-5281718d2f59
嘉兴市,0000001E00000031000000070000000X,3.17,2018/12/5,330400,028aeb32-0f44-4c5e-baa1-f2002f2f8fca
宁波市,0000000H0000002T000000070000000X,15.83,2018/9/15,330200,eb9b1f7e-e802-418c-8b6e-fdd34230e877
宁波市,0000001K00000031000000070000000X,3.13,2018/4/25,330200,a5734a39-673a-4ce6-82db-f34a8d5c1953
杭州市,0000001K00000031000000070000000X,3.1,2017/4/15,330100,6f653994-dcfb-47c4-bdc4-454c92524fa1
嘉兴市,0000000G0000003F0000000700000010,10.7,2018/1/16,330400,7501c596-b8ca-47b9-89e4-c1698a7da2f1
舟山市,0000001Z00000036000000070000000X,8.17,2019/3/5,330900,cc0e105f-7149-4042-a27d-42703906fac9
湖州市,0000000H0000003P000000070000000X,20,2017/1/25,330500,21f5e0c0-1ff0-4897-9b10-a720945d72c7
衢州市,0000000P0000002W000000070000000X,4.33,2017/3/5,330800,22c99645-032c-44b6-9127-52296d64c6b6
绍兴市,0000000D0000002R000000030000000X,49.33,2019/2/5,330600,404b2e62-b457-4666-8556-0ea157eef309
嘉兴市,0000000H0000002T000000070000000X,17.67,2018/10/25,330400,f691c93b-9ffe-4f4a-a1ee-a5bb0ae25147
宁波市,0000001K00000031000000070000000X,3.23,2018/12/5,330200,7e659b5b-f746-42fc-b1dd-f5118a9a87b4
丽水市,0000000S0000002Z000000070000000X,9.67,2018/7/5,331100,37c5ebcf-a16c-4116-a6a2-52fea2d80666
台州市,0000002U0000007X000000070000000X,4.5,2019/3/15,331000,2697aa4b-bba2-48b5-a1c2-11d35adb5b55
宁波市,0000000H0000002T000000070000000X,15.17,2017/9/25,330200,8fe2245e-9292-4f47-8339-86d7d3192cab
杭州市,0000001A00000031000000070000000X,5.77,2018/8/5,330100,4d9cab47-90a9-45c3-8401-2e0c38222883
绍兴市,0000001A00000031000000070000000X,3.83,2018/7/5,330600,5e050720-41d7-4c0f-9ce6-2496013b83b1
浙江省,0000000M0000003V000000070000000X,12.23,2017/3/15,330000,2c4f55bb-2fe7-4d2d-853e-76d986d9a910
舟山市,0000000J0000003Q000000070000000X,45.33,2019/2/5,330900,48622c56-d7ca-47f0-8700-0db29f3311f7
绍兴市,0000001700000031000000070000000X,2.67,2017/1/5,330600,066e2574-9692-4572-994d-279f1fef07b9
杭州市,0000000H0000003P000000070000000X,19.83,2018/8/15,330100,1f071532-b1c1-42a8-a267-c11618c6c515
宁波市,0000001700000031000000070000000X,3.3,2017/4/25,330200,4faec254-f24e-4b94-a066-c4774a86a7ac
宁波市,0000000G0000003F0000000700000010,7.35,2018/5/22,330200,f4756958-3d7f-4d9a-95ce-28cb52380d5c
杭州市,0000000X0000007T000000070000000X,39.83,2017/5/15,330100,c1ecaa83-515a-4a8d-9488-3830205bf29f
金华市,0000001500000031000000070000000X,3.83,2017/4/15,330700,71024237-0ee5-40c8-93d4-507a2c3d6322
舟山市,0000001A00000031000000070000000X,6,2019/3/5,330900,ad5f7dba-9877-41ab-b8af-a3fb76939fb9
嘉兴市,0000002200000038000000070000000X,4.67,2018/2/15,330400,dc739551-a0e9-45c7-abde-8e8c0699ec5f
杭州市,0000000H0000002T000000070000000X,16,2018/7/5,330100,4a54c04a-3dd9-44e6-a589-1b92793ac147
绍兴市,0000001500000031000000070000000X,5,2019/1/5,330600,1eb9a068-7556-4134-a2f8-980a1b27d4d3
杭州市,0000001700000031000000070000000X,2.6,2018/2/15,330100,955489c3-f996-4eeb-aabe-503182f6c3f5
绍兴市,0000000S0000002Z000000070000000X,8,2017/11/25,330600,a76b9572-48b4-4fbb-92aa-89bbef4b7f09
嘉兴市,0000001K00000031000000070000000X,3.17,2017/3/25,330400,20a1434f-bee4-4060-98f7-4b8d0635ac9a
衢州市,0000000X0000007T000000070000000X,22.67,2018/1/25,330800,ab16b785-59a2-45fd-a7ae-a2de4676359c
丽水市,0000000X0000007T000000070000000X,36,2017/12/15,331100,d3656556-3cef-4e3c-8bc8-16ce1a6a523c
台州市,0000000J0000003S000000070000000X,32.67,2017/6/5,331000,65941d56-1262-4fc0-9cbf-4175628e6032
丽水市,0000000K0000003U000000070000000X,33.67,2017/5/5,331100,0103ed22-04d8-401e-88ef-3051be7ed7b0
浙江省,0000000P0000003E0000000700000010,5.12,2018/9/25,330000,87104068-83d9-4393-b8ef-83c1c1482126
舟山市,0000001E00000031000000070000000X,4.33,2017/12/5,330900,8e138ad7-33d4-4632-b1be-f98a7e6d4fdb
衢州市,0000000J0000003S000000070000000X,37.33,2016/12/15,330800,b708f22f-1e08-4019-8173-96ccb97e714e
杭州市,0000000M0000003V000000070000000X,11.33,2018/10/15,330100,610860f6-3476-4366-928d-c7c250ea5fdf
温州市,0000002P0000007W000000070000000X,2.33,2016/12/15,330300,4fc29db6-97b4-4b9e-84d1-147bb4d9f561
丽水市,0000003100000081000000130000000X,84,2018/10/15,331100,59daa938-c749-45c8-8dea-b8739a246079
衢州市,0000001200000031000000070000000X,4.5,2018/9/5,330800,431bc9ee-e613-4199-b55e-f68d265c3f43
宁波市,0000000X0000007T000000070000000X,43.33,2018/7/25,330200,3e0a6a97-815a-47b7-8f0e-bfe76046dce8
金华市,0000001700000031000000070000000X,2.67,2019/1/25,330700,0ce1a97c-1226-45d3-ac5c-2f8a72017125
宁波市,0000000X0000007T000000070000000X,43.83,2018/8/15,330200,b06c6458-61c4-4ee0-8f52-ae81eb2f6751
金华市,0000000G0000003F0000000700000010,10.7,2019/3/19,330700,d8845c44-d4d7-4ca1-ad8f-502e52f5cc8e
丽水市,0000001A00000031000000070000000X,4,2017/7/15,331100,8fce53a2-d13e-43a6-8902-a14900160f84
嘉兴市,0000000P0000003E0000000700000010,5.43,2018/2/6,330400,6278bda5-ef79-4cef-bcdf-5f92c6475f26
宁波市,0000001200000031000000070000000X,6,2018/3/5,330200,bfc61131-f002-41bc-88f4-1b6c4f9cd9c0
金华市,0000000M0000003V000000070000000X,12.33,2017/4/25,330700,74e29ac8-8977-4d46-8bb8-55ba5dd9fdba
嘉兴市,0000000G0000003F0000000700000010,10.05,2018/2/13,330400,d5695dad-2fe2-446e-9dc7-d7b1308ffd13
衢州市,0000002P0000007W000000070000000X,3.06,2017/7/15,330800,463d5560-b3f1-4472-a6d7-80b44b6fe4b1
绍兴市,0000000M0000003V000000070000000X,9.83,2017/4/5,330600,b5816d3a-a485-4443-971e-98a1292a91e5
嘉兴市,0000000G0000003F0000000700000010,10.05,2017/9/12,330400,1c431cf1-6d06-4006-833d-29572310af74
湖州市,0000001K00000031000000070000000X,3.83,2017/7/25,330500,8b82dfd6-33ae-4fb8-b030-e1c5b57e1c1c
杭州市,0000000M0000003V000000070000000X,10.33,2017/1/25,330100,8a10b245-9ae4-446c-888c-318e8f94dc94
杭州市,0000000X0000007T000000070000000X,38.67,2018/5/5,330100,8c1cd3e0-ad98-447c-ace0-54dd22db89cc
杭州市,0000000H0000003N000000070000000X,16,2017/3/25,330100,4c4baa87-dc8d-4c4d-9a36-6b7a29cd56a3
宁波市,0000002200000038000000070000000X,4.03,2018/2/15,330200,3ad75e02-8158-4314-b19e-5c771222a77b
台州市,0000000G0000003F0000000700000010,6.5,2018/5/15,331000,d72e84fc-da37-435d-8b10-fc319a418f97
嘉兴市,0000001500000031000000070000000X,4.67,2017/4/15,330400,a6c0af37-1852-4396-ac4e-1f3e583e4315
杭州市,0000000S0000002Z000000070000000X,8.27,2018/12/15,330100,c4369d78-84f0-4f6f-9cae-1843d2f7814d
浙江省,0000001200000031000000070000000X,4.55,2018/8/25,330000,bf14dde8-f2c8-44af-a3d9-52fef1c6bc21
舟山市,0000000X0000007T000000070000000X,51.67,2017/5/5,330900,70cac254-9d9f-4090-809d-bc07ebd8cbf4
温州市,0000000H0000003N000000070000000X,16.67,2017/4/25,330300,ceb6c00f-c49a-4b89-8f30-462e8a611899
湖州市,0000000P0000003E0000000700000010,5.5,2018/9/4,330500,db10ca6c-4858-47c9-a76c-b9c62aae9f9c
湖州市,0000000H0000003P000000070000000X,19.33,2017/12/15,330500,cef39d52-f723-4405-8c4b-e4c51dc706a4
丽水市,0000002P0000007W000000070000000X,2.93,2019/1/25,331100,c35c9f3a-c851-42a7-98d5-c23c52828f40
绍兴市,0000001500000031000000070000000X,3.83,2018/3/15,330600,8b649191-0d30-477c-911b-ae1d328dc444
丽水市,0000000G0000003F0000000700000010,9,2017/7/4,331100,05b83d76-e65b-4ce2-8654-0082dc858b4b
杭州市,0000001Z00000036000000070000000X,6.4,2018/9/25,330100,2d17cd4c-8dde-4680-830e-1bcd6822f01e
湖州市,0000001500000031000000070000000X,6,2018/10/25,330500,62085d6f-5740-480a-9d27-59b56fdf1e1e
浙江省,0000000P0000003E0000000700000010,4.55,2018/7/31,330000,0ef721e5-a67b-4567-8ab8-817afd52b054
杭州市,0000000S0000002Z000000070000000X,8.43,2017/11/25,330100,823f50d5-1a83-4407-aed4-760fa8bf0b99
杭州市,0000000G0000003F0000000700000010,8.83,2017/5/16,330100,c586a6ca-f20b-4516-b221-594897854f2f
嘉兴市,0000001200000031000000070000000X,4.33,2018/12/15,330400,185177de-f91a-4c81-9958-531b37622429
杭州市,0000000X0000007T000000070000000X,40.17,2017/4/5,330100,f9a9170c-5231-446a-b661-9371642099cd
绍兴市,0000000H0000003P000000070000000X,24.33,2017/10/25,330600,28c25657-6e82-4b8e-9c20-f210d9465956
丽水市,0000000H0000003N000000070000000X,13,2017/12/25,331100,ae0659a6-b7da-475a-aa36-8f8130542cc4
金华市,0000000G0000003F0000000700000010,10.5,2018/12/18,330700,18dad115-8987-43a8-a380-69ee80967862
衢州市,0000001E00000031000000070000000X,5.5,2017/6/25,330800,5219cb89-e05e-4905-8335-b71d1a8d35e7
台州市,0000000X0000007T000000070000000X,25,2017/1/5,331000,367b511c-1b72-4e79-aa97-199a578239c7
绍兴市,0000000H0000003P000000070000000X,25.33,2017/1/5,330600,5c3ea21d-4449-4a05-b13e-54ae6013a115
杭州市,0000000K0000003U000000070000000X,36,2018/9/25,330100,2030d311-1796-4fc0-8650-70496aea838f
嘉兴市,0000000M0000003V000000070000000X,11,2018/6/15,330400,c4777768-af22-4bfe-9042-2149fa084abd
嘉兴市,0000000H0000003P000000070000000X,22.33,2018/2/5,330400,71a6fafb-e39a-4221-9579-a1ad5ff14781
衢州市,0000001700000031000000070000000X,2.5,2018/1/15,330800,855d6d6c-ee41-4322-949f-64aa9d2308ff
衢州市,0000000G0000003F0000000700000010,7.2,2018/4/10,330800,90a5811b-cb9a-4262-bf01-282876e56e70
丽水市,0000001Z00000036000000070000000X,5.66,2017/9/25,331100,2680494b-247e-4322-a6ac-2e8e06dda33a
浙江省,0000000H0000003N000000070000000X,13.79,2018/9/5,330000,3ec82ea7-59a8-4e55-affe-1b4501ff245c
舟山市,0000000H0000003N000000070000000X,15,2018/9/5,330900,0ccb5a46-86b6-4df6-8ef2-b3be2ad6282e
宁波市,0000000X0000007T000000070000000X,40.33,2017/4/15,330200,a9c6bcc4-a22b-49a4-8e83-8181ff088ddb
衢州市,0000001700000031000000070000000X,2.67,2018/4/15,330800,023456de-c23d-4f19-8ff0-48bdb6d61b57
舟山市,0000001500000031000000070000000X,3.83,2018/7/5,330900,f1a2322d-77ea-4e75-a804-e3c2cfb87a14
杭州市,0000000K0000003U000000070000000X,35.33,2018/4/15,330100,c34b2d1f-67d8-43f0-ab69-870120a93283
浙江省,0000002P0000007W000000070000000X,3.09,2018/10/25,330000,921d116d-9cca-41ba-b212-81953d965cb7
杭州市,0000001E00000031000000070000000X,4.33,2017/7/25,330100,e2b4fab8-e739-428e-9fa9-39ed615709ae
舟山市,0000002200000038000000070000000X,4.43,2018/12/25,330900,1b3deb47-28ca-4e32-a1a9-5d43bb0626ba
衢州市,0000000J0000003S000000070000000X,36.33,2017/11/5,330800,d06085c8-606d-4d57-8c52-ce03d55c1dbd
绍兴市,0000001Z00000036000000070000000X,4.17,2017/4/5,330600,f6a0dc27-8003-4ba8-8e8a-701ba2be5f71
嘉兴市,0000001A00000031000000070000000X,6.33,2018/9/5,330400,02b3ccdc-1b94-44fb-b722-bc60c903e615
湖州市,0000000G0000003F0000000700000010,8.7,2018/11/27,330500,2c0d9b4b-c40f-4118-9906-41509cb352d8
杭州市,0000000C0000002Q000000030000000X,63.33,2018/12/15,330100,ae163945-b9ab-4e6d-bafd-3dcda4927902
湖州市,0000001E00000031000000070000000X,6.17,2018/10/25,330500,eea52d31-355f-4fca-b2d2-34ed622e8471
舟山市,0000000H0000003P000000070000000X,25.33,2017/10/25,330900,76cd78ab-0dd0-468a-b3c1-0a860554e8c7
湖州市,0000000Z00000031000000070000000X,3,2017/2/25,330500,36a9caa3-46bc-4181-b268-94119cb7d67c
湖州市,0000001200000031000000070000000X,5.17,2018/4/5,330500,b9fdb271-699a-40e1-874e-7111e5edcff9
浙江省,0000000P0000003E0000000700000010,4.63,2018/12/25,330000,9fe2d810-c6ff-412b-b4fa-5ce8cdd7e6cb
金华市,0000001Z00000036000000070000000X,5.33,2018/9/5,330700,59b6f170-c29b-4e9d-8e2a-91108bb356e8
丽水市,0000000G0000003F0000000700000010,7.2,2018/3/27,331100,46990b69-df50-47b4-8f09-1770b3dcdabd
绍兴市,0000001500000031000000070000000X,3.17,2018/8/5,330600,1884b2fb-6ffb-4145-9e96-7e6ed1415e4c
台州市,0000000X0000007T000000070000000X,25.33,2017/12/5,331000,0c70f1eb-3806-460c-a52a-eb253ca130b1
温州市,0000000G0000003F0000000700000010,10,2017/5/2,330300,9505c222-9e97-4d8a-b63d-103abbbe5fba
杭州市,0000000J0000003Q000000070000000X,41.33,2018/6/25,330100,c5635f9d-b39c-4406-abb0-f4d100df725e
绍兴市,0000000H0000003N000000070000000X,14.17,2017/4/25,330600,3e850198-51f6-4aa7-8bdb-39606e9d3d71
台州市,0000001A00000031000000070000000X,4.33,2018/8/5,331000,0aaaa6cd-5e71-4e5a-8d34-d3fce37344eb
浙江省,0000001E00000031000000070000000X,3.32,2017/3/25,330000,660dbcec-36e7-4103-bdb8-b8664bda8fe8
舟山市,0000000C0000002Q000000030000000X,50.3,2017/11/25,330900,b7cfee7f-202b-49f5-8a03-35f37107e43e
温州市,0000002P0000007W000000070000000X,2.33,2018/6/15,330300,94e184a7-3170-4b5f-8b1a-ce19312722cf
浙江省,0000001K00000031000000070000000X,3.21,2019/1/25,330000,1f89aac4-fa0e-45c6-8253-76e4bb635e14
台州市,0000001400000031000000070000000X,8,2018/2/25,331000,7b640f7c-4edb-41cd-8e7e-50f0bf8c5834
温州市,0000000K0000003U000000070000000X,45,2018/4/25,330300,73e6d4f0-25f6-4deb-be58-0f95b6698342
丽水市,0000000J0000003Q000000070000000X,37.33,2017/3/25,331100,42df8225-a89b-475c-a48b-9b0ab5c43842
湖州市,0000000G0000003F0000000700000010,9.85,2017/5/16,330500,abe24a7c-001c-4a7e-9743-ea8d66054196
杭州市,0000000G0000003F0000000700000010,9.56,2018/1/2,330100,8aff828d-7e54-46ed-8123-29701237e993
丽水市,0000002200000038000000070000000X,2.93,2017/11/5,331100,7dffa253-46a8-47c3-aab1-ec10a1c75171
绍兴市,0000001200000031000000070000000X,4.33,2018/9/15,330600,a9f3a03a-b304-4f2a-b665-cbd722677eb8
金华市,0000000C0000002Q000000030000000X,69.87,2018/1/25,330700,eb9dcc0e-c584-4481-8685-348eeb6d0415
浙江省,0000000P0000003E0000000700000010,3.25,2017/7/11,330000,c127f36b-ba9f-4497-a00a-b11d064bbb0b
温州市,0000000D0000002R000000030000000X,46.67,2017/7/25,330300,e7f4c7d7-8f9e-4cc7-99cc-cd82914d4994
温州市,0000000X0000007T000000070000000X,44.33,2017/7/15,330300,ef97c057-0c9d-459d-a12c-a3cb4b833342
湖州市,0000000H0000003P000000070000000X,19.33,2017/12/25,330500,10cb6fc7-3af9-4cdf-8113-796e40079e4c
金华市,0000001Z00000036000000070000000X,5.5,2018/3/25,330700,ce425022-e49f-4434-b8e6-ca8b9e8f71ce
杭州市,0000000K0000003U000000070000000X,33,2017/3/25,330100,ff200d56-c763-4ab4-8431-ef45d127023f
衢州市,0000000P0000002W000000070000000X,4.17,2017/4/5,330800,78f4d876-76af-4776-b03c-a15b6f69d101
湖州市,0000001E00000031000000070000000X,6.5,2018/10/15,330500,28ae2b40-f806-4116-9cf4-0098a0318248
湖州市,0000001400000031000000070000000X,6.33,2017/3/25,330500,f44b237a-bda8-45a9-a206-2bc2edfaadb8
湖州市,0000001K00000031000000070000000X,4,2018/1/5,330500,8a685ca9-93d6-4130-8495-8751176acc86
宁波市,0000001700000031000000070000000X,3.33,2018/10/5,330200,1292100a-c0d2-438a-98e0-dd32d62f68ad
温州市,0000001A00000031000000070000000X,4.17,2017/7/25,330300,a2445d2d-3788-4797-8954-492e621d0e2d
湖州市,0000000P0000002W000000070000000X,5.33,2018/6/15,330500,084ac6ec-93ed-4d5d-bb41-a4e5078ffd18
金华市,0000000J0000003S000000070000000X,36.67,2018/10/15,330700,6bba9df8-ea94-48cc-af49-3b6f956a8f77
嘉兴市,0000002200000038000000070000000X,3.33,2017/10/15,330400,816ca9a6-4627-4e25-97ff-ba52421b386e
衢州市,0000000J0000003S000000070000000X,36.33,2018/9/25,330800,f7aa19f7-5beb-43dc-9638-fda228c0f66d
金华市,0000000S0000002Z000000070000000X,7.83,2018/10/15,330700,3a4afa57-a31f-47ac-b1de-261239a41b34
金华市,0000000S0000002Z000000070000000X,7.67,2019/2/25,330700,a387c5a5-72dc-4a31-96e9-380dd75b7e7b
衢州市,0000001A00000031000000070000000X,7.5,2018/9/15,330800,af4c4620-0885-439e-bbb4-85c76a3113d5
舟山市,0000001400000031000000070000000X,6,2018/12/25,330900,308f7266-7b57-42c4-96ed-d085ba5b1667
杭州市,0000000K0000003U000000070000000X,33,2017/9/5,330100,3b73fe92-d912-4df2-b50b-bc16837248e9
湖州市,0000001700000031000000070000000X,3.17,2018/8/15,330500,5cee9af7-81b7-497f-b8a2-5b96e355539e
嘉兴市,0000002200000038000000070000000X,3.17,2018/10/15,330400,8b6325e0-7673-489c-bbbb-5762c1f5917a
湖州市,0000000G0000003F0000000700000010,10.8,2017/3/28,330500,7ca58e0e-dbec-48ef-b73d-1290a1fff433
衢州市,0000000G0000003F0000000700000010,10.72,2018/12/11,330800,33290503-35cc-4359-9f65-f1e49df3d192
宁波市,0000000C0000002Q000000030000000X,73,2018/12/5,330200,a995c008-0ace-4c6e-8696-f3f67e629ab9
衢州市,0000003100000081000000130000000X,77.67,2017/6/25,330800,49f3c674-6000-4bf5-8abf-ce1b20a3c701
金华市,0000000P0000003E0000000700000010,3.9,2018/5/15,330700,8233ec70-873c-4b23-8bf9-215d35d6105c
嘉兴市,0000000D0000002R000000030000000X,35.33,2018/11/15,330400,32ea341c-cd7d-4d5d-beba-39fcc2feb975
宁波市,0000000Z00000031000000070000000X,4.7,2018/4/25,330200,a71dec70-f839-45c0-b708-5bd86644055e
丽水市,0000001500000031000000070000000X,4.83,2018/8/25,331100,4036dfd6-575b-4219-9ed4-ba1fb3f42f18
金华市,0000000P0000002W000000070000000X,5.1,2018/6/25,330700,e69e7e82-f20f-413c-971d-bd84cb7cde49
湖州市,0000000G0000003F0000000700000010,10,2017/9/5,330500,b13a0673-e758-405e-b042-53756cf202d8
宁波市,0000002P0000007W000000070000000X,3.1,2017/3/25,330200,edf62018-d0df-4296-8ae9-83f02fdfe716
浙江省,0000001E00000031000000070000000X,4.11,2017/12/25,330000,43560778-60e0-4f5f-9ab3-bb4fa7cddf9d
衢州市,0000000X0000007T000000070000000X,24.67,2017/7/25,330800,74685be3-4659-45f3-be2b-89b716c7854c
湖州市,0000000P0000003E0000000700000010,3.7,2017/1/3,330500,f2af90f9-ebdd-477b-b905-eb735877b62b
杭州市,0000000H0000003N000000070000000X,16,2017/4/25,330100,b32ac69c-99cb-413f-ac0c-d62bbc502cf9
宁波市,0000001700000031000000070000000X,3.77,2019/3/15,330200,3797f1db-cc4a-4487-b2ed-c0445e523386
绍兴市,0000000M0000003V000000070000000X,9.83,2018/1/5,330600,7c330194-9d24-4f57-a58f-843c9444b120
衢州市,0000001700000031000000070000000X,2.67,2019/1/5,330800,c5820c67-419d-4cc3-a974-8458a22bb403
金华市,0000000H0000002T000000070000000X,15.5,2019/2/25,330700,1c6c23de-617d-4754-a2ae-b1e11904d380
温州市,0000000K0000003U000000070000000X,46,2019/2/25,330300,518a2aec-1e4c-4afc-8810-1c004179d301
宁波市,0000000P0000002W000000070000000X,5.83,2018/6/15,330200,dfa80300-6fad-4311-9a8f-cd8ba6cc4302
宁波市,0000000K0000003U000000070000000X,36.67,2018/2/25,330200,ba1f8b87-0256-443c-87c3-fee59d1984ab
绍兴市,0000002U0000007X000000070000000X,4.67,2018/3/15,330600,71860161-438c-48a9-8ce2-e824223b58fd
绍兴市,0000000H0000003N000000070000000X,14.17,2017/3/25,330600,422d1569-187a-4369-a8d2-43ba581b812f
浙江省,0000002P0000007W000000070000000X,3.11,2018/6/15,330000,1625bc9a-4de4-48ce-8e49-ec80e1d17432
绍兴市,0000000H0000002T000000070000000X,14.5,2017/6/5,330600,ad462d12-4bc3-469f-b5de-04878b4850c2
温州市,0000001Z00000036000000070000000X,8.5,2017/3/15,330300,205315dc-fe75-432b-ad7e-426360634e7b
衢州市,0000001K00000031000000070000000X,4,2018/2/15,330800,52db5b83-9fb1-49dc-80fa-13692add5dca
湖州市,0000000G0000003F0000000700000010,9.4,2018/12/25,330500,f48a902a-40fb-4cec-82c0-043d5aa9e43f
嘉兴市,0000000M0000003V000000070000000X,10.5,2017/12/5,330400,977788e8-936d-4ddf-a72d-332c7eaba87b
温州市,0000000Z00000031000000070000000X,2.83,2017/4/5,330300,05188d44-c4ff-4cd5-bfad-3ecbf0855dae
浙江省,0000000P0000002W000000070000000X,4.4,2017/3/15,330000,0818f798-c72a-4202-85a0-b7c7613da9c7
绍兴市,0000000Z00000031000000070000000X,4.67,2018/7/5,330600,43d8ca91-9dd1-4899-9cd3-9567d67aa88d
衢州市,0000000H0000002T000000070000000X,18.33,2017/11/15,330800,47892225-897e-487c-9d34-6f61553485d1
舟山市,0000000J0000003S000000070000000X,33.67,2017/8/5,330900,2d9fac59-f8a0-45de-89e6-7a114add7ca2
嘉兴市,0000000S0000002Z000000070000000X,9.5,2018/8/5,330400,8e2a0f9c-3328-444d-82af-c6a20f6c97b7
金华市,0000002P0000007W000000070000000X,3.9,2018/4/5,330700,df91b5db-8521-431d-b7d0-ba7fbc20765a
湖州市,0000000M0000003V000000070000000X,17.33,2017/10/15,330500,68132462-5064-49ac-9886-057c72812720
金华市,0000000J0000003Q000000070000000X,41,2018/10/25,330700,bc96c6d5-2c3c-4948-a399-2bb01970c77d
舟山市,0000000X0000007T000000070000000X,38.33,2018/6/15,330900,690a6039-23fc-49c7-bd99-5d08f79ac5b7
湖州市,0000000K0000003U000000070000000X,0,2018/10/25,330500,fdbf4f28-1cf0-4103-80ed-a1bc1d73036a
台州市,0000000X0000007T000000070000000X,35,2017/5/5,331000,d7d692be-8e4d-4dcb-aece-c41c7539b3c0
杭州市,0000001200000031000000070000000X,4.17,2016/12/15,330100,c0e96e44-bf2b-4c7c-9263-f9c8ec16c416
宁波市,0000000H0000003P000000070000000X,24.67,2018/5/5,330200,436e9b32-4ebe-45d5-aeed-82065e7ace18
金华市,0000001500000031000000070000000X,3.83,2017/7/25,330700,e7cfaf2e-f02e-434e-a928-a905840ea173
宁波市,0000001500000031000000070000000X,4.77,2017/12/15,330200,e4647756-6604-48e5-a564-f9d3ac5805aa
浙江省,0000002U0000007X000000070000000X,4.32,2018/8/15,330000,c21a0e0a-e691-4192-8a25-37bdace862e8
舟山市,0000000M0000003V000000070000000X,13.33,2017/1/5,330900,860f4d46-d479-4ee2-a7c9-a4528fce293a
嘉兴市,0000003100000081000000130000000X,79,2017/4/5,330400,bcb563a4-7afa-489e-8998-6bae9b064d70
衢州市,0000000M0000003V000000070000000X,9.83,2017/6/25,330800,e5251b11-c269-4ded-b76f-169d22ff4769
丽水市,0000000D0000002R000000030000000X,54.6,2018/9/5,331100,7dd5d98d-966a-4b29-b164-764e33442d61
台州市,0000000X0000007T000000070000000X,32.67,2017/4/5,331000,8e0f37bb-0291-476f-9136-7b61aedae9c4
丽水市,0000000H0000002T000000070000000X,11.67,2018/6/25,331100,abab10af-8df4-47f4-a069-3f39ea66914f
温州市,0000001400000031000000070000000X,6.67,2018/10/25,330300,a0e7af53-2dd3-45e9-ad1b-eefa382337db
宁波市,0000000Z00000031000000070000000X,5.93,2018/6/5,330200,3271b8f5-5bad-4454-b5da-54c6e3e19957
丽水市,0000001700000031000000070000000X,2.5,2017/9/15,331100,b823e8e4-63d0-40e6-9c45-98c57f787fbe
绍兴市,0000000J0000003S000000070000000X,33.67,2017/8/5,330600,ca25ffa3-d426-44e8-ad4e-5e977c2ff41d
丽水市,0000000M0000003V000000070000000X,11.33,2017/10/15,331100,7a9157ac-6c0c-48dd-88f1-2bc4c54edd1a
宁波市,0000000M0000003V000000070000000X,14.5,2017/2/25,330200,208e0cf6-a975-4b80-b556-b2b8acf49a25
绍兴市,0000001700000031000000070000000X,2.5,2017/2/5,330600,d5b2cbfc-9b08-4853-9139-2eb018ee4906
嘉兴市,0000001E00000031000000070000000X,4.17,2017/12/15,330400,4913d376-013e-4905-a799-8548c2ca54cb
丽水市,0000000H0000002T000000070000000X,14,2017/12/5,331100,55b821b0-26a9-4cda-bd89-b741ac195601
金华市,0000000H0000003N000000070000000X,15,2017/2/15,330700,711c79ac-7c63-4a70-b0a7-322790ce4b46
宁波市,0000001200000031000000070000000X,5.4,2018/11/5,330200,d7c7a33f-dd71-4deb-bd3b-771cce4ed274
宁波市,0000001400000031000000070000000X,5.6,2018/6/25,330200,2001c0f0-6f3d-4249-97a8-2676e51dc921
金华市,0000000H0000002T000000070000000X,15.83,2017/4/5,330700,e2792ad0-4dab-4965-9821-3b68d823f58c
舟山市,0000002200000038000000070000000X,3.5,2017/12/15,330900,b5a303b8-734b-4271-ad9a-3763abf4ddaa
丽水市,0000002200000038000000070000000X,3.83,2018/11/15,331100,dd92c207-3041-47ab-a7ec-6f0db9d81487
衢州市,0000000H0000003N000000070000000X,15.67,2017/1/5,330800,42c8fe1b-66bf-4a59-8a75-94fa0e10f004
衢州市,0000000H0000002T000000070000000X,18.67,2018/3/5,330800,6e7d69af-098a-4521-ab11-f4546cbdadc1
绍兴市,0000001500000031000000070000000X,4.17,2017/3/25,330600,1b3cf8cb-4eb5-47f0-95b5-52ddbee5c19c
湖州市,0000002200000038000000070000000X,4.33,2018/3/5,330500,dc366ebd-5337-4839-84e2-e5492beb9b21
衢州市,0000000H0000002T000000070000000X,17.67,2017/6/5,330800,cae20504-9ee4-4877-ac31-9142b3cfc3b8
宁波市,0000000H0000003P000000070000000X,25.67,2018/2/15,330200,6baf652c-e846-4aa6-9477-07f4de4b222d
嘉兴市,0000000X0000007T000000070000000X,32.67,2017/10/15,330400,a36bb3fe-8712-47b0-beb2-3ae6d1acb873
金华市,0000001E00000031000000070000000X,5,2018/6/15,330700,4a6a66a5-5e85-4ec5-a798-61bbde7df447
绍兴市,0000000H0000002T000000070000000X,14,2017/10/25,330600,35682fe2-e305-496b-b790-f8e884fa0e89
绍兴市,0000000H0000003N000000070000000X,13.33,2017/10/5,330600,36e846b5-025b-43f6-b337-abf972bcd3ed
衢州市,0000001K00000031000000070000000X,3.5,2019/3/5,330800,d6b777d2-1f8b-49fe-9dec-995f28d0efd6
丽水市,0000000M0000003V000000070000000X,11.33,2018/5/5,331100,dabf9367-2574-444e-bb14-e6d27987d21e
丽水市,0000000Z00000031000000070000000X,3.33,2018/2/5,331100,867386d9-614e-4298-afd4-14ca3a9d2adf
衢州市,0000003100000081000000130000000X,86.27,2018/7/5,330800,327ef7f0-602b-4fe5-a96e-4055c03c8831
杭州市,0000000J0000003S000000070000000X,37.33,2019/1/5,330100,f8628fe6-63da-4aab-aa2c-4c8e68a818f0
衢州市,0000000H0000003N000000070000000X,13.67,2017/4/25,330800,6f878b14-cb47-4c78-bd42-4b8bb57e14f2
嘉兴市,0000000C0000002Q000000030000000X,66.33,2017/6/5,330400,c74a367a-1125-4e0d-9ed3-e7e022ea428e
舟山市,0000000J0000003S000000070000000X,37,2018/10/15,330900,cf800062-d736-4dce-bc76-668f8d68e4d1
金华市,0000000G0000003F0000000700000010,8.1,2018/3/20,330700,60944fab-e41a-4fd7-8855-463fb2850c86
绍兴市,0000000J0000003Q000000070000000X,42,2018/4/5,330600,9b161412-dc6b-4460-9f17-c7ccbccb1f9b
绍兴市,0000002P0000007W000000070000000X,2.33,2018/2/15,330600,7b1d509b-b9e8-404c-a36d-c24ab0526eb2
温州市,0000000P0000003E0000000700000010,5.2,2018/9/25,330300,5bd99a99-f29b-49a7-9513-d99f005131dc
温州市,0000001Z00000036000000070000000X,5.17,2017/12/5,330300,1186a5aa-bb35-43f7-8023-320c753830d7
舟山市,0000001Z00000036000000070000000X,7.5,2017/11/15,330900,90adf527-8e4d-4143-82a4-cd130b6b8855
金华市,0000000Z00000031000000070000000X,2.33,2017/4/15,330700,79e92836-67aa-4782-96f8-19b3590cf10c
丽水市,0000001K00000031000000070000000X,3.83,2017/9/5,331100,54423fa2-fe69-4e64-adf5-ace4ab908abe
浙江省,0000000P0000002W000000070000000X,4.3,2017/4/5,330000,0943bbd1-0f00-425a-b4f7-a070adde6a52
金华市,0000000H0000003N000000070000000X,10.33,2018/6/25,330700,5d5732ee-6cb8-44d8-bab3-1052a0b42c89
嘉兴市,0000000P0000002W000000070000000X,4.33,2017/2/15,330400,e6ba15ec-861b-43c3-8ec5-7c71ae97a59f
绍兴市,0000000H0000003P000000070000000X,24.67,2018/12/5,330600,e445e9c9-86f0-479c-92b3-0c8d4e8c37f8
丽水市,0000001700000031000000070000000X,2.67,2017/3/15,331100,97fb762a-7cef-426c-9db4-57010aa0ba11
嘉兴市,0000000H0000002T000000070000000X,16.17,2018/4/25,330400,0ba8e84e-72e8-4939-aca9-5180f6781fb8
浙江省,0000000J0000003Q000000070000000X,42.76,2018/10/25,330000,cf068751-5292-4f47-bda6-e2a586726fbe
嘉兴市,0000001500000031000000070000000X,4,2018/6/5,330400,9216d92b-3bc5-4778-ada1-ed332a506f64
浙江省,0000001700000031000000070000000X,2.87,2019/1/5,330000,c7ba3c2a-984a-41df-b57f-8cf1bdf43181
台州市,0000000P0000003E0000000700000010,4.71,2017/11/28,331000,69259742-3e4b-408a-b44f-f864f7e782e5
台州市,0000001E00000031000000070000000X,2.17,2018/11/25,331000,cfef1406-9e8e-4415-8470-89015eac1080
舟山市,0000002U0000007X000000070000000X,4.67,2018/12/5,330900,dd98b197-40f0-4465-a80e-222bb91a22b2
宁波市,0000001700000031000000070000000X,3.17,2017/11/5,330200,02f74120-9fb0-4bed-bd5a-4ade093556a3
宁波市,0000000J0000003Q000000070000000X,38.67,2017/3/15,330200,e7ac5c51-eeee-44e2-9c09-243c1e1c6840
嘉兴市,0000001500000031000000070000000X,4.67,2016/12/25,330400,ff9e334d-6314-44f8-873e-6e0bf6f75cce
杭州市,0000001Z00000036000000070000000X,6.57,2018/1/25,330100,cc4ed433-6957-4f39-9f2a-73eddba0797e
台州市,0000000X0000007T000000070000000X,29.67,2017/8/5,331000,c32ab8d1-dd61-4eef-ac62-17b0162344f3
金华市,0000000D0000002R000000030000000X,40,2017/12/25,330700,d6a51914-8a36-415b-9865-ee306e1d2922
宁波市,0000000J0000003S000000070000000X,30.33,2017/9/25,330200,0bc1db6a-735f-45cc-a200-1bc9ae459cb4
杭州市,0000000H0000003N000000070000000X,14.33,2019/1/5,330100,1f6a2180-9fc6-42cf-84df-b9a4d6279623
衢州市,0000002200000038000000070000000X,2.67,2017/3/15,330800,164e592a-5e39-4020-a14a-e310c7f965bc
丽水市,0000001700000031000000070000000X,2.67,2019/1/25,331100,b7b87fca-dee4-4468-b643-9515f5c1fc44
绍兴市,0000000K0000003U000000070000000X,37.67,2017/7/5,330600,464fb965-c8d3-4020-8e63-1ba5e89a7b57
衢州市,0000000H0000003N000000070000000X,13,2017/12/15,330800,296b3eda-06cb-4d93-ace0-6868d30f41ce
舟山市,0000000Z00000031000000070000000X,5,2018/7/25,330900,7ccafc79-f61d-4ee1-9b58-588b862d22b2
浙江省,0000001200000031000000070000000X,3.69,2017/10/5,330000,6f7a066a-2d37-42ec-895c-fbf8b716a03c
温州市,0000000K0000003U000000070000000X,45,2018/3/15,330300,ed90e209-8c3d-4e8b-8ce7-e985c7d02c2f
杭州市,0000001500000031000000070000000X,4.67,2017/4/5,330100,4e603318-b1ba-4e9a-8a6b-ab86a993b0ae
舟山市,0000000H0000003N000000070000000X,15.33,2017/7/15,330900,a4c25277-fd8b-419c-820f-3a0b945f4326
嘉兴市,0000001500000031000000070000000X,5,2017/1/5,330400,9ca90d94-8fef-467b-82f0-b87ebfd99d08
嘉兴市,0000001400000031000000070000000X,5.5,2019/1/15,330400,9fa13ef7-6ff9-4b16-a616-c501424d1593
浙江省,0000001K00000031000000070000000X,2.71,2017/4/15,330000,d16af6b7-3fb7-4ce6-b3e9-df1dbb1d61ef
杭州市,0000001200000031000000070000000X,4.33,2018/11/25,330100,e134020b-4ea2-4f6e-ac6a-98f6af9c1375
杭州市,0000000C0000002Q000000030000000X,63.33,2019/1/15,330100,3f3ef56c-273c-4fef-9733-e02f244969a8
丽水市,0000001E00000031000000070000000X,3.33,2017/11/25,331100,a44bd197-a15b-436f-9530-72ca5e824ae5
台州市,0000001400000031000000070000000X,5.33,2017/7/15,331000,2d6c6d4c-ba88-42df-9b9d-4dd7d0355ddf
嘉兴市,0000001K00000031000000070000000X,3.5,2017/7/15,330400,6d7b99bf-40b6-4d44-8aca-50f891d519cb
金华市,0000001400000031000000070000000X,7.67,2019/1/25,330700,ac86f44d-f891-4e66-8275-83b076757c17
宁波市,0000000H0000003N000000070000000X,14.2,2019/2/15,330200,8dbc3191-44a4-4e4b-92f9-1187806a8c2e
台州市,0000000G0000003F0000000700000010,9.3,2018/8/28,331000,4d6cbadd-a44c-4214-8e9d-dd70f7635c4c
杭州市,0000001A00000031000000070000000X,5.67,2018/10/25,330100,f4184acd-01d6-4fc9-9d59-9ceba82fa75d
丽水市,0000000S0000002Z000000070000000X,9.67,2017/8/5,331100,124b5abf-67ea-44a1-bfc4-21315323aabd
宁波市,0000001200000031000000070000000X,6.1,2019/3/5,330200,9923cdf5-5a92-4301-900f-6858135baf6c
杭州市,0000000J0000003Q000000070000000X,40.5,2017/6/15,330100,a0267775-66cb-4c58-9746-1eeb47b67322
浙江省,0000000K0000003U000000070000000X,39,2019/1/15,330000,18ba74e4-fc56-4f7a-aecd-60fed47ca594
嘉兴市,0000000D0000002R000000030000000X,35.33,2018/9/5,330400,9b5feefa-0c6d-4855-9e47-13a536a93e36
嘉兴市,0000000Z00000031000000070000000X,4.83,2017/12/25,330400,788bf6cc-a2c6-4bf4-950b-286933e7d7d1
浙江省,0000001400000031000000070000000X,5.34,2018/12/15,330000,a3f32d63-e40c-4556-a474-1a8f7bad504b
衢州市,0000000G0000003F0000000700000010,7.4,2018/6/12,330800,03a6d0c3-9fc5-488a-a244-e182ee5e0a36
湖州市,0000001700000031000000070000000X,3.33,2017/3/15,330500,bf8d1407-aa9b-4388-9dd2-0c080cb43d2b
湖州市,0000001200000031000000070000000X,5,2019/1/15,330500,5030c139-355e-410c-a4e3-21502b01e5e6
衢州市,0000000J0000003S000000070000000X,36.67,2017/3/5,330800,ff6aef67-439f-4a6b-b593-316c198d066d
杭州市,0000000K0000003U000000070000000X,36,2019/1/25,330100,e194c5a6-8629-4831-8066-f6fabb2676d8
台州市,0000002U0000007X000000070000000X,4.5,2018/11/25,331000,83d3241a-0ca8-4070-8024-a24989635691
台州市,0000000G0000003F0000000700000010,9.6,2017/5/2,331000,9c327124-0ff2-436a-a502-3cc6f5b6d624
舟山市,0000000G0000003F0000000700000010,11.5,2018/11/20,330900,4700aaad-362b-4b14-aba9-e92133f9ea08
绍兴市,0000000C0000002Q000000030000000X,57.67,2018/10/15,330600,ca0c6536-c3b4-4b0b-810e-11688fef2319
丽水市,0000002P0000007W000000070000000X,2.6,2017/10/5,331100,ca12ff95-e870-4b6b-806e-f524bd0430d3
舟山市,0000000H0000002T000000070000000X,14.83,2018/3/15,330900,70eeba53-94a5-4744-b35a-f0418c9de8d7
丽水市,0000001700000031000000070000000X,2.33,2017/1/5,331100,86f38995-df8a-4d07-9f10-f6d1df187b8d
温州市,0000000X0000007T000000070000000X,36.67,2017/8/25,330300,bfd8d0df-6128-4ce2-9e59-4471d531b594
宁波市,0000002200000038000000070000000X,3.83,2017/9/15,330200,8adab433-ba74-4de7-8684-7e34d04ee7e1
宁波市,0000000H0000002T000000070000000X,14.67,2018/6/25,330200,c55a1767-cdc8-4918-b696-51595f043f5c
衢州市,0000002U0000007X000000070000000X,4.33,2017/7/25,330800,67bb916e-f663-4589-9a7a-ebb719cf6c52
丽水市,0000001500000031000000070000000X,4,2018/7/25,331100,c2adc868-a0bf-44bf-8d85-723a653669b4
台州市,0000000S0000002Z000000070000000X,10.33,2017/9/5,331000,dbbabe27-1fa1-4210-b371-8cbac1722005
宁波市,0000001700000031000000070000000X,3.33,2018/10/25,330200,de09a8e0-b6c9-4f3a-a83c-69639590a0e0
杭州市,0000000M0000003V000000070000000X,10.83,2019/3/15,330100,f3880708-0054-49dd-b64c-e593ba1d0e1b
台州市,0000002200000038000000070000000X,3,2018/3/5,331000,ba48e0df-694b-4768-8491-f6b540350f71
丽水市,0000000H0000003N000000070000000X,11.33,2018/4/25,331100,d7b54da8-ea80-421f-9e0c-04e97700f11d
杭州市,0000002U0000007X000000070000000X,4.47,2018/4/5,330100,2770fc8e-708c-4d22-b156-4ad73651b463
宁波市,0000000D0000002R000000030000000X,45.27,2017/1/25,330200,6c02b062-3130-4381-94a1-d9987c69809a
杭州市,0000001500000031000000070000000X,4.4,2018/5/5,330100,cddc6c05-0f8f-4c73-97ec-c83beac94994
宁波市,0000000Z00000031000000070000000X,4.57,2017/2/5,330200,0f53fe8d-f9ee-45e7-afb3-9a0d1c66b414
台州市,0000001700000031000000070000000X,2.33,2018/4/25,331000,9c637cea-6821-48c9-86fd-622559368956
温州市,0000002U0000007X000000070000000X,4.33,2017/7/15,330300,8bae5164-3303-4fdd-abc7-1fa4e5dac27e
舟山市,0000000J0000003Q000000070000000X,43,2018/12/25,330900,4dedad15-58b4-476d-a9fc-6a407e2895d3
台州市,0000000Z00000031000000070000000X,4.33,2017/12/25,331000,fe592501-f5ac-4393-b17b-88134c9bc0e3
绍兴市,0000001400000031000000070000000X,4.83,2017/4/25,330600,649a4a81-c8b3-4ecc-8c36-ec637cf596dc
温州市,0000000H0000003N000000070000000X,18.67,2019/1/25,330300,78e55d1d-3b75-4504-82b5-ae85b2970ea0
舟山市,0000002200000038000000070000000X,3.83,2017/9/25,330900,f2424e45-1ba0-4889-911b-340e35e68c02
丽水市,0000000J0000003S000000070000000X,34.33,2017/3/15,331100,9effd8af-2a5b-43cc-936a-8f7e3b9b307a
丽水市,0000001200000031000000070000000X,3,2017/5/5,331100,5902b40a-3311-48d2-83f9-33b8756b6e1b
浙江省,0000003100000081000000130000000X,94.13,2018/2/15,330000,567ae09e-a207-4f86-988d-9bbb30149006
绍兴市,0000000J0000003Q000000070000000X,39.67,2018/3/15,330600,2ab34f39-f826-4ed4-aed4-9a423189d83d
丽水市,0000002P0000007W000000070000000X,2.6,2017/12/15,331100,7f938b88-2b68-4708-9a6e-f022c012f10e
浙江省,0000001700000031000000070000000X,2.91,2018/3/15,330000,7fa90591-80d5-4f66-812f-602b20fb6adb
绍兴市,0000000P0000002W000000070000000X,5.17,2018/5/15,330600,19413f43-78d6-4554-8031-818ba4549bdc
嘉兴市,0000000H0000002T000000070000000X,15.67,2018/6/5,330400,7447edb6-5b62-4d0e-9693-7c3badb2e38d
浙江省,0000001500000031000000070000000X,3.96,2017/6/5,330000,3327e0a0-1818-478a-9ccd-145515fbfac4
舟山市,0000002U0000007X000000070000000X,5,2017/6/25,330900,3d242032-ee7d-44f7-a67e-4b9d87da2502
嘉兴市,0000003100000081000000130000000X,79,2018/3/15,330400,0d9b0144-d5ee-4a8d-a265-92a397c772c3
温州市,0000002P0000007W000000070000000X,2.33,2018/4/5,330300,4cb20f70-4a87-4444-a0ba-f82929b76389
舟山市,0000001K00000031000000070000000X,5,2017/9/5,330900,27fab93d-9772-4700-9a5b-ad2203ffd726
温州市,0000000H0000003P000000070000000X,25,2017/11/15,330300,d793984e-eecd-452c-8e57-e6a278795291
绍兴市,0000000S0000002Z000000070000000X,9,2017/5/25,330600,cf363e13-c855-4a77-9f9c-cefc5eaa9baa
丽水市,0000000J0000003Q000000070000000X,37.33,2017/9/25,331100,8617698d-7efe-4498-889d-20a5f715e1d3
湖州市,0000002200000038000000070000000X,4.17,2018/7/15,330500,96ae0770-89cc-4305-b7bf-203a0a63cfa9
浙江省,0000000J0000003Q000000070000000X,41,2018/6/5,330000,cef19c0b-07fc-45aa-a0a1-68399da8286f
浙江省,0000000H0000003N000000070000000X,14.08,2017/9/15,330000,9b49df3f-2f73-43c9-b24e-fbbfef703c9b
宁波市,0000002U0000007X000000070000000X,4.8,2017/7/5,330200,c05e30fd-2947-420b-bebf-5c473d14849c
金华市,0000001700000031000000070000000X,2.33,2017/11/25,330700,bf06df5b-e60c-409b-bbfd-863d981a414e
台州市,0000000H0000003P000000070000000X,26,2017/3/15,331000,bf4c8904-8ff5-464a-abd3-ce9112d43ab6
嘉兴市,0000000S0000002Z000000070000000X,9,2018/10/25,330400,3dd22122-90b2-4949-bd63-761e89b9fd56
衢州市,0000000D0000002R000000030000000X,38.33,2018/3/5,330800,f2162066-9b00-47e0-9074-352b0aef3b37
丽水市,0000002P0000007W000000070000000X,2.93,2018/11/5,331100,ce5f63b7-fa0a-4042-a83c-ac4729df8f0b
台州市,0000001Z00000036000000070000000X,5.67,2017/12/15,331000,4e03699a-14be-496d-bf03-3d73d2b4e331
金华市,0000000P0000002W000000070000000X,5.9,2018/9/25,330700,78f939be-6438-46bf-b495-3c797b68c877
浙江省,0000000X0000007T000000070000000X,35.2,2018/11/5,330000,a01f63c3-a9da-40d9-a67e-8e78ad5622cb
衢州市,0000000K0000003U000000070000000X,36.33,2018/2/5,330800,5f1087e0-623d-451c-824a-42e022482a06
宁波市,0000000D0000002R000000030000000X,46.43,2017/5/25,330200,c0312158-020e-4ccf-abe4-4bdbb5c5ea3c
杭州市,0000000J0000003S000000070000000X,36.17,2018/1/15,330100,6d214f7b-1052-4b9a-877b-6bc0874ec09d
金华市,0000000S0000002Z000000070000000X,8.5,2017/6/25,330700,a9d6a9d6-b188-4bb4-96be-197ceec44d0f
杭州市,0000001500000031000000070000000X,4.5,2017/9/5,330100,ab47df9d-8969-4b28-a8c1-d564d557eca4
绍兴市,0000002U0000007X000000070000000X,4.5,2017/11/5,330600,54a61d2a-f395-48c4-a8e2-261def102f0a
杭州市,0000002P0000007W000000070000000X,3,2018/9/5,330100,80149a2d-903a-439f-bf45-dcf63a570533
浙江省,0000001Z00000036000000070000000X,5.92,2018/4/5,330000,cd23807a-e8fc-46d1-af3a-c780895c1e6c
湖州市,0000002P0000007W000000070000000X,3.89,2019/2/15,330500,58f2579b-77ce-4276-b123-faf7051e6852
金华市,0000001A00000031000000070000000X,9.67,2018/2/25,330700,98d05962-ed6c-4a97-a486-7949a16a3608
台州市,0000002P0000007W000000070000000X,3.45,2018/3/15,331000,c28d3e73-1c94-4dca-a8a0-b49838a7755b
温州市,0000002P0000007W000000070000000X,2.17,2017/7/5,330300,754d1b7f-177d-4fce-87b2-5760fe636c2c
宁波市,0000000K0000003U000000070000000X,35.67,2018/11/15,330200,44ef6af8-bef1-4d32-b3c4-212e0272eca7
温州市,0000003100000081000000130000000X,63,2017/12/25,330300,b9e37049-de38-457d-ad7d-a01ba92b9767
浙江省,0000000H0000002T000000070000000X,16.27,2017/4/15,330000,3eab2648-2bf7-41eb-a35c-a86247a06df0
舟山市,0000000M0000003V000000070000000X,14,2018/1/25,330900,aaad42d2-c733-4d8e-ba4c-fbff980c00d6
金华市,0000000C0000002Q000000030000000X,68.17,2017/11/25,330700,a6336df1-21af-4597-84ea-7c1e281de309
嘉兴市,0000001200000031000000070000000X,3.67,2017/5/5,330400,5daadeab-b01e-4527-9d7b-e66ee1b2ac26
浙江省,0000000X0000007T000000070000000X,35.53,2017/7/25,330000,68529948-ce0a-43c5-8c09-33503bfe01ec
绍兴市,0000001Z00000036000000070000000X,4.17,2018/3/5,330600,b384f3ab-7dc9-4ea4-81e0-2b9726cfefbe
金华市,0000001E00000031000000070000000X,3.5,2018/11/5,330700,bdff2501-8693-4105-adb1-47afa138c067
台州市,0000000H0000003P000000070000000X,26,2019/2/5,331000,a5f37dc0-d48c-4311-93e7-4114d40f736c
嘉兴市,0000000J0000003Q000000070000000X,40.67,2017/7/15,330400,0e7aaa50-ce95-4577-a9eb-a41d5a31e2f6
绍兴市,0000003100000081000000130000000X,66,2018/9/15,330600,0fdeb48e-6be2-4b6c-85b2-171b31204763
杭州市,0000002200000038000000070000000X,3.43,2018/2/25,330100,58eafd2f-02ab-4877-8add-2ab6808ef1e5
宁波市,0000002P0000007W000000070000000X,2.93,2019/2/15,330200,f46ddc0e-93a2-4dbc-a23c-6a38dcf5904d
绍兴市,0000000D0000002R000000030000000X,49.33,2017/10/25,330600,df8bf36b-d848-4d23-8437-a89c7ca3084e
绍兴市,0000002200000038000000070000000X,2.77,2017/8/15,330600,40b59fb5-2b69-4b09-a274-42252df2f96e
金华市,0000000C0000002Q000000030000000X,68.87,2019/3/15,330700,7f285aaa-916c-4c4f-89ed-0608101f97e6
丽水市,0000000P0000003E0000000700000010,4.7,2017/11/14,331100,bfd91c1b-683b-482f-b687-ee2bcf71de68
湖州市,0000000G0000003F0000000700000010,8.4,2018/3/20,330500,2d53db9b-bbb2-47d0-83f0-370657f6c804
杭州市,0000001Z00000036000000070000000X,6.4,2018/9/5,330100,88edf523-baa1-47d7-973c-765063c4cbfc
杭州市,0000000P0000003E0000000700000010,4,2019/2/5,330100,f0c40b33-0652-4e52-ba46-0e0fa177b219
湖州市,0000000J0000003Q000000070000000X,39.67,2018/11/5,330500,3857d944-6a51-4565-a9b8-7f8913883ce5
杭州市,0000000S0000002Z000000070000000X,8.33,2019/1/25,330100,dde6a905-01a9-4c9a-bd5f-714696fb8564
舟山市,0000000D0000002R000000030000000X,44.97,2017/12/25,330900,1f777c6c-4503-474f-a197-87478501730c
杭州市,0000000Z00000031000000070000000X,4.6,2018/5/25,330100,352b6bab-6f71-4091-a94a-c7ffb88d963c
宁波市,0000000H0000002T000000070000000X,15.93,2018/9/25,330200,48a74a81-9e45-4fa7-bdd8-1d356cbbc92c
宁波市,0000000M0000003V000000070000000X,15.17,2018/2/5,330200,b15cf259-f3dc-414c-88b0-61efdb926a79
绍兴市,0000000X0000007T000000070000000X,49.33,2017/5/5,330600,cceb3ca6-0a59-4530-998a-f356bcbb97c6
嘉兴市,0000000J0000003S000000070000000X,32.33,2017/2/15,330400,203d2176-3b43-45a0-a08d-28e134fe7e34
杭州市,0000001400000031000000070000000X,8.27,2018/3/15,330100,680a98ab-5259-4b59-b18a-23b13a7f1a13
衢州市,0000000P0000003E0000000700000010,3.5,2017/2/21,330800,4a22f97a-dc98-43dc-8e8c-bf4a86e165e6
金华市,0000001K00000031000000070000000X,2.33,2017/2/5,330700,660eae52-8fc6-425e-9b56-6379e6cbad49
温州市,0000000Z00000031000000070000000X,3.33,2017/5/25,330300,6f3d7469-5e3a-45f5-80f3-7ff0e3ae7e54
温州市,0000001E00000031000000070000000X,10,2018/10/5,330300,6528ce69-1d5d-4a6b-ad0e-6ea1f34b4275
杭州市,0000002P0000007W000000070000000X,3,2019/2/15,330100,81f8f558-02c3-4fbb-b520-6eb1b7da6326
绍兴市,0000000H0000003P000000070000000X,24,2018/4/15,330600,6ab6b8ad-b22e-42a5-bad2-a5b49a9194bc
衢州市,0000000H0000003P000000070000000X,21,2018/7/15,330800,29021268-1ac8-413d-a207-6d4a0c410e00
金华市,0000001500000031000000070000000X,3.83,2017/4/15,330700,d2c35e5e-7a3a-4da2-90e8-66cc6035db7a
金华市,0000002U0000007X000000070000000X,4.1,2017/10/15,330700,a1d321bf-aa38-4948-8768-375711d43554
湖州市,0000003100000081000000130000000X,72.3,2019/2/25,330500,466d37f7-e103-491b-bb1e-03cb41ccbde1
湖州市,0000001Z00000036000000070000000X,5.67,2017/6/5,330500,e18124c0-281f-4ed2-a610-23776c1013a4
衢州市,0000001500000031000000070000000X,4,2017/5/15,330800,0b96ffab-9c6f-44cb-b5dc-d8bdcb93717a
丽水市,0000001400000031000000070000000X,6.5,2018/2/5,331100,9680b7d0-300e-4a9b-b6e7-f50044e75a4a
舟山市,0000002200000038000000070000000X,4.17,2017/5/5,330900,3a85542f-088a-4cb8-856d-e79312614d32
舟山市,0000000H0000003N000000070000000X,14.17,2018/8/5,330900,eb8b352a-b616-41b7-b7b8-95e0549c509d
绍兴市,0000003100000081000000130000000X,66,2018/12/15,330600,45f7e171-4b30-4d3b-a006-9fe15bd15278
金华市,0000000H0000003P000000070000000X,20.33,2017/10/25,330700,b746c4e3-26ab-4f27-adf4-078a945c2e0e
杭州市,0000000H0000003N000000070000000X,14.33,2017/12/15,330100,e6ec4649-1ebe-4a7a-8cd8-99766148b082
宁波市,0000002200000038000000070000000X,3.93,2017/6/25,330200,814bd998-4259-4192-8179-42725bfa4838
杭州市,0000001400000031000000070000000X,6.2,2018/8/25,330100,a6d8d2a8-54c3-4596-9de9-92e7a1fbeaa0
丽水市,0000002U0000007X000000070000000X,4.66,2017/6/25,331100,06d81a31-36c9-478e-81c2-bc4a71dae98e
丽水市,0000000D0000002R000000030000000X,54.6,2017/10/5,331100,cbf9fd89-e133-420d-8509-7f888f58896a
丽水市,0000000P0000003E0000000700000010,5.2,2018/9/11,331100,a443f4b2-4084-4a4b-a86f-fee61ce86ec2
金华市,0000000J0000003S000000070000000X,35.33,2017/4/15,330700,f2b7b842-bf61-4c9a-a1d6-c7a493228ff6
浙江省,0000001400000031000000070000000X,4.76,2017/8/5,330000,ff69b7db-7a17-4e7f-b8eb-03c661995342
浙江省,0000001700000031000000070000000X,2.96,2018/2/25,330000,85b8b70a-23a2-4533-b072-7db2a49ab855
宁波市,0000000X0000007T000000070000000X,43.67,2018/2/25,330200,e724b437-7f31-487e-8031-4f5ef2a9ceb0
浙江省,0000003100000081000000130000000X,91.16,2017/4/5,330000,482bd4fb-1759-46d3-b8d4-992cb997cb8a
温州市,0000001700000031000000070000000X,3.17,2017/10/15,330300,6ccd6c39-67b5-485c-88da-41f57f661d62
浙江省,0000000J0000003S000000070000000X,36.23,2018/2/25,330000,eaa40bed-3b0a-4c55-99f8-067ab166aaae
杭州市,0000001200000031000000070000000X,4.03,2018/7/15,330100,14d1a653-ae9c-4fbd-906f-a62caa01b891
杭州市,0000000P0000003E0000000700000010,3.7,2018/7/3,330100,ecb307e1-4d58-422e-8def-a62c3af01d5d
嘉兴市,0000001K00000031000000070000000X,3.33,2018/3/15,330400,ba784a9a-c813-465a-bd87-545d7bc35629
台州市,0000001A00000031000000070000000X,4.67,2018/4/15,331000,9c77dd46-8202-4301-b8b8-d780518bbf67
湖州市,0000000Z00000031000000070000000X,5.33,2017/6/25,330500,569b62e3-2d97-4d7f-8aac-fc9b3e174e52
衢州市,0000003100000081000000130000000X,77.67,2016/12/15,330800,c6737704-d2c0-4012-9c69-9267f5fffebe
湖州市,0000000J0000003S000000070000000X,34,2017/8/25,330500,5771d091-7f75-40ed-946a-ad437653c86f
杭州市,0000000K0000003U000000070000000X,35.33,2018/5/5,330100,fc1bed88-5ca0-4bc1-8096-617501f191d6
金华市,0000000J0000003Q000000070000000X,40,2017/8/25,330700,febc1152-ade8-48a8-83b2-e14dd3d37d53
温州市,0000001200000031000000070000000X,4.33,2018/8/5,330300,f27757b9-d2fa-47d2-a76f-63b09906d105
台州市,0000000G0000003F0000000700000010,11.8,2017/2/28,331000,455603fe-73af-4d3a-8a49-dd7278b7859a
嘉兴市,0000000G0000003F0000000700000010,9.4,2017/11/14,330400,2fd81cf4-3ef9-48ae-8c27-04e7794a494e
金华市,0000000J0000003Q000000070000000X,41,2018/11/25,330700,0e02016d-e8c3-4775-8f35-7e4ee6ced333
杭州市,0000000Z00000031000000070000000X,6,2019/2/25,330100,7069f10b-1aaf-460d-872b-d16056b33022
绍兴市,0000001700000031000000070000000X,2.5,2018/11/25,330600,35181fce-6f65-4322-811e-2d8db4c9fbf3
浙江省,0000000J0000003S000000070000000X,34.76,2017/3/25,330000,8f904cad-32fa-401a-8d95-f14a386268c8
台州市,0000000J0000003Q000000070000000X,40,2018/10/15,331000,733271cb-558d-424f-a1ff-0b8616a69bc8
金华市,0000002200000038000000070000000X,3.5,2017/5/15,330700,456542f3-56dd-43b1-84da-fdcdf422ac5d
温州市,0000001700000031000000070000000X,3,2017/2/15,330300,7f7dbf62-6b08-4e7b-ba40-152a24f5b4be
金华市,0000002P0000007W000000070000000X,3.9,2018/3/15,330700,1e018758-c8c6-425a-9872-1e916d4ff31d
湖州市,0000000M0000003V000000070000000X,17,2018/6/5,330500,3df811ec-f9e7-453f-9132-84c4c7ad2109
绍兴市,0000001E00000031000000070000000X,3.17,2018/11/25,330600,439afd61-2008-437a-8ddc-c9f6584fc2f1
绍兴市,0000001A00000031000000070000000X,3.67,2017/10/25,330600,5457e430-1357-4fb0-a137-9b19eb4352af
浙江省,0000000K0000003U000000070000000X,38.38,2018/12/5,330000,799d65eb-bf28-47b0-8614-35f310a62394
杭州市,0000001K00000031000000070000000X,4.03,2018/8/5,330100,5fb74400-d4ff-49e8-88e2-9264f9f2184f
嘉兴市,0000001200000031000000070000000X,4.33,2018/8/15,330400,1f4a85db-ce06-4421-890f-581ca72ed941
绍兴市,0000000M0000003V000000070000000X,9.67,2017/7/25,330600,c7dec396-63ce-4393-914b-8b104e021eab
宁波市,0000000Z00000031000000070000000X,6.7,2018/8/15,330200,69818a8b-45fd-4ab5-9430-03672261fad6
浙江省,0000001K00000031000000070000000X,3.33,2018/3/15,330000,00776b99-12fb-4a2e-bef8-883a508e6325
绍兴市,0000000G0000003F0000000700000010,9.62,2017/10/31,330600,fc7c1a6b-c7b9-4c56-8987-b84f9d89734d
温州市,0000000M0000003V000000070000000X,14.33,2018/5/15,330300,c0b1976c-a5ae-453c-ad29-05d1ef13f82b
嘉兴市,0000001K00000031000000070000000X,3.5,2018/1/15,330400,9ff7d705-53fd-4e71-9e64-1050fd5ec6aa
宁波市,0000000H0000002T000000070000000X,14.9,2018/8/15,330200,856238b1-e3de-4256-bd25-96d1a9171808
丽水市,0000000H0000003P000000070000000X,19.67,2018/2/25,331100,612bd56e-db8b-44ce-9662-6715be1d90e8
舟山市,0000001400000031000000070000000X,10.67,2019/3/15,330900,cc498299-0d16-456e-8031-2f6036c393f4
金华市,0000001700000031000000070000000X,2.33,2018/1/5,330700,dc7a4e72-66ad-4aff-9807-897976285d19
丽水市,0000000P0000003E0000000700000010,4.4,2017/9/26,331100,861c35f4-ba19-4150-96c2-b531df8e21ff
绍兴市,0000000D0000002R000000030000000X,49.33,2017/11/15,330600,f6072d58-5007-4d6a-b898-ffed46d9cce2
湖州市,0000003100000081000000130000000X,72,2018/8/15,330500,5fca4891-607f-433c-851a-823f9c337a8b
丽水市,0000001K00000031000000070000000X,3,2018/5/15,331100,a5815749-0630-4705-acb4-62e874b3ebe8
湖州市,0000000J0000003Q000000070000000X,38.33,2017/9/15,330500,976ffeeb-73ac-4a75-a916-3d3837ac9909
湖州市,0000000H0000003P000000070000000X,19.33,2018/11/25,330500,b4657a90-4b6a-4391-ba3f-3c58444bac50
杭州市,0000000S0000002Z000000070000000X,8.77,2018/2/15,330100,0a334bff-fa9f-4e5f-8e50-317984263d24
温州市,0000000M0000003V000000070000000X,15.33,2018/9/5,330300,5ab3a8d9-bb4b-44a6-bf26-98e4813f11e5
杭州市,0000001Z00000036000000070000000X,6.4,2018/10/15,330100,9c88d688-6132-45cf-9656-f06a5505595d
宁波市,0000000P0000002W000000070000000X,5,2017/3/5,330200,2690fd38-b1fd-41a5-a45f-2f2b1723ddda
台州市,0000001700000031000000070000000X,2.17,2018/12/25,331000,6e6dd002-7642-41a1-aa7f-58112f4ea363
衢州市,0000001E00000031000000070000000X,4.67,2017/1/5,330800,3a3ac774-50ca-42c1-b7c8-8a4ce5e89356
绍兴市,0000000X0000007T000000070000000X,36.67,2018/8/5,330600,983da77f-73b7-480a-acc8-53dfe622617b
舟山市,0000000D0000002R000000030000000X,44.97,2017/12/5,330900,a3364201-53e4-4a13-b4fb-54889499d704
温州市,0000000P0000003E0000000700000010,4.85,2018/10/2,330300,f5e22a9b-04ce-43ac-ba5c-702855c9b459
湖州市,0000000P0000002W000000070000000X,4.33,2017/6/25,330500,d9d2e96c-1be7-4f37-80bf-09db8f342df6
浙江省,0000000Z00000031000000070000000X,4.22,2018/12/15,330000,438db6c5-e2ae-46a7-9bd5-58a35c9efe08
金华市,0000001500000031000000070000000X,4.5,2017/1/15,330700,31416297-354b-4c1f-b060-b418b37dc1a4
湖州市,0000000M0000003V000000070000000X,17.33,2018/12/15,330500,cb67bdbf-5b90-41e4-8cbc-8865e881a0c0
舟山市,0000000H0000003P000000070000000X,22.67,2019/2/15,330900,1cc11599-e592-4541-af03-51c26f6012de
浙江省,0000000X0000007T000000070000000X,35.5,2018/12/25,330000,4e9a87c3-fc6a-44ec-8900-c6ec8af092b6
绍兴市,0000001A00000031000000070000000X,3.67,2017/12/15,330600,b01d750b-482a-4ac9-b311-382d6e8a9268
温州市,0000001500000031000000070000000X,5.17,2018/2/5,330300,c9ae1179-b87a-4ae0-ac07-cfc224e80bf0
丽水市,0000001500000031000000070000000X,4.83,2017/4/5,331100,4e7d218e-07a8-4860-80a8-6f1a48a5db89
丽水市,0000001400000031000000070000000X,4.5,2017/7/15,331100,0d791d97-2f81-49e6-b98d-0a7f64f90a5e
浙江省,0000000H0000003N000000070000000X,14.24,2017/6/5,330000,9e9e58d6-8703-4271-89f9-b75e6ae331cb
舟山市,0000000H0000002T000000070000000X,15.33,2017/9/25,330900,c9014c2b-b376-4e54-ab92-28c1f7b70747
浙江省,0000000J0000003S000000070000000X,34.67,2017/5/5,330000,7e561a3d-e634-4f3d-b6e3-987a6428f348
绍兴市,0000000P0000003E0000000700000010,3,2017/5/23,330600,504fbd67-8bfa-4600-8348-1c4188420f24
嘉兴市,0000000M0000003V000000070000000X,11.33,2018/9/5,330400,210158d9-01c8-4f48-9f1a-e61a4e17e6ae
台州市,0000000C0000002Q000000030000000X,63.33,2017/5/15,331000,0f32c275-db65-4287-a118-9ccb499d0067
湖州市,0000000K0000003U000000070000000X,0,2017/1/5,330500,892ae9f7-19b0-4268-a59b-351a3b70e4d7
台州市,0000001E00000031000000070000000X,3,2019/2/25,331000,7aadb81d-892c-4871-abb9-65aaae3908cf
金华市,0000001K00000031000000070000000X,3,2018/1/15,330700,3218e83a-9fd2-49de-95e4-5c312f8f5ce8
台州市,0000001Z00000036000000070000000X,6.33,2017/7/5,331000,f164b6ca-82c8-4c98-86dc-ca53ab23768d
浙江省,0000000Z00000031000000070000000X,4.35,2018/3/5,330000,7b5b7a3b-9d33-45b9-b8c7-8a3c21497a75
金华市,0000000C0000002Q000000030000000X,68.17,2017/8/25,330700,84cac6d1-f20e-464a-80d2-a21e4f29d72d
浙江省,0000003100000081000000130000000X,94.04,2017/9/5,330000,28ce0c65-a81e-4221-97c4-d3e18dbfd9e7
杭州市,0000001500000031000000070000000X,4.73,2017/3/25,330100,6facbf5a-f815-479a-ac45-fdbb0d6964f3
浙江省,0000000P0000003E0000000700000010,3.53,2017/8/1,330000,e37a43a4-9e3b-48e7-8855-b3955a078ced
湖州市,0000001K00000031000000070000000X,3.33,2018/5/25,330500,bb6e0cc7-88be-44e5-bc82-9618e728b630
温州市,0000002200000038000000070000000X,3.67,2019/2/5,330300,ddeb5a4d-4957-495a-9975-ed4f16af6b5d
台州市,0000000P0000003E0000000700000010,3.1,2017/2/14,331000,4ceaa137-d5d1-45a5-826f-bddccf7c21fe
舟山市,0000000P0000003E0000000700000010,3.5,2017/5/2,330900,e4d8395b-40e2-4609-af3e-5f1f7fb885dd
宁波市,0000000M0000003V000000070000000X,15.17,2017/12/15,330200,86141f98-e401-4364-bde1-b551be29f258
衢州市,0000001E00000031000000070000000X,5.67,2018/7/25,330800,be6c2905-4b6e-4a79-b62c-16aec236b60d
杭州市,0000000J0000003Q000000070000000X,41.17,2017/4/15,330100,985fc2ea-780e-4cec-9346-09273ad2b86b
衢州市,0000000H0000003N000000070000000X,15,2017/4/5,330800,172802f2-725e-4006-884b-556cc9b1a74c
台州市,0000000S0000002Z000000070000000X,9.5,2017/12/25,331000,76fefe22-14de-4e04-8bbb-d27b1b8f99a1
衢州市,0000000Z00000031000000070000000X,4,2018/12/25,330800,556afea2-2fdf-4af7-a0d0-86764e97c2d9
湖州市,0000000G0000003F0000000700000010,7.9,2018/6/19,330500,5ac611df-e7ba-4fee-b6f6-2340a5e00004
嘉兴市,0000000X0000007T000000070000000X,32,2017/12/5,330400,19dc42ea-0758-446b-ac12-4f3f412a90f6
浙江省,0000002U0000007X000000070000000X,4.33,2018/12/25,330000,a55db94e-2f8f-466e-8c94-de3490400185
舟山市,0000000H0000002T000000070000000X,15.5,2018/11/15,330900,22b7f3e8-a4fe-44a3-b13b-c6fc87080adf
宁波市,0000000P0000002W000000070000000X,4.37,2017/5/15,330200,0471bbe0-9540-4805-b54e-dd390f85619b
台州市,0000000X0000007T000000070000000X,29.67,2017/11/15,331000,713f7bef-f9d1-467c-9d90-0c2f2b3084c6
嘉兴市,0000000H0000003P000000070000000X,22.33,2017/11/15,330400,6bea2da2-bdd6-4447-b6b2-0ea7909ec3ba
衢州市,0000001200000031000000070000000X,3.67,2018/4/5,330800,2bbdc1f5-1f24-4d3e-906b-d6f047016795
浙江省,0000000P0000003E0000000700000010,4.6,2017/10/3,330000,06c419cf-bdb5-4e31-8a31-8f2e2271e856
衢州市,0000000P0000002W000000070000000X,4.5,2018/5/5,330800,8831dfa8-dd80-4e43-a6a3-ef94fb4fb817
浙江省,0000000J0000003S000000070000000X,34.97,2018/5/25,330000,c0061487-28d1-458c-95a5-29ac6b0ca233
湖州市,0000000P0000002W000000070000000X,5.67,2018/10/15,330500,f7546b83-40cd-4248-b920-f61acffc7fb7
浙江省,0000001Z00000036000000070000000X,6.01,2018/9/15,330000,9609156e-be0a-4415-bd7c-904a75d6877e
杭州市,0000001200000031000000070000000X,3.4,2017/7/15,330100,6d7bd4c8-922a-4227-906f-c7df267496a6
舟山市,0000000H0000003P000000070000000X,24.67,2017/12/5,330900,8d9a8a0a-03ee-4ceb-8b5c-2bea7d45f1ec
舟山市,0000002200000038000000070000000X,4.33,2017/4/15,330900,0391bb42-1d8e-4193-8d99-659e71db91a8
绍兴市,0000001A00000031000000070000000X,3.67,2017/5/15,330600,b81a72b3-93cf-4a67-82b4-c9ff76670c21
浙江省,0000002P0000007W000000070000000X,3.09,2018/11/5,330000,504e3771-47e1-4b42-8662-479fd19481c9
杭州市,0000001500000031000000070000000X,4,2018/8/15,330100,a5fbc570-12ba-4dd1-9eeb-2db474c90db2
丽水市,0000000G0000003F0000000700000010,10.2,2018/1/16,331100,4594e424-d9c3-4a89-bec0-dbc965c5b08d
绍兴市,0000000X0000007T000000070000000X,31,2017/9/25,330600,9e3630da-e2ea-4d9d-8745-6b99c66629d6
丽水市,0000002U0000007X000000070000000X,3.66,2018/5/5,331100,bb28673f-a49a-4315-88fb-05209223a276
湖州市,0000002P0000007W000000070000000X,3.61,2017/1/15,330500,9b8cce39-84b0-4c2a-805c-8f0a839e6fa2
浙江省,0000001Z00000036000000070000000X,5.93,2017/4/25,330000,7d7e8ae3-5e38-40c6-81c9-1fe27ef0223d
宁波市,0000000S0000002Z000000070000000X,8.07,2016/12/25,330200,a3f293f6-9a53-4f49-8616-d6b3b01b9927
绍兴市,0000000P0000002W000000070000000X,5.5,2017/11/5,330600,ea3e3893-4fd3-436a-9973-8414d7a06de2
杭州市,0000000C0000002Q000000030000000X,64,2017/2/5,330100,ab95f588-e120-4df6-a478-41fc83b3e5f7
丽水市,0000002200000038000000070000000X,3.83,2019/3/5,331100,ff38ec12-243f-44ca-86f7-d303118a8677
金华市,0000001E00000031000000070000000X,3.33,2017/4/5,330700,eaeef7e8-e8c3-4187-85f0-63887c0baaff
绍兴市,0000000G0000003F0000000700000010,13.3,2018/9/25,330600,59fcc820-7452-415d-a935-31afb4218854
绍兴市,0000000Z00000031000000070000000X,5,2017/8/25,330600,1a226077-124a-4c19-9cc9-fb5c4b298c42
杭州市,0000001200000031000000070000000X,4.33,2018/8/25,330100,897eb03e-877a-4231-a79a-3b22a9198054
金华市,0000000C0000002Q000000030000000X,68.87,2018/12/25,330700,d6d6b337-1ce5-4be9-a4dd-2640e4d8af24
湖州市,0000000H0000003P000000070000000X,17.67,2018/6/15,330500,ed75e97b-6b8d-4f63-85e9-1c39d15660bc
嘉兴市,0000000C0000002Q000000030000000X,66.33,2017/8/25,330400,cdce9a6a-cef6-4862-a443-2a4789a6473e
金华市,0000001E00000031000000070000000X,2.83,2017/4/25,330700,a69dec36-eb40-4ea9-8354-e22adcbbb623
台州市,0000001500000031000000070000000X,4.33,2017/11/5,331000,d20ccf41-3284-4a6c-a8be-159a7ec8a984
台州市,0000000X0000007T000000070000000X,25.67,2018/8/5,331000,d57ffd94-c974-48b7-872a-b81f09f7ce9e
台州市,0000001A00000031000000070000000X,4.33,2019/1/25,331000,4e45b362-a044-4dd5-9976-ba284ea58191
湖州市,0000000H0000003N000000070000000X,14.83,2017/5/5,330500,0c238717-9129-4b7e-8f38-322eba8a64ff
嘉兴市,0000001E00000031000000070000000X,4.33,2017/11/15,330400,9d1127a5-d1b9-4cf6-a011-430343af7c32
台州市,0000002200000038000000070000000X,2.5,2017/8/5,331000,297d11e9-d825-4dc8-9e4c-10f0b959f158
衢州市,0000000P0000002W000000070000000X,4.27,2017/5/5,330800,342d6ba4-21c1-4960-9b84-fba476251b30
湖州市,0000000D0000002R000000030000000X,37.67,2018/4/5,330500,1317101c-8c26-4ade-a8d8-fc215e0f9907
丽水市,0000000H0000002T000000070000000X,16,2017/1/15,331100,55c8549a-1f67-44cc-afd2-7bea13f5d106
杭州市,0000000H0000003P000000070000000X,23.33,2019/2/25,330100,924d9433-1c43-448e-8d4b-eaced9a0259f
温州市,0000000K0000003U000000070000000X,48,2018/10/5,330300,47606406-237b-4e12-8777-cf4b2baf7abc
衢州市,0000000C0000002Q000000030000000X,66,2017/3/25,330800,d46fd613-ea01-419e-ad91-b6133512189f
浙江省,0000001Z00000036000000070000000X,6.5,2019/2/5,330000,b080c23b-8a5a-4e91-b429-82efb3f09d23
湖州市,0000000P0000003E0000000700000010,2.5,2017/5/16,330500,cafc1c96-9ed8-444b-a4bf-39527d253c56
宁波市,0000001K00000031000000070000000X,2.7,2017/4/5,330200,fe92b961-774a-41d5-96fb-e48081b5ac18
温州市,0000000X0000007T000000070000000X,49,2019/1/25,330300,e01cff27-87a1-4765-ae5d-a49e2c3cefe6
嘉兴市,0000002P0000007W000000070000000X,3.2,2018/9/15,330400,8d41b9b6-516c-46b2-b727-64c8519431a7
宁波市,0000000K0000003U000000070000000X,33,2017/9/25,330200,e904de12-44aa-44e5-9770-a041f696ea58
台州市,0000000S0000002Z000000070000000X,10,2018/8/5,331000,f68abd5e-bc7f-4846-9fbe-8df3392f60ee
温州市,0000000X0000007T000000070000000X,36,2017/11/15,330300,3c059538-aa83-4825-8c77-a77a77485399
浙江省,0000000D0000002R000000030000000X,43.73,2017/8/5,330000,5e60350e-16e6-470b-b77f-16f07957319f
湖州市,0000000K0000003U000000070000000X,0,2018/12/15,330500,2ca73f99-a901-404d-bff2-693c5829c8a1
宁波市,0000000P0000002W000000070000000X,4.27,2017/5/25,330200,d8d51f69-a342-4315-9c72-67ec185c398f
舟山市,0000001400000031000000070000000X,6,2018/4/15,330900,425dd401-d276-4270-8640-9930e24f0597
嘉兴市,0000000G0000003F0000000700000010,10.15,2017/9/5,330400,cc4ea9e4-336b-453c-b10b-05ea26e1767e
浙江省,0000000C0000002Q000000030000000X,64.07,2018/10/15,330000,95ba3780-d80e-4cc5-9fc8-e5243a937c0d
嘉兴市,0000000S0000002Z000000070000000X,9,2018/10/15,330400,3f867107-5b7b-48c9-9aed-f50e827ef68a
衢州市,0000000H0000003P000000070000000X,25.67,2018/11/5,330800,4d6057a5-01b5-4039-87ab-2ba7ab74b63d
杭州市,0000001A00000031000000070000000X,5.53,2018/9/25,330100,31c02f6f-db45-41e9-a16d-957c7f98e27c
金华市,0000001700000031000000070000000X,2.33,2017/11/5,330700,f9e08f01-4db5-457f-b5ff-6a645c6a893e
宁波市,0000000G0000003F0000000700000010,10.39,2017/9/5,330200,ffbbaabe-99e5-48e1-a178-d44c4c28d68d
湖州市,0000001400000031000000070000000X,8,2017/1/25,330500,6da75443-ab77-4480-b19d-51869797f1e0
金华市,0000000H0000002T000000070000000X,15,2017/9/25,330700,8f25feb8-a342-4b34-99d5-d360ec678e19
湖州市,0000002200000038000000070000000X,4,2018/1/25,330500,b143bd45-fdc6-4f6c-b729-34a148132c0b
浙江省,0000001500000031000000070000000X,3.92,2017/7/15,330000,7e609978-9fdb-4de8-8592-7b45b5500794
杭州市,0000002U0000007X000000070000000X,4.33,2017/8/25,330100,b4daac23-c0b1-4bcd-9feb-cdebbb47ed83
杭州市,0000001K00000031000000070000000X,4.17,2019/2/15,330100,d21a0483-e96a-487d-952f-68c066de1e68
台州市,0000000D0000002R000000030000000X,38.67,2018/9/5,331000,ceafdb2e-6559-42d4-b926-de2b8b354cbc
宁波市,0000000M0000003V000000070000000X,13.53,2018/7/15,330200,24d1c47b-fd57-4bb0-b957-ca87a41a8ddc
嘉兴市,0000001200000031000000070000000X,5,2019/1/15,330400,43a12dc7-0aef-4f41-ae99-85f622a6d998
宁波市,0000001K00000031000000070000000X,3.27,2017/2/5,330200,6c341691-c516-4a6d-94c6-ef4b62bcd630
衢州市,0000000G0000003F0000000700000010,10,2017/5/2,330800,0ebe2545-a7ba-4b04-9fc6-86c236a2d5b3
舟山市,0000000S0000002Z000000070000000X,11,2019/2/5,330900,b579e7e8-456a-4acc-8271-a37bf475fa9b
绍兴市,0000000C0000002Q000000030000000X,62,2017/2/5,330600,c5e6c06d-7b9b-4746-abea-d7f2cd601905
杭州市,0000000K0000003U000000070000000X,33,2017/6/5,330100,8c699b76-9e16-4cf7-8afd-d725ee18d207
丽水市,0000002U0000007X000000070000000X,3.66,2018/11/5,331100,6170f1ab-dcb2-4e48-94a0-b21e92a09c80
杭州市,0000000J0000003S000000070000000X,35.5,2017/4/15,330100,cd7ef177-bbd8-4c80-8077-775328e0f7c6
丽水市,0000000M0000003V000000070000000X,11.33,2017/10/25,331100,43e85b4b-f63f-4c96-aa01-504e402e0ea7
温州市,0000000C0000002Q000000030000000X,60,2018/11/15,330300,074dc947-3215-4bbc-8ec6-78dfbe9eec40
嘉兴市,0000000G0000003F0000000700000010,7.3,2018/4/24,330400,af789a59-bb4d-4b46-8818-8222ca79c28d
宁波市,0000002U0000007X000000070000000X,4.5,2018/11/25,330200,cd257ae2-0d84-4fec-b667-a90eae4a0eaf
浙江省,0000001400000031000000070000000X,9.53,2019/3/5,330000,7582b186-d33f-44f8-b3b4-f73ee739490b
舟山市,0000001400000031000000070000000X,5.33,2018/11/5,330900,3c927a23-9918-4526-961c-5a7acd91b482
杭州市,0000000H0000003P000000070000000X,22.33,2018/3/5,330100,807b372c-e66a-4e86-8f90-78a2c2553129
温州市,0000000M0000003V000000070000000X,15.33,2018/9/25,330300,473b36a4-2c41-46c8-aa86-f547942a9f0c
台州市,0000001Z00000036000000070000000X,5.67,2018/1/5,331000,a0fdca85-ef30-4231-9570-085d81f9b140
绍兴市,0000000H0000003N000000070000000X,13.5,2017/11/15,330600,75450173-292c-426c-87cc-01fe61c7cc93
舟山市,0000000X0000007T000000070000000X,42,2017/1/25,330900,6dec9afb-95da-4004-b738-9de0c619dc2e
嘉兴市,0000000M0000003V000000070000000X,10.5,2018/1/15,330400,22edb35f-856f-4e7a-a387-bf7e40dcd7b0
浙江省,0000001E00000031000000070000000X,3.28,2018/12/15,330000,b893b6da-388a-4ee9-8b8d-7522851a5290
舟山市,0000001400000031000000070000000X,7.33,2019/2/5,330900,9ad01177-d8b5-44f4-8715-e823eda5b5a2
金华市,0000001400000031000000070000000X,5,2018/8/5,330700,dd9e54e0-497e-4bdb-a37b-a810a6e6318e
浙江省,0000000P0000002W000000070000000X,4.17,2017/5/5,330000,75787454-d3fb-41c8-8c52-e5980a0a2b51
台州市,0000000P0000003E0000000700000010,4.54,2017/10/31,331000,896e536d-cf02-4948-8f1b-a3014b2d6014
舟山市,0000001K00000031000000070000000X,4.83,2017/9/25,330900,890ffd8d-1249-4328-a6f3-1f73bfa1ef2b
舟山市,0000000S0000002Z000000070000000X,11.67,2018/10/25,330900,d9b0e877-ffb5-4b2b-b377-fd2e04973240
衢州市,0000000H0000003P000000070000000X,21.67,2017/9/25,330800,1cb10de7-5a63-4804-8694-dc91ca801a5f
嘉兴市,0000000C0000002Q000000030000000X,66.67,2018/3/5,330400,e80dabd6-9408-4cc4-a424-da3622ad3715
宁波市,0000002U0000007X000000070000000X,4.6,2016/12/15,330200,b9b383d4-a049-43fe-a42d-56c9a6a59a24
湖州市,0000001A00000031000000070000000X,6.67,2017/7/15,330500,a163c846-5b4f-41ad-a3e6-2a678859b794
宁波市,0000000S0000002Z000000070000000X,9.9,2017/7/15,330200,a8caf634-7da5-4b87-9cc6-8b8343b5b812
衢州市,0000000P0000003E0000000700000010,4.8,2018/11/20,330800,7d03795d-3a9e-4dcc-b083-0a2e54801a4d
金华市,0000001200000031000000070000000X,3,2017/3/25,330700,402c75c0-3866-44c5-b209-de59c6dc70f0
舟山市,0000000S0000002Z000000070000000X,11.67,2017/11/25,330900,469a7442-0ae7-4d9d-9f88-e90cfa666ec2
杭州市,0000002P0000007W000000070000000X,3,2019/3/15,330100,9f96ff93-7e5d-4d46-90cb-6b4415d7fdee
绍兴市,0000001K00000031000000070000000X,2.5,2017/4/5,330600,75e838f1-e1c2-4f67-ac56-463b93770e41
舟山市,0000002200000038000000070000000X,3.5,2017/12/25,330900,7b1df6f5-1dba-45b5-9100-af8a8cde8020
嘉兴市,0000000P0000002W000000070000000X,5.5,2017/12/25,330400,b0731d66-0d37-45f6-828b-762284648788
绍兴市,0000000C0000002Q000000030000000X,59,2017/7/5,330600,3c4e2e0a-843c-4e60-a1b4-b7426374a603
杭州市,0000000J0000003S000000070000000X,36,2018/4/25,330100,6e476a46-cfa9-489f-9b2f-12ad8b0927f2
杭州市,0000000Z00000031000000070000000X,7,2018/2/25,330100,0bbb1796-43b8-4a65-adb2-21eb53a93b23
杭州市,0000001E00000031000000070000000X,5.67,2018/8/15,330100,ca888ddd-6ad4-48c1-b439-0822a5040435
浙江省,0000002U0000007X000000070000000X,4.24,2017/1/5,330000,c5426476-f5ab-464e-9db9-0d7a61cae43c
台州市,0000000S0000002Z000000070000000X,9.5,2018/1/15,331000,1b0863a5-fdea-4107-bcc0-f405ed9a0217
衢州市,0000000G0000003F0000000700000010,9.2,2017/8/8,330800,45ae2bb8-8842-4abf-854e-c20d2083b55c
衢州市,0000000D0000002R000000030000000X,36.33,2018/10/25,330800,3c40a297-473e-4975-8775-646429b442b6
杭州市,0000000G0000003F0000000700000010,8.47,2018/7/17,330100,aad94dc7-9ffa-4f66-9415-b5e6549904cd
舟山市,0000000D0000002R000000030000000X,43.63,2017/4/5,330900,6d420588-c250-47f6-9833-b72c82f830b3
衢州市,0000001400000031000000070000000X,5.17,2017/4/15,330800,eaf20bd2-9ea4-4818-9b22-ba3a750ae5ce
舟山市,0000002200000038000000070000000X,4.17,2017/3/15,330900,3a042b5f-8d6d-4332-b715-d082e9a7608f
杭州市,0000000P0000002W000000070000000X,5.23,2017/11/5,330100,c323329e-3553-4c54-aa86-18d04043bf95
绍兴市,0000002200000038000000070000000X,2.93,2018/7/15,330600,dd1d5280-1a53-4f00-8281-744dfa74aefc
绍兴市,0000000K0000003U000000070000000X,36.67,2018/4/25,330600,c3ab5ab8-9528-4c35-8fce-f8ddc1827b6f
宁波市,0000000Z00000031000000070000000X,5.5,2018/3/5,330200,ece9890f-ae35-47b0-8932-40ead02c5775
浙江省,0000000K0000003U000000070000000X,34.78,2017/8/25,330000,b3856037-cd28-43f8-a162-35cecb7ebd59
台州市,0000001E00000031000000070000000X,2.33,2017/2/15,331000,38c8226b-13b9-443d-93a6-e6493fb5c597
杭州市,0000000H0000003P000000070000000X,22.67,2018/11/25,330100,3ce394f4-1ae3-4518-ba86-d00722ae60ce
金华市,0000001Z00000036000000070000000X,6.17,2017/9/15,330700,2e4b362d-0fee-4eec-98ab-67e266c11b50
衢州市,0000002U0000007X000000070000000X,4.33,2017/2/5,330800,613d90c6-806d-42db-8683-6e2abfbfa502
湖州市,0000000X0000007T000000070000000X,35,2018/2/15,330500,96a4a35c-e3fc-4c1b-95f1-60d86b2d4163
宁波市,0000001200000031000000070000000X,3.9,2017/9/5,330200,fa657c75-8626-408c-b1d1-163ba7963030
绍兴市,0000000D0000002R000000030000000X,49.33,2018/2/5,330600,1ab84e47-f867-4076-84ca-3644db7cb8b6
浙江省,0000003100000081000000130000000X,86.85,2018/9/25,330000,e9d160f4-5470-48f9-b487-78d4903999cc
丽水市,0000000P0000002W000000070000000X,5.57,2017/10/5,331100,9f8e5bc5-75f5-4220-ae70-493695184085
舟山市,0000000H0000003N000000070000000X,15.33,2017/6/5,330900,479bc7ea-4674-4f83-a267-0bb760bb2439
金华市,0000001200000031000000070000000X,3,2017/10/5,330700,0e8b1208-49d0-434a-8579-f07e728f6286
浙江省,0000002U0000007X000000070000000X,4.32,2018/2/5,330000,7a67a52b-80bd-4ec9-960e-e6d29c0106f4
台州市,0000000G0000003F0000000700000010,9.6,2017/9/19,331000,2a57db3c-5c1e-4806-b4c1-d167d3089385
金华市,0000000P0000002W000000070000000X,4.93,2017/8/15,330700,4c2f2d2d-8117-427e-9f18-2ff5476e6b6b
绍兴市,0000000H0000002T000000070000000X,16,2017/3/15,330600,25724c3e-18ff-4989-bb14-c3e03bdb2cdd
金华市,0000000C0000002Q000000030000000X,68.87,2018/4/15,330700,e97f4b4f-a10d-4be7-b047-7f6ab5bf3eac
浙江省,0000000D0000002R000000030000000X,45.09,2017/3/5,330000,37b2f4ba-c610-4ae3-9daf-82007650e84f
温州市,0000003100000081000000130000000X,63,2018/5/5,330300,d4291c16-5804-4ab6-9c27-74b65304a6a3
浙江省,0000000P0000003E0000000700000010,4.01,2018/5/1,330000,d5a8cefd-30ee-4006-a66a-577fd8bb7b6b
台州市,0000002U0000007X000000070000000X,4.5,2017/10/15,331000,407caf42-b47d-4ca1-acf5-26afae1d6e38
温州市,0000000P0000003E0000000700000010,5,2018/9/18,330300,420faf1f-95e5-4bfb-90c6-3dbc535771ee
金华市,0000000J0000003S000000070000000X,35.33,2016/12/15,330700,6eaa839a-5a38-4302-86c3-40013f6fc3e5
温州市,0000002U0000007X000000070000000X,4.33,2017/9/15,330300,f61cf4a0-6df9-4748-9888-1deb8b414971
宁波市,0000003100000081000000130000000X,176,2017/5/5,330200,5512f02f-5ba8-4a4c-a047-7b1b8dabda7f
丽水市,0000000P0000002W000000070000000X,3.83,2017/5/25,331100,5f7411c3-3dbd-46e1-bc90-c64160e5d65a
绍兴市,0000001E00000031000000070000000X,3.5,2018/1/15,330600,5aef0dd9-dc7d-4132-8a70-daddd862b51b
杭州市,0000000P0000003E0000000700000010,3.9,2017/6/27,330100,40619035-767e-4d74-a16e-70990e746e59
绍兴市,0000000S0000002Z000000070000000X,8.27,2017/10/25,330600,a1d46264-a486-4d50-a37e-0e319d12e014
衢州市,0000001A00000031000000070000000X,7.67,2017/12/25,330800,bc41a102-e116-49ef-aee6-050ed5de7529
杭州市,0000001400000031000000070000000X,11,2019/2/15,330100,b8bf6fe3-8b87-40eb-aff6-1e90d457e2ff
湖州市,0000000M0000003V000000070000000X,17.33,2018/11/15,330500,623e47d8-47e1-4093-a8c7-ccc84dfa9183
金华市,0000000J0000003Q000000070000000X,40,2017/8/5,330700,7c1e25bc-b598-437e-8422-a58c9ffbb9e5
金华市,0000000G0000003F0000000700000010,10,2017/12/26,330700,498393fc-a0e7-443f-bf9c-e024fabd9245
温州市,0000001400000031000000070000000X,6,2017/1/15,330300,c2aa6086-536a-4cd4-9634-9af5c04b390a
绍兴市,0000000X0000007T000000070000000X,41.67,2018/6/15,330600,a3938929-ff8d-4427-b03d-56d4827a7597
金华市,0000002P0000007W000000070000000X,3.9,2018/5/5,330700,23115301-962e-49c4-a7c3-fa49234644b9
台州市,0000000C0000002Q000000030000000X,63.33,2018/8/15,331000,3a2535eb-9753-4e3a-9290-b37fc1f638d4
金华市,0000000D0000002R000000030000000X,41,2017/11/15,330700,7927767e-55e2-48a7-925e-73eda8c3590f
温州市,0000000D0000002R000000030000000X,46.67,2017/11/5,330300,1a387854-bdbf-4ffd-be82-41ee6123737a
湖州市,0000000J0000003Q000000070000000X,38.33,2018/1/5,330500,0f707be4-2ae1-45db-a5a9-df637b36928f
温州市,0000000P0000002W000000070000000X,6.17,2018/9/5,330300,dbf80d7e-5159-409c-9f52-ba6d79150c24
宁波市,0000000X0000007T000000070000000X,39.83,2017/6/25,330200,7f5a2e5b-b585-499b-b7e1-5e15d71e9c8d
衢州市,0000002P0000007W000000070000000X,3.06,2018/8/5,330800,6464f2cc-78c1-44ba-b84f-ed95adb258b5
浙江省,0000000P0000002W000000070000000X,5.06,2018/5/5,330000,94ae782d-b290-435a-968e-6e8805f6c10c
湖州市,0000000H0000003N000000070000000X,14.17,2017/11/15,330500,d7b32999-408f-441c-99d8-0012c1a5cf8e
湖州市,0000001A00000031000000070000000X,7,2018/8/25,330500,10ae146f-5018-4588-8152-fc3ecbeb6c50
金华市,0000000Z00000031000000070000000X,5.33,2017/8/5,330700,6a47a0b7-b9be-4dcd-b3f0-01c9e819d477
台州市,0000000G0000003F0000000700000010,7,2018/6/5,331000,e9946499-e3e4-48b4-8e56-5dc266efb812
舟山市,0000001K00000031000000070000000X,3.33,2018/5/15,330900,18f6e58c-0e95-4672-bf17-cd2b3f5ac86c
丽水市,0000002200000038000000070000000X,2.33,2017/1/5,331100,8aee91b3-d2e0-4add-bdca-56017fba1af2
嘉兴市,0000000H0000002T000000070000000X,16.67,2019/1/25,330400,c5156e15-05f6-433f-b41b-f2b6d74b76f5
金华市,0000000Z00000031000000070000000X,4.5,2018/7/15,330700,87c15b21-3878-4d8e-b0b5-80761d4f5dfa
舟山市,0000000C0000002Q000000030000000X,51.6,2017/1/5,330900,6a95ac10-8944-4f43-a796-740020f82108
舟山市,0000000H0000003N000000070000000X,17,2017/1/5,330900,921eb961-43ef-452f-900f-4832a8f1274d
湖州市,0000001700000031000000070000000X,3.17,2018/6/25,330500,72e4688e-bd36-4f9f-ba7d-9326de780efe
宁波市,0000000G0000003F0000000700000010,10.76,2018/1/2,330200,3c3e7407-2f72-44a4-a133-37e4f411b98d
宁波市,0000000J0000003Q000000070000000X,39,2017/11/25,330200,2b52ad16-63ab-40f0-bfb5-9d64120e1e5d
丽水市,0000000G0000003F0000000700000010,9.8,2017/9/19,331100,99c59620-05fd-470f-9093-9477abc11b8f
绍兴市,0000001E00000031000000070000000X,4.33,2017/7/25,330600,975bd589-d00a-4ada-9b99-955036f23dd6
杭州市,0000001E00000031000000070000000X,7.5,2018/10/5,330100,f4a822d3-b4b3-4a36-a538-487780547f14
湖州市,0000000H0000002T000000070000000X,17,2017/2/5,330500,d9a19d33-e8fc-4128-85eb-732dba1c0e8d
杭州市,0000001E00000031000000070000000X,5.83,2019/3/15,330100,0cd6d813-cc88-4062-b938-cbce7dd4de29
宁波市,0000001500000031000000070000000X,4.57,2018/5/25,330200,72d10623-d0b2-4d33-a31a-81c9c62e177b
湖州市,0000001K00000031000000070000000X,3.5,2017/3/15,330500,d400e332-1d2d-48ef-8f90-afe2c262fa06
舟山市,0000000X0000007T000000070000000X,37.67,2018/6/5,330900,e23dd3de-5745-40eb-b527-bdd4e96a5e82
台州市,0000001Z00000036000000070000000X,6.33,2018/7/15,331000,8f6c4f7a-7217-4136-92cb-59d96ffbcc6d
宁波市,0000000H0000002T000000070000000X,16.67,2017/2/15,330200,bd525f74-5d6b-40b3-b80e-f343060e9abf
宁波市,0000001K00000031000000070000000X,3.83,2018/7/25,330200,29374487-4249-4ddb-94d9-840375ce40a8
丽水市,0000001Z00000036000000070000000X,4.83,2018/6/15,331100,06f3d6fb-0c6b-46ba-87c1-92b5736aa0ea
台州市,0000000Z00000031000000070000000X,3.67,2019/1/5,331000,e4e8f957-a226-4517-9a15-cdeb66b3ec06
宁波市,0000000H0000003P000000070000000X,25.17,2017/9/15,330200,4769405b-ba57-42d9-9dcf-bef9914f16b3
金华市,0000001A00000031000000070000000X,6.17,2017/10/15,330700,b481318e-48b4-4671-8687-fed5c634921b
衢州市,0000000C0000002Q000000030000000X,68,2017/9/5,330800,dc6b83cc-b163-41a0-8d0c-a4cfa055d071
衢州市,0000002P0000007W000000070000000X,3.06,2018/10/5,330800,41cf7cec-f8cc-4a98-ad83-2fecf1f3a3c1
舟山市,0000001E00000031000000070000000X,2.33,2017/2/25,330900,e8d9cd04-e159-4f48-8c98-ea8575d0823b
金华市,0000000P0000003E0000000700000010,3.2,2017/7/18,330700,c9a4d2cb-6b58-4a6a-ae8d-42d3033edba4
台州市,0000000H0000003P000000070000000X,25.67,2017/4/25,331000,4a904916-1702-45c7-beea-e90bf8cc05f5
舟山市,0000000Z00000031000000070000000X,5,2017/9/25,330900,b08da304-cdd4-4543-8892-abb3f2c26d03
衢州市,0000000J0000003S000000070000000X,35.67,2018/6/5,330800,76999cf0-a449-44b2-97f3-cc386d7b6948
绍兴市,0000001700000031000000070000000X,2.5,2018/7/25,330600,af4d1a24-ecc2-4085-b086-bb3f9e95229f
杭州市,0000001700000031000000070000000X,3,2019/3/15,330100,3c564bdb-b3c5-493f-8e97-94b1c90b855f
湖州市,0000000D0000002R000000030000000X,37.67,2018/3/5,330500,95cfc807-8305-4cf4-8a9b-db5ec4e5607f
衢州市,0000000H0000003N000000070000000X,15.33,2019/3/5,330800,b04b358c-31e4-48db-b4b3-b98782049eae
丽水市,0000000J0000003Q000000070000000X,39,2018/4/15,331100,c3db1bc4-b0c0-4729-9959-bb6e410cf337
宁波市,0000001E00000031000000070000000X,5.5,2018/5/5,330200,ce7f55f6-62e5-48c6-987e-f4b7809d7af2
湖州市,0000000C0000002Q000000030000000X,57.67,2017/10/25,330500,021d8a8d-d099-44a6-bf8d-8b0a215ed279
绍兴市,0000000H0000002T000000070000000X,15.33,2017/4/25,330600,16e36732-cf9b-4027-b49f-ca70b691380c
浙江省,0000000X0000007T000000070000000X,35.82,2017/8/5,330000,5184f86e-0a98-4039-9ebe-40ae182e62f7
金华市,0000000P0000002W000000070000000X,4.83,2017/2/25,330700,3ae2287f-df8a-4040-8289-3697696aec65
温州市,0000000C0000002Q000000030000000X,60,2018/3/25,330300,aa97c87b-f72b-4e1a-b058-f430a68fb183
宁波市,0000001500000031000000070000000X,4.53,2018/1/25,330200,b1552273-8903-4f0e-82f8-e59616423590
衢州市,0000000D0000002R000000030000000X,38.33,2018/3/25,330800,cfb2edad-452b-4407-98f7-15579887fdd2
绍兴市,0000001200000031000000070000000X,3.17,2017/7/25,330600,4b9442f4-6598-4ef9-a03e-97f857f0bdfd
台州市,0000001200000031000000070000000X,3.17,2018/11/5,331000,83361b75-bcef-4bf7-9e54-892ceda816f5
温州市,0000000S0000002Z000000070000000X,11,2017/6/15,330300,6364613c-f6a1-440d-a133-6e6c83592474
嘉兴市,0000000H0000002T000000070000000X,17.67,2017/5/5,330400,df96487a-0f6e-40e0-9793-6b275185b263
绍兴市,0000001700000031000000070000000X,2.5,2019/1/15,330600,6d8b412f-1dcf-4ad6-a918-5369a638ca5f
嘉兴市,0000002P0000007W000000070000000X,3.2,2017/11/25,330400,e7afdc72-0793-40b3-9faf-c6f08c77aea3
嘉兴市,0000001Z00000036000000070000000X,5.67,2017/4/5,330400,682c70a2-9c36-46be-bd9d-4753f6fac8ce
浙江省,0000000M0000003V000000070000000X,12.38,2018/7/25,330000,061ae0aa-1666-4099-bef5-43dd725d71ea
丽水市,0000000M0000003V000000070000000X,10.33,2017/2/5,331100,f2c64bb8-fc0f-4d13-ad1f-b39bb4e03274
台州市,0000000M0000003V000000070000000X,10.67,2018/1/25,331000,808dea31-7d0b-4f22-b6ea-a67923b1f6bf
丽水市,0000001500000031000000070000000X,5,2017/1/15,331100,c8533fb4-9f55-4c71-8473-fa1ee1535112
温州市,0000000G0000003F0000000700000010,10.24,2018/10/30,330300,f7a875c5-6432-4e90-8d31-68a4848d920f
宁波市,0000001A00000031000000070000000X,5.47,2019/1/5,330200,dd052ec3-ab64-4249-90a1-8ecb4238a5fc
温州市,0000002200000038000000070000000X,4,2017/3/5,330300,eea2610c-084d-421e-8671-cf7b2a15dd97
宁波市,0000000S0000002Z000000070000000X,10,2018/6/5,330200,fad28d95-943c-4801-8a73-4b6e5325e8a6
杭州市,0000000J0000003Q000000070000000X,40.5,2017/9/5,330100,f0d565dc-5fbd-4c77-a2ea-22d982450b9c
嘉兴市,0000001Z00000036000000070000000X,5.83,2019/1/25,330400,3304255e-c4f6-4972-bbdb-3c87f8c31736
杭州市,0000000J0000003S000000070000000X,40,2019/3/5,330100,63474287-27bd-4819-84f4-0020a89e5ef3
绍兴市,0000001500000031000000070000000X,4.83,2019/1/15,330600,7ffbcd9e-dc6e-4c0e-b368-91498cdeeac1
台州市,0000000H0000002T000000070000000X,13.5,2017/8/15,331000,1481cae3-a17c-40e7-b208-fb0c471b3aee
绍兴市,0000000C0000002Q000000030000000X,62,2017/3/25,330600,0273f78a-ae0a-4cba-ae0d-0ff7234f5ff2
杭州市,0000000K0000003U000000070000000X,33,2017/2/15,330100,7851d313-b061-4d21-9b6d-35b8ffe27d09
金华市,0000000P0000003E0000000700000010,4.6,2017/12/26,330700,7469a733-a44b-424f-b29c-128b95767d17
台州市,0000001500000031000000070000000X,3.33,2017/6/5,331000,218983dd-9dbd-4ca0-a342-cd7e3c8a112a
宁波市,0000000H0000003N000000070000000X,13.17,2018/8/15,330200,fe85f4ca-9bf8-45bc-bfe5-20203ae6c0aa
温州市,0000000P0000003E0000000700000010,4.13,2017/10/31,330300,0b079895-f03b-4095-8213-8274aa141095
浙江省,0000000D0000002R000000030000000X,44.44,2017/1/5,330000,831ab897-78d4-4f1c-a6ae-0aaff8d2cf21
舟山市,0000000S0000002Z000000070000000X,11.67,2018/8/5,330900,965d4739-b100-4e84-baec-9631f79770e0
衢州市,0000000S0000002Z000000070000000X,8.83,2018/1/15,330800,6c11738f-4770-4549-ab87-2d62335ed5f6
浙江省,0000000M0000003V000000070000000X,12.23,2016/12/15,330000,f19077b9-f43b-4533-b502-367a2e8ebddb
舟山市,0000002U0000007X000000070000000X,4.3,2019/3/15,330900,c1a895f5-aae4-4c89-a171-bec75f855a8e
宁波市,0000000Z00000031000000070000000X,3.47,2017/4/5,330200,3424b896-acd7-4d3e-98bc-8939fa27da81
浙江省,0000003100000081000000130000000X,87.56,2018/5/5,330000,68d20cb6-9ffe-4c64-8775-b8c7c0c92ebd
嘉兴市,0000001Z00000036000000070000000X,6,2018/3/15,330400,d1358b96-b41a-4f62-8f8d-567e152f4ea0
湖州市,0000001200000031000000070000000X,4,2017/11/15,330500,33709f45-ff8b-4d5d-8871-d1fcce8b68c7
浙江省,0000001A00000031000000070000000X,6.29,2019/3/5,330000,e8c3d3e5-ca09-45ec-97fa-06f8fc4e3536
台州市,0000001200000031000000070000000X,3.33,2017/12/25,331000,b3384cde-e0a1-4aef-bcef-117b92815f03
杭州市,0000001A00000031000000070000000X,5.43,2017/8/25,330100,53622f96-3aee-4b7f-bba7-22b54445397e
舟山市,0000000D0000002R000000030000000X,44.97,2018/2/25,330900,70be0ab9-6efe-4d6d-bf2f-7c754f56e501
台州市,0000001K00000031000000070000000X,3,2018/1/15,331000,8d197ccb-909b-4e19-bc6e-e52e4ca1134f
金华市,0000000H0000002T000000070000000X,15.67,2017/5/5,330700,33f16e44-a06a-43e8-97fa-6ae7fc19dda0
衢州市,0000000C0000002Q000000030000000X,68.33,2018/5/15,330800,464c621c-0d1f-40db-9e7c-46609420fdfe
舟山市,0000000M0000003V000000070000000X,13.33,2016/12/15,330900,bd133cd3-bd68-4e04-850c-540ff97152c8
舟山市,0000000G0000003F0000000700000010,10.4,2017/8/15,330900,321f3039-bce3-410e-8e5c-fcdba863feb9
台州市,0000000J0000003Q000000070000000X,38.33,2017/8/15,331000,2eb266c4-8d84-4222-82e5-a49a93ebf4a4
浙江省,0000000P0000003E0000000700000010,3.89,2018/4/17,330000,a80410ff-300b-4a5b-97da-d01dc16487f8
衢州市,0000000C0000002Q000000030000000X,69,2018/11/25,330800,7451a5c0-1495-4c71-8b4c-eda6b9ccdbb2
浙江省,0000001700000031000000070000000X,2.7,2016/12/15,330000,17016e6b-c9c9-42e1-93c7-5118f71cabaa
温州市,0000001K00000031000000070000000X,4.67,2017/9/15,330300,95712922-58b0-4848-87a0-5f71bf412ccb
嘉兴市,0000000X0000007T000000070000000X,33.33,2018/9/15,330400,16f0e0d8-38c1-45a7-bd06-c91ddc8fdab5
舟山市,0000000G0000003F0000000700000010,10.8,2018/1/30,330900,c4f2e5f9-32a4-43b0-97ba-80650b7aa12b
湖州市,0000000X0000007T000000070000000X,35,2017/7/15,330500,5beb03dd-d237-4bfc-959b-71ba7630620f
温州市,0000000C0000002Q000000030000000X,60,2018/5/25,330300,56876645-896d-4b58-985b-a62e7c7534c2
嘉兴市,0000000H0000003P000000070000000X,21.67,2017/6/15,330400,337d1e7c-defa-4881-861f-53b87274a64b
台州市,0000000H0000003P000000070000000X,23,2018/1/25,331000,57f48bc0-c935-4316-9a52-f7daf4614a71
嘉兴市,0000003100000081000000130000000X,79,2018/8/5,330400,136e4e38-c75b-46f2-8539-e31862c79109
温州市,0000000X0000007T000000070000000X,37.33,2017/9/15,330300,3d7f6078-1f96-4b2c-9226-9e83ba2ca72e
杭州市,0000001400000031000000070000000X,6,2017/2/25,330100,972f135f-89c1-4139-8fbf-2d931fb6d2c7
湖州市,0000002U0000007X000000070000000X,3.77,2019/2/15,330500,8ab9c182-ff42-4b93-b900-0bc0c6b4d8b6
舟山市,0000002200000038000000070000000X,4.43,2018/12/15,330900,c6b78c46-deb4-4a49-8e61-27fe7e524fec
宁波市,0000001500000031000000070000000X,4.6,2018/3/15,330200,15c69420-e38a-41d1-bec1-759719bb788e
宁波市,0000000J0000003S000000070000000X,30.33,2017/7/25,330200,bd666951-beed-48a6-a6ec-67759584d4a7
台州市,0000000S0000002Z000000070000000X,10.33,2017/6/25,331000,97d83430-5bbe-43ea-b85e-b9530ad9a2b3
温州市,0000001500000031000000070000000X,4.67,2017/3/5,330300,52aa12f7-8429-4bd9-8079-1f53ea90ef2a
绍兴市,0000002U0000007X000000070000000X,4.67,2018/10/5,330600,1f2b3a64-7472-4e3c-980e-e19b9ff6b554
温州市,0000000Z00000031000000070000000X,3.33,2017/5/15,330300,5bbaca9b-861a-4575-8a01-3d17cbac537c
台州市,0000000X0000007T000000070000000X,32.67,2017/4/5,331000,74be3d65-f199-4952-8904-3b10d674d6f9
杭州市,0000000G0000003F0000000700000010,8.92,2017/5/9,330100,f9cba1c4-dcfa-4180-9ff7-34c7ce84432b
浙江省,0000001K00000031000000070000000X,3.27,2019/1/5,330000,732ebf07-e9b9-4a9e-8cab-6cb1b6f2b8e3
杭州市,0000000H0000003P000000070000000X,20,2017/8/25,330100,8f92e454-f720-485d-8269-6a6f569a0c3c
宁波市,0000001200000031000000070000000X,4.57,2017/4/5,330200,2a0adba1-1c1d-433e-a09d-4e25d926bbfb
舟山市,0000001200000031000000070000000X,4.67,2017/1/5,330900,80cb871e-8fa0-4bea-af7e-5a4c2760e081
丽水市,0000000M0000003V000000070000000X,10.33,2017/2/15,331100,d7754eb4-357b-4385-aa60-912c7f03448f
温州市,0000000H0000003N000000070000000X,18.33,2018/2/15,330300,7464aaed-c587-4dac-a111-de7afe4f8625
湖州市,0000000J0000003Q000000070000000X,38.33,2017/5/5,330500,52f4791c-0bc0-445e-ad9b-a8448b474145
绍兴市,0000003100000081000000130000000X,66,2018/7/5,330600,09277011-767a-40f9-8240-b58a28d1f8de
湖州市,0000000G0000003F0000000700000010,9.4,2019/2/5,330500,e244e7a5-12f0-473c-a684-305572ff17ef
宁波市,0000000H0000003N000000070000000X,15.33,2017/2/25,330200,f142b79a-51f3-4191-a5d5-17f9eefb8d53
宁波市,0000001500000031000000070000000X,5.43,2017/1/15,330200,9148a987-0620-4edc-ac3c-857cb198d5e5
绍兴市,0000001500000031000000070000000X,3.67,2018/4/5,330600,86c29b16-498a-47e7-89c7-911dbb70b829
湖州市,0000000Z00000031000000070000000X,6,2018/2/5,330500,c8271810-f628-4a49-bcd7-f5c1c0af4f97
嘉兴市,0000001200000031000000070000000X,6.67,2017/2/5,330400,41f1b447-13d7-4c5a-84f4-db711934e4a5
舟山市,0000000P0000003E0000000700000010,4.8,2018/11/20,330900,a8baf4ba-6785-4227-9fa8-b8639f5504d9
杭州市,0000001Z00000036000000070000000X,6.67,2017/4/15,330100,7db70970-5e8f-4f2d-93b6-102a0aa67acd
温州市,0000001400000031000000070000000X,8.33,2018/3/25,330300,264bcc60-10fd-4446-8406-89e4b8f71376
湖州市,0000001A00000031000000070000000X,10.67,2018/2/25,330500,e49afa6e-25c8-413b-9233-a267fbe82aa9
浙江省,0000000M0000003V000000070000000X,12.52,2018/8/25,330000,02b98e3f-443e-4c76-917c-d60c9f6ab2db
衢州市,0000002P0000007W000000070000000X,3.06,2017/10/15,330800,12b36864-7127-4dcf-bfff-08bbd323b209
湖州市,0000000G0000003F0000000700000010,9.4,2017/7/18,330500,b4c98afb-f566-4c2d-ab84-421ae53d6260
衢州市,0000000C0000002Q000000030000000X,69,2018/1/5,330800,1a202553-16a5-4309-968e-d99413314689
丽水市,0000001A00000031000000070000000X,4,2017/7/5,331100,67d5c4e4-904f-46b8-aacb-7d5fb23d2c47
丽水市,0000001200000031000000070000000X,3.17,2017/1/5,331100,46e9c52b-98b4-43c7-a539-8d23f2ed6396
绍兴市,0000001700000031000000070000000X,2.57,2018/4/5,330600,6ae0ae86-1029-4b3c-9dcc-37feffe7b6cd
丽水市,0000000G0000003F0000000700000010,9.7,2018/8/14,331100,53040a0f-cc58-43fd-9523-c936cdfd0c8c
湖州市,0000001Z00000036000000070000000X,5.33,2017/3/25,330500,d290fcdd-451a-4ce6-93e2-73c38909b42d
衢州市,0000000H0000003N000000070000000X,11.33,2018/4/25,330800,32488f97-5e19-4a24-81ad-7cc51a0781fc
台州市,0000000X0000007T000000070000000X,29.67,2017/11/5,331000,6d2d4b77-40df-4d7f-92cd-d765ff7918eb
衢州市,0000000S0000002Z000000070000000X,8.83,2018/5/15,330800,17a2654d-9870-4856-b339-f00c6de916b2
嘉兴市,0000001500000031000000070000000X,4.67,2016/12/15,330400,12f0ffae-5494-4aac-8f5b-96c29ff04916
丽水市,0000000H0000002T000000070000000X,14,2017/10/25,331100,9922c08c-4852-43a2-95a7-f5eeab19c6e4
衢州市,0000000D0000002R000000030000000X,36.33,2018/10/15,330800,385ed839-c64d-4513-9516-a7421915b812
金华市,0000000J0000003S000000070000000X,34.33,2018/7/25,330700,57700667-8f51-443b-ac2d-793ff4171e5c
舟山市,0000000C0000002Q000000030000000X,50.3,2017/10/5,330900,5b2620d0-91ee-4376-a2b9-b63dd5d51e1e
杭州市,0000000K0000003U000000070000000X,34.67,2018/1/5,330100,a1402cad-ecc3-45c7-a1f1-64d9ae5e5aaa
丽水市,0000000P0000003E0000000700000010,4.5,2017/10/24,331100,c9ea1358-15c1-4073-ae38-0646670358f5
衢州市,0000000Z00000031000000070000000X,3.67,2017/12/15,330800,5a7d05d8-0312-4e5f-971a-089e21825e94
杭州市,0000000Z00000031000000070000000X,5.47,2017/8/5,330100,042bf65f-1078-484f-a30e-13f8d1e64c6a
台州市,0000000P0000003E0000000700000010,3.2,2017/1/31,331000,280d7ee1-e598-40e0-8154-d12dab8a8f61
杭州市,0000000H0000003P000000070000000X,19.83,2018/8/5,330100,2857e560-4f39-4c20-ad49-c77c1275ba43
杭州市,0000001200000031000000070000000X,3.7,2017/5/5,330100,30916fd4-a958-4ddf-aed2-7dcd67999010
嘉兴市,0000000J0000003S000000070000000X,32.67,2018/9/15,330400,e3d51647-13ef-4629-a8a2-992b89cf908e
台州市,0000002P0000007W000000070000000X,2.75,2019/3/15,331000,f99ff557-fe55-4eea-a1fb-7f51b0d5c19d
金华市,0000002U0000007X000000070000000X,3.93,2018/12/15,330700,9e946712-c427-40f7-9f17-c4c40622c465
浙江省,0000000J0000003S000000070000000X,34.89,2017/1/15,330000,3221712f-02be-497d-b862-a496c1a8ec6e
宁波市,0000000H0000003P000000070000000X,28.33,2018/11/5,330200,05b309f2-26a9-4003-bfa4-19f5bf78a801
宁波市,0000001500000031000000070000000X,6.27,2018/12/15,330200,7fbac77b-a273-4ca1-88a7-f709561917c1
湖州市,0000001A00000031000000070000000X,7,2017/1/15,330500,7c87d496-eb01-49ff-9148-612e631ef47b
金华市,0000000P0000003E0000000700000010,3.2,2017/1/31,330700,eed59ffa-b6d4-40fd-8ec3-4c07041cfe02
台州市,0000000Z00000031000000070000000X,2.33,2017/5/5,331000,ed40c5c3-cf19-4c51-a4a4-ed563e439f21
舟山市,0000000C0000002Q000000030000000X,50.3,2018/5/25,330900,d094e483-65b5-46fd-a500-3400ce38da49
湖州市,0000000Z00000031000000070000000X,3,2017/3/5,330500,4f3b065d-b321-488c-aeb9-0ee6525f2115
杭州市,0000000S0000002Z000000070000000X,8.5,2017/4/25,330100,fcbec9f9-9eb5-48f4-84e3-1076ed62705b
湖州市,0000001E00000031000000070000000X,4.17,2017/5/15,330500,83c64991-66b8-4839-8984-f8b8488df9b1
杭州市,0000000Z00000031000000070000000X,4.87,2018/3/15,330100,e994c9d8-84fd-40c3-aacb-faf710f0bf0e
温州市,0000000H0000003N000000070000000X,17.33,2018/1/25,330300,245433e3-5c06-47e7-b628-351c56193f4b
杭州市,0000000P0000003E0000000700000010,5,2017/8/15,330100,e9ee8a8c-ab3b-4cd1-a3a7-2d88166f9602
杭州市,0000001K00000031000000070000000X,3.6,2018/6/5,330100,4c349700-81d9-4303-91a3-0782aaaf515d
湖州市,0000001400000031000000070000000X,5.17,2017/5/5,330500,fa69b02b-1ffd-4e77-97cc-908f6947980a
台州市,0000000J0000003Q000000070000000X,38.33,2017/3/25,331000,e65cfef5-7785-41ba-b819-5ce12391c488
杭州市,0000000C0000002Q000000030000000X,63.33,2019/3/5,330100,3807a5ab-a40f-489d-9741-a12d56c78fbd
宁波市,0000000H0000003N000000070000000X,15.17,2018/10/25,330200,d3019a7a-c02d-4e77-b1c5-03e60a937523
绍兴市,0000001Z00000036000000070000000X,4.33,2018/2/25,330600,a7a905dc-891b-48ad-b985-1ecf41e4eb34
绍兴市,0000001400000031000000070000000X,10.33,2019/2/15,330600,e7ca1d8e-2a78-4dfc-b26c-661f07561eec
宁波市,0000000H0000002T000000070000000X,15.17,2017/10/15,330200,1bb7e914-6b45-42fa-8b2e-710216205ca5
丽水市,0000000P0000003E0000000700000010,4.9,2018/1/30,331100,795441c3-2ce7-46d5-b799-e0122f031659
金华市,0000001K00000031000000070000000X,1.33,2017/5/5,330700,6a843d7c-fb67-4cfd-9b2c-aa23ae52ba81
金华市,0000000H0000002T000000070000000X,15.33,2017/5/15,330700,d130903f-1b08-4535-a94d-d26224e0b787
宁波市,0000000H0000003N000000070000000X,14.5,2017/6/5,330200,15781ed7-2caf-418b-b7f1-bdcf1a529b75
丽水市,0000000P0000003E0000000700000010,5.4,2018/8/21,331100,2e77ea29-93ee-4c1b-ac56-24d62efb2aab
舟山市,0000000P0000003E0000000700000010,3.3,2017/3/14,330900,b5a0bfeb-ee4f-4c11-ac9a-edd34dbaaf6b
丽水市,0000000G0000003F0000000700000010,10.2,2018/1/9,331100,4705220f-d789-4eaf-bb5c-1d58c070d5f2
丽水市,0000000X0000007T000000070000000X,50,2017/4/25,331100,9866ec4c-40c3-411a-9135-2f2cf750fba3
衢州市,0000000K0000003U000000070000000X,35.67,2019/1/5,330800,c9df7d91-4ed3-422a-a852-e222be749d45
绍兴市,0000000X0000007T000000070000000X,34.33,2017/12/5,330600,0a395f18-6dc8-4c24-932b-d1fd291fd4cb
湖州市,0000000C0000002Q000000030000000X,57.67,2019/1/25,330500,8962cf96-1fc8-4bda-945f-0a36f74fa9f9
台州市,0000001500000031000000070000000X,4.33,2017/9/15,331000,7dadb58b-19a4-4fe5-bc52-a0cf28e9b230
金华市,0000000D0000002R000000030000000X,41,2017/9/25,330700,f1b2dfd3-9bcb-4abf-8b85-f66c09dedfc3
湖州市,0000003100000081000000130000000X,72.3,2019/3/5,330500,5ac62eff-9e80-4e7e-8559-a4ff17d9c1b5
温州市,0000000G0000003F0000000700000010,8.89,2018/8/7,330300,90366de8-1b33-4746-930c-f900a494026a
嘉兴市,0000002200000038000000070000000X,3.67,2017/4/5,330400,745fd0e8-749a-489d-9b64-71aee55ef21a
金华市,0000000P0000003E0000000700000010,3.2,2017/7/25,330700,344e79bb-0c39-43e2-89ee-77c63d617dc2
台州市,0000000S0000002Z000000070000000X,10,2018/2/15,331000,a3644f3d-ec4f-49f7-afa6-b0b25b5ce3dd
衢州市,0000001E00000031000000070000000X,5.17,2017/10/15,330800,7b93b027-0f13-40a6-b035-aecab7873744
丽水市,0000000J0000003S000000070000000X,39.33,2018/11/5,331100,bf9758b9-be88-4323-a01a-8651f98080a2
舟山市,0000000X0000007T000000070000000X,44,2017/6/25,330900,5a9bcf30-795a-4da4-820f-8dbc90722a39
杭州市,0000000H0000002T000000070000000X,16.17,2018/4/25,330100,7c7e9a78-63fa-43e2-bd4e-f3945e58adb6
金华市,0000000S0000002Z000000070000000X,7,2016/12/15,330700,08de3df0-33e0-4903-b409-b5bccf9840d2
湖州市,0000000G0000003F0000000700000010,9.1,2018/10/30,330500,c208cec0-3ef0-487f-a605-f817d74ee49c
金华市,0000002P0000007W000000070000000X,3.9,2017/3/5,330700,27194fc9-5ca1-4504-9442-f66ac14ed285
丽水市,0000000H0000003N000000070000000X,13.33,2017/10/25,331100,1c43ee9e-4d42-4bfe-a202-189777b02829
金华市,0000002200000038000000070000000X,3.17,2018/2/25,330700,7c8fbe11-3ceb-4843-ba77-561a887cdb53
温州市,0000000Z00000031000000070000000X,4.67,2018/6/15,330300,e96b39b5-4e82-4f9e-b9e8-4e71131cca78
温州市,0000001500000031000000070000000X,6.17,2018/9/15,330300,3c50d19a-419b-44cd-8ccf-46c0b723d996
台州市,0000001400000031000000070000000X,6.67,2018/3/25,331000,b61faf5c-8076-4632-8b14-1ef14ca32205
衢州市,0000001500000031000000070000000X,4.17,2017/9/25,330800,7cdafccc-62c2-43d5-8441-85593baa06da
湖州市,0000000P0000002W000000070000000X,4.67,2017/4/5,330500,8fea84cf-5842-4b07-95ec-c250f14ecea4
舟山市,0000000Z00000031000000070000000X,4,2016/12/25,330900,a854a354-468f-453a-9bfb-fbaa535716e5
衢州市,0000001200000031000000070000000X,5.17,2017/2/15,330800,5f135105-e14e-42f6-8948-fe763df71b4d
嘉兴市,0000000X0000007T000000070000000X,31.67,2018/1/25,330400,cd600ec5-4e27-46a4-abe8-fbe0e8c5e45a
金华市,0000001500000031000000070000000X,4,2018/5/15,330700,96594091-96de-46bf-8a66-7f149059aa8c
台州市,0000000H0000002T000000070000000X,13.17,2017/5/15,331000,63a617a2-c78d-4204-9a06-6a7f3d6e8f46
宁波市,0000001Z00000036000000070000000X,6.87,2018/3/15,330200,f2364b51-f0c8-46d9-9589-c7a66e2c85f0
温州市,0000000H0000003N000000070000000X,15,2018/4/15,330300,122bf706-f448-4995-b95e-8268a2970d1b
嘉兴市,0000001K00000031000000070000000X,2.83,2017/5/5,330400,8e28914f-6ef1-4d37-84c0-b60d8c769c62
嘉兴市,0000001200000031000000070000000X,3.83,2018/8/5,330400,9d2eb1f2-014d-4a61-9a88-018059fd6484
金华市,0000001Z00000036000000070000000X,5.33,2017/4/15,330700,c93a8737-4b88-4782-b756-7ef1b2cc0a12
杭州市,0000000C0000002Q000000030000000X,62,2017/6/5,330100,ca6aa95e-4729-4822-9d7d-34a3ee3e6cbd
湖州市,0000001A00000031000000070000000X,6.67,2018/5/25,330500,69b5c4a8-9b63-4411-ae8c-1a176441cde7
金华市,0000000H0000003N000000070000000X,13.67,2017/5/15,330700,10413585-6bdf-46e4-9460-d3193c6e2622
温州市,0000000H0000003N000000070000000X,18.33,2019/1/15,330300,2148dfd1-53ac-49f3-8ced-c1f8c07c06da
绍兴市,0000000D0000002R000000030000000X,49.33,2019/1/25,330600,138ee988-fba4-455a-9a84-15abd61cb381
湖州市,0000000S0000002Z000000070000000X,9.67,2018/5/25,330500,06079309-fc46-4724-8469-92f319152b93
湖州市,0000000M0000003V000000070000000X,17.33,2018/11/25,330500,62c503a3-8e52-4151-bdbf-49ed4364ff24
浙江省,0000000G0000003F0000000700000010,10.16,2017/12/26,330000,f42df341-7a0c-4652-9677-00446944b634
湖州市,0000001K00000031000000070000000X,4,2018/1/15,330500,63e2592c-1e5d-4edc-b1d8-4218efa69e88
宁波市,0000000P0000002W000000070000000X,6.1,2018/12/25,330200,a5c3e4fd-cfc9-4325-8711-219c0fa51139
宁波市,0000000J0000003S000000070000000X,30.33,2017/9/5,330200,a2b63837-6a9e-404b-a890-b40333ee4923
杭州市,0000001500000031000000070000000X,4.33,2018/6/5,330100,4e36b230-09cb-4ada-b932-0c0bf14ac85e
杭州市,0000000H0000003N000000070000000X,14.8,2018/8/25,330100,b4ec90b2-190c-43d6-8d77-fe80b68bb3d1
宁波市,0000000M0000003V000000070000000X,14.5,2017/4/5,330200,471d82ea-967c-494c-a742-cd25dd770a0d
杭州市,0000001700000031000000070000000X,2.67,2017/6/15,330100,eee43a56-088a-4e73-a53a-b9e55708d853
丽水市,0000000P0000003E0000000700000010,4.8,2018/11/6,331100,5c69f361-8d11-4c35-af14-f3451a1593ca
金华市,0000001500000031000000070000000X,5.67,2019/2/15,330700,9644fc03-9727-40bb-a48e-88d947700038
浙江省,0000001K00000031000000070000000X,3.8,2018/10/25,330000,4387fa43-f4f3-4f2d-8b6d-12f370852a16
衢州市,0000001200000031000000070000000X,3.17,2017/7/15,330800,eceae124-1a0e-40a9-9c53-0f3bfe1571d9
温州市,0000000C0000002Q000000030000000X,60,2017/3/25,330300,548d8062-8c9a-4098-adf9-7e9e8e0bceba
舟山市,0000001Z00000036000000070000000X,8.17,2019/3/15,330900,7242248b-8903-46ac-adbe-7c6f85b36271
台州市,0000000X0000007T000000070000000X,25.67,2018/5/25,331000,9157b46b-fb0a-43d2-a1fa-8a9d982c7aa5
丽水市,0000000J0000003S000000070000000X,34.33,2017/4/15,331100,5d2887ac-2052-45ed-a4bd-0026c9ac1b68
温州市,0000000K0000003U000000070000000X,48,2017/7/5,330300,d17e7ac1-b4c0-4a85-a840-16e472491434
丽水市,0000000K0000003U000000070000000X,37.67,2018/9/5,331100,3890cbc2-18eb-4400-b319-2cdf87a655ca
宁波市,0000001E00000031000000070000000X,4.43,2017/4/5,330200,87fa3b37-1250-4785-8144-f139da01fab3
嘉兴市,0000000H0000002T000000070000000X,17,2018/2/5,330400,8410ffde-00c5-4f4b-9f13-f120e8521b9b
杭州市,0000000D0000002R000000030000000X,46,2017/3/25,330100,cd32cc6c-8443-477b-b783-27c955b952ee
丽水市,0000001A00000031000000070000000X,6.5,2018/3/5,331100,19c1fe85-6a15-46db-bca0-3f5066e45614
衢州市,0000002200000038000000070000000X,3.17,2018/3/5,330800,2a9be729-e296-41b7-a659-ad8acab82153
绍兴市,0000000G0000003F0000000700000010,8.1,2018/7/3,330600,396fb98c-6eb2-44a4-b345-4ecdc5429f71
湖州市,0000003100000081000000130000000X,72.3,2018/5/15,330500,ec8058d2-b560-4d46-9708-19d30f361906
杭州市,0000001K00000031000000070000000X,4.33,2017/11/5,330100,d382db3b-5b07-459d-81fe-4a6c09a745b7
台州市,0000002200000038000000070000000X,2.33,2017/1/15,331000,9ecef32b-dd81-4cee-8e12-888a3a6da1bb
衢州市,0000000J0000003S000000070000000X,38,2019/3/5,330800,fb6219a0-1af0-4853-8f02-317287d21a61
杭州市,0000002200000038000000070000000X,3.2,2018/4/15,330100,8888f9b4-7480-4758-8eae-983c932d68de
绍兴市,0000001400000031000000070000000X,4.17,2017/5/25,330600,729e6b7e-be9a-4c3e-944a-659601313f33
丽水市,0000000X0000007T000000070000000X,46.67,2018/6/15,331100,a6121ff3-cf58-4c3b-9e63-366724e63872
宁波市,0000000J0000003S000000070000000X,32.67,2018/3/5,330200,97c00cd6-c047-465d-8f28-6b51546d83d6
金华市,0000001K00000031000000070000000X,4,2017/9/15,330700,ff9916c6-c3b6-4761-8192-b0b75de6787b
湖州市,0000002200000038000000070000000X,4.33,2017/2/15,330500,d80d7e22-92fe-428e-bfca-01f5265cd41a
温州市,0000000X0000007T000000070000000X,41.67,2018/12/15,330300,ba6fac60-f814-49b3-9b2f-1ac1bfd842d0
嘉兴市,0000001K00000031000000070000000X,3.17,2017/7/5,330400,9673bed2-8657-4184-9c0b-1ae66028b0c1
湖州市,0000001200000031000000070000000X,5.33,2018/10/5,330500,35ff1141-d233-4245-b6b7-0ac19ed78b5f
浙江省,0000000S0000002Z000000070000000X,9.31,2018/7/15,330000,c9afe4f3-e4bb-406c-be79-69236732f877
浙江省,0000001400000031000000070000000X,6.27,2017/4/5,330000,1930612d-cbd5-4b41-9dab-3f0d20a56dac
台州市,0000000P0000003E0000000700000010,4.53,2017/11/21,331000,251b3282-3411-44b7-a868-11f939d0a6e6
杭州市,0000000S0000002Z000000070000000X,8.6,2018/3/15,330100,c86f8571-8046-4213-bb3b-1ac7ad60de3c
温州市,0000000Z00000031000000070000000X,3.33,2017/5/5,330300,03db69ea-d1f9-41cd-b6fa-3ac2ec8dedd4
丽水市,0000000J0000003S000000070000000X,34.33,2017/9/5,331100,38dc62a8-fcec-4c11-98c3-b33540783e51
衢州市,0000000P0000003E0000000700000010,4.55,2019/1/8,330800,9fa1da25-e54a-49ac-9b55-46bb3f1ada05
金华市,0000001500000031000000070000000X,5,2017/1/25,330700,5ade29c1-2f76-4ce3-861e-1ededa4cbda2
温州市,0000000S0000002Z000000070000000X,9,2017/2/25,330300,3c216722-5c9a-484b-8849-98a6807ca1bd
丽水市,0000000P0000003E0000000700000010,2.7,2017/6/13,331100,9fd008c3-8b40-4023-8b69-f6f82735840b
宁波市,0000000G0000003F0000000700000010,12.92,2017/2/7,330200,6f6f4556-786f-4c65-9fc0-db56de09a22d
浙江省,0000000S0000002Z000000070000000X,9.21,2018/11/5,330000,d2cd7a65-7088-4299-9d0f-3ca35e334cef
嘉兴市,0000000S0000002Z000000070000000X,9.5,2018/6/5,330400,fc4eece7-d223-4aea-9a82-1bba14d37a77
衢州市,0000000D0000002R000000030000000X,37.67,2018/1/15,330800,1b668f40-c158-4b2b-8fc5-2ff9d1e065ea
湖州市,0000001K00000031000000070000000X,3.5,2017/3/25,330500,689d07be-1bdf-4db2-bde4-66b270810ee6
绍兴市,0000000G0000003F0000000700000010,9.38,2017/7/4,330600,dcedd910-f593-4ef9-a378-db5565a6140c
舟山市,0000000Z00000031000000070000000X,5,2017/8/15,330900,3a77f55d-4805-4630-90cd-ddc768c25338
湖州市,0000001Z00000036000000070000000X,5.67,2018/2/25,330500,f5bf015a-e913-4b9a-a2a3-65cf3a207cca
金华市,0000000H0000003P000000070000000X,20.33,2017/1/25,330700,eaa9aa17-2b2c-4046-b0ab-5dc8391b4ef7
温州市,0000001K00000031000000070000000X,4.33,2018/1/25,330300,5e71a96e-b0b7-4ca5-8f29-d560d7e1f32c
绍兴市,0000000D0000002R000000030000000X,49.33,2019/2/15,330600,00d444f8-455e-44fc-a6b5-345f50a8c64e
衢州市,0000000G0000003F0000000700000010,7.7,2018/3/6,330800,4f5ded49-81f6-4fe3-a09a-0e805943b8b3
丽水市,0000000D0000002R000000030000000X,54.6,2019/2/25,331100,e9aa4310-1b5e-4bcf-a9fc-2b10e9e6f41f
金华市,0000001K00000031000000070000000X,2.5,2018/1/5,330700,69bdfd3b-459a-4e3a-a074-a986f16d090d
丽水市,0000000P0000003E0000000700000010,3.1,2017/3/28,331100,f105a93e-3a4d-4bbf-9868-20fb460942e8
嘉兴市,0000001Z00000036000000070000000X,5,2018/5/15,330400,721e6895-4cba-4d54-ab2f-f123ccefcf66
湖州市,0000000S0000002Z000000070000000X,9.17,2019/2/25,330500,496d3051-3d8f-421d-aefd-fe3c2d257f2c
舟山市,0000001700000031000000070000000X,2.83,2017/9/25,330900,2101e767-4b5b-41dd-bc79-82687ed4347d
丽水市,0000000M0000003V000000070000000X,11.33,2018/9/25,331100,3c99a94a-6b54-4c96-af59-f96e12df2e5d
舟山市,0000000H0000003P000000070000000X,23,2018/7/25,330900,6dfd0259-2205-4709-91f8-f51ea5114fcd
舟山市,0000000P0000002W000000070000000X,5.67,2018/11/15,330900,88afb3e0-d2cc-427e-af6b-023981cbe87a
金华市,0000000D0000002R000000030000000X,42,2019/2/25,330700,44f35028-63f0-4e95-ba87-905191701399
舟山市,0000000C0000002Q000000030000000X,50.3,2018/11/15,330900,23e50bbc-6482-4060-8ad4-422104b8242a
湖州市,0000000D0000002R000000030000000X,37.67,2017/8/25,330500,bd14948d-30bb-4749-9564-2f2ca5745797
台州市,0000000P0000003E0000000700000010,3.51,2019/3/12,331000,a1f20e95-2032-4c7e-a2c4-61b7c08e0780
宁波市,0000001Z00000036000000070000000X,7.47,2019/2/25,330200,c0007b9e-3caa-4e9a-9629-62b20c9a9dda
湖州市,0000001200000031000000070000000X,5.5,2018/9/15,330500,26dbc4df-32b3-496d-82c8-5b7ff0894db8
丽水市,0000002U0000007X000000070000000X,4.66,2017/10/5,331100,99726171-6ea9-43bd-9752-1500f097e267
绍兴市,0000000K0000003U000000070000000X,37.67,2018/2/15,330600,d2564567-d458-4e3b-9402-9d893e9a6d06
绍兴市,0000000H0000003N000000070000000X,13.83,2017/5/5,330600,55c19692-bf42-4091-b608-3ac793a2c653
湖州市,0000000K0000003U000000070000000X,0,2019/1/15,330500,5f5a0d9b-04d8-42b5-96d6-1958867fafd6
杭州市,0000000P0000003E0000000700000010,4.9,2018/1/30,330100,a27833b5-3415-4785-b7da-28daa836c5f5
金华市,0000001A00000031000000070000000X,5.67,2017/8/15,330700,2bd86f48-e1cf-4e8d-afb0-903c23a70e61
湖州市,0000001A00000031000000070000000X,6.67,2017/8/5,330500,fdcc3f4b-562e-4c64-8e63-697bc4528bfe
衢州市,0000002U0000007X000000070000000X,4.33,2017/7/15,330800,c265fa69-69fd-469b-8e14-ac7459cb78e4
金华市,0000000H0000003N000000070000000X,14.67,2019/2/5,330700,f7f581a4-bff3-49dc-b2d1-eac946a2d02b
绍兴市,0000002200000038000000070000000X,3.1,2018/9/5,330600,100d52fb-f5f5-4f0a-9cb8-4556310b67d3
舟山市,0000001K00000031000000070000000X,4.17,2016/12/15,330900,cee75f75-0b71-4840-ab1d-0530a1485628
金华市,0000000G0000003F0000000700000010,11,2017/3/21,330700,0b128c7d-4733-447f-86ca-eef006dfcc24
舟山市,0000000G0000003F0000000700000010,9.5,2017/5/23,330900,84a21673-24b0-40a8-a089-9db1baa2ebec
湖州市,0000000K0000003U000000070000000X,0,2016/12/25,330500,6a1f2aab-6172-4705-9a79-e44060490d61
丽水市,0000001700000031000000070000000X,3,2018/2/25,331100,bff5265d-94d5-47e9-a9cf-e472f5fa3021
舟山市,0000001Z00000036000000070000000X,7.33,2018/7/5,330900,ec69431f-2d9c-4c4b-b886-db55f7ee1a3b
台州市,0000001700000031000000070000000X,2.17,2018/7/5,331000,63354a1e-5507-48b2-bc8a-e0cc5f674280
绍兴市,0000000H0000003N000000070000000X,14.67,2016/12/15,330600,a9d43714-0f56-40c3-a7ef-bce79d59e16a
温州市,0000003100000081000000130000000X,63,2017/4/15,330300,42d4e1cc-9b13-4a61-a2bf-7d54251e2f23
嘉兴市,0000003100000081000000130000000X,79,2017/10/5,330400,e0d18d15-c89d-480f-8e1a-dbcfb1bf5591
舟山市,0000000H0000003P000000070000000X,25.33,2018/1/5,330900,0b219856-86f0-41cf-a2df-3875037bcd7e
嘉兴市,0000001700000031000000070000000X,3.33,2018/4/5,330400,e4325e27-0b6c-405b-8e94-0f635f719fac
台州市,0000000G0000003F0000000700000010,7.6,2018/6/19,331000,d4495858-3fbd-4adb-9925-28740a16566f
宁波市,0000000G0000003F0000000700000010,10.3,2017/10/24,330200,c81fa031-a38b-48ce-ac24-b17645f1ed9b
温州市,0000000J0000003Q000000070000000X,47.67,2018/5/25,330300,e39bc55e-b019-4d82-b525-fbe38486a383
衢州市,0000000X0000007T000000070000000X,24.33,2018/6/25,330800,66bb4c82-bf1e-48b1-9a8f-0dd307425a35
金华市,0000000S0000002Z000000070000000X,7,2017/1/15,330700,ff611931-0973-43ed-87f9-2a3c37544d1a
湖州市,0000000C0000002Q000000030000000X,57.67,2017/8/5,330500,ade56623-9937-4a14-8bfa-54307ed74401
绍兴市,0000001200000031000000070000000X,3.17,2017/5/5,330600,8cde08ae-1dfb-4c2d-bb71-641bebfdfeef
温州市,0000000M0000003V000000070000000X,14.67,2018/3/15,330300,fa68b058-8eb6-4d13-9c2f-2acae0192b59
杭州市,0000001200000031000000070000000X,4.33,2017/1/15,330100,119f68f0-25a4-4364-88a9-ac7bc36b057e
丽水市,0000000H0000003N000000070000000X,11,2018/7/5,331100,c362a93c-f906-40a3-874c-2aa2aa21af18
杭州市,0000000H0000002T000000070000000X,17.93,2017/4/5,330100,d2ec3be3-8cf7-4190-80e2-f83f0c920551
丽水市,0000003100000081000000130000000X,84,2018/6/25,331100,9d2a2711-6894-4dbd-a4ba-5de576570059
绍兴市,0000000S0000002Z000000070000000X,8,2017/11/15,330600,599df048-07c6-4bad-9bd9-10a76dbced82
杭州市,0000001K00000031000000070000000X,3.6,2018/4/25,330100,66586220-f641-4887-b8aa-bbd687c28c06
丽水市,0000000H0000002T000000070000000X,14.5,2018/3/5,331100,23b1a2c5-64f3-4e4f-bf59-15522cb77338
丽水市,0000003100000081000000130000000X,84,2017/4/25,331100,43dd06ec-8b0b-41ae-b482-64429d24d480
杭州市,0000002P0000007W000000070000000X,3,2018/1/5,330100,e16c8be4-c5e2-44de-8c9a-1d6628fb90e5
台州市,0000000G0000003F0000000700000010,9,2017/6/13,331000,e6127f13-e58c-46d1-9d04-a4acff1eccfb
绍兴市,0000000G0000003F0000000700000010,10.2,2017/9/5,330600,3e2662e1-5a30-4813-9dc6-a021f7ae3f52
衢州市,0000001200000031000000070000000X,3.17,2017/6/25,330800,86651af0-8dc4-4a73-9ee3-a065277c4172
衢州市,0000001Z00000036000000070000000X,4.67,2017/4/25,330800,58de0195-7c01-4b3d-abbe-7094f7dab431
金华市,0000001A00000031000000070000000X,5.5,2017/7/5,330700,d2369029-6b39-4ada-9a4c-fd1fa685e023
台州市,0000000J0000003S000000070000000X,35.33,2018/10/5,331000,4199da7e-e156-4aaa-8744-9c68cf991db8
湖州市,0000000S0000002Z000000070000000X,8.67,2017/12/5,330500,44c66bf5-864f-4424-a151-ca31a7b4020b
绍兴市,0000000D0000002R000000030000000X,49.33,2017/11/5,330600,aa2c6c10-8d2c-4227-a316-48ad8a898b16
湖州市,0000000J0000003Q000000070000000X,38.33,2017/10/15,330500,b761b998-480b-4551-9aa2-bf71e23befb1
浙江省,0000001400000031000000070000000X,5.7,2018/6/5,330000,cf3b4d9b-c9e1-4471-bd96-dc9f2763db8c
宁波市,0000000C0000002Q000000030000000X,83,2017/2/5,330200,c0415369-026d-4ce5-965d-58843d2fada5
丽水市,0000000H0000003N000000070000000X,15.33,2017/2/15,331100,5fa20d5c-ef65-4b0f-815e-a8388da15f4e
绍兴市,0000000P0000003E0000000700000010,3.2,2017/3/21,330600,d5eab795-a59a-4628-98a6-993cf9c75142
嘉兴市,0000002U0000007X000000070000000X,3.73,2017/1/5,330400,c46b7bb8-1edd-4404-973b-42d586c1e247
湖州市,0000003100000081000000130000000X,74.2,2018/3/15,330500,c633a28b-c4fe-4a07-9ca4-f372e4d537c8
湖州市,0000001Z00000036000000070000000X,5.67,2018/4/15,330500,6300cd24-2670-4e98-9bd9-f576cb230ed3
金华市,0000001500000031000000070000000X,4.67,2018/2/25,330700,7f165476-e37c-4411-b174-1182a941520d
湖州市,0000001500000031000000070000000X,4.67,2018/1/25,330500,84fd289c-a83f-4e0b-8e4e-10ea1a6a9442
湖州市,0000000H0000003N000000070000000X,14.17,2017/12/15,330500,f9fb8785-32d6-458f-8db5-af72e5a1cf39
衢州市,0000000H0000003N000000070000000X,16,2018/11/5,330800,ef6019ed-6183-4c2c-a89c-2508189d4ff8
宁波市,0000000D0000002R000000030000000X,46.93,2017/2/15,330200,ed5ec6af-383e-455b-ad30-dfc6b036caef
金华市,0000000D0000002R000000030000000X,40.17,2018/7/15,330700,20828cd0-5c5e-485e-a9d2-9f412e514d37
舟山市,0000000C0000002Q000000030000000X,50.3,2018/1/25,330900,b79c8833-dbe0-4875-aa61-aa7263984641
绍兴市,0000000H0000002T000000070000000X,12.83,2018/7/15,330600,ae79880e-ecd6-467e-8746-62462c97ae5d
绍兴市,0000000G0000003F0000000700000010,6.89,2018/5/15,330600,62cf3be6-1887-4a32-9d7e-d9629630d769
丽水市,0000000C0000002Q000000030000000X,70.23,2017/5/5,331100,6c98de77-a61c-4d31-8811-2972c991ae20
浙江省,0000001500000031000000070000000X,4.42,2017/9/5,330000,3065d2fd-21b4-4a1a-b2f2-91be43782ca9
宁波市,0000000K0000003U000000070000000X,34.33,2018/8/15,330200,6b35e687-2a36-4440-9c4e-a734a8704eea
嘉兴市,0000002P0000007W000000070000000X,3.2,2017/9/25,330400,6a249195-69ae-4582-8894-5b4fe44379ef
杭州市,0000000G0000003F0000000700000010,7.87,2018/6/12,330100,fc1d72d0-0659-4665-96a8-3f7b2e30b859
湖州市,0000003100000081000000130000000X,72.3,2018/10/15,330500,f2a4d5a2-83d1-4222-ba4d-b575c8b38d5f
台州市,0000000Z00000031000000070000000X,3.33,2017/1/15,331000,487b0762-9aac-469b-b1bb-39e6a45509a4
丽水市,0000000H0000003P000000070000000X,19.33,2017/4/15,331100,b7735065-17bd-4ac0-8422-5ac6c623b5cf
台州市,0000000J0000003S000000070000000X,35.67,2018/10/15,331000,591595b1-170c-4d51-92d0-2890483dfddd
丽水市,0000001700000031000000070000000X,2.33,2017/2/15,331100,c24d7cd9-806a-43b8-b15f-c2312f2d36a1
台州市,0000000H0000002T000000070000000X,13.17,2017/7/15,331000,8e40f444-a199-45c4-8975-2e67c2a2ce99
台州市,0000002U0000007X000000070000000X,4.5,2019/1/25,331000,53485982-5093-4b7a-a10f-323c758b7f31
丽水市,0000002200000038000000070000000X,3,2017/9/25,331100,dee74793-fbea-4c86-b0ac-6675c2746404
台州市,0000000J0000003Q000000070000000X,40,2018/12/15,331000,8daac410-feac-4b87-97c0-306e4ca4dd54
丽水市,0000000Z00000031000000070000000X,4.5,2018/10/25,331100,ff89ea07-6416-4b37-a97e-b838ed2914c7
嘉兴市,0000000H0000003P000000070000000X,21.67,2017/5/15,330400,b1b3e74a-046f-4280-a5d0-224277811614
金华市,0000000S0000002Z000000070000000X,6.83,2017/2/15,330700,71d6f5b0-75ce-42be-a56d-a8278c871ca7
金华市,0000000P0000003E0000000700000010,2.5,2017/5/2,330700,8ad0c4eb-7bac-4ac2-baca-deb16cacac8f
湖州市,0000002200000038000000070000000X,4.33,2017/5/15,330500,3b80fa7a-7508-4c8d-860e-affe903ae341
丽水市,0000000P0000003E0000000700000010,3.1,2017/1/17,331100,2e2114d0-1b51-46aa-b662-29290bc6e527
湖州市,0000002200000038000000070000000X,4.5,2018/11/15,330500,8864f6dc-920c-4dc7-819a-410bf140cda1
衢州市,0000000K0000003U000000070000000X,32.33,2018/9/5,330800,f2d22f19-08c9-4c79-b8a1-1ea69c129cbb
丽水市,0000000J0000003Q000000070000000X,39,2018/5/5,331100,3ec5ceb7-1850-475e-982e-de80f4bcf42a
浙江省,0000001200000031000000070000000X,4.12,2017/9/5,330000,fdf369df-1301-4d5c-801d-37270855e537
嘉兴市,0000001A00000031000000070000000X,4.83,2016/12/25,330400,1960f1d3-06ba-49c7-a8a0-c39afaf33403
宁波市,0000000K0000003U000000070000000X,33,2018/6/5,330200,d06071cc-0ecc-41bb-a742-568018e15c8e
台州市,0000000J0000003S000000070000000X,33.33,2017/9/15,331000,39ff1090-c5aa-4abe-b8d8-9c5a66405a4b
金华市,0000000H0000002T000000070000000X,13.67,2018/8/25,330700,a5ba7cba-0730-4bf4-844e-19c35b6e7c48
嘉兴市,0000002P0000007W000000070000000X,3.3,2019/2/5,330400,afe72d8d-8189-4f39-be9a-e2320d6655ca
湖州市,0000001700000031000000070000000X,3.17,2017/11/15,330500,f0ffbf39-a393-4f6c-aba7-8a6c1cefd691
温州市,0000000P0000002W000000070000000X,5,2018/4/15,330300,8ae3af01-6340-4071-b478-171bb2605d9e
杭州市,0000000D0000002R000000030000000X,46,2017/10/5,330100,6b1338ae-a443-4360-9272-d1d744a6c7ee
台州市,0000000H0000003P000000070000000X,25.67,2017/4/15,331000,c12bce72-7131-4589-b2ae-cb5a3744dce9
嘉兴市,0000000C0000002Q000000030000000X,66.33,2017/3/25,330400,f39241bd-bb5e-483b-9051-a8a014dfcc80
宁波市,0000001400000031000000070000000X,6.23,2016/12/25,330200,582c0580-07f7-4bf6-9188-7de5af18eb22
温州市,0000000X0000007T000000070000000X,35.67,2017/12/25,330300,ea1f7de1-91e9-443a-bbc9-fe8e1a985427
温州市,0000003100000081000000130000000X,63,2017/1/15,330300,89ce51ea-cc82-4c9a-a2ff-67b5056513a2
衢州市,0000000S0000002Z000000070000000X,8.67,2018/2/5,330800,f5502f0b-07be-4f06-937c-a79f1085e828
金华市,0000001500000031000000070000000X,3.5,2017/6/25,330700,2e15193e-7d0d-41fa-aeaa-87b52d76e991
绍兴市,0000001K00000031000000070000000X,3.33,2018/6/15,330600,b1932b7f-1aaf-4352-81ed-c324738e5473
浙江省,0000000S0000002Z000000070000000X,9.32,2018/5/5,330000,abeeae79-53e1-4005-bc2d-c1541dcef4b3
温州市,0000001Z00000036000000070000000X,7,2018/5/25,330300,2055e288-cd56-433d-83cb-d8268aa16fa2
金华市,0000001K00000031000000070000000X,2.33,2016/12/25,330700,a7904058-49e1-413c-a75b-f0550603b95f
浙江省,0000000X0000007T000000070000000X,41.18,2017/5/15,330000,4404fb16-2522-464e-8b35-4b3ed0804b20
浙江省,0000000G0000003F0000000700000010,7.76,2018/3/20,330000,c479b28e-0c2b-4b6a-a668-ed0e16bad162
宁波市,0000001A00000031000000070000000X,6.17,2018/3/15,330200,1ae865b2-174f-4014-94c0-e913c9609602
温州市,0000000P0000003E0000000700000010,3.1,2017/8/1,330300,e0fd0c93-3dde-4813-83e3-3f9e4eb94ed7
衢州市,0000000C0000002Q000000030000000X,69,2018/2/15,330800,f2081370-907d-49bc-b85d-065bb2f92d1a
宁波市,0000000P0000002W000000070000000X,4.7,2017/4/25,330200,36fae32c-07e0-44f0-9c6f-c7a4d759b8c7
杭州市,0000000C0000002Q000000030000000X,62.33,2018/8/5,330100,c40c45a8-d9f6-4792-9040-a7c329951f83
舟山市,0000001200000031000000070000000X,7.33,2019/2/15,330900,599ee821-7b13-4b94-8ff4-2b9ab40c2700
金华市,0000002200000038000000070000000X,3.17,2018/9/15,330700,8312c464-1989-4a3c-89ae-723db3fc23ff
温州市,0000000Z00000031000000070000000X,3.5,2017/3/5,330300,ff9026c7-03fd-4718-8a18-2acd43cfc956
温州市,0000000P0000002W000000070000000X,4.5,2017/3/5,330300,f6ed6f79-7065-44b4-a604-f853624609e9
湖州市,0000000H0000002T000000070000000X,15,2018/5/5,330500,6e817419-55e5-48e4-a8d8-5e2717ce9c1a
绍兴市,0000000H0000002T000000070000000X,15,2017/5/5,330600,3187a5cc-0994-40fd-a2f8-08710f57c0c9
湖州市,0000001400000031000000070000000X,5,2017/10/15,330500,8b6c97b8-a056-4563-a6c6-f34a0b693268
温州市,0000000G0000003F0000000700000010,8.83,2019/2/12,330300,b6ffb854-e6af-454f-8020-e69912805fc0
金华市,0000002P0000007W000000070000000X,3.7,2018/7/25,330700,100b27bc-58bc-43c3-b7fa-80bdce8e4e3e
杭州市,0000001A00000031000000070000000X,5.67,2018/10/15,330100,8cd4009d-9685-4cb4-942f-22b8be625233
绍兴市,0000001A00000031000000070000000X,3.67,2017/10/15,330600,029705e2-316e-449c-9f24-133a6c2884ad
绍兴市,0000000X0000007T000000070000000X,31.67,2017/7/5,330600,8f910ac8-a46a-444e-8ca5-b49e87804813
嘉兴市,0000000S0000002Z000000070000000X,10,2017/6/25,330400,4fd76fad-fd02-401a-a33b-67d58a1ce034
嘉兴市,0000000Z00000031000000070000000X,4.67,2019/1/25,330400,6a7f9034-84b8-47c0-bff3-d50847c0eaa9
衢州市,0000000H0000002T000000070000000X,18.33,2017/4/15,330800,3890a8d1-4591-421f-b223-9d991d647db3
浙江省,0000001400000031000000070000000X,5.67,2018/6/15,330000,852b6cf2-c345-4538-9cc9-c954c18ac6b0
丽水市,0000002200000038000000070000000X,3.16,2017/10/15,331100,9aa7b3bc-d018-4451-af62-e39c24e27c47
温州市,0000001E00000031000000070000000X,4,2017/6/5,330300,fbdc1d25-266e-4e0e-966d-0c6983b522d0
湖州市,0000003100000081000000130000000X,77,2017/5/15,330500,409c4c4f-ee59-441d-bb0a-ee5c840581ac
丽水市,0000000H0000003P000000070000000X,20.33,2017/1/15,331100,e18b4a65-235e-4d27-942b-e7d383c9440d
浙江省,0000002200000038000000070000000X,3.19,2017/7/25,330000,7b24b8c4-4d9e-4fae-b17e-e5cb69e08699
衢州市,0000000D0000002R000000030000000X,37.67,2017/12/15,330800,c0de8e1f-f410-48b5-9bcd-611bf80aeb47
嘉兴市,0000001200000031000000070000000X,4.17,2018/10/25,330400,a6f72ae4-216d-4622-be54-3f576d0c3cfd
金华市,0000000Z00000031000000070000000X,3.67,2017/9/5,330700,edec19fd-d1de-43b8-8368-ae686c7a4d36
嘉兴市,0000001400000031000000070000000X,4.33,2017/12/5,330400,53ff72b4-31bd-44c5-b650-ff419c02ea1a
湖州市,0000000J0000003S000000070000000X,34.67,2018/3/25,330500,6e7f5ce2-5401-4dc2-a909-52433386f185
温州市,0000000G0000003F0000000700000010,8.19,2017/7/4,330300,77586714-2109-446f-8d9b-51c4fcbeaca5
台州市,0000000D0000002R000000030000000X,38.33,2017/8/15,331000,b899f61b-980e-452e-b33e-113a0c0e12bf
湖州市,0000001200000031000000070000000X,3.83,2017/4/15,330500,2e4596b0-cbf3-41c7-8aff-f9c617b58b88
台州市,0000001K00000031000000070000000X,3.33,2018/9/15,331000,fa299cfa-a356-4f4d-8157-61552b1b8ec2
绍兴市,0000002200000038000000070000000X,4,2019/3/15,330600,0e6992eb-fac4-42da-8cf7-33afcf2a5009
杭州市,0000000Z00000031000000070000000X,3.1,2017/4/25,330100,7cae6775-82ba-44cd-8975-9df39cc5d488
绍兴市,0000000C0000002Q000000030000000X,62,2017/2/15,330600,913d422c-fc05-4cd9-82c6-e1d076b173bc
嘉兴市,0000000G0000003F0000000700000010,10.1,2017/8/8,330400,b152d92c-d911-416e-8754-b04987b15627
温州市,0000000J0000003Q000000070000000X,46.67,2018/4/5,330300,5c98ae12-9b0d-4c38-a68f-5c8161cba7d4
杭州市,0000002P0000007W000000070000000X,3,2019/1/25,330100,9d4cc085-b641-4c50-8c3e-bedd85305002
舟山市,0000001K00000031000000070000000X,5,2018/7/25,330900,20932d71-4716-43ec-a932-6a5a2e9c7a82
温州市,0000001400000031000000070000000X,6,2017/3/15,330300,83272cb1-6718-482b-a10a-4dfe2a200096
温州市,0000002P0000007W000000070000000X,2.17,2017/4/15,330300,0eec84c7-0182-4668-ba0e-933a7091a396
温州市,0000000J0000003Q000000070000000X,46.67,2017/11/25,330300,ea06bd3b-1f06-4f2b-b9bf-27027db4bed6
宁波市,0000000J0000003Q000000070000000X,39.17,2017/12/25,330200,5486cf0d-c8a8-4d26-9f20-5525302e3e40
嘉兴市,0000002P0000007W000000070000000X,3.2,2017/4/25,330400,8e85330e-1213-4b59-9a7f-43061056f517
温州市,0000003100000081000000130000000X,63,2018/1/25,330300,b41dcde1-60da-455a-889d-c13b1b5dce2f
浙江省,0000000K0000003U000000070000000X,34.59,2017/7/15,330000,5157b621-011a-494a-93bf-20449e439e99
台州市,0000001400000031000000070000000X,5.33,2017/8/15,331000,7bfde44d-86c1-4481-9b67-13c724d87eef
温州市,0000001Z00000036000000070000000X,6.33,2018/4/15,330300,b6497053-b12c-4ad8-8732-8f06f1b04df8
宁波市,0000000H0000002T000000070000000X,15.1,2019/2/25,330200,777e846f-14a4-4790-8a0f-ee458e9bba59
台州市,0000000D0000002R000000030000000X,41.33,2017/4/5,331000,6eea70ea-0ab8-4606-95f1-bfbadee603d5
绍兴市,0000001K00000031000000070000000X,3.67,2017/1/5,330600,66fa91c9-265e-448c-b40f-ff6d246ec838
台州市,0000001700000031000000070000000X,2.5,2017/2/15,331000,3ee2a804-0bbe-4b11-b531-51a488ff0d89
金华市,0000001700000031000000070000000X,2.33,2017/7/5,330700,513c56cd-a0e0-407e-9105-9cb64b276c53
台州市,0000000J0000003S000000070000000X,32.67,2017/6/15,331000,8a24f46b-6fd8-43ce-8bf5-6a293d475374
嘉兴市,0000001200000031000000070000000X,4.5,2017/1/15,330400,4be1c659-7fc6-4884-bab4-4e603fd3cf05
嘉兴市,0000003100000081000000130000000X,79,2018/2/5,330400,3d675659-80cf-4fe7-b42d-cebcc36ddfba
浙江省,0000000H0000003N000000070000000X,13.15,2018/8/15,330000,813c8bf4-2c31-4b58-b7b4-176e2b955329
浙江省,0000000G0000003F0000000700000010,9.35,2017/5/23,330000,aec63004-5c08-4b28-9aa6-af7650b47628
丽水市,0000000C0000002Q000000030000000X,70.23,2017/5/15,331100,e081b002-bc65-4c73-ab97-18ac3b15a516
舟山市,0000001500000031000000070000000X,4.17,2017/12/5,330900,777ec9d7-928c-4b7b-afbd-15d93bc72d59
舟山市,0000002200000038000000070000000X,4,2017/9/5,330900,7913fef8-d14d-4c2b-84b4-d2c3704274a4
绍兴市,0000000X0000007T000000070000000X,45,2018/12/25,330600,12025506-9068-45ee-a974-d9df104e9341
嘉兴市,0000002U0000007X000000070000000X,3.73,2016/12/15,330400,d1a16f43-5271-4a63-985f-f33be94dc7e1
宁波市,0000000J0000003Q000000070000000X,43.33,2018/11/15,330200,f5e194cb-611d-401a-9f97-d20ade89115a
温州市,0000000C0000002Q000000030000000X,60,2019/1/5,330300,059ad857-d3d0-43d4-9f46-00cac3350668
绍兴市,0000001400000031000000070000000X,5.33,2017/12/25,330600,208a1359-c020-441f-91a3-6478668db7a0
舟山市,0000001200000031000000070000000X,4.33,2017/8/15,330900,7fe046e9-bfea-4a33-ad2b-a989fc6ccfa2
杭州市,0000000H0000003N000000070000000X,14.67,2017/10/15,330100,84502af4-4a79-45d7-bdff-da3c629dcf84
绍兴市,0000000G0000003F0000000700000010,9.9,2017/12/26,330600,4be4f1e9-afe5-4605-ac68-cc871c383a8e
杭州市,0000000X0000007T000000070000000X,38.67,2017/11/25,330100,ed689cef-5e9b-4df6-aba0-b7dbcee82230
杭州市,0000001E00000031000000070000000X,5.17,2017/11/25,330100,d0e9d775-ada6-47c0-a45a-d1ea60440752
浙江省,0000001A00000031000000070000000X,5.16,2017/4/15,330000,11b5ff92-08cd-48aa-ac82-62f541364802
金华市,0000001Z00000036000000070000000X,6.17,2018/10/25,330700,df4fad4d-7ea5-4e51-a0cf-328a28b854dd
绍兴市,0000001400000031000000070000000X,4.83,2018/9/5,330600,e9d7bb0a-6cc0-440d-84fe-aa72f40c51a7
绍兴市,0000001Z00000036000000070000000X,4.27,2017/1/5,330600,cc7cac52-6c00-462f-9ef6-a9054b229a24
温州市,0000000M0000003V000000070000000X,14.67,2017/4/15,330300,eba6d269-a897-41bc-b80f-5835ca58cf9f
浙江省,0000001E00000031000000070000000X,4.29,2017/1/5,330000,3d7a5022-7782-4701-987f-615db927bcd3
丽水市,0000000M0000003V000000070000000X,11.67,2018/2/5,331100,60ea280f-68ee-4e5c-8368-a3bc6fd76797
舟山市,0000002U0000007X000000070000000X,5,2017/2/25,330900,88dd1198-6f4e-4ce3-aba1-fa04be848556
绍兴市,0000001400000031000000070000000X,5.33,2017/1/15,330600,d222f6b3-bda1-490a-b944-1b841dabe877
台州市,0000000Z00000031000000070000000X,4.67,2017/7/5,331000,5fb390ab-6b96-4d4f-8fc5-3e29379eb727
舟山市,0000001Z00000036000000070000000X,7.5,2017/2/25,330900,656df1fa-02ea-46b8-8ade-122de26d0d34
衢州市,0000000P0000002W000000070000000X,4.2,2017/5/15,330800,4e4ea4be-085e-4048-b52a-0ea6e15745c6
宁波市,0000001400000031000000070000000X,5.9,2017/10/5,330200,2ee949f4-8e76-47a6-8a4f-b5a6318fb72b
宁波市,0000002U0000007X000000070000000X,4.57,2019/1/5,330200,83822e03-f502-4e6f-90a5-e768dde7ed46
丽水市,0000001400000031000000070000000X,4,2017/9/15,331100,e0aba16a-942a-4efd-accf-da5c85c6bab8
宁波市,0000002200000038000000070000000X,4.27,2018/10/5,330200,ff0fef0a-8bb4-420c-959a-f72082ad54af
嘉兴市,0000002200000038000000070000000X,3.5,2017/7/5,330400,61e3333e-9773-458c-988f-2800a66703ac
嘉兴市,0000001A00000031000000070000000X,4.67,2017/12/15,330400,c37a51cc-0f15-4d56-91e2-e14c6de46e2d
金华市,0000000C0000002Q000000030000000X,68.87,2018/10/25,330700,160455f2-0865-4185-849c-e47cd2e87b00
嘉兴市,0000000G0000003F0000000700000010,10.75,2018/1/9,330400,7aa588f4-97f1-4d87-ad2a-0e2ba5f8723e
嘉兴市,0000000H0000002T000000070000000X,17.33,2017/3/15,330400,bfc5b795-17a6-47cb-b066-e3303639f71f
温州市,0000001K00000031000000070000000X,3.17,2018/11/15,330300,0ada1987-dab6-4dc7-96f2-b04624bb8501
丽水市,0000002P0000007W000000070000000X,2.93,2018/9/5,331100,750ada3d-4900-41ae-8669-274dfc68bafe
温州市,0000000M0000003V000000070000000X,14.33,2018/5/5,330300,ee2867a1-9204-4178-ba9c-1650b58eb373
衢州市,0000000H0000003N000000070000000X,14,2018/1/25,330800,bf4937f5-73fb-4aa1-9e28-956b3e86a997
丽水市,0000001200000031000000070000000X,4.33,2018/9/5,331100,a1beee13-bbe6-4cab-b1b1-b9e66492f90e
浙江省,0000002200000038000000070000000X,3.26,2017/4/5,330000,5bc3579b-2635-490d-84dd-cf671a3b6474
台州市,0000000H0000003N000000070000000X,10.83,2018/6/5,331000,ef925013-5c3e-4c5a-98d9-3115237d72e0
杭州市,0000000X0000007T000000070000000X,40,2018/11/5,330100,7664bcbe-7e3c-4c7c-b236-1097076c96af
杭州市,0000000H0000003P000000070000000X,22.33,2018/11/5,330100,5ace19b4-eff0-4e8c-853e-e56a285a63f4
金华市,0000000J0000003S000000070000000X,35.33,2017/4/25,330700,c842719e-54e1-493b-877a-01e0c4ff9a3b
舟山市,0000000C0000002Q000000030000000X,50.3,2018/5/15,330900,cabcb320-030e-4ecc-b5cb-caa8601e4c06
绍兴市,0000000J0000003Q000000070000000X,38.33,2017/9/5,330600,3c72043c-1422-4b04-bbc8-d23fbca7342d
湖州市,0000002U0000007X000000070000000X,3.77,2018/12/15,330500,a83f2ae2-09b5-41fd-90bf-551f37956d0f
浙江省,0000001K00000031000000070000000X,2.93,2018/5/5,330000,285574d9-e32e-45b4-9f98-0f42bbe72c7e
舟山市,0000000S0000002Z000000070000000X,11.33,2017/6/5,330900,b05ec4b6-841c-4476-8939-6d7fd205b46a
丽水市,0000000H0000002T000000070000000X,12.83,2018/8/5,331100,8de52a5d-fe13-4656-b639-8263a6e88e10
湖州市,0000000X0000007T000000070000000X,35,2017/12/25,330500,e762d077-5810-43b7-8adf-6636705ca0a1
杭州市,0000000G0000003F0000000700000010,11.24,2017/1/31,330100,d02a3245-0b46-4e47-a846-ba8b58ef2927
舟山市,0000001400000031000000070000000X,9.67,2019/3/5,330900,c0b60d9c-761b-41cb-978e-42736e402ef0
温州市,0000000K0000003U000000070000000X,48,2019/2/5,330300,90dcd215-3317-4864-90c6-3182829e6968
绍兴市,0000001700000031000000070000000X,2.5,2018/10/15,330600,2b45affc-0d06-4af2-8954-52c7a052316f
衢州市,0000003100000081000000130000000X,86.27,2018/10/25,330800,8801083a-a064-4b70-94ea-bbc8c5f6e7c1
舟山市,0000001Z00000036000000070000000X,7.5,2017/11/25,330900,a08f53e1-2f96-4d8a-81fc-e81a9c54eb80
丽水市,0000000K0000003U000000070000000X,36,2018/1/15,331100,31161273-d440-437f-866e-1d32183d4e18
浙江省,0000000P0000003E0000000700000010,2.8,2017/6/13,330000,bf285686-db9d-4e05-9c79-32e10a8cdbf4
绍兴市,0000000M0000003V000000070000000X,9.67,2017/2/25,330600,1f70834a-46cb-4c08-a8ca-325d58776898
杭州市,0000001500000031000000070000000X,5.67,2019/1/25,330100,9b79f2a1-aef0-4387-9979-e5b0ad04a318
台州市,0000000J0000003Q000000070000000X,41.67,2019/2/15,331000,ad025643-5788-4c23-ab20-f012dfcb7de5
舟山市,0000000P0000003E0000000700000010,3,2017/7/18,330900,75803454-15be-4828-bd47-fbb7185f0c48
绍兴市,0000000D0000002R000000030000000X,50.33,2017/6/25,330600,e188f678-be73-43b1-8a11-c728fc147111
宁波市,0000001400000031000000070000000X,6.33,2017/2/25,330200,5df39bf5-f32f-4302-8b55-1176d9cfc9f8
衢州市,0000001500000031000000070000000X,5,2019/2/25,330800,e32105b1-335a-4b12-8814-032e089d2b70
湖州市,0000000H0000003P000000070000000X,18.67,2017/3/25,330500,9cc24da4-c4c3-4c49-aff5-efa7139e351f
杭州市,0000000P0000003E0000000700000010,4.7,2018/11/27,330100,c7aedeec-506c-4037-8c6b-139fb2cfb33d
衢州市,0000000J0000003S000000070000000X,36.67,2017/3/15,330800,563abd8d-1784-4768-b537-ca09b7651f0a
台州市,0000000H0000002T000000070000000X,14.33,2017/3/25,331000,0ef1e67f-66e1-4c9c-a867-8ced181303e6
衢州市,0000001700000031000000070000000X,2.33,2018/2/5,330800,519dde77-31a2-4204-8a4a-7ee136e97d4b
丽水市,0000000H0000002T000000070000000X,14.17,2017/9/5,331100,5960ea4a-1ad0-4691-bbc0-15bbbc786bd5
温州市,0000001500000031000000070000000X,4.67,2018/6/25,330300,e3a56515-aef4-4f41-8258-145f1345fd45
台州市,0000001Z00000036000000070000000X,6.33,2017/6/5,331000,deecb7dd-a278-40e6-a518-603d12d45857
台州市,0000001A00000031000000070000000X,3.83,2017/11/15,331000,81645079-1a5b-49ec-82df-46b925816c83
舟山市,0000000J0000003Q000000070000000X,43,2018/11/5,330900,25e59efa-b46a-420b-9315-c44148b86816
台州市,0000000C0000002Q000000030000000X,63.33,2017/2/5,331000,b742db84-e870-4ee2-a2ac-3a30f27da004
舟山市,0000001A00000031000000070000000X,5.33,2018/3/25,330900,d836a7bc-af38-4f37-86c1-d82303d559e5
金华市,0000001E00000031000000070000000X,5.83,2018/2/25,330700,a0d22220-3d10-4971-9af2-e2bdc15982ab
温州市,0000001Z00000036000000070000000X,7.33,2017/1/25,330300,0c384f4d-19a4-410c-9bf6-7286767c3ab0
台州市,0000001500000031000000070000000X,4.33,2017/11/25,331000,9d235c19-58a9-4a44-9c21-7631e7451b04
杭州市,0000000P0000002W000000070000000X,4.17,2017/4/25,330100,41367218-8127-4a2e-a1ab-d6c898d3c31e
嘉兴市,0000002U0000007X000000070000000X,3.73,2017/4/5,330400,17487fea-ae7c-4bc4-96c5-d5049c161758
浙江省,0000000G0000003F0000000700000010,7.41,2018/4/3,330000,60a730cf-bfd3-44ea-816e-fbc131da5081
浙江省,0000001400000031000000070000000X,5.7,2018/1/15,330000,5adb1a4f-e6cd-43f8-a668-7a3e4222724f
绍兴市,0000002200000038000000070000000X,2.67,2017/3/5,330600,51f148b2-7072-4a62-b5bc-818f54cd00aa
金华市,0000000H0000002T000000070000000X,14.83,2017/12/15,330700,d253c646-6b3f-469e-9abd-7c77c8f3fb31
衢州市,0000000K0000003U000000070000000X,35.67,2019/1/15,330800,f8f2ef7e-549d-4aed-b4bb-eea58a0f86e8
绍兴市,0000002P0000007W000000070000000X,2.33,2017/12/25,330600,1c63eaa1-901c-4d19-be52-9e4646ab158c
舟山市,0000001A00000031000000070000000X,4.33,2016/12/15,330900,a4d8db96-6b8f-4aa7-ad55-ed6d2456dfa6
嘉兴市,0000000H0000002T000000070000000X,16.33,2018/4/15,330400,f32c8115-27c0-4ca5-8629-1ca9191353eb
金华市,0000001400000031000000070000000X,7,2018/3/5,330700,701c511c-1ad6-4d75-8124-246b5071dbbe
嘉兴市,0000000G0000003F0000000700000010,10.5,2017/3/21,330400,23ce914c-8dc9-4347-8cf6-4ec13466391c
温州市,0000000P0000002W000000070000000X,4.83,2017/1/25,330300,68a55abe-57ab-4916-a56a-857b878882f2
湖州市,0000000P0000002W000000070000000X,6,2018/8/25,330500,b5e420a5-8722-4e42-b1f7-e682e7323011
衢州市,0000000D0000002R000000030000000X,38.33,2017/4/15,330800,8ff45a35-11d8-4aa1-b6a8-b078ea89ed70
台州市,0000000H0000003P000000070000000X,26,2018/9/25,331000,be10af6d-a794-42ad-90b9-219ff1b0f0be
台州市,0000000P0000003E0000000700000010,4.55,2018/12/11,331000,f0a1e391-5732-4700-a437-186c5f27ad56
嘉兴市,0000000G0000003F0000000700000010,9.35,2017/10/31,330400,211e4387-a227-4f89-80e4-5a341beacfd2
宁波市,0000000Z00000031000000070000000X,5.5,2018/1/25,330200,07246a49-9235-44f1-b2b6-e1c8ee054b71
宁波市,0000002U0000007X000000070000000X,4.6,2018/8/25,330200,9ee28516-1866-45dd-b64d-370cdd399a04
丽水市,0000001400000031000000070000000X,5.67,2018/1/25,331100,a23e3b54-1b30-4915-b7ad-4bac18864e02
温州市,0000000J0000003S000000070000000X,43.67,2017/3/25,330300,9e1b3a35-72fe-4b00-bdae-150c85d40f47
杭州市,0000001500000031000000070000000X,4.5,2017/10/5,330100,b126346f-9176-4d3b-9164-c962c8f5577a
金华市,0000002200000038000000070000000X,2.7,2017/12/15,330700,8b0a6f32-1226-4fca-a9f6-e1caff763e1a
温州市,0000000P0000002W000000070000000X,4.03,2017/6/5,330300,d8cb964b-7c0e-4daf-99a1-958ad973ee9b
杭州市,0000000K0000003U000000070000000X,33,2017/1/15,330100,e329e442-af08-46fc-bcbf-10c6a32cb857
台州市,0000001200000031000000070000000X,3.17,2017/3/25,331000,c0325cd9-8fe6-4b75-995d-8c4d7e3322fc
舟山市,0000001K00000031000000070000000X,3,2017/6/5,330900,646d98e1-2216-4e65-8ed7-c4a0df6f6342
温州市,0000000D0000002R000000030000000X,51.33,2019/3/5,330300,7361bca9-889f-48d4-acc4-dc2164aaa16a
金华市,0000000C0000002Q000000030000000X,68.87,2019/1/15,330700,25c8fe7e-d523-4694-9256-e86f668e36c1
衢州市,0000000M0000003V000000070000000X,11.67,2017/9/25,330800,3d56f168-0f6b-4894-8263-397ea3262fd9
丽水市,0000001500000031000000070000000X,4.33,2018/3/5,331100,0592664f-179e-4b04-aa7f-bde239f2d1a3
浙江省,0000001400000031000000070000000X,5.09,2017/5/15,330000,4fd56d43-3590-4c97-a068-c2b8e7e6550b
舟山市,0000002200000038000000070000000X,3.83,2017/10/5,330900,a40608f2-cb79-4b52-ad41-9bbe127546ca
湖州市,0000001E00000031000000070000000X,6.5,2018/9/15,330500,6f11cba6-36b1-4283-ba94-439ad1acb6b1
金华市,0000002U0000007X000000070000000X,4,2017/10/5,330700,8be23217-8ac1-44d4-b6bb-71145a1bd98d
湖州市,0000001200000031000000070000000X,4.83,2018/4/15,330500,99a42c0f-5a89-4210-9c90-599d8bef01b4
衢州市,0000000G0000003F0000000700000010,9.3,2017/10/17,330800,d20262c7-b344-46a2-94ff-364a2bb89bc7
浙江省,0000000J0000003Q000000070000000X,43.47,2019/1/15,330000,080d5c0e-754a-48ca-86ff-337092ff9238
湖州市,0000001200000031000000070000000X,5.67,2018/1/25,330500,58d70416-b155-4426-8d61-3a2cc7c2ae55
绍兴市,0000000C0000002Q000000030000000X,59,2017/6/15,330600,f4611ddb-70c5-421a-9ee4-cde9175b65f9
浙江省,0000000P0000003E0000000700000010,3.33,2017/6/27,330000,a35121da-5e6e-4403-8a84-abb9a06c70df
舟山市,0000000C0000002Q000000030000000X,50.3,2017/10/25,330900,df4819e1-e810-4933-ba8e-ccf26ad249da
金华市,0000000J0000003S000000070000000X,36.33,2018/2/25,330700,63322f4a-0826-4918-b9ee-0451983708ad
浙江省,0000000P0000003E0000000700000010,4.07,2018/6/5,330000,14b6076b-3e0c-4f04-81a9-8a26086d14b3
宁波市,0000001200000031000000070000000X,4.57,2017/4/5,330200,0985f711-8fb5-4493-9d40-4e151b9b50fa
衢州市,0000000M0000003V000000070000000X,10,2017/2/25,330800,5abe5bfb-7f31-49d1-9c82-dbcd61b15c20
温州市,0000000X0000007T000000070000000X,36.67,2017/11/5,330300,68884ce5-5d99-4b7a-9813-2eb856dd2bce
丽水市,0000000P0000003E0000000700000010,4.5,2018/7/24,331100,fc930152-4d66-4e5c-a333-1b2420f33b8f
丽水市,0000000X0000007T000000070000000X,44.33,2017/11/5,331100,d28ec55c-7200-4490-8d2d-ae3e7c13c1d9
台州市,0000000P0000003E0000000700000010,2.8,2017/3/7,331000,d99fcd21-0407-4050-8607-99cb75c0814c
宁波市,0000001500000031000000070000000X,4.53,2018/1/15,330200,1b514c92-869c-42d0-9d5c-a8b2c5216946
浙江省,0000001700000031000000070000000X,2.68,2017/10/15,330000,4ef829b9-ab3a-4c94-b15c-f26d364a736c
浙江省,0000000P0000002W000000070000000X,5.63,2019/1/5,330000,535821c5-7a32-494c-8c37-d86340c12d94
舟山市,0000000J0000003S000000070000000X,34.33,2018/9/15,330900,56a23944-6e78-430c-8648-88c85c122012
衢州市,0000000P0000003E0000000700000010,3.9,2018/5/22,330800,96235cb1-fa7d-430f-9eb5-6ab16a60b9d0
湖州市,0000000G0000003F0000000700000010,10.3,2017/4/18,330500,d1ca9b00-db87-464e-96a0-c4abc37c0804
浙江省,0000001200000031000000070000000X,6.24,2019/2/25,330000,6976b9b0-6539-4227-af81-d52bcfa807fe
衢州市,0000000K0000003U000000070000000X,31.67,2017/7/5,330800,a11ba2af-77ce-430d-92b8-30e4f4092a8e
湖州市,0000003100000081000000130000000X,77,2017/5/5,330500,3828bab6-8cfc-4552-a933-a25505102d97
湖州市,0000000M0000003V000000070000000X,17,2018/6/25,330500,9771886f-fa76-4b13-9c72-aceaa329f7a5
杭州市,0000000D0000002R000000030000000X,46.33,2018/3/15,330100,cbc07630-fb6a-43f4-96f1-5abbb8c5ebde
温州市,0000001A00000031000000070000000X,4.17,2017/9/15,330300,562c886f-8667-46ac-9988-6d0807e75466
丽水市,0000000J0000003S000000070000000X,36.33,2018/2/5,331100,081dcefa-ff20-4381-ad18-fe2e891f3d95
宁波市,0000000H0000003P000000070000000X,27.5,2017/4/15,330200,d21c5205-924f-4ea7-a32e-7301e5f5a6be
湖州市,0000001500000031000000070000000X,4.33,2017/5/15,330500,f15e626d-1a58-475e-ae2f-21f9f6e06faa
台州市,0000001K00000031000000070000000X,2.83,2018/10/25,331000,0b019ea1-47a6-4604-b038-e5ba494005cf
绍兴市,0000000P0000002W000000070000000X,5.83,2019/2/15,330600,d66ba249-0fe2-431b-b389-40f34dfba9a9
舟山市,0000000P0000002W000000070000000X,5.17,2018/5/25,330900,5246cbaa-7446-4950-a6b1-1fc840391e34
宁波市,0000000X0000007T000000070000000X,39.67,2017/3/5,330200,ed1b3fb2-f4bc-4ef8-abd6-933ddf8769a7
宁波市,0000001200000031000000070000000X,3.17,2017/6/15,330200,940f87d2-f3bd-4c3b-b88e-44cd3ac433a4
衢州市,0000000X0000007T000000070000000X,26.67,2017/2/15,330800,8496b4e5-aa90-49c3-94e8-9209b042f131
杭州市,0000000P0000003E0000000700000010,3.8,2017/2/7,330100,e20f9b80-ed5b-4c2c-9784-b0e7944c4285
湖州市,0000002P0000007W000000070000000X,3.89,2018/2/15,330500,74e53afb-720e-4b00-9936-442ba38a9d20
杭州市,0000000H0000002T000000070000000X,17.33,2016/12/25,330100,29ce31c2-4ee6-435b-a87d-d18557c43967
金华市,0000000C0000002Q000000030000000X,68.17,2018/1/15,330700,d5de89cb-4455-4f0e-aa76-610cabb17f23
杭州市,0000000X0000007T000000070000000X,48.5,2017/2/15,330100,99ebf8ce-ba5b-4e06-9ebf-3d8c4bf82321
杭州市,0000002P0000007W000000070000000X,3,2019/3/5,330100,2db7cc49-8a0f-42e9-b5d2-fbf032c510f8
宁波市,0000000S0000002Z000000070000000X,9.83,2018/10/15,330200,15f6be33-1035-4225-8db9-04bfb550de7f
温州市,0000001400000031000000070000000X,8.17,2018/2/25,330300,ecc41ef4-56c0-4f78-a9f1-af5ba948eb3a
舟山市,0000000J0000003Q000000070000000X,40.33,2017/3/5,330900,ee70258e-5028-4061-bf03-5424515cbeaf
丽水市,0000001E00000031000000070000000X,3.67,2019/2/5,331100,89a5b2cb-84f6-42e1-ab0b-ee1ac25cab01
衢州市,0000001Z00000036000000070000000X,4.86,2018/4/25,330800,0318d14a-78e4-4541-a886-a7c17911053f
台州市,0000002200000038000000070000000X,3.17,2019/3/5,331000,73554467-d398-4e6a-80ed-a1d66ba0ac1c
衢州市,0000000G0000003F0000000700000010,9.1,2017/6/20,330800,e1a593ab-478c-4083-b6f7-d1ec9b4654ba
浙江省,0000001E00000031000000070000000X,3.63,2017/5/5,330000,4031dd7c-78a7-435c-89f6-52539f05e598
舟山市,0000000M0000003V000000070000000X,13.67,2018/12/5,330900,3a2cddb1-6652-40a9-bb2d-d35722ab67cd
嘉兴市,0000000J0000003S000000070000000X,32.67,2018/8/25,330400,effe1cbd-ad41-4bec-9427-c6da12261697
湖州市,0000002U0000007X000000070000000X,3.6,2017/3/15,330500,7373f1e7-055d-4d3d-a375-01e72a8c4f1d
杭州市,0000000H0000003N000000070000000X,14.33,2019/2/15,330100,db74d4b0-7b7c-4a44-8cab-c792d13f206e
绍兴市,0000000P0000003E0000000700000010,3.2,2017/6/6,330600,1c44618d-9d8b-4e7a-96aa-4ab7f18d66a6
浙江省,0000002U0000007X000000070000000X,4.26,2017/4/25,330000,b521b345-4dab-4ec8-83a0-bdd74772b1a5
金华市,0000000P0000002W000000070000000X,4.77,2018/5/15,330700,16f03d84-5b57-4635-be3c-04fc80a2ecfe
金华市,0000002200000038000000070000000X,2.5,2017/2/5,330700,1964f99e-bd7f-49fd-afd2-7c67c1a8845b
宁波市,0000000G0000003F0000000700000010,7.5,2018/3/27,330200,2df871e2-7bdc-4fcd-b3a3-c167f93928d6
衢州市,0000001E00000031000000070000000X,5.33,2018/6/15,330800,3db08521-70d9-4775-bd7c-1c068b0a42f9
温州市,0000000K0000003U000000070000000X,48,2018/10/15,330300,f7081f06-95e2-4c29-b664-e976891a309b
金华市,0000000J0000003Q000000070000000X,41.67,2017/2/15,330700,df81296f-51ac-43f0-9331-58fa59736e14
金华市,0000000P0000003E0000000700000010,3.5,2019/2/12,330700,9419677b-a2cc-4604-b93f-d7866a3a6948
丽水市,0000000C0000002Q000000030000000X,70.23,2018/12/5,331100,be4bef4c-b94c-4826-8355-1c51b4a3408f
湖州市,0000000M0000003V000000070000000X,17.33,2017/9/25,330500,54f478f2-c17f-4ca3-aa1b-27a31c71f88c
绍兴市,0000000D0000002R000000030000000X,49.33,2018/12/5,330600,63c40e66-e1bd-453a-a70f-686c3c668ae3
衢州市,0000003100000081000000130000000X,77.67,2017/2/5,330800,ebd943aa-8677-445c-9484-2e980ed9e7dd
杭州市,0000000S0000002Z000000070000000X,8.6,2018/8/15,330100,d831abad-27e0-4266-a557-fe82174dde76
温州市,0000000P0000002W000000070000000X,4.1,2017/5/25,330300,16cd2a5b-c02a-4b1c-a12c-35234070c8d3
丽水市,0000001E00000031000000070000000X,4.83,2018/7/25,331100,8bd107cf-31f9-4fe1-923d-30650db2b510
温州市,0000000D0000002R000000030000000X,46.67,2018/1/25,330300,174cf141-6d13-4bea-a994-27090b96c2e1
台州市,0000002U0000007X000000070000000X,4.33,2017/4/5,331000,921f221f-0c0c-4eee-9ac0-98c6ad1420e7
舟山市,0000000G0000003F0000000700000010,11,2017/3/21,330900,c6cdf251-af5d-4928-a137-3d8db9101673
台州市,0000000H0000003P000000070000000X,24.33,2017/11/25,331000,9952ccd3-0c72-4fef-8235-1a64374794b3
金华市,0000000J0000003Q000000070000000X,41,2017/12/25,330700,dd6b527c-4e35-4123-a802-c845955f08c0
温州市,0000001500000031000000070000000X,5,2018/8/5,330300,930e6338-42df-40d4-a90e-bb09a2e50a9c
嘉兴市,0000001200000031000000070000000X,4.33,2017/8/25,330400,61b3dad5-1844-4ba1-82a2-1168f6692e19
湖州市,0000000G0000003F0000000700000010,8,2019/1/22,330500,dba6ff66-3fe1-4f0a-8246-31b469a2ff3a
台州市,0000000H0000003N000000070000000X,10.83,2018/6/25,331000,b48d299f-2dc9-4f16-8025-8b0a93853a56
绍兴市,0000001700000031000000070000000X,2.33,2018/8/25,330600,571962a8-38bc-4491-b3b9-1cf61a9c2e7c
温州市,0000001E00000031000000070000000X,5,2018/4/25,330300,76433077-7867-4c69-af31-5be6738b9065
金华市,0000000Z00000031000000070000000X,3.83,2018/5/5,330700,43ad3b6c-c975-4414-90f0-e0b9ee581c83
浙江省,0000001E00000031000000070000000X,4.63,2018/5/25,330000,21616bf3-59d3-402f-ad38-0e893a855ed1
嘉兴市,0000002P0000007W000000070000000X,3.2,2018/1/25,330400,de28d129-897b-4faa-a008-fe1da5208ef3
杭州市,0000000M0000003V000000070000000X,11.67,2018/3/5,330100,51a4840f-7073-4e08-ab02-fede9984c89d
舟山市,0000002U0000007X000000070000000X,3.83,2017/9/25,330900,326f5ff7-6ffe-4911-bc33-367d707a599a
舟山市,0000001A00000031000000070000000X,4.67,2018/8/5,330900,f4710ee5-55e9-40e1-894f-444f71fefccb
嘉兴市,0000001Z00000036000000070000000X,5.67,2017/11/15,330400,ac5f25f4-4ea0-45de-ab9e-21dc3f00f95a
温州市,0000001400000031000000070000000X,6.67,2017/2/5,330300,7331e62a-ab53-4e86-a8cc-67f6c9d0a549
衢州市,0000000D0000002R000000030000000X,41,2017/2/25,330800,1b176c2c-feaa-44c4-a28f-fb91cdf84297
舟山市,0000000S0000002Z000000070000000X,11.67,2018/12/25,330900,7a65e6ab-102e-4227-833e-af1becfc532a
绍兴市,0000002200000038000000070000000X,2.67,2017/2/25,330600,c72bd9e7-f286-489b-9f4c-632b6da95cd4
台州市,0000002U0000007X000000070000000X,4.5,2019/1/15,331000,634dcf1c-3991-4a7b-8be5-2edb8182cae9
温州市,0000001700000031000000070000000X,3,2018/9/25,330300,6725c70f-5b2c-456c-b1b1-00648507bb23
浙江省,0000002P0000007W000000070000000X,3.12,2018/1/5,330000,1f65ab73-6c8e-4d89-bdef-fed0263d2bd2
湖州市,0000000J0000003S000000070000000X,34,2017/2/15,330500,e2200a10-73a7-492b-a25d-f5ef5a2b8333
浙江省,0000000X0000007T000000070000000X,43.67,2018/3/5,330000,08971258-2ef5-4eeb-aa2d-99a0b0ed1785
杭州市,0000000C0000002Q000000030000000X,62.67,2018/3/15,330100,93732f1b-e3c8-4dec-a2f3-afd5f8444606
湖州市,0000002U0000007X000000070000000X,3.87,2018/6/5,330500,3d4f6e6a-5164-4307-ac44-52466bfc2c4d
浙江省,0000002P0000007W000000070000000X,3.04,2017/5/25,330000,fd056eba-2782-46bf-8d3b-40299147cb64
温州市,0000001400000031000000070000000X,6.5,2018/8/15,330300,75e6ae36-6fd0-45b9-863c-b473e35dc021
湖州市,0000000C0000002Q000000030000000X,57.67,2018/6/15,330500,e9ad30f2-c58f-4dc3-80d3-ff40b8e8fae2
温州市,0000000C0000002Q000000030000000X,60,2017/7/15,330300,0110211e-6cfa-42cd-ba68-f7afbf0ddfea
绍兴市,0000000G0000003F0000000700000010,9.42,2017/8/1,330600,ca51c9cd-f09e-4bcb-af96-4c558138fe09
金华市,0000002U0000007X000000070000000X,4.1,2018/4/15,330700,79b06af0-8c7c-4d67-b5a7-610ad142328b
丽水市,0000000G0000003F0000000700000010,9.5,2017/10/17,331100,fe4f0787-eaa7-41ac-84f3-7556258dc99b
宁波市,0000000J0000003S000000070000000X,34,2019/1/25,330200,11f82b43-5833-4145-bd4d-8310a459fa80
湖州市,0000000H0000003P000000070000000X,18,2018/3/15,330500,fb0144c4-e42a-4229-b7ea-8d1b5fb61d38
嘉兴市,0000001200000031000000070000000X,4.67,2018/8/25,330400,96936bae-5053-46c9-8cef-23d7e3c92381
丽水市,0000000M0000003V000000070000000X,11.33,2018/11/25,331100,519a2b3c-9e0b-456b-89b0-dbe9a5205f96
杭州市,0000000G0000003F0000000700000010,8.91,2017/7/4,330100,d5fc8062-0bec-4895-97f9-63de1500af4f
舟山市,0000000D0000002R000000030000000X,43.63,2017/1/25,330900,2df5ebf8-f0c9-486d-ba41-542deda3cb6f
绍兴市,0000002U0000007X000000070000000X,4.33,2017/2/5,330600,59ad20ae-d58b-48b7-8be9-34a9117cff13
湖州市,0000000H0000003P000000070000000X,20,2017/1/5,330500,500ba5bc-71da-4785-b340-8627dbc8faf1
嘉兴市,0000001500000031000000070000000X,5,2018/3/5,330400,c533f6f0-7b3c-4fae-9539-88d169e97c6e
绍兴市,0000000H0000003P000000070000000X,24.67,2018/11/15,330600,79e29e93-e330-420b-bb60-4e065e4d8547
丽水市,0000001K00000031000000070000000X,3,2017/5/5,331100,206916a2-cafa-4c54-990b-9eef795f6e42
嘉兴市,0000000G0000003F0000000700000010,9.7,2018/7/24,330400,9c055f6c-e259-44be-b53a-8f8c9189ef24
衢州市,0000000C0000002Q000000030000000X,66,2017/4/5,330800,17e6d58b-5b8d-4909-bdbf-7f806da7dcad
温州市,0000001E00000031000000070000000X,5.33,2018/6/15,330300,1d0d8730-954b-409f-a5a2-ac5e75fd9987
衢州市,0000000G0000003F0000000700000010,9,2017/12/5,330800,00f78f98-3f4c-4d2e-ad8e-7974facd62f3
绍兴市,0000000J0000003S000000070000000X,33.67,2017/3/15,330600,827854b9-865c-4203-9444-ddcac81442c1
绍兴市,0000002U0000007X000000070000000X,4.67,2018/1/15,330600,93b44f87-a639-434d-9fac-4f749935b3c0
嘉兴市,0000002200000038000000070000000X,3.17,2018/1/15,330400,9a099aee-ba6f-4e58-9637-eb8c869177df
宁波市,0000000H0000003N000000070000000X,14.5,2017/5/5,330200,40996b84-1e86-4ff5-8610-780ab6d2fd67
台州市,0000002P0000007W000000070000000X,3.28,2017/2/15,331000,a6c45997-028d-4406-bbb1-4ea9a3cc11d8
宁波市,0000000H0000002T000000070000000X,17,2018/10/15,330200,20bb8576-56e0-4974-bac6-9a015d1c1f98
浙江省,0000000J0000003S000000070000000X,34.67,2017/4/25,330000,86d28680-441b-4473-be9f-0f2a860aa77d
舟山市,0000001500000031000000070000000X,4,2018/8/15,330900,020a06f5-3215-4e4f-aef4-57aa5cb4cd71
丽水市,0000000X0000007T000000070000000X,46.67,2019/2/15,331100,d9ebc84d-3cfb-4e72-8ae4-c237fded7e8c
丽水市,0000002200000038000000070000000X,3.33,2018/10/5,331100,696bf2d2-443a-4e08-8990-8bb368b8c998
杭州市,0000000H0000003P000000070000000X,22.17,2017/1/15,330100,c8da3e8b-586c-43ee-9833-6377998b200c
金华市,0000000G0000003F0000000700000010,9.2,2017/5/30,330700,161da7d2-ca4c-43b5-b6fc-650c984cd228
舟山市,0000001E00000031000000070000000X,5.67,2017/7/15,330900,9e9c5f3f-849f-41fa-a909-deb0c1fcb4e0
舟山市,0000000H0000003N000000070000000X,13.83,2018/7/25,330900,6419adde-6548-4877-8d53-aa33a598105a
湖州市,0000000P0000003E0000000700000010,3.8,2018/3/20,330500,2aaa64e6-c8c2-42f8-bdcc-caccd20d1627
温州市,0000001700000031000000070000000X,3,2018/8/15,330300,a6a36c42-7ffc-40b4-95ec-c141fb96e0d7
金华市,0000002P0000007W000000070000000X,3.7,2018/8/5,330700,13a7fc4c-fde3-4331-8bd7-97eadf6fc3c3
舟山市,0000002P0000007W000000070000000X,3.1,2017/2/15,330900,4f7ed218-7205-4eb5-8560-b0acd6452e61
宁波市,0000000P0000002W000000070000000X,6.27,2018/1/15,330200,3de59dc1-31bf-4fd9-8130-ca9b3fc3d7e7
湖州市,0000000J0000003Q000000070000000X,38.33,2017/3/25,330500,7aab9526-ebc8-4e43-916a-d0c198c7a14c
台州市,0000000P0000003E0000000700000010,3.91,2018/3/13,331000,6cb55287-3db5-4ac7-aaf4-a4c5f4c5a74c
杭州市,0000000H0000003N000000070000000X,15.67,2017/9/15,330100,3eaa153f-35c4-4d85-9737-6b30a74c19ed
丽水市,0000000J0000003S000000070000000X,34,2017/12/15,331100,3771c39d-682f-45fd-a079-d823f68f246c
温州市,0000000Z00000031000000070000000X,3.83,2017/7/5,330300,fc6e21c5-06fc-4bda-a675-871bcb298a1b
湖州市,0000001700000031000000070000000X,3.33,2017/3/25,330500,7306b0fc-aee2-45f1-afe6-b16e4259240f
舟山市,0000001400000031000000070000000X,6,2019/1/15,330900,6718927a-7141-4e7c-81c5-d0d6d6e625e2
嘉兴市,0000000C0000002Q000000030000000X,66.33,2017/11/15,330400,33373859-b34e-420b-bea0-af86ee485f44
杭州市,0000002U0000007X000000070000000X,4.5,2018/8/15,330100,f9d15289-e4c3-40ae-879b-7fe814dfd726
金华市,0000000H0000002T000000070000000X,15.33,2017/5/25,330700,3f50257c-a150-4c36-95d5-35b7d0089f38
嘉兴市,0000001E00000031000000070000000X,4.67,2017/6/15,330400,5d16f86b-aaad-4f24-a431-99a5268ab21f
湖州市,0000001A00000031000000070000000X,8,2017/9/5,330500,528bfd83-61e0-4a3d-a366-e4a5da526534
衢州市,0000000P0000002W000000070000000X,4.2,2017/8/5,330800,52d7c613-ada8-4bb9-84f9-4aa00a1cc769
嘉兴市,0000000H0000002T000000070000000X,17.67,2017/5/5,330400,edb70ea9-d0fc-4e00-ac8b-bc9f6426a685
湖州市,0000000P0000002W000000070000000X,5.83,2017/12/25,330500,0934304f-d0e7-4c1c-a798-13646b13ba45
绍兴市,0000000H0000003P000000070000000X,24.67,2018/8/25,330600,0f035823-6f8a-4763-931c-59165252d1de
绍兴市,0000000H0000003N000000070000000X,14.5,2017/3/15,330600,48c5dd5b-444e-4b7a-9fb9-745bc955246d
台州市,0000000H0000002T000000070000000X,15.33,2017/1/25,331000,8da46c7e-aee9-4ed5-8683-3b167d96e054
衢州市,0000000H0000003N000000070000000X,14,2018/3/5,330800,bbb71cee-9ef5-400a-b8ce-7ce601104c62
绍兴市,0000000X0000007T000000070000000X,30,2017/8/25,330600,0d3c6733-fd9f-4ca6-9a9b-18ce2e7d1f57
宁波市,0000000S0000002Z000000070000000X,9.83,2017/10/15,330200,9147d829-32f3-4477-845e-d8d09e1f4374
台州市,0000001500000031000000070000000X,4.67,2019/3/15,331000,fb84d731-29c7-4606-a461-24d3d6afa4ad
湖州市,0000000J0000003Q000000070000000X,39.67,2018/12/25,330500,42ce6bb7-d17b-4595-8f62-f3fa1d95e09a
丽水市,0000000K0000003U000000070000000X,36.33,2018/4/25,331100,7be482c2-864f-4a2b-95ef-9bd06665f88d
宁波市,0000001Z00000036000000070000000X,6.5,2017/10/25,330200,33d522c3-038a-4581-b0c4-432b36841fb8
温州市,0000000H0000003P000000070000000X,25.33,2017/4/5,330300,7ed1ac6b-f5c9-4edb-ab53-d93af845c445
金华市,0000002200000038000000070000000X,3.67,2018/11/5,330700,5972e64b-49ef-4684-b13c-4849c0a7df66
杭州市,0000001400000031000000070000000X,6.33,2016/12/15,330100,c3f97edc-9104-4d42-91a8-6ddb6199eb74
金华市,0000001400000031000000070000000X,5.5,2017/1/5,330700,411f92b2-b4ab-41a7-8142-d29fdd3e1b03
金华市,0000000H0000003N000000070000000X,14.5,2019/1/5,330700,7b441d36-da1e-43d7-95f3-841df977d9bc
金华市,0000001K00000031000000070000000X,1.83,2017/5/25,330700,e076ad02-e806-437c-a6bf-f521e6658de1
舟山市,0000000S0000002Z000000070000000X,11,2017/4/25,330900,bfe35b1b-8989-45d6-8d9f-17bd33f83587
湖州市,0000001700000031000000070000000X,3.17,2017/12/15,330500,df5615f5-c1b7-4894-ab2a-715e6d519011
衢州市,0000000H0000003P000000070000000X,23,2017/4/15,330800,d01c5d01-7fa3-4ec2-8fbf-b139f29844a7
台州市,0000000C0000002Q000000030000000X,63.33,2018/3/15,331000,152210a7-3153-4aca-9404-2670e2e5bc6e
金华市,0000001E00000031000000070000000X,3,2017/1/5,330700,80736852-444a-4dde-b35e-441639da3d7b
杭州市,0000000G0000003F0000000700000010,6.71,2018/5/1,330100,a31ace39-2a62-4fce-bdb0-1fb336b0699d
衢州市,0000000P0000003E0000000700000010,3.5,2018/4/10,330800,d48f6fcf-b123-41d9-8c3c-28abbd209a0d
台州市,0000002P0000007W000000070000000X,3.45,2017/12/5,331000,c1a7022d-3dd7-45e4-b800-4b0a96e01173
温州市,0000000P0000003E0000000700000010,4.75,2018/1/9,330300,88daf0b1-34a8-41a5-a614-4844d7b34a17
宁波市,0000001E00000031000000070000000X,5.67,2018/6/25,330200,7965bd08-c61f-4a67-88f1-57809945a201
金华市,0000000H0000002T000000070000000X,12.67,2018/4/5,330700,31f4264f-c4e9-4bee-8103-a9e3199fd7c5
衢州市,0000001A00000031000000070000000X,5.33,2018/5/5,330800,0b14cf41-313c-47d3-b036-9a7788c69556
宁波市,0000001500000031000000070000000X,5.17,2016/12/25,330200,5fafa846-746e-42c1-859d-28bcfe88a34f
绍兴市,0000001A00000031000000070000000X,3.83,2018/8/5,330600,f482d217-8f5a-4bbd-a2d7-40b3fedb66da
衢州市,0000000G0000003F0000000700000010,9.5,2017/10/3,330800,86c34fbb-81df-442e-ae08-04ceb95106f3
宁波市,0000000P0000002W000000070000000X,4.47,2017/7/15,330200,72608b0a-261e-444e-b2bd-3b799e15ae28
浙江省,0000000H0000003N000000070000000X,14.22,2018/1/5,330000,d3b04b09-ead7-435b-89c6-c3b5027cadc4
温州市,0000000H0000003N000000070000000X,18.33,2018/12/25,330300,119dbf9e-dd15-4527-9dbe-682038c56a8c
丽水市,0000000K0000003U000000070000000X,36.67,2018/6/5,331100,b9681429-3f80-4e64-a195-ec222294e980
温州市,0000001Z00000036000000070000000X,6.5,2017/11/25,330300,c527f678-63d7-4073-a9ad-f1d13f7af354
宁波市,0000002P0000007W000000070000000X,3.1,2017/3/5,330200,9dc7690c-91f9-4335-9b10-25f2bb5773b4
浙江省,0000001500000031000000070000000X,3.8,2018/6/15,330000,38104d8f-f51a-4aa2-9111-66dd66dbfb1c
衢州市,0000000M0000003V000000070000000X,11.33,2018/12/15,330800,0557b425-82ab-44a2-8a18-821e592f7bb4
温州市,0000000P0000003E0000000700000010,4.8,2018/2/13,330300,7ad014a1-d474-46a3-aaf7-116d5d6a339f
宁波市,0000001500000031000000070000000X,5.87,2018/11/25,330200,f9c3bf90-dd75-40bf-b8be-175c3654a20e
绍兴市,0000000H0000002T000000070000000X,15.33,2017/3/25,330600,a5225313-62db-4b95-899b-480eb7a68974
温州市,0000000Z00000031000000070000000X,5.17,2018/10/15,330300,29e2022f-2605-43bf-a965-1a52d33aa4ec
宁波市,0000001400000031000000070000000X,6.07,2017/4/15,330200,c2ecf631-2af5-4a7f-95b7-fcc0a20268bf
绍兴市,0000000J0000003Q000000070000000X,39.67,2018/2/5,330600,8361140d-82c2-488e-be36-5381b278ae19
金华市,0000002U0000007X000000070000000X,4.07,2018/10/15,330700,c665230a-5466-43d6-92ea-02d9075c1a97
浙江省,0000000S0000002Z000000070000000X,9.55,2018/2/25,330000,9f704764-0a6f-4ae9-a92f-05634a915a98
舟山市,0000001700000031000000070000000X,2.83,2018/6/15,330900,9722f23b-3f9b-46c2-9f6c-6a6a57405b0e
丽水市,0000000H0000003P000000070000000X,20.67,2017/1/5,331100,149fca37-0a26-482c-bf90-693f256c2070
嘉兴市,0000000P0000003E0000000700000010,5.43,2017/12/19,330400,faa7bf65-aecf-417c-8b21-85eb877fd198
温州市,0000000H0000002T000000070000000X,17.33,2017/1/15,330300,cb1010d8-ce09-4095-a6d6-2f284570d0ee
舟山市,0000001E00000031000000070000000X,5.17,2017/6/25,330900,f708b8e9-3846-4560-8a1b-1f3c907df0ac
湖州市,0000001A00000031000000070000000X,6.33,2018/7/5,330500,2a1264d3-c81d-43d9-88ad-4023e9233cac
温州市,0000001A00000031000000070000000X,3.83,2017/6/25,330300,7cc616b3-42a9-42da-b4ef-9984ff0e2c21
舟山市,0000002P0000007W000000070000000X,3.1,2017/4/15,330900,2e4b4835-8b6a-4614-ab73-d3b9621b1bb5
丽水市,0000001400000031000000070000000X,5.33,2018/1/15,331100,0c10f57b-9a4f-4ad0-9ce2-a109783fb9cc
衢州市,0000002200000038000000070000000X,2.5,2018/10/25,330800,3519e000-4cf6-4782-900b-649838b934a1
金华市,0000001A00000031000000070000000X,5.33,2017/1/5,330700,781adbe4-deb9-4b8a-b837-6e39e7891fec
杭州市,0000000P0000002W000000070000000X,5.27,2018/6/15,330100,7494e9dd-195b-4138-b68d-000b60d95eed
衢州市,0000000G0000003F0000000700000010,11.5,2018/11/13,330800,706535d9-4d3d-4b41-9345-018cf9aa59ea
衢州市,0000000J0000003Q000000070000000X,38,2017/8/25,330800,772ccf9a-89ad-4c54-b3f6-3cf5ebec3edb
杭州市,0000000C0000002Q000000030000000X,62.67,2017/10/15,330100,0fdb44cc-05e9-4e96-917e-279f48872c15
台州市,0000001400000031000000070000000X,6,2017/3/25,331000,4609b5db-1a35-4894-bd16-58d281beb22d
温州市,0000000H0000003P000000070000000X,24,2018/4/5,330300,92f0c432-5ae8-4b6f-8bc4-5de7641689cf
丽水市,0000000P0000002W000000070000000X,4.93,2018/6/15,331100,b2b53863-de66-40f4-adff-5ebb74eab043
杭州市,0000001E00000031000000070000000X,5.4,2018/2/25,330100,443dc53f-2289-4ba9-876f-edd714657d79
舟山市,0000000H0000002T000000070000000X,15.33,2017/10/5,330900,672b4b6c-ea1d-4b2a-b01d-9bde48da40e3
温州市,0000000Z00000031000000070000000X,3.67,2017/6/25,330300,e7eeee2f-9c93-4552-b925-e0b4a34a42e5
湖州市,0000001500000031000000070000000X,5.5,2017/1/15,330500,18629ba8-4d16-45a3-8c81-c0bd87be7543
衢州市,0000001500000031000000070000000X,4.33,2017/6/15,330800,91df63f6-24a2-4e13-8ed0-0f199eb0a9fe
宁波市,0000001400000031000000070000000X,6.63,2017/1/5,330200,0a27c9d1-6ed1-40f1-8082-5dfc702096e1
衢州市,0000001Z00000036000000070000000X,5.33,2018/7/25,330800,56fc9d70-04b0-4ecf-9b61-3e708f9cc1a7
湖州市,0000001700000031000000070000000X,3.17,2018/12/15,330500,abf63ec8-016e-4f9b-b645-9dcd8f4b9a85
丽水市,0000001500000031000000070000000X,4.17,2017/11/15,331100,fd8af11c-d494-4d3f-81dc-5e2fd025d654
杭州市,0000000P0000002W000000070000000X,5.27,2018/7/15,330100,6a228233-301d-4801-8215-faa8e170abed
台州市,0000002U0000007X000000070000000X,4.5,2018/2/5,331000,d1e99761-88c4-4920-9431-dd232761bb5a
嘉兴市,0000000G0000003F0000000700000010,11,2017/2/28,330400,cd44fdda-71cf-4ebc-a82b-a74576f40b89
舟山市,0000001400000031000000070000000X,7.17,2017/3/25,330900,26b5056b-bf16-4158-9e53-f7f56e8d210d
绍兴市,0000000K0000003U000000070000000X,37.67,2017/8/25,330600,53e9c0be-8d26-4122-ae8c-49a7ddd6be44
绍兴市,0000000X0000007T000000070000000X,49.33,2017/5/5,330600,0c55e847-9dc6-4d7e-b72b-cca9da4a5f45
宁波市,0000001K00000031000000070000000X,3,2018/1/5,330200,52bddddc-cd45-45e6-9922-5333a8f62811
金华市,0000001400000031000000070000000X,4.67,2017/7/25,330700,cac79720-c289-4f26-87c1-5cd9180e0053
嘉兴市,0000000J0000003Q000000070000000X,40.67,2017/11/5,330400,a016c40b-e67c-4a9f-867b-bc2d7af39d0e
丽水市,0000000M0000003V000000070000000X,10.33,2017/1/25,331100,1ea1d81e-19d0-4fb1-b81c-5a850d2ebee3
舟山市,0000000J0000003Q000000070000000X,39.67,2017/4/15,330900,2fd66914-da98-4bec-8f2d-068dd7c6ddc7
嘉兴市,0000000H0000003P000000070000000X,23.67,2017/10/15,330400,2b0458dc-0a42-4a87-aac9-bf945f27e23d
杭州市,0000001Z00000036000000070000000X,6.5,2018/1/15,330100,08d63331-17ad-42b6-a56c-55c50c076a84
浙江省,0000001500000031000000070000000X,5.3,2018/12/15,330000,ad8c7ae0-a357-48ee-86fb-36a9693d6777
浙江省,0000001500000031000000070000000X,4.23,2018/1/5,330000,0699e2fe-6234-42a9-9642-e84aef2f918e
宁波市,0000001400000031000000070000000X,4.53,2017/6/5,330200,b00e06f0-4049-4614-9809-13b5c8835f13
舟山市,0000002U0000007X000000070000000X,4.33,2018/8/5,330900,9c7d19c3-4934-4bac-934e-79b0af49defb
绍兴市,0000000X0000007T000000070000000X,30,2017/8/5,330600,d63128e3-0eb4-4b9a-99bb-fb8348da2741
金华市,0000000D0000002R000000030000000X,40.17,2018/9/25,330700,95a173b4-1123-4cff-b938-def93b16658c
宁波市,0000000D0000002R000000030000000X,41.5,2018/9/5,330200,3ba1ba85-641d-47f0-b2d1-4516f012c215
金华市,0000002P0000007W000000070000000X,3.9,2017/12/15,330700,8d4e445f-91a2-4ab0-b47a-899a403a7236
丽水市,0000002U0000007X000000070000000X,4.66,2017/1/5,331100,24bd5da9-adf3-41d2-883e-feaeaf4bdaa6
舟山市,0000002200000038000000070000000X,4.17,2017/1/15,330900,f45a3aa7-a702-4dd5-b6ed-6ab669575d5c
杭州市,0000000X0000007T000000070000000X,39,2017/10/5,330100,87732a80-0c09-4a31-94f8-0d9f30e6b08f
台州市,0000000C0000002Q000000030000000X,63.33,2017/8/5,331000,0461f816-6a14-4b27-963b-d80bb7408d44
温州市,0000002U0000007X000000070000000X,4.67,2018/7/25,330300,a767d9c5-826f-431a-a6e5-09a259f001dd
台州市,0000000J0000003Q000000070000000X,38.33,2017/10/25,331000,4dfa4ec4-4dba-470d-b8ea-542f19121e00
嘉兴市,0000000P0000003E0000000700000010,5.1,2019/1/8,330400,fd26e4b0-f304-4b18-8cfb-f2a1c0f638f0
嘉兴市,0000000J0000003S000000070000000X,34.33,2019/3/5,330400,b4ce718b-cccb-4207-ae50-5be03fd63e36
金华市,0000000S0000002Z000000070000000X,7.67,2018/12/5,330700,7da4b3d7-4129-498d-b560-b9dbd7ea7095
绍兴市,0000000P0000002W000000070000000X,4.27,2017/6/5,330600,c26c69d9-df85-47b3-9067-47b9dc820783
衢州市,0000000C0000002Q000000030000000X,68.33,2018/4/5,330800,6651b3fc-cd93-4e94-8bc4-59b993918c2c
丽水市,0000000Z00000031000000070000000X,2.17,2017/4/25,331100,1f2a7fb4-a8d9-4ed1-87dd-6907156d4639
舟山市,0000000Z00000031000000070000000X,5,2019/3/5,330900,c1789fee-792e-4fb6-a1ed-cdf2a005c955
嘉兴市,0000000H0000002T000000070000000X,17,2017/12/25,330400,7168f78b-fc0c-4f9f-8711-4ae123377b95
金华市,0000000M0000003V000000070000000X,12.67,2018/3/15,330700,43ddd387-775d-4ea6-b669-bd023cdc914a
嘉兴市,0000001E00000031000000070000000X,4.67,2018/7/15,330400,6b794f44-7669-4793-8cf7-70c4e2750085
绍兴市,0000000M0000003V000000070000000X,9.67,2017/4/15,330600,13735e03-2401-44a7-964c-95d99bbbf2de
宁波市,0000000C0000002Q000000030000000X,73,2019/2/15,330200,3ec59b20-7167-4f2f-b0e9-0f06f2deefe7
舟山市,0000000Z00000031000000070000000X,3.17,2017/3/5,330900,c9cbbc94-6d0b-450d-8288-c0ea2eff6984
湖州市,0000000J0000003Q000000070000000X,39.67,2018/5/15,330500,848d2d7b-b2e3-4df8-80d1-d32707de8065
衢州市,0000000J0000003Q000000070000000X,38.67,2017/11/5,330800,22424235-144a-446e-86c0-0bc2706a9e56
湖州市,0000000P0000002W000000070000000X,4.33,2017/6/15,330500,6a044b35-c9cf-4d5e-ad7b-886fcb8c66d2
嘉兴市,0000000D0000002R000000030000000X,35.33,2018/12/25,330400,1742448b-f9fd-43da-9578-fb64f0db04ec
湖州市,0000001700000031000000070000000X,3.17,2018/9/25,330500,3f9bd0c2-cd2f-4143-a916-2a3196fd60f8
金华市,0000001700000031000000070000000X,2.67,2018/12/25,330700,6f166d3e-6207-4b0f-83ec-201e3a97c393
台州市,0000001400000031000000070000000X,5.67,2017/3/15,331000,6eeff8c3-986c-4a52-a982-404a11e386a3
绍兴市,0000000P0000003E0000000700000010,3.5,2018/4/24,330600,f6e78409-adfd-4634-a7f2-1bfaa9422bf6
浙江省,0000000H0000003N000000070000000X,14.05,2017/10/5,330000,30f8ec93-2bd8-4dde-9f9c-d211fa71d871
湖州市,0000000S0000002Z000000070000000X,9.67,2018/9/15,330500,e4276a88-24cc-4d45-b86b-ef75dc9cb3e7
宁波市,0000000H0000003P000000070000000X,25.33,2018/7/25,330200,3000c2c4-6392-4015-a375-f3daf4e5fb68
金华市,0000000P0000003E0000000700000010,2.6,2017/6/13,330700,e9b02547-ad9c-47b5-90d5-b927a940ce9c
绍兴市,0000001400000031000000070000000X,6.33,2018/3/25,330600,952398c1-c1f3-4b77-b0e9-bc8a0c6b0722
衢州市,0000000P0000003E0000000700000010,2.6,2017/4/18,330800,79acc689-15f6-4f9e-a2c8-d8ef393218e7
嘉兴市,0000001Z00000036000000070000000X,6.5,2019/2/5,330400,dc833e9c-74f0-4764-9d78-64c3324921a9
金华市,0000001500000031000000070000000X,4,2017/9/15,330700,7132196c-02f2-406b-819c-c54d10977024
温州市,0000000C0000002Q000000030000000X,60,2018/5/15,330300,d601e3b5-feed-4d14-8285-4acd085ed2c6
嘉兴市,0000000P0000002W000000070000000X,5.5,2018/3/5,330400,e04f9df3-e7ac-414f-aba8-6bbb91af3797
湖州市,0000002U0000007X000000070000000X,3.77,2019/2/25,330500,e0e730f5-3d36-4c55-85bc-06e51282f7eb
台州市,0000001200000031000000070000000X,4,2017/3/5,331000,7d5d1598-b328-4d95-9767-f63f8fdfefab
温州市,0000002200000038000000070000000X,3.83,2018/12/5,330300,e55ff27b-dc29-494a-b7a8-19c34b635d76
湖州市,0000000C0000002Q000000030000000X,57.67,2017/7/15,330500,b648836d-9b28-4b6d-b08a-ad0ccf04e02c
湖州市,0000000G0000003F0000000700000010,9.4,2017/11/21,330500,c1f81b5e-8b9b-4e9c-a8bc-925648b45713
衢州市,0000003100000081000000130000000X,93.27,2017/12/15,330800,113b6ac8-3017-4073-80e5-d111cc7e9a65
杭州市,0000001500000031000000070000000X,4.57,2017/6/15,330100,3e970405-c05c-42b7-9dd9-c35405ab71bf
浙江省,0000000M0000003V000000070000000X,12.23,2017/4/15,330000,b9f4040f-d844-4e6a-b515-50e9fa52b159
舟山市,0000000H0000003P000000070000000X,25,2018/11/15,330900,3c397228-4056-4155-a122-4e1ab241c5f6
杭州市,0000001Z00000036000000070000000X,6.5,2017/12/25,330100,dbf36d27-91f5-481f-909c-9c9827ca9352
温州市,0000000J0000003Q000000070000000X,48,2017/2/25,330300,f8c5cca5-6345-41a2-b8ee-8abe4fe047dc
绍兴市,0000000X0000007T000000070000000X,30.67,2017/6/25,330600,e7c61bad-0dcd-45ef-83b7-1b37d87f3dfb
嘉兴市,0000000J0000003Q000000070000000X,40,2018/9/25,330400,ba9bfe30-c540-4b70-ac88-320398862d68
温州市,0000000H0000003P000000070000000X,25.67,2017/1/15,330300,17f607c5-cded-4ba5-8fcb-0de88f3c9efa
湖州市,0000000G0000003F0000000700000010,8.6,2018/7/24,330500,63670569-e5c4-48cf-afc9-fecaa2b521b1
丽水市,0000000H0000003P000000070000000X,19,2017/6/5,331100,267b5a2e-7572-49a0-869c-468edf1bd19b
绍兴市,0000000M0000003V000000070000000X,10,2018/2/15,330600,08384bc1-f31e-49df-8c53-91363bb7292e
衢州市,0000000J0000003Q000000070000000X,38,2018/6/5,330800,f2a3a32e-17ea-47ff-b08a-a1197d1019ea
绍兴市,0000000K0000003U000000070000000X,37.33,2018/9/5,330600,0e49eff9-5d52-4ac9-b9f5-78edfcddfaa2
台州市,0000000D0000002R000000030000000X,37.67,2019/2/15,331000,d47447c7-c140-4149-bc79-bc6a16dc4ffd
浙江省,0000000H0000003N000000070000000X,14.77,2017/4/25,330000,a5df6f3a-a122-4f84-8fbb-b6795eab78ef
湖州市,0000000M0000003V000000070000000X,16.83,2018/3/15,330500,91d868b1-1713-4b66-8518-6c61536ee2f9
丽水市,0000001200000031000000070000000X,4,2018/9/15,331100,f26cff19-e053-431e-b2d4-a90f0a0ca782
宁波市,0000001400000031000000070000000X,6,2018/7/15,330200,84e1c135-ebb8-4449-87e3-2e0031fbbfc0
宁波市,0000001A00000031000000070000000X,3.9,2017/6/15,330200,83fb59e3-77cc-4d6d-a7f3-44fe1f74573d
台州市,0000000Z00000031000000070000000X,3.67,2018/8/5,331000,686f2e48-d136-4ef4-9cbf-304210810d68
台州市,0000001200000031000000070000000X,4.33,2018/4/15,331000,e6247277-b417-49c7-bb87-243a939e04c3
丽水市,0000000K0000003U000000070000000X,37.67,2018/8/25,331100,1e40d98a-68cf-43c7-b60f-468d45074ada
绍兴市,0000000G0000003F0000000700000010,12.31,2017/1/31,330600,ef43ed58-9871-4d37-a809-498964ecf1c2
舟山市,0000000C0000002Q000000030000000X,51.6,2017/2/25,330900,c4503152-a941-48a0-b06c-478fe06b8846
丽水市,0000000H0000003P000000070000000X,19,2017/7/5,331100,7633b858-2877-4f3d-bd8a-3810a12e7132
杭州市,0000000Z00000031000000070000000X,5.33,2016/12/15,330100,1e002499-3067-48b8-988d-54883b66636c
杭州市,0000002U0000007X000000070000000X,4.27,2017/5/5,330100,8376dfe0-a15d-4f0b-8ea3-456dc5ebcaba
台州市,0000001700000031000000070000000X,2.17,2017/12/25,331000,254c27c9-5217-495a-ae36-6142520355f7
湖州市,0000000H0000003N000000070000000X,12.67,2018/4/25,330500,11c1b351-524b-4f7e-9713-c533daa8cdcd
温州市,0000001A00000031000000070000000X,5.67,2018/12/25,330300,b508264a-af54-44cf-9cb4-d8854b5e0900
嘉兴市,0000001700000031000000070000000X,3.27,2018/8/15,330400,c564a58f-7a55-4930-ab06-ad73f5916ed8
台州市,0000000X0000007T000000070000000X,27.33,2017/2/5,331000,3b138662-7408-452d-a92a-ce54c84ca682
湖州市,0000002U0000007X000000070000000X,3.87,2018/4/25,330500,b96759a0-f6f3-49d8-9d0f-0bf7ba4283f1
舟山市,0000001700000031000000070000000X,3,2017/3/25,330900,27dba8cf-56cc-4376-a4e8-040d2df78bd9
湖州市,0000001K00000031000000070000000X,4,2018/11/5,330500,cb958acc-bb48-4896-8aa7-9d416f843588
绍兴市,0000001K00000031000000070000000X,3,2017/12/15,330600,e03c3ad0-17e3-468b-9c9f-31a4c3dc64b2
嘉兴市,0000001E00000031000000070000000X,5.17,2017/8/25,330400,ba92527f-9398-4162-ba6a-8a9b6541de21
丽水市,0000001700000031000000070000000X,2.5,2018/1/5,331100,b95f0fa6-ad01-4a84-8c24-8df68f2636a9
温州市,0000000J0000003S000000070000000X,42.67,2018/4/5,330300,80fd47d6-18ea-4e63-b001-b4a3d01a4193
温州市,0000000H0000002T000000070000000X,16.67,2017/10/15,330300,a83a5b75-fdc2-49db-968e-cea2bb45a8a3
丽水市,0000002U0000007X000000070000000X,3.66,2018/7/25,331100,f0a4d90b-e86f-41b7-98b7-961a873aecd3
浙江省,0000000K0000003U000000070000000X,36.25,2018/1/25,330000,5a39e1f7-a96d-44a4-b0db-1e0feef6571d
温州市,0000000D0000002R000000030000000X,51.33,2018/12/5,330300,d7e3b7a6-fd2c-48ff-9664-001253233a86
丽水市,0000003100000081000000130000000X,84,2017/12/5,331100,9f47192c-8c75-4819-9cde-504b686379fe
丽水市,0000000M0000003V000000070000000X,10,2017/4/15,331100,6bc1c8e4-374e-48e9-856b-261c95110965
宁波市,0000000G0000003F0000000700000010,9.42,2017/7/4,330200,f5153ae9-108f-40fa-bdec-3ee7bd0a0cf3
湖州市,0000000H0000003N000000070000000X,14,2017/10/15,330500,7fbeb379-3956-4855-9207-18ffea18d7ba
浙江省,0000000H0000002T000000070000000X,15.71,2017/11/15,330000,f9d32a8c-b94b-44e8-a485-2e2034076be9
衢州市,0000001200000031000000070000000X,3.17,2017/7/5,330800,2f05687a-439d-488c-944a-02cfbc510729
浙江省,0000000P0000002W000000070000000X,5.16,2018/7/15,330000,a85a31f6-58e1-4577-bf6a-8cd255c9823e
绍兴市,0000002200000038000000070000000X,2.4,2017/1/5,330600,321cb2eb-2696-45cd-847c-ed2e4d42ad37
杭州市,0000001Z00000036000000070000000X,6.67,2017/6/25,330100,1f8bcccc-e85f-46bc-9988-e419e7d5161e
杭州市,0000001200000031000000070000000X,4.33,2017/3/25,330100,93d01b04-8a6b-463a-8435-9915ad2e7a14
台州市,0000001700000031000000070000000X,2.33,2018/3/5,331000,60cbd5fe-f1a9-4ef7-9512-3ac19c544b89
绍兴市,0000000H0000003P000000070000000X,24.67,2018/11/25,330600,d3072493-772e-4d7d-8559-04f917acf36f
温州市,0000000P0000003E0000000700000010,4.75,2018/1/30,330300,3c02e758-ed73-41fc-96a6-fc9da8ad395d
嘉兴市,0000000Z00000031000000070000000X,6.33,2019/2/5,330400,410c75a0-eb9a-401a-999d-6fff1073178d
台州市,0000000G0000003F0000000700000010,11,2017/1/3,331000,0d2fc8db-4a5d-44f9-8fbc-9e384046ba6c
湖州市,0000000D0000002R000000030000000X,39.33,2017/4/5,330500,039c4505-bbba-4f96-aa4e-028c3a46aaf0
杭州市,0000002P0000007W000000070000000X,2.87,2017/6/5,330100,59e58b61-709e-440e-9db6-066a483ef9a4
衢州市,0000001A00000031000000070000000X,6.67,2018/11/25,330800,65dd6b52-4cd7-4b58-8e40-cc45566ae696
杭州市,0000001Z00000036000000070000000X,6.4,2018/6/25,330100,30cb6ac2-3749-4903-8be2-58849815c03b
温州市,0000000H0000003N000000070000000X,20,2018/11/5,330300,4ff085c5-dacf-4dab-885f-4df1c909e4e3
宁波市,0000000C0000002Q000000030000000X,74.17,2018/2/15,330200,5390ce2c-42d3-44c1-b40b-f10d2e13ac2e
杭州市,0000002P0000007W000000070000000X,3,2018/7/25,330100,2de01c15-f14a-4a07-b273-86aad066439d
嘉兴市,0000001A00000031000000070000000X,5.33,2018/7/5,330400,74c7d614-a87f-47f5-9517-ee73cffcf0ef
湖州市,0000000K0000003U000000070000000X,0,2019/3/5,330500,d45a2234-de73-4154-89ee-54fc93d1013a
丽水市,0000000J0000003S000000070000000X,34.33,2017/12/5,331100,257f3d5a-55b8-43e2-8e02-340d48dd54ec
宁波市,0000000H0000002T000000070000000X,15.17,2019/2/15,330200,11792b9b-b102-4b7c-8bbe-9301b5a18427
衢州市,0000000P0000003E0000000700000010,3.6,2017/2/14,330800,1b6d9b2f-f8ab-41d2-a410-07726650f6fb
湖州市,0000000X0000007T000000070000000X,35,2017/6/5,330500,c172f41b-b50c-4eb0-a7d8-b00845c6297d
舟山市,0000000C0000002Q000000030000000X,51.6,2017/7/5,330900,40ca7c73-408f-4c3e-8901-ab3c68fbd44b
金华市,0000000P0000002W000000070000000X,5.6,2017/9/25,330700,2c079c1b-e59d-44f4-9f02-69b0a3d34db2
台州市,0000000X0000007T000000070000000X,20,2019/2/25,331000,63962ada-1734-404f-a3e6-e4824172013d
湖州市,0000000S0000002Z000000070000000X,8,2017/2/25,330500,fae8a570-e988-4f6c-899b-b3fad7579ce6
杭州市,0000000K0000003U000000070000000X,36,2018/12/25,330100,79423e14-f1fc-47a7-ac75-e109ee84b4e9
台州市,0000000Z00000031000000070000000X,2.33,2017/4/5,331000,716d6dea-6121-4ec0-acde-e4a2f3cc7728
绍兴市,0000000G0000003F0000000700000010,13.2,2019/1/15,330600,2dd15587-6cae-400a-8913-120fb6c26d97
杭州市,0000000Z00000031000000070000000X,3.77,2017/6/15,330100,3fe4e40a-e2cd-4d08-a281-d9171729ad32
舟山市,0000001400000031000000070000000X,6.17,2018/8/15,330900,45dd3b8e-682d-4c09-ad03-1b15a272f852
宁波市,0000000J0000003S000000070000000X,30.5,2017/5/5,330200,023910bd-19a0-4867-bc3d-c31bb21fe8d1
金华市,0000000S0000002Z000000070000000X,7.83,2018/2/25,330700,b4c0c77d-4b38-476d-9a24-3dce5d2e39e5
绍兴市,0000003100000081000000130000000X,66,2018/3/25,330600,76a76b3a-7b79-404f-b2c1-12ecbc4f4d81
丽水市,0000002U0000007X000000070000000X,3.66,2018/3/15,331100,6739cd2a-9fae-4d96-8e9a-86d25f0413ed
宁波市,0000002P0000007W000000070000000X,2.93,2018/9/15,330200,12cbb968-f43e-44a3-9089-2d7e739354fb
嘉兴市,0000002200000038000000070000000X,3.17,2018/11/25,330400,0a478fc3-2909-423b-b9c9-cb2f1c1b062c
杭州市,0000000P0000002W000000070000000X,5.67,2018/11/25,330100,6a79a7c8-389f-400a-8484-af566813fbe5
金华市,0000001700000031000000070000000X,2.33,2018/1/15,330700,917b2bcb-d02d-490c-ac10-aba34e84b48a
宁波市,0000002P0000007W000000070000000X,3.27,2017/8/5,330200,5e01f9c2-4ac3-402f-9822-ee69489e7d2a
台州市,0000001500000031000000070000000X,3,2018/6/25,331000,6a0f4a54-0365-4cff-94a2-9b44bda2ea3c
温州市,0000001Z00000036000000070000000X,8.5,2017/3/25,330300,484c79b7-26ed-45d1-83da-431aaa40502a
舟山市,0000000M0000003V000000070000000X,13.67,2018/8/5,330900,32714f28-9b3e-4497-aa0a-48b06c660d4d
绍兴市,0000001E00000031000000070000000X,5.33,2018/2/25,330600,b821acce-5d87-42c2-8173-b466976312a5
杭州市,0000001K00000031000000070000000X,4.33,2018/1/25,330100,424a3d09-c439-463d-b987-4261331016fe
金华市,0000002200000038000000070000000X,3.5,2019/2/5,330700,172a6a26-5588-4397-be57-bbb80c4861ef
湖州市,0000001K00000031000000070000000X,2.83,2017/5/25,330500,ce33ecc5-6987-4f39-b220-4b24a6385ade
台州市,0000001400000031000000070000000X,5.33,2017/9/15,331000,88334102-e770-4edb-a88d-699e78eb4222
嘉兴市,0000001E00000031000000070000000X,4.83,2017/7/25,330400,b3bb3583-b391-4978-8a1b-6d072e82f689
浙江省,0000001400000031000000070000000X,5.09,2017/10/15,330000,f2acabe4-413d-41a8-9680-33b52d0193c4
浙江省,0000001Z00000036000000070000000X,6.41,2019/1/5,330000,49c6dff8-2d01-4839-84b0-d98b791478e3
舟山市,0000001K00000031000000070000000X,3.17,2018/4/15,330900,29758988-6e18-4be9-bdf1-bff86eef5820
嘉兴市,0000000P0000003E0000000700000010,4.23,2017/1/24,330400,0a99b29c-1132-41d6-ab41-074fc4ac6682
衢州市,0000002U0000007X000000070000000X,4.33,2017/4/25,330800,f3711459-3255-4898-a518-277bde7de273
绍兴市,0000000P0000003E0000000700000010,4.9,2017/10/10,330600,378be075-d9d8-4c89-bf66-4c6760614856
绍兴市,0000000M0000003V000000070000000X,9.5,2018/7/25,330600,0838682b-e1ad-4fb4-a22f-6a888a587d5d
丽水市,0000001200000031000000070000000X,2.83,2018/7/15,331100,98898c16-3d96-4a64-8b0b-3f790787d053
金华市,0000001700000031000000070000000X,3,2017/4/15,330700,cd3e3ace-e7c8-42be-80ee-85920068c848
衢州市,0000000P0000003E0000000700000010,2.5,2017/6/13,330800,94844ff9-a10a-4c0e-a5ea-4428e9274be5
湖州市,0000000Z00000031000000070000000X,4.83,2018/11/15,330500,5f16bffd-6011-41f4-8bc8-f25e9bf5b74e
温州市,0000001200000031000000070000000X,4.33,2018/10/25,330300,b67e1ae8-86da-4a6b-9cb2-312cc38ad35c
温州市,0000000X0000007T000000070000000X,50,2017/3/15,330300,671f6514-6bcc-448c-aaf1-eb7d4eb71622
杭州市,0000001K00000031000000070000000X,4.03,2017/9/25,330100,ed281c6d-c6fa-4115-9ec2-ba944df75a07
温州市,0000000K0000003U000000070000000X,48,2017/12/25,330300,6bd8d7c8-33c4-4c45-84cb-f69714aed8b4
嘉兴市,0000001Z00000036000000070000000X,6,2019/3/5,330400,dfdfd528-a89d-4b9a-8559-c2f70994e85c
温州市,0000000X0000007T000000070000000X,50,2017/1/25,330300,93bcbfd6-cbd2-43a1-bc42-4be6def729bd
绍兴市,0000000G0000003F0000000700000010,9.1,2018/7/24,330600,936bd286-6e0a-4bcf-8d31-81836e999b67
衢州市,0000002P0000007W000000070000000X,3.06,2018/1/15,330800,d4dd589a-d11a-430e-bdf8-0127b5b889a6
宁波市,0000002U0000007X000000070000000X,4.6,2018/8/15,330200,78bdf3ba-158e-42ad-a065-8a41d5d79db1
丽水市,0000001K00000031000000070000000X,4.33,2018/2/25,331100,f2b7095e-8d4f-4d47-8586-02f23ce6336d
宁波市,0000001Z00000036000000070000000X,7.27,2018/10/15,330200,d4406496-4d06-4293-8108-b1d28ffbf41b
温州市,0000000H0000002T000000070000000X,17,2017/6/15,330300,c19007dc-a228-4d5e-a599-45bf7e444de5
金华市,0000000H0000002T000000070000000X,14,2018/9/5,330700,8a2fac6e-9c77-4fc1-8863-b2432e66c874
丽水市,0000001200000031000000070000000X,6.83,2019/2/15,331100,1e50d9cb-c82f-4fe6-8fd6-7d8435c47ea6
温州市,0000000H0000002T000000070000000X,16.67,2017/5/15,330300,22e935a4-0973-46aa-9654-89a6dbe8b58e
舟山市,0000000J0000003S000000070000000X,34.33,2018/5/25,330900,b224976a-f332-43b4-b5a3-dc2255aded01
台州市,0000001E00000031000000070000000X,3,2019/1/15,331000,10d6ec32-4637-4cdd-905e-38232d0b711e
温州市,0000000P0000002W000000070000000X,5.57,2018/1/5,330300,859d407c-1b70-4c43-a4c4-7f56439629c5
湖州市,0000000K0000003U000000070000000X,0,2017/3/5,330500,a2dffc9b-12e7-4bac-a9ef-9af26c6997d7
杭州市,0000000H0000003P000000070000000X,22.17,2017/1/5,330100,047c96ea-855f-4a3c-ab33-450dfb403bb9
湖州市,0000003100000081000000130000000X,72.6,2018/6/15,330500,aae74520-effa-459b-ba5f-c15719d1d6d8
杭州市,0000000P0000002W000000070000000X,5.53,2017/9/25,330100,c3955d30-372d-4956-9517-bb46097de794
温州市,0000001400000031000000070000000X,7.17,2016/12/15,330300,61ef3fc2-8dfb-40b4-a302-0911457076f2
杭州市,0000000M0000003V000000070000000X,10.33,2017/3/5,330100,856c9e70-ce41-4439-a73b-26d701247faf
杭州市,0000001K00000031000000070000000X,3.03,2017/5/5,330100,6ba6b383-0f49-4278-b58a-3fad32b2cfb3
绍兴市,0000000J0000003S000000070000000X,33,2017/10/25,330600,f8d8fdc7-e48f-425c-a3bb-2015f44204d4
绍兴市,0000001A00000031000000070000000X,5.17,2018/3/15,330600,8dd4cb27-37a7-4aab-a078-30eeef088696
绍兴市,0000002200000038000000070000000X,3.83,2019/1/5,330600,b0b191df-7b66-4ec9-b567-e7e84c1e7823
宁波市,0000001700000031000000070000000X,3.33,2018/8/5,330200,7350f133-4bdc-4ac2-a710-d9ac151225fe
宁波市,0000002U0000007X000000070000000X,4.63,2017/3/15,330200,25ec6fc2-9515-46a7-a181-774949819b33
温州市,0000002200000038000000070000000X,3.17,2018/1/25,330300,bbaff53e-3fdf-4cf3-b130-ef3d38dfb60c
衢州市,0000000J0000003S000000070000000X,35.67,2018/6/25,330800,62b83135-68ed-45cd-bddf-9aa2c48eec4a
湖州市,0000001K00000031000000070000000X,4,2016/12/15,330500,3a56c1c3-d2f3-405e-b8ad-b7f40a6df72a
金华市,0000000H0000003P000000070000000X,20.33,2017/5/15,330700,a264d6fb-1a21-40a3-a8db-195bda700b50
浙江省,0000000J0000003S000000070000000X,34.8,2017/12/25,330000,7416b1d6-da4b-4eb2-ba06-4fcf3f451d83
宁波市,0000000Z00000031000000070000000X,4.67,2017/1/15,330200,4f74b0ff-2203-4531-b4c8-79b3dd3a0166
舟山市,0000002P0000007W000000070000000X,3.1,2017/2/25,330900,51aa8625-46d7-460b-870c-df0947a587ad
杭州市,0000000G0000003F0000000700000010,12.2,2018/10/16,330100,b59994d2-6dae-4a11-854b-a1c8212598e4
舟山市,0000002U0000007X000000070000000X,3.83,2018/6/5,330900,1842e5c6-3f4b-4f9b-9c00-220dfbc2c6dc
丽水市,0000002U0000007X000000070000000X,4.66,2017/5/15,331100,49134a9f-f43d-4716-ad36-0bbdc3f98e93
杭州市,0000000C0000002Q000000030000000X,63.33,2018/9/25,330100,7e2b665f-29be-45cf-9522-9c92240c23bc
绍兴市,0000002200000038000000070000000X,2.83,2018/7/5,330600,a7abd4c0-5a4a-4817-b910-0d1716cb1dcb
丽水市,0000003100000081000000130000000X,84,2018/1/5,331100,eb39f849-2b02-4508-b309-c22a72477765
台州市,0000000C0000002Q000000030000000X,63.33,2017/3/5,331000,487abd64-224b-4375-aa82-2f5fb10283f8
台州市,0000002U0000007X000000070000000X,4.5,2018/9/25,331000,48e9f697-e2f6-4527-ad29-a1c3fa889b7a
丽水市,0000000C0000002Q000000030000000X,70.23,2019/3/5,331100,6130b928-fc1e-451e-9228-16ecf076ca2a
杭州市,0000001200000031000000070000000X,4.67,2018/10/5,330100,234b80a7-0071-41f1-8e6c-931bc47ead29
丽水市,0000002200000038000000070000000X,3.83,2019/1/5,331100,900315a5-9a39-4f2b-804f-7d37a683b356
丽水市,0000000Z00000031000000070000000X,2.17,2017/3/15,331100,f9ee003c-f77e-4884-92bd-c3c066daa7d2
湖州市,0000000H0000002T000000070000000X,16,2018/9/5,330500,8d48f597-3aa7-4625-8807-083a8387c5a6
嘉兴市,0000001K00000031000000070000000X,2.67,2017/5/25,330400,cdb6dc75-02a8-420b-bec8-514b7e0b5a9c
湖州市,0000001500000031000000070000000X,4.83,2017/10/5,330500,e77e625a-ca66-4351-b555-3cd360dc719b
舟山市,0000000D0000002R000000030000000X,44.97,2018/4/25,330900,54fa141b-7b2b-4471-83db-5f2d6b280dbf
舟山市,0000000P0000003E0000000700000010,4.6,2019/2/19,330900,a7db210c-bd2c-4f95-b1b5-15727dd75e31
台州市,0000001700000031000000070000000X,2.17,2018/7/25,331000,08bb3b2e-8449-476c-9ea9-41c7435a704f
绍兴市,0000001Z00000036000000070000000X,4.5,2017/8/25,330600,4e4368ea-db94-4962-acb4-665a55897ae0
台州市,0000001400000031000000070000000X,6,2017/3/25,331000,42d8ae04-6d3c-448c-b70a-5409574a71c2
台州市,0000000Z00000031000000070000000X,2.67,2017/3/5,331000,cdfa687e-1e2e-4d7a-b6de-6b48872fbcb1
嘉兴市,0000000P0000003E0000000700000010,5,2017/11/14,330400,c42cb703-9935-4476-a5ef-5a51bbf18956
杭州市,0000000M0000003V000000070000000X,10.93,2017/10/5,330100,f14544ca-efc6-42cb-953b-11783803a382
杭州市,0000000K0000003U000000070000000X,35,2017/12/25,330100,23689cde-edc4-477a-a4e6-0e9cff3014e3
台州市,0000002P0000007W000000070000000X,2.89,2016/12/25,331000,d3f8d9db-318c-4442-b471-57f2c44e242d
金华市,0000000S0000002Z000000070000000X,7.33,2018/1/25,330700,ca1f7576-2e8a-455c-9ee9-8fd07e05c748
温州市,0000000P0000003E0000000700000010,3.45,2017/7/4,330300,80491d6c-f9a7-475d-8d50-93b8150f526f
温州市,0000002P0000007W000000070000000X,2.5,2018/8/25,330300,b8d9daa3-8693-48f1-b60f-98b3fd70d3bb
衢州市,0000002U0000007X000000070000000X,5,2018/9/15,330800,1dc08c2e-6fab-4c64-a6a0-7d9f9b76d7d4
衢州市,0000003100000081000000130000000X,77.67,2017/5/25,330800,3e6cc8bb-3100-4604-a11f-5b9aeb0bca00
宁波市,0000001Z00000036000000070000000X,7.53,2019/1/5,330200,ce35560e-3278-4f3a-b253-bab7097efd80
湖州市,0000001700000031000000070000000X,3.17,2018/3/25,330500,da0fe36d-59cd-4e9b-8312-bd7161c5dc37
嘉兴市,0000000P0000003E0000000700000010,3.17,2017/5/2,330400,edbe298b-a146-4e2c-9eb2-b54bac8a7e04
宁波市,0000003100000081000000130000000X,177.33,2017/7/15,330200,34c0f70f-7cac-4988-8231-3be284f641b1
绍兴市,0000000D0000002R000000030000000X,49.33,2018/4/5,330600,bf18f6f0-030d-48df-bd43-952732c594ad
金华市,0000000H0000003N000000070000000X,12.83,2018/1/15,330700,a6256387-9f7e-4137-928d-9dd056965102
金华市,0000000C0000002Q000000030000000X,68.17,2017/12/15,330700,6aa2e930-715c-4069-aefc-d4e2dd3be549
浙江省,0000000P0000002W000000070000000X,5.98,2018/9/15,330000,39dacfe3-c12d-4ba1-ac48-d298398ec4c3
嘉兴市,0000001400000031000000070000000X,4.17,2018/12/15,330400,5323e322-ef1c-4d15-a153-5b6e5f93bf06
金华市,0000001E00000031000000070000000X,3.5,2019/1/15,330700,1ff4dcdd-7d5f-48a7-9d5c-dcb8eaf36fbf
湖州市,0000000X0000007T000000070000000X,35,2018/4/15,330500,87fb47e2-891b-48c2-9f8e-8265b0f23c6a
温州市,0000001500000031000000070000000X,4.67,2017/11/5,330300,7924e9d4-69d1-45be-9d69-ffc1db6bda3d
衢州市,0000000J0000003Q000000070000000X,39.33,2018/2/5,330800,e8476236-45a6-46ef-948b-9926dba9a281
浙江省,0000001Z00000036000000070000000X,6.17,2017/7/15,330000,1a691229-7b9f-46c9-bef3-dd432ee6bf55
绍兴市,0000003100000081000000130000000X,66,2017/1/5,330600,c002320d-797f-4eaa-b3e3-bc284b499512
衢州市,0000000X0000007T000000070000000X,26.67,2017/7/5,330800,a997b4a7-a385-4cd8-8fa1-c32e246a2548
浙江省,0000000P0000002W000000070000000X,6,2018/9/5,330000,b4299469-fc00-4829-8a03-73e80390d67c
浙江省,0000000G0000003F0000000700000010,12.2,2017/1/31,330000,25cf3436-2b4a-4289-8172-502db08b5a17
金华市,0000001400000031000000070000000X,5.33,2018/9/5,330700,472de8bf-121e-4e51-a525-d8aaed7874c1
绍兴市,0000003100000081000000130000000X,66,2017/4/25,330600,eb608c3c-c1b3-4ba2-8ff3-6f17941ab25e
丽水市,0000000D0000002R000000030000000X,54.6,2017/6/5,331100,51cc42a9-9cea-40be-8ae9-ae938d62a0e4
舟山市,0000000S0000002Z000000070000000X,11.67,2018/10/5,330900,c59503bb-6d43-48b7-a707-f752b0d515fc
绍兴市,0000001200000031000000070000000X,5.67,2018/2/25,330600,b95dfa27-da1b-4e97-ae36-fe0dfb207e52
衢州市,0000000G0000003F0000000700000010,12.48,2019/1/8,330800,593784e6-1a01-4c49-8987-3a36be2f42da
宁波市,0000002U0000007X000000070000000X,4.87,2017/9/15,330200,f4253227-ce2e-46db-84ae-af806bbf7b5a
舟山市,0000000J0000003Q000000070000000X,39.67,2017/6/25,330900,4cdf8595-1122-4f04-bc92-84191caa9cee
宁波市,0000001700000031000000070000000X,3.57,2018/3/5,330200,30f389cb-34b1-45ca-9931-2736830a8fb1
浙江省,0000000H0000002T000000070000000X,15.21,2018/3/25,330000,96ba4406-31de-4f68-ac62-949967e3258e
嘉兴市,0000002P0000007W000000070000000X,3.2,2018/9/5,330400,29e84ff4-9463-400e-b03a-74de5f1dbb62
舟山市,0000000H0000002T000000070000000X,15.33,2017/12/5,330900,295b9241-8c2a-43a9-a5e6-0c1f05f70cf3
台州市,0000000D0000002R000000030000000X,39,2018/2/25,331000,9cbe7d38-29c8-42c5-8e50-870cbe370316
绍兴市,0000000C0000002Q000000030000000X,57.67,2018/6/15,330600,69837293-df4a-4c83-8d7b-a9adf46cd930
丽水市,0000000H0000002T000000070000000X,14.17,2017/4/15,331100,89fa6400-2fe6-48ae-8830-7c198f562325
嘉兴市,0000001A00000031000000070000000X,5,2018/1/5,330400,666cf8e3-c3df-45f7-9d4c-50e780690621
湖州市,0000001A00000031000000070000000X,6.67,2018/10/15,330500,77a7cd2c-3ffc-419a-8174-5fa13a124052
嘉兴市,0000000H0000003P000000070000000X,22,2017/4/25,330400,a103d4e7-01c5-4061-9d8b-86774b8943c9
绍兴市,0000000H0000002T000000070000000X,15.33,2017/3/25,330600,f8ad913e-258f-4ef9-b6b8-add5c94c83ad
台州市,0000001Z00000036000000070000000X,6.33,2017/11/25,331000,555d1e1c-3aef-45a6-8ebc-c7716c76b31b
台州市,0000000P0000003E0000000700000010,4.8,2017/10/3,331000,c75e0020-4bb3-4c2c-b9ee-cf175ea81621
舟山市,0000001400000031000000070000000X,5.17,2017/5/5,330900,22af1f0f-19a5-48d2-8838-118a21522add
舟山市,0000001Z00000036000000070000000X,7.17,2017/4/5,330900,28e17005-3ae6-43c6-9900-805f5edc94bf
温州市,0000000M0000003V000000070000000X,14.33,2018/6/5,330300,c0456947-7cec-49d4-bcf4-e831da49214b
温州市,0000000C0000002Q000000030000000X,60,2019/1/15,330300,c6e414ae-cd49-49c4-95c6-5569079d55d4
丽水市,0000000H0000003N000000070000000X,13.67,2017/4/25,331100,04a3acb2-9809-411c-a230-7db936b93ba8
湖州市,0000001K00000031000000070000000X,3.33,2018/12/5,330500,a49dee68-aff0-47b6-9675-5e8df96efa9f
宁波市,0000000J0000003S000000070000000X,30.5,2017/2/15,330200,43320236-cd32-4e3d-8823-3a11f92eb73f
台州市,0000002P0000007W000000070000000X,3.45,2017/12/25,331000,9dac5ba6-e28b-4f8c-b879-3e2854bfe768
宁波市,0000000P0000002W000000070000000X,5.5,2017/12/5,330200,d0df5560-3ed5-4861-95c3-c09928aac12a
浙江省,0000001Z00000036000000070000000X,5.89,2017/4/15,330000,ac911c42-730f-44f9-9c35-dca2e1ac9685
台州市,0000000H0000003P000000070000000X,25.67,2017/4/15,331000,0a89bbad-2021-4332-9c9e-f42d6c73d05e
绍兴市,0000000G0000003F0000000700000010,13,2018/12/4,330600,b0438d1b-4d99-4076-991f-5328e1636048
金华市,0000000J0000003Q000000070000000X,40,2017/7/5,330700,e5388d80-7e7d-43b9-b74d-6fb74563a1f9
浙江省,0000001700000031000000070000000X,2.66,2017/9/5,330000,b563a3c5-06e2-4ede-b6d4-cac15cb4bc89
湖州市,0000000P0000002W000000070000000X,5.83,2018/2/15,330500,05671905-b4dc-4d46-b1d3-885e661abb2c
绍兴市,0000000J0000003S000000070000000X,33.67,2017/6/15,330600,f23b97b9-df52-48be-bf4c-6a9c910fbf17
舟山市,0000002200000038000000070000000X,4.33,2017/2/15,330900,480a9b20-82da-4407-8acb-c83a4f30ce4c
湖州市,0000000G0000003F0000000700000010,11.3,2017/2/28,330500,82edbab4-6788-4e83-8123-678e9f2a8962
杭州市,0000000H0000002T000000070000000X,17.33,2017/10/25,330100,0716c042-299b-4def-a4af-210cda166190
浙江省,0000000H0000003P000000070000000X,22.61,2017/10/5,330000,0b7ba68d-7c3e-4f1c-9ff6-0edaef464663
绍兴市,0000000K0000003U000000070000000X,37.67,2017/8/5,330600,6b3ffb94-6c70-40e1-b060-1d669b8532d8
丽水市,0000002P0000007W000000070000000X,2.93,2018/12/15,331100,cf87daf7-bd4e-44e1-b5de-a68674ac993f
湖州市,0000000P0000003E0000000700000010,5,2018/1/30,330500,fb7dec67-c6db-43f8-941d-5976b4f0ad14
湖州市,0000000H0000003P000000070000000X,18.67,2017/12/5,330500,3573df95-888f-4cb2-b3fb-ee03ef7dfbc7
宁波市,0000000D0000002R000000030000000X,41.67,2019/1/5,330200,a406b98c-6d30-4e3a-81cb-1d0954622e9f
浙江省,0000000X0000007T000000070000000X,37.53,2018/1/25,330000,11dbb726-dbe8-451c-be8e-846b168500ec
嘉兴市,0000000P0000002W000000070000000X,4.93,2018/6/5,330400,d17496f7-d428-44d3-9b03-c74f03745a76
台州市,0000000S0000002Z000000070000000X,9.33,2019/1/5,331000,36e0d097-1bbe-464d-8467-2427db3450ba
金华市,0000000P0000002W000000070000000X,4.83,2017/11/25,330700,12aba588-3a19-4caf-b547-3556ef895a02
浙江省,0000000H0000003N000000070000000X,14.17,2017/8/5,330000,0b54a6e4-cd63-4ad6-9008-d105d1e1e618
湖州市,0000000X0000007T000000070000000X,35,2017/7/5,330500,4ac9b0c6-676b-417c-ba01-e93cf66a0eac
台州市,0000000J0000003Q000000070000000X,38.33,2017/5/25,331000,6b77b925-5365-4dea-ba7e-01acc966eecf
绍兴市,0000001500000031000000070000000X,3.67,2018/6/5,330600,5e64b9c0-3bd8-4de7-bbe8-5a137ea37503
温州市,0000000Z00000031000000070000000X,4.33,2019/1/5,330300,1f9f8421-d496-4501-b03b-aeb68e7bdf03
丽水市,0000000P0000002W000000070000000X,5.5,2017/10/25,331100,b6ce2efc-1f0f-4c75-84aa-cac36655ad8d
丽水市,0000001400000031000000070000000X,5.33,2018/4/15,331100,9404e867-7b45-42ae-9db3-574b1f03b3b8
舟山市,0000000S0000002Z000000070000000X,14.33,2017/1/15,330900,16ade522-9489-4ffb-a58e-3cb4a5c63081
温州市,0000000S0000002Z000000070000000X,9.33,2019/1/5,330300,1ce87f7a-c2d5-4085-aab5-2d894babece5
台州市,0000001K00000031000000070000000X,2.5,2019/1/25,331000,b205c1bb-a899-4abb-a9ec-01ad86806d63
湖州市,0000000H0000002T000000070000000X,15.67,2018/12/25,330500,08c28022-3a2f-4ceb-89b3-2e0a6d2b0a8f
湖州市,0000000H0000003N000000070000000X,14.17,2018/3/5,330500,b78e277a-7b2f-4574-8582-4a5e02db135a
舟山市,0000002U0000007X000000070000000X,3.83,2018/1/25,330900,b0694180-e162-4f98-98f8-dd59ecbe5388
宁波市,0000000P0000002W000000070000000X,5.7,2019/3/5,330200,07afeda3-274b-484d-8c67-5b6184113c62
嘉兴市,0000001400000031000000070000000X,5.67,2016/12/15,330400,2f7a8f01-8117-4f6a-96df-dff00812e0e5
衢州市,0000001500000031000000070000000X,4.17,2017/6/25,330800,f29c8082-0e06-462d-b989-43a9c44dcba6
浙江省,0000000J0000003Q000000070000000X,40.11,2017/5/5,330000,c5cd1fa4-5d87-41a1-b22a-7546ccb13889
衢州市,0000000C0000002Q000000030000000X,70.67,2019/1/25,330800,2562f599-4dea-48d4-bf5c-e85cc27fb678
舟山市,0000001E00000031000000070000000X,5.83,2017/9/15,330900,1f3cb91d-dc6d-473b-9d7b-b62272c5de53
杭州市,0000000P0000003E0000000700000010,4.7,2018/7/31,330100,a166e982-de99-4960-91d4-784216046aa7
舟山市,0000000X0000007T000000070000000X,46.67,2019/2/25,330900,db3f8c52-a5ea-4be1-bc25-b254d0a305d8
金华市,0000000P0000003E0000000700000010,2.6,2017/3/7,330700,693e2ecf-d235-4746-afa7-9c0523c0cb74
衢州市,0000000S0000002Z000000070000000X,9.67,2017/6/15,330800,55ecdc09-8496-4cca-94a1-ccc34de14e78
丽水市,0000000H0000002T000000070000000X,14.83,2019/3/15,331100,1ba8d8df-beee-4aa3-9a1f-b1e587242a4a
浙江省,0000000X0000007T000000070000000X,34.63,2017/11/15,330000,f9f29f95-ddbf-4a35-8762-c20bd7412c6f
舟山市,0000001E00000031000000070000000X,4.67,2016/12/25,330900,ca9be4ed-ea81-42ac-82d8-7d3e4e8a0c79
台州市,0000000J0000003Q000000070000000X,39.33,2018/9/25,331000,64f2eec6-94c6-42bf-b435-3ce0de1fb7c7
嘉兴市,0000000P0000002W000000070000000X,3.73,2017/4/25,330400,3aac318b-05c7-4603-943f-6a4ba95460a3
湖州市,0000001K00000031000000070000000X,4.17,2019/3/5,330500,a079a637-be33-4b57-8349-a4df0ce719ec
绍兴市,0000000S0000002Z000000070000000X,7.67,2018/11/25,330600,d9eb26d2-c308-46df-89eb-b5e8a40878ea
湖州市,0000000J0000003S000000070000000X,34,2018/1/15,330500,64b0e783-2512-407c-8d66-6766846ad313
丽水市,0000002U0000007X000000070000000X,4.66,2018/2/25,331100,25492799-010f-4c21-b861-40e00d48b4a6
衢州市,0000001400000031000000070000000X,4.33,2017/6/25,330800,994c3405-a468-441b-ac29-52515edd2b51
丽水市,0000001400000031000000070000000X,5.17,2017/10/25,331100,8f4da9d2-2c14-4c8d-8d8b-db89fe1ef114
杭州市,0000002200000038000000070000000X,2.67,2017/5/15,330100,c1d13f82-10c0-47c4-b222-092a9b9bfa31
绍兴市,0000001Z00000036000000070000000X,4.17,2017/11/25,330600,5a0adff0-4c8d-4567-9c53-1a3e0aa51970
宁波市,0000000H0000003P000000070000000X,25.83,2017/11/15,330200,bec064fd-e77c-446a-ad67-b658a339f2a2
湖州市,0000000K0000003U000000070000000X,0,2017/3/25,330500,425246f3-50c0-4a6f-99e6-8cec9fa157fd
杭州市,0000000G0000003F0000000700000010,6.79,2018/4/10,330100,b8c91306-a73c-46c0-a689-0ad59bb1b218
舟山市,0000000Z00000031000000070000000X,5,2018/11/5,330900,08aff76f-23b8-4c40-a33c-a6e2368c804b
丽水市,0000001E00000031000000070000000X,3.33,2018/1/25,331100,12e9a43d-f556-479d-bb9a-95cfcd9d818d
绍兴市,0000001400000031000000070000000X,5.17,2017/12/5,330600,222b6779-2caa-4c4b-83bb-8bd93047a4e2
衢州市,0000000H0000003N000000070000000X,16.67,2017/2/5,330800,6b315f3c-e037-4b04-8359-af3bc470dd0b
湖州市,0000000S0000002Z000000070000000X,9.67,2018/6/15,330500,40b2d284-85d9-401f-85ed-cddaa13316cb
丽水市,0000000H0000002T000000070000000X,14,2017/6/25,331100,198f980c-41fc-417f-9bed-4e319c7c499e
嘉兴市,0000000H0000002T000000070000000X,16.33,2018/7/25,330400,68bf72ac-c564-4a27-b22e-bf359ae53d0a
绍兴市,0000002200000038000000070000000X,3.1,2018/8/25,330600,a1017e76-6ba6-4568-80bb-acd99f429447
丽水市,0000000H0000002T000000070000000X,13.17,2018/8/25,331100,41c9fd77-73a9-4380-8cd4-5b7bc20c4cc7
衢州市,0000000G0000003F0000000700000010,10.8,2017/4/11,330800,d6947cbc-61bc-4147-84ce-c5844d18f96d
舟山市,0000001K00000031000000070000000X,3.33,2017/6/15,330900,358407c2-984a-4412-a347-750cbdbabaa9
温州市,0000000H0000002T000000070000000X,21.67,2019/2/5,330300,fe367631-4a46-450c-b6a1-c12d702e1565
绍兴市,0000000C0000002Q000000030000000X,57.67,2017/8/5,330600,9b28b94d-cf6e-4484-bbb9-d8a2981f1d56
浙江省,0000000K0000003U000000070000000X,34.81,2017/10/15,330000,9b943c40-ba0b-4ffa-a5e6-67ccc1ec5150
台州市,0000001500000031000000070000000X,5,2019/1/5,331000,269aaeb5-e240-45a6-9044-21b0cae4dc80
浙江省,0000000P0000002W000000070000000X,5.62,2019/1/25,330000,e41eb43f-628e-428c-9445-d88cd96d52a1
绍兴市,0000002P0000007W000000070000000X,2.56,2017/1/5,330600,cea01864-bf68-4272-8324-f682c6da9690
金华市,0000001200000031000000070000000X,4.5,2018/9/15,330700,a8a502ea-0196-4f92-929b-043d0b321a39
绍兴市,0000001700000031000000070000000X,2.5,2018/12/5,330600,af37aae1-f3d9-46bd-9c56-13cc150e9016
衢州市,0000000C0000002Q000000030000000X,69,2018/12/25,330800,e177b4bf-6fab-4d02-be09-df5ee5bae0fa
宁波市,0000000Z00000031000000070000000X,6,2017/8/15,330200,9401b158-f279-4a76-802b-5c087e6bb844
衢州市,0000001Z00000036000000070000000X,4.67,2017/3/25,330800,6786e28a-70ea-4f4d-b966-88a9608e33bc
衢州市,0000000H0000003N000000070000000X,11.67,2018/5/25,330800,923ef786-a02b-406d-ac09-ebd6c2adce3b
宁波市,0000000X0000007T000000070000000X,41,2018/6/15,330200,8f539727-8894-4196-9a5a-10800609b1b5
嘉兴市,0000000X0000007T000000070000000X,32.33,2019/1/25,330400,2788ba79-ceaf-452a-b125-64722ad8b29c
嘉兴市,0000001E00000031000000070000000X,5.33,2017/8/15,330400,3808bf0d-5c60-4bd9-a91a-0c00df33f4d5
衢州市,0000000H0000003P000000070000000X,26,2018/9/25,330800,8e8cc0d3-b404-4ae8-beb0-6a3a7d6cccc7
湖州市,0000000C0000002Q000000030000000X,57.67,2017/5/25,330500,f8fa527d-323f-458a-96fe-adeb9279fc02
丽水市,0000000P0000002W000000070000000X,5.27,2019/2/25,331100,d052f4ac-6b19-437c-b0c2-2455d7be8232
嘉兴市,0000000G0000003F0000000700000010,9.05,2017/6/6,330400,059d03fb-2f03-436d-9b4d-05d57b45c028
杭州市,0000001500000031000000070000000X,5.5,2017/2/15,330100,69388f95-a28c-49ae-a0a8-5040177f2faa
嘉兴市,0000000H0000003P000000070000000X,20,2018/6/15,330400,71540d8c-c5ee-4a9a-b327-771d4246023c
丽水市,0000003100000081000000130000000X,84,2017/1/25,331100,f56e598a-c3e2-42c8-8ced-93d4fb74b1bc
温州市,0000000H0000003N000000070000000X,15.33,2018/8/5,330300,6d2abb05-0be5-4834-9f05-58ed9c5c2508
台州市,0000000P0000003E0000000700000010,5,2018/1/9,331000,a48f373b-7d41-4233-91ef-3756a75774fd
绍兴市,0000000K0000003U000000070000000X,36.67,2017/12/25,330600,5a5328fc-0366-4bc2-9bf6-6ba59133bd5c
金华市,0000000P0000002W000000070000000X,5.1,2017/12/15,330700,31fb3710-be01-4c8c-a531-e39a89762f87
台州市,0000000H0000003N000000070000000X,10.5,2018/5/15,331000,37afc4ed-210d-4562-9017-96ca8904f7e6
舟山市,0000000P0000002W000000070000000X,4.33,2017/7/15,330900,f305f605-4826-4376-b8ae-598cc25c980c
台州市,0000001Z00000036000000070000000X,6.33,2018/10/15,331000,bd6a1118-e256-4f35-9b11-2ed36e0413a1
舟山市,0000000H0000003N000000070000000X,16,2017/2/25,330900,dae0e846-f3e4-49d2-a067-d33cb4e4f9ce
绍兴市,0000000G0000003F0000000700000010,10.05,2017/9/12,330600,8d83a9a8-896a-4b9c-a57c-9629f44e3242
浙江省,0000000H0000003N000000070000000X,14.2,2017/8/25,330000,b2968b0a-4771-46a8-a0d3-9caf5041a721
湖州市,0000001K00000031000000070000000X,3.33,2018/5/15,330500,0df7f6fb-acc6-4af0-9d17-5778627cc28c
杭州市,0000001Z00000036000000070000000X,6.57,2018/3/5,330100,ffa551ba-45d8-4258-8ca1-65b760d8511d
湖州市,0000002U0000007X000000070000000X,3.77,2019/3/5,330500,64bd983e-da4b-4ffe-b714-87a084eafac3
宁波市,0000000Z00000031000000070000000X,3.53,2017/4/15,330200,73523f18-79da-4a3a-bea6-7f83d53901f1
金华市,0000000Z00000031000000070000000X,3.67,2017/12/15,330700,77503508-1195-49ef-8a96-9c00e54808a0
杭州市,0000002200000038000000070000000X,3.53,2018/5/15,330100,b925bc14-04b0-48c4-b228-27dafa708d57
宁波市,0000000D0000002R000000030000000X,46.43,2017/4/25,330200,ab62c9d6-1878-4b18-80c9-270e05dedd68
嘉兴市,0000000M0000003V000000070000000X,10.67,2018/5/25,330400,3059186f-d4bf-45d8-bb2e-581bef8a4231
丽水市,0000000Z00000031000000070000000X,3,2018/1/5,331100,7c737229-74b4-40c5-82c8-f16d23cc78bf
金华市,0000001K00000031000000070000000X,2,2017/1/25,330700,a8e3c912-7860-406b-9400-b737db12bfed
台州市,0000000M0000003V000000070000000X,10.33,2017/3/25,331000,c947da0a-47b5-41c8-9268-74580810c309
杭州市,0000000J0000003S000000070000000X,35.5,2017/4/25,330100,fd523c38-25fa-4321-ac9c-1a8cd3d59ce7
温州市,0000000Z00000031000000070000000X,3.33,2017/5/5,330300,bb030f27-ad3b-49bb-acb0-e871aece2b95
衢州市,0000000D0000002R000000030000000X,38.33,2017/5/15,330800,28b7778d-396b-41da-821a-561f42a49e76
衢州市,0000000H0000003P000000070000000X,21.67,2017/8/25,330800,d3e91101-43a5-40d5-960d-f96fe2f4acf5
宁波市,0000000S0000002Z000000070000000X,8.27,2017/3/5,330200,46163868-5bc8-4eee-8dc9-ae8bd9ae469c
绍兴市,0000000H0000003N000000070000000X,13.5,2017/6/25,330600,3bd2d559-597a-433f-9e54-c07e0bd85a5e
金华市,0000000Z00000031000000070000000X,2.5,2017/5/5,330700,568987b4-3a1c-4983-b8e9-93646ebef8d3
嘉兴市,0000001400000031000000070000000X,4.67,2018/9/5,330400,e5aac159-daad-417f-868b-d1d143440a29
宁波市,0000000D0000002R000000030000000X,44.77,2017/7/5,330200,db698bd9-c69e-44a6-80d9-df984f21e92f
金华市,0000001Z00000036000000070000000X,5.83,2018/3/15,330700,cc1e488e-e078-46c1-a041-eec3f5661599
台州市,0000000H0000002T000000070000000X,11.5,2018/4/15,331000,44e13b9d-5f27-4327-b27a-51ade8bfea1b
丽水市,0000000P0000003E0000000700000010,4.7,2018/7/31,331100,1b74566d-337c-4b41-8888-01f2252a5736
金华市,0000000J0000003S000000070000000X,38,2019/2/15,330700,99c03c83-f8ca-419c-959c-3667443f3174
衢州市,0000000G0000003F0000000700000010,6.9,2018/4/17,330800,e1fde7ce-d6b7-45d4-aecd-415392a60c25
浙江省,0000000H0000002T000000070000000X,16.19,2019/3/15,330000,78d915f7-bca4-4733-85f0-fca06c0ce02c
舟山市,0000001200000031000000070000000X,3.83,2018/5/25,330900,2722ddde-b338-47d3-b687-2f1f9d8211fa
嘉兴市,0000000H0000003P000000070000000X,24.33,2017/8/25,330400,3083d2ee-82ea-4ec3-9071-d6b50001518e
宁波市,0000000D0000002R000000030000000X,46.43,2017/4/15,330200,5f453451-26e3-46b4-aa2c-e68197b624d6
杭州市,0000000C0000002Q000000030000000X,62.33,2018/8/25,330100,643f30b4-22ab-40e5-ac8d-d2ede46501f4
杭州市,0000000J0000003S000000070000000X,35.5,2017/6/15,330100,6557717e-f000-4732-b277-49d03c146b6f
浙江省,0000001500000031000000070000000X,3.95,2017/6/25,330000,2dce6bbb-7254-4d0d-a20c-01e15da72cce
湖州市,0000001700000031000000070000000X,3.17,2018/9/5,330500,4a5b2601-5fe5-4e0c-bd38-a61d02b5e9be
丽水市,0000000P0000003E0000000700000010,3.1,2017/1/24,331100,64610d9d-403c-4279-8c8c-79d22ab5c8f6
宁波市,0000002200000038000000070000000X,3.8,2017/5/15,330200,b4d71dfa-f57d-44dc-aee3-125490650f3e
丽水市,0000000P0000002W000000070000000X,5.93,2018/10/15,331100,5e750cf3-9c03-4bb3-b426-e18c2a94cbce
绍兴市,0000001K00000031000000070000000X,2.67,2018/11/15,330600,3e28052b-5067-4fea-8eee-9cd622ab6f54
嘉兴市,0000001A00000031000000070000000X,7,2018/10/15,330400,8a11925e-aa20-481a-ba64-3f7a4f4aac3b
绍兴市,0000002P0000007W000000070000000X,2.33,2018/3/5,330600,8672fd1a-107c-442f-bb32-d60f2f7f6ae0
丽水市,0000001500000031000000070000000X,3.83,2018/5/25,331100,04fa3215-f0f5-4108-aa23-bdd414305298
湖州市,0000000J0000003S000000070000000X,34,2017/12/25,330500,ab95e5c1-21a0-4136-bcb0-66c948eda072
宁波市,0000000G0000003F0000000700000010,10.21,2017/11/14,330200,9b0a4ff5-cd27-4159-9ca8-065dddb7b46b
绍兴市,0000001200000031000000070000000X,5.67,2019/3/5,330600,101debd9-52bc-4e83-b49d-dac2c0fcda31
嘉兴市,0000000P0000003E0000000700000010,5,2018/12/11,330400,fc1c8a6e-42f7-4de7-a639-0afa229b45e5
嘉兴市,0000000H0000003P000000070000000X,20.83,2018/5/5,330400,c9c2598b-ab27-4376-9917-a55bb32fc15b
金华市,0000002U0000007X000000070000000X,4.17,2017/2/25,330700,b173ccd8-1a97-4e4e-9778-9c3b6cea7e62
嘉兴市,0000000Z00000031000000070000000X,4.67,2019/1/15,330400,fff4725c-e5a1-43c4-bf7e-90daf0a5eddd
丽水市,0000001200000031000000070000000X,3.17,2017/11/15,331100,c1b7f4bd-3d93-423c-9e07-70229f3a69e8
温州市,0000000G0000003F0000000700000010,6.83,2018/4/10,330300,8b3669e2-c116-4241-a1d1-d6cd66596058
衢州市,0000001200000031000000070000000X,5,2018/2/5,330800,61536e80-7c5f-4caa-9d05-fc9c501eea91
嘉兴市,0000002200000038000000070000000X,3.83,2017/4/25,330400,ccc3a999-fc87-49cc-96aa-ec805e694d33
绍兴市,0000000P0000003E0000000700000010,4.5,2018/3/20,330600,40e2e7f0-fcca-40c4-a5fa-22e87cd52625
宁波市,0000000C0000002Q000000030000000X,73,2018/11/15,330200,39ea3c43-ad02-45dc-a346-570e489944e3
金华市,0000001500000031000000070000000X,3.67,2018/1/25,330700,1bc6d120-b3f3-40d2-b231-2759a56f1560
杭州市,0000000J0000003S000000070000000X,37,2018/10/5,330100,a8cb0d09-53ba-4c7d-80bb-d93ce980a6b3
台州市,0000001700000031000000070000000X,2.5,2017/5/5,331000,fdeba565-19c6-4bc7-8f50-596157d08142
舟山市,0000001700000031000000070000000X,3.17,2018/4/5,330900,961e815f-86f2-4acb-a437-6e589382a978
浙江省,0000001200000031000000070000000X,3.79,2016/12/15,330000,87e9b92a-de45-428f-8885-4976141dc992
金华市,0000000D0000002R000000030000000X,40,2017/12/15,330700,2645fbe9-bd91-4bcc-a1f7-8ba5f390d8ac
嘉兴市,0000000H0000003N000000070000000X,15.33,2017/4/15,330400,c72b52fa-64ea-4f4c-abc2-941301cd5ba1
浙江省,0000000K0000003U000000070000000X,38.63,2018/12/15,330000,34af2eff-1757-4723-bae0-1da010d0620c
绍兴市,0000000X0000007T000000070000000X,30,2017/9/5,330600,db1fb09c-90a2-4388-a1e7-decab6a816ce
浙江省,0000000H0000003N000000070000000X,15.16,2018/11/25,330000,86c6bddc-4b82-4bc3-8e2b-acd200f306cd
浙江省,0000002P0000007W000000070000000X,3.12,2018/9/5,330000,147c8d74-d45f-4c80-93d1-9acd6c01cc9e
嘉兴市,0000001700000031000000070000000X,2.83,2017/8/25,330400,e5b3de40-cbfe-4b52-be43-f7cac267fd67
丽水市,0000000P0000003E0000000700000010,5.4,2018/8/28,331100,d9b10abc-43c8-40be-9a40-98836481ba2d
金华市,0000001K00000031000000070000000X,3.67,2018/10/15,330700,272f2a84-17b7-4c4c-ad52-c2e683b90fe6
舟山市,0000000J0000003S000000070000000X,34.33,2018/5/5,330900,04ddbf81-f2fb-42dc-8c5e-3decad2f94d9
衢州市,0000000H0000003N000000070000000X,16.67,2017/1/25,330800,eb3ca7f2-83f8-4186-ba2a-92153d017ab3
宁波市,0000002U0000007X000000070000000X,4.83,2017/8/5,330200,ee62f2b6-ce71-4e07-b83e-04a454d813ec
嘉兴市,0000000J0000003S000000070000000X,33,2018/11/5,330400,45de6781-7f46-426e-9117-7b8657cee1cb
绍兴市,0000001400000031000000070000000X,4.5,2018/7/25,330600,5fbfb3cb-f462-49d2-9dce-b0fe48eb5658
绍兴市,0000001A00000031000000070000000X,4.5,2018/8/25,330600,7796bdca-152d-4c01-b610-75d722f6bc59
湖州市,0000001200000031000000070000000X,6.33,2019/3/5,330500,b7dca7aa-7c08-4e68-b12a-2da8a144a638
嘉兴市,0000000Z00000031000000070000000X,5.83,2018/8/25,330400,64b4a110-3c87-48bd-9bf3-5f81b171306a
丽水市,0000001200000031000000070000000X,2.83,2018/5/15,331100,fd9d19cb-aba3-435c-b031-84c388890fe0
湖州市,0000000D0000002R000000030000000X,36.33,2018/9/15,330500,cb216120-4cc0-421b-853a-7aaf172a9c4e
嘉兴市,0000002U0000007X000000070000000X,3.73,2017/2/25,330400,6a84b5b6-5434-47e6-9e78-062fbcecd49f
台州市,0000000H0000002T000000070000000X,12.67,2018/3/15,331000,d8878963-ee9b-4757-aeb0-45c4b0ee6e6a
金华市,0000000S0000002Z000000070000000X,8.17,2017/5/15,330700,3012aa26-6a33-440c-9916-8db72eb3139a
浙江省,0000000G0000003F0000000700000010,9.97,2017/9/5,330000,44598245-93b6-4458-ab0c-eed1047f83fe
嘉兴市,0000001Z00000036000000070000000X,6,2018/10/25,330400,1fd89c1c-e771-4fd1-a394-00bd173716df
湖州市,0000000H0000003N000000070000000X,14.83,2017/4/5,330500,048ba115-52ca-425e-82e6-f5b7a14de3ad
台州市,0000000P0000002W000000070000000X,3.87,2017/4/15,331000,475beda8-9adb-41b2-a392-d39586525fe6
舟山市,0000001500000031000000070000000X,5,2019/3/15,330900,30f3c7a9-7138-4c99-a425-959fcbd3bca8
绍兴市,0000001E00000031000000070000000X,3.83,2017/11/15,330600,5a31865f-aa10-468d-8657-819df9ba93bd
浙江省,0000000H0000003N000000070000000X,15.06,2017/3/25,330000,5c5fca94-962e-41c4-bc0e-be985fb3a29d
杭州市,0000000P0000002W000000070000000X,5.67,2018/10/15,330100,f4c4a4be-da06-42ed-80da-2cd28d0e80ed
宁波市,0000000K0000003U000000070000000X,34.33,2018/9/25,330200,b3cefbd6-c350-462c-9147-22c5e8af9a68
舟山市,0000001200000031000000070000000X,3.17,2017/5/15,330900,d0f9dc7a-0e7a-431a-a6e5-7342ea6cbe5b
金华市,0000001700000031000000070000000X,2.83,2017/4/5,330700,83aace12-9096-476b-bff4-417e46c502bb
宁波市,0000001Z00000036000000070000000X,6.87,2018/3/25,330200,6239f38f-510c-42e3-ab14-f65ab13448fd
嘉兴市,0000000D0000002R000000030000000X,35.33,2018/12/5,330400,091cd8ac-c2c9-49b5-ada4-fc61aa788522
金华市,0000001A00000031000000070000000X,9,2019/2/5,330700,16769057-9498-47ae-b157-bb5bf6e3febc
丽水市,0000000Z00000031000000070000000X,2.83,2018/3/15,331100,b12c88f7-2e5e-4bd7-9171-26c487760ede
台州市,0000000G0000003F0000000700000010,6.5,2018/5/8,331000,9553d802-fc60-4ffa-baec-f5478966fc34
衢州市,0000001Z00000036000000070000000X,5,2019/2/15,330800,24a4efa9-7cde-42d7-afc8-158781b55c32
嘉兴市,0000002200000038000000070000000X,3.27,2017/12/15,330400,62b82ad8-ad7c-4c28-ab0d-cbd2114e9ff6
杭州市,0000001Z00000036000000070000000X,5.83,2019/1/5,330100,c9976c11-e51b-4b54-8266-977e4b8db7ae
浙江省,0000001200000031000000070000000X,5.05,2017/2/15,330000,b6b49376-3f94-4979-98eb-eabeb75ac2a7
嘉兴市,0000000G0000003F0000000700000010,10.3,2017/4/25,330400,f21648a2-5b59-4b6d-bd35-405ffa666577
嘉兴市,0000000P0000002W000000070000000X,4.93,2019/2/25,330400,7d539bce-a57b-459f-8b08-370b9ade576f
温州市,0000003100000081000000130000000X,63,2017/10/25,330300,72131656-4c79-496e-a969-99431697c1e5
台州市,0000000S0000002Z000000070000000X,9.33,2019/2/5,331000,f031cd8d-adef-4c73-8368-149990bd58d7
嘉兴市,0000001700000031000000070000000X,3.83,2017/3/5,330400,d0a74921-7b56-4b76-ae3c-3b7c5402acb4
丽水市,0000000Z00000031000000070000000X,2.33,2017/3/25,331100,6aa3f750-fbe2-4773-8eb9-a20473a3ff1e
丽水市,0000002P0000007W000000070000000X,2.93,2018/6/25,331100,028baef0-ed83-4ecb-8aca-fbb26d26dbce
温州市,0000000P0000002W000000070000000X,4.83,2017/2/5,330300,bce248ab-6cc4-4044-9e55-191a5cc5c88a
杭州市,0000000K0000003U000000070000000X,36,2019/1/15,330100,7df280cd-67b0-48b0-bdd7-49bd454e4a6e
绍兴市,0000000H0000002T000000070000000X,13,2018/6/15,330600,caee5c9d-b706-4b89-9421-03307c735530
舟山市,0000000H0000003N000000070000000X,15,2017/12/25,330900,dda85424-d503-4fff-ba68-e97bea774f65
舟山市,0000000M0000003V000000070000000X,13.67,2017/11/5,330900,0f14b830-44ec-47a3-9602-78b7fa1b0963
丽水市,0000000G0000003F0000000700000010,6.9,2018/4/24,331100,7137727c-a8f6-4e63-8335-9d6bc6c2144c
金华市,0000000C0000002Q000000030000000X,68.87,2018/6/5,330700,54223ab8-7758-4201-b7dd-5ccbb59901cf
金华市,0000001K00000031000000070000000X,4.17,2018/9/25,330700,1e964419-5009-473a-9410-fefcba817d31
宁波市,0000001E00000031000000070000000X,4.33,2017/5/15,330200,27f0b09f-53f9-46b3-9ce5-e87970b804a1
湖州市,0000000K0000003U000000070000000X,0,2017/2/5,330500,be7664cc-4703-4740-bf0a-873126ca43c6
宁波市,0000001700000031000000070000000X,3.33,2018/10/15,330200,ad456fcb-a424-49fc-8f00-e40eec99fd17
丽水市,0000001E00000031000000070000000X,2,2018/11/25,331100,f33bfcb4-b61d-4d2b-a326-1089513ace26
浙江省,0000000G0000003F0000000700000010,7.49,2018/3/27,330000,93d445a6-3b11-40fb-9ef0-2f02864c0cef
温州市,0000002U0000007X000000070000000X,3.83,2017/3/5,330300,a0c65b0b-a4d4-4ae5-9512-8ea8b234e7d5
金华市,0000001500000031000000070000000X,3.83,2017/4/5,330700,b66e1fd4-30c8-4fe7-81fa-b09ec682e67d
杭州市,0000000M0000003V000000070000000X,10.67,2018/8/15,330100,ef0f6d25-165e-4761-acee-ca7c6464440f
杭州市,0000000H0000002T000000070000000X,17.93,2017/5/5,330100,2e1c3775-cbcb-4716-ad6d-8e34c1c38840
浙江省,0000000J0000003Q000000070000000X,40.33,2017/4/15,330000,d2e9f399-cd87-41da-b858-4a3e96118aba
杭州市,0000001500000031000000070000000X,4.5,2017/9/15,330100,fed2f753-9a63-4e04-a21d-3f5e2f5b71b9
温州市,0000000X0000007T000000070000000X,40.67,2018/10/5,330300,b277bb9c-d6c2-461c-baf4-3ad3848cb052
宁波市,0000000K0000003U000000070000000X,35.5,2018/11/5,330200,cb8469df-c39b-4808-b32f-4fb6f86aa8dc
杭州市,0000000P0000002W000000070000000X,5.77,2018/9/5,330100,9b133e25-2fcc-4e59-ade4-8045738121ea
舟山市,0000001E00000031000000070000000X,4.33,2017/12/25,330900,c596115d-27ed-47eb-a3ef-e8236a664d7d
杭州市,0000002P0000007W000000070000000X,2.87,2017/8/25,330100,11130816-3d94-4af8-b36b-fb252308a956
台州市,0000001K00000031000000070000000X,3,2018/8/5,331000,3d25dc23-eaca-40e3-bddc-c099115ee7bb
绍兴市,0000001E00000031000000070000000X,4.83,2018/3/15,330600,13ef3b23-0d99-40de-9ced-dd2db692ff8a
丽水市,0000000J0000003Q000000070000000X,38.67,2018/7/15,331100,9ae2849a-811f-49db-9317-f09c7da5242f
绍兴市,0000001200000031000000070000000X,4,2018/10/25,330600,bad43425-b0a3-4123-ad58-119f59ce1ca0
金华市,0000002U0000007X000000070000000X,3.83,2017/7/15,330700,f7b3c423-1f2f-4a3c-a015-3e3bace46534
丽水市,0000001K00000031000000070000000X,4.33,2017/9/25,331100,35509861-9312-4a06-8666-7e6483151076
浙江省,0000000S0000002Z000000070000000X,9.31,2018/8/5,330000,5b3a6958-c96c-4f5a-b099-c46d013192c4
舟山市,0000000C0000002Q000000030000000X,51.6,2017/3/25,330900,6d064d13-7851-4017-9f0f-f7445f896189
金华市,0000000H0000003P000000070000000X,19.17,2017/12/15,330700,618c7ca7-7742-4347-b3a2-81f1ab781747
舟山市,0000001200000031000000070000000X,3.5,2017/5/5,330900,2342b3d9-18e2-4e04-86ca-fffbea19366a
金华市,0000001A00000031000000070000000X,6.17,2018/3/25,330700,95bdd80e-c2b2-46f1-ba86-d47e2b9d13ea
温州市,0000001A00000031000000070000000X,4.83,2018/5/25,330300,30625de1-c070-41af-b2dc-3106e4c99875
丽水市,0000000H0000002T000000070000000X,15.67,2017/2/15,331100,caaf3350-649e-47dd-ac7f-960cba904269
舟山市,0000001A00000031000000070000000X,5.67,2018/4/15,330900,2adab1d3-b627-414b-9bbb-8b101202b59e
丽水市,0000000H0000002T000000070000000X,14.17,2017/5/5,331100,f014f7ba-20e1-48e0-a7aa-25d28d6f62c0
衢州市,0000000S0000002Z000000070000000X,9.33,2019/2/25,330800,f421917b-84a0-4c22-9689-a051f37b8266
嘉兴市,0000000H0000003N000000070000000X,15,2018/1/15,330400,ae76a98a-8b1f-40bf-a5ec-f5d7db1a4104
温州市,0000001K00000031000000070000000X,4,2018/8/15,330300,0f7604d9-d2bc-407a-82fb-096036ebfba8
杭州市,0000000H0000003P000000070000000X,21.17,2017/4/15,330100,aa884db9-fba3-4dfa-a05f-c5ff0dcbe3b7
舟山市,0000000D0000002R000000030000000X,44.97,2018/9/5,330900,280894ea-4071-4305-b78f-3c6317da981b
湖州市,0000001500000031000000070000000X,5,2018/2/15,330500,d00916e2-d80f-43dd-bf15-31dda87f1368
湖州市,0000000P0000002W000000070000000X,5.5,2018/11/25,330500,8f2e374f-a750-4b5b-b3fb-21c394018ba9
绍兴市,0000001Z00000036000000070000000X,4.33,2017/5/5,330600,02622c96-4a97-48fa-a6df-d63b718e2c71
杭州市,0000000G0000003F0000000700000010,9.83,2017/4/25,330100,8e23d7d7-9816-4e00-b7df-b65a8905a44b
绍兴市,0000002P0000007W000000070000000X,2.33,2017/7/5,330600,40230ca8-b981-401a-9229-5e3b68c36220
绍兴市,0000000P0000003E0000000700000010,3.8,2017/2/21,330600,978b4493-ad70-47ad-b49a-5f55cb332690
宁波市,0000000J0000003Q000000070000000X,39,2017/11/15,330200,fcd36dac-e65e-42de-a51a-b634c18dd20d
嘉兴市,0000000X0000007T000000070000000X,31.67,2017/9/5,330400,0b3bd508-d20c-4062-9111-46ed14711198
湖州市,0000001Z00000036000000070000000X,5.67,2017/7/15,330500,6c741972-b936-4569-8830-58ca2b898f63
金华市,0000001700000031000000070000000X,2.33,2017/1/5,330700,34cf55e8-b3e2-4089-b16f-ba7204b6be2d
绍兴市,0000000G0000003F0000000700000010,10.78,2017/4/4,330600,aa6d1bb8-0977-4ea3-84a8-9204999a893c
绍兴市,0000000D0000002R000000030000000X,53.33,2017/4/15,330600,d6672c07-f039-4ae7-bd76-78737f73a917
台州市,0000001500000031000000070000000X,3.83,2018/4/5,331000,3b5f1af5-4686-4cb2-bf01-28cb3090b26d
浙江省,0000000K0000003U000000070000000X,34.81,2017/4/5,330000,b0030deb-5370-428c-9abf-1aaaf759f703
湖州市,0000001K00000031000000070000000X,4.17,2018/3/15,330500,0abcbcdc-f940-4f83-b024-caae9fd35b36
浙江省,0000000G0000003F0000000700000010,6.97,2018/5/15,330000,580787db-7acf-4c24-b3ca-410f857f3b3f
绍兴市,0000002P0000007W000000070000000X,2.33,2017/11/25,330600,d16d8a24-3cf8-4d77-9378-b49373df3119
嘉兴市,0000000C0000002Q000000030000000X,68.67,2018/12/15,330400,b6ba98fc-32f4-49ae-ad3e-a1538a72c2d3
金华市,0000002P0000007W000000070000000X,3.9,2017/4/15,330700,1b9ef7f3-8907-4640-afcd-3aedeb30e9c3
丽水市,0000001E00000031000000070000000X,5,2018/7/15,331100,8c2ecae1-1ddb-4e7c-9944-cc43f5a9b3e9
湖州市,0000001K00000031000000070000000X,3.67,2018/6/15,330500,d65792bd-27d8-4035-b936-beb9db405ad3
湖州市,0000001200000031000000070000000X,3.67,2018/5/25,330500,adecb084-eaa3-4b58-abf9-c02801a0cd3b
宁波市,0000001400000031000000070000000X,5.83,2018/1/5,330200,39626ee3-e4a3-4347-8a4d-5beb6af95705
宁波市,0000001400000031000000070000000X,6.67,2017/4/5,330200,6c61fad9-678a-4999-8bf0-537639e31aae
宁波市,0000002200000038000000070000000X,4.27,2019/1/15,330200,f1496d92-633b-4e80-a91e-f6e2ac7591d4
衢州市,0000002P0000007W000000070000000X,3.06,2017/5/5,330800,aeaa877d-51d3-41c1-8d14-4b1632442962
衢州市,0000000J0000003Q000000070000000X,39.33,2017/1/5,330800,e259294f-70a6-4411-8bf5-5d2a83d5140a
台州市,0000000J0000003S000000070000000X,32.67,2017/1/15,331000,dc9b3b63-cc5b-4a57-a7c4-ef563b0de3fa
丽水市,0000003100000081000000130000000X,84,2017/10/15,331100,108ef441-641c-466b-b5ca-3794769d3309
温州市,0000000J0000003Q000000070000000X,48.67,2018/9/25,330300,68349256-f938-4f34-aa0e-40e6ba295ffd
宁波市,0000000P0000002W000000070000000X,5.77,2018/5/15,330200,9bec2c28-2ac4-45d2-8a41-8b1a58700694
杭州市,0000000Z00000031000000070000000X,7,2018/9/5,330100,5a64c290-7052-4cec-bc00-61547931f088
温州市,0000000D0000002R000000030000000X,46.67,2017/7/5,330300,851c3d38-81ac-422d-945a-bc2bf1380917
浙江省,0000000P0000003E0000000700000010,5.1,2018/8/14,330000,817b7106-26a8-4fe7-a871-bf0630f686e6
台州市,0000001Z00000036000000070000000X,6.33,2017/10/25,331000,ddb727af-ca38-49a3-84f1-05910c83f424
绍兴市,0000000M0000003V000000070000000X,10.17,2018/3/15,330600,5cbd70ad-60d6-4e85-a8a5-53dc061d270f
金华市,0000000D0000002R000000030000000X,44.67,2017/4/15,330700,f07d01b7-10b0-4ebd-a375-cda37dcf095f
丽水市,0000000J0000003S000000070000000X,36,2018/5/25,331100,3e43dbf8-bc37-43c4-9630-d8c73b5bdedf
衢州市,0000001E00000031000000070000000X,5,2017/6/15,330800,f260949d-0ab2-4e33-86fb-467ab72ae466
杭州市,0000002U0000007X000000070000000X,4.27,2017/5/25,330100,7697c2e5-9ab9-4dc9-9de3-f4f8759045b2
嘉兴市,0000001500000031000000070000000X,5.83,2019/3/15,330400,1cc878a9-254e-4c8c-ab2e-a499666a6403
宁波市,0000000C0000002Q000000030000000X,79,2017/8/25,330200,4b1d12f6-eae6-4901-86b5-3d7b21c76114
湖州市,0000000C0000002Q000000030000000X,57.67,2017/12/25,330500,57d9e1bf-b1a8-4ece-bab0-f2e54f3e6e0a
台州市,0000001400000031000000070000000X,5.17,2017/4/15,331000,e9f5b286-65dd-4742-b60e-cc64512dcbea
衢州市,0000001200000031000000070000000X,4,2018/1/15,330800,be404d24-c783-43df-b645-84d673f9ceb6
丽水市,0000000H0000003N000000070000000X,15.67,2018/12/25,331100,7178f77d-3d46-4ab9-986c-e36883f399e2
浙江省,0000001A00000031000000070000000X,5.31,2017/12/25,330000,b133742b-76bd-472d-8b55-ab8a6458920d
嘉兴市,0000003100000081000000130000000X,79,2019/1/25,330400,340d800f-da0b-47a7-864e-32f968f3b3e0
舟山市,0000001400000031000000070000000X,5.67,2018/6/25,330900,774d5d5a-68d7-435a-a3ef-fb24e6c1a41d
丽水市,0000000H0000003N000000070000000X,13.33,2017/9/5,331100,b77cb382-4192-4de0-a72c-dc501648ac4e
舟山市,0000000X0000007T000000070000000X,55,2018/2/25,330900,bc7fbb56-be57-4ac9-b52a-d23e45f2f8ec
台州市,0000000D0000002R000000030000000X,38.67,2017/10/5,331000,31bf55ec-12ee-4e35-bb1f-8f763eae7d38
湖州市,0000000D0000002R000000030000000X,37.67,2017/6/25,330500,1e47b6f2-daba-4fa0-b573-d49eaa20aa9b
丽水市,0000000C0000002Q000000030000000X,70.23,2019/2/5,331100,c848ed71-03d7-468e-b09b-0ed2d590eb17
绍兴市,0000001E00000031000000070000000X,5,2018/3/5,330600,fe9173da-18da-49a0-9017-c73f1227f71d
嘉兴市,0000001700000031000000070000000X,3.5,2017/3/25,330400,ab21dff2-d824-4422-bc91-43bfd6f42e8f
绍兴市,0000000P0000003E0000000700000010,4.5,2017/10/24,330600,6d676c98-18c7-4499-bee4-b1c58294b12a
舟山市,0000001200000031000000070000000X,4,2017/7/25,330900,7c3aeb56-4c8c-4b88-a056-f4a2757be922
绍兴市,0000000J0000003Q000000070000000X,47.67,2019/3/15,330600,47f44de2-83a6-447c-bc26-e0846a1c8fac
舟山市,0000000D0000002R000000030000000X,44.97,2018/1/25,330900,26a0ed2d-3b5a-4b4a-9be0-d72d4ec0ccae
丽水市,0000000G0000003F0000000700000010,10.35,2018/1/30,331100,c7d97026-a564-4944-aa0a-872bda7170f2
丽水市,0000001K00000031000000070000000X,3,2018/4/15,331100,48b3b5dd-fe60-46b8-9516-e3c8ff9f7c07
宁波市,0000000M0000003V000000070000000X,15.07,2018/4/15,330200,7f3d5b8b-cf05-4304-9f73-cc73ebb322c7
舟山市,0000000D0000002R000000030000000X,44.97,2017/8/25,330900,4ceccae6-8355-48e8-980b-36d86453dcf6
舟山市,0000001E00000031000000070000000X,2.67,2018/12/25,330900,3c356230-82fc-4ace-b07e-a4afe8b23b03
宁波市,0000000J0000003Q000000070000000X,38.67,2017/4/5,330200,e590c52a-b912-4602-aa63-21b7065551dd
湖州市,0000002P0000007W000000070000000X,3.89,2018/4/15,330500,ee64c3d0-8b4a-4c02-aafc-488e3458b316
浙江省,0000000D0000002R000000030000000X,43.67,2017/10/15,330000,18be621b-6e35-4559-9786-2d0dc32ffdd0
嘉兴市,0000000J0000003Q000000070000000X,40.67,2018/5/5,330400,66bb4dfd-f86e-414f-a37d-77a5d1e3200d
杭州市,0000000D0000002R000000030000000X,46,2017/12/15,330100,6a7cbdc8-1b73-4068-8fd8-4aba1be455f5
宁波市,0000000S0000002Z000000070000000X,10.5,2018/2/5,330200,ada62fee-c8f7-4077-8eb2-16a3c6b6f993
丽水市,0000000S0000002Z000000070000000X,9.33,2018/2/5,331100,8cb3f67e-5170-46e6-9d4e-d4d07b810109
温州市,0000002200000038000000070000000X,3.83,2018/8/5,330300,2299e342-1580-4511-ad4b-4c054f711f16
台州市,0000001200000031000000070000000X,4.83,2017/2/15,331000,c7f38c8a-2d19-41f6-bc5c-fe16562c2f11
衢州市,0000000D0000002R000000030000000X,36.33,2018/8/5,330800,e2839b89-832d-4510-97de-7bd99e39ccb0
宁波市,0000000J0000003S000000070000000X,32.33,2018/7/15,330200,93b73be4-5d45-4495-a5c8-2f7f82100fab
温州市,0000002P0000007W000000070000000X,2.5,2018/8/5,330300,36965976-9753-4a61-87ec-74aa9406cba0
杭州市,0000001400000031000000070000000X,6.33,2017/9/5,330100,c68b5d12-2c0a-492e-9d05-2251d126ee96
浙江省,0000000J0000003S000000070000000X,37.8,2019/1/5,330000,056458c9-57a8-4b7b-a2ac-d17ae7feb935
金华市,0000000H0000003N000000070000000X,10.5,2018/4/15,330700,9f289c54-1498-4d28-b6ef-731688fd154b
金华市,0000001K00000031000000070000000X,2.5,2017/6/15,330700,149273ac-64cf-4404-bda2-5568527b095d
温州市,0000000G0000003F0000000700000010,9.98,2018/2/6,330300,3c499ac4-3a3d-4d20-a0d1-c132de1e1232
杭州市,0000000H0000003P000000070000000X,22.5,2016/12/15,330100,5b3bfa5d-c4d2-441a-b570-72bb17b84834
杭州市,0000000J0000003S000000070000000X,35.5,2017/5/5,330100,e33e8d8b-dc2a-438b-8054-8052ead7df04
绍兴市,0000000P0000002W000000070000000X,5.33,2018/8/5,330600,a01fa600-499c-4da4-81d9-97b3b9f3a0ba
舟山市,0000000J0000003Q000000070000000X,44.67,2019/1/25,330900,58843fc3-d3f3-4a80-860d-7f2cab8354bc
衢州市,0000000X0000007T000000070000000X,24,2018/9/15,330800,ad122db3-8342-4a0c-ada5-5d5a706ffc60
杭州市,0000000P0000002W000000070000000X,4.87,2017/2/15,330100,669d6dbc-b915-4f94-9654-8b3ce244e8c3
杭州市,0000000P0000003E0000000700000010,4.7,2018/2/13,330100,15fa260f-d0b6-4b84-b882-93e1a49426a1
湖州市,0000002200000038000000070000000X,4,2017/10/5,330500,11d14b0c-bace-4fda-ae1c-c6cf75806762
舟山市,0000001A00000031000000070000000X,5,2017/3/25,330900,34f75338-cdf7-4625-b7ae-f4bce065a1ac
杭州市,0000001Z00000036000000070000000X,6.57,2018/2/5,330100,4be67428-8fb7-429b-abb0-b36261abdca0
杭州市,0000000Z00000031000000070000000X,5.33,2018/12/25,330100,8b9c180e-2bac-4865-ba12-60f85a8ee50a
嘉兴市,0000000P0000003E0000000700000010,4.23,2017/8/8,330400,7425f26e-71b0-46b2-a8cb-2980808f5abc
金华市,0000000G0000003F0000000700000010,11.7,2017/2/28,330700,85d9fe23-eab5-4e60-bd6e-008f11fc41a9
舟山市,0000000J0000003S000000070000000X,33.67,2017/6/15,330900,7c197b8e-459f-445f-99fc-edfbc056dbdb
绍兴市,0000000K0000003U000000070000000X,39.33,2018/12/15,330600,57f5fb86-f800-4cfb-903f-e4af9bb3bd3d
丽水市,0000000G0000003F0000000700000010,10.2,2018/2/20,331100,28cf0b28-8f7c-4629-9a26-24ab6c741936
温州市,0000000H0000003P000000070000000X,25.67,2017/2/25,330300,dd584127-9b89-40cb-a316-72cb86b8635c
湖州市,0000002U0000007X000000070000000X,3.6,2017/10/5,330500,f8c62ab5-2701-4654-b838-9ae518248406
绍兴市,0000000P0000003E0000000700000010,3,2017/7/4,330600,7a2d2379-0ea0-4f3e-8819-a21834f9cc91
衢州市,0000000H0000003N000000070000000X,13,2017/11/25,330800,4862a877-d867-437d-8218-05ef9ea11c9d
宁波市,0000002200000038000000070000000X,3.73,2017/4/5,330200,ff0e7324-ad2c-41e6-ba03-b0e9591119bf
杭州市,0000000G0000003F0000000700000010,8.67,2017/6/13,330100,d270d1be-a17e-49d8-9afc-171cd9b7e6cd
舟山市,0000000P0000003E0000000700000010,4.5,2018/6/5,330900,3bb8f650-db6e-486b-8594-6e29b74f12b5
浙江省,0000001400000031000000070000000X,6.73,2018/4/5,330000,2a972bfc-d86f-42e6-8c0a-dcda0d2622a4
丽水市,0000001400000031000000070000000X,6.83,2017/3/25,331100,232fe31c-3fdf-41a5-b6f8-d18c8d76fb94
湖州市,0000001Z00000036000000070000000X,5.33,2016/12/15,330500,aa76e00e-6eaa-47af-8d20-fe50cbbe94fa
杭州市,0000000K0000003U000000070000000X,33,2017/4/5,330100,817993cc-2dd3-444a-9c3c-4b69a835d160
丽水市,0000000P0000002W000000070000000X,5.33,2017/9/5,331100,c32ae4ca-8f94-43ba-bd9b-97eb19e52e14
丽水市,0000002200000038000000070000000X,2.66,2017/2/15,331100,0a38e239-20f3-4cbe-b97d-632954deed52
金华市,0000000J0000003Q000000070000000X,41,2018/6/15,330700,55860f0d-74e5-4d9f-a398-42c60320d0c6
台州市,0000001500000031000000070000000X,4,2017/7/5,331000,73bce45a-5a68-45e2-b95f-91920a001c51
台州市,0000000M0000003V000000070000000X,10.67,2017/12/25,331000,1beb48b9-90af-49ca-823b-45a06283c0d7
浙江省,0000002200000038000000070000000X,3.48,2017/5/15,330000,224836c2-3467-49de-888e-8771ff22b2db
浙江省,0000000Z00000031000000070000000X,2.83,2017/3/25,330000,718b42cb-456f-4618-8e7f-6612517d74ad
舟山市,0000001E00000031000000070000000X,2.67,2017/2/5,330900,34aceccb-fc3a-4650-81c4-e3068f7c5d43
温州市,0000000C0000002Q000000030000000X,60,2017/5/15,330300,f5553bfc-e056-4ee3-a959-c72691e88a4d
台州市,0000000M0000003V000000070000000X,10.67,2018/6/15,331000,2eb813f2-c2e5-4b08-9e7f-f83a4e9373aa
杭州市,0000000S0000002Z000000070000000X,8.27,2018/11/5,330100,ebde8f31-3123-4a53-ba21-16f7104da008
宁波市,0000000H0000003P000000070000000X,27.83,2016/12/15,330200,97c876c7-81a2-4d29-aef5-a6070a88390b
杭州市,0000001E00000031000000070000000X,5,2017/10/15,330100,fdb726c2-d037-48a1-95c7-3f8a6a4af672
湖州市,0000002P0000007W000000070000000X,3.89,2018/2/5,330500,e1aaa440-a48e-4ce3-9b30-30a1e897cd49
舟山市,0000001500000031000000070000000X,4.67,2017/8/25,330900,724d5bbb-db50-4871-b65e-9179829454c6
浙江省,0000001E00000031000000070000000X,3.35,2017/2/25,330000,e13eb0c9-8681-4351-8ab2-fedcf32ac438
金华市,0000001400000031000000070000000X,5.17,2017/12/25,330700,2ce0ba3c-7407-44e9-91c3-5d53b7cb469b
舟山市,0000000G0000003F0000000700000010,8.5,2018/6/5,330900,e2047bce-e710-4a62-9d9f-b1e52bd0597f
宁波市,0000000J0000003S000000070000000X,30.33,2017/8/25,330200,ae6e2f73-29f5-47bc-ba77-0b0159367f85
衢州市,0000000H0000002T000000070000000X,16,2018/5/25,330800,afceb693-a2ef-4d4f-aebb-4cf0e500e6fa
浙江省,0000000P0000003E0000000700000010,3.68,2017/1/24,330000,c8c4fb89-9c1a-4774-952f-018439424d5f
湖州市,0000002U0000007X000000070000000X,3.87,2018/7/25,330500,a1b5d5eb-b6c5-47e2-a167-6c3e341d829e
台州市,0000000Z00000031000000070000000X,4.67,2019/3/15,331000,aabd9d69-200f-4095-90e3-eac9703822c2
浙江省,0000002200000038000000070000000X,3.75,2019/1/5,330000,e6b52a2b-0f94-41d7-aa77-85e0b7675c0a
舟山市,0000000Z00000031000000070000000X,4.83,2018/8/15,330900,5b8e253c-6a89-45d3-8abc-c03bde8d29a0
台州市,0000002U0000007X000000070000000X,4.33,2017/1/5,331000,a4c6f1ea-191f-4773-8228-bcb222eb5579
湖州市,0000002U0000007X000000070000000X,3.6,2017/3/5,330500,129639e1-b5da-4364-a2c3-21ffe76965f7
丽水市,0000000D0000002R000000030000000X,54.6,2018/1/25,331100,03c47b9f-9033-40d8-aa53-ff2751390cfb
绍兴市,0000001700000031000000070000000X,2.5,2017/1/15,330600,8c992194-0d56-439e-9727-bc09eb08dc8e
舟山市,0000000G0000003F0000000700000010,9.6,2017/7/4,330900,e7a33809-6ebc-465b-97f5-aff2f2b98a5b
绍兴市,0000000P0000003E0000000700000010,4,2018/7/17,330600,202fa795-2289-4fd0-8cbf-63847e14fa64
浙江省,0000000H0000003N000000070000000X,14.59,2018/2/15,330000,313cfe30-4f6c-4ee7-a093-1ca8205502eb
衢州市,0000000H0000002T000000070000000X,22,2019/2/15,330800,b9bf624a-8a2c-458c-9ac9-015d9bf97307
宁波市,0000000G0000003F0000000700000010,12.78,2017/1/17,330200,bc6e9899-c87b-4bd6-85ee-a74713c6b380
丽水市,0000000H0000002T000000070000000X,14.83,2017/4/5,331100,6c72c6d3-2f04-4f94-b3f4-6fec87d9c778
湖州市,0000002P0000007W000000070000000X,3.89,2019/3/5,330500,1bcd9a3d-c59f-4087-8c39-98105d3f26d4
湖州市,0000000H0000003P000000070000000X,20,2017/2/5,330500,5dbdbb11-5e0b-4bb7-a8e0-6a1939c88502
湖州市,0000000H0000003P000000070000000X,22.33,2018/9/15,330500,09f07498-ae03-4fdf-b338-b484cad1667c
丽水市,0000000M0000003V000000070000000X,9.67,2017/1/15,331100,a781a8b0-0d29-430b-b858-8c09470efe5a
湖州市,0000002U0000007X000000070000000X,3.77,2018/8/15,330500,8937a952-b6b3-4093-a07a-2ba60017338a
台州市,0000001500000031000000070000000X,4.33,2017/10/15,331000,70d12694-4acf-41ab-8202-63ca94f8503e
金华市,0000001K00000031000000070000000X,4,2017/9/25,330700,2879af75-4438-4bf4-921a-9b50ec7fae23
舟山市,0000001700000031000000070000000X,2.83,2017/10/15,330900,793ae8fa-528e-48df-9fe2-537ccbbed078
温州市,0000000H0000003P000000070000000X,25,2017/8/25,330300,fa145da5-74f9-4bb3-b76c-bda5a5f66d60
金华市,0000000H0000002T000000070000000X,15.83,2019/3/5,330700,c6a04f4f-cf97-4b22-8268-a42a3bba2f19
丽水市,0000000X0000007T000000070000000X,51,2017/3/15,331100,c740a9a0-8340-458c-a6d0-02e5f2723c85
台州市,0000000G0000003F0000000700000010,6.5,2018/5/1,331000,67e3d195-83ed-4dec-bc95-92729e69ba08
舟山市,0000001700000031000000070000000X,2.67,2017/1/5,330900,32c05d00-32b0-4a1d-abb5-b7f1595d647a
杭州市,0000001K00000031000000070000000X,4.5,2018/2/15,330100,40c9706f-a859-4480-a605-c1f15c7aeac4
衢州市,0000000G0000003F0000000700000010,10,2018/1/23,330800,faea9600-073a-474d-99c5-f24b66f29fcc
宁波市,0000000M0000003V000000070000000X,15.17,2017/12/5,330200,4350a1f2-ae04-49a6-85f5-a0f3c9c016d3
杭州市,0000001400000031000000070000000X,6.83,2018/7/5,330100,6ba6ef78-d29e-4739-a4c0-fac80266f70f
台州市,0000000Z00000031000000070000000X,4.5,2017/7/15,331000,5717a620-dd81-4533-9e35-6e96aa680655
金华市,0000002U0000007X000000070000000X,4.07,2018/10/5,330700,e114d565-87c0-49fd-9327-1425130c7db4
温州市,0000003100000081000000130000000X,63,2016/12/15,330300,a9c775c8-a6b7-4590-815b-d957fa5c7dea
绍兴市,0000000J0000003S000000070000000X,33,2017/4/25,330600,7093090b-d449-4772-8194-014a39d8853b
宁波市,0000000G0000003F0000000700000010,9.57,2019/3/5,330200,2bd5535d-7bb5-46c3-b230-86e6acce956e
金华市,0000000P0000003E0000000700000010,4.2,2017/8/8,330700,ef355df7-5a54-4b7c-be06-f6d6eb2a6267
台州市,0000000H0000003P000000070000000X,24.33,2017/7/15,331000,6bb430d9-2cea-4439-a736-4edd9e71b97d
衢州市,0000001500000031000000070000000X,5.67,2018/11/5,330800,0a948153-651f-43c2-a04e-348c297efa00
浙江省,0000001500000031000000070000000X,4.99,2017/1/15,330000,e3610303-d565-4e2a-a5b4-9b355e71757f
温州市,0000000C0000002Q000000030000000X,60,2018/3/5,330300,fcb629ec-875b-4a65-8211-e535034aef7a
温州市,0000000H0000002T000000070000000X,17,2017/4/25,330300,fd97949b-db93-43c4-a6ee-e8cffcbd05f3
湖州市,0000002200000038000000070000000X,4.17,2017/4/25,330500,e2f25f4f-fac4-4756-a3c9-d977b651a063
绍兴市,0000000Z00000031000000070000000X,4.17,2017/6/15,330600,1dc8d5e0-8e51-4c0c-bebb-de97ab00188f
浙江省,0000000M0000003V000000070000000X,12.14,2017/6/25,330000,f607a0a4-bb7f-4702-a9e8-5a0a58018998
浙江省,0000000P0000002W000000070000000X,4.97,2016/12/15,330000,0048be4f-e79c-4464-9ed5-cb78db504141
温州市,0000000D0000002R000000030000000X,47,2017/2/5,330300,7ae85cdf-2b13-4450-840d-8ff7b42fabaa
台州市,0000001200000031000000070000000X,3.17,2017/3/25,331000,ecf24da1-c7ee-45b4-a264-a4dbf5de6c87
温州市,0000001Z00000036000000070000000X,7.33,2018/11/5,330300,8a23290c-679a-46d4-be94-d5cd58bd4883
宁波市,0000003100000081000000130000000X,176,2017/4/25,330200,0914e761-7c45-4879-931a-1ae7f9d4b380
衢州市,0000000P0000002W000000070000000X,6,2018/11/15,330800,c0f31199-415e-487b-b91e-ed2ec5e41488
嘉兴市,0000001500000031000000070000000X,4.67,2018/9/25,330400,559310ff-b8b1-41ef-a5a8-65d9d86f53d5
宁波市,0000002200000038000000070000000X,3.67,2017/12/15,330200,13b2e3d6-383e-4156-b184-c00a7d81a946
浙江省,0000001400000031000000070000000X,7.52,2019/1/25,330000,a5e79200-4dc3-46f8-a88f-dba81cc3aa76
浙江省,0000000C0000002Q000000030000000X,63.76,2017/9/25,330000,df6501db-d4bd-4b73-a8d1-da4fe940cdd4
舟山市,0000000M0000003V000000070000000X,13.67,2017/6/25,330900,22578a35-b140-4e87-acb0-b3e4311dfcf9
衢州市,0000001K00000031000000070000000X,3.67,2017/7/25,330800,fdc77923-3766-426f-8764-8a995934799c
绍兴市,0000000H0000003N000000070000000X,14.17,2017/4/25,330600,4a75199e-acb5-450f-bbe4-5e084543ac81
丽水市,0000000P0000003E0000000700000010,4.6,2018/10/16,331100,72f302a1-63c6-45d1-8374-46af749418d0
丽水市,0000001400000031000000070000000X,5,2018/1/5,331100,82e5aea1-55da-4741-acd1-ea51f2c3cc97
温州市,0000000M0000003V000000070000000X,15.33,2018/10/5,330300,d28b3b83-e2ba-4d49-961b-846ced45d5d1
温州市,0000001500000031000000070000000X,4.5,2017/6/25,330300,dd18b574-d780-4823-875c-e790479b65a9
衢州市,0000000P0000002W000000070000000X,5.37,2017/10/25,330800,9ee3d19d-716b-4a00-82fc-9257e8a2e7f1
丽水市,0000001200000031000000070000000X,3,2018/6/5,331100,2c8c6d0c-b320-4e84-822c-d25d848a7a31
宁波市,0000001K00000031000000070000000X,3.67,2018/11/25,330200,75fc9fd5-db8e-4f12-87ad-d54bcd1ea36b
金华市,0000002200000038000000070000000X,2.67,2016/12/15,330700,e3bfc907-479b-434b-a79b-feff2025e4e5
绍兴市,0000000J0000003S000000070000000X,33.33,2017/9/5,330600,d2cd9b28-8957-4de0-bca5-e1778e624f84
衢州市,0000000C0000002Q000000030000000X,66,2017/3/15,330800,437c54ed-60cd-48e1-ad96-1be67f849fb9
温州市,0000003100000081000000130000000X,63,2017/3/5,330300,27f7d6b1-72f8-4f58-a939-39277e98712f
丽水市,0000000C0000002Q000000030000000X,70.23,2017/1/5,331100,73857d95-4f2b-4ec8-b6fc-15eb2cde700b
湖州市,0000001400000031000000070000000X,4.17,2017/6/5,330500,621cf258-08c1-4a61-8e74-6dcce03cd519
丽水市,0000002200000038000000070000000X,2.93,2017/11/15,331100,f0c27111-1c53-445b-836c-78e6ee4d3094
浙江省,0000000M0000003V000000070000000X,12.46,2018/4/25,330000,79dad892-6d23-44de-9882-f41ae816f91a
宁波市,0000001500000031000000070000000X,5.5,2018/9/25,330200,ae436741-4728-4e98-b679-bf6206a87e58
舟山市,0000001200000031000000070000000X,3,2017/6/15,330900,f2b081a7-1eb3-4f86-8fd7-ec2c93c9936c
浙江省,0000001K00000031000000070000000X,3.23,2018/11/25,330000,b7654a7e-f722-4e01-98fa-86463ddda605
舟山市,0000000P0000002W000000070000000X,4.5,2017/4/15,330900,563bd257-95bd-4940-a6ab-af08026f3cf8
湖州市,0000001400000031000000070000000X,3.67,2017/7/15,330500,373393b8-2699-4803-b8ea-4d790b8c4994
浙江省,0000002200000038000000070000000X,3.56,2018/5/15,330000,42238e53-76b2-4b6f-aa90-14dbca3a2889
台州市,0000001400000031000000070000000X,4.17,2017/12/15,331000,9d5fa1e4-3b55-45ec-912f-5c6794becf3c
丽水市,0000001E00000031000000070000000X,2.83,2017/4/25,331100,fdb08d20-07e7-4cd6-8e00-632f4466b50f
湖州市,0000003100000081000000130000000X,77,2017/4/5,330500,3f3bc7fd-9731-4172-a730-1656b19ec927
杭州市,0000000D0000002R000000030000000X,46.33,2018/4/5,330100,ab28eb78-24c5-4d71-80e7-b95d4f3aab18
嘉兴市,0000000Z00000031000000070000000X,4.67,2018/7/5,330400,43b6f0a7-d151-43fb-a910-25f3a7baf3d6
嘉兴市,0000000P0000003E0000000700000010,3.83,2017/8/1,330400,01eace37-7060-4fbc-8839-52cb2df17673
湖州市,0000000H0000003P000000070000000X,20,2016/12/25,330500,308e7071-3b9c-40d7-8506-e43b0cd71856
杭州市,0000000J0000003Q000000070000000X,40.5,2017/9/15,330100,73d43ae9-ba76-497e-982a-e15100cc4ab9
台州市,0000000G0000003F0000000700000010,7.4,2018/6/26,331000,3eece885-caf9-4eb3-a784-97d03f368e11
丽水市,0000000D0000002R000000030000000X,54.6,2018/8/25,331100,46ff43fd-e14b-4cef-9880-5ac5a37ae40f
宁波市,0000000M0000003V000000070000000X,15,2018/1/5,330200,b3db431f-a19f-4543-bb8d-839d26f6fca9
湖州市,0000000D0000002R000000030000000X,37.67,2017/11/5,330500,be3852a0-b638-4a26-8516-0a11f0e27510
湖州市,0000001A00000031000000070000000X,10,2018/3/5,330500,b0bf90c8-da49-4fcd-ac9d-284ddb240a4d
台州市,0000001Z00000036000000070000000X,6.33,2018/5/5,331000,e6929e52-fba4-4ed4-b52c-db668df832e5
杭州市,0000001700000031000000070000000X,2.93,2017/2/5,330100,a06eadcf-a868-4bc7-94c5-f4c5bf9feab7
浙江省,0000001500000031000000070000000X,5.98,2018/11/5,330000,d4783a0d-758a-43ad-a4c6-e451ac66c748
台州市,0000001E00000031000000070000000X,5,2018/8/25,331000,63285bff-4498-4a8e-b53e-9c40c635b90b
杭州市,0000002P0000007W000000070000000X,3,2018/4/15,330100,3654e966-d749-460f-98fa-ca7a71cb6f2f
舟山市,0000000G0000003F0000000700000010,10.5,2018/1/2,330900,dc90683a-3998-42a6-a152-642ee76e172b
绍兴市,0000002200000038000000070000000X,3.17,2018/4/25,330600,a61fdbae-7c7e-4be8-96ac-381f33e0bc64
舟山市,0000001200000031000000070000000X,4,2017/11/25,330900,2c6b722b-95b6-4792-9f42-04349b4872f6
宁波市,0000000J0000003S000000070000000X,34,2019/2/5,330200,ae10cce2-2e78-4895-83d6-76cc44da5e9c
丽水市,0000000H0000002T000000070000000X,18.67,2018/10/15,331100,d9d37f8d-9f97-4f13-8e44-e3c108b98c39
杭州市,0000002200000038000000070000000X,2.67,2017/10/15,330100,ef3fde6a-b7f9-4bd2-a8e5-0c19eda66143
舟山市,0000001200000031000000070000000X,4.17,2017/12/25,330900,38e35af7-e2c5-4e71-921e-a86fd5b04665
嘉兴市,0000001700000031000000070000000X,3.33,2018/4/15,330400,4673839f-d2c5-466b-b5a7-e91e5e6848d0
宁波市,0000000C0000002Q000000030000000X,74.33,2018/2/5,330200,e575c457-c97d-4a2f-853a-48cad64db491
湖州市,0000001Z00000036000000070000000X,5.67,2018/3/25,330500,b3d7e6a4-a4ef-4304-8712-9604c69041d8
舟山市,0000001K00000031000000070000000X,3,2017/2/25,330900,535e89fa-606e-4c88-8e40-4fb44dc444ac
衢州市,0000001E00000031000000070000000X,4.67,2019/3/5,330800,80bddaaa-23b2-4675-92ef-efcdaf82f314
台州市,0000001E00000031000000070000000X,4.5,2018/3/15,331000,446079e8-5ae7-4f8a-a29d-39dbb3d82a0f
绍兴市,0000000H0000003N000000070000000X,13.67,2018/9/5,330600,f5a71de6-9b3a-413f-9817-be607acbfad5
金华市,0000000J0000003S000000070000000X,34.33,2018/7/5,330700,88158f84-acf2-4419-a74a-411ef16141cc
台州市,0000000S0000002Z000000070000000X,9.33,2017/1/15,331000,5afd8d8f-4ffa-43ec-9d01-4bfa092c9248
嘉兴市,0000001500000031000000070000000X,4.5,2017/12/5,330400,cbaf5664-c241-4c96-b026-e5396e4250de
丽水市,0000002200000038000000070000000X,3.33,2018/5/5,331100,25142a35-955a-44df-b142-484b0a53142e
浙江省,0000002U0000007X000000070000000X,4.35,2018/3/5,330000,dabc9504-0399-4804-8e97-8a23f1ed069c
丽水市,0000000J0000003Q000000070000000X,41.67,2019/3/15,331100,c42c924d-1a2b-4fb3-95b1-3cdef5a43033
湖州市,0000000M0000003V000000070000000X,17.67,2017/1/25,330500,5ac5d191-8b0d-466d-aefb-2767d9398684
温州市,0000001Z00000036000000070000000X,7.33,2018/11/25,330300,0f40f46c-d9f7-437d-98ff-15802547ea69
舟山市,0000000S0000002Z000000070000000X,11.67,2018/9/5,330900,4cbeee04-770e-4409-b835-c5d3de9f77de
金华市,0000000G0000003F0000000700000010,9.9,2017/12/19,330700,ce80d133-1477-4982-86fb-d10b12b5859f
绍兴市,0000001200000031000000070000000X,3.17,2017/7/15,330600,570e1fb5-9ff0-4d24-aaf9-51cc785abdad
宁波市,0000001200000031000000070000000X,3.23,2017/6/5,330200,6bc37b7a-939e-4d96-aace-0e4e19ac1b1e
嘉兴市,0000000X0000007T000000070000000X,36,2018/2/15,330400,1aba81fa-a9fe-42f6-a840-942471e7b31c
宁波市,0000000M0000003V000000070000000X,14.83,2017/8/5,330200,a4bfb39a-5c6d-4b0e-91d9-62b26af0f358
嘉兴市,0000000H0000003N000000070000000X,14.67,2018/5/5,330400,226c291d-ddc2-4653-a428-d301b25d9e13
嘉兴市,0000001K00000031000000070000000X,3.5,2019/1/15,330400,96c1be0f-5ae9-42b8-889c-c2296c9e19ff
绍兴市,0000000D0000002R000000030000000X,52,2017/4/25,330600,cbcd7035-c4c0-4be7-8bdc-1863e3e8d859
金华市,0000002P0000007W000000070000000X,3.9,2018/4/25,330700,cef6c816-040e-48b9-96e4-1f9dc2363c65
浙江省,0000002200000038000000070000000X,3.6,2018/10/25,330000,3ee61992-8552-4d1b-9710-85b48954e7ac
金华市,0000000J0000003S000000070000000X,36,2017/1/25,330700,ff02be4c-7927-4cec-a5ac-0d3a5fb4d0e9
丽水市,0000000H0000002T000000070000000X,14,2017/12/15,331100,bb6bdca5-bb46-4ad8-87b9-8e349cd6acb9
丽水市,0000000H0000002T000000070000000X,13,2018/3/15,331100,9907094d-5b67-4690-b5dc-dca1aaea7e90
绍兴市,0000001E00000031000000070000000X,3.83,2017/2/5,330600,ccde0ad8-7f45-4fa8-b82a-fdf8001b1901
丽水市,0000000G0000003F0000000700000010,9.5,2017/11/14,331100,8d67c2e6-3f38-4430-abdd-83d7e5bda145
嘉兴市,0000001E00000031000000070000000X,5.33,2018/9/5,330400,79659a41-a757-4a98-9313-d4747f723b2c
湖州市,0000000H0000002T000000070000000X,16.67,2017/4/15,330500,608016de-fcd1-460f-b905-863c13511cfa
温州市,0000000H0000003P000000070000000X,24.67,2017/9/15,330300,d999a1cd-3907-4cb2-b770-532e465e37e5
衢州市,0000001A00000031000000070000000X,7,2017/1/25,330800,09b4e511-5b8c-43fe-a71e-da5670391211
杭州市,0000000M0000003V000000070000000X,11.33,2017/2/5,330100,3abbfb24-1d7a-49cc-88c6-c1e2ccd0671c
台州市,0000002U0000007X000000070000000X,4.33,2017/4/15,331000,91975a04-8156-45b1-b5d5-5c02d606ba01
浙江省,0000000P0000003E0000000700000010,4.67,2017/9/26,330000,069ebe84-abd8-4c28-97e4-c385262c4963
湖州市,0000000D0000002R000000030000000X,36.33,2018/12/15,330500,231de71b-dae8-4895-bfcc-f53b21a020f0
杭州市,0000000C0000002Q000000030000000X,62.33,2018/8/15,330100,c816aa34-d3d6-4cb3-8ee2-9cbae752f6b7
衢州市,0000000P0000003E0000000700000010,3.5,2019/2/26,330800,b5f4bae6-0461-46f1-a3e5-305f5f59117d
宁波市,0000001200000031000000070000000X,4.1,2017/9/25,330200,23f5333b-812c-462b-a38b-bfcddb3fa41e
嘉兴市,0000001400000031000000070000000X,4.17,2018/11/25,330400,ab8b21c9-e616-488c-95b0-fab53a2ffe27
嘉兴市,0000001A00000031000000070000000X,4.83,2017/4/15,330400,29cb8dd4-dc8c-417f-8699-c18e3c9bd714
温州市,0000000J0000003S000000070000000X,48,2019/1/25,330300,e84b4495-189b-4b02-b530-fb83958237d3
丽水市,0000001500000031000000070000000X,4.83,2018/9/5,331100,61656fa9-ef70-4eb1-b4fe-95d604fb20bc
绍兴市,0000001500000031000000070000000X,4.33,2018/2/5,330600,a42f7740-f9fd-4d2d-b2d7-f6420b508448
台州市,0000000Z00000031000000070000000X,4.67,2017/10/15,331000,51dfc86a-f4bc-4cd1-9457-24dce0b0ab12
嘉兴市,0000000M0000003V000000070000000X,11.17,2017/1/15,330400,8a5ce052-b47d-4b8c-ab1c-b51ba959b1bc
杭州市,0000000H0000002T000000070000000X,16.83,2018/12/5,330100,2f73e015-2b04-4a61-b5cc-c0a3a433de8c
衢州市,0000000H0000003N000000070000000X,12.67,2018/3/15,330800,d9669528-79eb-4e51-8f82-87cd12b7ccb1
杭州市,0000001500000031000000070000000X,3.67,2018/7/5,330100,53ede496-2264-4e65-96ed-244b4a183cb9
湖州市,0000001400000031000000070000000X,6.5,2017/4/5,330500,a9a327cd-b238-4609-8ead-224f2e5ac761
丽水市,0000001200000031000000070000000X,3,2017/4/15,331100,d4143474-7c46-4019-b2f2-cf519c5e3b6a
浙江省,0000000J0000003S000000070000000X,35.41,2018/3/15,330000,3f311ac9-f570-441b-a34d-609dbe8529de
杭州市,0000000G0000003F0000000700000010,9.83,2017/4/25,330100,df1b1ae8-c64f-41ab-ab93-989af6e3f1da
嘉兴市,0000001K00000031000000070000000X,4,2018/2/5,330400,3a5efa2f-ed2f-4d66-9ed7-4617ba999a08
温州市,0000000K0000003U000000070000000X,48,2018/8/25,330300,e8d8ec5e-a657-4b6e-850e-00c2b47ae589
嘉兴市,0000002U0000007X000000070000000X,3.87,2018/7/15,330400,ecd19f30-a8fe-45c7-8731-5001ed857d32
舟山市,0000000X0000007T000000070000000X,48.33,2017/3/25,330900,3fb58ccb-3183-4138-bdf4-a317bcaf60f3
舟山市,0000000H0000002T000000070000000X,15.33,2017/10/15,330900,77c41b54-f3da-4d19-ade1-b51e9badfaad
舟山市,0000001700000031000000070000000X,3.33,2018/2/25,330900,0098180d-8324-4417-8d4f-e7c8b4fa8ff9
绍兴市,0000000H0000002T000000070000000X,15,2019/3/15,330600,32402bbc-ffd4-4640-840c-ab7ab235295b
宁波市,0000000X0000007T000000070000000X,40.5,2017/5/5,330200,a2c2f1c7-7a41-49bc-8210-51689499ae35
舟山市,0000000X0000007T000000070000000X,36,2018/7/25,330900,6d7fe7f5-d778-4a37-9b8b-2a5c13e7b6a2
绍兴市,0000000X0000007T000000070000000X,35,2017/6/15,330600,af42e9ae-efb5-4e78-8240-0d34b0248f73
杭州市,0000000H0000003P000000070000000X,23.33,2019/3/5,330100,0dea1e3a-c2a8-416b-ad93-487ea597b1be
温州市,0000001700000031000000070000000X,2.83,2018/6/25,330300,68d0622f-d8e2-4b1a-95a4-e816d460cd28
嘉兴市,0000000S0000002Z000000070000000X,8.17,2019/3/5,330400,0b97ecac-7263-44b6-8719-0bd2d808fe53
舟山市,0000000X0000007T000000070000000X,46.67,2018/3/15,330900,dfbd4716-203a-4b3a-a23b-2d5db36306ae
舟山市,0000000G0000003F0000000700000010,9,2018/3/13,330900,8a0e945d-423d-4708-a2cf-9ea7681a9e71
衢州市,0000000C0000002Q000000030000000X,66,2017/5/5,330800,b01700e5-7d98-4840-885e-64561de7fd60
绍兴市,0000000D0000002R000000030000000X,49.33,2017/8/5,330600,42744fbf-32e6-4cce-9b8e-849f20fc4e7a
金华市,0000000S0000002Z000000070000000X,7.17,2017/3/5,330700,815afde9-911f-4597-8d50-9fc5ab8b020e
台州市,0000000Z00000031000000070000000X,3.67,2018/11/25,331000,4b6b8f6a-1a62-43f8-9816-410b2878f9e8
台州市,0000000J0000003S000000070000000X,38,2018/12/15,331000,edf9a84e-fbeb-488c-b491-49098085ff2d
金华市,0000001400000031000000070000000X,5.67,2018/12/15,330700,24d3c927-b36d-4595-a12c-eda2cf03d016
宁波市,0000001K00000031000000070000000X,2.7,2017/3/15,330200,c454359c-21c2-4c3c-87ce-736af8111c07
绍兴市,0000000P0000003E0000000700000010,3.9,2019/2/12,330600,fdd9a517-f226-46bd-afac-1b9cfa15ea29
衢州市,0000001700000031000000070000000X,2.5,2017/9/5,330800,9981920e-2f77-4987-b1a9-9dde7899ed7d
杭州市,0000000G0000003F0000000700000010,7.24,2018/6/26,330100,07918a9e-8aaf-4b57-a075-885cdcf01fdc
丽水市,0000001A00000031000000070000000X,4.83,2018/7/5,331100,49c866ad-8c21-48eb-aa1b-3fa96e4caef8
嘉兴市,0000000J0000003Q000000070000000X,40.67,2017/3/5,330400,f3afd5e1-41da-464d-a790-47656ec264f9
台州市,0000000Z00000031000000070000000X,5.17,2017/9/5,331000,4735d1e7-aab5-4d91-9e35-49f169fc50d7
杭州市,0000001500000031000000070000000X,4.57,2017/4/25,330100,af033d33-ab1f-4296-b8aa-2323a34e2085
浙江省,0000000H0000003P000000070000000X,23.38,2019/1/25,330000,c990ba8f-f7c1-4e5d-a758-7bc7a0222a42
嘉兴市,0000000M0000003V000000070000000X,11.67,2018/10/25,330400,d8db3b83-0e79-4ac2-ac90-8437e62d1168
浙江省,0000000C0000002Q000000030000000X,63.76,2017/10/5,330000,78f306e1-69da-4354-b58e-d842980a4c0f
绍兴市,0000000X0000007T000000070000000X,42.33,2018/1/25,330600,9e60275d-da70-4f9c-9497-841b17ecb6f6
杭州市,0000002200000038000000070000000X,3.27,2018/6/25,330100,bbc58d3c-6bb0-45b3-ba30-40db8c689d23
台州市,0000000H0000002T000000070000000X,13.17,2017/7/5,331000,ad4f4b3e-0c77-4c64-a7f5-bbdc4ed3b08d
浙江省,0000001500000031000000070000000X,4.33,2017/4/15,330000,0a904f92-8457-41a2-b0ef-23ef891ae5e2
金华市,0000000G0000003F0000000700000010,9.3,2017/7/11,330700,712e9177-2b85-4c0d-a99e-4ef4762c5801
湖州市,0000000C0000002Q000000030000000X,56.67,2017/4/5,330500,cd4057d8-f9e5-4c27-ad2e-5f2ab165bffb
嘉兴市,0000001700000031000000070000000X,2.83,2017/8/15,330400,a1b6c9ea-de8d-4220-ab14-b9add2136ab8
温州市,0000001Z00000036000000070000000X,6.67,2018/4/5,330300,53ea26ef-dee6-4654-8f4d-cd8a78b25802
丽水市,0000000M0000003V000000070000000X,11.67,2019/2/25,331100,b34cf458-d540-4fde-8152-82458119914d
金华市,0000000D0000002R000000030000000X,42,2019/1/25,330700,223111c8-18e2-4c44-b2ce-b978eb2d7f16
嘉兴市,0000000D0000002R000000030000000X,38.33,2017/7/5,330400,4efae551-7850-4903-99a9-eb17782f9c20
杭州市,0000000H0000003N000000070000000X,15.13,2018/6/25,330100,6c8786c6-2adb-40a1-a064-c0fe95383d64
温州市,0000000C0000002Q000000030000000X,60,2017/1/15,330300,9e470bfa-ce39-4846-8a49-f061582e97f9
杭州市,0000000G0000003F0000000700000010,9.22,2017/9/26,330100,37e42df1-1ac8-4526-9695-57a1ec9d6a2c
衢州市,0000000H0000002T000000070000000X,18.33,2017/4/5,330800,1490fb2f-98a7-4499-9fa5-245af57dc5ff
衢州市,0000000H0000003P000000070000000X,21.67,2017/11/5,330800,7d2d0273-7d12-4b1b-acd6-26157c599b50
温州市,0000001K00000031000000070000000X,2.83,2017/3/25,330300,c5157510-b4a6-417f-ac76-db9048ecd068
金华市,0000001K00000031000000070000000X,3.17,2018/6/5,330700,b43d9ec4-ea96-4e1c-aeba-dbc6216d604f
丽水市,0000000Z00000031000000070000000X,4.17,2018/7/5,331100,7bb18325-cef9-4c51-9e7a-1b48133c6cc3
宁波市,0000002P0000007W000000070000000X,3.1,2017/7/25,330200,477b3053-9bec-4599-a2f8-c48b3ea53ead
嘉兴市,0000000H0000003N000000070000000X,15.67,2017/2/25,330400,eb353c27-942e-40f8-9d8a-bed1c7051146
舟山市,0000000C0000002Q000000030000000X,51.6,2017/6/15,330900,5292da05-d649-4cc6-9b36-8a6c8534e22d
浙江省,0000000H0000002T000000070000000X,16.19,2017/4/25,330000,9ae9140f-f3e1-4278-a507-cb8cfbcee918
宁波市,0000001700000031000000070000000X,3.3,2017/4/25,330200,2963b993-4220-4ab7-9022-195afd137332
丽水市,0000000D0000002R000000030000000X,54.6,2017/9/5,331100,af51dbf1-ad78-4f8d-b2e4-18f0801db194
浙江省,0000001A00000031000000070000000X,4.89,2017/8/5,330000,2cb7cec6-c6ff-49d2-b401-733826da4238
宁波市,0000000H0000003P000000070000000X,25.67,2017/12/5,330200,3504a7c3-d624-40df-952f-1e5dd27aa276
丽水市,0000000H0000002T000000070000000X,19,2018/10/5,331100,451fe01c-5a74-4d75-817a-920c5b2a7554
衢州市,0000001Z00000036000000070000000X,4.67,2017/4/5,330800,79cccb0e-7770-4bf3-838a-aa0e58088091
杭州市,0000000C0000002Q000000030000000X,61.67,2017/11/15,330100,03b21d6f-dc5b-4159-a6a1-b10f1fb1e52a
绍兴市,0000001E00000031000000070000000X,3.83,2017/12/5,330600,4389ac99-5d62-444e-ac9b-525780ee3d01
台州市,0000001500000031000000070000000X,3.33,2017/4/25,331000,1b36944e-c6d8-405c-9b16-3db5824daca7
温州市,0000002U0000007X000000070000000X,4.5,2018/5/5,330300,872fadfd-2a1d-4b95-91cd-2bbc7b35fee3
舟山市,0000001400000031000000070000000X,7.17,2017/3/25,330900,7e2f473b-c1cc-4306-bb5a-bd7b3e6f8bda
舟山市,0000000G0000003F0000000700000010,11.2,2017/4/4,330900,978c81b3-6556-40f3-92f9-547b3b1e355f
杭州市,0000000K0000003U000000070000000X,35.33,2018/8/15,330100,caff9c67-78f4-4c03-afde-88b6cb584757
台州市,0000000P0000003E0000000700000010,2.52,2017/5/2,331000,6f1f07e4-bcb1-4cec-b428-58004c373b55
嘉兴市,0000001500000031000000070000000X,4.67,2017/9/15,330400,fa9604dc-67dc-4b15-acd2-95a4e0b1ae48
绍兴市,0000001K00000031000000070000000X,3.5,2018/3/15,330600,8b8e855f-b4a4-454b-b64d-a82f765b22c3
杭州市,0000000X0000007T000000070000000X,39.83,2017/5/5,330100,d0c81369-40c5-4bf3-8d5b-0fe9177505a7
金华市,0000000P0000003E0000000700000010,4.4,2018/11/13,330700,c83a23b0-df84-4507-808f-79b2afe5b6f4
嘉兴市,0000000P0000002W000000070000000X,4.27,2017/7/5,330400,32a72724-a79f-4d5c-9c76-433505149d29
杭州市,0000000H0000003N000000070000000X,14.33,2019/1/25,330100,b1b149bd-c6c3-4f54-ab6b-27ca9b063a47
绍兴市,0000001K00000031000000070000000X,3.83,2018/10/5,330600,d8f377dc-ecc5-4ee8-b869-ac860204f952
宁波市,0000001Z00000036000000070000000X,6.57,2017/1/15,330200,22983d9c-d333-4cfc-9646-04f6b8ccafd0
丽水市,0000000D0000002R000000030000000X,54.6,2018/10/15,331100,ab366289-340c-4296-b6b5-ce226f03db44
宁波市,0000001E00000031000000070000000X,4.27,2017/5/25,330200,35783035-b4f4-437a-8d4c-f78fe78b50ce
舟山市,0000000D0000002R000000030000000X,44.97,2018/4/15,330900,e68efca3-0605-4925-8570-58fd719bad74
舟山市,0000002200000038000000070000000X,4.5,2018/5/5,330900,5ba58663-2ff2-489b-8fc0-ce854cb145bf
嘉兴市,0000002U0000007X000000070000000X,3.83,2018/9/25,330400,99279a1c-f160-44f2-bfda-d40058de3017
舟山市,0000001Z00000036000000070000000X,7.33,2017/10/15,330900,43ca86e4-ef30-4c64-a1cb-903480e1f099
衢州市,0000000S0000002Z000000070000000X,9.5,2017/8/15,330800,0ba31c89-b4d3-4ee1-9dae-663b04741cde
绍兴市,0000000H0000002T000000070000000X,12.67,2018/5/15,330600,91393940-8088-414d-b288-835d88b2c796
嘉兴市,0000000Z00000031000000070000000X,5.17,2018/1/5,330400,e6fa982b-e762-4810-9c47-515226dd769d
金华市,0000000P0000002W000000070000000X,5.6,2018/8/25,330700,737cf972-e053-4ec6-9c39-566f315329b7
嘉兴市,0000000Z00000031000000070000000X,4.67,2019/3/5,330400,296074a9-4c3f-4a9f-9899-81b37003d8a1
金华市,0000000P0000003E0000000700000010,4.5,2018/11/20,330700,1c0bf3ea-d35d-43f6-b98a-7f9ff372168a
温州市,0000001200000031000000070000000X,4,2017/3/15,330300,1990441e-09cc-4165-8ad7-f55d95320774
嘉兴市,0000000H0000003P000000070000000X,22.33,2019/1/15,330400,81ee5b68-6cde-4878-9f38-43ad59d8370a
丽水市,0000001500000031000000070000000X,3.33,2018/3/25,331100,ddd069e3-545e-4d2f-890d-dc24d68758c7
湖州市,0000002200000038000000070000000X,3.83,2017/1/15,330500,8a10027c-58a0-48d8-808d-e1b25dc302af
宁波市,0000000X0000007T000000070000000X,46,2018/10/15,330200,73c67b68-cbbf-49cc-ac92-08fa40cfbc5c
衢州市,0000001A00000031000000070000000X,7,2017/12/5,330800,0641cbc4-b72d-409a-a685-4c092734e132
丽水市,0000000K0000003U000000070000000X,37.67,2018/7/15,331100,f342843c-6557-4eee-af52-77ee92095f38
温州市,0000001K00000031000000070000000X,4.33,2018/1/15,330300,584a575f-1bb6-4c23-8360-a61052f0cb0f
宁波市,0000000G0000003F0000000700000010,7.27,2018/5/8,330200,5c8376bf-3b56-4977-9cc5-23d1583c81b1
杭州市,0000000J0000003Q000000070000000X,40.5,2017/5/25,330100,c9ed24ab-6ed1-458b-aa1f-bec06bdf9e0c
宁波市,0000001500000031000000070000000X,4.77,2017/11/25,330200,ac95b304-5c1b-4981-9005-3d973838863c
湖州市,0000000X0000007T000000070000000X,35,2017/1/25,330500,752d31ff-d7e7-4f54-8675-ea81b30f79d7
舟山市,0000001500000031000000070000000X,5,2017/8/15,330900,934519f4-70df-4cf1-a652-ba1f135aad11
宁波市,0000000H0000003N000000070000000X,15.5,2017/3/5,330200,b68bc95b-9fdb-4b0e-8e14-0174b4e09eb7
丽水市,0000000K0000003U000000070000000X,37.67,2016/12/25,331100,c3d11402-edef-400d-bee5-ad953fca2715
温州市,0000000M0000003V000000070000000X,14.67,2017/12/5,330300,3e18e1d3-cde2-4fd2-8fc3-8a6e3999aa02
绍兴市,0000000D0000002R000000030000000X,49.33,2018/9/25,330600,47d6abc8-c2f4-48c9-b5d9-b380b32b2777
嘉兴市,0000000H0000002T000000070000000X,18,2017/8/25,330400,1855fa2b-b125-45e1-b80b-11b034024f61
绍兴市,0000000H0000003P000000070000000X,24.67,2018/12/25,330600,2940ab6a-ab9a-4b25-af71-ed080fa123fb
温州市,0000000X0000007T000000070000000X,48.33,2017/2/25,330300,f3fa8077-0512-4036-8d67-51264d4932f9
衢州市,0000000P0000002W000000070000000X,5.33,2018/8/15,330800,2b4b479b-25a1-40e9-b7e3-cc0e1f9cfe12
杭州市,0000000G0000003F0000000700000010,7.47,2018/3/6,330100,70fb92b0-9a0f-4ab9-a0d6-685549792155
舟山市,0000002200000038000000070000000X,4.33,2018/4/5,330900,03f64784-e7e8-4ba3-90c6-221cdfdc79e1
台州市,0000000J0000003S000000070000000X,32.67,2017/4/5,331000,83bcaf62-6316-4d4f-9f43-15c01010e586
金华市,0000000M0000003V000000070000000X,12.33,2018/7/5,330700,17d0fce3-5dfd-4949-82a9-87145c3fc6fb
衢州市,0000000M0000003V000000070000000X,11.67,2017/10/25,330800,d1a9865b-7078-4989-9e5f-b26f6e921388
浙江省,0000001A00000031000000070000000X,5.05,2017/8/25,330000,6f297c20-fcd6-4035-9b94-0115fb9b714c
丽水市,0000000G0000003F0000000700000010,9,2017/8/1,331100,cee64e9f-0308-4635-8843-ddcc59e3bf52
温州市,0000001E00000031000000070000000X,2.83,2017/2/5,330300,83ca6424-5172-42a8-8087-c8f43cb7e86c
宁波市,0000000H0000003P000000070000000X,24.17,2018/4/15,330200,42783339-b6ea-45c0-8217-43d4167eaab5
嘉兴市,0000001500000031000000070000000X,4,2017/8/5,330400,21b650e4-2b5c-445e-bd3f-c0207490c65b
温州市,0000003100000081000000130000000X,63,2017/10/5,330300,d79e1418-0001-484e-ad07-14125f04b66f
温州市,0000000J0000003Q000000070000000X,45.67,2017/7/15,330300,d2d90df5-0d78-421d-99b1-2e32aaff4bc1
绍兴市,0000000H0000002T000000070000000X,13.33,2018/4/5,330600,c983baa2-69de-4e8f-bfe9-69a2d66f0af2
浙江省,0000000P0000002W000000070000000X,5.18,2018/6/15,330000,5e1cb950-e8c7-4b17-b93e-1bbbb95cb03d
湖州市,0000001400000031000000070000000X,6.17,2019/1/15,330500,8feed7f6-9cdc-4ce9-a8ec-51d77ff5f7e5
台州市,0000000P0000002W000000070000000X,4.67,2017/8/5,331000,b53eda28-514b-4dbb-969e-5628f6ceae73
衢州市,0000000P0000002W000000070000000X,5,2018/6/15,330800,fee109c8-2a1f-4e2b-9aeb-9a4b69456365
湖州市,0000000J0000003S000000070000000X,34,2018/1/5,330500,ac98f616-5a58-4d1c-8b0c-f043674a712f
嘉兴市,0000002P0000007W000000070000000X,3.2,2018/5/25,330400,a30f1673-ecc5-4100-91df-f749640610f4
衢州市,0000000H0000003P000000070000000X,23,2018/1/5,330800,67361c74-c360-48c5-9e9c-ff4841052eaa
杭州市,0000000J0000003S000000070000000X,37.33,2018/12/25,330100,8026a597-b0b1-4ba2-bd6f-6a0daa5bd707
衢州市,0000003100000081000000130000000X,77.67,2017/5/5,330800,3eef32da-514d-4a7d-8b26-d12b237ab6f7
舟山市,0000001K00000031000000070000000X,4,2019/3/15,330900,9368c0d7-d359-4ad7-aab8-16f0210ac05e
衢州市,0000000H0000003N000000070000000X,16.33,2019/1/5,330800,5a980471-6ad5-47a7-a83e-b34fdf6052ae
嘉兴市,0000000G0000003F0000000700000010,9.4,2019/2/26,330400,3507d310-2e3d-472d-8881-57a9894f872a
衢州市,0000000S0000002Z000000070000000X,9.33,2017/10/5,330800,ee196d81-e5c4-417a-a805-464d18bdba50
浙江省,0000001Z00000036000000070000000X,5.95,2017/10/15,330000,cb71049a-3e46-4aca-a0ee-62defd2f01ee
湖州市,0000000X0000007T000000070000000X,35,2017/3/15,330500,197be78d-5187-4799-a520-471679a61b26
台州市,0000000Z00000031000000070000000X,4.33,2019/2/25,331000,a6580933-b218-4186-90d7-088412b395d5
嘉兴市,0000000D0000002R000000030000000X,38.33,2017/9/25,330400,d720cc45-45ab-442c-9529-da8873cc46ae
台州市,0000001K00000031000000070000000X,2.33,2018/4/25,331000,e65fcb0a-d4f3-4282-9a8d-ef0477bd10b2
浙江省,0000001Z00000036000000070000000X,6.43,2019/2/15,330000,b6d9e484-e1bf-4a01-b046-ad3ce43c022d
湖州市,0000001500000031000000070000000X,4.83,2017/11/5,330500,b7e29eae-e9bf-4263-97d6-e1ca13c0509c
浙江省,0000000D0000002R000000030000000X,43.95,2016/12/15,330000,a252a2bc-71fe-4d80-89cb-631d3a5c743d
台州市,0000000J0000003Q000000070000000X,38.33,2018/5/15,331000,ed0f65b8-1296-4e55-b2fd-7ce8ebae9658
绍兴市,0000000Z00000031000000070000000X,4.5,2018/11/5,330600,13c26a98-bc70-4264-8df5-95e53ce3fffb
温州市,0000000M0000003V000000070000000X,14.67,2018/1/5,330300,7f285177-3091-4b97-892c-78684a315fc5
浙江省,0000000G0000003F0000000700000010,12.12,2017/1/24,330000,0dfa1b1f-826e-4d40-acee-4e2dd78cd67a
衢州市,0000002P0000007W000000070000000X,3.07,2017/4/25,330800,e0f26648-45e1-44ea-b273-b88842d8dc39
舟山市,0000001A00000031000000070000000X,4.67,2017/8/5,330900,614faa39-d943-405f-9b9d-9e17f599cea2
湖州市,0000000G0000003F0000000700000010,10.3,2018/1/9,330500,3b029fcd-2787-4d66-a483-58601410a715
丽水市,0000000J0000003Q000000070000000X,38,2018/1/5,331100,398a945e-262b-4912-aed8-3ecaa8e2db31
浙江省,0000001K00000031000000070000000X,4.07,2017/8/25,330000,904ebea9-2bb8-4113-a296-b6ce379670ee
湖州市,0000000P0000002W000000070000000X,5.67,2017/11/25,330500,8786b249-7434-4855-bc80-13726bf0bd40
丽水市,0000001400000031000000070000000X,5.33,2017/4/25,331100,22518aa9-6016-4805-85ed-decf7887e2c3
温州市,0000000H0000002T000000070000000X,18.33,2018/2/5,330300,82d417eb-6b41-424d-bd4d-2087eda0ea7a
嘉兴市,0000001A00000031000000070000000X,4.67,2017/10/25,330400,44d19b35-92d4-4819-a549-61dde53fc6c6
绍兴市,0000003100000081000000130000000X,66,2018/11/5,330600,e1d41411-4858-4af1-91c4-fccb96e73141
金华市,0000001Z00000036000000070000000X,6.33,2018/12/15,330700,55a55a51-ccfe-49d6-92bb-5f1662fdf001
杭州市,0000000G0000003F0000000700000010,9.63,2018/8/28,330100,646cc5a4-6b01-45a2-837a-8bec74913423
湖州市,0000000G0000003F0000000700000010,11.95,2017/1/24,330500,9c09be48-30bb-40af-9d1e-165e7ff6c978
温州市,0000003100000081000000130000000X,63,2018/6/25,330300,be32ddba-8413-49a4-9d85-9a6c7a37ef55
台州市,0000001Z00000036000000070000000X,5.67,2017/12/5,331000,84822bc0-2dc2-4eb8-b712-5370bdd11ef8
宁波市,0000001500000031000000070000000X,4.73,2018/5/15,330200,233021fe-c2bf-454c-8719-a183062e4b7c
杭州市,0000000C0000002Q000000030000000X,64,2017/2/15,330100,782ecfa1-9e59-465d-b206-3d7fc842221b
丽水市,0000002U0000007X000000070000000X,3.66,2019/2/25,331100,163bc302-37be-4b31-b686-e8e1275db6f5
丽水市,0000000S0000002Z000000070000000X,9.67,2017/4/15,331100,e2b5d3d8-c730-4e41-88d5-8c6a7365da21
宁波市,0000000G0000003F0000000700000010,11.83,2018/10/16,330200,884b9e51-dcb7-4a55-b25b-3f0cf891d0a1
嘉兴市,0000000H0000003N000000070000000X,14.33,2018/11/15,330400,6f43d91e-8c07-4680-b708-000c564cbfb4
宁波市,0000000C0000002Q000000030000000X,81.67,2017/4/15,330200,9310a15a-a839-4fb7-8bbd-a37e3e6f8907
温州市,0000000H0000002T000000070000000X,18.33,2018/1/15,330300,d0717e00-bb48-41b3-83ed-a0f846cd6f99
温州市,0000000D0000002R000000030000000X,46.67,2017/10/25,330300,bcaf097e-6962-4517-a510-8dbb591cfaa6
舟山市,0000000D0000002R000000030000000X,44.97,2017/7/15,330900,4b460add-14b6-4b7f-8824-b8d97d77fcd4
嘉兴市,0000000M0000003V000000070000000X,11.17,2017/4/5,330400,c9c31216-21d7-498a-8f8b-1d6ff449749a
温州市,0000001Z00000036000000070000000X,7,2018/10/5,330300,290e6cdd-604d-4cc4-9f20-5c4b8fb6f43f
舟山市,0000001700000031000000070000000X,2.77,2018/11/5,330900,6ce0525f-4a0b-4d55-a099-e74530eeda01
衢州市,0000000D0000002R000000030000000X,38.33,2018/4/15,330800,e9b7d9be-feb2-41ee-a962-d9f5f79ec6a2
杭州市,0000001Z00000036000000070000000X,6.4,2018/11/5,330100,be0d462d-4f63-43c4-b7cc-5fb28e08de4a
金华市,0000001E00000031000000070000000X,2.67,2017/3/25,330700,f5142a50-2a04-46fc-a3d0-e2ca2247407f
丽水市,0000000Z00000031000000070000000X,2.5,2017/5/5,331100,8c62ef4a-f6dd-4510-a125-085dcf0d3330
衢州市,0000002200000038000000070000000X,2.67,2018/3/25,330800,77016ffb-391b-4a48-8808-855b920e04b0
浙江省,0000000M0000003V000000070000000X,12.74,2018/11/25,330000,c44a0878-3db9-4da6-b8cc-93adb3f6bba7
金华市,0000000H0000003P000000070000000X,18.33,2018/4/5,330700,b8a3dd51-3721-4840-bc12-e18285b79a06
舟山市,0000000H0000003N000000070000000X,15.33,2018/11/5,330900,a2584846-1dac-4a7f-954e-7dc7453b7cd1
绍兴市,0000000G0000003F0000000700000010,9.68,2017/5/16,330600,1617b762-529e-4ca7-a1f5-668c28a06e6d
嘉兴市,0000002P0000007W000000070000000X,3.2,2017/4/5,330400,ea125e57-80c8-4506-954e-896e2cc8c181
温州市,0000000S0000002Z000000070000000X,9,2018/5/15,330300,50156aca-b577-4bb1-b344-4fe51c1083bb
绍兴市,0000002200000038000000070000000X,2.6,2017/8/25,330600,4ac1c996-d4d5-46d1-a1be-8c2b7402fbe3
浙江省,0000001A00000031000000070000000X,7.76,2018/2/25,330000,04f62aa6-b275-46bb-a275-a8f502dc17a7
嘉兴市,0000001E00000031000000070000000X,3.67,2017/4/25,330400,e557e069-9af4-4a9e-80cb-03c647b23933
浙江省,0000003100000081000000130000000X,85.93,2018/5/15,330000,f8093344-daf2-41bf-9fbf-1a4bc8b3f509
湖州市,0000000H0000003N000000070000000X,14,2017/10/25,330500,f5a7b0fe-b156-4055-aeb7-24512bcfa578
金华市,0000000H0000003N000000070000000X,12.83,2017/12/25,330700,7090b2d2-b92d-4e09-8bb2-89d730fcefd7
丽水市,0000000H0000002T000000070000000X,14,2017/6/5,331100,1e80e077-163f-4d9b-8239-f595530b5e59
衢州市,0000000J0000003Q000000070000000X,39.33,2017/4/5,330800,6da4d227-d985-403f-884b-7dbf87b79287
绍兴市,0000000C0000002Q000000030000000X,57.67,2018/9/5,330600,8979e464-978f-42ca-900e-04a4a8526dab
丽水市,0000000J0000003Q000000070000000X,37.33,2017/4/5,331100,410bed92-af0f-42c1-a557-16eab44907a4
丽水市,0000000P0000003E0000000700000010,4.7,2018/12/18,331100,63edf765-e7c9-4807-a8e1-17c9e4041a6f
浙江省,0000001Z00000036000000070000000X,6.41,2018/12/25,330000,20b62ea6-3d93-486d-b208-c8f69a93e070
温州市,0000001500000031000000070000000X,6.17,2019/2/15,330300,4d304f12-7746-4839-9f83-6e42928c21fb
宁波市,0000000H0000002T000000070000000X,15.1,2018/8/25,330200,b02bbda9-9a82-4125-b264-53ace2c2ffd1
湖州市,0000001400000031000000070000000X,4.83,2018/8/15,330500,aaaf2de0-e2eb-4992-9708-f61781ba7caf
台州市,0000000J0000003Q000000070000000X,41.67,2019/3/15,331000,b0bfc81d-2584-4317-b4e2-4418d2d58ab4
浙江省,0000002P0000007W000000070000000X,3.13,2019/2/15,330000,c593d741-867e-4bc7-894c-a2650505aeec
金华市,0000000H0000002T000000070000000X,15,2017/11/15,330700,136a5726-830a-4054-a6a9-28654fa7d007
舟山市,0000001700000031000000070000000X,2.83,2017/5/25,330900,bb9eb9fe-9b3c-425e-a753-0b77df9a124b
绍兴市,0000001200000031000000070000000X,3.17,2017/5/5,330600,a21cd3b4-d465-4ed7-abc1-9f918c245f2f
温州市,0000000J0000003Q000000070000000X,47.33,2017/6/5,330300,b1358323-1f09-44d4-bec7-eade0db3fb5b
绍兴市,0000000X0000007T000000070000000X,41,2018/1/5,330600,c36dbc78-c2c5-444b-aa64-7ad8c425b5e7
嘉兴市,0000000H0000003N000000070000000X,15,2018/1/5,330400,53d398ea-e690-4f47-af0a-524b825d5450
宁波市,0000000M0000003V000000070000000X,14.33,2017/6/25,330200,a3df372c-dac4-4916-96cb-158da6555cce
舟山市,0000000X0000007T000000070000000X,43.33,2017/9/25,330900,2e3cdad4-5f5b-4263-8042-ea6a5148b681
湖州市,0000001Z00000036000000070000000X,5.33,2017/4/25,330500,03c3c3ac-9952-4889-a73b-2d03fd43da3c
温州市,0000002P0000007W000000070000000X,2.17,2017/5/5,330300,686ce0db-408a-452a-bff6-496a476ac5dd
绍兴市,0000000Z00000031000000070000000X,2.83,2018/3/25,330600,a88c6e52-e9af-4ca1-939e-810842db0a04
金华市,0000002U0000007X000000070000000X,3.93,2019/2/5,330700,b655262f-48b1-489b-8ade-7b3300ae5a69
金华市,0000000D0000002R000000030000000X,42,2018/10/25,330700,d59d5c1a-b221-4da6-90ed-d6b01be225dd
绍兴市,0000001700000031000000070000000X,2.67,2018/5/15,330600,638509b3-2dee-42a6-8737-92b50d04b3a6
绍兴市,0000000J0000003Q000000070000000X,38.33,2017/7/15,330600,8b000237-2bee-449d-a439-0dc1bb6a8bb2
衢州市,0000002200000038000000070000000X,3,2019/2/25,330800,28cd23a0-9c28-4b3a-997a-3cf1f660b439
舟山市,0000000H0000003N000000070000000X,15.33,2017/11/25,330900,ac16df84-411f-4353-b41d-f70fbf6e10fc
湖州市,0000000P0000003E0000000700000010,4,2019/2/19,330500,2512f672-335c-4914-859b-b9b4db44b138
衢州市,0000000K0000003U000000070000000X,33.67,2018/3/25,330800,acd8ab25-aa08-446c-a018-ed6197533314
宁波市,0000000X0000007T000000070000000X,44.33,2018/10/25,330200,8b034f60-144d-44d3-9d1d-22ee3c0eb3b2
金华市,0000000S0000002Z000000070000000X,8,2017/9/25,330700,9669c78c-cef2-4e20-a0c1-f88ba8e62313
杭州市,0000001500000031000000070000000X,5,2018/12/15,330100,a8133efe-1214-442c-b30d-0e005d860771
丽水市,0000000D0000002R000000030000000X,54.6,2017/10/15,331100,6b17dd9a-69b7-46ce-8731-eb87a236f346
衢州市,0000001200000031000000070000000X,4.67,2018/11/5,330800,cb281b97-4814-49b3-8a50-478c3d565235
衢州市,0000000H0000003N000000070000000X,15.67,2016/12/15,330800,68cef263-4612-4ce4-aa1f-6c97be8dae56
宁波市,0000001E00000031000000070000000X,4.2,2017/4/15,330200,03b03a8d-fd58-4247-a5f9-f0e21ebd3af0
宁波市,0000000X0000007T000000070000000X,38.67,2018/3/15,330200,1ca1f79c-8ee3-4342-ac87-cae1b3cc4133
嘉兴市,0000000C0000002Q000000030000000X,66.33,2017/10/25,330400,f9ef1f02-eab3-473f-b4b3-72034112f703
舟山市,0000000X0000007T000000070000000X,46.67,2019/2/15,330900,66e06998-8d62-40df-8b9d-dee4eb9ccf08
衢州市,0000001400000031000000070000000X,5.17,2018/6/15,330800,ce8ebcfd-2d0a-40c6-af70-95e825d7dcc4
宁波市,0000000G0000003F0000000700000010,10.27,2017/11/28,330200,5571e99d-43f6-4c65-bf9c-b01dfaa12f0b
丽水市,0000002U0000007X000000070000000X,3.66,2018/8/5,331100,99a0a680-5a2c-49de-98b3-1b99da53ac55
浙江省,0000000P0000003E0000000700000010,2.71,2017/5/23,330000,99870a51-5c7e-4c43-ac96-ff24c5e091ae
嘉兴市,0000000C0000002Q000000030000000X,68.67,2019/1/5,330400,09eb9b2a-8bde-43ee-9ddd-2b681af0b62b
金华市,0000001A00000031000000070000000X,6,2017/10/5,330700,3e9707a3-f084-4127-9e2b-aab9dfed0901
湖州市,0000000Z00000031000000070000000X,5.17,2017/7/5,330500,cb74642e-58fb-44ff-bb61-b2cbdbadd1c4
杭州市,0000001500000031000000070000000X,4.43,2018/4/25,330100,ad7c9ad9-aacf-4542-b437-63674a7205a3
金华市,0000001Z00000036000000070000000X,6.17,2018/10/15,330700,b6ee9262-0730-4686-83cc-a186aa8e517d
台州市,0000000C0000002Q000000030000000X,63.33,2017/12/5,331000,4880f2a9-a9d5-4bed-81a6-2df09744777a
温州市,0000000H0000003P000000070000000X,25.67,2017/1/5,330300,1807baf4-b886-47e4-8951-f60766c05a7f
台州市,0000000S0000002Z000000070000000X,10,2018/10/25,331000,0568a4c6-5ce4-400a-9dc1-a589d7f70e96
宁波市,0000000J0000003Q000000070000000X,42.33,2018/3/5,330200,6d32bedb-bf76-4622-84c0-1c1b181a985a
绍兴市,0000001700000031000000070000000X,2.67,2017/5/25,330600,39a3f09a-3e78-4221-92ba-80a48c41e524
温州市,0000000P0000003E0000000700000010,4.63,2017/12/19,330300,fafb524f-4d0f-4622-aba5-500ee72913c6
绍兴市,0000002P0000007W000000070000000X,2.33,2018/8/25,330600,94788854-a3a9-44cf-be35-cbea40a20b74
宁波市,0000000H0000003N000000070000000X,14.83,2018/2/15,330200,f32cb067-c794-401e-85e2-bc6992454c9d
浙江省,0000000C0000002Q000000030000000X,63.71,2016/3/5,330000,1dfb475b-9527-4d85-9947-d39424c3404a
温州市,0000000P0000003E0000000700000010,3.68,2018/4/24,330300,bf308ab3-ff52-4548-b7e9-73bfd7cec1c9
嘉兴市,0000001A00000031000000070000000X,4.83,2017/1/5,330400,8a0dbe12-cde7-4d14-ba9b-aa71c6476ee0
衢州市,0000000J0000003S000000070000000X,39,2019/2/25,330800,9cdcdaee-9ef8-4a48-85d2-403ac96740c5
台州市,0000000H0000003P000000070000000X,25.67,2017/4/5,331000,8c954c5d-79e9-41e8-85ad-53bf50ddf922
湖州市,0000000P0000002W000000070000000X,5.33,2018/4/15,330500,e4f6c392-4f57-4195-978c-70344769ff7f
浙江省,0000000D0000002R000000030000000X,43.32,2018/12/5,330000,0036a551-de9f-4290-9250-99e53d56189e
温州市,0000000S0000002Z000000070000000X,11,2017/6/5,330300,4a3d2271-c5ed-49fd-9129-439250daffcd
绍兴市,0000000X0000007T000000070000000X,55,2018/4/15,330600,11907204-06ac-4d30-b15e-c74b6597041e
浙江省,0000000D0000002R000000030000000X,43.4,2018/4/15,330000,963e0cbf-004b-44ec-8e01-696b816224ed
舟山市,0000001400000031000000070000000X,5.33,2018/5/15,330900,416dffa7-2dea-4b4a-aa21-fac4e415af9d
嘉兴市,0000000H0000003N000000070000000X,15,2018/2/5,330400,917f6def-ae31-43e4-b753-151b8f03150a
绍兴市,0000000S0000002Z000000070000000X,9.27,2017/9/5,330600,607e75b4-e046-4f4c-8ace-e0f6f6be2c99
丽水市,0000002P0000007W000000070000000X,2.43,2017/3/25,331100,1f03eb46-22ec-4cde-840e-d68b709da80c
金华市,0000001700000031000000070000000X,2.33,2017/11/15,330700,3879313f-0d38-491f-a1a0-f9181ae9f412
绍兴市,0000000J0000003S000000070000000X,34,2018/6/15,330600,474384ad-8900-4a5c-a226-17aba2d2e612
湖州市,0000000H0000002T000000070000000X,16.67,2017/5/5,330500,1230780d-91d8-41a8-a8b4-5caab3f012d6
绍兴市,0000001700000031000000070000000X,2.5,2017/4/25,330600,5ff9d8b1-a6a2-40b4-bd37-3530ea8c7e1e
金华市,0000000H0000003P000000070000000X,20.33,2017/3/5,330700,915d324c-efaf-44fa-8f29-2365c067cead
嘉兴市,0000001A00000031000000070000000X,4.5,2017/5/5,330400,017bc110-f708-4994-b1ca-01ba85be1b87
宁波市,0000001200000031000000070000000X,5.2,2018/9/15,330200,7116c14f-779a-44a8-af06-1386d18cd023
浙江省,0000000M0000003V000000070000000X,12.14,2017/6/15,330000,3d4a6907-2f5f-4297-89c7-f062233b7c05
台州市,0000000J0000003S000000070000000X,34.33,2018/5/25,331000,896c5fa1-ec54-4173-9f41-13e32871ccb0
浙江省,0000000H0000002T000000070000000X,16.92,2018/12/15,330000,484ffc77-4207-49e4-8621-62cd455a4420
衢州市,0000001E00000031000000070000000X,5.17,2018/11/5,330800,73f348e5-71a7-4340-88f7-ae0d67f06419
嘉兴市,0000001200000031000000070000000X,3.83,2018/11/15,330400,258bfcd3-a0b9-400f-a762-f4ff624b770d
浙江省,0000002P0000007W000000070000000X,2.87,2017/2/5,330000,2b136f6e-3b4f-48a8-b507-f66057f1f04f
杭州市,0000001400000031000000070000000X,5.33,2017/10/15,330100,1b5e974d-0a5c-4e2d-bbc9-5165df4a87b3
台州市,0000000P0000003E0000000700000010,4.82,2017/12/5,331000,718b3383-f2e9-4bfe-8fda-eea26696eb86
宁波市,0000001K00000031000000070000000X,3,2018/1/25,330200,1e0600bb-f20e-4b20-bbf5-7cb15f688ee2
绍兴市,0000000H0000003N000000070000000X,12.5,2018/4/15,330600,f34dd1bf-a24f-4bee-81fd-be2a1d525998
杭州市,0000001A00000031000000070000000X,5.33,2017/5/5,330100,95c72943-34e8-4ca6-8724-ac5acc1b87ff
浙江省,0000000J0000003S000000070000000X,34.77,2017/12/15,330000,42275b28-8b6c-4c63-b3fb-e46e6ba2962d
丽水市,0000000P0000002W000000070000000X,4.27,2017/4/15,331100,8f9241e9-e8c2-4776-84a4-f4474b1c6de4
湖州市,0000001400000031000000070000000X,6.33,2017/3/15,330500,2349e64a-0d97-4f7c-aae0-bcc9561ab881
舟山市,0000000Z00000031000000070000000X,5,2017/8/25,330900,048480aa-4c86-4013-90b7-891b592b11a1
丽水市,0000000H0000003P000000070000000X,19,2017/5/25,331100,da124a57-f745-410c-8281-81d2175a1cd4
宁波市,0000001A00000031000000070000000X,4.93,2017/9/25,330200,4b6e3906-5961-4c0c-92b3-346e97685be2
台州市,0000000Z00000031000000070000000X,4.83,2018/7/5,331000,45cbe9da-4f56-49fb-af54-38ee853576f4
绍兴市,0000000D0000002R000000030000000X,52,2017/3/25,330600,5f9b091b-3528-40a2-9d70-cb8d30be0d68
衢州市,0000000S0000002Z000000070000000X,9.67,2019/2/5,330800,d82d2309-0b70-4e1a-a79e-9298ba40e727
温州市,0000000Z00000031000000070000000X,3.17,2017/4/15,330300,53b21396-edc0-4cbc-94c6-57cd33788a4b
金华市,0000001A00000031000000070000000X,4.83,2018/7/5,330700,5266c887-42fd-4e5d-b5eb-9f1d5813a590
丽水市,0000001500000031000000070000000X,4,2017/7/25,331100,a1267269-f088-442b-a6d0-3c3bff8acb69
舟山市,0000000Z00000031000000070000000X,4.83,2019/3/15,330900,0f3bf9ec-dba5-4161-b6d7-dc74012ab59b
嘉兴市,0000000J0000003S000000070000000X,33.67,2018/12/25,330400,c3a02727-f2ed-4379-aa85-1a216ab03e3a
杭州市,0000000H0000003N000000070000000X,14.33,2017/12/5,330100,78193ab1-e4ef-4ebf-a688-0a467ec643fe
嘉兴市,0000001400000031000000070000000X,4,2018/11/15,330400,f7ab0da3-00e5-441f-866c-3a6aab9923eb
金华市,0000000H0000002T000000070000000X,16.33,2018/12/25,330700,faceed57-78f1-46ac-8747-2f2de2359bb6
衢州市,0000001K00000031000000070000000X,2.33,2017/4/25,330800,e0204a0f-4b33-446a-b1f0-0e8cb23c89ff
嘉兴市,0000000G0000003F0000000700000010,10.8,2019/1/8,330400,d20eab32-af7c-4dc6-ae2b-d7134930341e
台州市,0000001Z00000036000000070000000X,6.33,2018/12/15,331000,e0075b9e-8574-4e16-b544-55a50e9a6328
金华市,0000000C0000002Q000000030000000X,68.17,2017/9/5,330700,ed1710f2-076d-4127-95a7-fec6ab269f02
舟山市,0000001K00000031000000070000000X,3.5,2019/2/15,330900,d8eba7eb-1408-4636-b062-5871cc8e2a8c
嘉兴市,0000000P0000003E0000000700000010,4.43,2018/6/26,330400,07797a57-b8b9-40f2-bcc3-b3370d752c10
金华市,0000000P0000003E0000000700000010,2.5,2017/5/30,330700,7cbb2ac3-f510-4eac-be98-8b62eda9fb93
台州市,0000000G0000003F0000000700000010,9.6,2017/4/25,331000,62d150d2-3457-447f-a1e8-88cb5349931c
绍兴市,0000000J0000003Q000000070000000X,39,2017/7/5,330600,1366f731-c7f5-4424-bb06-07e8894dcd8b
绍兴市,0000001E00000031000000070000000X,3.17,2018/12/25,330600,444aef85-b909-434c-982d-7243272ae7ca
湖州市,0000000J0000003S000000070000000X,37,2019/2/25,330500,9a8ce5d6-0245-4214-ae01-17e68c9f6230
绍兴市,0000001Z00000036000000070000000X,3.77,2017/10/15,330600,c4c61db2-1d4d-46d6-8a60-026874538208
湖州市,0000001400000031000000070000000X,5,2018/5/25,330500,4b70007d-d0c6-44e2-8851-cd49c9b39622
浙江省,0000000H0000002T000000070000000X,14.22,2018/7/5,330000,cb52baa6-1a2e-413b-b3ea-1f8ea0c4d8de
嘉兴市,0000001200000031000000070000000X,5.5,2019/1/5,330400,7cfbbe07-f8f5-46eb-8b3c-e2533b98ca08
温州市,0000000H0000002T000000070000000X,17.33,2017/4/5,330300,3b661ac5-20c0-4657-be34-4bcbc8d7e1ae
宁波市,0000000H0000003P000000070000000X,28.17,2017/2/25,330200,c26d6f13-36d4-4106-80ad-45e81d20125d
浙江省,0000000S0000002Z000000070000000X,9.35,2017/11/5,330000,fbeec88c-bc0c-4a90-b6dc-3b7b31f22302
衢州市,0000000P0000002W000000070000000X,5.67,2017/12/5,330800,902f553c-46aa-4d77-b1ab-d3eddd36864c
金华市,0000000P0000003E0000000700000010,2.5,2017/6/6,330700,4db2737e-2c36-4208-baf8-aa5e36fc8852
浙江省,0000001K00000031000000070000000X,3.37,2017/12/25,330000,4199ea45-511a-437f-966f-5a46395d301a
金华市,0000001E00000031000000070000000X,4.83,2018/9/5,330700,2f09174b-2056-49ee-bb11-1e79a65baf91
杭州市,0000000H0000002T000000070000000X,17.5,2017/2/5,330100,7678163e-27ca-4faf-aa62-5fa7ae316a91
宁波市,0000000G0000003F0000000700000010,9.5,2017/5/16,330200,72510e50-ecb5-4550-96b6-eac5969dfed9
宁波市,0000002200000038000000070000000X,3.83,2018/3/25,330200,f7e62e30-25bf-40ee-a6c5-80af286441eb
台州市,0000000Z00000031000000070000000X,2.33,2017/4/25,331000,9ab63b4f-6ad6-449f-8af2-a19f418752ea
台州市,0000000Z00000031000000070000000X,3,2017/2/15,331000,d0da0284-e0d7-4da1-a379-6136e79cd949
温州市,0000001400000031000000070000000X,6,2017/3/5,330300,d8ae3ee5-b013-4e54-ab58-d3a8912c5254
舟山市,0000000X0000007T000000070000000X,45.33,2017/8/5,330900,c715cbd8-869c-4dda-acef-50876fb0a471
浙江省,0000001K00000031000000070000000X,2.98,2017/6/15,330000,3d6fd250-46b1-41ff-89c3-188bd8d043ea
绍兴市,0000000P0000003E0000000700000010,4.6,2017/11/14,330600,27f1aeac-12a1-45e6-90ab-563afbd6baf7
杭州市,0000000H0000003P000000070000000X,21.33,2017/10/25,330100,ae98f2ab-d29c-4cf4-b01f-e5389bf40c35
台州市,0000001200000031000000070000000X,3.5,2016/12/25,331000,21307830-409b-4e1e-ab7d-97d7cb535dbb
台州市,0000000P0000003E0000000700000010,4.62,2018/8/7,331000,1231264c-9f63-44cc-a784-5fd2658d99b4
绍兴市,0000000H0000002T000000070000000X,14.67,2018/9/5,330600,f3fd1692-7efc-4bd0-a9ae-380e3080b9ad
衢州市,0000000D0000002R000000030000000X,38.33,2017/9/15,330800,7779e914-bb88-40c3-b7a8-00db095c8684
浙江省,0000002P0000007W000000070000000X,3.07,2019/3/15,330000,08e0334b-52c2-41be-8e35-24afb8854fb0
衢州市,0000000P0000003E0000000700000010,3.95,2018/5/8,330800,41fa5ccf-2b20-4204-818d-2a320a575b16
温州市,0000001A00000031000000070000000X,5,2017/8/25,330300,b20d19a7-42c6-4e54-ac8b-2bc5bdc5d957
丽水市,0000002200000038000000070000000X,3.16,2018/2/25,331100,db3ccf7e-b068-4b24-b912-cc3784a3676e
丽水市,0000002P0000007W000000070000000X,2.6,2017/4/5,331100,163096b5-d4a7-41a4-b23f-497dae67c5e9
绍兴市,0000000H0000002T000000070000000X,15.67,2018/9/25,330600,7b4e0d86-0601-49e5-a031-918ea8aed991
嘉兴市,0000002U0000007X000000070000000X,4,2018/6/15,330400,958b8b22-f848-422e-994e-af71a724476e
舟山市,0000000M0000003V000000070000000X,13.67,2017/2/25,330900,f110b2d8-a29f-490e-90a9-56c8c467ec02
浙江省,0000003100000081000000130000000X,91.21,2017/2/15,330000,7dd5ab3f-24a0-4bdc-9d17-8ca093f2bc50
嘉兴市,0000000G0000003F0000000700000010,9.85,2018/11/6,330400,d87b813b-9855-4e74-97df-88a335941b8d
宁波市,0000001700000031000000070000000X,3.17,2017/11/25,330200,5cf377a2-b9a8-4015-a190-c9a8da9e4d6f
浙江省,0000000J0000003Q000000070000000X,39.56,2017/8/5,330000,2fb5b7f3-1362-42c8-80bd-d84f2af9ad86
舟山市,0000001Z00000036000000070000000X,7,2018/1/25,330900,6fc9132a-ea27-4e18-81e2-9cbb76e32a35
湖州市,0000001E00000031000000070000000X,4.83,2017/1/25,330500,141c9e99-95a7-450d-aacb-120867c8c318
舟山市,0000000S0000002Z000000070000000X,11.67,2018/5/25,330900,884764ba-cbf7-491d-a026-799234e9ccce
绍兴市,0000000S0000002Z000000070000000X,7.83,2019/2/25,330600,22e3b689-1725-4226-aada-79a63998a786
杭州市,0000001A00000031000000070000000X,5.53,2018/9/5,330100,76d3e015-727a-4458-92d1-29231db9b713
丽水市,0000002U0000007X000000070000000X,4.66,2017/8/15,331100,9f6bc6ba-78c8-47e4-882b-f8eb47aafaa3
宁波市,0000001700000031000000070000000X,3.23,2018/2/5,330200,cc3f4597-4446-4f5a-9ab1-35c404305933
杭州市,0000001K00000031000000070000000X,4.03,2018/8/25,330100,596ace69-c424-4090-98b2-61998b955d6d
杭州市,0000000M0000003V000000070000000X,10.5,2017/9/5,330100,bee477d9-73aa-4277-ab8c-70653abd3937
金华市,0000000H0000002T000000070000000X,15.83,2019/3/15,330700,0e92a5b6-1ca0-4de2-8c83-5af6bdd330d6
绍兴市,0000000K0000003U000000070000000X,36.67,2017/12/5,330600,eaaf8343-8d23-479f-b09d-82c564c9448c
舟山市,0000002P0000007W000000070000000X,3.33,2018/9/25,330900,5714c75d-9d2c-4e17-9d0a-cf42fdb1d65e
嘉兴市,0000001500000031000000070000000X,4.33,2017/5/5,330400,383bf1bf-1fad-4c6b-842a-2d4c869c356f
宁波市,0000001K00000031000000070000000X,3.57,2017/11/25,330200,a6599735-c444-4fd7-8a9f-4501ebabf1b0
浙江省,0000000J0000003S000000070000000X,39.18,2019/2/15,330000,fb90da3e-cc79-4bc5-8d77-78cee55c17d5
嘉兴市,0000001Z00000036000000070000000X,5.67,2017/6/15,330400,46b9bb1d-496d-403e-aa3e-b7abaedeebc7
嘉兴市,0000001200000031000000070000000X,7,2019/2/15,330400,e66d1cdc-287c-4ea4-a0ca-d0964e0e95f6
衢州市,0000002200000038000000070000000X,2.17,2017/2/25,330800,84aa944b-909c-4f5a-ac49-b4727801e58e
金华市,0000001500000031000000070000000X,3.5,2018/6/5,330700,eb5530e3-b748-4179-9b45-02c033c94294
丽水市,0000000H0000002T000000070000000X,14.33,2018/2/5,331100,2b105e35-b3ea-4888-acbb-bd56d35cac51
湖州市,0000001200000031000000070000000X,5,2018/3/15,330500,f714a8a2-353f-460e-ac7a-09d867224cc4
舟山市,0000001400000031000000070000000X,5.83,2018/7/15,330900,f2d96693-b8fa-4971-bb1c-9f0580ec3a24
杭州市,0000000G0000003F0000000700000010,9.56,2017/5/2,330100,f36d9642-9c61-4bf1-a954-245450396845
湖州市,0000000H0000003P000000070000000X,18.67,2017/8/25,330500,bce230eb-1f0a-46ca-99aa-c8cb5887617c
温州市,0000000P0000002W000000070000000X,6.1,2019/1/5,330300,1ff99936-06e7-4958-9195-193b70502641
丽水市,0000000H0000003N000000070000000X,12.67,2018/3/15,331100,f9d636c6-6150-4607-8f8a-b590acc6eab6
杭州市,0000000H0000002T000000070000000X,16,2018/8/5,330100,5abd8541-f2f1-413e-9ede-068dc44b8836
杭州市,0000000S0000002Z000000070000000X,8.27,2017/10/25,330100,610aa524-3c64-4194-8733-c122877a9558
绍兴市,0000001E00000031000000070000000X,4.5,2017/8/5,330600,fd8198c4-a87d-4635-ba24-5c8e40d9291d
宁波市,0000000M0000003V000000070000000X,14.7,2016/12/25,330200,865af61d-1c98-47b9-8286-d29e62612ea1
宁波市,0000001E00000031000000070000000X,4.27,2017/6/5,330200,64b892a7-f85f-458a-87e9-70282b8efc43
湖州市,0000001700000031000000070000000X,3.17,2018/2/5,330500,4fc8a749-42f4-4a8d-b1bb-c5f85aaa2118
宁波市,0000000J0000003Q000000070000000X,38.5,2017/4/15,330200,65112d51-8202-4c48-b8c1-4f7cfc630955
湖州市,0000001700000031000000070000000X,3.33,2017/4/25,330500,f9dd64ab-3be1-4793-9e01-fc34fb9317ff
衢州市,0000001E00000031000000070000000X,5.17,2018/3/5,330800,a576a761-4f30-4574-9a90-9f3cfc3035bf
衢州市,0000000S0000002Z000000070000000X,9.67,2017/5/5,330800,d8c20f39-57b6-4a93-9fc8-4f131eeb4da4
绍兴市,0000001K00000031000000070000000X,3.5,2018/6/25,330600,2532d0fc-c7d1-458a-9b98-a7036df435c1
杭州市,0000001500000031000000070000000X,4.23,2017/7/15,330100,9e443219-ce4e-4ff1-a121-a00d015e4d95
浙江省,0000001400000031000000070000000X,5.14,2018/11/15,330000,6b18d3ee-d7c8-4046-ae31-f0496ba80a43
嘉兴市,0000000H0000003N000000070000000X,15.17,2018/10/15,330400,3c65ae3b-8b31-41a8-8041-370f2b53f150
湖州市,0000000G0000003F0000000700000010,10.1,2017/5/2,330500,f72025ba-5fa7-49d7-aec6-fd2e52a5fe90
绍兴市,0000001A00000031000000070000000X,4.33,2018/9/5,330600,2547572c-b8d0-49a1-b43a-42800cc6bd3f
浙江省,0000001500000031000000070000000X,4.19,2018/5/5,330000,1a9ffc30-e84a-4f4a-a6f7-abbda045f628
丽水市,0000002200000038000000070000000X,3,2017/12/15,331100,7d3d98c4-7697-4f06-a226-c622d667ea94
嘉兴市,0000001K00000031000000070000000X,3.67,2017/1/5,330400,ccb15265-4c4d-4429-9510-0c2510dac98a
温州市,0000002200000038000000070000000X,3.5,2018/4/15,330300,807936dd-946a-43f6-bf70-71d97fdfb4a8
嘉兴市,0000001E00000031000000070000000X,4.17,2017/4/15,330400,6fd8e0b5-125d-495e-a5e0-8db40bbb3919
丽水市,0000000P0000002W000000070000000X,5.5,2018/12/25,331100,170aad48-3ddb-418b-8b1f-d0d039440592
杭州市,0000000C0000002Q000000030000000X,62,2017/7/15,330100,ba92827c-17ea-4115-b649-e3c322f073be
台州市,0000002U0000007X000000070000000X,4.5,2017/12/5,331000,37484c6d-a2d9-4bbf-9bb2-49053732a345
台州市,0000000M0000003V000000070000000X,10.67,2019/2/5,331000,4311f5a8-857e-43b3-a347-9a78b8c5e498
温州市,0000001Z00000036000000070000000X,6.67,2017/7/15,330300,42074867-5e1b-4040-9891-1d185a45d133
嘉兴市,0000000J0000003Q000000070000000X,40,2018/7/5,330400,d36f4356-1a7b-4c71-a308-7a90b90833e0
杭州市,0000000J0000003Q000000070000000X,45.33,2019/1/15,330100,82e0c973-73f0-4e65-a716-ed3891041c2e
舟山市,0000000J0000003S000000070000000X,37.67,2018/12/5,330900,54bcb20a-1e4b-4926-a1b2-6d1d9718da3d
宁波市,0000000D0000002R000000030000000X,44.43,2017/10/15,330200,470c8957-e2e2-4d46-a9f8-a8b611a47a9f
湖州市,0000000P0000003E0000000700000010,3,2017/3/7,330500,3c1c9c3c-15a4-45e3-aa84-30a5ee75555b
湖州市,0000000J0000003S000000070000000X,36.33,2019/1/15,330500,35377475-b0a0-4a84-8bdb-580a571ffd0d
绍兴市,0000000J0000003S000000070000000X,34,2018/7/15,330600,a0e0bd4c-dc34-4cce-a961-a6e274b8d8b2
丽水市,0000000P0000003E0000000700000010,4.3,2017/10/10,331100,10dc588d-0f87-482e-9dd0-b314b653313f
宁波市,0000002U0000007X000000070000000X,4.87,2017/8/15,330200,5050eb57-3a1e-417c-80c6-4e5bbd7cec79
绍兴市,0000000H0000003N000000070000000X,15,2017/3/5,330600,58fabfc0-d367-4ca2-b960-65637a1b51f7
宁波市,0000000H0000003N000000070000000X,14.23,2018/1/15,330200,f0cf1d00-8575-47a0-a7d6-7e53a70b831e
舟山市,0000001400000031000000070000000X,5.5,2018/12/15,330900,ed039a14-78a4-4641-b476-48d405a42aae
绍兴市,0000000Z00000031000000070000000X,4,2018/1/15,330600,217cc99a-581d-42e5-9e28-d283b192ed80
金华市,0000001Z00000036000000070000000X,5.83,2018/8/5,330700,4422dc47-d318-4e91-b8ee-780655df283f
丽水市,0000000P0000003E0000000700000010,4.7,2018/12/4,331100,1549b453-8a91-48f2-9d56-9ce003af111b
绍兴市,0000001500000031000000070000000X,2.83,2018/7/15,330600,90bc4648-280b-4fbc-8ba1-63ae38329943
舟山市,0000002P0000007W000000070000000X,3.33,2019/1/15,330900,f6d12b80-655a-4388-99ad-c6e4e7dc9580
湖州市,0000000K0000003U000000070000000X,0,2018/5/5,330500,5c08ce65-e531-437e-ad9e-c17448d9f889
嘉兴市,0000000H0000003P000000070000000X,22,2017/3/25,330400,aa569191-8b79-42d1-ba67-44e7bc5fe381
温州市,0000000S0000002Z000000070000000X,9.33,2018/10/5,330300,54daa2d5-1495-4928-af69-98b644e111aa
温州市,0000000J0000003Q000000070000000X,46.67,2018/6/15,330300,9034fa3a-b906-49ad-bb76-e9a4e93d0fb1
金华市,0000001A00000031000000070000000X,8.17,2018/1/15,330700,ca43740e-fbb5-4a22-a906-2c21921e0996
丽水市,0000001500000031000000070000000X,5.83,2018/11/5,331100,1c27ef39-664d-4d11-b490-62bba1793d4e
浙江省,0000003100000081000000130000000X,94.39,2018/3/15,330000,11dfcfcf-ab04-40ab-b013-0e6eaeb7177d
舟山市,0000000H0000002T000000070000000X,13.67,2019/2/15,330900,b449f88f-be85-4f36-ac22-0d43666002ce
嘉兴市,0000000S0000002Z000000070000000X,9.5,2018/7/5,330400,1080a768-3780-4d7a-874c-3aa86a71d517
杭州市,0000000H0000003N000000070000000X,14.33,2018/12/5,330100,f257ea78-5e30-4fc9-9d8e-3a49519245cc
温州市,0000000X0000007T000000070000000X,48.33,2018/3/25,330300,b20840e8-ec19-4a77-8434-cb8dfbe3a49a
丽水市,0000000H0000002T000000070000000X,14,2017/11/15,331100,5bf22c8d-6e13-40e5-be1a-9917fae5841a
金华市,0000001200000031000000070000000X,2.83,2016/12/15,330700,fb1b8214-2843-4c96-9c08-f64d8a28366a
浙江省,0000000C0000002Q000000030000000X,64.67,2017/1/25,330000,77afefb2-5824-443f-bb79-574746970b93
舟山市,0000000P0000002W000000070000000X,4.67,2017/3/15,330900,cb1fd02d-a5cd-4339-8db6-4e563811c0e8
绍兴市,0000000K0000003U000000070000000X,38,2017/4/15,330600,14cc280b-850d-4823-beea-9d92723eaf37
嘉兴市,0000002200000038000000070000000X,3,2017/7/25,330400,5dcdc1a9-517d-459d-a32b-0212eac85845
宁波市,0000002P0000007W000000070000000X,3.1,2017/4/15,330200,916e9397-654c-4c1c-a267-0f39972955f9
绍兴市,0000001500000031000000070000000X,5,2019/1/25,330600,98919bd0-c5de-40f4-ab5f-314642a7ac26
宁波市,0000002200000038000000070000000X,3.8,2017/5/5,330200,b4be7b78-2727-4c43-b1b6-416e9a1e3837
金华市,0000001Z00000036000000070000000X,5.67,2017/12/5,330700,546adaf8-be42-4d7a-bd17-b6338bf9987a
杭州市,0000002U0000007X000000070000000X,4.5,2018/10/15,330100,c00e26a9-26da-4c84-969c-7081ff137dc0
丽水市,0000001500000031000000070000000X,4,2017/6/15,331100,19feccb7-ee78-49ce-bdc3-28cc12e41c3e
杭州市,0000001A00000031000000070000000X,5.13,2017/8/5,330100,96b59547-56bb-4d4b-9923-d70ec10bcffa
湖州市,0000003100000081000000130000000X,73,2018/11/15,330500,40c5ff67-1f98-4e77-a6d7-4cf63d6128c9
浙江省,0000000X0000007T000000070000000X,41.62,2017/2/5,330000,67d90669-8a8f-4d72-90f8-d3419e5cbd3f
台州市,0000000M0000003V000000070000000X,10.67,2019/3/5,331000,8f28eb1d-d7b1-4201-8012-5dad077b12db
衢州市,0000000P0000002W000000070000000X,4.5,2018/4/25,330800,c9a19a68-0c27-4113-a4c0-8ff3293a1f03
丽水市,0000001500000031000000070000000X,5,2017/3/25,331100,9ea012f2-47dc-45f4-a803-d07abdf75069
宁波市,0000000M0000003V000000070000000X,14.5,2017/4/15,330200,f1bec411-629e-4d7e-9fa7-828da4f633cb
湖州市,0000000P0000003E0000000700000010,4.6,2018/10/16,330500,b2d6327b-2191-4af8-afda-343b65eadbd8
湖州市,0000000J0000003Q000000070000000X,39.67,2018/6/15,330500,927b6913-8d6c-4519-8381-2dccd1596d25
温州市,0000000K0000003U000000070000000X,48,2017/4/15,330300,8eb93852-b9f3-4576-856f-1762fa916f94
杭州市,0000000Z00000031000000070000000X,5.33,2019/3/15,330100,379d1f2d-aaa7-49c7-931a-451f110c5c2f
宁波市,0000001200000031000000070000000X,4.17,2017/11/5,330200,efeb5943-fd6a-4281-8de8-f1cb687e87e2
金华市,0000000D0000002R000000030000000X,44.67,2017/4/5,330700,81802857-b195-4fae-b5b1-8194d34e2b3e
金华市,0000000C0000002Q000000030000000X,68.17,2017/4/5,330700,3e6f971b-2254-4a9d-a8f2-3acd1eaaae27
杭州市,0000001200000031000000070000000X,3.57,2017/6/5,330100,33812caf-fcba-47f6-923c-a77f9f699d42
衢州市,0000000G0000003F0000000700000010,12.7,2018/10/30,330800,e712aeac-6dfa-40e6-ad39-1a03a5c58e69
浙江省,0000000G0000003F0000000700000010,9.82,2018/8/28,330000,f95811a7-e56b-4162-9200-cde3e0a1295d
宁波市,0000000H0000002T000000070000000X,15.5,2018/1/15,330200,8f4085e1-e04a-4abd-be91-936d98434e88
衢州市,0000000J0000003S000000070000000X,35.67,2018/6/15,330800,cfa62d9a-f270-4826-b83e-216f10e9cdc7
衢州市,0000001700000031000000070000000X,3.33,2017/3/5,330800,c0037894-95eb-4218-855d-85e57fe461d0
杭州市,0000000G0000003F0000000700000010,9.35,2017/11/28,330100,4ddff03a-8d21-4b34-b3e3-7a01a4243e0b
丽水市,0000000S0000002Z000000070000000X,9.67,2018/5/5,331100,22d54c71-50f5-4a2c-b2b7-f3df7c33bf68
金华市,0000000G0000003F0000000700000010,11,2018/10/16,330700,8e5c83e7-1ce4-48b8-bc3f-0cbef1d12999
丽水市,0000000P0000002W000000070000000X,4.2,2017/4/25,331100,ddbb2f54-9ef7-44f3-b9e9-1f26d3ea4869
舟山市,0000000G0000003F0000000700000010,9.65,2017/7/18,330900,33658a75-da17-4175-9471-a9fbc2a3513d
丽水市,0000003100000081000000130000000X,84,2018/7/5,331100,edf1f865-e24b-43de-ac5d-6a892e69edf6
宁波市,0000000X0000007T000000070000000X,39.5,2017/3/25,330200,a848085c-fca9-4c43-a6dd-4e5027e42b30
金华市,0000002200000038000000070000000X,2.67,2017/4/5,330700,05b8ad7f-5e58-462a-a288-037bf50ccf00
杭州市,0000000P0000002W000000070000000X,4.7,2016/12/15,330100,5e2bad2a-7c3f-4e96-b190-854f46477375
杭州市,0000001700000031000000070000000X,2.67,2018/10/5,330100,9236ce01-5584-4aa0-a2a9-8a0e283c1668
绍兴市,0000000J0000003Q000000070000000X,46,2018/11/5,330600,5ae448dd-521c-48bd-839d-346f4d6ac159
衢州市,0000000P0000002W000000070000000X,5.5,2017/11/25,330800,6c5e6465-bd5f-4e80-8af1-066e226bbf9f
丽水市,0000000D0000002R000000030000000X,54.6,2018/5/25,331100,bc40e0dd-4e31-4333-9871-2dd140082a93
嘉兴市,0000000J0000003Q000000070000000X,40,2018/10/5,330400,e5a81eca-ab20-4a95-ba70-9bb6a0900365
宁波市,0000000H0000003N000000070000000X,14.67,2017/12/25,330200,8668707f-1240-445d-9233-7f92c6181222
宁波市,0000000C0000002Q000000030000000X,83,2017/1/25,330200,93575e9f-0264-472f-9108-f2e029cd5d98
湖州市,0000001700000031000000070000000X,3.17,2018/4/25,330500,f223a25e-24a4-4b88-b7f8-1637bd77d928
金华市,0000000H0000003N000000070000000X,14,2018/11/15,330700,2fd1050f-86d8-4563-8739-e4ba46b4d637
嘉兴市,0000001700000031000000070000000X,2.83,2017/10/5,330400,e3e3c030-e398-40ef-90e1-5b73ba3e91a9
衢州市,0000000S0000002Z000000070000000X,8.83,2019/1/5,330800,dd0d7f6d-f3d2-4ee8-9861-d45130bf7b0c
杭州市,0000000J0000003Q000000070000000X,42.1,2017/11/25,330100,42f6ca55-5013-40fb-9d8e-ba6920e52935
温州市,0000001200000031000000070000000X,4,2018/7/15,330300,b71e863a-6f45-448a-bacc-c2799fa03355
绍兴市,0000001400000031000000070000000X,4.33,2017/9/15,330600,cbe4489e-244c-4961-8bd0-1564e93989ed
杭州市,0000002U0000007X000000070000000X,4.17,2017/2/25,330100,768699bf-6756-48b8-b929-a6f7c9c65fc6
舟山市,0000001E00000031000000070000000X,4.33,2018/2/15,330900,c2f3f6fd-dc73-4009-8482-97f1bfe4bbc3
衢州市,0000000D0000002R000000030000000X,38.33,2017/9/5,330800,06493bf8-ac8d-45a0-b8ef-2b4cf58bab50
宁波市,0000000J0000003S000000070000000X,30.33,2017/12/25,330200,49d2e34e-4863-4a34-8226-ba966e42a7ec
宁波市,0000000J0000003S000000070000000X,30.67,2018/1/25,330200,c0b1bcce-45f2-4d13-88f6-bf0acbad4391
丽水市,0000002200000038000000070000000X,3.16,2017/8/15,331100,75711d92-6041-4d93-8a14-cdd747994868
台州市,0000001K00000031000000070000000X,2.67,2018/1/25,331000,2afc6a1b-5303-409f-82cf-5613b42b6ef1
温州市,0000000H0000002T000000070000000X,17.33,2017/10/25,330300,364036a2-8a39-4899-9714-0364dbb5b75c
浙江省,0000002P0000007W000000070000000X,3.07,2017/8/15,330000,5e4889a8-1a0b-41e9-b56c-dfaf332d80e2
杭州市,0000001A00000031000000070000000X,5.77,2018/7/25,330100,a188e0bc-21ff-48fc-b03c-aa9f1212c5b2
湖州市,0000000Z00000031000000070000000X,5.33,2018/8/5,330500,e67193fd-1c35-4b45-b087-8da1f6f01cf6
湖州市,0000000H0000003N000000070000000X,13.5,2019/1/5,330500,2d018432-3798-4096-a058-5fe3c996d76b
湖州市,0000001400000031000000070000000X,5.67,2018/9/5,330500,b5ac83f7-9931-4d75-ac06-e6550e80da3c
台州市,0000001400000031000000070000000X,5,2018/8/15,331000,ce199739-096a-40ba-b53e-aa6502acbd01
舟山市,0000001200000031000000070000000X,4,2018/5/15,330900,087e722a-91a8-4e5c-9464-af0164f6db8d
嘉兴市,0000001200000031000000070000000X,5.5,2017/1/25,330400,b89450df-19a9-49a5-a883-143a584f9d1c
杭州市,0000000H0000002T000000070000000X,17,2018/1/15,330100,d8175333-4b86-4d8e-9cf8-2c5bfbf5db57
温州市,0000001Z00000036000000070000000X,8.5,2017/4/15,330300,43fa1c17-42fe-4257-ba44-009aa3101ce1
衢州市,0000001200000031000000070000000X,4.67,2018/12/15,330800,3856ce1c-583c-4c44-a274-2f9cb044eda8
绍兴市,0000000S0000002Z000000070000000X,7,2017/1/25,330600,50d4c714-598b-41ca-b204-4b2633f8e8a4
浙江省,0000000C0000002Q000000030000000X,63.82,2017/7/25,330000,ae998fe3-b5f1-43de-800f-b76e2062b3bb
金华市,0000000G0000003F0000000700000010,7.6,2018/6/12,330700,f95ffcb9-11f7-4ae3-a5b1-1214c087d111
宁波市,0000000S0000002Z000000070000000X,10,2018/4/5,330200,b59f497f-daf4-45e5-9bea-63a20ea88fad
金华市,0000000D0000002R000000030000000X,44.67,2017/3/25,330700,5650a245-2e07-4dc6-84bb-7c8c4367297a
台州市,0000000C0000002Q000000030000000X,63.33,2018/2/15,331000,4a41f842-0cdb-4eb1-a059-b8acccc75da5
绍兴市,0000002P0000007W000000070000000X,2.2,2017/5/5,330600,ae526f1f-f6be-461d-8d41-4cdd7e4dd37b
舟山市,0000001700000031000000070000000X,3.33,2017/4/25,330900,bb86c751-926d-4e44-8a1c-0a0d9f65c62c
湖州市,0000000H0000003P000000070000000X,19.33,2017/2/15,330500,9179d562-d66e-401d-9c89-c3a9deebdcd3
湖州市,0000000K0000003U000000070000000X,0,2017/11/25,330500,c5bf9ad5-2745-41fb-bc39-0c037527d89d
衢州市,0000002200000038000000070000000X,3.33,2018/11/25,330800,28090a0b-d822-4a84-bd9f-7be7cfd0ae30
温州市,0000000J0000003S000000070000000X,42.67,2018/9/15,330300,f7c7607b-8c5c-4eb4-9cf6-9868bf888317
台州市,0000001500000031000000070000000X,4.33,2016/12/15,331000,12afec89-7013-4fea-962d-da20b4ff3d9a
金华市,0000001400000031000000070000000X,7,2017/3/25,330700,0fac2eb4-a60e-4951-b34e-d336916c83b3
浙江省,0000002U0000007X000000070000000X,4.25,2017/8/5,330000,5ae312a8-9f5d-4fa6-8c87-ef607dfb8096
金华市,0000001K00000031000000070000000X,3.17,2018/7/15,330700,b89256d8-f8d9-4c38-b4f7-36b80195137d
丽水市,0000001E00000031000000070000000X,3.17,2017/11/15,331100,7dad1931-3d41-47b9-90f9-bb42a31050c7
湖州市,0000003100000081000000130000000X,77,2017/11/5,330500,9c383cff-8bd4-4523-b111-7ac605500f1d
温州市,0000001200000031000000070000000X,4.67,2018/8/15,330300,fcb7f8f5-1b6b-43ac-be99-0144c63aec97
衢州市,0000001400000031000000070000000X,5.67,2018/12/25,330800,493a44d9-17a2-44eb-ba38-aa98f30466a5
金华市,0000000J0000003S000000070000000X,36.67,2018/11/15,330700,0d097d5d-bca3-46c4-88e0-24a92d6ee347
浙江省,0000000J0000003S000000070000000X,36.92,2018/10/15,330000,a617de26-25b9-4af5-bc05-5c1c3ccf08b0
丽水市,0000000H0000002T000000070000000X,17.33,2018/9/15,331100,08efe857-a7b3-4c1f-97b6-e4977387c141
衢州市,0000003100000081000000130000000X,77.67,2017/2/25,330800,f110bf8f-876e-49bc-b71c-7f381ea6a735
丽水市,0000000J0000003S000000070000000X,34.33,2017/4/5,331100,f55a7c1a-b328-4f29-8aa3-626a4108a74f
浙江省,0000001K00000031000000070000000X,3.02,2017/1/15,330000,07d65577-0465-4ae5-8125-e05b224a7334
杭州市,0000001200000031000000070000000X,4.03,2018/6/5,330100,46a9f521-042b-4d43-bb29-f7a23cef5d65
金华市,0000000P0000002W000000070000000X,4.1,2017/4/25,330700,0576cdda-d1fd-4757-a10a-8b1105803a2b
杭州市,0000000P0000002W000000070000000X,5.53,2019/1/5,330100,8c5a4d0a-2d85-4d6c-bd47-b659ddc0bfe3
温州市,0000003100000081000000130000000X,63,2019/3/5,330300,9a13d56f-3feb-4766-ad93-895bc78a8617
浙江省,0000000J0000003S000000070000000X,34.99,2018/6/25,330000,fd9af926-edc4-4972-bed1-5a0598028736
温州市,0000001200000031000000070000000X,3.83,2017/4/15,330300,a8d2286f-fe1d-480f-aa21-0e2d3468f3a2
台州市,0000000J0000003S000000070000000X,35.33,2018/1/25,331000,43f2d682-7921-455d-ac89-00e0931e2349
衢州市,0000002P0000007W000000070000000X,3.06,2018/8/25,330800,a2c17e9e-ef26-420a-aae2-05d538b76db7
衢州市,0000000H0000002T000000070000000X,19.67,2017/1/15,330800,3ff268e7-8640-45e4-a289-912726927c0e
台州市,0000002U0000007X000000070000000X,4.5,2018/3/25,331000,a9d9c4fb-3f58-463d-a664-424ff883e9e6
金华市,0000000G0000003F0000000700000010,9.7,2017/10/3,330700,dae9afd8-c793-4f08-8148-b2490c78b622
嘉兴市,0000001A00000031000000070000000X,4.83,2017/4/5,330400,8174c9b3-8d3e-40b8-ac53-e0551f121652
宁波市,0000000J0000003Q000000070000000X,38.33,2017/7/5,330200,5f80a9c3-692a-401f-a9cd-fd93d865cfe7
湖州市,0000001K00000031000000070000000X,4,2018/3/25,330500,bd47e2e2-0cc1-4dda-ae23-b680c706228c
湖州市,0000000X0000007T000000070000000X,35,2018/10/15,330500,3b69abcd-6800-4304-bbd8-076aaf911966
湖州市,0000000D0000002R000000030000000X,38.67,2017/5/5,330500,1217e493-a9f7-4201-b559-a66e44000759
丽水市,0000000H0000002T000000070000000X,11.67,2018/5/25,331100,7668c64c-a999-4c0f-97c3-e3f9e4048c4c
丽水市,0000000G0000003F0000000700000010,10.2,2018/1/2,331100,7d42207c-0182-47bd-b6d1-3b36a07f6eb4
台州市,0000001K00000031000000070000000X,3.5,2018/8/25,331000,72180fb0-1292-4f64-82bf-a6f5c8876c8e
嘉兴市,0000000C0000002Q000000030000000X,66.33,2017/2/15,330400,509a4a50-20af-48af-b788-77840d31de8d
湖州市,0000000S0000002Z000000070000000X,9.17,2019/2/15,330500,2f45f834-484e-47e4-92b4-df2e879a85ef
湖州市,0000000P0000003E0000000700000010,3.5,2017/2/7,330500,eb4ff1d2-b5f2-4892-aeaf-7ddb5e7b92e2
台州市,0000002200000038000000070000000X,2.5,2017/9/25,331000,e535f0a3-c62f-46ed-8495-99f302774c3b
衢州市,0000001500000031000000070000000X,5.33,2017/1/25,330800,7f447999-4957-4d46-9e0d-3fb10dc61f5c
台州市,0000000H0000003N000000070000000X,12.33,2017/10/25,331000,2a49f5cf-da51-452a-9ee3-22f75ac1f7c6
丽水市,0000002U0000007X000000070000000X,4.66,2017/3/25,331100,22f06ecf-747e-47c8-89f4-200e4244687c
宁波市,0000001500000031000000070000000X,5.17,2017/1/5,330200,e051f860-a73e-4548-bd95-b44cbf350e4e
浙江省,0000001500000031000000070000000X,4.53,2018/3/5,330000,39e4af3c-7c35-4045-8a60-07f961f9f8ce
金华市,0000001200000031000000070000000X,3.17,2017/10/15,330700,44b23ebe-4c49-491b-b58d-f76394f4d543
温州市,0000002U0000007X000000070000000X,4.5,2018/4/15,330300,c2ebfaf0-9340-4d32-bb64-e6711152c630
舟山市,0000001700000031000000070000000X,2.83,2017/7/25,330900,37cc6bd3-076e-4426-b80a-e01f467691df
浙江省,0000000M0000003V000000070000000X,12.15,2017/6/5,330000,bcb3c24b-0053-4f3b-a1d6-b86ab5270df6
金华市,0000000Z00000031000000070000000X,2.5,2017/2/15,330700,3e960085-8162-42b3-a45b-82513cdd0095
台州市,0000000P0000003E0000000700000010,3.92,2018/5/29,331000,e97e26a2-ccf1-4622-b8c6-c1f26279f0cb
宁波市,0000000J0000003S000000070000000X,30.5,2017/4/25,330200,9f2d584f-89e6-4e13-8a1a-96cfe5642ac0
温州市,0000002200000038000000070000000X,3.5,2017/6/5,330300,00ad3200-a9f9-4fa3-96df-6ef56539a7f6
湖州市,0000000Z00000031000000070000000X,4.67,2019/3/15,330500,11e957a2-6157-4138-b87e-76e6a37762b1
宁波市,0000001A00000031000000070000000X,4.5,2017/3/25,330200,d075ee24-866b-4064-bdc4-730f17d0b707
杭州市,0000002P0000007W000000070000000X,2.87,2017/9/5,330100,cfa3b5f1-0b53-4db5-af49-abb11cd6a756
台州市,0000001K00000031000000070000000X,2.67,2016/12/25,331000,81904eea-e218-4e73-8819-5b78a831fd27
嘉兴市,0000001Z00000036000000070000000X,5.67,2017/7/15,330400,128f6552-d9d3-4af6-959c-03f62154d376
丽水市,0000001400000031000000070000000X,5,2018/10/15,331100,756bae06-8fe4-4b5d-a68d-ae9470b51de3
舟山市,0000001500000031000000070000000X,6.67,2018/10/5,330900,75fb1b40-bbd6-4756-a6a9-bf9ad67372a2
衢州市,0000000G0000003F0000000700000010,9.5,2017/12/19,330800,08078940-240d-40e6-b6bc-ffbe8df12b74
宁波市,0000000G0000003F0000000700000010,10.65,2017/4/18,330200,8a015862-675e-4b34-86c8-3ae185a1f329
金华市,0000000J0000003Q000000070000000X,45,2019/2/25,330700,f35cd04f-b4f6-4a93-a5ac-b2b9812732b9
金华市,0000000H0000003N000000070000000X,10.5,2018/6/15,330700,0911cbd1-3a34-4587-9e1e-1e9b102808f9
台州市,0000001Z00000036000000070000000X,6.33,2017/8/25,331000,328c4416-5bc3-4254-8b69-90dc6147c1bc
衢州市,0000002P0000007W000000070000000X,3.07,2017/4/15,330800,916a2a46-9a9d-49d9-aa61-579f92428953
温州市,0000001700000031000000070000000X,3.17,2017/10/25,330300,e2cd068a-711c-4eef-92ae-600e14352868
浙江省,0000001700000031000000070000000X,2.89,2019/1/15,330000,085ca695-31fb-4c4d-845a-2eebb01c149d
丽水市,0000001K00000031000000070000000X,3.33,2017/4/15,331100,de3f9d60-f062-431f-89df-f295ba85a805
绍兴市,0000000K0000003U000000070000000X,36.67,2018/2/5,330600,0ea60de7-2b28-43b7-86ea-f472a58e6372
杭州市,0000001500000031000000070000000X,4.67,2017/5/5,330100,eb30e35a-0bf2-49b4-9f85-c31495965093
湖州市,0000000P0000003E0000000700000010,4.8,2017/11/14,330500,a43f5b79-141b-4e18-b715-6807fff4615c
绍兴市,0000001A00000031000000070000000X,3.67,2017/8/5,330600,d8e71517-a9b1-4db9-8674-7875048a2a1a
温州市,0000001500000031000000070000000X,5.17,2017/10/5,330300,160ab579-74cf-4bcb-97d3-211435466f41
舟山市,0000000P0000003E0000000700000010,4,2017/2/28,330900,d89ce543-f00b-498b-8a07-4b71924d3db6
丽水市,0000000J0000003Q000000070000000X,42.67,2018/10/15,331100,4118004e-9e31-48a8-b646-a3e41c48e7e0
浙江省,0000000X0000007T000000070000000X,36.63,2017/1/5,330000,2b0031c4-4a15-4611-afd8-e94e944ad295
浙江省,0000002200000038000000070000000X,3.41,2017/5/5,330000,8feda806-d02b-4fd0-80f3-0b16c4933800
宁波市,0000002U0000007X000000070000000X,4.7,2017/10/15,330200,4245b076-d482-422c-ae29-ada84b502626
浙江省,0000000X0000007T000000070000000X,37.38,2018/6/25,330000,f947f772-ff29-479b-b31d-50d9e535b1f0
湖州市,0000000H0000003N000000070000000X,14,2017/8/15,330500,f6a76be0-1d1e-4587-92d8-9e5f0a9cdf18
宁波市,0000000J0000003S000000070000000X,30.5,2017/4/25,330200,694acec6-7ef1-4f10-a4c8-c6b100d6bfca
绍兴市,0000002U0000007X000000070000000X,4.67,2018/2/25,330600,ccca828d-b539-4321-8d8c-436941134531
舟山市,0000000H0000003P000000070000000X,22.33,2018/6/25,330900,0d101d5e-5474-4c88-a996-f9638cd35040
嘉兴市,0000000P0000002W000000070000000X,5.67,2017/9/5,330400,efeec5b3-6e37-4d68-8b20-530b4d32b23b
衢州市,0000000S0000002Z000000070000000X,8.67,2018/3/15,330800,6e81902f-5957-4da6-87e4-ccfac21bdcfe
舟山市,0000000H0000003P000000070000000X,24.67,2017/9/5,330900,296f0aee-2016-4cf7-babf-130262ff1344
嘉兴市,0000000H0000003N000000070000000X,14,2019/2/25,330400,5c3cce9a-9752-45ec-a1ed-58eb24d5ad25
丽水市,0000000D0000002R000000030000000X,51.27,2017/1/5,331100,e8dca24c-e0fa-42d7-b4e3-ee248fb779fb
宁波市,0000000P0000002W000000070000000X,6.27,2018/2/25,330200,5befae1f-58b8-4e38-9e60-8b66189e8f60
台州市,0000001500000031000000070000000X,5,2018/11/25,331000,fb21ca7b-86df-413f-a9da-8e2750cab1f2
丽水市,0000001700000031000000070000000X,2.83,2017/4/25,331100,26335b48-6d3a-437e-b9dd-ef959efb5654
湖州市,0000000K0000003U000000070000000X,0,2017/7/25,330500,996fc234-b5aa-4128-a0b2-bb2f8d4bbfbf
嘉兴市,0000001A00000031000000070000000X,5.83,2018/12/5,330400,a09f9cad-68f2-4409-8984-e3d2b1954a0f
杭州市,0000001A00000031000000070000000X,5.03,2017/4/5,330100,bb09c1cc-c5be-4770-8c20-e7343b77cf6c
温州市,0000000H0000003P000000070000000X,23.67,2018/7/5,330300,822a1539-3958-4ca2-9f7e-2c9c9d5bcfc2
丽水市,0000000J0000003S000000070000000X,34.33,2017/4/25,331100,1d7c82d8-7c7a-4c8d-b695-9e0c2e01b2cd
金华市,0000002U0000007X000000070000000X,4,2017/8/5,330700,b88fb05d-2dd5-4d35-867a-8f46115bffb4
嘉兴市,0000000H0000003P000000070000000X,26,2018/9/15,330400,55e9a522-1d73-4803-b1a7-81cf5988036a
绍兴市,0000002P0000007W000000070000000X,2.33,2017/7/25,330600,b21c1422-4535-4ddc-bad3-f6d76fd4fe32
宁波市,0000001200000031000000070000000X,5.33,2018/10/25,330200,6b4d9f94-9b59-4049-ae11-8268eb53a218
杭州市,0000000C0000002Q000000030000000X,62,2017/4/15,330100,57a35959-5664-48a3-8d7c-7fb6b285fc93
衢州市,0000002U0000007X000000070000000X,5,2018/10/25,330800,058478ba-61fd-4b91-9e04-3200755d52c8
温州市,0000000J0000003Q000000070000000X,47.67,2017/10/15,330300,45af7d8f-4dac-436a-9441-540330757fbe
舟山市,0000000P0000003E0000000700000010,5,2017/9/26,330900,34b32fc7-d565-4aba-bbb3-176bd0c0c910
衢州市,0000001700000031000000070000000X,2.83,2017/4/25,330800,eee92ffe-bd40-4948-a815-764bc43fbeec
湖州市,0000000J0000003Q000000070000000X,38.33,2017/5/15,330500,a966843a-2b64-4148-900b-cc419db52cec
温州市,0000000J0000003S000000070000000X,43.33,2017/3/5,330300,0bcb2ddd-3fa6-4087-b84b-2fb6cee8e025
衢州市,0000001200000031000000070000000X,3.33,2018/7/25,330800,4db3aed0-9dbb-4426-9302-afd83e54fb8b
杭州市,0000000X0000007T000000070000000X,39.5,2017/6/5,330100,151c8469-f9bf-40c9-b57c-680aa411375d
衢州市,0000000C0000002Q000000030000000X,69,2018/12/15,330800,0ae5da3b-b28f-408b-8c43-cfb7b37401b7
丽水市,0000001Z00000036000000070000000X,5,2017/3/15,331100,4b5930e5-8600-4f78-bf5e-2e0bda30ad19
绍兴市,0000000Z00000031000000070000000X,5,2018/2/5,330600,03a148a9-afae-4db4-9843-ecb39fc56449
杭州市,0000001A00000031000000070000000X,5.77,2018/5/25,330100,9d59bfee-3182-4a40-aa10-2245d6dfd04a
浙江省,0000000H0000002T000000070000000X,14.97,2018/4/5,330000,b91dabf4-966b-4697-b4e3-0992b09d875d
温州市,0000001400000031000000070000000X,5.83,2017/5/15,330300,50141e0e-0b9b-4e01-8e5a-aad476bf6940
嘉兴市,0000000D0000002R000000030000000X,38.33,2017/12/25,330400,7c96ab34-f0ff-4682-b683-b56b60b0902f
衢州市,0000000H0000002T000000070000000X,20,2017/2/5,330800,7dceba4e-0ee1-4986-8ca2-f2b82b46ba79
舟山市,0000001A00000031000000070000000X,5.33,2017/2/25,330900,b1499936-52fb-4c13-be37-cec51d1a2ec7
浙江省,0000001E00000031000000070000000X,5.05,2018/3/5,330000,ff69cde0-1101-441f-b7fe-258cab2d7064
绍兴市,0000000G0000003F0000000700000010,10.02,2018/1/23,330600,1c12292f-bdc2-40a1-a9d3-755dba259e4e
湖州市,0000000C0000002Q000000030000000X,57.67,2017/4/25,330500,f4977a31-39d9-4c1c-b5c2-a34346073db6
嘉兴市,0000000G0000003F0000000700000010,7.5,2018/3/27,330400,ac77925c-8a62-4e7c-b393-2026f23ec943
舟山市,0000000J0000003Q000000070000000X,44.67,2019/1/15,330900,c5e1b87a-4eec-434d-a719-a6cb8eb3d999
湖州市,0000000C0000002Q000000030000000X,57.67,2018/6/5,330500,5a9fa91c-ffbf-428a-8e09-fc4854ec7ccd
嘉兴市,0000002200000038000000070000000X,3.17,2018/6/5,330400,d60d95ad-5110-405c-b30f-8302c5f8cce1
杭州市,0000001K00000031000000070000000X,4.33,2018/1/5,330100,daf1a623-046d-4607-81fd-6b246972ea30
嘉兴市,0000001500000031000000070000000X,4.83,2018/4/5,330400,b4407179-b1ec-4202-91e0-50b92ab7d7c9
湖州市,0000002P0000007W000000070000000X,3.89,2018/7/5,330500,3743cb5f-e794-427c-b7b4-bda5c58e21ca
舟山市,0000001K00000031000000070000000X,2.67,2017/5/5,330900,3ab3477c-64b6-4954-be70-e6251cbf8e47
衢州市,0000001500000031000000070000000X,3.5,2018/4/5,330800,97b6a325-64ae-46bd-bda6-c3a83ce74eb3
湖州市,0000001A00000031000000070000000X,7.33,2018/10/5,330500,0e8fb387-a3fb-4042-b442-29894667c8e8
舟山市,0000000C0000002Q000000030000000X,51.6,2017/5/5,330900,4e44f3b6-55f3-497c-b8cd-f2d2dfee39a1
湖州市,0000001Z00000036000000070000000X,5.67,2017/6/25,330500,a14f0821-4077-460c-9401-ab180c134e53
宁波市,0000001400000031000000070000000X,8.67,2019/3/15,330200,f532de5f-52ee-4c4d-b80b-47a478ae8c8f
金华市,0000000Z00000031000000070000000X,4,2017/10/5,330700,7c9debad-df99-4ee1-8f6c-212eb0f31fe1
温州市,0000001A00000031000000070000000X,4.67,2017/4/5,330300,c92d392d-872c-4d96-a636-19d34f523e2f
温州市,0000000G0000003F0000000700000010,10.31,2017/3/21,330300,aa74cdd8-0142-42a6-835d-68de8f322072
浙江省,0000000X0000007T000000070000000X,36.82,2019/1/15,330000,43f5d5d3-bb81-41c8-8f72-174ca3978c61
衢州市,0000000H0000003N000000070000000X,12.67,2017/7/25,330800,96ca8687-9861-4df9-922d-5c38ab3c8988
台州市,0000000X0000007T000000070000000X,26.67,2017/4/15,331000,57f85815-7b22-4b49-bec7-c6c33aa31816
杭州市,0000000C0000002Q000000030000000X,62.67,2017/12/25,330100,3d194a02-9c44-4921-a029-328c7a23b51d
衢州市,0000000K0000003U000000070000000X,34.33,2019/3/15,330800,3ca2cbe2-6619-4d3e-a909-821a9fb6154a
温州市,0000000H0000003P000000070000000X,24.33,2017/5/15,330300,d239da00-a179-41c1-8c3a-b0da9e43513f
衢州市,0000000X0000007T000000070000000X,22.67,2017/12/5,330800,3e042aab-d97f-45eb-900c-822a97c9e2b5
衢州市,0000001Z00000036000000070000000X,5.67,2019/3/5,330800,3aed1b92-6475-4236-8efd-294bf9d6141d
温州市,0000001A00000031000000070000000X,6.33,2018/2/5,330300,30d2ad1c-2f7c-4906-81f8-437be05f70dd
嘉兴市,0000000H0000003P000000070000000X,21.33,2018/7/5,330400,b646c23a-d25d-49b4-998e-71d1a504e44c
宁波市,0000003100000081000000130000000X,175.33,2017/9/15,330200,f2e955f1-6080-443a-ace6-009ba2a009d2
台州市,0000001500000031000000070000000X,5.67,2018/11/15,331000,7a7f609f-4f00-4fb1-83ab-e881dbf37e8f
金华市,0000000G0000003F0000000700000010,10.4,2018/12/11,330700,c606f9e9-812d-4448-9247-4266bc826f2e
绍兴市,0000001A00000031000000070000000X,4.17,2016/12/25,330600,34f45198-726f-44cc-97cb-5b6540d20a3a
嘉兴市,0000003100000081000000130000000X,79,2017/1/15,330400,9fb0ea62-7619-4ab4-851a-a126841d4bfe
绍兴市,0000002P0000007W000000070000000X,2.33,2017/8/15,330600,6fafba37-1709-45d3-aff7-c232bad10086
杭州市,0000000H0000002T000000070000000X,16,2018/8/25,330100,3ad3d252-f8d9-4148-af82-dfc203dba74e
台州市,0000001700000031000000070000000X,2.5,2017/6/5,331000,c82f0982-b261-4da0-a0b2-fce7dd984ebd
浙江省,0000000P0000003E0000000700000010,3.94,2018/7/3,330000,0c17caf2-9764-4f41-81c0-7fd12aa9b632
湖州市,0000000H0000003P000000070000000X,18.67,2017/4/15,330500,6ec368cc-d2e5-4618-acef-6f7c7f95ecae
浙江省,0000003100000081000000130000000X,87.52,2018/4/5,330000,30fe43b0-3e8f-4c81-882b-e601ca419d8b
宁波市,0000000Z00000031000000070000000X,5.7,2019/1/25,330200,9417f1b5-25c1-4b35-8515-20c93a562b9f
丽水市,0000000Z00000031000000070000000X,4.17,2018/2/15,331100,e9979fc1-c11b-454c-99c5-bddb97f162fb
杭州市,0000000M0000003V000000070000000X,13.33,2018/2/25,330100,0f005db6-7c72-4931-9668-333ef55ebbcd
杭州市,0000000H0000003N000000070000000X,16,2017/1/25,330100,ddc5ec5e-6e7a-425c-b918-7b8690c119c6
嘉兴市,0000000H0000002T000000070000000X,17,2017/6/15,330400,5e7a818c-9399-4032-b692-c418ec6227a5
台州市,0000000P0000002W000000070000000X,5.4,2018/3/15,331000,ecda4b45-b006-45b2-a61c-9e7b74f40577
绍兴市,0000000K0000003U000000070000000X,38,2017/5/5,330600,2dcda12f-0186-4d17-89ad-fac9ebaac39e
湖州市,0000002U0000007X000000070000000X,3.77,2018/9/5,330500,d2470336-b912-4f47-b90f-8bc55156a954
湖州市,0000001200000031000000070000000X,4.5,2018/10/25,330500,028012f7-e66a-4fd4-9473-b038391a0561
湖州市,0000002P0000007W000000070000000X,3.89,2017/3/15,330500,e8cc0d55-f23a-4c9a-a610-5a5ad07d413e
金华市,0000000G0000003F0000000700000010,11,2017/3/28,330700,b3e01625-f7a1-437f-8e79-076919c3f73d
湖州市,0000000G0000003F0000000700000010,10.3,2018/2/6,330500,8028832c-420f-4aad-a4e5-8fa0c334c87c
绍兴市,0000000D0000002R000000030000000X,49.33,2018/11/5,330600,b28cea20-aa11-449b-be29-0c0984919ddd
嘉兴市,0000000H0000003P000000070000000X,26.67,2017/2/5,330400,46126005-96a2-4b50-8e88-e7a26483ddc0
绍兴市,0000000H0000003P000000070000000X,24.17,2017/12/15,330600,ee807942-a3bd-40b0-be04-39724f7b6e24
台州市,0000001A00000031000000070000000X,6,2018/10/25,331000,53996c5f-a899-403a-9637-80f61be22842
宁波市,0000001400000031000000070000000X,5.2,2017/8/15,330200,041dbdf9-4079-4133-bd43-4e11b157e903
衢州市,0000001K00000031000000070000000X,3.83,2019/2/15,330800,f04428ad-dca7-4772-8708-4a3db3f318ea
绍兴市,0000001200000031000000070000000X,6,2017/1/25,330600,73978376-c092-4427-8b24-3127d8b99e40
绍兴市,0000000P0000003E0000000700000010,4.3,2018/3/27,330600,6c201d83-3ad1-4ab8-899b-7f11fda37e06
湖州市,0000001A00000031000000070000000X,6.33,2018/6/25,330500,72620ab4-1976-4658-b016-c31fedc2afd9
丽水市,0000003100000081000000130000000X,84,2019/3/15,331100,19a67291-ea45-4620-9668-3cb8b75f80be
舟山市,0000000H0000003P000000070000000X,25.33,2017/10/15,330900,1f901ed3-ba6d-4687-bbbc-0fe3b02bef6a
杭州市,0000000C0000002Q000000030000000X,61.67,2017/11/25,330100,bd73942b-6d6c-45a2-a7f1-8c7094b647bf
温州市,0000002P0000007W000000070000000X,2.33,2018/3/15,330300,09c9c398-24c0-4c4e-9c47-a318bbdb434a
杭州市,0000001700000031000000070000000X,2.5,2017/10/25,330100,7da0c222-7a0e-499e-a8ab-11ab45bfe701
绍兴市,0000001E00000031000000070000000X,5,2019/3/5,330600,e627e42b-f368-41ba-accf-9b7f69955a77
宁波市,0000000S0000002Z000000070000000X,8.17,2017/2/5,330200,92786afd-0d4c-403b-b250-2827f62f0740
杭州市,0000002U0000007X000000070000000X,4.27,2017/7/25,330100,493f2302-9efa-42e4-963f-ade020f5ceef
衢州市,0000001A00000031000000070000000X,5.33,2018/6/5,330800,63b560ae-db0c-4fcd-88db-929aa6445cc9
湖州市,0000000K0000003U000000070000000X,0,2019/2/25,330500,2b160166-73bb-4f60-8e92-033fa85b0e73
舟山市,0000000J0000003S000000070000000X,33.67,2017/11/5,330900,b638bd93-1353-4f11-aba5-94cc07183dc8
湖州市,0000001400000031000000070000000X,4,2017/7/25,330500,ee2aae9f-9599-42ec-9244-a3715225d813
丽水市,0000000J0000003Q000000070000000X,43.67,2019/2/5,331100,a8aae827-51c6-4bef-888f-049c85edb759
金华市,0000000J0000003S000000070000000X,35.33,2017/5/5,330700,1cc8289b-7d2b-4cc8-8cb9-1e72e282e97c
杭州市,0000000P0000002W000000070000000X,5.27,2018/6/25,330100,fa7454e4-666c-4df9-96dd-92165cc10a16
湖州市,0000001K00000031000000070000000X,3.67,2017/1/15,330500,e4aea7c0-06a9-43d6-a865-1c66d8f45083
嘉兴市,0000000D0000002R000000030000000X,39,2017/2/25,330400,e72362db-9b10-4267-acd1-2ba0dba2ed05
台州市,0000001K00000031000000070000000X,2.33,2017/3/25,331000,cbbbb67b-14a6-4272-a11a-bfd49b1c6453
台州市,0000000G0000003F0000000700000010,7.2,2018/4/3,331000,5ff211a2-8d20-4258-84c3-0d27290f4852
金华市,0000001E00000031000000070000000X,5,2018/10/25,330700,9879d77d-808a-453a-a5e6-068253f0348c
丽水市,0000001K00000031000000070000000X,3.83,2019/1/25,331100,d555b096-be50-46f3-886a-0e71683a9baf
湖州市,0000001200000031000000070000000X,3.17,2017/7/15,330500,30bd8e18-a554-4f86-8e66-329129f06301
衢州市,0000000H0000002T000000070000000X,21.67,2018/11/15,330800,f8914013-812a-45fb-b717-301e48807e9a
舟山市,0000001A00000031000000070000000X,5.67,2018/11/5,330900,2a63909e-1d15-444a-a762-b16c44f5bfac
舟山市,0000001700000031000000070000000X,2.83,2019/3/5,330900,e8022728-3abc-41ca-815d-bd36c5a1b2c0
台州市,0000002P0000007W000000070000000X,3.28,2017/1/25,331000,cb98480b-fc1b-4144-8140-041ce41e7153
浙江省,0000000H0000003P000000070000000X,22.47,2018/1/25,330000,6b0a258e-ab20-4fce-8020-b6b76d4b99f6
温州市,0000002200000038000000070000000X,3.17,2017/12/15,330300,d0d3c090-96b0-4d49-8ff3-7e9ded56061f
绍兴市,0000000M0000003V000000070000000X,9.5,2018/5/15,330600,9d9a8ec3-f228-4699-8733-98171da3a646
杭州市,0000000S0000002Z000000070000000X,8.5,2017/12/25,330100,5c9ea1a8-c233-46e8-8697-f03d569164c5
宁波市,0000002U0000007X000000070000000X,4.8,2017/7/15,330200,3f6c0a22-a85d-423d-a01e-601f24590937
丽水市,0000000S0000002Z000000070000000X,9.67,2017/9/5,331100,a8dfd856-74bd-462a-ae49-6df4e7c73da6
湖州市,0000000P0000003E0000000700000010,3,2017/3/21,330500,10625c76-0c22-4c5d-ad54-41da7ebe714e
温州市,0000001200000031000000070000000X,6.27,2019/3/5,330300,1f8ab22b-2f27-4235-8957-d449824e2fe5
金华市,0000000J0000003S000000070000000X,35.33,2017/3/25,330700,df875726-6867-41a9-8db1-67982febfc5c
丽水市,0000000G0000003F0000000700000010,10.2,2018/2/6,331100,c9a7180a-f0f2-4aad-80a0-917ad7d5fb73
丽水市,0000001400000031000000070000000X,3.5,2017/5/25,331100,e0b0614f-480c-40ea-97f1-48a390297736
丽水市,0000000G0000003F0000000700000010,7.8,2018/7/17,331100,67880cbb-717d-4c6e-ba86-4d1957b4982b
温州市,0000000Z00000031000000070000000X,3.67,2017/6/15,330300,41015f36-ed98-4881-836f-3baf8c6b681d
宁波市,0000001400000031000000070000000X,8.47,2018/4/5,330200,2d66dda8-7f86-4120-b91d-88b108465b6b
湖州市,0000001200000031000000070000000X,3.17,2017/6/25,330500,9e97388c-cf81-4478-8644-263152a2e5d2
丽水市,0000000C0000002Q000000030000000X,70.23,2017/7/25,331100,97409ad1-f1f3-4aaf-a8e6-77664a69f702
嘉兴市,0000000M0000003V000000070000000X,11.5,2017/7/25,330400,93d60ab6-9804-4384-85a0-bd14ab044705
宁波市,0000001200000031000000070000000X,4.5,2018/1/15,330200,21c3441b-4ed0-4701-a80e-8a3f73c81d0e
宁波市,0000000D0000002R000000030000000X,46.43,2017/5/15,330200,da23edb4-2a72-4ec9-98b4-e2c5d99f8da2
金华市,0000002U0000007X000000070000000X,4.1,2017/11/5,330700,5df7a6b4-c2ab-42f8-85c1-3b0da7fbba15
舟山市,0000000P0000003E0000000700000010,4.8,2018/2/20,330900,aa5d8c39-6f20-4144-8756-918a54a64e46
嘉兴市,0000001Z00000036000000070000000X,6,2018/11/25,330400,3d4ea90b-2c1a-48a6-bb8f-e392a6844d55
衢州市,0000000C0000002Q000000030000000X,66,2017/3/25,330800,1a1ec0d6-78d3-4dd2-8e3a-bd5ba265cc0e
温州市,0000000J0000003Q000000070000000X,46.67,2017/1/15,330300,a82e0e48-1d45-413e-9889-0108fdd67490
温州市,0000001700000031000000070000000X,3,2018/8/25,330300,3adf4fba-7268-467e-8d33-c2486f30b90f
湖州市,0000000X0000007T000000070000000X,35,2017/3/25,330500,eab35430-f292-48b4-9a1f-7adeb0c49a62
浙江省,0000001400000031000000070000000X,5.06,2018/8/5,330000,f73677ba-5176-473b-8ff8-25c65c0bc45d
舟山市,0000001500000031000000070000000X,5,2018/2/25,330900,af96330f-182b-454e-abdd-7b3348024b16
浙江省,0000000Z00000031000000070000000X,4.15,2018/11/25,330000,14e5a858-2d0f-4086-bf64-c97af34c26de
绍兴市,0000002200000038000000070000000X,2.83,2017/4/25,330600,bc9f8ca2-03c4-4d6e-bbd7-56d56bf78047
湖州市,0000003100000081000000130000000X,77,2017/2/25,330500,79db8649-f1cf-42c4-8301-935b0a0b6b67
宁波市,0000000Z00000031000000070000000X,6.27,2017/7/15,330200,91a0e160-4c8b-4bc7-909a-8cc1ff99aa24
宁波市,0000000J0000003S000000070000000X,30.5,2017/3/25,330200,0165d65e-bbcc-402a-9be7-9da60c9f1912
台州市,0000000J0000003Q000000070000000X,38.33,2016/12/15,331000,035de857-fbfb-4ba1-bc8c-3620af8a1ba6
温州市,0000000H0000003N000000070000000X,16.67,2017/4/15,330300,d728153c-0154-41f9-9bfb-b81d6a45e541
衢州市,0000002P0000007W000000070000000X,2.5,2017/3/15,330800,1ecdb717-7fc8-427f-aa47-f56cfd3f5ded
丽水市,0000000H0000003N000000070000000X,14,2017/4/5,331100,ba3c72f5-9883-42f4-8b6e-c52d1f28168e
嘉兴市,0000002P0000007W000000070000000X,3.2,2017/6/25,330400,b6f8c590-f0d9-48a8-bc52-bc60bfef7410
台州市,0000000X0000007T000000070000000X,30,2017/3/25,331000,6624f3f8-04ea-4bf3-8e6b-09a791315b3b
嘉兴市,0000000G0000003F0000000700000010,10.65,2018/10/16,330400,6057b697-8aba-4da2-9da9-f81507cb1810
丽水市,0000000M0000003V000000070000000X,11.67,2019/2/15,331100,0077b56f-ac63-4297-9ab3-72523765a360
杭州市,0000001K00000031000000070000000X,3.6,2016/12/25,330100,78e4f9be-3f75-4327-9726-30fef481717f
杭州市,0000000H0000003N000000070000000X,16,2017/3/25,330100,48a6420f-5e1c-4fb2-b102-86d5a469232c
嘉兴市,0000000M0000003V000000070000000X,10.5,2018/1/25,330400,effec7f4-6206-40fe-bc50-95fb7327bab8
舟山市,0000000G0000003F0000000700000010,11.5,2018/11/27,330900,9d4dd42e-121f-4d52-a2d6-99165a8b4801
丽水市,0000002U0000007X000000070000000X,3.66,2018/5/15,331100,bfc7e73f-74fb-40fb-bf1e-265ab6187d07
舟山市,0000001K00000031000000070000000X,4,2018/6/5,330900,3763198c-c2ca-448c-9c99-3ab26a51a730
湖州市,0000000H0000003N000000070000000X,14.17,2018/2/15,330500,5d77c9f3-9e06-48b7-b3e9-a2a976fd4512
台州市,0000000J0000003S000000070000000X,32.67,2017/6/25,331000,e2bf78d7-459a-4cf5-910b-87d73e69c208
宁波市,0000003100000081000000130000000X,178.67,2018/2/5,330200,1305558d-0a82-4ef4-a80d-73e4c8710413
杭州市,0000001200000031000000070000000X,3.57,2017/6/15,330100,35b3d7ba-8d46-4020-85ff-fd927e40a8cc
金华市,0000000J0000003Q000000070000000X,41,2018/5/5,330700,b934898f-156c-4442-8b66-d48346e8a770
衢州市,0000003100000081000000130000000X,83.6,2018/5/25,330800,8f410f8e-ae23-4973-8b53-3201e17b49d9
金华市,0000001E00000031000000070000000X,4.67,2018/4/15,330700,84943e7a-f4e5-482c-ab4b-dc7c2051a81d
衢州市,0000003100000081000000130000000X,93.27,2017/12/25,330800,f3115e20-3f84-4d28-9ef9-c044657b0f68
丽水市,0000000D0000002R000000030000000X,54.6,2018/10/25,331100,d6891320-e9ea-4f1a-b3aa-bf882c402b0b
温州市,0000001200000031000000070000000X,6.5,2019/2/25,330300,461dcb08-4124-4735-929d-37c504fbf5b1
台州市,0000002U0000007X000000070000000X,4.5,2017/9/25,331000,7b81575b-afbd-48de-944c-b58f9408376d
金华市,0000001700000031000000070000000X,2.67,2018/12/5,330700,051c8023-5f7f-4958-a5e5-80e4679c35ab
湖州市,0000002U0000007X000000070000000X,3.87,2017/12/15,330500,e994540d-5247-4468-9435-ab73df48a613
丽水市,0000000P0000003E0000000700000010,3.5,2019/2/26,331100,e72272e1-6ad5-4d2a-8054-4bcda31932d1
衢州市,0000000Z00000031000000070000000X,4.17,2018/7/15,330800,0b27a40d-b756-458a-a6e2-6c1054a53014
嘉兴市,0000000J0000003S000000070000000X,31.67,2018/5/15,330400,811f6fd2-a5f4-4b8e-8809-00c4d6b816ae
台州市,0000000H0000003P000000070000000X,24.33,2017/9/25,331000,864be89e-2ff4-41f8-a7df-66f7a0eea0ed
舟山市,0000002P0000007W000000070000000X,3.33,2018/12/15,330900,e6e12d38-3148-40b0-a213-e01a28ed7999
丽水市,0000000S0000002Z000000070000000X,9.67,2017/3/25,331100,94595ff5-cf99-4a81-9ffd-a4b9a79e945e
舟山市,0000002P0000007W000000070000000X,3.1,2017/1/5,330900,7c90c9dd-b698-47e1-b8ee-98e1bcd25069
舟山市,0000000Z00000031000000070000000X,4.33,2018/7/5,330900,b5d3b93c-2d19-488d-b2cd-125e55caaaf6
舟山市,0000000C0000002Q000000030000000X,51.6,2016/12/15,330900,6661c2cf-527a-4bba-8e4b-0595ebb796e5
台州市,0000002200000038000000070000000X,2.83,2018/5/25,331000,0bc0511a-da80-4bbd-8393-71b2481f50bf
杭州市,0000001E00000031000000070000000X,3.83,2017/4/15,330100,80701e80-755f-4fcb-a2fc-9a95f0c9f6b0
丽水市,0000000P0000002W000000070000000X,4.93,2018/8/5,331100,777bde26-f8d5-4745-b5a1-eb57a4042b56
金华市,0000000H0000003N000000070000000X,12.83,2017/9/5,330700,5e50f6e7-a7ac-4dd7-9019-6fb37e29dd7b
台州市,0000001E00000031000000070000000X,5.17,2018/10/15,331000,45512c49-0f84-41dd-8a42-6de8031b4e17
温州市,0000000H0000003N000000070000000X,16.33,2018/9/5,330300,a905e719-022f-4479-9f11-6c6cc54a10c7
温州市,0000001E00000031000000070000000X,3.5,2017/4/25,330300,30e00428-2e9f-4925-86eb-f6860f144c1d
杭州市,0000000C0000002Q000000030000000X,62,2017/4/15,330100,2999548f-0950-4b75-b92c-b5cd092d3ee2
金华市,0000001700000031000000070000000X,2.67,2017/2/5,330700,1da9da7e-2b71-4aa9-8375-240e0ff70d17
嘉兴市,0000000J0000003Q000000070000000X,42,2019/3/5,330400,4f4252f2-6b6d-4f3c-b9bf-0908c53dec92
丽水市,0000000H0000003P000000070000000X,20.33,2019/2/25,331100,c32b354f-66f7-49ff-b24d-2b862d5087b0
舟山市,0000000S0000002Z000000070000000X,11,2017/4/5,330900,4efb5125-949a-4b5a-9536-31e088346765
温州市,0000000P0000003E0000000700000010,3.28,2017/6/27,330300,a6f411be-2901-4aee-b785-652fece01810
丽水市,0000001400000031000000070000000X,4.83,2017/11/25,331100,ca90d490-aa29-494d-9dde-829969aedb3a
浙江省,0000000Z00000031000000070000000X,4.93,2018/7/15,330000,40d0229f-6564-46a2-8449-62f473c61f25
杭州市,0000000X0000007T000000070000000X,38.67,2018/5/15,330100,fa08abba-387f-41f2-9a95-f256609f0ebc
浙江省,0000000P0000002W000000070000000X,5.68,2018/3/5,330000,f0c01b57-9c4d-4c71-b80a-4acc38c853c9
金华市,0000000J0000003S000000070000000X,34.33,2018/6/25,330700,c4b1206e-fc6e-4e62-8687-8aad8405e184
湖州市,0000001400000031000000070000000X,4,2018/7/5,330500,74c8344d-38b3-4a0d-9d64-4a2b8e38cc5a
浙江省,0000003100000081000000130000000X,87.56,2018/4/25,330000,5e119c6c-5051-4ff4-b78d-2deca8ad5897
台州市,0000000H0000002T000000070000000X,11.5,2018/5/25,331000,334368a0-4cdf-4d67-8dbb-d3912805894f
丽水市,0000001700000031000000070000000X,2.17,2017/8/15,331100,8980c375-4292-4dec-83c0-717f8b099b51
衢州市,0000000H0000003N000000070000000X,13,2017/10/5,330800,a6d15c0f-5134-4b77-8b84-bc6a35acd255
温州市,0000000X0000007T000000070000000X,35.67,2017/12/15,330300,406ecc46-accd-498d-9c10-801085a953ae
浙江省,0000001A00000031000000070000000X,6.3,2018/9/25,330000,c174f62a-0921-4bb1-9dd3-dbe9fd6d32e8
丽水市,0000000S0000002Z000000070000000X,9.67,2019/2/25,331100,a6d7c1d8-42ef-473f-b5ef-e5e24941529c
台州市,0000000C0000002Q000000030000000X,63.33,2017/4/5,331000,e677a15f-25ad-4dc1-b52e-6afc7063b913
金华市,0000001200000031000000070000000X,3.5,2017/10/25,330700,12dcfa6b-f57a-4aa2-8199-c961d7c86734
衢州市,0000001K00000031000000070000000X,2.83,2018/6/25,330800,145ec92f-e856-4ddc-9dc7-bd672293fa15
杭州市,0000001Z00000036000000070000000X,5.83,2018/12/25,330100,82db465d-16a4-4a25-9846-9e1710df39be
丽水市,0000001A00000031000000070000000X,4.83,2018/5/15,331100,796252dc-1d6f-4f8c-933d-d9f6d3f13f80
金华市,0000001500000031000000070000000X,4.83,2019/3/15,330700,6f2b831e-a6dc-4a74-9591-2db787bd28c4
丽水市,0000000K0000003U000000070000000X,36.67,2018/6/15,331100,721e5aaf-5c82-46a2-aa06-ec80214c023d
绍兴市,0000001200000031000000070000000X,3,2018/6/5,330600,a9086706-3a87-47c6-ae80-379c1393dbfd
台州市,0000000P0000003E0000000700000010,4.03,2017/8/8,331000,b3d343d8-37bc-495f-999e-7ebafdcc7001
舟山市,0000002U0000007X000000070000000X,5,2017/4/5,330900,ac5adb8d-c7d4-4c84-bd53-c618841a97cc
金华市,0000000G0000003F0000000700000010,9.6,2017/10/31,330700,d7edf60f-3f43-49e6-ac72-232d78d0927d
温州市,0000000D0000002R000000030000000X,51.33,2018/10/15,330300,4ac18d7e-0aeb-4b26-9f90-9a99dd7caa63
杭州市,0000000J0000003S000000070000000X,35.5,2017/6/5,330100,23ebad7b-06e7-4822-8d39-ca48a332c06a
丽水市,0000002P0000007W000000070000000X,2.6,2017/6/5,331100,b28193ae-1120-4c88-b711-cc12a0ad66ed
丽水市,0000002200000038000000070000000X,3,2017/9/5,331100,57b6e573-2376-41e6-8dc0-9cfc44e5a46c
湖州市,0000000G0000003F0000000700000010,9.3,2017/5/30,330500,0059382b-8e3b-4bcc-8dbc-3ec224ae2f51
温州市,0000000Z00000031000000070000000X,4.33,2019/3/5,330300,22d0ea59-8f43-4cb8-ad6a-6504c7c96873
绍兴市,0000000D0000002R000000030000000X,49.33,2018/6/5,330600,79ef0097-4356-40e0-b7ac-838f2dd88f00
浙江省,0000000M0000003V000000070000000X,12.61,2017/12/25,330000,61e54933-9f4e-4f43-8687-cc1af4f49c06
湖州市,0000002P0000007W000000070000000X,3.89,2018/1/5,330500,13bbdd91-e3ce-463d-9077-69ab8671700c
湖州市,0000001Z00000036000000070000000X,5.67,2018/12/5,330500,70505c02-9cf6-4498-a40a-64c9685824c7
杭州市,0000001700000031000000070000000X,2.87,2017/4/15,330100,6898c92c-9e2d-43f7-a60d-bef60f014e5d
嘉兴市,0000001A00000031000000070000000X,6.67,2018/12/25,330400,75b9f5c0-b6b7-4b0c-a786-cab07c212ff0
衢州市,0000000K0000003U000000070000000X,33,2017/10/5,330800,66dba2a4-09e5-497c-a40b-6bc97936af60
嘉兴市,0000001400000031000000070000000X,7,2018/3/15,330400,125bcd63-f9e5-48b0-b1e6-3585e7ed7b70
台州市,0000001500000031000000070000000X,5,2017/2/15,331000,2c623571-ea2a-49a5-99b9-becebbdbcd2e
舟山市,0000001E00000031000000070000000X,3.67,2017/5/15,330900,c267e2eb-2e52-498f-b735-d4a92f7e90f9
嘉兴市,0000001Z00000036000000070000000X,6.33,2018/12/25,330400,ead31f44-aa48-48ad-ae19-1e08d831efcd
温州市,0000000P0000003E0000000700000010,4.35,2017/10/3,330300,247aea69-2427-46e8-8c7b-9db127bd7946
丽水市,0000000H0000003N000000070000000X,11.83,2018/8/25,331100,67f1c066-e0b1-4763-bbc3-bc53a38c8e08
湖州市,0000002P0000007W000000070000000X,3.89,2018/6/25,330500,78f3a8f7-75ce-4709-8ca4-c770c327fa54
衢州市,0000002U0000007X000000070000000X,5,2018/10/5,330800,b1733733-22fb-4d10-8145-bb4c5c9a6fc0
绍兴市,0000000G0000003F0000000700000010,10,2018/8/28,330600,4e22a999-6652-4cd2-b74b-b17e2d58b76f
舟山市,0000001K00000031000000070000000X,3.33,2018/12/25,330900,889748f1-46bb-4809-a2fc-294bdae6dcb7
台州市,0000001K00000031000000070000000X,3.5,2017/8/15,331000,83dd56a7-7f33-4846-8cd8-497c14e460aa
湖州市,0000001A00000031000000070000000X,7.67,2017/3/15,330500,45dc0c4f-17b2-4815-babc-b76d9ac48871
湖州市,0000001500000031000000070000000X,5.67,2017/3/25,330500,fabcd6e3-ef2b-4705-8b7a-681f18ad3f80
丽水市,0000001200000031000000070000000X,6.33,2019/2/25,331100,0d5f7ebd-a7bf-4ac2-9040-b62b137eafab
宁波市,0000000P0000002W000000070000000X,4.6,2017/4/5,330200,f71bc0f6-d7cd-438e-b4a3-5cbca35a07b2
舟山市,0000000D0000002R000000030000000X,43.63,2017/2/5,330900,4f4d5cef-c2dc-43b2-b6eb-d2f4ba2be39d
杭州市,0000000C0000002Q000000030000000X,64,2017/1/5,330100,ddc15785-552d-4567-af25-3f6abcc1e406
金华市,0000000H0000003N000000070000000X,14.5,2018/12/15,330700,1e912ddf-ff6e-417d-9e4e-9207765ed713
湖州市,0000001K00000031000000070000000X,3.5,2017/12/25,330500,480fed34-9cd5-483d-946d-9950b8d6484b
杭州市,0000000G0000003F0000000700000010,9.59,2017/8/8,330100,accc13a4-f05c-4237-8dd9-905440f04d70
丽水市,0000000H0000003P000000070000000X,19.33,2017/4/25,331100,76f5281f-37ea-4e58-adc1-1d1f7e7b46a3
湖州市,0000001400000031000000070000000X,4.83,2017/9/5,330500,d4a5d8a9-91fa-43ac-be3d-4a595bcb36d4
嘉兴市,0000000G0000003F0000000700000010,9.2,2019/2/5,330400,e9e20fd4-7071-41a6-b590-46e981c1765f
杭州市,0000000M0000003V000000070000000X,11.67,2018/11/5,330100,80cc0954-8df5-4029-95c7-02028dd965ac
杭州市,0000000S0000002Z000000070000000X,8.6,2018/7/15,330100,85bc79b7-9e36-4d2b-978b-b821f5c0364b
台州市,0000001K00000031000000070000000X,2.33,2017/4/5,331000,03ee017e-a3ec-4475-ab61-6fd402c42298
嘉兴市,0000000X0000007T000000070000000X,32.33,2017/4/25,330400,91ec0c41-e5c3-4254-add9-394baf5376e3
宁波市,0000001500000031000000070000000X,3.9,2017/7/5,330200,50afc618-1472-41c5-a021-4e242b81d05f
温州市,0000000P0000002W000000070000000X,5.77,2017/9/5,330300,678c5b34-2722-43de-b106-b40f7406d043
嘉兴市,0000003100000081000000130000000X,79,2017/2/5,330400,bba355b6-3389-4b4a-b99b-40b47a03ef9e
湖州市,0000000J0000003S000000070000000X,34,2018/2/5,330500,f1ac94f7-8312-4dfa-a382-9720daba011a
湖州市,0000000H0000002T000000070000000X,16.33,2017/6/5,330500,c9ccc853-95bb-42ef-a4ac-dcb2cf5c01a5
绍兴市,0000000H0000003N000000070000000X,14.17,2017/4/5,330600,76623969-ed1c-48fb-9376-edf664ec9b45
嘉兴市,0000001K00000031000000070000000X,3.5,2017/7/25,330400,2025a45d-2a75-4927-bd70-d71627743308
金华市,0000000S0000002Z000000070000000X,7.33,2019/1/25,330700,aac5d38c-5f96-4fff-998f-bdf08dfb2626
绍兴市,0000000J0000003S000000070000000X,34.33,2018/4/5,330600,1bb9a510-cc12-4428-8933-e67ccbb49bc5
温州市,0000003100000081000000130000000X,63,2017/10/15,330300,393aad0d-3a84-4bcf-a8cc-70ef641a9da3
温州市,0000000C0000002Q000000030000000X,60,2018/11/25,330300,db4c596f-5500-4d22-9706-5f0d2af63ce3
湖州市,0000000P0000003E0000000700000010,5,2018/10/2,330500,ef48d9f3-17e0-4522-a6ae-2cc61ed2751f
绍兴市,0000000S0000002Z000000070000000X,8,2018/6/15,330600,f2ce7647-b2f2-482a-92e5-1916ccacc204
温州市,0000000H0000003N000000070000000X,15,2018/7/5,330300,84e68859-b045-4d02-acb7-1ea4185f7251
舟山市,0000000H0000002T000000070000000X,13,2019/3/5,330900,d600395e-c71b-452f-a58c-7fd1b0393bb6
湖州市,0000001700000031000000070000000X,3.33,2016/12/15,330500,c1b21a06-a481-4ca6-b07a-1d7d7888b3f0
杭州市,0000001400000031000000070000000X,6,2017/1/15,330100,c6463d4b-1ed3-4587-a045-f7f38285a7d6
衢州市,0000000C0000002Q000000030000000X,68.33,2018/5/5,330800,800a6a1a-1232-4c99-839d-0eaccd9c128a
浙江省,0000001200000031000000070000000X,4.11,2017/11/5,330000,796260b6-70da-4726-8ee3-05c8154a444c
嘉兴市,0000002U0000007X000000070000000X,3.73,2017/4/15,330400,755f7d1d-38bc-42ba-9eb9-bd2301f39c8d
温州市,0000001A00000031000000070000000X,3.83,2017/7/5,330300,60d74400-5940-4251-985b-b351862abf2b
衢州市,0000002U0000007X000000070000000X,4.5,2017/8/25,330800,934e8488-d075-4f8e-9649-efaf80ef1609
金华市,0000000P0000003E0000000700000010,2.5,2017/5/9,330700,3b64155a-2f1c-4479-afc1-febafbdb7881
嘉兴市,0000002U0000007X000000070000000X,4,2017/8/15,330400,80f1690d-1a50-4a48-8bfc-eecdab4d53fa
丽水市,0000001E00000031000000070000000X,4,2018/4/25,331100,05d5d151-376b-4835-bb30-870113109cc4
温州市,0000000H0000003N000000070000000X,17,2018/3/5,330300,3dd84f30-f952-4915-b711-5ca642b8eb57
杭州市,0000001700000031000000070000000X,2.63,2017/6/25,330100,7adfcc98-6eb6-4d09-beb0-9c22922c7f10
台州市,0000002U0000007X000000070000000X,4.5,2019/1/5,331000,d9ea8b24-14ab-4814-b707-fcd9e9cfc4d4
嘉兴市,0000001E00000031000000070000000X,6.67,2018/10/15,330400,3e5f8466-23a2-49e2-a815-4ac7d324886f
舟山市,0000000P0000002W000000070000000X,5.33,2017/1/15,330900,d888eeee-4ac5-426b-91a0-d2d6ef60b9c4
舟山市,0000001Z00000036000000070000000X,7.17,2017/4/15,330900,c0975c13-24eb-421e-8864-7ef1304ad593
嘉兴市,0000000S0000002Z000000070000000X,10,2017/6/5,330400,3e5a97c5-da3b-4527-91b1-642c9ae3973d
浙江省,0000002P0000007W000000070000000X,3.09,2017/9/25,330000,141577f3-427f-4f25-9158-f68d3c1ad649
舟山市,0000000H0000003N000000070000000X,16,2017/1/25,330900,2e9c901c-1205-41c2-b2eb-df9a928523ff
嘉兴市,0000000G0000003F0000000700000010,13.3,2018/10/2,330400,6d890ca3-ab74-438e-b5c4-c11781aa2661
温州市,0000001Z00000036000000070000000X,6.67,2018/9/5,330300,d46dd57f-4a4f-4926-860a-4fcc6f07c194
杭州市,0000001200000031000000070000000X,3.83,2017/10/5,330100,f7cb0da7-440c-4042-8ccc-d32fed6b41f3
台州市,0000000C0000002Q000000030000000X,63.33,2017/4/5,331000,f2a1198b-6e89-4160-8bde-f6a1f584a294
金华市,0000000H0000003N000000070000000X,12.83,2017/7/25,330700,531db3b3-354d-4994-a269-83f03c223700
金华市,0000001K00000031000000070000000X,2.33,2018/4/15,330700,02220403-83bd-4056-bf5d-06f03185aafe
浙江省,0000002200000038000000070000000X,3.57,2018/9/25,330000,ac1bd4f3-5645-439b-8025-312795abc555
丽水市,0000000Z00000031000000070000000X,2.83,2017/11/15,331100,3835417c-c7da-4376-850d-66e84e103c1e
金华市,0000001500000031000000070000000X,3.17,2018/8/15,330700,17ab3aff-cd34-4e43-b2a1-3c1c77b14c54
金华市,0000000J0000003Q000000070000000X,46.33,2019/1/25,330700,e3aa756d-a471-4dde-8001-ba4d26cbeb19
湖州市,0000000S0000002Z000000070000000X,9.17,2017/10/5,330500,66dc0e77-e792-4a17-b45c-aab3aebe81da
杭州市,0000002P0000007W000000070000000X,3,2018/11/25,330100,71cb0846-1e14-4fe2-a72e-da131cd08490
浙江省,0000000H0000002T000000070000000X,16.95,2017/1/15,330000,279dacdb-f3ff-42ab-a6c5-0cfbeb0e7568
衢州市,0000002U0000007X000000070000000X,5,2018/12/15,330800,8a1f9437-92aa-448d-ba94-ef9a17381d60
舟山市,0000001700000031000000070000000X,2.83,2018/7/15,330900,9cd00186-f98a-4087-9515-fa8195b60d93
金华市,0000002U0000007X000000070000000X,4.23,2017/1/5,330700,bd38f64a-b23f-4aaa-af46-2c2d1b1f57d2
宁波市,0000001200000031000000070000000X,4.1,2018/7/25,330200,c54a23d4-7406-4bb4-9052-cccfac07a552
杭州市,0000002U0000007X000000070000000X,4.47,2017/12/5,330100,48c0d1c1-b89d-42a9-8d94-ddda2d2268bd
舟山市,0000000J0000003Q000000070000000X,39.67,2017/7/15,330900,e4d737da-2359-49cb-b089-a0f235a62e2f
湖州市,0000000X0000007T000000070000000X,35,2019/3/5,330500,a723bb05-6142-451d-b195-99156b2a6aae
丽水市,0000001E00000031000000070000000X,3.33,2017/4/5,331100,443edac8-119e-4164-95a2-0962e3857be1
丽水市,0000000Z00000031000000070000000X,2.5,2017/6/5,331100,2828ae25-8a60-4905-b26b-b655b7d6c6c0
温州市,0000000D0000002R000000030000000X,51.33,2018/8/15,330300,685a17c0-68dc-4f5b-80f4-92702d60fda1
台州市,0000001K00000031000000070000000X,2.67,2017/12/15,331000,f6c38105-31df-4702-b850-a15c5643663f
台州市,0000000X0000007T000000070000000X,22.67,2018/6/25,331000,16b3266b-dd10-4549-972b-357a7fcba89c
台州市,0000000H0000002T000000070000000X,12.33,2018/2/25,331000,40da5502-4cf6-4738-8764-daf280456525
宁波市,0000000H0000003P000000070000000X,26.43,2018/9/15,330200,24aa0655-a88f-4050-aa59-e3c02977e4e8
嘉兴市,0000000X0000007T000000070000000X,31.67,2018/12/5,330400,e11a9019-ab30-4e13-bc65-d4e74de6d26d
绍兴市,0000000K0000003U000000070000000X,37.67,2017/6/25,330600,fefbf485-2301-4841-9f55-54f5b6bf333b
衢州市,0000000M0000003V000000070000000X,11.33,2018/12/5,330800,bbfc85c9-9888-4b6d-8261-feee64ff0549
湖州市,0000001K00000031000000070000000X,3.67,2018/7/5,330500,b0a8bd94-d865-44f7-b9d0-925c0ecb3693
嘉兴市,0000000G0000003F0000000700000010,8.05,2018/6/5,330400,3bbe2f16-1ab1-4423-8e6f-ac8e31274598
衢州市,0000003100000081000000130000000X,93.93,2018/4/25,330800,a7a307b1-d6ab-4fd4-a7e3-899d28ab5908
绍兴市,0000000P0000002W000000070000000X,4.67,2017/4/5,330600,2bb7fc03-9a78-44c7-9810-e91d8b35b162
金华市,0000001500000031000000070000000X,3.67,2017/7/5,330700,b1d993ff-1a78-444f-9090-fcc7b7a8611c
金华市,0000000G0000003F0000000700000010,7.2,2018/4/24,330700,3c71f274-06bf-4606-affd-1763158f8cfa
湖州市,0000001200000031000000070000000X,4.33,2017/3/15,330500,bc9a375a-5012-40e0-8774-08a59abef011
台州市,0000000C0000002Q000000030000000X,63.33,2019/2/25,331000,2480d82a-569e-47cc-95da-304b261b43ca
湖州市,0000002U0000007X000000070000000X,3.5,2017/1/5,330500,15410e2e-acb4-451d-9c54-64e5ae1c1e98
台州市,0000000J0000003S000000070000000X,33.33,2017/9/25,331000,c2d2ec3d-3aa7-46e3-a673-8e76e08d685b
嘉兴市,0000000S0000002Z000000070000000X,8.67,2017/3/25,330400,2e0d0903-049e-4007-ba68-73fe49d94f86
宁波市,0000000P0000002W000000070000000X,6.33,2018/2/15,330200,bcbbefd7-6280-43e0-bf85-1ddee2455e74
湖州市,0000001700000031000000070000000X,3.17,2018/10/5,330500,f7eb638e-4687-48f0-9629-586bf00a3f6f
台州市,0000000D0000002R000000030000000X,38.33,2017/8/5,331000,43ab344a-fcfe-4131-bb93-b9a8871943b7
台州市,0000002200000038000000070000000X,3,2018/11/25,331000,20d45c76-0f29-4501-b388-3b62817c73ac
浙江省,0000000J0000003S000000070000000X,34.65,2017/7/15,330000,421f6139-22ae-4bb1-a2cc-8ef8f157e232
温州市,0000001E00000031000000070000000X,4.17,2019/1/25,330300,b177123a-5f0d-4178-9027-3800c06c319c
金华市,0000000H0000003N000000070000000X,12.5,2017/9/15,330700,42aebb5f-553d-462b-9071-0108b08bac6b
台州市,0000000P0000003E0000000700000010,4.91,2018/10/23,331000,78eaceff-3bcb-4f21-9a47-44d2b83bb30a
宁波市,0000003100000081000000130000000X,138.33,2018/11/25,330200,c6c8a26d-bce9-4137-b248-dadac828accb
台州市,0000002P0000007W000000070000000X,2.89,2016/12/15,331000,027126c1-03db-4e2a-8597-418c98539df0
衢州市,0000000H0000003N000000070000000X,13,2017/12/5,330800,0cc9243b-0c9f-436b-aa19-f1f9fb46be4a
温州市,0000001200000031000000070000000X,4.67,2018/1/15,330300,a438fcd5-3162-4d26-8c53-89c2d5a40287
嘉兴市,0000000M0000003V000000070000000X,11.67,2017/1/25,330400,4260bd1c-d7c0-40f0-bacb-5a1d24b728cd
绍兴市,0000001200000031000000070000000X,7,2019/2/15,330600,68643930-ea91-4212-9106-1cd5ac849b07
金华市,0000000Z00000031000000070000000X,4.17,2017/11/5,330700,bf979e91-e811-4736-9feb-95bf68e1a17c
嘉兴市,0000001A00000031000000070000000X,5.33,2017/2/15,330400,75b07f63-d047-42e1-85dc-c7914718f1be
衢州市,0000001A00000031000000070000000X,7.17,2019/3/15,330800,346d7202-12c5-4ccb-93d0-92b0ab7ae4f1
台州市,0000001500000031000000070000000X,4.67,2018/12/5,331000,d2fe3f00-e4d8-43aa-8aa3-3fe3e547e025
丽水市,0000000K0000003U000000070000000X,41.67,2018/2/15,331100,c75c8139-ad27-4c80-aac4-a46f8d354df9
台州市,0000000S0000002Z000000070000000X,9.5,2017/3/5,331000,30948acc-ac46-4a75-8d8d-c276438e3624
浙江省,0000000J0000003Q000000070000000X,41.2,2018/8/25,330000,b27c775b-0d84-4b67-9b88-90cbab6918b6
丽水市,0000000K0000003U000000070000000X,43,2018/12/15,331100,cc1aa790-b3bd-47c0-8dd7-d24f4ea0f581
丽水市,0000000P0000003E0000000700000010,3.65,2017/1/3,331100,2cf7851c-ae85-49d3-be26-d085dd517d2f
金华市,0000000C0000002Q000000030000000X,68.87,2018/5/25,330700,2b409239-26a8-4283-a85c-6b97beb1ee4a
湖州市,0000000K0000003U000000070000000X,0,2017/4/15,330500,08cff1e3-7b6f-4a3f-a296-9ca23073cb77
宁波市,0000000H0000003P000000070000000X,25.17,2018/6/5,330200,324c0e62-3ef1-45eb-977d-279f64f32c98
台州市,0000000P0000003E0000000700000010,4.65,2018/11/13,331000,c85eb8c0-d5d2-482d-9013-cfa6599503b5
绍兴市,0000001K00000031000000070000000X,2.83,2018/4/25,330600,1ed0fe5f-c07f-4a87-85fa-90c546cbd599
宁波市,0000000X0000007T000000070000000X,40.33,2017/4/5,330200,2f05c973-ebea-4161-9ae5-76e238f21c92
浙江省,0000000H0000003N000000070000000X,12.76,2018/7/15,330000,f27324a7-571a-4dc7-921e-e26e287f4dcd
湖州市,0000000J0000003S000000070000000X,34.67,2018/2/15,330500,d701c487-9edb-444a-be7b-436d95da3622
浙江省,0000001700000031000000070000000X,2.63,2017/8/5,330000,83a43cb7-19f2-44d2-b72f-810df0afcc9e
杭州市,0000001Z00000036000000070000000X,6.57,2018/2/25,330100,d371cec7-0f0b-4ca5-86e4-c55162cf58d4
绍兴市,0000003100000081000000130000000X,66,2018/2/5,330600,005d2f94-22f6-49c6-9035-43e2c86c087c
嘉兴市,0000000H0000003P000000070000000X,22,2017/5/5,330400,6fc76fe0-0562-4626-82bd-c3c58be1b182
浙江省,0000000H0000003N000000070000000X,12.53,2018/6/5,330000,adcfa9ce-91bb-421f-82e3-1d4871be3516
湖州市,0000000D0000002R000000030000000X,37.67,2017/7/15,330500,16de281e-3481-4c9d-9797-28bee5f13633
浙江省,0000003100000081000000130000000X,91.68,2017/5/15,330000,79ffea4f-bee3-4ba1-a589-2329efece623
杭州市,0000001200000031000000070000000X,3.87,2017/9/15,330100,13569da8-4c74-4e33-b546-8122914e4ea6
绍兴市,0000000K0000003U000000070000000X,39.33,2018/12/5,330600,d3ccc11b-03ad-4be5-94ad-51dd25bd126a
金华市,0000000S0000002Z000000070000000X,8.5,2017/7/15,330700,c6f33693-5a95-4f65-8ddf-3d3f6cb1d297
丽水市,0000002U0000007X000000070000000X,4.66,2017/2/15,331100,1305de78-2a2d-4fbe-9970-6624651a6d1c
温州市,0000000J0000003S000000070000000X,44,2017/5/5,330300,39c95680-403c-45a8-9235-1f5d9d08dbe3
湖州市,0000002200000038000000070000000X,4,2018/1/5,330500,9c0a29b3-c2c3-4a5a-826e-2fb0a984121b
温州市,0000000J0000003S000000070000000X,44.33,2018/9/25,330300,51b7dcf9-cf11-4ac9-bda2-2168c506b5d9
嘉兴市,0000000G0000003F0000000700000010,9.4,2017/6/13,330400,1246c1b4-f7bf-4fb3-b451-499759d50eda
台州市,0000000Z00000031000000070000000X,3.67,2018/2/25,331000,a695e54b-533a-421f-9f2d-ebec1d63c44e
衢州市,0000001700000031000000070000000X,3,2018/1/25,330800,4ac723c8-43e2-4fb3-89f9-8d56688b4649
湖州市,0000000M0000003V000000070000000X,17,2017/12/15,330500,9d3d8581-11fb-4983-b90a-e53a2546b04d
台州市,0000000J0000003S000000070000000X,33.33,2017/10/5,331000,9c0b07ce-8a47-4545-bb73-5d14aee4cad9
温州市,0000000G0000003F0000000700000010,10.91,2017/4/25,330300,d0b7c9de-ee88-439b-8da5-6b338bca1484
浙江省,0000000K0000003U000000070000000X,34.81,2017/2/5,330000,d59f4af1-a1dd-4db9-a666-6706a82617f6
湖州市,0000000P0000002W000000070000000X,4.5,2017/4/15,330500,20919069-387e-4a1b-82a1-f8acb1339525
杭州市,0000000P0000003E0000000700000010,4.9,2018/11/20,330100,78fd1618-7a97-4263-b900-c5a710488c46
衢州市,0000001700000031000000070000000X,3,2018/2/15,330800,dea12288-d852-461f-8376-14cddc91affe
金华市,0000000P0000003E0000000700000010,3.7,2018/3/20,330700,a7c71e62-3587-4368-bee3-6e9daf9198d9
衢州市,0000000Z00000031000000070000000X,4,2019/3/15,330800,053e9cd9-f1bb-4fdb-b4e6-50297fbf0db3
宁波市,0000000H0000002T000000070000000X,15.5,2017/7/25,330200,d4be620a-dad6-4ab5-b764-43fa286940c3
金华市,0000000D0000002R000000030000000X,42,2019/1/5,330700,efcc23d5-17f2-4f77-94f3-008b1a2c8b4b
湖州市,0000000H0000003P000000070000000X,18.67,2017/4/25,330500,475a4263-fbf7-41e0-b18b-204fee4d098d
湖州市,0000000G0000003F0000000700000010,10.1,2017/12/26,330500,333bd8b1-f21b-4b4b-a313-843baef7a220
宁波市,0000000H0000003N000000070000000X,14.5,2017/11/15,330200,e28dbd2b-6da0-4571-af24-e469173efb3f
温州市,0000000P0000002W000000070000000X,5.67,2017/10/15,330300,24a0fc71-b284-41e9-b337-13dba9aff9ee
浙江省,0000000M0000003V000000070000000X,12.14,2017/7/5,330000,6bba1a17-ec6c-4a48-80f2-c1982ed8b6c7
衢州市,0000001E00000031000000070000000X,5.67,2018/8/5,330800,4f7ea5cb-4686-44da-886d-577f388bdbbc
温州市,0000001700000031000000070000000X,3,2017/11/5,330300,df61712c-b20a-4856-af3e-69f2161acbbc
嘉兴市,0000000Z00000031000000070000000X,3.5,2017/5/25,330400,8e3635dd-1144-4b7d-8539-3ef8255a383a
温州市,0000000X0000007T000000070000000X,53.33,2018/2/15,330300,0400eaaf-5b99-4b2e-9166-8cd750e8b819
浙江省,0000000P0000003E0000000700000010,3.35,2017/2/21,330000,f039c35a-771f-4cd1-9137-ae18b3dae26f
宁波市,0000001K00000031000000070000000X,3.23,2017/12/15,330200,c74cff8b-3e47-4797-93cf-257fdecab6dc
浙江省,0000001A00000031000000070000000X,5.84,2018/4/25,330000,042f5acc-551d-46aa-a4fd-c86082ca5806
台州市,0000002P0000007W000000070000000X,3.45,2018/3/25,331000,b7d98aa1-40cf-4675-b22a-2b4e27c7ca93
湖州市,0000001K00000031000000070000000X,3.33,2018/12/25,330500,128aa239-8084-4064-b941-2791ac6870da
浙江省,0000000J0000003Q000000070000000X,40.17,2017/4/25,330000,3ea36299-5943-4457-b66f-f1c007ec2efd
浙江省,0000002200000038000000070000000X,3.44,2018/6/5,330000,b5453e35-90b4-4ebc-9719-8f4f89c641af
衢州市,0000001E00000031000000070000000X,5.33,2017/8/15,330800,cd664e30-35b3-484a-b6a4-50db4f120f35
台州市,0000000J0000003Q000000070000000X,38.33,2017/4/15,331000,3b345af5-ed53-4968-b611-90b08f7c0e6c
杭州市,0000000H0000003N000000070000000X,15.67,2017/8/5,330100,6004cb57-ab23-4231-acc1-2893ee64561d
温州市,0000001A00000031000000070000000X,5.67,2018/4/25,330300,f80b290c-268b-43bc-832d-3dfa29708d74
舟山市,0000001E00000031000000070000000X,5.83,2017/8/5,330900,be407f83-b61f-4312-b262-7d2aca059cf6
丽水市,0000000D0000002R000000030000000X,51.27,2017/2/5,331100,27c19194-f9ee-4bc0-bee8-17aa4e9b755a
浙江省,0000000M0000003V000000070000000X,12.23,2017/5/5,330000,1984b081-1113-4d3b-871d-66617953c182
金华市,0000000S0000002Z000000070000000X,7.67,2018/7/25,330700,a1c7cf62-a064-457d-a2d5-42806fc69509
浙江省,0000003100000081000000130000000X,86.31,2018/9/15,330000,fc36e900-19a2-4346-926e-e712fe4a6c9c
浙江省,0000000C0000002Q000000030000000X,64.36,2017/3/25,330000,65ead21a-1fb4-465c-92f3-b6871da64980
浙江省,0000001Z00000036000000070000000X,5.95,2017/1/25,330000,406d46a2-44f0-4131-a64a-8608f79e9f8d
台州市,0000002P0000007W000000070000000X,3.28,2017/4/15,331000,362f8c13-805b-47e7-b091-a33a28add28c
金华市,0000000J0000003S000000070000000X,35.33,2017/4/15,330700,f970e734-b9f5-4070-99b7-aeb16a1d2a9b
温州市,0000000C0000002Q000000030000000X,60,2017/9/5,330300,17853e7e-d419-4ee2-8ed0-caccceec2a84
台州市,0000000J0000003Q000000070000000X,39.33,2018/2/15,331000,4a701a98-338d-43d3-847a-69c823341c06
舟山市,0000002U0000007X000000070000000X,3.83,2018/5/15,330900,a60c4b5e-1b55-4da7-9d60-0b1d6c8b3b09
金华市,0000001400000031000000070000000X,8.33,2017/1/25,330700,b415e515-6438-4773-a373-ba9d0743c590
绍兴市,0000000Z00000031000000070000000X,2.5,2017/3/15,330600,6afee524-bb4c-4b2d-b0bd-ca76410972a9
丽水市,0000001A00000031000000070000000X,4.67,2018/1/5,331100,2e51dd5d-8c71-461a-8c30-9bd70df5bc83
温州市,0000000G0000003F0000000700000010,11.5,2017/1/3,330300,152ef280-4ad3-446c-bb9d-7f48e13ead84
湖州市,0000000P0000002W000000070000000X,4.5,2017/5/5,330500,8062a140-fffd-4aac-a5de-385fb6b1791e
绍兴市,0000000X0000007T000000070000000X,36.67,2018/8/15,330600,781cd0f0-3f3b-458f-b068-ca54d5dbd47e
宁波市,0000000H0000003P000000070000000X,28.33,2017/3/15,330200,c41a6bbd-32de-4042-b543-4c4cd3611e37
温州市,0000000H0000002T000000070000000X,20,2019/1/15,330300,e36767af-ed55-48a0-973b-dd6789b2f8f5
温州市,0000001500000031000000070000000X,6.5,2018/11/25,330300,afe4309e-d54c-4a07-81e2-70520266f47e
浙江省,0000000M0000003V000000070000000X,12.74,2018/12/25,330000,60aa5fa6-1ae1-4611-971e-c43f82eabc2a
绍兴市,0000002200000038000000070000000X,3.83,2018/12/25,330600,4a151240-bd53-466d-892b-31fc7baadb29
台州市,0000000P0000003E0000000700000010,4.9,2018/8/28,331000,f46ecfbd-f474-41dc-83fa-62008ac3d9aa
湖州市,0000000S0000002Z000000070000000X,9.33,2017/9/5,330500,dfb256db-4b1f-49cf-bcae-cba45afe2970
丽水市,0000000P0000002W000000070000000X,4.77,2017/8/15,331100,edc95051-24fe-44b6-9cc7-6131d76b812e
台州市,0000000Z00000031000000070000000X,3.67,2018/3/5,331000,94c4532f-12ed-43d2-b537-181ffe22f0a1
宁波市,0000000J0000003S000000070000000X,32.33,2018/7/25,330200,a6d336dd-e8ea-4f98-897c-4e3d0aa1222b
温州市,0000002U0000007X000000070000000X,3.83,2017/4/15,330300,2cd66f26-22eb-410c-ad32-6fb0502aaadc
绍兴市,0000003100000081000000130000000X,66,2019/2/25,330600,06b9da78-2558-4733-809a-ceba6ab39fbd
绍兴市,0000000C0000002Q000000030000000X,57.67,2018/11/15,330600,066a0ed2-6598-48e7-b72a-41af73ea0a60
湖州市,0000000X0000007T000000070000000X,35,2017/8/5,330500,9fbb3913-4c2a-4a6e-a62d-05ea128bf93f
丽水市,0000001E00000031000000070000000X,3.67,2017/6/15,331100,203ef94c-b944-4caa-9dcb-f3340cb84164
金华市,0000000P0000003E0000000700000010,3.5,2019/3/5,330700,fa910237-8db4-40ef-a904-f488d58bb0ac
金华市,0000000D0000002R000000030000000X,40.17,2018/2/5,330700,9f8425d6-57bd-490e-b01d-ec6182c2142b
杭州市,0000002200000038000000070000000X,3.67,2018/12/25,330100,d33ee7f9-05f5-4891-8ee8-6af7f1ebbec0
金华市,0000000S0000002Z000000070000000X,7.83,2018/7/15,330700,cb6238a7-ae48-4962-bea5-f491bf37762b
宁波市,0000000X0000007T000000070000000X,44,2018/9/5,330200,5661b917-7830-4f43-8c66-400ada825bc1
宁波市,0000000P0000002W000000070000000X,6.03,2018/3/15,330200,180f0d84-8de7-4403-b1a0-836560080620
湖州市,0000002P0000007W000000070000000X,3.89,2017/5/25,330500,42992ea7-4424-43c1-997a-2802ee902f54
舟山市,0000002200000038000000070000000X,4,2017/8/5,330900,5673dfda-d4d6-4293-b2c4-335be36e0d1c
浙江省,0000003100000081000000130000000X,86.4,2018/6/15,330000,ea13ba93-09a3-45d4-870e-c622beb0c083
丽水市,0000000S0000002Z000000070000000X,9.67,2017/11/5,331100,3b7522fc-db70-4740-a275-088c63906108
浙江省,0000001700000031000000070000000X,2.97,2017/4/5,330000,13309fa2-870d-4477-bce5-7ae1500e8dd5
嘉兴市,0000000H0000002T000000070000000X,17,2018/12/15,330400,dc30cacd-534f-4115-86d6-825283ad773d
舟山市,0000001400000031000000070000000X,6.33,2018/3/15,330900,875e0948-ddf2-4ac4-b7c1-2ddfcc94079b
温州市,0000000J0000003S000000070000000X,48,2018/11/15,330300,a036be6d-f02b-45a9-b3d6-1fd80a59f27f
舟山市,0000002200000038000000070000000X,4.33,2017/2/5,330900,f97354aa-29a6-4504-9f9f-5921993bac48
温州市,0000000P0000002W000000070000000X,5.5,2019/3/5,330300,ff9d9dd5-fdb6-41f0-bef2-1ac4d788e763
温州市,0000001200000031000000070000000X,5.33,2018/2/15,330300,77c2608b-0603-49a0-ab29-ffd998184f97
绍兴市,0000000X0000007T000000070000000X,36.67,2018/10/25,330600,3fb56028-cb6f-4cc8-99c9-4c6a8fe602bb
舟山市,0000000C0000002Q000000030000000X,50.3,2017/11/15,330900,8b8e0866-4c3e-456c-b414-58943d6bf0d7
温州市,0000000G0000003F0000000700000010,8.59,2019/2/26,330300,96bb1007-fe2f-4648-808b-6038d5da2351
舟山市,0000000M0000003V000000070000000X,13.67,2018/7/15,330900,213a5148-fd9e-409c-864c-009d3ad2fa37
嘉兴市,0000000X0000007T000000070000000X,31,2018/6/5,330400,b80d9463-bfe8-4591-a6d0-77a98ab83612
浙江省,0000000H0000002T000000070000000X,16.03,2018/2/5,330000,c4ca6131-72d5-4403-a4b5-8941cbc06bc8
舟山市,0000000P0000003E0000000700000010,5,2017/11/21,330900,83776848-c24d-4a55-a09b-bbd2dd2d4c21
嘉兴市,0000000H0000003N000000070000000X,15,2017/12/5,330400,82c7cf83-40b3-4516-8367-6fd23b9abb76
湖州市,0000002U0000007X000000070000000X,3.87,2018/5/25,330500,6e80713f-46b1-4ffd-a0d8-07d3567973df
浙江省,0000000H0000003N000000070000000X,14.88,2019/2/15,330000,ecc387b3-4204-49de-bab5-2e4b63535260
金华市,0000002P0000007W000000070000000X,2.9,2017/2/25,330700,35e29090-fe9b-42a7-a588-866de73422e2
杭州市,0000002P0000007W000000070000000X,2.87,2017/8/15,330100,ad36360b-0315-40db-9626-240f7fd97470
浙江省,0000000C0000002Q000000030000000X,63.79,2018/3/25,330000,20cc79c7-c94e-47bb-973d-d5303952ecfb
台州市,0000000D0000002R000000030000000X,38.67,2019/1/15,331000,9df6639e-bf4c-45bc-a265-58d29a2a05a8
温州市,0000000H0000003P000000070000000X,25.33,2017/4/5,330300,71fec3a6-207c-414c-be76-44df9d02a121
衢州市,0000000P0000003E0000000700000010,4.85,2017/12/19,330800,2b9622c8-30ec-4851-bfef-1f9ea615d84e
丽水市,0000000C0000002Q000000030000000X,70.23,2018/2/25,331100,2dcf435d-094a-468a-b9e6-e72b9480449f
浙江省,0000002U0000007X000000070000000X,4.27,2017/8/15,330000,38c1f705-5174-47c4-bd7d-88aef4bb142b
绍兴市,0000000C0000002Q000000030000000X,57.67,2019/3/5,330600,894fbc43-fbd5-4c73-b8c1-1b85abd8e4f8
浙江省,0000000P0000003E0000000700000010,4.62,2019/1/1,330000,ebb890d3-9172-42ba-a036-b7bc10e7ba2e
舟山市,0000000C0000002Q000000030000000X,50.3,2018/7/15,330900,4a6d81fe-28ba-4ced-83c9-7ce3d968226e
浙江省,0000000Z00000031000000070000000X,4.38,2016/12/15,330000,1583874f-1265-42fd-8087-a0526b8675f0
舟山市,0000000Z00000031000000070000000X,4.17,2017/11/25,330900,d0393590-7794-4800-874c-6438c360ed49
台州市,0000002200000038000000070000000X,2.6,2018/8/15,331000,dd466fbf-7fc0-4ddb-a71d-98d3a54befd6
嘉兴市,0000000J0000003S000000070000000X,31.67,2018/4/15,330400,54d616da-e406-4392-8c6d-0b6e1d9e700b
衢州市,0000000C0000002Q000000030000000X,68.33,2018/6/5,330800,7fc77c53-021c-4eda-8d8a-6c5b01914596
丽水市,0000000P0000003E0000000700000010,3.8,2018/3/20,331100,eb88a23a-95b2-4fc8-9994-c027ea4b391e
丽水市,0000000S0000002Z000000070000000X,9.67,2018/8/5,331100,3904f690-3262-4e9e-9754-5316db50e7d7
温州市,0000000G0000003F0000000700000010,10.05,2017/4/4,330300,4f19224c-70e6-49c1-bddd-0d442d19bdbd
台州市,0000000H0000003N000000070000000X,14.5,2017/2/15,331000,4c3e105d-ec60-4676-a68f-be130e1aa7e7
温州市,0000000J0000003Q000000070000000X,46.67,2018/6/5,330300,7f9a3f66-7d2a-422a-9abc-ce6e81e5570a
舟山市,0000001E00000031000000070000000X,3.17,2017/4/25,330900,c58c16ca-8f77-4216-9959-a83d17429afc
绍兴市,0000000M0000003V000000070000000X,10,2018/2/5,330600,f05baa04-7d81-4451-a5d4-17b3cc799fe4
温州市,0000000J0000003S000000070000000X,43.67,2017/3/15,330300,d8e3c34d-faeb-4c36-89e6-68c546b70981
金华市,0000000M0000003V000000070000000X,12.33,2017/7/25,330700,e7c69c59-873a-464b-94c9-4be879a9890a
嘉兴市,0000000Z00000031000000070000000X,5.83,2017/8/25,330400,f6fd8cca-e7fd-413d-b673-7b4593521203
宁波市,0000001400000031000000070000000X,7.17,2018/9/15,330200,3c95cbf8-7474-4818-b873-84b872e247f8
宁波市,0000001400000031000000070000000X,6.07,2017/4/15,330200,2fc84314-16d2-436f-a115-b85a03df19ae
台州市,0000000P0000002W000000070000000X,5,2019/1/15,331000,4100cc39-eb8a-460f-a895-e9835bdd253c
绍兴市,0000000X0000007T000000070000000X,46.67,2019/1/5,330600,9f877b95-6723-4ba7-81df-a8e46bd0c76c
丽水市,0000001Z00000036000000070000000X,5.33,2017/1/15,331100,0b838de5-30f3-4585-a112-a2b744d7e488
温州市,0000000Z00000031000000070000000X,4.33,2017/9/25,330300,b0b76ec1-6c9f-4e40-a544-31d9d6ef670f
衢州市,0000001Z00000036000000070000000X,5.33,2018/5/25,330800,d0a02ebf-24ab-47f5-ab07-a52937065460
金华市,0000000H0000002T000000070000000X,16.17,2019/1/25,330700,cc68a6f6-9c89-46a6-aa52-9c68d0ca8306
宁波市,0000002P0000007W000000070000000X,3.27,2017/9/25,330200,a12a2ac5-9a3e-4594-8fe2-581264aaeb06
宁波市,0000000H0000003P000000070000000X,27.67,2018/12/15,330200,7246166d-d12c-4bcb-aee5-67a871cb2e26
舟山市,0000001700000031000000070000000X,3.33,2017/4/25,330900,b2c5a696-3b40-4497-beea-79d41be05dfa
金华市,0000000D0000002R000000030000000X,42,2019/3/5,330700,a28d2578-e8b0-4826-977a-f755c97f87f4
温州市,0000000D0000002R000000030000000X,46.67,2017/8/25,330300,80716af0-2399-452c-b4bd-de8d6669c014
嘉兴市,0000000H0000003P000000070000000X,22.67,2017/12/15,330400,da95d7a9-6fb4-4102-9e6e-a4b31fa9c495
宁波市,0000001E00000031000000070000000X,4.27,2017/3/25,330200,e9e18686-6b85-4547-9704-1319ca00c78b
湖州市,0000000J0000003S000000070000000X,34,2017/5/15,330500,5b09bdaf-70e5-434c-918d-ccb68a8f1350
湖州市,0000002P0000007W000000070000000X,3.89,2017/5/15,330500,ac09a4f2-5c37-4592-8204-f8fc98824344
湖州市,0000000K0000003U000000070000000X,0,2017/9/25,330500,685c06d8-d94b-47b1-b872-bd9ebcdd5f0a
湖州市,0000002200000038000000070000000X,4.33,2017/5/5,330500,1f3f8d4c-c1f4-429a-88e3-44d922dd44c7
杭州市,0000001E00000031000000070000000X,5.17,2018/5/15,330100,a3e238f0-9216-4279-9802-5b422fa6ca97
绍兴市,0000001200000031000000070000000X,3.67,2017/8/5,330600,3c059df0-9b59-462f-b64a-0ae4a6da2137
嘉兴市,0000000S0000002Z000000070000000X,7.83,2016/12/15,330400,1987a819-fee2-4c49-a9e8-0001d5e74372
杭州市,0000001500000031000000070000000X,5,2017/1/25,330100,502f53f8-c53b-4bba-9d19-4f98c14025f9
舟山市,0000002200000038000000070000000X,4.67,2018/5/25,330900,0ba4d8cd-57a6-47cf-99df-af05ef0beac2
杭州市,0000000J0000003Q000000070000000X,40.5,2017/6/25,330100,5a017eeb-aeb8-4a73-80cc-9b75fbe0bb70
嘉兴市,0000001700000031000000070000000X,3.27,2018/8/5,330400,01b47a5c-2666-4503-8db1-e9816ff94769
嘉兴市,0000000S0000002Z000000070000000X,8.67,2017/3/25,330400,2668d6ae-6065-44c6-835a-e90876fc529d
杭州市,0000000G0000003F0000000700000010,11.37,2017/1/10,330100,40a77de4-6c43-45a7-94d4-a46158b2a709
丽水市,0000000D0000002R000000030000000X,54.6,2018/8/15,331100,e18e219f-e8b3-44d2-bb4d-f04ada3f48dd
台州市,0000002U0000007X000000070000000X,4.33,2017/7/15,331000,5d80e421-bfbe-4f37-bd53-d0a59f028d63
湖州市,0000001Z00000036000000070000000X,5.67,2017/8/15,330500,ebcd5d64-47a1-47e9-9ee0-8d9f7988c911
台州市,0000001A00000031000000070000000X,4.33,2018/12/25,331000,726a3d79-adef-4492-a9fd-a85e9afe71e6
丽水市,0000001Z00000036000000070000000X,5.66,2017/8/25,331100,474d749b-8779-416a-b335-64d8764d4373
舟山市,0000000G0000003F0000000700000010,11.8,2017/2/28,330900,1a6d2aad-6004-4cba-abd7-f1d881962b63
嘉兴市,0000000P0000003E0000000700000010,3.77,2017/2/14,330400,536e935a-d1e0-4dc3-a722-c1c26ed69883
衢州市,0000001E00000031000000070000000X,3,2017/1/15,330800,0a68e451-dd88-4ae7-b430-825064e72e7b
丽水市,0000001K00000031000000070000000X,4.33,2018/8/15,331100,299e36f5-e003-4fb0-866a-9de1ab79060e
舟山市,0000001400000031000000070000000X,7,2018/3/25,330900,ffc23ecb-2637-4a2d-a21b-102d8cbe569d
宁波市,0000001A00000031000000070000000X,5.83,2019/3/15,330200,97364e8d-9038-44fd-85bd-44b5ac756e05
舟山市,0000000M0000003V000000070000000X,13.67,2017/4/5,330900,54b18185-98e4-4105-a7e5-99a52c754d96
温州市,0000000M0000003V000000070000000X,15.33,2018/8/25,330300,d391c872-79ca-4b85-b9fe-352f0ce2bef6
杭州市,0000001E00000031000000070000000X,4.5,2017/2/15,330100,19924ff1-bd8b-4776-81ab-b46329579b95
金华市,0000000J0000003Q000000070000000X,40.67,2016/12/25,330700,8004b85e-559e-4716-aaad-407fa4b718de
温州市,0000003100000081000000130000000X,63,2017/2/25,330300,0677579c-2aa5-4bfe-ac2d-fc235d3a1642
嘉兴市,0000001K00000031000000070000000X,4.33,2017/11/5,330400,cf42e284-8448-4ed4-8ddd-4ac628985d73
宁波市,0000000G0000003F0000000700000010,10.27,2017/11/7,330200,9976dfc4-91e3-415b-b814-351c977dbe3e
丽水市,0000000Z00000031000000070000000X,3.33,2018/5/15,331100,26632a2f-0e41-44a5-b997-5ab5f56393ea
浙江省,0000000H0000003P000000070000000X,22.36,2018/3/15,330000,b2813880-0d2d-4520-8349-e140750d7ec8
嘉兴市,0000000D0000002R000000030000000X,35.33,2018/4/15,330400,324d5bb1-0b3b-4215-98c8-9b244126f7ae
衢州市,0000001E00000031000000070000000X,4.83,2018/3/15,330800,a76e4cda-ce12-48d8-9bdd-cc4cf211f35d
绍兴市,0000000J0000003Q000000070000000X,37.67,2017/9/25,330600,d58fd08e-bfd2-4bcf-84bf-0568525965d8
温州市,0000001500000031000000070000000X,4.83,2017/8/25,330300,c00b3e38-adf5-4f20-b48a-3e81c71501a1
嘉兴市,0000001A00000031000000070000000X,5,2017/8/25,330400,87f6c631-3c40-4b4c-b9c5-cf34bd0b510a
杭州市,0000001400000031000000070000000X,5.83,2017/12/5,330100,37db7c01-ca18-49c0-a048-63419bae7768
绍兴市,0000002200000038000000070000000X,3.1,2018/9/15,330600,46cf4d16-6154-459c-a89c-fd00cee946ff
绍兴市,0000000H0000003P000000070000000X,24,2017/6/15,330600,1622ed67-0d62-4d49-a06b-9879bd1bd476
丽水市,0000000P0000002W000000070000000X,5.17,2017/11/15,331100,d2754ba9-6c1a-474c-8128-0d7389e42bc3
杭州市,0000002200000038000000070000000X,2.67,2017/5/5,330100,2312aec3-54e4-4788-8a85-a6fc21825421
丽水市,0000000X0000007T000000070000000X,46.67,2017/3/25,331100,7f50de32-d8bd-4d77-942f-1757e60f923b
台州市,0000000D0000002R000000030000000X,39,2017/11/25,331000,849dfa1e-4713-4cbc-ad8a-dce024b76bdb
丽水市,0000001K00000031000000070000000X,4.17,2016/12/15,331100,1296028c-d196-4cd0-b1c9-3b9ca674c393
温州市,0000000Z00000031000000070000000X,4.5,2017/9/15,330300,af04aa70-df33-4f76-97f5-3d43aa8c03e3
金华市,0000002200000038000000070000000X,3.33,2018/9/5,330700,41e0f4eb-e520-4f33-a1dd-8d13f53a2926
湖州市,0000003100000081000000130000000X,77,2017/4/5,330500,2fcf1002-d4d0-4598-a6b2-887506821fad
衢州市,0000001E00000031000000070000000X,6.67,2018/9/15,330800,54e0d6a9-5554-4c52-9bb0-f943c7ae5ddc
嘉兴市,0000002P0000007W000000070000000X,3.2,2017/4/25,330400,4e1d7f2a-a7c1-4474-8362-1a9e07066365
金华市,0000000H0000003P000000070000000X,18.33,2018/1/15,330700,7cce751d-f6e5-4381-8d31-83e76e1beef1
金华市,0000001400000031000000070000000X,6.5,2017/4/5,330700,ef6f17d8-d55b-48dc-a133-1596061b4ad0
浙江省,0000000J0000003S000000070000000X,34.64,2017/5/15,330000,b21799ec-5048-4739-9eed-53fb49a54168
绍兴市,0000000H0000003P000000070000000X,24.67,2017/5/5,330600,0ac2bd64-a562-4b8e-a48c-c5f61a72a310
舟山市,0000000C0000002Q000000030000000X,50.3,2018/10/25,330900,79fd00c8-7c8e-4a2b-9b4b-b2692caa2551
衢州市,0000002200000038000000070000000X,3.5,2017/5/25,330800,e3ef18fb-087d-48e8-b270-e1b63f7ba3af
绍兴市,0000002U0000007X000000070000000X,4.67,2018/5/5,330600,b257bd6c-2e10-4c11-885a-6a664b529a87
衢州市,0000000D0000002R000000030000000X,38.33,2018/2/5,330800,c3fe3b1d-99f1-45f4-8f8e-b63fc5a0c06f
舟山市,0000001400000031000000070000000X,5.67,2019/1/5,330900,d273da85-874b-4813-8de8-8effdee41087
嘉兴市,0000000J0000003Q000000070000000X,40.67,2017/1/5,330400,a9a5a1d7-c241-4f6c-844e-f2aded685e19
温州市,0000000K0000003U000000070000000X,48,2017/5/5,330300,6653ae75-d34d-490f-b821-eb04ec858909
衢州市,0000002200000038000000070000000X,2.67,2019/3/15,330800,6706dd09-6a6f-4350-9732-24dcc58f286f
湖州市,0000000H0000002T000000070000000X,16,2017/9/5,330500,2d2c8ffa-e598-41f2-b2f0-56e43b642dc4
绍兴市,0000000G0000003F0000000700000010,12.85,2018/11/13,330600,d7d2452e-ad51-45a1-a220-211638c4f95b
嘉兴市,0000003100000081000000130000000X,79,2017/3/25,330400,988ddcc2-70a7-40d8-a6ef-78edec37f205
绍兴市,0000000S0000002Z000000070000000X,8.83,2017/5/5,330600,7753ba14-652a-4a54-8b9b-dbbdb7a1d9d5
衢州市,0000000Z00000031000000070000000X,4.17,2019/2/25,330800,31dca1e1-13c4-497d-8fa0-909fec43ba65
温州市,0000000K0000003U000000070000000X,48,2017/8/25,330300,4125c51f-a0bd-424b-9756-3b34636dae3e
浙江省,0000000K0000003U000000070000000X,35.66,2017/12/5,330000,795e08d1-3613-4ed6-8ee8-d8e684c758a6
湖州市,0000002P0000007W000000070000000X,3.89,2017/8/25,330500,45b9357b-6c81-4239-aafc-de0441086fff
舟山市,0000000P0000003E0000000700000010,3.3,2017/3/7,330900,bbd411db-e858-411b-950e-ec2e889df35d
金华市,0000001200000031000000070000000X,2.5,2017/6/15,330700,685eac23-e855-4f30-bf40-f5d194927629
温州市,0000000Z00000031000000070000000X,6.17,2018/10/5,330300,06172fdb-4fe5-4b0e-991a-bf03f5e82161
金华市,0000000H0000003N000000070000000X,10,2018/5/25,330700,60ccde21-bac2-4f69-870a-f26b2df9b9a2
舟山市,0000000G0000003F0000000700000010,10.45,2017/9/26,330900,b64b9d2f-887a-4880-bac5-11c089059a3f
杭州市,0000001500000031000000070000000X,5.33,2017/2/5,330100,21b2e322-106a-4549-b9a8-3b753e1c3e6e
金华市,0000000J0000003S000000070000000X,35.33,2017/4/5,330700,10172bf0-03e7-44ea-be04-6bc6d07e7bff
宁波市,0000001500000031000000070000000X,4.43,2017/12/25,330200,f650ce47-016f-4bb4-b218-64076d3cca4f
温州市,0000000P0000003E0000000700000010,4.13,2017/10/24,330300,54ea5d91-e50d-4b85-8900-655c569f8264
金华市,0000000D0000002R000000030000000X,40.17,2018/2/25,330700,09dd49c7-43a8-49b2-a355-52ceadd97e2a
杭州市,0000001Z00000036000000070000000X,6.57,2018/3/25,330100,fadf2c3a-a682-440a-bd98-db5ceebb9e09
台州市,0000000G0000003F0000000700000010,10.2,2018/12/11,331000,ce76ec46-41fb-49ee-8c3e-e781557f9c0c
衢州市,0000003100000081000000130000000X,93.27,2017/8/15,330800,c732ebe2-cfec-44dd-aaeb-e4827fc00f45
绍兴市,0000000S0000002Z000000070000000X,8.83,2017/4/25,330600,58d7ea3e-f9e3-44be-9c01-c7d10819aa81
杭州市,0000000H0000003P000000070000000X,20.5,2017/5/15,330100,a6996a33-a5ec-42dc-8b04-56030f7100ab
湖州市,0000003100000081000000130000000X,72,2018/9/15,330500,a50417fe-d1bd-4fe9-991d-f824ed3860c5
金华市,0000000P0000002W000000070000000X,3.67,2017/6/5,330700,939f063a-f87c-493d-a6a2-33f5e70c5ad6
杭州市,0000001K00000031000000070000000X,3.83,2018/12/15,330100,9e45b799-d424-4c0a-a228-84b0734d7a93
金华市,0000000C0000002Q000000030000000X,68.87,2018/11/5,330700,bbee1f7f-2d06-4944-8809-298a65b5cb1c
浙江省,0000000S0000002Z000000070000000X,9.13,2018/1/15,330000,82ca6ce1-ac09-4668-b644-f60dba14be6a
嘉兴市,0000000H0000003N000000070000000X,15,2017/6/25,330400,c1a37f7b-6226-450b-b44f-531acca7a753
绍兴市,0000000H0000003P000000070000000X,23,2018/5/25,330600,9f47b6f3-43ed-489d-9e1c-5ee55f433e4b
浙江省,0000000H0000002T000000070000000X,15.1,2018/8/15,330000,87d153af-0df1-4ad4-b355-5085c7a524c4
金华市,0000002200000038000000070000000X,2.83,2018/6/25,330700,96893577-073c-470a-bf4e-cda28a6031c8
湖州市,0000000J0000003S000000070000000X,34.67,2018/6/5,330500,2a6955a5-352d-4a6f-8c50-c4af4b225635
湖州市,0000000J0000003Q000000070000000X,39.67,2019/1/15,330500,ba72c2fc-d797-4010-9e6e-667868fd1304
湖州市,0000000J0000003S000000070000000X,34,2017/4/15,330500,40688c6e-3515-40d1-a095-74203a49e792
温州市,0000000H0000002T000000070000000X,17.33,2017/9/5,330300,ca716c7f-61d5-410a-89a3-559b5a813289
衢州市,0000001K00000031000000070000000X,2.83,2018/12/15,330800,58fa7083-e368-4336-9194-600c9d78d5c0
嘉兴市,0000001700000031000000070000000X,3.5,2017/2/15,330400,8a405f97-7fcb-41ab-bced-99e1f4ea142e
衢州市,0000000P0000002W000000070000000X,5.57,2017/10/5,330800,6789671c-d339-4304-90af-940b3bd967c1
浙江省,0000000H0000002T000000070000000X,16.42,2019/2/25,330000,193f1e29-0fa7-4c80-928a-be55cd167954
舟山市,0000001K00000031000000070000000X,4,2018/2/5,330900,bfee0d23-b9dc-4195-9408-96a896844a53
嘉兴市,0000000D0000002R000000030000000X,35.33,2018/9/15,330400,1497a77e-1226-4d76-b6d8-d8cce220501e
台州市,0000001200000031000000070000000X,3.33,2017/4/15,331000,54853ddf-06b2-4a40-9933-f29a78e4bad4
温州市,0000000P0000003E0000000700000010,3.9,2018/7/10,330300,64942c0f-04a9-4dd3-be52-4253717e025f
衢州市,0000000H0000003P000000070000000X,22.33,2017/12/5,330800,1da26424-e633-429b-a2f7-3bafdb9029d1
台州市,0000001A00000031000000070000000X,5.5,2017/1/15,331000,dcb3672a-899a-4ee4-8863-40197b07c78c
绍兴市,0000001200000031000000070000000X,3.33,2018/8/5,330600,2f3844dc-1d23-4293-8c1f-d7117382bca6
湖州市,0000001Z00000036000000070000000X,5.67,2018/11/15,330500,bc747c14-0cdb-4c8d-8403-6592512d6b05
舟山市,0000000C0000002Q000000030000000X,50.3,2018/9/15,330900,37fe53e9-5784-465e-8577-2c82d9e341a4
衢州市,0000002U0000007X000000070000000X,4.33,2017/1/5,330800,75c6be92-4f82-45c1-8489-708e057baf30
湖州市,0000001400000031000000070000000X,5.33,2018/1/15,330500,c647a6aa-ce4b-4e89-a126-b274fcc49d78
浙江省,0000002U0000007X000000070000000X,4.29,2017/6/5,330000,8b95623d-d81f-46cb-9426-d62f4b4da75d
衢州市,0000000J0000003Q000000070000000X,46,2019/2/5,330800,21122286-8096-4aac-8712-e6389e8da9f9
宁波市,0000002200000038000000070000000X,3.7,2017/4/15,330200,20ad0622-0808-4f5b-82fa-ff87dc46b249
浙江省,0000000X0000007T000000070000000X,40.92,2017/4/5,330000,3b3e4266-6980-44da-b0ff-0d28b78f57a1
衢州市,0000000S0000002Z000000070000000X,8.17,2017/3/25,330800,1e1b6634-6c61-4d94-aa62-c6ecac3b042a
丽水市,0000000S0000002Z000000070000000X,9.67,2017/3/25,331100,b4126c71-c918-486b-bebd-fd2012b4c56f
温州市,0000000S0000002Z000000070000000X,9.33,2017/4/25,330300,ab24b065-6a3c-4a62-a3af-9b7966770a6d
杭州市,0000000P0000002W000000070000000X,3.77,2017/7/15,330100,9c945939-c344-42df-ab62-463b5456cc3d
舟山市,0000001Z00000036000000070000000X,7.5,2017/2/5,330900,d26fde09-2082-48e8-bf7b-9a7867ef85ed
衢州市,0000001A00000031000000070000000X,7,2017/2/5,330800,86058535-8890-479d-b115-e42623acb10f
湖州市,0000002U0000007X000000070000000X,3.6,2017/4/15,330500,4a1c9820-60e4-422f-bb53-2a269530fbd6
舟山市,0000002200000038000000070000000X,4.5,2018/3/15,330900,2d64e5ae-2472-40ce-91b0-85fc31eecfd2
宁波市,0000001E00000031000000070000000X,4.3,2017/5/5,330200,bdbbac1c-9b27-4efd-a6d2-41129927981e
金华市,0000001K00000031000000070000000X,2.83,2018/5/25,330700,69d09485-5ed1-4d01-8b03-55c449a73e99
丽水市,0000000J0000003S000000070000000X,34.33,2017/4/25,331100,c8464680-869e-4552-8ffd-7ef30e15e66f
宁波市,0000000S0000002Z000000070000000X,9.83,2017/7/5,330200,b37e177c-b4b4-494c-af8d-c4a7d8f26f87
嘉兴市,0000000H0000002T000000070000000X,18,2017/8/15,330400,1c5ae952-7702-46cf-b187-6312da97fd14
绍兴市,0000001500000031000000070000000X,3.67,2017/7/25,330600,9be16919-063b-40f5-94d4-0f6bdbbdb3bf
金华市,0000000G0000003F0000000700000010,9.6,2017/5/23,330700,fbc4a717-2407-451b-9db8-f9347ae02b64
嘉兴市,0000000X0000007T000000070000000X,32,2017/11/15,330400,c037f5dd-fd04-4243-b6b5-c69720449997
湖州市,0000001E00000031000000070000000X,4.5,2018/5/15,330500,6e1c934b-2419-4b04-a25e-1bc476c3033a
温州市,0000000J0000003S000000070000000X,43.67,2017/4/15,330300,536a83ef-bb48-461a-8fb1-e96c95061f35
宁波市,0000001Z00000036000000070000000X,6.53,2018/2/5,330200,df5d5952-1f3e-4daa-95b5-fe1b8e16afb7
舟山市,0000001Z00000036000000070000000X,7.67,2017/12/25,330900,2f886049-bde7-4b6f-9d0a-7e6e0a3bbda5
衢州市,0000001700000031000000070000000X,2.67,2017/2/5,330800,fcf6693a-1d10-405f-a655-62a3385bbe40
湖州市,0000000M0000003V000000070000000X,17,2017/11/5,330500,5a10e927-fcd1-40de-863f-da73d910dbb9
丽水市,0000000J0000003Q000000070000000X,42.67,2018/10/5,331100,6e089230-df31-4b54-8b4f-1d0db29dca5c
湖州市,0000000M0000003V000000070000000X,17.33,2016/12/15,330500,19d89174-034a-48b8-a9db-e3debf3a2cbd
温州市,0000000G0000003F0000000700000010,7.37,2018/7/3,330300,7610b210-e550-48c8-a09c-ca7168b1eab5
绍兴市,0000001700000031000000070000000X,2.5,2019/3/15,330600,4d1d77f5-b65f-40b9-a879-05613fbd13a2
舟山市,0000000G0000003F0000000700000010,10.5,2018/8/14,330900,5f70f99f-2581-4998-a519-26983989aa6b
温州市,0000003100000081000000130000000X,63,2018/2/5,330300,93d5d6ec-42ed-4da6-a568-2f95b8f5d21b
台州市,0000001500000031000000070000000X,3.5,2017/5/5,331000,6a404557-fa67-4b4d-8b71-42d154fb3f22
宁波市,0000001200000031000000070000000X,4.1,2017/9/15,330200,d14388c4-0426-437a-82d1-e7b5b6032233
舟山市,0000000H0000002T000000070000000X,15.67,2017/5/5,330900,e7c872fc-031e-42ca-9564-473f33bc5f31
绍兴市,0000003100000081000000130000000X,66,2018/1/25,330600,52c5e2f7-9d85-40d9-be52-b8b34ec37938
湖州市,0000000G0000003F0000000700000010,9.8,2017/8/15,330500,ee898e74-fb1f-4a78-9989-eeb09fb4a91b
嘉兴市,0000001K00000031000000070000000X,3.17,2017/3/25,330400,ed238783-cf40-405a-9948-f5963148e2a1
丽水市,0000003100000081000000130000000X,84,2018/5/15,331100,3d0e0b03-04da-4622-a90e-ffd5abbc321f
丽水市,0000002U0000007X000000070000000X,4.66,2017/6/15,331100,0f84d75b-b5ae-4933-9218-d7a98b5db00c
嘉兴市,0000001400000031000000070000000X,4.33,2018/11/5,330400,27d3d570-9318-462f-8fa9-d7526d07addb
台州市,0000000C0000002Q000000030000000X,63.33,2018/11/25,331000,4c1847c1-a244-47ca-bf0d-b1ddbff38efa
金华市,0000000H0000002T000000070000000X,16.67,2018/10/15,330700,5cd75c89-508d-4813-b189-05288eb64c02
金华市,0000000Z00000031000000070000000X,3.5,2018/4/5,330700,4246f909-6826-4681-ab1f-d9dedb23ca3c
台州市,0000001500000031000000070000000X,4.67,2017/3/15,331000,ffd3e205-4f22-4b67-8665-3f469487679d
舟山市,0000000X0000007T000000070000000X,42.67,2017/9/5,330900,1a16fc20-a7e5-401c-b4da-ff05f64a21ab
湖州市,0000002U0000007X000000070000000X,3.6,2017/4/5,330500,6e6daed8-28ae-4cda-a20d-785b59f82304
宁波市,0000001E00000031000000070000000X,4.83,2017/1/15,330200,f72715a0-c910-48cd-9040-4161b1336970
绍兴市,0000000C0000002Q000000030000000X,57.67,2019/3/15,330600,9aeb0e07-5640-4fc6-b532-6afec2092cb1
湖州市,0000002P0000007W000000070000000X,3.89,2017/10/5,330500,5810ecd5-5906-4d40-ad12-8511c7810248
温州市,0000001E00000031000000070000000X,4.33,2017/5/5,330300,cbb15fd7-732b-4e95-b193-f05334c6cf58
台州市,0000001A00000031000000070000000X,4.33,2017/10/25,331000,81161191-4491-42bf-bfe0-3e96d252b36d
嘉兴市,0000000Z00000031000000070000000X,3.17,2017/4/5,330400,c6a45059-64b3-4d7f-92b6-ef193ddded18
衢州市,0000000K0000003U000000070000000X,36.33,2019/1/25,330800,35bcaec8-5ec8-4c10-a1c2-7c37f2db2409
衢州市,0000000H0000003P000000070000000X,20.33,2018/4/25,330800,2bb0559d-e0eb-445b-add2-d8a28bc1c3b6
湖州市,0000001400000031000000070000000X,5.33,2017/11/5,330500,db16b5d3-56dd-473f-957d-234f91955c80
舟山市,0000000H0000003P000000070000000X,24,2018/4/15,330900,f77ef538-6450-46cc-a866-4dd17189821d
湖州市,0000001500000031000000070000000X,6,2018/11/5,330500,b85c000b-a56f-41f7-8f7c-8cc24e9aa42a
绍兴市,0000002U0000007X000000070000000X,4.67,2018/5/15,330600,fd8a2b97-327f-4c39-8ac4-7ce19d5660e4
杭州市,0000002200000038000000070000000X,2.67,2017/11/15,330100,501de9b6-402a-4b97-9364-1bee4bfd6d08
丽水市,0000000H0000003N000000070000000X,13.33,2018/1/25,331100,efdf91ee-1bae-48fc-aec7-19710dce2c9e
浙江省,0000000G0000003F0000000700000010,10.05,2017/5/2,330000,6a10fd99-e1c3-4241-8dae-001ecee4dc86
衢州市,0000002200000038000000070000000X,3.17,2018/2/15,330800,4ead5ee2-0783-4bca-8a2e-61d4d925118d
丽水市,0000000J0000003Q000000070000000X,37.33,2017/8/15,331100,aeb531b8-3361-4277-98dd-2b239f434150
温州市,0000002200000038000000070000000X,3.5,2018/8/25,330300,59cd9f98-4655-49a7-933d-b7e317387f53
舟山市,0000001E00000031000000070000000X,6,2018/10/25,330900,d5bf77bd-e4ef-441f-a29d-d2ef34c0912f
绍兴市,0000000C0000002Q000000030000000X,59,2017/6/5,330600,a7db562c-ca51-4d78-aecd-f1fc16fb12db
温州市,0000003100000081000000130000000X,63,2018/3/15,330300,67c175f3-2c5a-4539-963d-b87304dff452
浙江省,0000000G0000003F0000000700000010,10.17,2018/2/6,330000,19f88c17-4b68-4fe7-8a9a-f684eebdcdd7
嘉兴市,0000000M0000003V000000070000000X,11.17,2017/4/15,330400,7a89da9f-49f0-45ef-80a9-86a37ac163a5
湖州市,0000000P0000003E0000000700000010,2.5,2017/5/30,330500,98557f11-108e-454e-bac3-086a7af52842
嘉兴市,0000000G0000003F0000000700000010,10.9,2019/1/15,330400,ef93f7c2-e031-414f-9075-8be1900e663f
浙江省,0000000C0000002Q000000030000000X,63.71,2016/3/5,330000,a1352a70-ca43-41e6-aead-58a0aee96383
绍兴市,0000000X0000007T000000070000000X,44.33,2017/1/15,330600,ac4740e1-eb79-4900-81c5-20f9031791c9
丽水市,0000001500000031000000070000000X,4.17,2018/1/5,331100,2ec71abf-d377-4f1e-b08d-bbae44e1f64b
嘉兴市,0000001E00000031000000070000000X,4.33,2018/4/15,330400,6c6cdfad-84be-4ba2-911a-1ae81d9e53f0
金华市,0000000H0000003N000000070000000X,14.17,2017/4/25,330700,1796822e-6c3c-4270-bdd7-9dcf5647a211
丽水市,0000000C0000002Q000000030000000X,70.23,2017/12/5,331100,e36bce78-7bae-485b-9a27-6bd4f7f82e82
衢州市,0000000C0000002Q000000030000000X,70.67,2019/2/15,330800,3b7003be-c82a-41c6-b649-2e96fac5554a
宁波市,0000002P0000007W000000070000000X,2.93,2019/1/5,330200,41268985-76d2-4bb5-b25e-e737e6fd358f
衢州市,0000000X0000007T000000070000000X,24.67,2017/8/15,330800,e4eea451-85eb-46fd-a460-d4008e22e4bb
宁波市,0000000G0000003F0000000700000010,10.93,2018/11/27,330200,085d9ef0-62ff-477a-878c-16d1752cdcf5
浙江省,0000001A00000031000000070000000X,5.85,2018/11/25,330000,f126da05-4d9f-45ce-8732-23643b84d718
温州市,0000000S0000002Z000000070000000X,9.17,2018/2/15,330300,61334cb0-c9c4-4ed8-afbd-62370464333d
浙江省,0000002U0000007X000000070000000X,4.28,2017/11/25,330000,674a22d1-d3ab-433c-ab6a-2b673d1dec10
衢州市,0000002200000038000000070000000X,2.67,2017/9/25,330800,bbb13560-a106-4080-bf65-ee7e1f364686
浙江省,0000001Z00000036000000070000000X,6,2017/5/25,330000,97746e5f-b10d-4cf3-ae6f-fb937266569d
衢州市,0000000P0000003E0000000700000010,4.7,2018/12/18,330800,3ad4ecac-1048-443d-9c1a-895ce7d4aca9
宁波市,0000001A00000031000000070000000X,5,2018/5/5,330200,df490d81-563f-4632-a00b-7455d6f3332f
嘉兴市,0000003100000081000000130000000X,79,2018/1/5,330400,157cf22b-4a96-4130-a1d2-6e967f7867bc
金华市,0000001200000031000000070000000X,4.17,2018/9/25,330700,de6cf462-ffb7-41ae-b507-7ab6936e26fd
台州市,0000000D0000002R000000030000000X,39.33,2017/5/5,331000,c82d7544-9047-4e89-a0ed-eaeda0ef0516
嘉兴市,0000001200000031000000070000000X,3.83,2018/11/5,330400,71d36c3f-5e89-4269-a361-20cf3a6de223
嘉兴市,0000001A00000031000000070000000X,6.17,2018/5/5,330400,74f1f09c-c1cd-4854-bbae-44c14e6828b3
杭州市,0000000J0000003S000000070000000X,35.83,2018/3/15,330100,34e41a35-6d49-41d1-970b-e5a19ca9c8ac
金华市,0000000G0000003F0000000700000010,7.1,2018/5/8,330700,7df4a584-edf8-4fa3-9bfa-cf89b76c4194
舟山市,0000000C0000002Q000000030000000X,51.6,2017/5/5,330900,6c7aa40c-1ade-45ea-96c2-6f0c0e7d900a
嘉兴市,0000001E00000031000000070000000X,4.5,2018/1/15,330400,b475d4f8-cd20-4b82-bd27-285864298351
温州市,0000001400000031000000070000000X,5.67,2017/7/15,330300,de4edf71-f3fb-4e71-bfe2-f4cdad6d224b
舟山市,0000001Z00000036000000070000000X,7.5,2016/12/15,330900,e065b8fa-e047-48f5-b0fe-431cdc3dd442
温州市,0000000J0000003Q000000070000000X,45.67,2017/9/25,330300,2f787877-a4ab-43c6-881a-b0394c175904
台州市,0000000J0000003S000000070000000X,32.33,2017/10/25,331000,253e63ea-b7ff-4cac-86a1-849c062a4474
嘉兴市,0000000P0000003E0000000700000010,4.33,2018/5/22,330400,c10eda78-311e-43b7-b3f8-9f6fd1b47f49
绍兴市,0000000M0000003V000000070000000X,9.67,2017/6/15,330600,4c5b8c79-1f8e-4efe-9741-3b59b608ecd6
衢州市,0000000H0000003N000000070000000X,13,2017/10/25,330800,44f4db9b-1dce-4b23-9b62-b7ac5807da42
嘉兴市,0000000D0000002R000000030000000X,39.33,2017/5/15,330400,876c4fbd-a587-41f8-8a16-67b172a42afb
杭州市,0000001200000031000000070000000X,6.17,2019/2/5,330100,b9169f81-1d2b-4840-b207-cda7faa917e9
舟山市,0000000J0000003Q000000070000000X,41.67,2018/5/15,330900,c362d236-9d65-4063-b31d-bfcad21197aa
浙江省,0000000G0000003F0000000700000010,10.74,2017/3/21,330000,0bd7041a-e792-499d-821b-82e4ed10f419
绍兴市,0000002P0000007W000000070000000X,2.33,2018/9/25,330600,6f973b90-da06-487e-9c4f-a10dd9648684
浙江省,0000001400000031000000070000000X,5.21,2018/5/5,330000,c6804b29-77bb-48fa-a8b8-0b844c7363ae
金华市,0000000Z00000031000000070000000X,5.17,2018/10/15,330700,1dbbabec-fe40-411a-963a-52ea0d988409
湖州市,0000002U0000007X000000070000000X,3.6,2017/7/5,330500,4c648428-fc3f-4e73-a1dd-40821904b7d4
舟山市,0000000H0000003N000000070000000X,15,2017/12/15,330900,ab0cb455-8dd5-4896-947a-90199cffd6e5
舟山市,0000000C0000002Q000000030000000X,51.6,2017/4/25,330900,85d98616-92e1-4664-8041-a56230c6bf91
金华市,0000000P0000002W000000070000000X,5,2018/4/15,330700,d90f6720-2cc6-44c5-a128-46d004142513
嘉兴市,0000000G0000003F0000000700000010,9.5,2017/7/18,330400,9c058668-2a40-4132-821a-ad343b1d713d
绍兴市,0000000H0000002T000000070000000X,13,2018/6/5,330600,b268da01-d996-4f44-9c85-3de8a6150cf4
温州市,0000003100000081000000130000000X,63,2018/1/15,330300,0f2b5586-5e2c-4e8f-b192-6f7b81bfd27c
杭州市,0000001E00000031000000070000000X,5.17,2017/10/5,330100,1b5e8e85-16c0-48e0-9801-b3511c401006
杭州市,0000000C0000002Q000000030000000X,62,2017/6/25,330100,adc79efe-b7c5-445f-a599-199e6a5909ff
丽水市,0000002P0000007W000000070000000X,2.93,2019/2/15,331100,713de251-19a7-4b12-9d00-8f46896f288d
湖州市,0000002U0000007X000000070000000X,3.6,2017/3/25,330500,38c366e6-8ad3-437c-b70c-4444c5dc65c3
丽水市,0000001500000031000000070000000X,4.83,2017/4/15,331100,8427c0ad-edd0-45b3-ad93-83c1d92ed194
金华市,0000000S0000002Z000000070000000X,8,2017/4/25,330700,e4299052-70e8-420f-9245-6eca55f3ed16
绍兴市,0000000J0000003S000000070000000X,34,2018/7/5,330600,e75b870a-9f03-4a85-b302-18a8aa1d4833
浙江省,0000001K00000031000000070000000X,2.87,2017/3/25,330000,5d40a6f7-aad8-4960-96b7-66979153d777
台州市,0000000G0000003F0000000700000010,9,2017/6/6,331000,38cf652b-b912-4371-933c-bdf050438006
嘉兴市,0000000J0000003Q000000070000000X,40.67,2016/12/25,330400,390a9383-7b1c-48f0-8c6b-7e1011733cf8
温州市,0000000H0000003N000000070000000X,15.67,2017/10/5,330300,d6dd6b30-6b63-4958-81da-81015cd2ebd5
嘉兴市,0000001400000031000000070000000X,7.33,2018/3/5,330400,acbc26bf-15db-490b-a0ea-0d1b43a8f310
舟山市,0000000H0000003N000000070000000X,15.33,2017/7/25,330900,82e43989-820e-4ae8-9ed5-bef844d68721
绍兴市,0000000H0000003P000000070000000X,25,2018/9/15,330600,703d8aea-dcf3-4ba3-bc8e-360a36858f5e
嘉兴市,0000001400000031000000070000000X,4.33,2017/7/15,330400,eb481fbd-aa36-4674-ac78-3bc45cc52390
舟山市,0000000Z00000031000000070000000X,5.67,2018/2/15,330900,0c66d737-3ef0-4cf4-b25f-50628daac50f
衢州市,0000000M0000003V000000070000000X,11,2017/8/25,330800,4d977472-4542-447a-a4a0-bacd413d0978
杭州市,0000000C0000002Q000000030000000X,62.67,2017/10/25,330100,ef0b7447-118c-440d-85d0-7715606db8b8
台州市,0000000J0000003S000000070000000X,32.33,2017/11/15,331000,da882de9-aa94-469f-b7bc-8ded0cdc219c
台州市,0000002U0000007X000000070000000X,4.5,2017/11/5,331000,3ffcada8-0603-4e55-83f5-abc6a4edc72b
衢州市,0000000H0000003N000000070000000X,11.67,2018/7/15,330800,b2a5deb3-2435-4f53-9423-164e712dc436
宁波市,0000001400000031000000070000000X,8.6,2019/2/15,330200,2679f90b-b23e-4be0-adda-11b5398269ad
金华市,0000000P0000003E0000000700000010,3.7,2019/3/19,330700,0c2b2e4c-4040-4437-bb7b-42079d6a870f
衢州市,0000000K0000003U000000070000000X,38.67,2019/2/15,330800,6d1fa454-90a1-4a97-ac64-3c33b4d3636d
绍兴市,0000001400000031000000070000000X,4.67,2018/5/15,330600,85a0b6dd-8596-4aca-815e-ca65ea3548d9
金华市,0000000P0000002W000000070000000X,4.17,2017/3/25,330700,7224f7c4-72dc-40e0-badf-bc587684f001
舟山市,0000001400000031000000070000000X,6.67,2018/6/15,330900,3c831c7a-fe66-4dac-a868-1c9ce2ccf187
浙江省,0000002P0000007W000000070000000X,3.13,2019/3/5,330000,cec3c1c6-3c1f-4232-a7d8-8485097ad7d0
杭州市,0000000X0000007T000000070000000X,38.67,2018/6/15,330100,0b3dcb95-a897-41bf-87cb-d2f4b58c3dae
丽水市,0000000H0000003N000000070000000X,15,2017/3/15,331100,464d79ea-17f2-4f56-ae2e-a2d809c05453
绍兴市,0000000H0000003N000000070000000X,13.83,2018/1/25,330600,ea8f667a-f643-4322-894a-55f592b26e31
浙江省,0000000J0000003S000000070000000X,35.87,2018/9/25,330000,937b7348-b6c4-489b-b7aa-77076310efa9
金华市,0000001200000031000000070000000X,3.67,2017/8/5,330700,071947a5-dce3-4c44-b8de-fbc9fa971e14
嘉兴市,0000001200000031000000070000000X,3,2017/7/15,330400,0a07cd08-3aaf-40a6-89b7-7f06db25c267
衢州市,0000002P0000007W000000070000000X,2.5,2017/2/5,330800,32c5e3f3-f091-417d-92fb-245e90fabe82
金华市,0000000D0000002R000000030000000X,42,2018/12/25,330700,4fe51b2b-30e6-45d2-8873-38b7743c2e66
湖州市,0000001400000031000000070000000X,5,2017/8/25,330500,157f4313-d4d1-47b9-9fb2-04c865602a15
嘉兴市,0000001K00000031000000070000000X,4.67,2019/3/15,330400,34e4bb2f-7e64-4526-86be-063a692b11f8
金华市,0000000Z00000031000000070000000X,3.67,2019/3/15,330700,0279014a-6333-4bd4-8e49-40e8412e72ad
衢州市,0000001K00000031000000070000000X,2.33,2017/4/5,330800,46946736-7917-4740-a9bd-f1ff1d82633b
舟山市,0000000X0000007T000000070000000X,48.33,2017/3/25,330900,9d6b039d-d3b2-4611-ab43-4afdf34e2fd0
金华市,0000000H0000003N000000070000000X,14.17,2017/4/25,330700,85172a04-dec3-4774-9603-28cfe18574f9
绍兴市,0000003100000081000000130000000X,66,2017/10/5,330600,3cc15692-d2c1-4f2a-8b6f-de739677bac2
温州市,0000003100000081000000130000000X,63,2017/6/15,330300,8a0ee3c0-87f3-4eb9-8756-3ee42f7b476f
湖州市,0000002P0000007W000000070000000X,3.89,2017/4/25,330500,51666196-3501-4387-9d98-ac7858350706
嘉兴市,0000002200000038000000070000000X,3.17,2017/12/25,330400,e02400ca-ebe9-428a-b3b9-e80aeec689b5
丽水市,0000000X0000007T000000070000000X,39.67,2019/1/5,331100,a2d08ae7-5fa4-4293-b7aa-88ff044bbd07
金华市,0000000D0000002R000000030000000X,42,2017/8/25,330700,6d91c68d-7bad-4b35-898f-68602a77bebb
杭州市,0000001K00000031000000070000000X,4.5,2017/10/15,330100,b57c52c7-c0be-4040-8726-63083500532b
湖州市,0000001Z00000036000000070000000X,5.33,2017/3/25,330500,c0a5d497-ce75-4ba2-8270-674423ecfd94
丽水市,0000001500000031000000070000000X,4.83,2017/4/15,331100,3ecbb134-794b-46f2-9e6d-db42279583e0
温州市,0000001700000031000000070000000X,3,2017/4/5,330300,9d01ff51-7de1-445c-8854-1fb578037dfc
湖州市,0000001700000031000000070000000X,3.33,2017/1/25,330500,02108310-b79c-41fe-a4fb-bbe9f5a1bdb9
绍兴市,0000001Z00000036000000070000000X,4.5,2017/8/5,330600,7782fa7b-0b7c-44bb-9fd5-b64509539d6a
舟山市,0000000J0000003Q000000070000000X,40.67,2017/4/5,330900,248b8575-c35f-446f-b770-e3921da48cab
宁波市,0000001K00000031000000070000000X,3.23,2018/3/25,330200,690199d0-f57e-4be1-9a46-673c0866a12a
嘉兴市,0000000J0000003S000000070000000X,34,2019/3/15,330400,3f8cd2ee-ab32-4f62-ae82-7a2911700677
金华市,0000002200000038000000070000000X,3.5,2018/3/25,330700,2eca7996-a983-4e99-b944-89fb4d1ed0ea
衢州市,0000002200000038000000070000000X,3.17,2017/6/15,330800,518a7c46-cba3-4a52-ab01-c447e0b12930
湖州市,0000001200000031000000070000000X,3.67,2018/7/15,330500,01f9327a-a43c-4f79-b62d-c4a7d5782545
杭州市,0000002U0000007X000000070000000X,4.27,2017/6/15,330100,e4295f14-9eb2-469a-9cec-0fd9dbb18620
温州市,0000000Z00000031000000070000000X,4.17,2018/1/5,330300,acddd794-ce2d-4916-ab2b-3e75bf3622d9
湖州市,0000000Z00000031000000070000000X,3.67,2018/3/25,330500,b47e2c1a-76f2-4e41-b16f-6f9fa8c5447e
金华市,0000000H0000002T000000070000000X,14.67,2017/7/25,330700,fb6746c1-2e13-4327-8049-0108150e1b43
台州市,0000000M0000003V000000070000000X,10.67,2018/5/5,331000,0de69d9c-942e-4b69-a48f-433ad5ffdab7
杭州市,0000001700000031000000070000000X,2.5,2017/10/15,330100,12a6d351-7a1c-451c-911a-0097ee163dc9
温州市,0000000H0000003N000000070000000X,16.67,2017/12/5,330300,189727e9-8028-420d-9b84-ca47e7764d16
嘉兴市,0000000S0000002Z000000070000000X,9.17,2018/2/15,330400,7ccd70dc-be62-487a-ae5a-e446fc2ee6ce
台州市,0000000G0000003F0000000700000010,8.2,2018/7/17,331000,4bcec793-403a-4da1-bf94-8fb51c867a34
绍兴市,0000000H0000002T000000070000000X,15.67,2019/1/25,330600,dab6c2fb-26a6-4374-bd90-9b2bb49636d0
金华市,0000000Z00000031000000070000000X,3.67,2017/6/15,330700,0c8b80e0-d748-40ef-9e92-329bc76e22a2
绍兴市,0000000K0000003U000000070000000X,36.33,2018/3/5,330600,a16066ef-c64d-45d1-a13e-8593e6b82bb3
舟山市,0000001K00000031000000070000000X,3.83,2017/1/25,330900,cce875f9-b561-4d48-b801-5c02a0d4b066
丽水市,0000000D0000002R000000030000000X,54.6,2019/3/15,331100,1a227e92-893e-431c-939c-25fb8456c35c
丽水市,0000003100000081000000130000000X,84,2017/10/5,331100,bad28091-892f-4052-a21f-a93fd9b45527
嘉兴市,0000000X0000007T000000070000000X,32.67,2018/8/5,330400,c15edf64-c813-40d8-bbfc-62b2b5e64883
绍兴市,0000000M0000003V000000070000000X,10,2019/1/5,330600,0ab6ee3f-4ecf-426d-8a10-dd6b32ff9a89
嘉兴市,0000001Z00000036000000070000000X,6,2017/5/5,330400,294dd69c-d22b-4c70-a7d3-b07c79e19cf4
舟山市,0000000M0000003V000000070000000X,13.67,2017/9/25,330900,bf2d69c0-522d-433b-8981-e46594bb6c11
湖州市,0000000J0000003S000000070000000X,34,2016/12/25,330500,bdc1a261-6fc3-499f-bb2e-d9455f36510c
衢州市,0000000G0000003F0000000700000010,12.14,2019/3/12,330800,deb1abc7-1e73-4215-acf2-aa0b9c69d8f0
台州市,0000000D0000002R000000030000000X,39,2018/1/15,331000,d06c223f-c14f-490a-ab17-69135bdc885d
台州市,0000002U0000007X000000070000000X,4.5,2018/4/5,331000,7febc790-07ac-4eae-bf26-609989e5261e
浙江省,0000000P0000003E0000000700000010,2.82,2017/4/25,330000,9cf2092e-0305-4507-8abc-7747ecb1ae40
湖州市,0000001500000031000000070000000X,4.5,2017/9/15,330500,84e47565-4053-4092-aa9a-6866bdd6083a
绍兴市,0000000C0000002Q000000030000000X,57.67,2017/11/5,330600,c8e98bc9-3aa1-4ff4-ac45-050f021a7dd8
丽水市,0000000D0000002R000000030000000X,54.6,2017/12/25,331100,40788862-00fd-47b3-a9ef-b69e9c98047a
嘉兴市,0000000S0000002Z000000070000000X,9.33,2018/9/15,330400,c62bf4b2-c940-424b-a533-a98900ec5c2d
宁波市,0000001200000031000000070000000X,4.83,2017/2/25,330200,bf4ea511-a04b-45f7-8a3c-578b36051e3d
杭州市,0000001200000031000000070000000X,4,2018/7/5,330100,1dae2705-e36d-4a39-a1d0-dfb77c13fa91
宁波市,0000001700000031000000070000000X,3.4,2018/2/15,330200,e4893ace-28c1-4b45-92b7-fdcda6b48423
湖州市,0000002U0000007X000000070000000X,3.6,2017/4/5,330500,849dcc82-f361-4ca0-b6cc-2e02f65e9fe3
宁波市,0000001Z00000036000000070000000X,6.6,2017/5/5,330200,466dbba8-a47d-41fe-b906-3572e6efc91f
温州市,0000002200000038000000070000000X,3.17,2017/8/5,330300,a86a0119-a1e3-4d18-91b7-1b16a4275118
舟山市,0000000S0000002Z000000070000000X,11.67,2018/9/25,330900,0587da28-c89e-443d-8dab-833e2cc75f06
杭州市,0000001K00000031000000070000000X,4.5,2017/10/5,330100,2d9e0441-4e63-4d9f-9495-0bf32def1bdd
舟山市,0000000P0000003E0000000700000010,4.5,2018/5/22,330900,8b7ea2d6-60cd-4a5a-9d3f-e6ad80591a5a
浙江省,0000001500000031000000070000000X,5.59,2018/11/15,330000,98e96d1d-a3a9-4cec-bd98-1ec02060ab7a
嘉兴市,0000003100000081000000130000000X,79,2019/3/5,330400,86c0874c-67de-42cb-8373-8df80d52da3e
丽水市,0000001A00000031000000070000000X,4.83,2018/5/25,331100,6d590418-15e6-49b3-b640-131954fd9705
杭州市,0000000X0000007T000000070000000X,40,2019/1/5,330100,9db24765-8376-4559-9f57-c299ff9b6539
衢州市,0000000J0000003S000000070000000X,38,2018/11/25,330800,1a4a6270-86ec-485b-83dd-5f0e47900118
浙江省,0000001E00000031000000070000000X,3.41,2017/4/25,330000,ac94a117-09b6-4b21-85bf-1ee546d711af
台州市,0000000P0000003E0000000700000010,3,2017/7/11,331000,301988a0-67cf-4f98-80b9-352a56b178ab
温州市,0000001400000031000000070000000X,7,2017/3/25,330300,990e20d7-ac81-4c36-9028-5892f6ed218d
杭州市,0000001E00000031000000070000000X,4.93,2017/8/5,330100,76856a6a-11b2-4b5e-9763-7c2652d973eb
衢州市,0000001K00000031000000070000000X,3.83,2019/2/5,330800,0e092c02-a720-4170-aef0-4f9b7e0b742b
温州市,0000002U0000007X000000070000000X,4.33,2017/10/15,330300,7b972730-06cd-4f98-9aea-4159d702bcfc
丽水市,0000001K00000031000000070000000X,3.83,2019/2/15,331100,89f4c604-96b5-49b8-b666-581fe828ca4b
衢州市,0000000K0000003U000000070000000X,31.67,2017/7/25,330800,99cebe7a-1095-4a0c-a650-7e884132cb1f
衢州市,0000001400000031000000070000000X,6,2017/4/5,330800,b10d7f34-9fef-44f9-a0f1-249a38cd9f6b
舟山市,0000000J0000003Q000000070000000X,40.67,2017/1/5,330900,a39772e1-3189-4155-bf5d-cd16400f99eb
浙江省,0000002U0000007X000000070000000X,4.35,2018/1/25,330000,4c89ed91-1bd8-40e4-a6e2-4a2b913bd593
宁波市,0000000J0000003Q000000070000000X,43.33,2018/11/25,330200,9d09d18f-514c-4889-a2cb-792c7fb09a11
舟山市,0000000P0000002W000000070000000X,5.67,2019/1/5,330900,7c1c929a-4d85-481b-9c58-fe696487d47e
丽水市,0000001400000031000000070000000X,8.17,2018/3/5,331100,15c2c189-d052-4129-92af-5a102f347245
舟山市,0000002P0000007W000000070000000X,3.33,2018/5/5,330900,d87ddc17-c5e5-4954-a315-34f9505d6d79
舟山市,0000000X0000007T000000070000000X,48.33,2017/12/25,330900,6cdd1fbc-a448-46ac-8e16-7c0aa5e3148a
温州市,0000003100000081000000130000000X,63,2017/12/15,330300,49765b91-24b0-451f-ad5c-577e82ff22d5
嘉兴市,0000001700000031000000070000000X,3.33,2018/2/15,330400,5c64e85d-5e50-4930-b00f-3ce78d1caa01
宁波市,0000000K0000003U000000070000000X,32.67,2017/1/5,330200,55d22ecd-1d0a-481c-ba2c-c7a07e7a194f
湖州市,0000000C0000002Q000000030000000X,57.67,2017/6/25,330500,7cb3345d-b839-4779-9a16-7bc0b35ed853
台州市,0000000Z00000031000000070000000X,2.67,2017/3/25,331000,108a7d06-c590-4518-9bba-81104e7f69e4
绍兴市,0000000H0000003P000000070000000X,25,2017/1/15,330600,056712bd-37fe-475a-b187-c38d1ea19036
绍兴市,0000001K00000031000000070000000X,2.83,2018/5/25,330600,2d84cd28-5f43-4ce2-8fad-2a4bbed96a99
衢州市,0000000P0000002W000000070000000X,5.83,2017/8/25,330800,f767d50a-e413-4c0a-a0cf-e9ac98783cf9
绍兴市,0000001E00000031000000070000000X,3.67,2017/11/25,330600,9bbc03d6-3b1e-426b-8eb7-698a42547a2d
宁波市,0000002200000038000000070000000X,3.83,2018/4/5,330200,de11a986-f759-4066-86bd-50b8bcc06ade
衢州市,0000000M0000003V000000070000000X,11,2017/8/15,330800,6b1ec9e7-443a-4555-9c20-970e05714805
丽水市,0000001A00000031000000070000000X,4,2017/7/25,331100,b37dac02-cfd6-404c-89fe-0ce427c88801
绍兴市,0000001E00000031000000070000000X,2.83,2017/4/5,330600,d89e2b31-871e-423e-a5ef-c345c95ab37a
舟山市,0000001400000031000000070000000X,6.33,2016/12/25,330900,70624eb7-b176-476b-a102-58f4d9e2d1e6
杭州市,0000001K00000031000000070000000X,3.67,2018/11/15,330100,d2093d7a-956e-4db9-a996-b19e3e43d253
舟山市,0000001Z00000036000000070000000X,8.5,2019/1/5,330900,ba8cd72f-3a02-4736-84af-a4e077a0b53e
金华市,0000000G0000003F0000000700000010,9,2018/8/7,330700,22b88fc8-c6a6-4fe4-bcb9-4d5a9ef1e15b
宁波市,0000003100000081000000130000000X,138.33,2019/1/15,330200,901a3624-3ce0-438d-b681-38bf743512de
嘉兴市,0000001200000031000000070000000X,4.5,2018/1/5,330400,0d620261-dc7b-41da-9bbd-3da82d67109e
舟山市,0000001200000031000000070000000X,6.33,2019/2/25,330900,8bdf1e9c-4003-4273-bb56-c96494749c6e
绍兴市,0000000K0000003U000000070000000X,40,2019/1/15,330600,a64a7383-5b77-416d-9142-4bdbfb0812d6
嘉兴市,0000000H0000003P000000070000000X,23.67,2018/8/25,330400,71ff49b6-3dee-4057-885a-dd9733eeacbd
温州市,0000000P0000003E0000000700000010,3.9,2018/7/17,330300,3171dd9e-d96d-4c7a-854b-972a1380464a
衢州市,0000000P0000002W000000070000000X,6,2017/9/5,330800,797b35ae-5805-497d-8a17-a8e2a69287b9
浙江省,0000000J0000003Q000000070000000X,39.68,2017/6/25,330000,7271be5c-8aae-45c1-bdcb-f138cdb236ce
台州市,0000000D0000002R000000030000000X,39.33,2017/5/5,331000,9fadc670-b60f-42da-be3c-d06635063a95
杭州市,0000001Z00000036000000070000000X,6.67,2017/11/5,330100,3fc95429-fb0a-4b23-ba16-b0ad97296175
丽水市,0000000M0000003V000000070000000X,11.33,2018/4/15,331100,cce49a21-4d69-4aad-af70-a9db87050b53
舟山市,0000000J0000003S000000070000000X,33.67,2017/4/15,330900,9115dc22-60b8-4942-9a41-fd718ac176b1
温州市,0000003100000081000000130000000X,63,2018/10/15,330300,a9f17900-e005-4bad-89d0-2697dcf67103
嘉兴市,0000000X0000007T000000070000000X,31.67,2018/11/25,330400,6e7b99a2-e69b-4e88-bb00-8e4fc32eb778
湖州市,0000000D0000002R000000030000000X,39.33,2017/4/15,330500,b1a6e921-5250-4553-841f-2ef3b2664487
嘉兴市,0000002U0000007X000000070000000X,4.17,2018/1/25,330400,cf5ed8a2-1af9-4a7c-b4b6-cc07fdab8bf6
湖州市,0000001700000031000000070000000X,3.17,2018/4/5,330500,3c6aa3b0-f1cd-423b-9260-475aec075a32
金华市,0000000J0000003Q000000070000000X,41,2018/4/15,330700,a7456b6d-7ed2-40e4-8fda-50b46e84ba95
杭州市,0000000H0000002T000000070000000X,17.67,2018/11/15,330100,ceccb27e-c1e4-417d-9a7f-5e49d136b15a
丽水市,0000000Z00000031000000070000000X,3.83,2017/6/25,331100,5638cc95-ab51-4be5-a35c-f7e5ad7fd3b5
嘉兴市,0000000S0000002Z000000070000000X,8,2017/1/25,330400,dcb23b5b-2878-4f89-a804-9592bffdc324
宁波市,0000000H0000003P000000070000000X,25.33,2018/5/15,330200,3c73e397-427c-4e28-b898-f35dbf7cbfc3
衢州市,0000001E00000031000000070000000X,5.33,2017/7/15,330800,5ad8606c-0c75-44f3-836a-7a70ef90465e
湖州市,0000000J0000003S000000070000000X,34,2017/1/15,330500,4a887320-3647-4cf0-91d1-89ae79feec38
丽水市,0000001700000031000000070000000X,2.67,2018/11/5,331100,814ce934-315c-4518-8b8b-02a57fb33d6a
宁波市,0000000Z00000031000000070000000X,3.53,2017/4/15,330200,873339fc-e2f3-493e-8bdb-0e1a811ee8e4
台州市,0000002200000038000000070000000X,2.77,2018/7/25,331000,146ab1fc-f3fa-4d8d-ab3c-4f98518f0cc2
舟山市,0000000P0000002W000000070000000X,4.5,2017/4/25,330900,385d379f-d2ea-40d5-be43-ed6920091239
杭州市,0000000G0000003F0000000700000010,9.08,2017/11/7,330100,6476605b-b181-4860-b963-819e95ae21ce
金华市,0000001Z00000036000000070000000X,6.17,2018/1/5,330700,fd5938d7-8793-4460-8533-22ada7a4d415
舟山市,0000000Z00000031000000070000000X,3.33,2017/2/5,330900,b1175baf-9940-4fad-81ea-51f7703ce3a3
宁波市,0000000P0000002W000000070000000X,5.27,2017/8/25,330200,3a62ea06-d0d3-4d95-80ae-0e158fc35078
丽水市,0000000J0000003S000000070000000X,36,2018/4/25,331100,a4900af9-bf8d-49bc-91f5-80d5aa0cce59
嘉兴市,0000000S0000002Z000000070000000X,9,2018/1/5,330400,02d4b259-490f-4796-ae18-4f1e028782cb
湖州市,0000000P0000003E0000000700000010,5,2018/10/30,330500,8b37efc5-7a45-4bd4-a1a6-2938f86c30c9
舟山市,0000002200000038000000070000000X,3.83,2017/10/15,330900,aa228215-6f44-42b5-9f1e-55926ec878e0
嘉兴市,0000002U0000007X000000070000000X,3.87,2018/8/5,330400,da1e1ddb-a741-4aff-86d4-855e9210b1c3
绍兴市,0000000X0000007T000000070000000X,43.33,2018/5/25,330600,4a5f7c2c-c6ba-4c41-b866-d08a7e7b24ea
丽水市,0000001K00000031000000070000000X,4,2018/8/25,331100,1ae7f919-1076-4be1-ac4b-d5160794f461
宁波市,0000000M0000003V000000070000000X,14.5,2017/4/25,330200,c9b6a7ed-257b-4bb9-820b-e3bb136f1642
温州市,0000000Z00000031000000070000000X,4.17,2017/10/25,330300,632deaf0-6cda-40b9-adb3-38d71b189250
浙江省,0000002200000038000000070000000X,3.4,2018/8/5,330000,d3559253-0528-4006-a902-025274c29e71
台州市,0000001Z00000036000000070000000X,6.33,2018/4/25,331000,3bda6c8f-f8a8-48a2-8d0f-9c858ac7014d
温州市,0000002200000038000000070000000X,3.33,2017/4/25,330300,cb2393db-1eed-4b8e-8511-c443ca99bd14
丽水市,0000000H0000002T000000070000000X,11.67,2018/6/15,331100,7054d702-7f66-4bb0-b068-94d670e7bd5e
浙江省,0000000M0000003V000000070000000X,12.53,2018/4/5,330000,4a81ebd2-f13c-4ee7-aa79-0a3772ea04f2
湖州市,0000001K00000031000000070000000X,3.5,2017/4/5,330500,e0ed8843-9df1-4f91-998f-07edf3136fb4
温州市,0000000X0000007T000000070000000X,56.67,2017/2/5,330300,f0fd0029-2fdf-4985-a506-b12dc078639c
舟山市,0000000D0000002R000000030000000X,43.63,2017/7/5,330900,a7b2434b-16a2-4915-9ea9-45d614833561
温州市,0000000S0000002Z000000070000000X,9.33,2018/10/15,330300,eed0b84b-463a-4b46-bef2-d93d0bbd532c
台州市,0000000G0000003F0000000700000010,10.5,2018/1/23,331000,64e388ce-acac-442b-8753-6793c0817488
浙江省,0000002U0000007X000000070000000X,4.35,2018/10/25,330000,ef6e5bd0-0a40-42ee-ac41-c22ed69a8501
杭州市,0000000P0000003E0000000700000010,2.6,2017/4/25,330100,c01b4292-99b1-4123-9d3d-0f26fc31efa0
湖州市,0000001400000031000000070000000X,9,2019/3/5,330500,0fbbf66f-9603-4087-9561-6e2376edc173
嘉兴市,0000000H0000003P000000070000000X,22.33,2017/3/5,330400,56d648eb-4399-40a0-a7e8-30c1a3af7ca9
丽水市,0000001500000031000000070000000X,5.17,2017/2/5,331100,d6d8af47-7885-4777-a7e2-b71aa8c0a915
杭州市,0000000M0000003V000000070000000X,12,2019/2/15,330100,2bd33b96-734a-46ca-bac5-3cf71875e101
舟山市,0000000H0000002T000000070000000X,14,2018/8/5,330900,f86a63e1-737b-4688-82ef-aa0c361298a4
浙江省,0000000S0000002Z000000070000000X,8.95,2017/4/15,330000,658e5534-b07e-4911-9d1c-041c6c0a2b3f
杭州市,0000002200000038000000070000000X,3.67,2019/1/25,330100,3b1fdc70-a651-4f10-9bef-2450e01d5be6
绍兴市,0000001E00000031000000070000000X,4,2017/6/15,330600,3e76e2e7-5a36-4b7b-bd53-61a25fc18151
丽水市,0000001K00000031000000070000000X,3.83,2019/2/5,331100,34a77eaa-54cc-4604-aa98-da10f1683f92
宁波市,0000001A00000031000000070000000X,4.87,2017/11/5,330200,feef8e87-daf4-472d-813a-8ee972ccfd24
温州市,0000000K0000003U000000070000000X,48,2017/1/15,330300,46f6c0ec-9cf6-4ddd-8f67-dac7bde71b29
浙江省,0000000P0000003E0000000700000010,3.88,2019/2/19,330000,fa2e0d04-c113-4fe7-8c8f-1de264283519
舟山市,0000001700000031000000070000000X,2.67,2017/6/25,330900,5b3f63b2-9516-4d41-aae0-63a01a4a0fdf
舟山市,0000000J0000003Q000000070000000X,44,2019/1/5,330900,c9d7891e-00b6-4e70-9be5-ba93bdca5fb9
舟山市,0000000H0000003P000000070000000X,22.33,2019/2/5,330900,6e2093a9-b495-463b-bdec-f8ba706d4201
宁波市,0000000P0000002W000000070000000X,6.2,2018/10/25,330200,6c1b88b8-6961-4c8c-9852-cfe6c434fbad
杭州市,0000000H0000003P000000070000000X,19.83,2018/9/15,330100,76e0f976-b77c-411b-96ff-35d58f4e9965
浙江省,0000001E00000031000000070000000X,5.09,2017/9/15,330000,4fe7702d-dec1-4639-bcf9-a99cf62ec4c4
丽水市,0000000M0000003V000000070000000X,10,2017/3/15,331100,3c6daffe-6db6-485c-ae91-78facecf9b84
杭州市,0000001K00000031000000070000000X,3.67,2017/2/5,330100,f9cadb84-f348-463e-998c-17ff79251479
舟山市,0000000S0000002Z000000070000000X,11.33,2017/5/15,330900,e6cf0320-ad78-44ec-9085-3be81b27fdf2
温州市,0000001700000031000000070000000X,2.83,2017/7/5,330300,fcf27e2b-10aa-4fd0-a757-3c55ec3f4042
宁波市,0000000D0000002R000000030000000X,42,2018/5/25,330200,bd3a0362-3fd9-4dd5-a98c-0861850c56ae
嘉兴市,0000000S0000002Z000000070000000X,9.67,2018/8/15,330400,76e54223-6307-4e1a-ac3a-3452bb83511a
宁波市,0000000G0000003F0000000700000010,10.15,2019/2/12,330200,0f84612c-6f70-45c3-a29b-a153cd82338e
湖州市,0000001E00000031000000070000000X,5.83,2018/3/5,330500,a20a34a0-8840-40ea-9b60-2780c5ed332b
舟山市,0000002P0000007W000000070000000X,3.33,2018/7/5,330900,45a8a12d-7ac1-453a-94d2-28ac882348a1
嘉兴市,0000001500000031000000070000000X,4.67,2017/4/15,330400,57ec19fe-762c-469d-ae17-b4aa4c11799f
温州市,0000000C0000002Q000000030000000X,60,2017/6/15,330300,5bc5a8e1-6a51-4acc-84b7-b974bacb2a7d
金华市,0000000H0000003P000000070000000X,17.67,2018/6/15,330700,f9b00dd0-0133-4c7d-aa78-5c9aa8c0a7cd
