,商品采价地区名称,商品主键,商品采价日期,商品采价地区编码,商品价格,商品销量,销售额
0,丽水市,黄瓜,2016-12,331100,70.66,1478,52217.74
1,丽水市,黄瓜,2017-01,331100,105.99,1329,46953.56999999999
2,丽水市,黄瓜,2017-02,331100,102.99,2328,79920.23999999999
3,丽水市,黄瓜,2017-03,331100,137.32,2810,96467.3
4,丽水市,黄瓜,2017-04,331100,205.98,3116,106972.28
5,丽水市,黄瓜,2017-05,331100,137.32,2952,101342.16
6,丽水市,黄瓜,2017-06,331100,102.99,1342,46070.86
7,丽水市,黄瓜,2017-07,331100,102.99,2229,76521.56999999999
8,丽水市,黄瓜,2017-08,331100,102.99,2517,86408.61
9,丽水市,黄瓜,2017-09,331100,102.99,2074,71200.42
10,丽水市,黄瓜,2017-10,331100,102.99,1020,35016.6
11,丽水市,黄瓜,2017-11,331100,102.99,1873,64300.09
12,丽水市,黄瓜,2017-12,331100,102.33,1476,50331.51
13,丽水市,黄瓜,2018-01,331100,108.0,1918,69048.0
14,丽水市,黄瓜,2018-02,331100,116.33,1785,68708.35
15,丽水市,黄瓜,2018-03,331100,109.67,2090,75634.12
16,丽水市,黄瓜,2018-04,331100,108.0,845,30420.0
17,丽水市,黄瓜,2018-05,331100,108.0,1782,64152.0
18,丽水市,黄瓜,2018-06,331100,108.0,1925,69300.0
19,丽水市,黄瓜,2018-07,331100,108.0,568,20448.0
20,丽水市,黄瓜,2018-08,331100,108.0,1856,66816.0
21,丽水市,黄瓜,2018-09,331100,108.0,1194,42984.0
22,丽水市,黄瓜,2018-10,331100,117.99,1763,69338.79
23,丽水市,黄瓜,2018-11,331100,117.99,1268,49870.44
24,丽水市,黄瓜,2018-12,331100,117.99,1562,61433.46
25,丽水市,黄瓜,2019-01,331100,118.99,2219,87929.26999999999
26,丽水市,黄瓜,2019-02,331100,121.66,673,27375.25
27,丽水市,黄瓜,2019-03,331100,79.66,540,21600.2
28,丽水市,菠菜,2016-12,331100,9.34,1581,7383.27
29,丽水市,菠菜,2017-01,331100,17.17,1026,5731.440000000001
30,丽水市,菠菜,2017-02,331100,18.5,1392,8700.11
31,丽水市,菠菜,2017-03,331100,26.83,2009,13294.83
32,丽水市,菠菜,2017-04,331100,35.0,2738,15180.43
33,丽水市,菠菜,2017-05,331100,17.83,1412,6283.83
34,丽水市,菠菜,2017-06,331100,11.17,1220,4717.9
35,丽水市,菠菜,2017-07,331100,13.83,1304,5804.31
36,丽水市,菠菜,2017-08,331100,14.01,1720,8082.4
37,丽水市,菠菜,2017-09,331100,12.5,807,3293.8
38,丽水市,菠菜,2017-10,331100,13.83,1574,7037.18
39,丽水市,菠菜,2017-11,331100,13.99,919,4349.77
40,丽水市,菠菜,2017-12,331100,14.83,1488,7395.12
41,丽水市,菠菜,2018-01,331100,16.0,1695,8953.74
42,丽水市,菠菜,2018-02,331100,25.33,1679,15672.87
43,丽水市,菠菜,2018-03,331100,22.83,1766,13358.9
44,丽水市,菠菜,2018-04,331100,18.16,1829,11376.07
45,丽水市,菠菜,2018-05,331100,12.51,720,3068.9
46,丽水市,菠菜,2018-06,331100,14.33,1897,8715.79
47,丽水市,菠菜,2018-07,331100,10.67,1563,5343.13
48,丽水市,菠菜,2018-08,331100,13.34,2044,9032.49
49,丽水市,菠菜,2018-09,331100,14.0,2299,10843.0
50,丽水市,菠菜,2018-10,331100,14.83,362,1787.05
51,丽水市,菠菜,2018-11,331100,13.33,1243,5660.31
52,丽水市,菠菜,2018-12,331100,15.33,1454,7690.780000000002
53,丽水市,菠菜,2019-01,331100,18.5,1499,9460.47
54,丽水市,菠菜,2019-02,331100,23.83,1382,11247.37
55,丽水市,菠菜,2019-03,331100,19.67,518,4685.38
56,丽水市,韭菜,2016-12,331100,143.16000000000003,641,46305.33
57,丽水市,韭菜,2017-01,331100,210.69,2157,151486.11000000002
58,丽水市,韭菜,2017-02,331100,210.69,1756,123323.88
59,丽水市,韭菜,2017-03,331100,280.92,1790,125711.7
60,丽水市,韭菜,2017-04,331100,421.38,2562,179929.26
61,丽水市,韭菜,2017-05,331100,280.92,2748,192992.04
62,丽水市,韭菜,2017-06,331100,210.69,2105,147834.15000000002
63,丽水市,韭菜,2017-07,331100,210.69,2213,155418.99
64,丽水市,韭菜,2017-08,331100,210.69,1176,82590.48000000001
65,丽水市,韭菜,2017-09,331100,210.69,1420,99726.6
66,丽水市,韭菜,2017-10,331100,210.69,1660,116581.8
67,丽水市,韭菜,2017-11,331100,210.69,2357,165532.11000000002
68,丽水市,韭菜,2017-12,331100,210.69,2642,185547.66
69,丽水市,韭菜,2018-01,331100,210.69,2098,147342.54
70,丽水市,韭菜,2018-02,331100,210.69,1337,93897.51
71,丽水市,韭菜,2018-03,331100,210.69,1371,96285.33
72,丽水市,韭菜,2018-04,331100,210.69,1852,130065.96
73,丽水市,韭菜,2018-05,331100,210.69,1279,89824.17000000001
74,丽水市,韭菜,2018-06,331100,210.69,2068,145235.64
75,丽水市,韭菜,2018-07,331100,210.69,2050,143971.5
76,丽水市,韭菜,2018-08,331100,210.69,991,69597.93
77,丽水市,韭菜,2018-09,331100,210.69,1508,105906.84
78,丽水市,韭菜,2018-10,331100,210.69,1494,104923.62
79,丽水市,韭菜,2018-11,331100,210.69,968,67982.64
80,丽水市,韭菜,2018-12,331100,210.69,985,69176.55
81,丽水市,韭菜,2019-01,331100,210.69,1145,80413.35
82,丽水市,韭菜,2019-02,331100,210.69,1447,101622.81
83,丽水市,韭菜,2019-03,331100,140.46,797,55973.31
84,丽水市,胡萝卜,2016-12,331100,4.34,1035,2245.95
85,丽水市,胡萝卜,2017-01,331100,6.83,1088,2407.68
86,丽水市,胡萝卜,2017-02,331100,7.33,2060,5025.9
87,丽水市,胡萝卜,2017-03,331100,10.34,1602,4269.52
88,丽水市,胡萝卜,2017-04,331100,17.66,2946,8665.62
89,丽水市,胡萝卜,2017-05,331100,9.67,1656,3995.46
90,丽水市,胡萝卜,2017-06,331100,6.17,1634,3402.64
91,丽水市,胡萝卜,2017-07,331100,6.67,1014,2232.38
92,丽水市,胡萝卜,2017-08,331100,6.83,1264,2816.48
93,丽水市,胡萝卜,2017-09,331100,7.33,677,1617.19
94,丽水市,胡萝卜,2017-10,331100,7.5,1326,3315.0
95,丽水市,胡萝卜,2017-11,331100,7.5,1810,4525.0
96,丽水市,胡萝卜,2017-12,331100,7.5,1941,4852.5
97,丽水市,胡萝卜,2018-01,331100,7.5,1839,4597.5
98,丽水市,胡萝卜,2018-02,331100,8.67,1883,5564.52
99,丽水市,胡萝卜,2018-03,331100,8.01,1690,4512.3
100,丽水市,胡萝卜,2018-04,331100,8.17,698,1887.66
101,丽水市,胡萝卜,2018-05,331100,7.33,2083,5152.25
102,丽水市,胡萝卜,2018-06,331100,6.99,2035,4741.55
103,丽水市,胡萝卜,2018-07,331100,7.84,1797,4660.12
104,丽水市,胡萝卜,2018-08,331100,7.67,1906,4923.6100000000015
105,丽水市,胡萝卜,2018-09,331100,8.01,1448,3866.16
106,丽水市,胡萝卜,2018-10,331100,8.17,861,2325.91
107,丽水市,胡萝卜,2018-11,331100,7.67,1209,3044.09
108,丽水市,胡萝卜,2018-12,331100,7.67,2742,7025.34
109,丽水市,胡萝卜,2019-01,331100,8.6,1603,4674.97
110,丽水市,胡萝卜,2019-02,331100,8.49,373,1055.59
111,丽水市,胡萝卜,2019-03,331100,5.66,387,1095.21
112,丽水市,西兰花,2016-12,331100,77.34,875,33836.25
113,丽水市,西兰花,2017-01,331100,121.0,1524,60993.28
114,丽水市,西兰花,2017-02,331100,114.0,1090,42012.28000000001
115,丽水市,西兰花,2017-03,331100,149.32,1202,44870.66
116,丽水市,西兰花,2017-04,331100,223.98,2879,107473.07
117,丽水市,西兰花,2017-05,331100,149.32,1202,44870.66
118,丽水市,西兰花,2017-06,331100,111.99,2197,82014.01
119,丽水市,西兰花,2017-07,331100,111.99,1581,59018.73
120,丽水市,西兰花,2017-08,331100,111.99,1347,50283.51
121,丽水市,西兰花,2017-09,331100,111.99,1591,59392.03
122,丽水市,西兰花,2017-10,331100,111.99,1158,43228.14
123,丽水市,西兰花,2017-11,331100,111.99,869,32439.77
124,丽水市,西兰花,2017-12,331100,111.99,1449,54091.17
125,丽水市,西兰花,2018-01,331100,116.0,1841,71381.0
126,丽水市,西兰花,2018-02,331100,127.0,1422,60620.59
127,丽水市,西兰花,2018-03,331100,120.0,1205,47853.24
128,丽水市,西兰花,2018-04,331100,117.33,1856,72668.13
129,丽水市,西兰花,2018-05,331100,117.0,1576,61464.0
130,丽水市,西兰花,2018-06,331100,116.67,1306,50723.79
131,丽水市,西兰花,2018-07,331100,116.01,1808,69915.36
132,丽水市,西兰花,2018-08,331100,116.01,1904,73627.68000000001
133,丽水市,西兰花,2018-09,331100,116.01,1232,47641.44
134,丽水市,西兰花,2018-10,331100,128.01,1613,68826.71
135,丽水市,西兰花,2018-11,331100,128.01,726,30978.42
136,丽水市,西兰花,2018-12,331100,128.67000000000002,2112,90601.5
137,丽水市,西兰花,2019-01,331100,130.32999999999998,2379,103386.37
138,丽水市,西兰花,2019-02,331100,129.67000000000002,356,15275.66
139,丽水市,西兰花,2019-03,331100,84.34,1527,64213.09
140,丽水市,油麦菜,2016-12,331100,18.33,1416,12999.42
141,丽水市,油麦菜,2017-01,331100,27.33,1668,15338.04
142,丽水市,油麦菜,2017-02,331100,29.01,2091,20219.97
143,丽水市,油麦菜,2017-03,331100,38.68,2601,25151.67
144,丽水市,油麦菜,2017-04,331100,58.02,1750,16922.5
145,丽水市,油麦菜,2017-05,331100,38.68,2027,19601.09
146,丽水市,油麦菜,2017-06,331100,29.01,2173,21012.91
147,丽水市,油麦菜,2017-07,331100,29.01,1351,13064.17
148,丽水市,油麦菜,2017-08,331100,29.01,2133,20626.11
149,丽水市,油麦菜,2017-09,331100,29.01,996,9631.32
150,丽水市,油麦菜,2017-10,331100,29.01,1737,16796.79
151,丽水市,油麦菜,2017-11,331100,29.01,1442,13944.14
152,丽水市,油麦菜,2017-12,331100,29.01,1666,16110.22
153,丽水市,油麦菜,2018-01,331100,27.99,1272,11867.76
154,丽水市,油麦菜,2018-02,331100,28.67,1408,13491.259999999998
155,丽水市,油麦菜,2018-03,331100,28.33,1473,13864.81
156,丽水市,油麦菜,2018-04,331100,28.33,2121,20100.03
157,丽水市,油麦菜,2018-05,331100,29.01,1311,12677.37
158,丽水市,油麦菜,2018-06,331100,29.01,2065,19968.55
159,丽水市,油麦菜,2018-07,331100,29.01,814,7871.38
160,丽水市,油麦菜,2018-08,331100,29.01,1928,18643.76
161,丽水市,油麦菜,2018-09,331100,29.01,1025,9911.75
162,丽水市,油麦菜,2018-10,331100,29.01,2088,20190.96
163,丽水市,油麦菜,2018-11,331100,29.01,1711,16545.37
164,丽水市,油麦菜,2018-12,331100,29.01,1307,12638.69
165,丽水市,油麦菜,2019-01,331100,29.01,823,7958.41
166,丽水市,油麦菜,2019-02,331100,29.01,2582,24967.94
167,丽水市,油麦菜,2019-03,331100,20.0,781,7668.43
168,丽水市,蒜黄,2016-12,331100,7.0,1221,4319.91
169,丽水市,蒜黄,2017-01,331100,8.5,736,2022.14
170,丽水市,蒜黄,2017-02,331100,6.67,1052,2301.72
171,丽水市,蒜黄,2017-03,331100,9.0,1739,3987.71
172,丽水市,蒜黄,2017-04,331100,13.34,2602,5759.1399999999985
173,丽水市,蒜黄,2017-05,331100,10.17,1803,4602.87
174,丽水市,蒜黄,2017-06,331100,9.5,1682,4768.27
175,丽水市,蒜黄,2017-07,331100,11.5,2031,7769.6100000000015
176,丽水市,蒜黄,2017-08,331100,11.83,1176,4646.54
177,丽水市,蒜黄,2017-09,331100,12.33,1402,5735.71
178,丽水市,蒜黄,2017-10,331100,12.17,1680,6829.14
179,丽水市,蒜黄,2017-11,331100,10.0,1641,5696.62
180,丽水市,蒜黄,2017-12,331100,9.17,1250,3804.74
181,丽水市,蒜黄,2018-01,331100,8.83,2223,6538.440000000001
182,丽水市,蒜黄,2018-02,331100,11.33,2364,8867.52
183,丽水市,蒜黄,2018-03,331100,8.83,1262,3802.66
184,丽水市,蒜黄,2018-04,331100,9.0,1143,3407.41
185,丽水市,蒜黄,2018-05,331100,10.0,1421,4657.52
186,丽水市,蒜黄,2018-06,331100,12.67,750,3196.94
187,丽水市,蒜黄,2018-07,331100,12.67,1567,6654.549999999998
188,丽水市,蒜黄,2018-08,331100,13.83,2254,10284.82
189,丽水市,蒜黄,2018-09,331100,16.83,1728,9815.19
190,丽水市,蒜黄,2018-10,331100,15.0,1745,8600.4
191,丽水市,蒜黄,2018-11,331100,9.67,719,2356.25
192,丽水市,蒜黄,2018-12,331100,9.5,1745,5550.969999999998
193,丽水市,蒜黄,2019-01,331100,9.84,1509,5002.32
194,丽水市,蒜黄,2019-02,331100,10.5,1441,5144.31
195,丽水市,蒜黄,2019-03,331100,7.33,998,3760.18
196,丽水市,上海青,2016-12,331100,11.0,1012,5576.2
197,丽水市,上海青,2017-01,331100,16.33,1610,8712.2
198,丽水市,上海青,2017-02,331100,14.66,331,1578.5
199,丽水市,上海青,2017-03,331100,19.32,1674,8170.08
200,丽水市,上海青,2017-04,331100,28.64,2926,14028.54
201,丽水市,上海青,2017-05,331100,19.66,2004,9771.29
202,丽水市,上海青,2017-06,331100,17.66,1670,9391.39
203,丽水市,上海青,2017-07,331100,18.32,1492,8810.54
204,丽水市,上海青,2017-08,331100,16.98,1634,9248.44
205,丽水市,上海青,2017-09,331100,16.98,1694,9588.04
206,丽水市,上海青,2017-10,331100,16.98,2351,13306.66
207,丽水市,上海青,2017-11,331100,15.66,1017,5311.38
208,丽水市,上海青,2017-12,331100,15.48,597,3080.52
209,丽水市,上海青,2018-01,331100,14.49,1210,5961.5999999999985
210,丽水市,上海青,2018-02,331100,15.99,2465,13122.13
211,丽水市,上海青,2018-03,331100,16.09,2519,13489.86
212,丽水市,上海青,2018-04,331100,15.65,1080,5613.09
213,丽水市,上海青,2018-05,331100,14.49,996,4878.17
214,丽水市,上海青,2018-06,331100,14.49,2096,10123.68
215,丽水市,上海青,2018-07,331100,14.83,965,4777.4
216,丽水市,上海青,2018-08,331100,15.16,1137,5768.68
217,丽水市,上海青,2018-09,331100,15.36,1345,6877.02
218,丽水市,上海青,2018-10,331100,15.42,1327,6834.120000000001
219,丽水市,上海青,2018-11,331100,17.29,1071,6475.31
220,丽水市,上海青,2018-12,331100,18.78,1454,9102.04
221,丽水市,上海青,2019-01,331100,19.26,1868,11912.08
222,丽水市,上海青,2019-02,331100,19.7,1305,8611.599999999999
223,丽水市,上海青,2019-03,331100,13.2,1678,11074.8
224,丽水市,香菜,2016-12,331100,5.66,140,396.2
225,丽水市,香菜,2017-01,331100,12.34,1280,5012.61
226,丽水市,香菜,2017-02,331100,13.5,1454,6498.97
227,丽水市,香菜,2017-03,331100,16.0,2353,9412.0
228,丽水市,香菜,2017-04,331100,19.32,2218,6755.4
229,丽水市,香菜,2017-05,331100,11.5,2163,6346.16
230,丽水市,香菜,2017-06,331100,8.16,1530,4435.35
231,丽水市,香菜,2017-07,331100,8.34,971,2705.43
232,丽水市,香菜,2017-08,331100,10.33,1659,5877.87
233,丽水市,香菜,2017-09,331100,10.0,1752,5884.940000000001
234,丽水市,香菜,2017-10,331100,9.6,1462,4552.02
235,丽水市,香菜,2017-11,331100,10.17,422,1486.41
236,丽水市,香菜,2017-12,331100,9.83,2141,7016.25
237,丽水市,香菜,2018-01,331100,10.34,943,3379.27
238,丽水市,香菜,2018-02,331100,15.5,1384,7169.13
239,丽水市,香菜,2018-03,331100,12.5,1811,7447.07
240,丽水市,香菜,2018-04,331100,10.33,1292,4237.98
241,丽水市,香菜,2018-05,331100,8.16,852,2404.2300000000005
242,丽水市,香菜,2018-06,331100,8.33,1096,2689.69
243,丽水市,香菜,2018-07,331100,8.16,454,1198.03
244,丽水市,香菜,2018-08,331100,9.5,1967,6241.1
245,丽水市,香菜,2018-09,331100,12.33,1458,6124.05
246,丽水市,香菜,2018-10,331100,11.34,1670,6424.32
247,丽水市,香菜,2018-11,331100,9.17,1211,3754.72
248,丽水市,香菜,2018-12,331100,12.33,1073,4907.29
249,丽水市,香菜,2019-01,331100,15.5,1099,5461.62
250,丽水市,香菜,2019-02,331100,20.16,1695,11399.48
251,丽水市,香菜,2019-03,331100,11.33,1133,6171.55
252,丽水市,豆角,2016-12,331100,7.17,1183,4273.23
253,丽水市,豆角,2017-01,331100,9.83,2122,7060.71
254,丽水市,豆角,2017-02,331100,9.83,625,2050.15
255,丽水市,豆角,2017-03,331100,13.5,1876,6277.7
256,丽水市,豆角,2017-04,331100,19.34,2756,8854.6
257,丽水市,豆角,2017-05,331100,12.66,2396,7493.91
258,丽水市,豆角,2017-06,331100,9.34,1626,5069.93
259,丽水市,豆角,2017-07,331100,10.16,1696,5782.66
260,丽水市,豆角,2017-08,331100,11.49,976,3738.08
261,丽水市,豆角,2017-09,331100,11.99,563,2173.7900000000004
262,丽水市,豆角,2017-10,331100,12.99,1631,7062.23
263,丽水市,豆角,2017-11,331100,11.67,2189,8575.369999999999
264,丽水市,豆角,2017-12,331100,11.5,1310,5101.42
265,丽水市,豆角,2018-01,331100,11.01,2408,8837.36
266,丽水市,豆角,2018-02,331100,13.16,1334,6142.780000000002
267,丽水市,豆角,2018-03,331100,9.84,756,2580.52
268,丽水市,豆角,2018-04,331100,9.0,1516,4548.0
269,丽水市,豆角,2018-05,331100,8.83,1746,5111.01
270,丽水市,豆角,2018-06,331100,9.99,2310,7692.3
271,丽水市,豆角,2018-07,331100,11.17,1417,5470.17
272,丽水市,豆角,2018-08,331100,12.83,743,3268.36
273,丽水市,豆角,2018-09,331100,14.17,1114,5336.6100000000015
274,丽水市,豆角,2018-10,331100,14.16,2511,11872.05
275,丽水市,豆角,2018-11,331100,11.5,1749,6891.02
276,丽水市,豆角,2018-12,331100,10.34,1781,6131.27
277,丽水市,豆角,2019-01,331100,11.17,806,3003.94
278,丽水市,豆角,2019-02,331100,11.16,817,2946.62
279,丽水市,豆角,2019-03,331100,7.67,1571,5980.07
280,丽水市,小葱,2017-01,331100,16.15,1941,6514.55
281,丽水市,小葱,2017-02,331100,10.9,1433,3872.2
282,丽水市,小葱,2017-03,331100,11.6,2330,6870.0
283,丽水市,小葱,2017-04,331100,14.0,2315,6509.5
284,丽水市,小葱,2017-05,331100,18.9,3340,9024.0
285,丽水市,小葱,2017-06,331100,12.4,2172,7198.8
286,丽水市,小葱,2017-07,331100,13.4,1562,5281.4000000000015
287,丽水市,小葱,2017-08,331100,23.1,2798,12729.9
288,丽水市,小葱,2017-09,331100,19.1,1543,7364.0
289,丽水市,小葱,2017-10,331100,21.9,2587,11191.6
290,丽水市,小葱,2017-11,331100,18.9,770,3643.0
291,丽水市,小葱,2017-12,331100,20.1,3101,15604.6
292,丽水市,小葱,2018-01,331100,24.4,2489,12177.600000000002
293,丽水市,小葱,2018-02,331100,18.1,2629,11912.8
294,丽水市,小葱,2018-03,331100,15.7,3150,12429.7
295,丽水市,小葱,2018-04,331100,14.75,2567,9417.75
296,丽水市,小葱,2018-05,331100,19.9,3002,11995.2
297,丽水市,小葱,2018-06,331100,15.9,2158,8566.4
298,丽水市,小葱,2018-07,331100,21.1,3432,14306.6
299,丽水市,小葱,2018-08,331100,21.1,2806,14767.9
300,丽水市,小葱,2018-09,331100,20.3,1768,8953.7
301,丽水市,小葱,2018-10,331100,23.4,976,4517.7
302,丽水市,小葱,2018-11,331100,19.1,1701,8157.6
303,丽水市,小葱,2018-12,331100,18.7,2445,11455.5
304,丽水市,小葱,2019-01,331100,22.3,2462,11238.5
305,丽水市,小葱,2019-02,331100,14.0,676,2366.0
306,丽水市,小葱,2019-03,331100,10.2,685,2327.9
307,丽水市,西红柿,2016-12,331100,80.0,534,20537.64
308,丽水市,西红柿,2017-01,331100,134.01,1352,59147.84
309,丽水市,西红柿,2017-02,331100,149.32999999999996,1447,72601.41
310,丽水市,西红柿,2017-03,331100,194.67,1341,67137.91
311,丽水市,西红柿,2017-04,331100,302.0,1879,94252.0
312,丽水市,西红柿,2017-05,331100,193.0,2189,105589.41
313,丽水市,西红柿,2017-06,331100,133.0,1198,53013.03999999999
314,丽水市,西红柿,2017-07,331100,126.67,924,39078.68
315,丽水市,西红柿,2017-08,331100,126.67,1471,62056.03
316,丽水市,西红柿,2017-09,331100,126.0,937,39354.0
317,丽水市,西红柿,2017-10,331100,131.99,2827,124410.91
318,丽水市,西红柿,2017-11,331100,118.66,1723,70314.43
319,丽水市,西红柿,2017-12,331100,110.33,989,36890.16
320,丽水市,西红柿,2018-01,331100,134.0,1442,64614.56
321,丽水市,西红柿,2018-02,331100,172.67000000000004,1258,73339.64
322,丽水市,西红柿,2018-03,331100,170.0,1741,100385.8
323,丽水市,西红柿,2018-04,331100,155.0,1620,83426.08
324,丽水市,西红柿,2018-05,331100,146.32999999999996,2389,116974.95
325,丽水市,西红柿,2018-06,331100,136.0,1063,48363.46
326,丽水市,西红柿,2018-07,331100,130.66,1138,49352.42
327,丽水市,西红柿,2018-08,331100,128.67000000000002,1230,52842.48
328,丽水市,西红柿,2018-09,331100,120.0,1395,55800.0
329,丽水市,西红柿,2018-10,331100,115.0,1462,55730.0
330,丽水市,西红柿,2018-11,331100,113.99,1941,73429.53
331,丽水市,西红柿,2018-12,331100,116.33,1103,42395.91
332,丽水市,西红柿,2019-01,331100,124.67,750,31533.48
333,丽水市,西红柿,2019-02,331100,136.67000000000002,671,31288.85
334,丽水市,西红柿,2019-03,331100,87.66,1168,51575.44
335,丽水市,茼蒿,2016-12,331100,5.66,476,1424.08
336,丽水市,茼蒿,2017-01,331100,7.16,1248,2941.33
337,丽水市,茼蒿,2017-02,331100,7.99,971,2602.49
338,丽水市,茼蒿,2017-03,331100,11.52,1762,4973.28
339,丽水市,茼蒿,2017-04,331100,18.2,3112,9449.2
340,丽水市,茼蒿,2017-05,331100,13.15,3105,10158.43
341,丽水市,茼蒿,2017-06,331100,10.16,294,995.0
342,丽水市,茼蒿,2017-07,331100,9.82,1222,4010.27
343,丽水市,茼蒿,2017-08,331100,9.48,1882,5947.120000000001
344,丽水市,茼蒿,2017-09,331100,9.0,1153,3459.0
345,丽水市,茼蒿,2017-10,331100,9.32,1820,5621.6
346,丽水市,茼蒿,2017-11,331100,8.52,1596,4567.200000000002
347,丽水市,茼蒿,2017-12,331100,8.66,695,2075.99
348,丽水市,茼蒿,2018-01,331100,8.99,1923,5743.09
349,丽水市,茼蒿,2018-02,331100,9.48,838,2648.080000000001
350,丽水市,茼蒿,2018-03,331100,9.99,1536,5114.88
351,丽水市,茼蒿,2018-04,331100,9.99,708,2357.640000000001
352,丽水市,茼蒿,2018-05,331100,9.65,1348,4298.440000000001
353,丽水市,茼蒿,2018-06,331100,9.82,1225,3934.92
354,丽水市,茼蒿,2018-07,331100,9.99,1512,5034.96
355,丽水市,茼蒿,2018-08,331100,9.99,1096,3649.68
356,丽水市,茼蒿,2018-09,331100,9.99,1228,4089.24
357,丽水市,茼蒿,2018-10,331100,9.99,1989,6623.37
358,丽水市,茼蒿,2018-11,331100,11.16,1282,4876.73
359,丽水市,茼蒿,2018-12,331100,11.49,2343,8973.69
360,丽水市,茼蒿,2019-01,331100,11.49,280,1072.4
361,丽水市,茼蒿,2019-02,331100,11.49,2213,8475.79
362,丽水市,茼蒿,2019-03,331100,7.66,1061,4063.63
363,丽水市,香菇,2016-12,331100,8.83,205,898.7
364,丽水市,香菇,2017-01,331100,14.99,132,640.0600000000002
365,丽水市,香菇,2017-02,331100,14.83,2011,9920.19
366,丽水市,香菇,2017-03,331100,19.66,1368,6803.96
367,丽水市,香菇,2017-04,331100,28.98,3264,15765.12
368,丽水市,香菇,2017-05,331100,18.32,1257,5896.31
369,丽水市,香菇,2017-06,331100,11.5,1409,5398.56
370,丽水市,香菇,2017-07,331100,12.0,1369,5476.0
371,丽水市,香菇,2017-08,331100,12.83,1910,8206.62
372,丽水市,香菇,2017-09,331100,13.16,1364,6073.230000000001
373,丽水市,香菇,2017-10,331100,14.17,1793,8410.27
374,丽水市,香菇,2017-11,331100,13.0,1042,4409.49
375,丽水市,香菇,2017-12,331100,13.84,2256,10378.44
376,丽水市,香菇,2018-01,331100,15.5,1077,5701.93
377,丽水市,香菇,2018-02,331100,19.5,2711,17557.43
378,丽水市,香菇,2018-03,331100,18.0,1876,11128.5
379,丽水市,香菇,2018-04,331100,16.17,1228,6688.18
380,丽水市,香菇,2018-05,331100,14.66,2412,11811.63
381,丽水市,香菇,2018-06,331100,15.16,1741,8800.46
382,丽水市,香菇,2018-07,331100,13.49,1404,6212.82
383,丽水市,香菇,2018-08,331100,14.0,1007,4552.15
384,丽水市,香菇,2018-09,331100,16.17,1075,5719.45
385,丽水市,香菇,2018-10,331100,18.0,1180,6969.58
386,丽水市,香菇,2018-11,331100,16.66,1435,7709.52
387,丽水市,香菇,2018-12,331100,15.0,1922,9575.68
388,丽水市,香菇,2019-01,331100,16.0,833,4208.0
389,丽水市,香菇,2019-02,331100,19.67,1407,9399.15
390,丽水市,香菇,2019-03,331100,14.0,666,4477.86
391,丽水市,木耳,2017-01,331100,59.6,2411,28682.5
392,丽水市,木耳,2017-02,331100,46.8,1730,20248.9
393,丽水市,木耳,2017-03,331100,42.7,2674,28587.9
394,丽水市,木耳,2017-04,331100,49.0,3096,30708.300000000007
395,丽水市,木耳,2017-05,331100,63.40000000000001,4774,43074.4
396,丽水市,木耳,2017-06,331100,35.8,3059,27345.0
397,丽水市,木耳,2017-07,331100,36.0,2593,23337.0
398,丽水市,木耳,2017-08,331100,46.6,1849,17217.0
399,丽水市,木耳,2017-09,331100,38.90000000000001,1996,19461.500000000004
400,丽水市,木耳,2017-10,331100,47.5,2075,19712.5
401,丽水市,木耳,2017-11,331100,37.8,2348,22147.800000000007
402,丽水市,木耳,2017-12,331100,40.4,1760,17677.5
403,丽水市,木耳,2018-01,331100,51.15,2550,26012.7
404,丽水市,木耳,2018-02,331100,39.0,2728,26808.5
405,丽水市,木耳,2018-03,331100,30.1,1139,8740.400000000001
406,丽水市,木耳,2018-04,331100,28.5,2204,15846.1
407,丽水市,木耳,2018-05,331100,35.4,1664,11703.0
408,丽水市,木耳,2018-06,331100,31.1,1983,15430.4
409,丽水市,木耳,2018-07,331100,40.8,3747,30215.9
410,丽水市,木耳,2018-08,331100,39.0,2074,20025.5
411,丽水市,木耳,2018-09,331100,48.8,2447,29023.7
412,丽水市,木耳,2018-10,331100,68.0,2615,35340.0
413,丽水市,木耳,2018-11,331100,52.0,3125,40544.0
414,丽水市,木耳,2018-12,331100,46.0,908,10510.0
415,丽水市,木耳,2019-01,331100,54.5,1083,11847.5
416,丽水市,木耳,2019-02,331100,42.0,2670,28035.0
417,丽水市,木耳,2019-03,331100,32.7,1834,20205.1
418,丽水市,蒜苔,2016-12,331100,8.66,911,3944.63
419,丽水市,蒜苔,2017-01,331100,15.33,1105,5527.440000000001
420,丽水市,蒜苔,2017-02,331100,15.17,1692,8523.58
421,丽水市,蒜苔,2017-03,331100,20.0,2041,10117.96
422,丽水市,蒜苔,2017-04,331100,28.98,2161,10437.63
423,丽水市,蒜苔,2017-05,331100,18.0,1584,7128.0
424,丽水市,蒜苔,2017-06,331100,12.66,961,3851.59
425,丽水市,蒜苔,2017-07,331100,12.5,1815,7282.5
426,丽水市,蒜苔,2017-08,331100,12.5,751,3223.4100000000008
427,丽水市,蒜苔,2017-09,331100,13.67,1663,7556.94
428,丽水市,蒜苔,2017-10,331100,13.67,1591,7160.18
429,丽水市,蒜苔,2017-11,331100,13.33,973,4265.67
430,丽水市,蒜苔,2017-12,331100,13.33,1971,8750.5
431,丽水市,蒜苔,2018-01,331100,12.51,1609,6709.53
432,丽水市,蒜苔,2018-02,331100,14.0,1455,6691.18
433,丽水市,蒜苔,2018-03,331100,11.83,1510,6366.78
434,丽水市,蒜苔,2018-04,331100,11.49,1179,4515.57
435,丽水市,蒜苔,2018-05,331100,11.66,1448,5571.51
436,丽水市,蒜苔,2018-06,331100,11.0,1747,6450.0
437,丽水市,蒜苔,2018-07,331100,11.84,955,3960.47
438,丽水市,蒜苔,2018-08,331100,12.99,1761,7747.13
439,丽水市,蒜苔,2018-09,331100,14.49,1127,5443.41
440,丽水市,蒜苔,2018-10,331100,18.17,1201,7345.74
441,丽水市,蒜苔,2018-11,331100,16.5,1185,6777.690000000001
442,丽水市,蒜苔,2018-12,331100,14.83,1516,7453.52
443,丽水市,蒜苔,2019-01,331100,15.0,1027,5243.289999999999
444,丽水市,蒜苔,2019-02,331100,16.5,1136,6087.18
445,丽水市,蒜苔,2019-03,331100,11.67,1668,9725.85
446,丽水市,芹菜,2016-12,331100,100.84,1857,93603.59
447,丽水市,芹菜,2017-01,331100,153.81,1367,70086.09
448,丽水市,芹菜,2017-02,331100,160.47,636,34725.6
449,丽水市,芹菜,2017-03,331100,218.4,2321,126726.6
450,丽水市,芹菜,2017-04,331100,327.6,3218,175702.8
451,丽水市,芹菜,2017-05,331100,218.4,1456,79497.6
452,丽水市,芹菜,2017-06,331100,163.8,1633,89161.80000000002
453,丽水市,芹菜,2017-07,331100,163.8,2398,130930.8
454,丽水市,芹菜,2017-08,331100,163.8,2524,137810.4
455,丽水市,芹菜,2017-09,331100,163.8,190,10374.0
456,丽水市,芹菜,2017-10,331100,163.8,1883,102811.80000000002
457,丽水市,芹菜,2017-11,331100,163.8,1061,57930.6
458,丽水市,芹菜,2017-12,331100,163.8,1131,61752.60000000001
459,丽水市,芹菜,2018-01,331100,163.8,1225,66885.0
460,丽水市,芹菜,2018-02,331100,163.8,2277,124324.2
461,丽水市,芹菜,2018-03,331100,163.8,797,43516.2
462,丽水市,芹菜,2018-04,331100,163.8,2452,133879.2
463,丽水市,芹菜,2018-05,331100,163.8,1137,62080.2
464,丽水市,芹菜,2018-06,331100,163.8,1738,94894.8
465,丽水市,芹菜,2018-07,331100,163.8,1815,99099.0
466,丽水市,芹菜,2018-08,331100,163.8,1920,104832.0
467,丽水市,芹菜,2018-09,331100,163.8,1219,66557.4
468,丽水市,芹菜,2018-10,331100,163.8,2288,124924.8
469,丽水市,芹菜,2018-11,331100,163.8,877,47884.2
470,丽水市,芹菜,2018-12,331100,163.8,1562,85285.20000000001
471,丽水市,芹菜,2019-01,331100,163.8,930,50778.0
472,丽水市,芹菜,2019-02,331100,163.8,1297,70816.20000000001
473,丽水市,芹菜,2019-03,331100,109.2,264,14414.4
474,丽水市,红薯,2016-12,331100,9.34,1381,6449.27
475,丽水市,红薯,2017-01,331100,13.77,1237,5633.13
476,丽水市,红薯,2017-02,331100,13.33,1710,7562.91
477,丽水市,红薯,2017-03,331100,17.009999999999998,2201,9338.419999999998
478,丽水市,红薯,2017-04,331100,25.4,2973,12598.41
479,丽水市,红薯,2017-05,331100,15.92,2087,8424.61
480,丽水市,红薯,2017-06,331100,12.5,547,2400.0
481,丽水市,红薯,2017-07,331100,11.49,1239,4745.37
482,丽水市,红薯,2017-08,331100,14.03,2582,12000.86
483,丽水市,红薯,2017-09,331100,16.259999999999998,1072,5729.42
484,丽水市,红薯,2017-10,331100,16.57,835,4594.95
485,丽水市,红薯,2017-11,331100,15.67,1885,9854.41
486,丽水市,红薯,2017-12,331100,16.33,2245,12183.45
487,丽水市,红薯,2018-01,331100,16.73,1814,10084.06
488,丽水市,红薯,2018-02,331100,17.23,1825,10408.17
489,丽水市,红薯,2018-03,331100,16.19,1259,6828.87
490,丽水市,红薯,2018-04,331100,14.2,2226,10646.03
491,丽水市,红薯,2018-05,331100,14.27,1171,5530.45
492,丽水市,红薯,2018-06,331100,14.66,1241,6070.94
493,丽水市,红薯,2018-07,331100,14.4,516,2476.8
494,丽水市,红薯,2018-08,331100,16.43,1089,5974.22
495,丽水市,红薯,2018-09,331100,18.0,1766,10596.0
496,丽水市,红薯,2018-10,331100,17.46,1206,6963.15
497,丽水市,红薯,2018-11,331100,16.7,942,5261.3
498,丽水市,红薯,2018-12,331100,16.5,1513,8321.5
499,丽水市,红薯,2019-01,331100,16.36,1039,5662.28
500,丽水市,红薯,2019-02,331100,15.93,954,5082.0
501,丽水市,红薯,2019-03,331100,10.2,1425,7292.15
502,丽水市,大蒜,2016-12,331100,8.5,183,669.0
503,丽水市,大蒜,2017-01,331100,8.5,1812,4906.33
504,丽水市,大蒜,2017-02,331100,7.5,1369,3422.5
505,丽水市,大蒜,2017-03,331100,10.66,2007,5427.36
506,丽水市,大蒜,2017-04,331100,18.66,2750,8590.14
507,丽水市,大蒜,2017-05,331100,12.68,1642,5205.14
508,丽水市,大蒜,2017-06,331100,11.01,939,3348.13
509,丽水市,大蒜,2017-07,331100,13.5,1520,6905.45
510,丽水市,大蒜,2017-08,331100,13.5,1580,6947.6
511,丽水市,大蒜,2017-09,331100,13.0,1071,4654.57
512,丽水市,大蒜,2017-10,331100,11.83,929,3651.74
513,丽水市,大蒜,2017-11,331100,10.5,1651,5416.41
514,丽水市,大蒜,2017-12,331100,9.5,2028,6384.98
515,丽水市,大蒜,2018-01,331100,9.5,1722,5589.4000000000015
516,丽水市,大蒜,2018-02,331100,14.5,456,1897.68
517,丽水市,大蒜,2018-03,331100,12.17,1545,6251.91
518,丽水市,大蒜,2018-04,331100,10.84,1704,6174.1
519,丽水市,大蒜,2018-05,331100,10.5,1843,6448.12
520,丽水市,大蒜,2018-06,331100,12.83,1583,6788.82
521,丽水市,大蒜,2018-07,331100,13.5,626,2535.75
522,丽水市,大蒜,2018-08,331100,15.16,1415,7170.57
523,丽水市,大蒜,2018-09,331100,16.66,920,5288.9000000000015
524,丽水市,大蒜,2018-10,331100,18.17,1816,11087.23
525,丽水市,大蒜,2018-11,331100,7.83,1269,3235.15
526,丽水市,大蒜,2018-12,331100,7.0,1411,3016.2000000000007
527,丽水市,大蒜,2019-01,331100,10.0,317,1025.94
528,丽水市,大蒜,2019-02,331100,10.33,565,1905.25
529,丽水市,大蒜,2019-03,331100,7.67,1088,4301.12
530,丽水市,生姜,2016-12,331100,30.66,1667,25555.11
531,丽水市,生姜,2017-01,331100,46.33,1355,21039.39
532,丽水市,生姜,2017-02,331100,45.66,2629,40010.85
533,丽水市,生姜,2017-03,331100,57.66,1895,26804.55
534,丽水市,生姜,2017-04,331100,82.68,2473,33984.44
535,丽水市,生姜,2017-05,331100,54.34,1890,25770.0
536,丽水市,生姜,2017-06,331100,40.67,1604,21809.72
537,丽水市,生姜,2017-07,331100,39.99,1681,22407.73
538,丽水市,生姜,2017-08,331100,39.99,917,12223.61
539,丽水市,生姜,2017-09,331100,39.99,1901,25340.33
540,丽水市,生姜,2017-10,331100,39.99,1847,24620.51
541,丽水市,生姜,2017-11,331100,39.0,689,8957.0
542,丽水市,生姜,2017-12,331100,39.0,2156,28028.0
543,丽水市,生姜,2018-01,331100,39.83,764,10172.92
544,丽水市,生姜,2018-02,331100,42.34,953,13322.72
545,丽水市,生姜,2018-03,331100,39.0,1884,23573.95
546,丽水市,生姜,2018-04,331100,35.33,722,8548.06
547,丽水市,生姜,2018-05,331100,33.33,1833,20477.49
548,丽水市,生姜,2018-06,331100,33.0,2006,22066.0
549,丽水市,生姜,2018-07,331100,33.16,1141,12538.19
550,丽水市,生姜,2018-08,331100,34.66,934,10870.11
551,丽水市,生姜,2018-09,331100,43.67,1812,28080.08
552,丽水市,生姜,2018-10,331100,50.01000000000001,1691,28188.97
553,丽水市,生姜,2018-11,331100,49.01000000000001,926,14760.42
554,丽水市,生姜,2018-12,331100,47.34,1074,16879.41
555,丽水市,生姜,2019-01,331100,48.0,2328,37248.0
556,丽水市,生姜,2019-02,331100,48.0,1578,25248.0
557,丽水市,生姜,2019-03,331100,28.66,413,5583.29
558,丽水市,白菜,2016-12,331100,31.34,674,10561.58
559,丽水市,白菜,2017-01,331100,49.0,1560,25628.22
560,丽水市,白菜,2017-02,331100,47.33,2317,36351.07
561,丽水市,白菜,2017-03,331100,59.51,2442,36085.07
562,丽水市,白菜,2017-04,331100,86.66,2620,37832.14
563,丽水市,白菜,2017-05,331100,56.68,1527,21637.59
564,丽水市,白菜,2017-06,331100,42.0,1193,16702.0
565,丽水市,白菜,2017-07,331100,42.0,1868,26152.0
566,丽水市,白菜,2017-08,331100,42.34,2047,28863.19
567,丽水市,白菜,2017-09,331100,42.34,573,8104.45
568,丽水市,白菜,2017-10,331100,42.0,1974,27636.0
569,丽水市,白菜,2017-11,331100,42.0,2455,34370.0
570,丽水市,白菜,2017-12,331100,42.0,567,7938.0
571,丽水市,白菜,2018-01,331100,42.51,1101,15601.17
572,丽水市,白菜,2018-02,331100,44.67,1773,26679.39
573,丽水市,白菜,2018-03,331100,40.33,1218,16144.0
574,丽水市,白菜,2018-04,331100,36.01,1974,23969.58
575,丽水市,白菜,2018-05,331100,35.5,2235,26335.76
576,丽水市,白菜,2018-06,331100,35.01,767,8950.89
577,丽水市,白菜,2018-07,331100,36.01,1348,15732.16
578,丽水市,白菜,2018-08,331100,38.83,1164,15042.92
579,丽水市,白菜,2018-09,331100,48.33,1269,20231.31
580,丽水市,白菜,2018-10,331100,56.34,2670,50177.25
581,丽水市,白菜,2018-11,331100,54.0,1114,20160.18
582,丽水市,白菜,2018-12,331100,51.5,2706,46510.68
583,丽水市,白菜,2019-01,331100,50.33,1858,31031.08
584,丽水市,白菜,2019-02,331100,51.0,1372,23673.07
585,丽水市,白菜,2019-03,331100,31.16,970,14817.1
586,丽水市,青椒,2016-12,331100,4.86,1266,3076.38
587,丽水市,青椒,2017-01,331100,7.290000000000001,1831,4449.33
588,丽水市,青椒,2017-02,331100,7.290000000000001,2195,5333.85
589,丽水市,青椒,2017-03,331100,9.72,2440,5929.200000000002
590,丽水市,青椒,2017-04,331100,15.6,2484,6458.4000000000015
591,丽水市,青椒,2017-05,331100,10.4,2511,6528.6
592,丽水市,青椒,2017-06,331100,7.800000000000002,1354,3520.4000000000005
593,丽水市,青椒,2017-07,331100,7.800000000000002,1987,5166.2
594,丽水市,青椒,2017-08,331100,7.800000000000002,2200,5720.0
595,丽水市,青椒,2017-09,331100,7.800000000000002,387,1006.2
596,丽水市,青椒,2017-10,331100,7.800000000000002,1174,3052.4
597,丽水市,青椒,2017-11,331100,7.800000000000002,1493,3881.8
598,丽水市,青椒,2017-12,331100,7.800000000000002,1688,4388.8
599,丽水市,青椒,2018-01,331100,7.800000000000002,2072,5387.2
600,丽水市,青椒,2018-02,331100,7.800000000000002,1242,3229.2
601,丽水市,青椒,2018-03,331100,8.46,1061,2879.71
602,丽水市,青椒,2018-04,331100,8.790000000000001,1850,5420.5
603,丽水市,青椒,2018-05,331100,8.790000000000001,2166,6346.38
604,丽水市,青椒,2018-06,331100,8.790000000000001,1340,3926.2
605,丽水市,青椒,2018-07,331100,8.790000000000001,1466,4295.38
606,丽水市,青椒,2018-08,331100,8.790000000000001,888,2601.84
607,丽水市,青椒,2018-09,331100,8.790000000000001,894,2619.42
608,丽水市,青椒,2018-10,331100,8.790000000000001,1546,4529.780000000002
609,丽水市,青椒,2018-11,331100,8.790000000000001,1360,3984.8
610,丽水市,青椒,2018-12,331100,8.790000000000001,1213,3554.09
611,丽水市,青椒,2019-01,331100,8.790000000000001,2231,6536.83
612,丽水市,青椒,2019-02,331100,8.790000000000001,1028,3012.0400000000004
613,丽水市,青椒,2019-03,331100,5.86,984,2883.120000000001
614,丽水市,土豆,2016-12,331100,168.0,922,77448.0
615,丽水市,土豆,2017-01,331100,252.0,1804,151536.0
616,丽水市,土豆,2017-02,331100,252.0,1004,84336.0
617,丽水市,土豆,2017-03,331100,336.0,1811,152124.0
618,丽水市,土豆,2017-04,331100,504.0,2309,193956.0
619,丽水市,土豆,2017-05,331100,336.0,2789,234276.0
620,丽水市,土豆,2017-06,331100,252.0,1598,134232.0
621,丽水市,土豆,2017-07,331100,252.0,691,58044.0
622,丽水市,土豆,2017-08,331100,252.0,884,74256.0
623,丽水市,土豆,2017-09,331100,252.0,1611,135324.0
624,丽水市,土豆,2017-10,331100,252.0,1394,117096.0
625,丽水市,土豆,2017-11,331100,252.0,2302,193368.0
626,丽水市,土豆,2017-12,331100,252.0,985,82740.0
627,丽水市,土豆,2018-01,331100,252.0,1730,145320.0
628,丽水市,土豆,2018-02,331100,252.0,1908,160272.0
629,丽水市,土豆,2018-03,331100,252.0,1637,137508.0
630,丽水市,土豆,2018-04,331100,252.0,2381,200004.0
631,丽水市,土豆,2018-05,331100,252.0,1654,138936.0
632,丽水市,土豆,2018-06,331100,252.0,1651,138684.0
633,丽水市,土豆,2018-07,331100,252.0,1209,101556.0
634,丽水市,土豆,2018-08,331100,252.0,480,40320.0
635,丽水市,土豆,2018-09,331100,252.0,1855,155820.0
636,丽水市,土豆,2018-10,331100,252.0,1812,152208.0
637,丽水市,土豆,2018-11,331100,252.0,1537,129108.0
638,丽水市,土豆,2018-12,331100,252.0,851,71484.0
639,丽水市,土豆,2019-01,331100,252.0,581,48804.0
640,丽水市,土豆,2019-02,331100,252.0,645,54180.0
641,丽水市,土豆,2019-03,331100,168.0,1138,95592.0
642,丽水市,南瓜,2016-12,331100,41.34,1282,26498.94
643,丽水市,南瓜,2017-01,331100,63.67,1889,40881.290000000015
644,丽水市,南瓜,2017-02,331100,60.66,1545,31302.93
645,丽水市,南瓜,2017-03,331100,78.0,2032,39434.28
646,丽水市,南瓜,2017-04,331100,116.66,3167,61564.91
647,丽水市,南瓜,2017-05,331100,76.33,1596,30408.48
648,丽水市,南瓜,2017-06,331100,56.67,1863,35217.15
649,丽水市,南瓜,2017-07,331100,57.0,890,16910.0
650,丽水市,南瓜,2017-08,331100,58.0,1180,22772.88
651,丽水市,南瓜,2017-09,331100,57.99,1822,35219.259999999995
652,丽水市,南瓜,2017-10,331100,57.99,2326,44961.58
653,丽水市,南瓜,2017-11,331100,58.33,1333,25902.89
654,丽水市,南瓜,2017-12,331100,59.01000000000001,1020,20063.4
655,丽水市,南瓜,2018-01,331100,57.0,733,13886.74
656,丽水市,南瓜,2018-02,331100,59.0,1263,24946.0
657,丽水市,南瓜,2018-03,331100,55.34,1074,20201.29
658,丽水市,南瓜,2018-04,331100,50.33,1599,26711.99
659,丽水市,南瓜,2018-05,331100,48.33,1660,26662.3
660,丽水市,南瓜,2018-06,331100,48.5,1789,28913.08
661,丽水市,南瓜,2018-07,331100,50.67,312,5340.93
662,丽水市,南瓜,2018-08,331100,53.17,411,7217.96
663,丽水市,南瓜,2018-09,331100,64.34,2333,50705.46000000001
664,丽水市,南瓜,2018-10,331100,72.0,532,12768.0
665,丽水市,南瓜,2018-11,331100,70.33,361,8136.01
666,丽水市,南瓜,2018-12,331100,63.67,1786,38114.97
667,丽水市,南瓜,2019-01,331100,63.0,2142,44835.48
668,丽水市,南瓜,2019-02,331100,63.0,1261,26391.89
669,丽水市,南瓜,2019-03,331100,40.0,1354,27006.74
670,丽水市,茄子,2016-12,331100,19.34,1504,14543.68
671,丽水市,茄子,2017-01,331100,29.67,2328,23056.92
672,丽水市,茄子,2017-02,331100,30.66,2323,23828.95
673,丽水市,茄子,2017-03,331100,40.0,1481,14810.0
674,丽水市,茄子,2017-04,331100,60.0,2617,26170.0
675,丽水市,茄子,2017-05,331100,39.34,2532,24989.01
676,丽水市,茄子,2017-06,331100,27.99,1670,15581.1
677,丽水市,茄子,2017-07,331100,27.99,860,8023.799999999998
678,丽水市,茄子,2017-08,331100,31.66,1758,18610.67
679,丽水市,茄子,2017-09,331100,34.16,1522,17351.7
680,丽水市,茄子,2017-10,331100,33.99,1071,12134.43
681,丽水市,茄子,2017-11,331100,33.99,1230,13935.9
682,丽水市,茄子,2017-12,331100,33.99,1103,12496.99
683,丽水市,茄子,2018-01,331100,34.67,1751,20415.81
684,丽水市,茄子,2018-02,331100,34.67,1156,13414.7
685,丽水市,茄子,2018-03,331100,33.99,1608,18218.64
686,丽水市,茄子,2018-04,331100,33.99,1340,15182.2
687,丽水市,茄子,2018-05,331100,33.33,1365,15277.68
688,丽水市,茄子,2018-06,331100,32.67,2088,22714.56
689,丽水市,茄子,2018-07,331100,32.67,2007,21921.24
690,丽水市,茄子,2018-08,331100,33.0,1537,16907.0
691,丽水市,茄子,2018-09,331100,33.99,1739,19702.87
692,丽水市,茄子,2018-10,331100,33.99,1573,17822.09
693,丽水市,茄子,2018-11,331100,33.99,1277,14468.41
694,丽水市,茄子,2018-12,331100,33.99,1988,22524.04
695,丽水市,茄子,2019-01,331100,33.99,429,4860.57
696,丽水市,茄子,2019-02,331100,35.01,983,11471.61
697,丽水市,茄子,2019-03,331100,22.67,1534,17298.78
698,丽水市,生菜,2016-12,331100,75.34,305,11489.35
699,丽水市,生菜,2017-01,331100,108.34,2150,77765.87000000001
700,丽水市,生菜,2017-02,331100,99.33,890,29539.62
701,丽水市,生菜,2017-03,331100,130.68,2891,94448.97
702,丽水市,生菜,2017-04,331100,200.02,2969,99221.23
703,丽水市,生菜,2017-05,331100,134.68,1675,56397.25
704,丽水市,生菜,2017-06,331100,100.01,1171,38875.57
705,丽水市,生菜,2017-07,331100,101.01,1518,51111.06
706,丽水市,生菜,2017-08,331100,101.01,998,33602.66
707,丽水市,生菜,2017-09,331100,101.01,1349,45420.83
708,丽水市,生菜,2017-10,331100,101.01,754,25387.18
709,丽水市,生菜,2017-11,331100,101.01,1369,46094.23000000001
710,丽水市,生菜,2017-12,331100,101.01,900,30303.000000000004
711,丽水市,生菜,2018-01,331100,107.33,1278,45596.62
712,丽水市,生菜,2018-02,331100,119.67,1178,45649.29
713,丽水市,生菜,2018-03,331100,112.67,1443,55335.41
714,丽水市,生菜,2018-04,331100,109.67,1443,52876.05
715,丽水市,生菜,2018-05,331100,109.33,1596,58315.2
716,丽水市,生菜,2018-06,331100,110.01,1776,65125.92000000001
717,丽水市,生菜,2018-07,331100,111.67,2433,90512.61000000002
718,丽水市,生菜,2018-08,331100,112.33,1931,72262.39
719,丽水市,生菜,2018-09,331100,113.01,1224,46108.08
720,丽水市,生菜,2018-10,331100,116.01,1227,47448.09
721,丽水市,生菜,2018-11,331100,125.34,1073,45490.04
722,丽水市,生菜,2018-12,331100,130.0,517,22290.0
723,丽水市,生菜,2019-01,331100,132.0,1048,46112.0
724,丽水市,生菜,2019-02,331100,133.32999999999998,1521,68056.05
725,丽水市,生菜,2019-03,331100,88.66,1105,48984.65
726,丽水市,娃娃菜,2016-12,331100,9.32,875,4077.5
727,丽水市,娃娃菜,2017-01,331100,13.98,1754,8173.640000000001
728,丽水市,娃娃菜,2017-02,331100,13.98,1372,6393.52
729,丽水市,娃娃菜,2017-03,331100,18.64,791,3686.06
730,丽水市,娃娃菜,2017-04,331100,27.96,4021,18737.86
731,丽水市,娃娃菜,2017-05,331100,18.64,2358,10988.28
732,丽水市,娃娃菜,2017-06,331100,13.98,742,3457.7200000000007
733,丽水市,娃娃菜,2017-07,331100,13.98,1864,8686.24
734,丽水市,娃娃菜,2017-08,331100,13.98,2296,10699.36
735,丽水市,娃娃菜,2017-09,331100,13.98,1034,4818.440000000001
736,丽水市,娃娃菜,2017-10,331100,13.98,559,2604.94
737,丽水市,娃娃菜,2017-11,331100,13.98,1928,8984.48
738,丽水市,娃娃菜,2017-12,331100,13.98,1988,9264.08
739,丽水市,娃娃菜,2018-01,331100,13.98,1713,7982.58
740,丽水市,娃娃菜,2018-02,331100,13.98,1145,5335.7
741,丽水市,娃娃菜,2018-03,331100,11.98,1251,4968.66
742,丽水市,娃娃菜,2018-04,331100,10.98,1771,6481.8600000000015
743,丽水市,娃娃菜,2018-05,331100,10.98,2536,9281.76
744,丽水市,娃娃菜,2018-06,331100,10.98,2052,7510.32
745,丽水市,娃娃菜,2018-07,331100,10.98,1531,5603.46
746,丽水市,娃娃菜,2018-08,331100,10.98,2070,7576.200000000002
747,丽水市,娃娃菜,2018-09,331100,10.98,1167,4271.22
748,丽水市,娃娃菜,2018-10,331100,10.98,1913,7001.58
749,丽水市,娃娃菜,2018-11,331100,10.98,829,3034.14
750,丽水市,娃娃菜,2018-12,331100,10.98,1993,7294.38
751,丽水市,娃娃菜,2019-01,331100,10.98,1885,6899.1
752,丽水市,娃娃菜,2019-02,331100,10.98,1053,3853.98
753,丽水市,娃娃菜,2019-03,331100,7.32,1512,5533.92
754,台州市,黄瓜,2016-12,331000,65.34,1398,45672.66
755,台州市,黄瓜,2017-01,331000,98.67,1499,49065.39
756,台州市,黄瓜,2017-02,331000,99.99,1122,37396.26
757,台州市,黄瓜,2017-03,331000,131.34,1140,37472.16
758,台州市,黄瓜,2017-04,331000,196.02,2537,82883.79000000001
759,台州市,黄瓜,2017-05,331000,130.68,1658,54166.86
760,台州市,黄瓜,2017-06,331000,98.01,1799,58773.33
761,台州市,黄瓜,2017-07,331000,100.01,668,22283.56
762,台州市,黄瓜,2017-08,331000,100.67,2087,69989.13
763,台州市,黄瓜,2017-09,331000,99.99,1766,58860.78
764,台州市,黄瓜,2017-10,331000,97.99,1805,59115.65
765,台州市,黄瓜,2017-11,331000,96.99,1206,38989.98
766,台州市,黄瓜,2017-12,331000,102.99,1180,40509.4
767,台州市,黄瓜,2018-01,331000,103.99,1372,47407.76
768,台州市,黄瓜,2018-02,331000,105.99,1247,44056.51
769,台州市,黄瓜,2018-03,331000,105.99,806,28475.98
770,台州市,黄瓜,2018-04,331000,105.99,1173,41442.09
771,台州市,黄瓜,2018-05,331000,103.99,1687,58223.71
772,台州市,黄瓜,2018-06,331000,102.99,891,30588.03
773,台州市,黄瓜,2018-07,331000,102.99,1793,61553.69
774,台州市,黄瓜,2018-08,331000,102.99,1355,46517.15
775,台州市,黄瓜,2018-09,331000,104.33,1332,46483.32
776,台州市,黄瓜,2018-10,331000,106.67,1001,35667.25
777,台州市,黄瓜,2018-11,331000,108.99,1687,61288.70999999999
778,台州市,黄瓜,2018-12,331000,113.33,1050,39824.14
779,台州市,黄瓜,2019-01,331000,114.0,1354,51452.0
780,台州市,黄瓜,2019-02,331000,114.66,2597,99219.94
781,台州市,黄瓜,2019-03,331000,77.67,920,35247.24
782,台州市,菠菜,2016-12,331000,10.34,794,4104.98
783,台州市,菠菜,2017-01,331000,17.34,2086,12153.04
784,台州市,菠菜,2017-02,331000,16.84,1635,9196.67
785,台州市,菠菜,2017-03,331000,23.67,2849,16771.92
786,台州市,菠菜,2017-04,331000,30.34,2799,13580.09
787,台州市,菠菜,2017-05,331000,18.84,2847,13206.3
788,台州市,菠菜,2017-06,331000,12.33,970,4236.74
789,台州市,菠菜,2017-07,331000,15.5,1947,10230.78
790,台州市,菠菜,2017-08,331000,17.17,1529,8055.549999999998
791,台州市,菠菜,2017-09,331000,16.83,1228,6887.120000000001
792,台州市,菠菜,2017-10,331000,15.83,1522,8040.26
793,台州市,菠菜,2017-11,331000,14.84,1518,7438.49
794,台州市,菠菜,2017-12,331000,13.01,1721,7471.07
795,台州市,菠菜,2018-01,331000,15.66,2301,11965.68
796,台州市,菠菜,2018-02,331000,21.34,1494,10568.8
797,台州市,菠菜,2018-03,331000,21.67,2070,14885.34
798,台州市,菠菜,2018-04,331000,16.67,1087,6083.56
799,台州市,菠菜,2018-05,331000,11.84,824,3382.1
800,台州市,菠菜,2018-06,331000,14.66,2505,12075.51
801,台州市,菠菜,2018-07,331000,13.83,2118,9856.38
802,台州市,菠菜,2018-08,331000,15.0,1526,7630.0
803,台州市,菠菜,2018-09,331000,17.0,1559,8857.19
804,台州市,菠菜,2018-10,331000,18.66,973,6024.12
805,台州市,菠菜,2018-11,331000,14.67,1798,8739.199999999999
806,台州市,菠菜,2018-12,331000,14.33,1720,8613.4
807,台州市,菠菜,2019-01,331000,18.83,1584,9654.74
808,台州市,菠菜,2019-02,331000,19.67,426,2576.04
809,台州市,菠菜,2019-03,331000,19.34,1124,10869.08
810,台州市,韭菜,2016-12,331000,125.66,1019,63815.27
811,台州市,韭菜,2017-01,331000,189.99,1373,86952.09
812,台州市,韭菜,2017-02,331000,189.99,2310,146292.3
813,台州市,韭菜,2017-03,331000,253.32,1377,87205.40999999999
814,台州市,韭菜,2017-04,331000,379.98,3018,191129.94
815,台州市,韭菜,2017-05,331000,253.32,1291,81759.03
816,台州市,韭菜,2017-06,331000,189.99,2250,142492.5
817,台州市,韭菜,2017-07,331000,189.99,2281,144455.72999999998
818,台州市,韭菜,2017-08,331000,189.99,1314,83215.62
819,台州市,韭菜,2017-09,331000,189.99,1576,99808.08
820,台州市,韭菜,2017-10,331000,189.99,1674,106014.42
821,台州市,韭菜,2017-11,331000,189.99,1205,76312.65
822,台州市,韭菜,2017-12,331000,189.99,1531,96958.23
823,台州市,韭菜,2018-01,331000,189.99,2592,164151.36
824,台州市,韭菜,2018-02,331000,189.99,1368,86635.44
825,台州市,韭菜,2018-03,331000,189.99,1401,88725.33
826,台州市,韭菜,2018-04,331000,189.99,1546,97908.18
827,台州市,韭菜,2018-05,331000,189.99,1889,119630.37
828,台州市,韭菜,2018-06,331000,189.99,2467,156235.11
829,台州市,韭菜,2018-07,331000,189.99,1287,81505.70999999999
830,台州市,韭菜,2018-08,331000,189.99,1645,104177.85
831,台州市,韭菜,2018-09,331000,189.99,1439,91131.87
832,台州市,韭菜,2018-10,331000,189.99,1092,69156.36
833,台州市,韭菜,2018-11,331000,189.99,1042,65989.86
834,台州市,韭菜,2018-12,331000,189.99,1322,83722.26
835,台州市,韭菜,2019-01,331000,189.99,895,56680.35
836,台州市,韭菜,2019-02,331000,189.99,1695,107344.35
837,台州市,韭菜,2019-03,331000,126.66,1305,82645.65
838,台州市,胡萝卜,2016-12,331000,4.5,1485,3381.8100000000004
839,台州市,胡萝卜,2017-01,331000,7.33,1812,4465.4
840,台州市,胡萝卜,2017-02,331000,7.5,1814,4535.0
841,台州市,胡萝卜,2017-03,331000,10.0,2551,6377.5
842,台州市,胡萝卜,2017-04,331000,15.0,3312,8280.0
843,台州市,胡萝卜,2017-05,331000,10.0,2141,5352.5
844,台州市,胡萝卜,2017-06,331000,7.0,1725,3971.75
845,台州市,胡萝卜,2017-07,331000,6.51,1223,2653.91
846,台州市,胡萝卜,2017-08,331000,6.51,669,1451.73
847,台州市,胡萝卜,2017-09,331000,6.51,1221,2649.57
848,台州市,胡萝卜,2017-10,331000,6.51,1243,2697.31
849,台州市,胡萝卜,2017-11,331000,6.51,1892,4105.6399999999985
850,台州市,胡萝卜,2017-12,331000,6.51,1151,2497.67
851,台州市,胡萝卜,2018-01,331000,6.51,2337,5071.29
852,台州市,胡萝卜,2018-02,331000,6.67,1354,2943.14
853,台州市,胡萝卜,2018-03,331000,6.99,669,1558.77
854,台州市,胡萝卜,2018-04,331000,6.99,2131,4965.23
855,台州市,胡萝卜,2018-05,331000,6.51,1865,4047.05
856,台州市,胡萝卜,2018-06,331000,6.51,1416,3072.72
857,台州市,胡萝卜,2018-07,331000,6.51,1438,3120.46
858,台州市,胡萝卜,2018-08,331000,6.51,1484,3220.28
859,台州市,胡萝卜,2018-09,331000,6.51,1607,3487.19
860,台州市,胡萝卜,2018-10,331000,6.51,1998,4335.66
861,台州市,胡萝卜,2018-11,331000,6.67,1398,3038.94
862,台州市,胡萝卜,2018-12,331000,6.51,897,1946.49
863,台州市,胡萝卜,2019-01,331000,6.51,1319,2862.23
864,台州市,胡萝卜,2019-02,331000,6.83,1671,3786.71
865,台州市,胡萝卜,2019-03,331000,4.66,508,1183.64
866,台州市,西兰花,2016-12,331000,76.66,556,21311.48
867,台州市,西兰花,2017-01,331000,116.66,1079,41802.29
868,台州市,西兰花,2017-02,331000,120.0,1428,57120.0
869,台州市,西兰花,2017-03,331000,154.99,2363,91605.85
870,台州市,西兰花,2017-04,331000,229.98,3297,126374.01
871,台州市,西兰花,2017-05,331000,153.32,1771,67882.43
872,台州市,西兰花,2017-06,331000,114.99,2209,84670.97
873,台州市,西兰花,2017-07,331000,114.99,208,7972.6399999999985
874,台州市,西兰花,2017-08,331000,114.99,1221,46800.92999999999
875,台州市,西兰花,2017-09,331000,114.99,1910,73210.3
876,台州市,西兰花,2017-10,331000,114.99,870,33347.1
877,台州市,西兰花,2017-11,331000,114.99,2108,80799.64
878,台州市,西兰花,2017-12,331000,117.99,1405,55258.65
879,台州市,西兰花,2018-01,331000,117.99,1703,66978.98999999999
880,台州市,西兰花,2018-02,331000,118.66,1997,79083.37
881,台州市,西兰花,2018-03,331000,116.66,1626,63291.51
882,台州市,西兰花,2018-04,331000,114.99,2286,87622.38
883,台州市,西兰花,2018-05,331000,114.99,1718,65850.93999999999
884,台州市,西兰花,2018-06,331000,114.99,1831,70182.23
885,台州市,西兰花,2018-07,331000,114.99,1540,59028.2
886,台州市,西兰花,2018-08,331000,114.99,1850,70910.5
887,台州市,西兰花,2018-09,331000,116.99,1177,45946.41
888,台州市,西兰花,2018-10,331000,121.67,1730,70372.87
889,台州市,西兰花,2018-11,331000,121.0,553,22158.0
890,台州市,西兰花,2018-12,331000,121.67,1790,71927.32
891,台州市,西兰花,2019-01,331000,125.01,2011,83798.37000000001
892,台州市,西兰花,2019-02,331000,125.01,652,27168.84
893,台州市,西兰花,2019-03,331000,83.34,1641,68380.47
894,台州市,油麦菜,2016-12,331000,18.66,920,8583.599999999999
895,台州市,油麦菜,2017-01,331000,28.16,1451,13597.33
896,台州市,油麦菜,2017-02,331000,28.17,2401,22539.89
897,台州市,油麦菜,2017-03,331000,38.0,2869,27255.5
898,台州市,油麦菜,2017-04,331000,57.0,3897,37021.5
899,台州市,油麦菜,2017-05,331000,40.0,3013,30142.21
900,台州市,油麦菜,2017-06,331000,30.99,1324,13676.92
901,台州市,油麦菜,2017-07,331000,30.99,2134,22044.22
902,台州市,油麦菜,2017-08,331000,30.99,1619,16724.27
903,台州市,油麦菜,2017-09,331000,30.99,1794,18532.02
904,台州市,油麦菜,2017-10,331000,30.33,1775,17903.45
905,台州市,油麦菜,2017-11,331000,29.01,1212,11720.04
906,台州市,油麦菜,2017-12,331000,28.67,1761,16808.89
907,台州市,油麦菜,2018-01,331000,28.5,308,2926.0
908,台州市,油麦菜,2018-02,331000,30.33,1180,12125.05
909,台州市,油麦菜,2018-03,331000,30.0,2251,22510.0
910,台州市,油麦菜,2018-04,331000,30.0,1381,13810.0
911,台州市,油麦菜,2018-05,331000,30.0,1047,10470.0
912,台州市,油麦菜,2018-06,331000,30.0,2686,26860.0
913,台州市,油麦菜,2018-07,331000,30.0,2417,24170.0
914,台州市,油麦菜,2018-08,331000,30.0,2103,21030.0
915,台州市,油麦菜,2018-09,331000,30.0,2879,28790.0
916,台州市,油麦菜,2018-10,331000,30.0,1235,12350.0
917,台州市,油麦菜,2018-11,331000,28.33,2479,23347.69
918,台州市,油麦菜,2018-12,331000,27.99,872,8135.76
919,台州市,油麦菜,2019-01,331000,27.99,1798,16775.34
920,台州市,油麦菜,2019-02,331000,27.99,1634,15245.22
921,台州市,油麦菜,2019-03,331000,18.66,783,7305.39
922,台州市,蒜黄,2016-12,331000,8.0,642,2484.18
923,台州市,蒜黄,2017-01,331000,10.33,1930,6733.58
924,台州市,蒜黄,2017-02,331000,9.0,1421,4263.0
925,台州市,蒜黄,2017-03,331000,10.68,1390,3711.3
926,台州市,蒜黄,2017-04,331000,13.98,3100,7223.0
927,台州市,蒜黄,2017-05,331000,11.16,1534,4072.8
928,台州市,蒜黄,2017-06,331000,12.67,1095,4526.73
929,台州市,蒜黄,2017-07,331000,13.67,1478,6669.3600000000015
930,台州市,蒜黄,2017-08,331000,14.34,1361,6448.6
931,台州市,蒜黄,2017-09,331000,14.0,2094,9578.01
932,台州市,蒜黄,2017-10,331000,13.67,1233,5442.93
933,台州市,蒜黄,2017-11,331000,13.17,1063,4735.65
934,台州市,蒜黄,2017-12,331000,12.33,1560,6570.0
935,台州市,蒜黄,2018-01,331000,11.67,1481,5731.6100000000015
936,台州市,蒜黄,2018-02,331000,11.01,1997,7328.99
937,台州市,蒜黄,2018-03,331000,10.17,1390,4816.38
938,台州市,蒜黄,2018-04,331000,8.83,1356,3911.77
939,台州市,蒜黄,2018-05,331000,11.33,1189,4209.23
940,台州市,蒜黄,2018-06,331000,15.51,1597,8256.49
941,台州市,蒜黄,2018-07,331000,13.33,1065,4554.41
942,台州市,蒜黄,2018-08,331000,12.67,2235,9299.94
943,台州市,蒜黄,2018-09,331000,14.83,719,3525.640000000001
944,台州市,蒜黄,2018-10,331000,16.84,502,2771.26
945,台州市,蒜黄,2018-11,331000,13.0,2167,9618.39
946,台州市,蒜黄,2018-12,331000,12.33,629,2607.74
947,台州市,蒜黄,2019-01,331000,11.34,1889,7135.91
948,台州市,蒜黄,2019-02,331000,12.66,2033,8548.46
949,台州市,蒜黄,2019-03,331000,9.0,1523,6832.93
950,台州市,上海青,2016-12,331000,11.66,1099,6407.17
951,台州市,上海青,2017-01,331000,17.490000000000002,382,2227.06
952,台州市,上海青,2017-02,331000,17.990000000000006,1365,8264.45
953,台州市,上海青,2017-03,331000,25.32,412,2607.96
954,台州市,上海青,2017-04,331000,37.98,1698,10748.34
955,台州市,上海青,2017-05,331000,25.32,1630,10317.9
956,台州市,上海青,2017-06,331000,18.99,1135,7184.549999999998
957,台州市,上海青,2017-07,331000,18.99,2169,13729.77
958,台州市,上海青,2017-08,331000,18.99,1589,10058.37
959,台州市,上海青,2017-09,331000,18.99,850,5380.5
960,台州市,上海青,2017-10,331000,18.99,861,5450.13
961,台州市,上海青,2017-11,331000,18.99,1111,7032.63
962,台州市,上海青,2017-12,331000,17.009999999999998,1301,7376.67
963,台州市,上海青,2018-01,331000,17.009999999999998,1877,10642.59
964,台州市,上海青,2018-02,331000,18.99,405,2563.65
965,台州市,上海青,2018-03,331000,18.99,2198,13913.34
966,台州市,上海青,2018-04,331000,18.99,1477,9349.41
967,台州市,上海青,2018-05,331000,18.99,1645,10412.85
968,台州市,上海青,2018-06,331000,18.99,1732,10963.56
969,台州市,上海青,2018-07,331000,18.99,954,6038.82
970,台州市,上海青,2018-08,331000,18.99,2515,15919.95
971,台州市,上海青,2018-09,331000,18.99,1150,7279.5
972,台州市,上海青,2018-10,331000,18.99,1507,9539.31
973,台州市,上海青,2018-11,331000,18.99,1149,7273.17
974,台州市,上海青,2018-12,331000,18.99,450,2848.5
975,台州市,上海青,2019-01,331000,18.99,1824,11545.92
976,台州市,上海青,2019-02,331000,18.99,1967,12451.11
977,台州市,上海青,2019-03,331000,12.66,919,5817.27
978,台州市,香菜,2016-12,331000,6.83,909,3139.85
979,台州市,香菜,2017-01,331000,12.83,1771,7538.3600000000015
980,台州市,香菜,2017-02,331000,14.16,1907,8809.14
981,台州市,香菜,2017-03,331000,13.84,2435,8745.08
982,台州市,香菜,2017-04,331000,19.66,3340,11021.08
983,台州市,香菜,2017-05,331000,13.32,1792,5967.36
984,台州市,香菜,2017-06,331000,9.34,1582,4872.48
985,台州市,香菜,2017-07,331000,8.83,1306,4105.82
986,台州市,香菜,2017-08,331000,11.17,2052,7643.96
987,台州市,香菜,2017-09,331000,10.49,1633,5864.390000000001
988,台州市,香菜,2017-10,331000,11.33,2504,9410.99
989,台州市,香菜,2017-11,331000,9.67,655,2267.84
990,台州市,香菜,2017-12,331000,10.99,1442,5303.8600000000015
991,台州市,香菜,2018-01,331000,11.66,774,2991.47
992,台州市,香菜,2018-02,331000,14.49,1741,8409.03
993,台州市,香菜,2018-03,331000,12.5,2464,10233.05
994,台州市,香菜,2018-04,331000,12.66,1359,5716.83
995,台州市,香菜,2018-05,331000,9.84,2703,8871.45
996,台州市,香菜,2018-06,331000,8.83,1841,5512.629999999999
997,台州市,香菜,2018-07,331000,9.66,1431,4446.78
998,台州市,香菜,2018-08,331000,11.33,2041,8012.33
999,台州市,香菜,2018-09,331000,13.99,1169,5362.27
1000,台州市,香菜,2018-10,331000,11.83,1281,5266.89
1001,台州市,香菜,2018-11,331000,9.01,2054,6034.68
1002,台州市,香菜,2018-12,331000,12.33,1536,6379.65
1003,台州市,香菜,2019-01,331000,15.5,896,4512.0
1004,台州市,香菜,2019-02,331000,17.009999999999998,478,2710.26
1005,台州市,香菜,2019-03,331000,10.16,320,1643.1
1006,台州市,豆角,2016-12,331000,5.17,717,1807.46
1007,台州市,豆角,2017-01,331000,7.16,2593,6181.6
1008,台州市,豆角,2017-02,331000,6.99,1027,2392.91
1009,台州市,豆角,2017-03,331000,9.32,2595,6046.35
1010,台州市,豆角,2017-04,331000,12.66,3904,8048.9
1011,台州市,豆角,2017-05,331000,8.5,1423,2900.55
1012,台州市,豆角,2017-06,331000,7.33,1728,4344.48
1013,台州市,豆角,2017-07,331000,8.17,1698,4694.06
1014,台州市,豆角,2017-08,331000,10.5,654,2289.0
1015,台州市,豆角,2017-09,331000,10.0,1442,4637.0
1016,台州市,豆角,2017-10,331000,9.34,1324,4063.29
1017,台州市,豆角,2017-11,331000,9.17,503,1528.72
1018,台州市,豆角,2017-12,331000,8.34,713,1920.21
1019,台州市,豆角,2018-01,331000,8.34,1001,2861.1
1020,台州市,豆角,2018-02,331000,9.0,1338,4014.0
1021,台州市,豆角,2018-03,331000,7.33,1269,3269.23
1022,台州市,豆角,2018-04,331000,6.99,1630,3797.9
1023,台州市,豆角,2018-05,331000,7.84,1134,2975.25
1024,台州市,豆角,2018-06,331000,9.34,901,2851.41
1025,台州市,豆角,2018-07,331000,9.17,1087,3289.39
1026,台州市,豆角,2018-08,331000,9.5,1891,6071.0
1027,台州市,豆角,2018-09,331000,9.99,1147,3819.510000000001
1028,台州市,豆角,2018-10,331000,9.83,2263,7351.0
1029,台州市,豆角,2018-11,331000,7.33,1464,3621.58
1030,台州市,豆角,2018-12,331000,7.33,1085,2583.98
1031,台州市,豆角,2019-01,331000,7.5,1725,4312.5
1032,台州市,豆角,2019-02,331000,6.99,2299,5356.67
1033,台州市,豆角,2019-03,331000,6.17,685,1883.73
1034,台州市,小葱,2017-01,331000,16.91,2034,7077.5
1035,台州市,小葱,2017-02,331000,11.95,2146,6470.2
1036,台州市,小葱,2017-03,331000,11.45,2177,6259.6
1037,台州市,小葱,2017-04,331000,14.16,2536,7387.87
1038,台州市,小葱,2017-05,331000,17.7,2091,5289.9
1039,台州市,小葱,2017-06,331000,11.15,2326,6380.5
1040,台州市,小葱,2017-07,331000,12.55,2492,7899.25
1041,台州市,小葱,2017-08,331000,21.86,3781,16505.59
1042,台州市,小葱,2017-09,331000,19.56,1919,9359.62
1043,台州市,小葱,2017-10,331000,22.95,2241,10186.36
1044,台州市,小葱,2017-11,331000,18.32,2051,9347.07
1045,台州市,小葱,2017-12,331000,19.91,3048,15133.500000000002
1046,台州市,小葱,2018-01,331000,24.85,2471,12222.61
1047,台州市,小葱,2018-02,331000,19.53,1381,6611.719999999998
1048,台州市,小葱,2018-03,331000,15.93,1164,4579.58
1049,台州市,小葱,2018-04,331000,15.66,2533,9960.64
1050,台州市,小葱,2018-05,331000,19.7,3068,12024.56
1051,台州市,小葱,2018-06,331000,15.47,1651,6367.06
1052,台州市,小葱,2018-07,331000,20.61,1876,7827.500000000001
1053,台州市,小葱,2018-08,331000,19.62,2497,12283.62
1054,台州市,小葱,2018-09,331000,19.7,2224,10966.41
1055,台州市,小葱,2018-10,331000,24.52,1296,6372.29
1056,台州市,小葱,2018-11,331000,18.77,2107,9936.69
1057,台州市,小葱,2018-12,331000,18.3,1570,7192.95
1058,台州市,小葱,2019-01,331000,22.82,2249,10256.06
1059,台州市,小葱,2019-02,331000,15.13,2289,8889.07
1060,台州市,小葱,2019-03,331000,10.56,1520,5413.22
1061,台州市,西红柿,2016-12,331000,52.34,1215,31899.050000000007
1062,台州市,西红柿,2017-01,331000,77.0,1491,38021.58
1063,台州市,西红柿,2017-02,331000,74.33,2096,52497.55
1064,台州市,西红柿,2017-03,331000,106.0,1824,52494.0
1065,台州市,西红柿,2017-04,331000,190.68,2812,88806.84
1066,台州市,西红柿,2017-05,331000,146.0,2143,77748.0
1067,台州市,西红柿,2017-06,331000,86.01,937,27683.79
1068,台州市,西红柿,2017-07,331000,102.0,1255,42692.59
1069,台州市,西红柿,2017-08,331000,95.33,1534,47539.56
1070,台州市,西红柿,2017-09,331000,93.0,2422,75056.64
1071,台州市,西红柿,2017-10,331000,91.01,1858,56250.86
1072,台州市,西红柿,2017-11,331000,89.01,1221,36227.07
1073,台州市,西红柿,2017-12,331000,87.66,1400,42761.73
1074,台州市,西红柿,2018-01,331000,91.0,1173,36278.83
1075,台州市,西红柿,2018-02,331000,87.67,1013,30292.69
1076,台州市,西红柿,2018-03,331000,77.67,1251,31795.65
1077,台州市,西红柿,2018-04,331000,95.0,2261,71115.0
1078,台州市,西红柿,2018-05,331000,79.01,1952,51402.84
1079,台州市,西红柿,2018-06,331000,74.0,917,23313.98
1080,台州市,西红柿,2018-07,331000,72.0,1508,36192.0
1081,台州市,西红柿,2018-08,331000,78.34,446,11595.04
1082,台州市,西红柿,2018-09,331000,73.66,1892,46507.39
1083,台州市,西红柿,2018-10,331000,72.66,768,18685.56
1084,台州市,西红柿,2018-11,331000,68.34,624,14385.65
1085,台州市,西红柿,2018-12,331000,66.34,1575,34869.73
1086,台州市,西红柿,2019-01,331000,68.66,1264,28245.16
1087,台州市,西红柿,2019-02,331000,65.67,973,20592.72
1088,台州市,西红柿,2019-03,331000,41.67,828,17154.52
1089,台州市,茼蒿,2016-12,331000,4.5,867,1952.91
1090,台州市,茼蒿,2017-01,331000,7.16,2077,4964.87
1091,台州市,茼蒿,2017-02,331000,7.84,1159,3086.71
1092,台州市,茼蒿,2017-03,331000,10.44,2088,5437.85
1093,台州市,茼蒿,2017-04,331000,16.22,4430,12015.3
1094,台州市,茼蒿,2017-05,331000,12.27,2337,7110.8899999999985
1095,台州市,茼蒿,2017-06,331000,9.51,753,2387.01
1096,台州市,茼蒿,2017-07,331000,8.2,2219,6085.4000000000015
1097,台州市,茼蒿,2017-08,331000,7.5,1415,3537.5
1098,台州市,茼蒿,2017-09,331000,7.5,1014,2535.0
1099,台州市,茼蒿,2017-10,331000,7.1,1688,4175.2
1100,台州市,茼蒿,2017-11,331000,6.300000000000002,1525,3202.5
1101,台州市,茼蒿,2017-12,331000,7.27,2242,5458.88
1102,台州市,茼蒿,2018-01,331000,8.1,1898,5020.88
1103,台州市,茼蒿,2018-02,331000,8.86,1317,3897.17
1104,台州市,茼蒿,2018-03,331000,8.83,994,2908.9
1105,台州市,茼蒿,2018-04,331000,8.49,1709,4836.47
1106,台州市,茼蒿,2018-05,331000,8.49,1789,5062.87
1107,台州市,茼蒿,2018-06,331000,8.16,1854,5036.280000000002
1108,台州市,茼蒿,2018-07,331000,8.04,1094,2933.18
1109,台州市,茼蒿,2018-08,331000,7.939999999999999,1283,3414.97
1110,台州市,茼蒿,2018-09,331000,8.67,888,2585.79
1111,台州市,茼蒿,2018-10,331000,9.0,1617,4851.0
1112,台州市,茼蒿,2018-11,331000,9.1,1994,6074.9
1113,台州市,茼蒿,2018-12,331000,9.1,1392,4257.1
1114,台州市,茼蒿,2019-01,331000,9.0,1149,3447.0
1115,台州市,茼蒿,2019-02,331000,9.51,2160,6847.2
1116,台州市,茼蒿,2019-03,331000,6.17,1404,4296.32
1117,台州市,香菇,2016-12,331000,9.16,938,4513.04
1118,台州市,香菇,2017-01,331000,15.66,961,5016.1100000000015
1119,台州市,香菇,2017-02,331000,14.66,1152,5642.87
1120,台州市,香菇,2017-03,331000,18.84,1411,6711.45
1121,台州市,香菇,2017-04,331000,26.66,2863,12502.87
1122,台州市,香菇,2017-05,331000,16.83,3123,13238.830000000002
1123,台州市,香菇,2017-06,331000,10.83,1608,5653.41
1124,台州市,香菇,2017-07,331000,12.5,1738,7127.21
1125,台州市,香菇,2017-08,331000,12.84,1523,6657.81
1126,台州市,香菇,2017-09,331000,13.66,1625,7524.49
1127,台州市,香菇,2017-10,331000,13.16,1233,5395.84
1128,台州市,香菇,2017-11,331000,11.83,1353,5326.83
1129,台州市,香菇,2017-12,331000,11.83,1168,4538.72
1130,台州市,香菇,2018-01,331000,15.01,2332,11700.44
1131,台州市,香菇,2018-02,331000,16.509999999999998,2180,12122.6
1132,台州市,香菇,2018-03,331000,15.83,725,4051.49
1133,台州市,香菇,2018-04,331000,13.84,1939,8959.25
1134,台州市,香菇,2018-05,331000,13.67,2249,10240.18
1135,台州市,香菇,2018-06,331000,12.33,1277,5377.3899999999985
1136,台州市,香菇,2018-07,331000,12.99,921,3987.93
1137,台州市,香菇,2018-08,331000,13.33,1760,7879.54
1138,台州市,香菇,2018-09,331000,16.17,1914,10509.58
1139,台州市,香菇,2018-10,331000,18.0,909,5420.34
1140,台州市,香菇,2018-11,331000,16.0,1819,9917.0
1141,台州市,香菇,2018-12,331000,13.67,1923,8763.15
1142,台州市,香菇,2019-01,331000,12.99,1865,8075.450000000002
1143,台州市,香菇,2019-02,331000,14.49,1767,8534.61
1144,台州市,香菇,2019-03,331000,11.34,863,4893.21
1145,台州市,木耳,2017-01,331000,58.5,3076,36179.0
1146,台州市,木耳,2017-02,331000,47.8,2383,28528.0
1147,台州市,木耳,2017-03,331000,44.0,1396,15348.6
1148,台州市,木耳,2017-04,331000,49.4,1373,13479.0
1149,台州市,木耳,2017-05,331000,66.5,3893,36899.2
1150,台州市,木耳,2017-06,331000,36.4,1356,12323.2
1151,台州市,木耳,2017-07,331000,37.5,1798,16962.9
1152,台州市,木耳,2017-08,331000,47.8,3400,32415.8
1153,台州市,木耳,2017-09,331000,39.0,3154,30732.6
1154,台州市,木耳,2017-10,331000,45.7,3138,28813.2
1155,台州市,木耳,2017-11,331000,37.1,1615,15059.6
1156,台州市,木耳,2017-12,331000,40.2,1990,20142.8
1157,台州市,木耳,2018-01,331000,52.3,2388,25064.0
1158,台州市,木耳,2018-02,331000,37.4,1671,15377.6
1159,台州市,木耳,2018-03,331000,32.0,2368,19133.5
1160,台州市,木耳,2018-04,331000,27.3,2546,17224.6
1161,台州市,木耳,2018-05,331000,32.9,2153,14074.9
1162,台州市,木耳,2018-06,331000,29.3,2460,18214.2
1163,台州市,木耳,2018-07,331000,40.9,2992,24635.1
1164,台州市,木耳,2018-08,331000,36.3,2018,18278.4
1165,台州市,木耳,2018-09,331000,48.0,1292,16352.8
1166,台州市,木耳,2018-10,331000,64.4,2688,34556.4
1167,台州市,木耳,2018-11,331000,41.9,1507,15795.3
1168,台州市,木耳,2018-12,331000,40.1,3205,31951.3
1169,台州市,木耳,2019-01,331000,49.0,2747,26920.6
1170,台州市,木耳,2019-02,331000,37.05,2118,19924.1
1171,台州市,木耳,2019-03,331000,28.05,2062,19208.85
1172,台州市,蒜苔,2016-12,331000,8.66,1160,5022.8
1173,台州市,蒜苔,2017-01,331000,15.49,1713,8748.29
1174,台州市,蒜苔,2017-02,331000,14.66,1657,7886.16
1175,台州市,蒜苔,2017-03,331000,18.34,1543,7002.49
1176,台州市,蒜苔,2017-04,331000,22.32,3993,14744.92
1177,台州市,蒜苔,2017-05,331000,15.0,1142,4359.5
1178,台州市,蒜苔,2017-06,331000,11.0,1782,6489.280000000002
1179,台州市,蒜苔,2017-07,331000,12.0,1800,7316.1100000000015
1180,台州市,蒜苔,2017-08,331000,12.99,1370,5932.1
1181,台州市,蒜苔,2017-09,331000,12.99,808,3498.64
1182,台州市,蒜苔,2017-10,331000,12.99,1269,5494.77
1183,台州市,蒜苔,2017-11,331000,12.99,1345,5823.85
1184,台州市,蒜苔,2017-12,331000,12.0,820,3280.0
1185,台州市,蒜苔,2018-01,331000,11.67,932,3662.99
1186,台州市,蒜苔,2018-02,331000,11.67,839,3273.5
1187,台州市,蒜苔,2018-03,331000,11.33,1484,5923.940000000001
1188,台州市,蒜苔,2018-04,331000,10.17,2006,6708.16
1189,台州市,蒜苔,2018-05,331000,11.01,1030,3780.1
1190,台州市,蒜苔,2018-06,331000,9.66,1210,3883.11
1191,台州市,蒜苔,2018-07,331000,10.67,605,2107.13
1192,台州市,蒜苔,2018-08,331000,11.51,1418,5280.06
1193,台州市,蒜苔,2018-09,331000,15.0,1806,9061.35
1194,台州市,蒜苔,2018-10,331000,18.67,1028,6588.7
1195,台州市,蒜苔,2018-11,331000,16.67,1541,8547.380000000001
1196,台州市,蒜苔,2018-12,331000,15.0,2535,12754.86
1197,台州市,蒜苔,2019-01,331000,14.5,1868,9179.03
1198,台州市,蒜苔,2019-02,331000,15.17,1923,9612.11
1199,台州市,蒜苔,2019-03,331000,9.34,819,3824.73
1200,台州市,芹菜,2016-12,331000,84.0,800,33684.42
1201,台州市,芹菜,2017-01,331000,128.01,1179,50307.93
1202,台州市,芹菜,2017-02,331000,128.01,1898,80987.66
1203,台州市,芹菜,2017-03,331000,167.68,2026,84894.42000000001
1204,台州市,芹菜,2017-04,331000,241.98,2084,84403.71999999999
1205,台州市,芹菜,2017-05,331000,157.32,1133,44560.89
1206,台州市,芹菜,2017-06,331000,116.99,1872,72849.76
1207,台州市,芹菜,2017-07,331000,114.99,905,34688.649999999994
1208,台州市,芹菜,2017-08,331000,114.99,1503,57609.98999999999
1209,台州市,芹菜,2017-09,331000,116.01,1007,38940.69
1210,台州市,芹菜,2017-10,331000,116.34,2229,86459.43
1211,台州市,芹菜,2017-11,331000,117.0,1392,54288.0
1212,台州市,芹菜,2017-12,331000,117.0,1653,64467.0
1213,台州市,芹菜,2018-01,331000,117.0,1043,40677.0
1214,台州市,芹菜,2018-02,331000,117.0,1412,55068.0
1215,台州市,芹菜,2018-03,331000,117.0,1101,42939.0
1216,台州市,芹菜,2018-04,331000,117.0,1860,72540.0
1217,台州市,芹菜,2018-05,331000,117.0,998,38922.0
1218,台州市,芹菜,2018-06,331000,117.0,1451,56589.0
1219,台州市,芹菜,2018-07,331000,116.34,1408,54760.86
1220,台州市,芹菜,2018-08,331000,116.01,1056,40835.52
1221,台州市,芹菜,2018-09,331000,116.01,2011,77765.37000000001
1222,台州市,芹菜,2018-10,331000,116.01,1229,47525.43000000001
1223,台州市,芹菜,2018-11,331000,116.01,1975,76373.25
1224,台州市,芹菜,2018-12,331000,116.01,1596,61717.32000000001
1225,台州市,芹菜,2019-01,331000,116.01,1510,58391.7
1226,台州市,芹菜,2019-02,331000,114.01,964,36824.88000000001
1227,台州市,芹菜,2019-03,331000,75.34,1404,52888.68000000001
1228,台州市,红薯,2016-12,331000,9.34,991,4627.97
1229,台州市,红薯,2017-01,331000,13.6,2696,12213.55
1230,台州市,红薯,2017-02,331000,12.79,1768,7654.1399999999985
1231,台州市,红薯,2017-03,331000,15.82,2044,8158.620000000001
1232,台州市,红薯,2017-04,331000,23.22,3182,12314.34
1233,台州市,红薯,2017-05,331000,14.68,1733,6360.11
1234,台州市,红薯,2017-06,331000,11.67,1088,4438.46
1235,台州市,红薯,2017-07,331000,12.33,1308,5376.54
1236,台州市,红薯,2017-08,331000,14.6,1323,6447.67
1237,台州市,红薯,2017-09,331000,16.0,1638,8645.0
1238,台州市,红薯,2017-10,331000,15.84,1994,10528.43
1239,台州市,红薯,2017-11,331000,16.03,2423,12988.149999999998
1240,台州市,红薯,2017-12,331000,16.57,786,4342.18
1241,台州市,红薯,2018-01,331000,16.97,1199,6822.450000000002
1242,台州市,红薯,2018-02,331000,17.009999999999998,1055,5981.85
1243,台州市,红薯,2018-03,331000,16.04,2601,13964.73
1244,台州市,红薯,2018-04,331000,14.13,882,4242.780000000002
1245,台州市,红薯,2018-05,331000,15.0,1663,8315.0
1246,台州市,红薯,2018-06,331000,14.93,1262,6328.82
1247,台州市,红薯,2018-07,331000,15.03,1430,7077.98
1248,台州市,红薯,2018-08,331000,17.1,1959,11019.89
1249,台州市,红薯,2018-09,331000,16.799999999999994,1629,9122.4
1250,台州市,红薯,2018-10,331000,16.91,2468,13856.16
1251,台州市,红薯,2018-11,331000,16.0,609,3236.8100000000004
1252,台州市,红薯,2018-12,331000,15.37,1998,10236.7
1253,台州市,红薯,2019-01,331000,15.2,1147,5825.699999999999
1254,台州市,红薯,2019-02,331000,14.7,1791,8987.259999999998
1255,台州市,红薯,2019-03,331000,9.2,883,4061.8
1256,台州市,大蒜,2016-12,331000,8.67,1521,6560.95
1257,台州市,大蒜,2017-01,331000,7.5,866,2293.59
1258,台州市,大蒜,2017-02,331000,7.16,1239,3042.42
1259,台州市,大蒜,2017-03,331000,10.5,2842,7372.05
1260,台州市,大蒜,2017-04,331000,15.66,3334,8898.970000000001
1261,台州市,大蒜,2017-05,331000,13.32,993,3306.69
1262,台州市,大蒜,2017-06,331000,12.67,2007,8132.75
1263,台州市,大蒜,2017-07,331000,13.5,1748,7970.38
1264,台州市,大蒜,2017-08,331000,13.67,1104,4969.7
1265,台州市,大蒜,2017-09,331000,12.67,811,3674.81
1266,台州市,大蒜,2017-10,331000,11.99,1838,7435.54
1267,台州市,大蒜,2017-11,331000,10.51,785,3195.45
1268,台州市,大蒜,2017-12,331000,9.33,2151,6781.68
1269,台州市,大蒜,2018-01,331000,8.83,1700,4948.190000000001
1270,台州市,大蒜,2018-02,331000,10.84,1261,4539.13
1271,台州市,大蒜,2018-03,331000,12.0,1431,5812.98
1272,台州市,大蒜,2018-04,331000,12.99,1428,5958.24
1273,台州市,大蒜,2018-05,331000,12.0,1217,4467.34
1274,台州市,大蒜,2018-06,331000,14.66,1805,8862.5
1275,台州市,大蒜,2018-07,331000,13.67,1199,5475.54
1276,台州市,大蒜,2018-08,331000,14.5,1321,6400.25
1277,台州市,大蒜,2018-09,331000,17.66,1658,9739.7
1278,台州市,大蒜,2018-10,331000,17.67,2000,11970.02
1279,台州市,大蒜,2018-11,331000,9.0,1757,5591.38
1280,台州市,大蒜,2018-12,331000,5.49,1713,3134.79
1281,台州市,大蒜,2019-01,331000,9.16,1899,5882.1
1282,台州市,大蒜,2019-02,331000,8.66,1857,5408.48
1283,台州市,大蒜,2019-03,331000,7.5,1016,3912.5
1284,台州市,生姜,2016-12,331000,28.34,1197,16961.489999999998
1285,台州市,生姜,2017-01,331000,43.5,2568,37221.38000000001
1286,台州市,生姜,2017-02,331000,43.34,1455,21116.5
1287,台州市,生姜,2017-03,331000,56.0,2322,32556.28
1288,台州市,生姜,2017-04,331000,81.66,3435,46470.51
1289,台州市,生姜,2017-05,331000,50.83,2429,30943.3
1290,台州市,生姜,2017-06,331000,36.99,1938,23895.54
1291,台州市,生姜,2017-07,331000,38.01,1067,13518.89
1292,台州市,生姜,2017-08,331000,37.33,1531,19052.67
1293,台州市,生姜,2017-09,331000,36.66,2264,27590.4
1294,台州市,生姜,2017-10,331000,36.99,1502,18519.66
1295,台州市,生姜,2017-11,331000,36.99,1283,15819.39
1296,台州市,生姜,2017-12,331000,37.67,1038,13070.54
1297,台州市,生姜,2018-01,331000,38.01,787,9971.29
1298,台州市,生姜,2018-02,331000,36.33,1518,18536.1
1299,台州市,生姜,2018-03,331000,34.5,1570,18143.4
1300,台州市,生姜,2018-04,331000,32.5,911,9748.5
1301,台州市,生姜,2018-05,331000,31.5,1682,17661.0
1302,台州市,生姜,2018-06,331000,32.49,641,6942.030000000002
1303,台州市,生姜,2018-07,331000,34.17,1974,22357.86
1304,台州市,生姜,2018-08,331000,36.33,2022,24587.4
1305,台州市,生姜,2018-09,331000,40.33,1240,17296.54
1306,台州市,生姜,2018-10,331000,45.33,1379,20566.53
1307,台州市,生姜,2018-11,331000,42.17,1385,19757.52
1308,台州市,生姜,2018-12,331000,41.66,1691,23544.97
1309,台州市,生姜,2019-01,331000,40.66,580,7974.09
1310,台州市,生姜,2019-02,331000,37.66,1727,21355.55
1311,台州市,生姜,2019-03,331000,24.17,1050,12408.71
1312,台州市,白菜,2016-12,331000,30.16,333,5061.89
1313,台州市,白菜,2017-01,331000,45.99,1033,15835.89
1314,台州市,白菜,2017-02,331000,45.66,1819,27626.22
1315,台州市,白菜,2017-03,331000,58.66,2006,29699.39
1316,台州市,白菜,2017-04,331000,84.66,3150,44002.32
1317,台州市,白菜,2017-05,331000,53.68,1360,18513.2
1318,台州市,白菜,2017-06,331000,39.51,830,10931.1
1319,台州市,白菜,2017-07,331000,39.51,701,9232.17
1320,台州市,白菜,2017-08,331000,40.5,1480,19980.0
1321,台州市,白菜,2017-09,331000,39.84,1401,18619.8
1322,台州市,白菜,2017-10,331000,39.51,1077,14184.09
1323,台州市,白菜,2017-11,331000,39.51,1653,21770.01
1324,台州市,白菜,2017-12,331000,39.51,1240,16330.8
1325,台州市,白菜,2018-01,331000,39.51,2013,26511.21
1326,台州市,白菜,2018-02,331000,38.67,1947,24984.27
1327,台州市,白菜,2018-03,331000,37.67,1538,19383.1
1328,台州市,白菜,2018-04,331000,35.67,1511,18491.51
1329,台州市,白菜,2018-05,331000,34.5,1651,18986.5
1330,台州市,白菜,2018-06,331000,35.01,1236,14424.12
1331,台州市,白菜,2018-07,331000,37.01,1643,20053.81
1332,台州市,白菜,2018-08,331000,39.33,1237,16084.63
1333,台州市,白菜,2018-09,331000,45.99,1280,19225.4
1334,台州市,白菜,2018-10,331000,49.67,2112,34854.98
1335,台州市,白菜,2018-11,331000,46.67,2505,39140.98
1336,台州市,白菜,2018-12,331000,45.16,1018,15395.22
1337,台州市,白菜,2019-01,331000,40.83,2530,34419.65
1338,台州市,白菜,2019-02,331000,38.67,419,5310.709999999999
1339,台州市,白菜,2019-03,331000,26.0,1031,13282.55
1340,台州市,青椒,2016-12,331000,5.78,997,2881.330000000001
1341,台州市,青椒,2017-01,331000,12.84,1285,6122.8
1342,台州市,青椒,2017-02,331000,9.84,2231,7317.68
1343,台州市,青椒,2017-03,331000,13.12,1629,5343.12
1344,台州市,青椒,2017-04,331000,20.28,2758,9294.34
1345,台州市,青椒,2017-05,331000,13.12,1287,4221.36
1346,台州市,青椒,2017-06,331000,9.84,771,2528.88
1347,台州市,青椒,2017-07,331000,9.84,1974,6474.719999999998
1348,台州市,青椒,2017-08,331000,9.84,1011,3316.08
1349,台州市,青椒,2017-09,331000,10.01,2053,6892.96
1350,台州市,青椒,2017-10,331000,10.35,1793,6185.85
1351,台州市,青椒,2017-11,331000,10.35,2561,8835.45
1352,台州市,青椒,2017-12,331000,10.35,1091,3763.95
1353,台州市,青椒,2018-01,331000,10.35,1830,6313.5
1354,台州市,青椒,2018-02,331000,10.35,952,3284.4000000000005
1355,台州市,青椒,2018-03,331000,10.35,1455,5019.75
1356,台州市,青椒,2018-04,331000,10.35,1239,4274.55
1357,台州市,青椒,2018-05,331000,10.35,1402,4836.9
1358,台州市,青椒,2018-06,331000,10.35,2238,7721.1
1359,台州市,青椒,2018-07,331000,10.35,1723,5944.35
1360,台州市,青椒,2018-08,331000,10.35,1766,6092.700000000002
1361,台州市,青椒,2018-09,331000,10.35,1597,5509.65
1362,台州市,青椒,2018-10,331000,10.35,2164,7465.8
1363,台州市,青椒,2018-11,331000,10.35,748,2580.6
1364,台州市,青椒,2018-12,331000,10.35,1026,3539.7000000000007
1365,台州市,青椒,2019-01,331000,10.35,913,3149.850000000001
1366,台州市,青椒,2019-02,331000,10.35,1902,6561.9
1367,台州市,青椒,2019-03,331000,6.2,1178,3432.0
1368,台州市,南瓜,2016-12,331000,51.34,909,23334.03
1369,台州市,南瓜,2017-01,331000,77.67,1957,50573.41
1370,台州市,南瓜,2017-02,331000,79.34,524,13877.26
1371,台州市,南瓜,2017-03,331000,103.34,869,22541.86
1372,台州市,南瓜,2017-04,331000,154.02,2382,61145.94
1373,台州市,南瓜,2017-05,331000,100.33,1701,42577.8
1374,台州市,南瓜,2017-06,331000,72.0,497,11928.0
1375,台州市,南瓜,2017-07,331000,72.99,1409,34280.969999999994
1376,台州市,南瓜,2017-08,331000,70.33,1880,43982.14
1377,台州市,南瓜,2017-09,331000,71.66,1444,34273.34
1378,台州市,南瓜,2017-10,331000,72.99,1561,37979.13
1379,台州市,南瓜,2017-11,331000,72.99,1633,39730.89
1380,台州市,南瓜,2017-12,331000,70.0,696,16032.19
1381,台州市,南瓜,2018-01,331000,69.66,1062,24716.07
1382,台州市,南瓜,2018-02,331000,73.0,1936,47235.0
1383,台州市,南瓜,2018-03,331000,72.33,2589,62564.38
1384,台州市,南瓜,2018-04,331000,66.34,1574,34236.26
1385,台州市,南瓜,2018-05,331000,65.01,2357,51076.19
1386,台州市,南瓜,2018-06,331000,66.67,1620,35731.79
1387,台州市,南瓜,2018-07,331000,69.99,1760,40562.3
1388,台州市,南瓜,2018-08,331000,73.5,779,19123.45
1389,台州市,南瓜,2018-09,331000,76.17,1387,34848.71
1390,台州市,南瓜,2018-10,331000,82.66,1228,32780.32
1391,台州市,南瓜,2018-11,331000,78.33,1259,33077.509999999995
1392,台州市,南瓜,2018-12,331000,77.34,1820,46931.59
1393,台州市,南瓜,2019-01,331000,76.51,2034,51871.78000000001
1394,台州市,南瓜,2019-02,331000,76.0,2528,63840.0
1395,台州市,南瓜,2019-03,331000,48.0,1766,42460.56
1396,台州市,茄子,2016-12,331000,20.66,855,8832.15
1397,台州市,茄子,2017-01,331000,30.99,1059,10939.47
1398,台州市,茄子,2017-02,331000,30.99,1104,11404.32
1399,台州市,茄子,2017-03,331000,41.32,1658,17127.14
1400,台州市,茄子,2017-04,331000,61.98,2713,28025.29
1401,台州市,茄子,2017-05,331000,41.32,566,5846.78
1402,台州市,茄子,2017-06,331000,30.99,1497,15464.01
1403,台州市,茄子,2017-07,331000,30.99,2212,22849.96
1404,台州市,茄子,2017-08,331000,30.99,1760,18180.8
1405,台州市,茄子,2017-09,331000,30.99,2632,27188.56
1406,台州市,茄子,2017-10,331000,30.99,1000,10330.0
1407,台州市,茄子,2017-11,331000,31.67,1105,11502.71
1408,台州市,茄子,2017-12,331000,32.01,2388,25479.96
1409,台州市,茄子,2018-01,331000,32.01,1355,14457.85
1410,台州市,茄子,2018-02,331000,32.01,734,7831.78
1411,台州市,茄子,2018-03,331000,32.01,2082,22214.94
1412,台州市,茄子,2018-04,331000,32.01,1263,13476.21
1413,台州市,茄子,2018-05,331000,32.01,1475,15738.25
1414,台州市,茄子,2018-06,331000,32.01,456,4865.52
1415,台州市,茄子,2018-07,331000,32.01,740,7895.8
1416,台州市,茄子,2018-08,331000,32.01,2114,22556.38
1417,台州市,茄子,2018-09,331000,32.01,1838,19611.46
1418,台州市,茄子,2018-10,331000,32.01,1454,15514.18
1419,台州市,茄子,2018-11,331000,32.01,2043,21798.81
1420,台州市,茄子,2018-12,331000,32.01,1754,18715.18
1421,台州市,茄子,2019-01,331000,32.01,1351,14415.170000000002
1422,台州市,茄子,2019-02,331000,32.01,1635,17445.45
1423,台州市,茄子,2019-03,331000,21.34,1096,11694.32
1424,台州市,娃娃菜,2016-12,331000,8.66,956,4139.48
1425,台州市,娃娃菜,2017-01,331000,12.99,2314,10019.62
1426,台州市,娃娃菜,2017-02,331000,12.99,1491,6456.030000000002
1427,台州市,娃娃菜,2017-03,331000,17.32,912,3948.96
1428,台州市,娃娃菜,2017-04,331000,25.98,2912,12608.96
1429,台州市,娃娃菜,2017-05,331000,17.32,3110,13466.3
1430,台州市,娃娃菜,2017-06,331000,12.99,2175,9417.75
1431,台州市,娃娃菜,2017-07,331000,12.99,650,2814.5
1432,台州市,娃娃菜,2017-08,331000,12.99,1931,8361.23
1433,台州市,娃娃菜,2017-09,331000,13.33,920,4087.98
1434,台州市,娃娃菜,2017-10,331000,13.5,1885,8482.5
1435,台州市,娃娃菜,2017-11,331000,13.5,1820,8190.0
1436,台州市,娃娃菜,2017-12,331000,13.5,1971,8869.5
1437,台州市,娃娃菜,2018-01,331000,13.5,1140,5130.0
1438,台州市,娃娃菜,2018-02,331000,13.5,1461,6574.5
1439,台州市,娃娃菜,2018-03,331000,13.5,1646,7407.0
1440,台州市,娃娃菜,2018-04,331000,13.5,748,3366.0
1441,台州市,娃娃菜,2018-05,331000,13.5,2520,11340.0
1442,台州市,娃娃菜,2018-06,331000,13.5,2210,9945.0
1443,台州市,娃娃菜,2018-07,331000,13.5,837,3766.5
1444,台州市,娃娃菜,2018-08,331000,13.5,965,4342.5
1445,台州市,娃娃菜,2018-09,331000,13.5,1953,8788.5
1446,台州市,娃娃菜,2018-10,331000,13.5,2026,9117.0
1447,台州市,娃娃菜,2018-11,331000,13.5,1640,7380.0
1448,台州市,娃娃菜,2018-12,331000,13.5,2147,9661.5
1449,台州市,娃娃菜,2019-01,331000,13.5,2137,9616.5
1450,台州市,娃娃菜,2019-02,331000,13.5,1225,5512.5
1451,台州市,娃娃菜,2019-03,331000,9.0,1300,5850.0
1452,嘉兴市,黄瓜,2016-12,330400,64.66,860,27803.8
1453,嘉兴市,黄瓜,2017-01,330400,96.99,1568,50693.44
1454,嘉兴市,黄瓜,2017-02,330400,96.99,725,23439.25
1455,嘉兴市,黄瓜,2017-03,330400,129.32,2638,85286.54
1456,嘉兴市,黄瓜,2017-04,330400,193.98,2741,88616.53
1457,嘉兴市,黄瓜,2017-05,330400,129.32,2340,75652.2
1458,嘉兴市,黄瓜,2017-06,330400,96.99,1963,63463.78999999999
1459,嘉兴市,黄瓜,2017-07,330400,96.99,1741,56286.53
1460,嘉兴市,黄瓜,2017-08,330400,96.99,1088,35175.04
1461,嘉兴市,黄瓜,2017-09,330400,96.99,1595,51566.34999999999
1462,嘉兴市,黄瓜,2017-10,330400,96.99,975,31521.75
1463,嘉兴市,黄瓜,2017-11,330400,96.99,2204,71255.31999999999
1464,嘉兴市,黄瓜,2017-12,330400,96.99,875,28288.75
1465,嘉兴市,黄瓜,2018-01,330400,96.99,1419,45876.27
1466,嘉兴市,黄瓜,2018-02,330400,96.99,1432,46296.56
1467,嘉兴市,黄瓜,2018-03,330400,96.99,1588,51340.04
1468,嘉兴市,黄瓜,2018-04,330400,95.67,1672,53293.46
1469,嘉兴市,黄瓜,2018-05,330400,95.01,1623,51400.41
1470,嘉兴市,黄瓜,2018-06,330400,96.99,2020,65306.6
1471,嘉兴市,黄瓜,2018-07,330400,97.33,941,30488.49
1472,嘉兴市,黄瓜,2018-08,330400,98.01,1274,41621.58
1473,嘉兴市,黄瓜,2018-09,330400,98.01,1591,51977.97
1474,嘉兴市,黄瓜,2018-10,330400,98.0,1097,36037.96
1475,嘉兴市,黄瓜,2018-11,330400,99.67,1680,55724.08
1476,嘉兴市,黄瓜,2018-12,330400,101.01,1512,50909.04
1477,嘉兴市,黄瓜,2019-01,330400,101.01,740,24915.800000000007
1478,嘉兴市,黄瓜,2019-02,330400,103.34,416,14386.54
1479,嘉兴市,黄瓜,2019-03,330400,68.33,1224,41857.89
1480,嘉兴市,菠菜,2016-12,330400,11.0,1436,7952.06
1481,嘉兴市,菠菜,2017-01,330400,18.16,2213,13436.45
1482,嘉兴市,菠菜,2017-02,330400,18.5,1179,7518.5
1483,嘉兴市,菠菜,2017-03,330400,23.66,2710,15991.06
1484,嘉兴市,菠菜,2017-04,330400,34.66,2252,12979.56
1485,嘉兴市,菠菜,2017-05,330400,21.17,881,4762.8600000000015
1486,嘉兴市,菠菜,2017-06,330400,12.33,1194,5156.08
1487,嘉兴市,菠菜,2017-07,330400,12.33,1798,7520.16
1488,嘉兴市,菠菜,2017-08,330400,14.5,1735,8636.0
1489,嘉兴市,菠菜,2017-09,330400,13.17,1370,6141.54
1490,嘉兴市,菠菜,2017-10,330400,12.33,1305,5266.51
1491,嘉兴市,菠菜,2017-11,330400,13.67,923,4091.45
1492,嘉兴市,菠菜,2017-12,330400,13.99,325,1519.75
1493,嘉兴市,菠菜,2018-01,330400,16.34,1181,6347.67
1494,嘉兴市,菠菜,2018-02,330400,21.99,543,3534.19
1495,嘉兴市,菠菜,2018-03,330400,22.0,1346,9873.95
1496,嘉兴市,菠菜,2018-04,330400,19.0,1937,11996.53
1497,嘉兴市,菠菜,2018-05,330400,16.84,624,3498.98
1498,嘉兴市,菠菜,2018-06,330400,14.67,1777,9056.2
1499,嘉兴市,菠菜,2018-07,330400,11.51,1530,5792.1
1500,嘉兴市,菠菜,2018-08,330400,13.84,967,4681.11
1501,嘉兴市,菠菜,2018-09,330400,15.17,1204,6081.58
1502,嘉兴市,菠菜,2018-10,330400,14.83,2217,10966.0
1503,嘉兴市,菠菜,2018-11,330400,12.5,1773,7400.75
1504,嘉兴市,菠菜,2018-12,330400,12.67,1224,5186.64
1505,嘉兴市,菠菜,2019-01,330400,17.17,1720,9308.13
1506,嘉兴市,菠菜,2019-02,330400,22.0,1145,8239.92
1507,嘉兴市,菠菜,2019-03,330400,18.67,1069,10047.61
1508,嘉兴市,韭菜,2016-12,330400,132.32999999999998,394,26045.25
1509,嘉兴市,韭菜,2017-01,330400,198.99,1315,87223.95
1510,嘉兴市,韭菜,2017-02,330400,198.99,2453,162707.49
1511,嘉兴市,韭菜,2017-03,330400,265.32,1808,119924.64
1512,嘉兴市,韭菜,2017-04,330400,396.66,3000,198097.68
1513,嘉兴市,韭菜,2017-05,330400,264.0,2529,166914.0
1514,嘉兴市,韭菜,2017-06,330400,198.99,1901,126093.33
1515,嘉兴市,韭菜,2017-07,330400,198.99,495,32833.35
1516,嘉兴市,韭菜,2017-08,330400,197.66,1477,97349.63
1517,嘉兴市,韭菜,2017-09,330400,198.99,945,62681.85
1518,嘉兴市,韭菜,2017-10,330400,198.99,1147,76080.51000000001
1519,嘉兴市,韭菜,2017-11,330400,198.99,1747,115878.51
1520,嘉兴市,韭菜,2017-12,330400,199.0,1984,131308.05
1521,嘉兴市,韭菜,2018-01,330400,199.0,1043,69137.87
1522,嘉兴市,韭菜,2018-02,330400,199.0,1879,124793.11
1523,嘉兴市,韭菜,2018-03,330400,202.33,1473,98951.97
1524,嘉兴市,韭菜,2018-04,330400,200.33,397,26320.83
1525,嘉兴市,韭菜,2018-05,330400,197.67,1877,123671.46
1526,嘉兴市,韭菜,2018-06,330400,199.33,1627,108269.11
1527,嘉兴市,韭菜,2018-07,330400,202.99,1600,107826.0
1528,嘉兴市,韭菜,2018-08,330400,207.99,1602,111066.66
1529,嘉兴市,韭菜,2018-09,330400,207.99,1706,118276.98
1530,嘉兴市,韭菜,2018-10,330400,207.99,1568,108709.44
1531,嘉兴市,韭菜,2018-11,330400,207.99,1028,71271.24
1532,嘉兴市,韭菜,2018-12,330400,206.67,1205,82881.98999999999
1533,嘉兴市,韭菜,2019-01,330400,204.67,1418,96729.52
1534,嘉兴市,韭菜,2019-02,330400,204.0,1570,106760.0
1535,嘉兴市,韭菜,2019-03,330400,136.0,601,40868.0
1536,嘉兴市,胡萝卜,2016-12,330400,6.34,1123,3559.91
1537,嘉兴市,胡萝卜,2017-01,330400,9.67,1091,3547.91
1538,嘉兴市,胡萝卜,2017-02,330400,10.66,1022,3696.59
1539,嘉兴市,胡萝卜,2017-03,330400,14.5,1815,6458.96
1540,嘉兴市,胡萝卜,2017-04,330400,19.66,2340,7675.4000000000015
1541,嘉兴市,胡萝卜,2017-05,330400,12.51,2231,7027.730000000001
1542,嘉兴市,胡萝卜,2017-06,330400,8.83,1239,3570.63
1543,嘉兴市,胡萝卜,2017-07,330400,8.49,444,1256.52
1544,嘉兴市,胡萝卜,2017-08,330400,8.49,1960,5546.8
1545,嘉兴市,胡萝卜,2017-09,330400,8.49,825,2334.75
1546,嘉兴市,胡萝卜,2017-10,330400,8.49,682,1930.06
1547,嘉兴市,胡萝卜,2017-11,330400,8.49,1132,3203.56
1548,嘉兴市,胡萝卜,2017-12,330400,8.49,1240,3509.2
1549,嘉兴市,胡萝卜,2018-01,330400,9.17,1260,3890.5
1550,嘉兴市,胡萝卜,2018-02,330400,9.67,552,1756.24
1551,嘉兴市,胡萝卜,2018-03,330400,9.67,710,2286.38
1552,嘉兴市,胡萝卜,2018-04,330400,10.33,2135,7315.59
1553,嘉兴市,胡萝卜,2018-05,330400,10.5,1751,6209.76
1554,嘉兴市,胡萝卜,2018-06,330400,9.81,1038,3394.26
1555,嘉兴市,胡萝卜,2018-07,330400,9.3,1168,3682.68
1556,嘉兴市,胡萝卜,2018-08,330400,9.81,1468,4800.36
1557,嘉兴市,胡萝卜,2018-09,330400,9.81,608,1988.16
1558,嘉兴市,胡萝卜,2018-10,330400,9.81,1575,5150.25
1559,嘉兴市,胡萝卜,2018-11,330400,9.81,1439,4705.530000000002
1560,嘉兴市,胡萝卜,2018-12,330400,9.81,1585,5182.95
1561,嘉兴市,胡萝卜,2019-01,330400,9.81,1494,4885.38
1562,嘉兴市,胡萝卜,2019-02,330400,9.93,2284,7565.700000000002
1563,嘉兴市,胡萝卜,2019-03,330400,7.34,1660,6092.200000000002
1564,嘉兴市,西兰花,2016-12,330400,81.34,1130,45957.10000000001
1565,嘉兴市,西兰花,2017-01,330400,122.01,1258,51162.86
1566,嘉兴市,西兰花,2017-02,330400,122.01,1412,57426.04
1567,嘉兴市,西兰花,2017-03,330400,162.68,2368,96306.56
1568,嘉兴市,西兰花,2017-04,330400,244.02,3434,139660.78
1569,嘉兴市,西兰花,2017-05,330400,162.68,2911,118390.37
1570,嘉兴市,西兰花,2017-06,330400,122.01,2271,92361.57
1571,嘉兴市,西兰花,2017-07,330400,122.01,923,37538.41
1572,嘉兴市,西兰花,2017-08,330400,122.01,1251,50878.17
1573,嘉兴市,西兰花,2017-09,330400,122.01,1886,76703.62000000001
1574,嘉兴市,西兰花,2017-10,330400,122.01,1210,49210.7
1575,嘉兴市,西兰花,2017-11,330400,122.01,2463,100170.21
1576,嘉兴市,西兰花,2017-12,330400,122.01,1735,70562.45000000001
1577,嘉兴市,西兰花,2018-01,330400,122.01,1214,49373.38000000001
1578,嘉兴市,西兰花,2018-02,330400,122.01,1827,74304.09
1579,嘉兴市,西兰花,2018-03,330400,122.01,1281,52098.27
1580,嘉兴市,西兰花,2018-04,330400,122.01,1043,42418.81
1581,嘉兴市,西兰花,2018-05,330400,121.34,1234,49794.83
1582,嘉兴市,西兰花,2018-06,330400,120.0,1706,68240.0
1583,嘉兴市,西兰花,2018-07,330400,120.0,464,18560.0
1584,嘉兴市,西兰花,2018-08,330400,120.0,1677,67080.0
1585,嘉兴市,西兰花,2018-09,330400,120.0,1175,47000.0
1586,嘉兴市,西兰花,2018-10,330400,120.67,1786,71789.74
1587,嘉兴市,西兰花,2018-11,330400,122.01,1013,41198.710000000014
1588,嘉兴市,西兰花,2018-12,330400,122.01,1951,79347.17
1589,嘉兴市,西兰花,2019-01,330400,122.01,1505,61208.35000000001
1590,嘉兴市,西兰花,2019-02,330400,129.0,1222,52700.0
1591,嘉兴市,西兰花,2019-03,330400,84.33,668,28140.81
1592,嘉兴市,油麦菜,2016-12,330400,15.66,399,3124.17
1593,嘉兴市,油麦菜,2017-01,330400,23.17,1456,11063.41
1594,嘉兴市,油麦菜,2017-02,330400,24.67,1576,12959.76
1595,嘉兴市,油麦菜,2017-03,330400,33.67,1216,10252.52
1596,嘉兴市,油麦菜,2017-04,330400,51.0,1471,12503.5
1597,嘉兴市,油麦菜,2017-05,330400,36.33,2136,19947.21
1598,嘉兴市,油麦菜,2017-06,330400,30.0,1628,16280.0
1599,嘉兴市,油麦菜,2017-07,330400,30.0,1275,12750.0
1600,嘉兴市,油麦菜,2017-08,330400,30.67,648,6635.44
1601,嘉兴市,油麦菜,2017-09,330400,30.51,1543,15692.31
1602,嘉兴市,油麦菜,2017-10,330400,29.17,1008,9761.92
1603,嘉兴市,油麦菜,2017-11,330400,27.83,773,7132.72
1604,嘉兴市,油麦菜,2017-12,330400,26.83,655,5861.85
1605,嘉兴市,油麦菜,2018-01,330400,26.66,1253,11134.37
1606,嘉兴市,油麦菜,2018-02,330400,27.84,1915,17712.26
1607,嘉兴市,油麦菜,2018-03,330400,28.5,2514,23871.27
1608,嘉兴市,油麦菜,2018-04,330400,27.99,1785,16654.050000000007
1609,嘉兴市,油麦菜,2018-05,330400,28.0,1257,11758.95
1610,嘉兴市,油麦菜,2018-06,330400,28.33,986,9255.48
1611,嘉兴市,油麦菜,2018-07,330400,28.5,1290,12255.0
1612,嘉兴市,油麦菜,2018-08,330400,28.84,995,9574.05
1613,嘉兴市,油麦菜,2018-09,330400,27.5,2045,18845.76
1614,嘉兴市,油麦菜,2018-10,330400,27.17,860,7758.19
1615,嘉兴市,油麦菜,2018-11,330400,26.5,1202,10614.87
1616,嘉兴市,油麦菜,2018-12,330400,26.01,1820,15779.399999999998
1617,嘉兴市,油麦菜,2019-01,330400,26.01,2111,18302.37
1618,嘉兴市,油麦菜,2019-02,330400,25.34,1535,12788.91
1619,嘉兴市,油麦菜,2019-03,330400,16.34,847,6919.99
1620,嘉兴市,蒜黄,2016-12,330400,8.17,1025,4221.04
1621,嘉兴市,蒜黄,2017-01,330400,11.67,2213,8630.24
1622,嘉兴市,蒜黄,2017-02,330400,12.33,626,2598.44
1623,嘉兴市,蒜黄,2017-03,330400,13.01,1582,5162.120000000001
1624,嘉兴市,蒜黄,2017-04,330400,19.02,3428,10866.76
1625,嘉兴市,蒜黄,2017-05,330400,15.99,2154,8614.470000000001
1626,嘉兴市,蒜黄,2017-06,330400,13.17,1491,6259.05
1627,嘉兴市,蒜黄,2017-07,330400,15.33,2100,10810.8
1628,嘉兴市,蒜黄,2017-08,330400,17.33,1124,6408.44
1629,嘉兴市,蒜黄,2017-09,330400,16.5,1894,10418.7
1630,嘉兴市,蒜黄,2017-10,330400,17.009999999999998,362,2052.54
1631,嘉兴市,蒜黄,2017-11,330400,13.84,1904,8939.63
1632,嘉兴市,蒜黄,2017-12,330400,13.17,1237,5556.93
1633,嘉兴市,蒜黄,2018-01,330400,15.0,1305,6448.84
1634,嘉兴市,蒜黄,2018-02,330400,17.5,1572,9064.85
1635,嘉兴市,蒜黄,2018-03,330400,12.5,1082,4476.45
1636,嘉兴市,蒜黄,2018-04,330400,11.0,2043,7470.48
1637,嘉兴市,蒜黄,2018-05,330400,12.33,687,2712.31
1638,嘉兴市,蒜黄,2018-06,330400,13.67,1696,7866.259999999998
1639,嘉兴市,蒜黄,2018-07,330400,14.17,2127,10005.57
1640,嘉兴市,蒜黄,2018-08,330400,16.33,1317,7315.03
1641,嘉兴市,蒜黄,2018-09,330400,17.16,1813,10412.71
1642,嘉兴市,蒜黄,2018-10,330400,19.0,1326,8916.0
1643,嘉兴市,蒜黄,2018-11,330400,14.26,1358,6420.06
1644,嘉兴市,蒜黄,2018-12,330400,13.84,1688,7720.44
1645,嘉兴市,蒜黄,2019-01,330400,14.01,1424,6650.08
1646,嘉兴市,蒜黄,2019-02,330400,16.5,1647,9415.4
1647,嘉兴市,蒜黄,2019-03,330400,9.34,396,1849.32
1648,嘉兴市,上海青,2016-12,330400,11.34,1267,7183.89
1649,嘉兴市,上海青,2017-01,330400,17.009999999999998,920,5216.4
1650,嘉兴市,上海青,2017-02,330400,17.009999999999998,1309,7422.03
1651,嘉兴市,上海青,2017-03,330400,22.68,2839,16097.13
1652,嘉兴市,上海青,2017-04,330400,34.68,3785,21735.84
1653,嘉兴市,上海青,2017-05,330400,23.0,1136,6737.43
1654,嘉兴市,上海青,2017-06,330400,17.009999999999998,2168,12292.56
1655,嘉兴市,上海青,2017-07,330400,17.009999999999998,2315,13126.05
1656,嘉兴市,上海青,2017-08,330400,17.17,2295,13133.13
1657,嘉兴市,上海青,2017-09,330400,17.009999999999998,942,5341.1399999999985
1658,嘉兴市,上海青,2017-10,330400,17.009999999999998,1507,8544.69
1659,嘉兴市,上海青,2017-11,330400,17.17,788,4544.28
1660,嘉兴市,上海青,2017-12,330400,17.009999999999998,720,4082.4
1661,嘉兴市,上海青,2018-01,330400,17.5,1618,9522.64
1662,嘉兴市,上海青,2018-02,330400,17.83,1272,7495.49
1663,嘉兴市,上海青,2018-03,330400,17.67,2114,12434.52
1664,嘉兴市,上海青,2018-04,330400,16.33,2327,12467.83
1665,嘉兴市,上海青,2018-05,330400,15.33,482,2520.55
1666,嘉兴市,上海青,2018-06,330400,14.66,1671,8216.62
1667,嘉兴市,上海青,2018-07,330400,14.17,1551,7253.73
1668,嘉兴市,上海青,2018-08,330400,14.66,1914,9391.5
1669,嘉兴市,上海青,2018-09,330400,15.66,1544,8149.0
1670,嘉兴市,上海青,2018-10,330400,16.33,1774,9603.53
1671,嘉兴市,上海青,2018-11,330400,18.0,1060,6360.0
1672,嘉兴市,上海青,2018-12,330400,18.33,1361,8390.07
1673,嘉兴市,上海青,2019-01,330400,18.0,1274,7505.790000000001
1674,嘉兴市,上海青,2019-02,330400,19.16,1473,9475.22
1675,嘉兴市,上海青,2019-03,330400,12.0,1033,6198.0
1676,嘉兴市,香菜,2016-12,330400,8.17,1032,4280.15
1677,嘉兴市,香菜,2017-01,330400,14.5,1587,7284.5
1678,嘉兴市,香菜,2017-02,330400,17.67,2400,14035.82
1679,嘉兴市,香菜,2017-03,330400,17.67,2751,12315.73
1680,嘉兴市,香菜,2017-04,330400,23.32,1441,5610.15
1681,嘉兴市,香菜,2017-05,330400,14.18,1685,5884.95
1682,嘉兴市,香菜,2017-06,330400,9.0,1326,4130.49
1683,嘉兴市,香菜,2017-07,330400,10.0,1569,5256.67
1684,嘉兴市,香菜,2017-08,330400,12.5,1950,8169.08
1685,嘉兴市,香菜,2017-09,330400,12.17,1675,7005.28
1686,嘉兴市,香菜,2017-10,330400,12.5,1636,6902.34
1687,嘉兴市,香菜,2017-11,330400,13.0,779,3425.94
1688,嘉兴市,香菜,2017-12,330400,12.17,1243,4972.0
1689,嘉兴市,香菜,2018-01,330400,13.67,1056,4772.4
1690,嘉兴市,香菜,2018-02,330400,17.0,1702,9835.25
1691,嘉兴市,香菜,2018-03,330400,15.33,1960,10022.75
1692,嘉兴市,香菜,2018-04,330400,13.5,1878,8404.42
1693,嘉兴市,香菜,2018-05,330400,11.17,1771,6676.21
1694,嘉兴市,香菜,2018-06,330400,9.5,1879,6010.5
1695,嘉兴市,香菜,2018-07,330400,10.5,1882,6640.46
1696,嘉兴市,香菜,2018-08,330400,12.83,1170,4925.9
1697,嘉兴市,香菜,2018-09,330400,14.66,1833,8890.619999999999
1698,嘉兴市,香菜,2018-10,330400,13.83,1124,5552.16
1699,嘉兴市,香菜,2018-11,330400,11.66,1690,6517.41
1700,嘉兴市,香菜,2018-12,330400,13.0,2056,8818.33
1701,嘉兴市,香菜,2019-01,330400,15.83,1075,5537.5
1702,嘉兴市,香菜,2019-02,330400,21.17,1098,8005.0
1703,嘉兴市,香菜,2019-03,330400,10.66,1087,5793.71
1704,嘉兴市,豆角,2016-12,330400,7.67,1421,5387.0
1705,嘉兴市,豆角,2017-01,330400,11.01,569,2088.23
1706,嘉兴市,豆角,2017-02,330400,11.17,2411,9093.09
1707,嘉兴市,豆角,2017-03,330400,13.01,2501,8022.219999999998
1708,嘉兴市,豆角,2017-04,330400,18.0,3447,10386.39
1709,嘉兴市,豆角,2017-05,330400,11.16,2221,6269.91
1710,嘉兴市,豆角,2017-06,330400,9.0,2508,7553.07
1711,嘉兴市,豆角,2017-07,330400,10.17,1247,4234.15
1712,嘉兴市,豆角,2017-08,330400,13.16,1778,8191.38
1713,嘉兴市,豆角,2017-09,330400,14.66,1620,7930.0
1714,嘉兴市,豆角,2017-10,330400,13.33,1440,6432.6
1715,嘉兴市,豆角,2017-11,330400,11.83,1344,5063.56
1716,嘉兴市,豆角,2017-12,330400,10.16,829,2822.96
1717,嘉兴市,豆角,2018-01,330400,10.84,1061,3837.43
1718,嘉兴市,豆角,2018-02,330400,12.0,1026,4104.0
1719,嘉兴市,豆角,2018-03,330400,10.33,967,3198.85
1720,嘉兴市,豆角,2018-04,330400,8.66,1821,5267.67
1721,嘉兴市,豆角,2018-05,330400,9.0,1370,4110.0
1722,嘉兴市,豆角,2018-06,330400,10.67,1209,4190.53
1723,嘉兴市,豆角,2018-07,330400,11.01,1953,7167.509999999998
1724,嘉兴市,豆角,2018-08,330400,11.33,1913,7189.35
1725,嘉兴市,豆角,2018-09,330400,11.83,1934,7591.5
1726,嘉兴市,豆角,2018-10,330400,11.33,1768,6769.440000000001
1727,嘉兴市,豆角,2018-11,330400,10.17,1048,3824.08
1728,嘉兴市,豆角,2018-12,330400,9.83,550,1809.02
1729,嘉兴市,豆角,2019-01,330400,11.34,1654,6390.61
1730,嘉兴市,豆角,2019-02,330400,12.83,1450,6259.780000000002
1731,嘉兴市,豆角,2019-03,330400,8.5,1091,4940.41
1732,嘉兴市,小葱,2017-01,330400,21.76,1772,7745.400000000002
1733,嘉兴市,小葱,2017-02,330400,14.63,1781,6368.79
1734,嘉兴市,小葱,2017-03,330400,12.99,2967,9647.84
1735,嘉兴市,小葱,2017-04,330400,16.39,3630,11882.76
1736,嘉兴市,小葱,2017-05,330400,21.91,2725,8468.85
1737,嘉兴市,小葱,2017-06,330400,13.19,1990,6712.13
1738,嘉兴市,小葱,2017-07,330400,15.91,2489,9897.29
1739,嘉兴市,小葱,2017-08,330400,21.9,2794,12497.69
1740,嘉兴市,小葱,2017-09,330400,19.6,2248,11187.55
1741,嘉兴市,小葱,2017-10,330400,25.24,2657,13350.93
1742,嘉兴市,小葱,2017-11,330400,20.23,1232,6269.71
1743,嘉兴市,小葱,2017-12,330400,21.62,2289,12384.97
1744,嘉兴市,小葱,2018-01,330400,26.62,1760,9344.53
1745,嘉兴市,小葱,2018-02,330400,21.39,1370,7297.2
1746,嘉兴市,小葱,2018-03,330400,19.66,1679,8251.52
1747,嘉兴市,小葱,2018-04,330400,18.81,2073,9829.33
1748,嘉兴市,小葱,2018-05,330400,22.36,1590,7094.31
1749,嘉兴市,小葱,2018-06,330400,17.52,1659,7265.269999999998
1750,嘉兴市,小葱,2018-07,330400,22.87,2813,12785.87
1751,嘉兴市,小葱,2018-08,330400,21.26,1700,8958.8
1752,嘉兴市,小葱,2018-09,330400,21.69,2724,14781.27
1753,嘉兴市,小葱,2018-10,330400,26.75,2015,10791.45
1754,嘉兴市,小葱,2018-11,330400,21.16,1962,10432.34
1755,嘉兴市,小葱,2018-12,330400,20.1,2753,13821.0
1756,嘉兴市,小葱,2019-01,330400,26.19,1996,10587.65
1757,嘉兴市,小葱,2019-02,330400,19.44,1770,8799.4
1758,嘉兴市,小葱,2019-03,330400,13.77,697,3148.11
1759,嘉兴市,西红柿,2016-12,330400,72.0,766,27724.5
1760,嘉兴市,西红柿,2017-01,330400,108.33,1122,40683.06
1761,嘉兴市,西红柿,2017-02,330400,103.33,1783,60514.71
1762,嘉兴市,西红柿,2017-03,330400,129.32,3074,99382.42
1763,嘉兴市,西红柿,2017-04,330400,199.32,2602,85529.75
1764,嘉兴市,西红柿,2017-05,330400,125.34,1640,51516.7
1765,嘉兴市,西红柿,2017-06,330400,91.66,850,25830.08
1766,嘉兴市,西红柿,2017-07,330400,91.66,1717,52108.77
1767,嘉兴市,西红柿,2017-08,330400,94.34,1703,53447.59
1768,嘉兴市,西红柿,2017-09,330400,96.01,234,7450.78
1769,嘉兴市,西红柿,2017-10,330400,99.01,1778,58623.26
1770,嘉兴市,西红柿,2017-11,330400,95.67,1796,57225.49000000001
1771,嘉兴市,西红柿,2017-12,330400,95.67,1564,49950.32
1772,嘉兴市,西红柿,2018-01,330400,95.01,1565,49563.55
1773,嘉兴市,西红柿,2018-02,330400,104.0,1390,48588.0
1774,嘉兴市,西红柿,2018-03,330400,102.99,1869,64162.77
1775,嘉兴市,西红柿,2018-04,330400,98.33,1274,41549.42
1776,嘉兴市,西红柿,2018-05,330400,94.34,2075,65145.08
1777,嘉兴市,西红柿,2018-06,330400,95.0,972,30723.79
1778,嘉兴市,西红柿,2018-07,330400,96.67,1559,50454.19
1779,嘉兴市,西红柿,2018-08,330400,98.01,1377,44986.59
1780,嘉兴市,西红柿,2018-09,330400,98.33,1761,57216.83
1781,嘉兴市,西红柿,2018-10,330400,97.34,1504,49097.49000000001
1782,嘉兴市,西红柿,2018-11,330400,95.34,2331,74141.88
1783,嘉兴市,西红柿,2018-12,330400,95.67,1673,53463.73
1784,嘉兴市,西红柿,2019-01,330400,95.67,1033,33023.99
1785,嘉兴市,西红柿,2019-02,330400,103.33,1715,61105.03
1786,嘉兴市,西红柿,2019-03,330400,64.0,1575,50400.0
1787,嘉兴市,茼蒿,2016-12,330400,6.5,1275,4155.03
1788,嘉兴市,茼蒿,2017-01,330400,10.0,1919,6355.48
1789,嘉兴市,茼蒿,2017-02,330400,9.67,2013,6558.87
1790,嘉兴市,茼蒿,2017-03,330400,14.01,2076,7280.84
1791,嘉兴市,茼蒿,2017-04,330400,22.0,2210,7958.3
1792,嘉兴市,茼蒿,2017-05,330400,15.32,2645,10130.35
1793,嘉兴市,茼蒿,2017-06,330400,11.0,825,3022.98
1794,嘉兴市,茼蒿,2017-07,330400,10.0,1525,5191.0
1795,嘉兴市,茼蒿,2017-08,330400,9.2,1220,3782.78
1796,嘉兴市,茼蒿,2017-09,330400,9.5,1471,4791.08
1797,嘉兴市,茼蒿,2017-10,330400,9.93,1591,5254.35
1798,嘉兴市,茼蒿,2017-11,330400,9.71,1428,4634.06
1799,嘉兴市,茼蒿,2017-12,330400,9.71,1173,3785.51
1800,嘉兴市,茼蒿,2018-01,330400,9.84,1612,5183.63
1801,嘉兴市,茼蒿,2018-02,330400,12.5,1128,4599.65
1802,嘉兴市,茼蒿,2018-03,330400,12.84,1644,7019.16
1803,嘉兴市,茼蒿,2018-04,330400,13.0,1097,4685.54
1804,嘉兴市,茼蒿,2018-05,330400,11.67,1429,5448.73
1805,嘉兴市,茼蒿,2018-06,330400,9.1,1196,3693.35
1806,嘉兴市,茼蒿,2018-07,330400,8.01,1566,4181.219999999998
1807,嘉兴市,茼蒿,2018-08,330400,8.83,1331,3934.01
1808,嘉兴市,茼蒿,2018-09,330400,9.67,1952,6314.72
1809,嘉兴市,茼蒿,2018-10,330400,9.51,1082,3429.94
1810,嘉兴市,茼蒿,2018-11,330400,9.67,1868,6054.68
1811,嘉兴市,茼蒿,2018-12,330400,9.34,921,2899.34
1812,嘉兴市,茼蒿,2019-01,330400,9.51,1080,3423.6
1813,嘉兴市,茼蒿,2019-02,330400,10.34,1826,6339.54
1814,嘉兴市,茼蒿,2019-03,330400,7.17,932,3316.91
1815,嘉兴市,香菇,2016-12,330400,9.83,925,4490.190000000001
1816,嘉兴市,香菇,2017-01,330400,14.66,1824,8956.29
1817,嘉兴市,香菇,2017-02,330400,16.33,838,4475.04
1818,嘉兴市,香菇,2017-03,330400,19.5,1330,6715.579999999999
1819,嘉兴市,香菇,2017-04,330400,28.98,2879,13905.570000000003
1820,嘉兴市,香菇,2017-05,330400,18.5,2377,11043.71
1821,嘉兴市,香菇,2017-06,330400,13.5,835,3628.9800000000014
1822,嘉兴市,香菇,2017-07,330400,14.17,1493,7000.629999999999
1823,嘉兴市,香菇,2017-08,330400,15.0,1141,5705.0
1824,嘉兴市,香菇,2017-09,330400,15.0,719,3595.0
1825,嘉兴市,香菇,2017-10,330400,14.33,1770,8459.34
1826,嘉兴市,香菇,2017-11,330400,14.33,876,4216.84
1827,嘉兴市,香菇,2017-12,330400,14.01,1592,7434.6399999999985
1828,嘉兴市,香菇,2018-01,330400,14.66,1774,8644.24
1829,嘉兴市,香菇,2018-02,330400,21.34,2032,14522.75
1830,嘉兴市,香菇,2018-03,330400,17.990000000000006,1442,8569.86
1831,嘉兴市,香菇,2018-04,330400,18.17,1190,7299.76
1832,嘉兴市,香菇,2018-05,330400,17.33,1531,8554.89
1833,嘉兴市,香菇,2018-06,330400,17.0,1369,7560.309999999998
1834,嘉兴市,香菇,2018-07,330400,16.33,2278,12458.62
1835,嘉兴市,香菇,2018-08,330400,17.33,1505,8493.33
1836,嘉兴市,香菇,2018-09,330400,19.67,2518,16486.68
1837,嘉兴市,香菇,2018-10,330400,21.67,1754,12740.97
1838,嘉兴市,香菇,2018-11,330400,20.67,1433,9839.27
1839,嘉兴市,香菇,2018-12,330400,19.17,2076,13285.8
1840,嘉兴市,香菇,2019-01,330400,19.34,719,4415.17
1841,嘉兴市,香菇,2019-02,330400,21.66,1036,7406.99
1842,嘉兴市,香菇,2019-03,330400,14.83,970,7254.09
1843,嘉兴市,木耳,2017-01,330400,60.75,3367,40971.1
1844,嘉兴市,木耳,2017-02,330400,45.35,1611,17900.65
1845,嘉兴市,木耳,2017-03,330400,42.3,2817,29786.1
1846,嘉兴市,木耳,2017-04,330400,51.8,1361,14033.600000000002
1847,嘉兴市,木耳,2017-05,330400,68.4,2608,25619.95
1848,嘉兴市,木耳,2017-06,330400,37.15,1579,14571.45
1849,嘉兴市,木耳,2017-07,330400,37.95,1791,16978.0
1850,嘉兴市,木耳,2017-08,330400,50.15,1708,17129.4
1851,嘉兴市,木耳,2017-09,330400,39.8,2364,23627.75
1852,嘉兴市,木耳,2017-10,330400,46.7,1178,10999.35
1853,嘉兴市,木耳,2017-11,330400,38.25,2938,28035.15
1854,嘉兴市,木耳,2017-12,330400,43.0,1949,20392.65
1855,嘉兴市,木耳,2018-01,330400,53.5,2352,25122.55
1856,嘉兴市,木耳,2018-02,330400,39.85,1006,9707.1
1857,嘉兴市,木耳,2018-03,330400,31.35,2167,17102.300000000007
1858,嘉兴市,木耳,2018-04,330400,29.5,2212,16281.7
1859,嘉兴市,木耳,2018-05,330400,36.8,2167,16207.5
1860,嘉兴市,木耳,2018-06,330400,32.800000000000004,1846,15211.750000000002
1861,嘉兴市,木耳,2018-07,330400,45.7,2739,24618.8
1862,嘉兴市,木耳,2018-08,330400,39.4,2671,26309.35
1863,嘉兴市,木耳,2018-09,330400,48.45,2154,25561.05
1864,嘉兴市,木耳,2018-10,330400,54.9,1480,16814.5
1865,嘉兴市,木耳,2018-11,330400,40.15,2517,25425.75
1866,嘉兴市,木耳,2018-12,330400,40.48,968,9851.48
1867,嘉兴市,木耳,2019-01,330400,51.35,2286,23415.4
1868,嘉兴市,木耳,2019-02,330400,37.6,1255,11679.0
1869,嘉兴市,木耳,2019-03,330400,30.6,1650,17038.4
1870,嘉兴市,蒜苔,2016-12,330400,9.34,1369,6393.23
1871,嘉兴市,蒜苔,2017-01,330400,15.33,1041,5319.18
1872,嘉兴市,蒜苔,2017-02,330400,17.17,653,3716.11
1873,嘉兴市,蒜苔,2017-03,330400,21.83,2100,11452.42
1874,嘉兴市,蒜苔,2017-04,330400,27.68,1673,8140.54
1875,嘉兴市,蒜苔,2017-05,330400,16.5,954,3862.22
1876,嘉兴市,蒜苔,2017-06,330400,10.84,1294,4658.03
1877,嘉兴市,蒜苔,2017-07,330400,10.33,2119,7235.09
1878,嘉兴市,蒜苔,2017-08,330400,13.17,1375,6168.3600000000015
1879,嘉兴市,蒜苔,2017-09,330400,14.01,1636,7640.119999999999
1880,嘉兴市,蒜苔,2017-10,330400,13.83,2108,9921.3
1881,嘉兴市,蒜苔,2017-11,330400,14.17,1043,4891.45
1882,嘉兴市,蒜苔,2017-12,330400,13.5,1838,8271.0
1883,嘉兴市,蒜苔,2018-01,330400,13.5,1719,7735.5
1884,嘉兴市,蒜苔,2018-02,330400,15.49,499,2572.67
1885,嘉兴市,蒜苔,2018-03,330400,14.66,2448,11984.490000000002
1886,嘉兴市,蒜苔,2018-04,330400,13.33,1592,6691.280000000002
1887,嘉兴市,蒜苔,2018-05,330400,13.34,1774,7989.5
1888,嘉兴市,蒜苔,2018-06,330400,11.17,2197,8354.27
1889,嘉兴市,蒜苔,2018-07,330400,11.16,1308,4870.05
1890,嘉兴市,蒜苔,2018-08,330400,12.17,1816,7455.42
1891,嘉兴市,蒜苔,2018-09,330400,13.5,1440,6391.09
1892,嘉兴市,蒜苔,2018-10,330400,17.009999999999998,1880,10659.6
1893,嘉兴市,蒜苔,2018-11,330400,16.17,2800,15118.06
1894,嘉兴市,蒜苔,2018-12,330400,14.83,1852,9298.9
1895,嘉兴市,蒜苔,2019-01,330400,16.67,2100,11700.96
1896,嘉兴市,蒜苔,2019-02,330400,18.5,1877,11638.71
1897,嘉兴市,蒜苔,2019-03,330400,11.66,688,4011.04
1898,嘉兴市,芹菜,2016-12,330400,76.0,1180,44840.0
1899,嘉兴市,芹菜,2017-01,330400,113.67,2606,98784.13
1900,嘉兴市,芹菜,2017-02,330400,115.33,2213,85015.66
1901,嘉兴市,芹菜,2017-03,330400,156.99,2134,83704.5
1902,嘉兴市,芹菜,2017-04,330400,235.32,3009,117985.59
1903,嘉兴市,芹菜,2017-05,330400,157.32,2103,82710.98999999999
1904,嘉兴市,芹菜,2017-06,330400,115.99,1737,67108.20999999999
1905,嘉兴市,芹菜,2017-07,330400,115.33,594,22883.96
1906,嘉兴市,芹菜,2017-08,330400,115.33,1264,48643.6
1907,嘉兴市,芹菜,2017-09,330400,114.33,1187,45209.29
1908,嘉兴市,芹菜,2017-10,330400,115.33,1825,70179.03
1909,嘉兴市,芹菜,2017-11,330400,115.33,1679,64552.25
1910,嘉兴市,芹菜,2017-12,330400,114.66,1278,48860.01
1911,嘉兴市,芹菜,2018-01,330400,114.99,1383,53010.39
1912,嘉兴市,芹菜,2018-02,330400,116.33,909,35102.59
1913,嘉兴市,芹菜,2018-03,330400,113.66,758,28976.58
1914,嘉兴市,芹菜,2018-04,330400,107.99,1210,44337.3
1915,嘉兴市,芹菜,2018-05,330400,105.33,1722,60560.07
1916,嘉兴市,芹菜,2018-06,330400,107.0,1944,69293.05
1917,嘉兴市,芹菜,2018-07,330400,107.34,1771,63330.96
1918,嘉兴市,芹菜,2018-08,330400,106.66,2179,77512.7
1919,嘉兴市,芹菜,2018-09,330400,106.99,1453,51721.49
1920,嘉兴市,芹菜,2018-10,330400,106.99,2274,80898.42
1921,嘉兴市,芹菜,2018-11,330400,105.99,1120,39569.599999999984
1922,嘉兴市,芹菜,2018-12,330400,105.99,549,19396.17
1923,嘉兴市,芹菜,2019-01,330400,105.99,831,29359.23
1924,嘉兴市,芹菜,2019-02,330400,107.33,1038,37305.69
1925,嘉兴市,芹菜,2019-03,330400,70.66,789,27875.37
1926,嘉兴市,红薯,2016-12,330400,10.14,579,2935.53
1927,嘉兴市,红薯,2017-01,330400,14.84,624,3147.03
1928,嘉兴市,红薯,2017-02,330400,13.2,1676,7525.969999999998
1929,嘉兴市,红薯,2017-03,330400,15.83,1949,7715.44
1930,嘉兴市,红薯,2017-04,330400,22.72,2489,9398.42
1931,嘉兴市,红薯,2017-05,330400,14.52,1387,5034.81
1932,嘉兴市,红薯,2017-06,330400,10.5,1006,3521.0
1933,嘉兴市,红薯,2017-07,330400,12.44,1378,5693.71
1934,嘉兴市,红薯,2017-08,330400,15.1,1474,7428.9
1935,嘉兴市,红薯,2017-09,330400,17.009999999999998,1696,9616.32
1936,嘉兴市,红薯,2017-10,330400,16.47,1244,6755.67
1937,嘉兴市,红薯,2017-11,330400,15.79,894,4742.8200000000015
1938,嘉兴市,红薯,2017-12,330400,16.4,2521,13781.4
1939,嘉兴市,红薯,2018-01,330400,16.5,1492,8206.0
1940,嘉兴市,红薯,2018-02,330400,16.5,1331,7320.5
1941,嘉兴市,红薯,2018-03,330400,15.83,750,3994.66
1942,嘉兴市,红薯,2018-04,330400,14.26,1923,9178.84
1943,嘉兴市,红薯,2018-05,330400,14.73,1102,5425.06
1944,嘉兴市,红薯,2018-06,330400,14.79,1833,9036.69
1945,嘉兴市,红薯,2018-07,330400,14.86,871,4300.68
1946,嘉兴市,红薯,2018-08,330400,16.0,1904,10074.48
1947,嘉兴市,红薯,2018-09,330400,16.5,2503,13766.5
1948,嘉兴市,红薯,2018-10,330400,16.5,1458,8019.0
1949,嘉兴市,红薯,2018-11,330400,16.5,1453,7991.5
1950,嘉兴市,红薯,2018-12,330400,16.5,2105,11577.5
1951,嘉兴市,红薯,2019-01,330400,15.99,1018,5425.940000000001
1952,嘉兴市,红薯,2019-02,330400,15.59,1870,9693.1
1953,嘉兴市,红薯,2019-03,330400,9.7,1235,5983.8899999999985
1954,嘉兴市,大蒜,2016-12,330400,10.84,452,2386.84
1955,嘉兴市,大蒜,2017-01,330400,13.17,1725,7974.559999999998
1956,嘉兴市,大蒜,2017-02,330400,13.67,1754,8027.299999999998
1957,嘉兴市,大蒜,2017-03,330400,17.009999999999998,2554,10748.19
1958,嘉兴市,大蒜,2017-04,330400,24.02,2917,11616.39
1959,嘉兴市,大蒜,2017-05,330400,15.18,2333,8616.11
1960,嘉兴市,大蒜,2017-06,330400,13.67,2265,10257.27
1961,嘉兴市,大蒜,2017-07,330400,14.83,1525,7484.07
1962,嘉兴市,大蒜,2017-08,330400,16.33,735,3907.09
1963,嘉兴市,大蒜,2017-09,330400,15.67,1679,8766.85
1964,嘉兴市,大蒜,2017-10,330400,14.83,1614,7969.7
1965,嘉兴市,大蒜,2017-11,330400,13.0,800,3509.34
1966,嘉兴市,大蒜,2017-12,330400,12.84,1085,4535.719999999998
1967,嘉兴市,大蒜,2018-01,330400,13.67,611,2787.07
1968,嘉兴市,大蒜,2018-02,330400,17.66,1825,10790.16
1969,嘉兴市,大蒜,2018-03,330400,15.33,516,2588.7200000000007
1970,嘉兴市,大蒜,2018-04,330400,13.33,2496,11199.38
1971,嘉兴市,大蒜,2018-05,330400,12.67,753,3114.43
1972,嘉兴市,大蒜,2018-06,330400,14.17,303,1427.65
1973,嘉兴市,大蒜,2018-07,330400,14.33,610,2938.94
1974,嘉兴市,大蒜,2018-08,330400,16.0,1324,7276.4000000000015
1975,嘉兴市,大蒜,2018-09,330400,16.990000000000002,251,1447.83
1976,嘉兴市,大蒜,2018-10,330400,20.17,1767,11875.59
1977,嘉兴市,大蒜,2018-11,330400,13.16,1461,6636.04
1978,嘉兴市,大蒜,2018-12,330400,10.67,1692,6191.98
1979,嘉兴市,大蒜,2019-01,330400,13.67,1232,5660.96
1980,嘉兴市,大蒜,2019-02,330400,15.67,1489,7884.15
1981,嘉兴市,大蒜,2019-03,330400,9.34,1294,6042.98
1982,嘉兴市,生姜,2016-12,330400,30.66,692,10608.36
1983,嘉兴市,生姜,2017-01,330400,46.5,1364,21266.78
1984,嘉兴市,生姜,2017-02,330400,47.01,836,13100.12
1985,嘉兴市,生姜,2017-03,330400,61.49,2130,32691.49
1986,嘉兴市,生姜,2017-04,330400,91.98,4278,65581.73999999999
1987,嘉兴市,生姜,2017-05,330400,60.99,2569,39055.08
1988,嘉兴市,生姜,2017-06,330400,45.0,798,11970.0
1989,嘉兴市,生姜,2017-07,330400,45.0,2095,31425.0
1990,嘉兴市,生姜,2017-08,330400,45.0,2258,33870.0
1991,嘉兴市,生姜,2017-09,330400,45.0,1424,21360.0
1992,嘉兴市,生姜,2017-10,330400,45.0,1345,20175.0
1993,嘉兴市,生姜,2017-11,330400,45.0,603,9045.0
1994,嘉兴市,生姜,2017-12,330400,45.0,2433,36495.0
1995,嘉兴市,生姜,2018-01,330400,45.0,957,14355.0
1996,嘉兴市,生姜,2018-02,330400,45.33,764,11684.07
1997,嘉兴市,生姜,2018-03,330400,45.33,2504,37791.33
1998,嘉兴市,生姜,2018-04,330400,43.67,1734,25296.0
1999,嘉兴市,生姜,2018-05,330400,41.5,1294,17544.53
2000,嘉兴市,生姜,2018-06,330400,39.17,2309,30073.13
2001,嘉兴市,生姜,2018-07,330400,40.83,1645,22471.17
2002,嘉兴市,生姜,2018-08,330400,40.17,1863,24921.81
2003,嘉兴市,生姜,2018-09,330400,42.17,1001,13403.53
2004,嘉兴市,生姜,2018-10,330400,45.0,1147,17334.54
2005,嘉兴市,生姜,2018-11,330400,43.49,896,12864.18
2006,嘉兴市,生姜,2018-12,330400,42.99,2467,35352.11
2007,嘉兴市,生姜,2019-01,330400,42.99,673,9644.09
2008,嘉兴市,生姜,2019-02,330400,42.66,783,11150.1
2009,嘉兴市,生姜,2019-03,330400,28.66,926,13269.58
2010,嘉兴市,白菜,2016-12,330400,35.34,1253,22140.51
2011,嘉兴市,白菜,2017-01,330400,54.66,1709,31183.41
2012,嘉兴市,白菜,2017-02,330400,56.0,1694,31202.03
2013,嘉兴市,白菜,2017-03,330400,69.66,1564,27175.18
2014,嘉兴市,白菜,2017-04,330400,105.34,3152,55168.5
2015,嘉兴市,白菜,2017-05,330400,70.0,1436,25061.66
2016,嘉兴市,白菜,2017-06,330400,50.67,1791,30156.93
2017,嘉兴市,白菜,2017-07,330400,51.0,1759,29804.660000000003
2018,嘉兴市,白菜,2017-08,330400,53.0,1182,21068.0
2019,嘉兴市,白菜,2017-09,330400,53.33,1212,21609.64
2020,嘉兴市,白菜,2017-10,330400,51.33,1372,23409.8
2021,嘉兴市,白菜,2017-11,330400,51.0,787,13379.0
2022,嘉兴市,白菜,2017-12,330400,51.33,1001,17168.14
2023,嘉兴市,白菜,2018-01,330400,51.0,615,10455.0
2024,嘉兴市,白菜,2018-02,330400,51.66,1501,25952.6
2025,嘉兴市,白菜,2018-03,330400,50.5,1327,22373.369999999995
2026,嘉兴市,白菜,2018-04,330400,48.83,1234,20024.66
2027,嘉兴市,白菜,2018-05,330400,46.83,1880,28920.36
2028,嘉兴市,白菜,2018-06,330400,47.5,1012,16041.65
2029,嘉兴市,白菜,2018-07,330400,49.33,2621,43046.41
2030,嘉兴市,白菜,2018-08,330400,50.0,1718,28859.36
2031,嘉兴市,白菜,2018-09,330400,55.67,1869,34341.93
2032,嘉兴市,白菜,2018-10,330400,54.34,1929,34473.03
2033,嘉兴市,白菜,2018-11,330400,52.0,2016,34863.87
2034,嘉兴市,白菜,2018-12,330400,51.0,1317,22389.0
2035,嘉兴市,白菜,2019-01,330400,50.01000000000001,1131,18853.770000000004
2036,嘉兴市,白菜,2019-02,330400,50.33,1496,25062.16
2037,嘉兴市,白菜,2019-03,330400,33.34,966,16103.22
2038,嘉兴市,青椒,2016-12,330400,5.54,517,1432.09
2039,嘉兴市,青椒,2017-01,330400,9.6,1975,6320.0
2040,嘉兴市,青椒,2017-02,330400,9.6,1020,3264.0
2041,嘉兴市,青椒,2017-03,330400,12.8,1783,5705.6
2042,嘉兴市,青椒,2017-04,330400,19.200000000000006,4081,13059.2
2043,嘉兴市,青椒,2017-05,330400,12.8,1398,4473.6
2044,嘉兴市,青椒,2017-06,330400,9.6,1516,4851.200000000002
2045,嘉兴市,青椒,2017-07,330400,9.6,2195,7024.0
2046,嘉兴市,青椒,2017-08,330400,9.6,1292,4134.4000000000015
2047,嘉兴市,青椒,2017-09,330400,9.6,2384,7628.800000000001
2048,嘉兴市,青椒,2017-10,330400,9.6,2175,6960.0
2049,嘉兴市,青椒,2017-11,330400,9.6,1659,5308.8
2050,嘉兴市,青椒,2017-12,330400,9.6,1571,5027.200000000002
2051,嘉兴市,青椒,2018-01,330400,9.6,2091,6691.200000000002
2052,嘉兴市,青椒,2018-02,330400,9.6,1354,4332.8
2053,嘉兴市,青椒,2018-03,330400,9.6,2136,6835.200000000002
2054,嘉兴市,青椒,2018-04,330400,9.6,1734,5548.8
2055,嘉兴市,青椒,2018-05,330400,9.6,1465,4688.0
2056,嘉兴市,青椒,2018-06,330400,9.6,1312,4198.4000000000015
2057,嘉兴市,青椒,2018-07,330400,9.6,1107,3542.4000000000005
2058,嘉兴市,青椒,2018-08,330400,9.6,1507,4822.4000000000015
2059,嘉兴市,青椒,2018-09,330400,9.6,1931,6179.200000000002
2060,嘉兴市,青椒,2018-10,330400,9.27,2615,8061.1
2061,嘉兴市,青椒,2018-11,330400,9.47,1803,5912.06
2062,嘉兴市,青椒,2018-12,330400,9.9,1557,5138.1
2063,嘉兴市,青椒,2019-01,330400,9.9,2481,8187.299999999998
2064,嘉兴市,青椒,2019-02,330400,9.9,1492,4923.5999999999985
2065,嘉兴市,青椒,2019-03,330400,6.6,999,3296.7
2066,嘉兴市,土豆,2016-12,330400,158.0,953,75287.0
2067,嘉兴市,土豆,2017-01,330400,237.0,1006,79474.0
2068,嘉兴市,土豆,2017-02,330400,237.0,1077,85083.0
2069,嘉兴市,土豆,2017-03,330400,316.0,1260,99540.0
2070,嘉兴市,土豆,2017-04,330400,474.0,2998,236842.0
2071,嘉兴市,土豆,2017-05,330400,316.0,1119,88401.0
2072,嘉兴市,土豆,2017-06,330400,237.0,2358,186282.0
2073,嘉兴市,土豆,2017-07,330400,237.0,2029,160291.0
2074,嘉兴市,土豆,2017-08,330400,237.0,1880,148520.0
2075,嘉兴市,土豆,2017-09,330400,237.0,1266,100014.0
2076,嘉兴市,土豆,2017-10,330400,237.0,1900,150100.0
2077,嘉兴市,土豆,2017-11,330400,237.0,716,56564.0
2078,嘉兴市,土豆,2017-12,330400,237.0,1179,93141.0
2079,嘉兴市,土豆,2018-01,330400,237.0,2173,171667.0
2080,嘉兴市,土豆,2018-02,330400,237.0,2027,160133.0
2081,嘉兴市,土豆,2018-03,330400,237.0,1892,149468.0
2082,嘉兴市,土豆,2018-04,330400,237.0,1616,127664.0
2083,嘉兴市,土豆,2018-05,330400,237.0,1573,124267.0
2084,嘉兴市,土豆,2018-06,330400,237.0,1913,151127.0
2085,嘉兴市,土豆,2018-07,330400,237.0,1650,130350.0
2086,嘉兴市,土豆,2018-08,330400,237.0,1612,127348.0
2087,嘉兴市,土豆,2018-09,330400,237.0,1558,123082.0
2088,嘉兴市,土豆,2018-10,330400,237.0,1462,115498.0
2089,嘉兴市,土豆,2018-11,330400,237.0,1601,126479.0
2090,嘉兴市,土豆,2018-12,330400,237.0,1227,96933.0
2091,嘉兴市,土豆,2019-01,330400,237.0,1244,98276.0
2092,嘉兴市,土豆,2019-02,330400,237.0,1071,84609.0
2093,嘉兴市,土豆,2019-03,330400,158.0,144,11376.0
2094,嘉兴市,南瓜,2016-12,330400,44.66,1134,25322.22
2095,嘉兴市,南瓜,2017-01,330400,68.34,2477,56349.94
2096,嘉兴市,南瓜,2017-02,330400,72.33,1936,46753.0
2097,嘉兴市,南瓜,2017-03,330400,88.33,783,17250.42
2098,嘉兴市,南瓜,2017-04,330400,132.0,3202,70444.0
2099,嘉兴市,南瓜,2017-05,330400,87.34,1301,28393.31
2100,嘉兴市,南瓜,2017-06,330400,65.01,1596,34585.320000000014
2101,嘉兴市,南瓜,2017-07,330400,65.67,1824,39860.04
2102,嘉兴市,南瓜,2017-08,330400,71.99,1606,38170.98
2103,嘉兴市,南瓜,2017-09,330400,72.0,1037,24758.97
2104,嘉兴市,南瓜,2017-10,330400,70.34,1160,27282.33
2105,嘉兴市,南瓜,2017-11,330400,66.99,1730,38630.9
2106,嘉兴市,南瓜,2017-12,330400,67.67,1521,34200.91
2107,嘉兴市,南瓜,2018-01,330400,66.99,1065,23781.45
2108,嘉兴市,南瓜,2018-02,330400,69.33,1428,32464.579999999994
2109,嘉兴市,南瓜,2018-03,330400,66.0,839,18188.46
2110,嘉兴市,南瓜,2018-04,330400,63.33,1956,41215.92
2111,嘉兴市,南瓜,2018-05,330400,60.83,1428,28635.96
2112,嘉兴市,南瓜,2018-06,330400,60.67,1911,38499.29
2113,嘉兴市,南瓜,2018-07,330400,64.67,2309,49726.97
2114,嘉兴市,南瓜,2018-08,330400,69.67,2016,46393.46
2115,嘉兴市,南瓜,2018-09,330400,76.0,1964,49440.57000000001
2116,嘉兴市,南瓜,2018-10,330400,74.34,1433,34565.25
2117,嘉兴市,南瓜,2018-11,330400,69.66,745,17325.079999999998
2118,嘉兴市,南瓜,2018-12,330400,67.67,1703,38289.79
2119,嘉兴市,南瓜,2019-01,330400,66.99,1524,34030.92
2120,嘉兴市,南瓜,2019-02,330400,69.66,1892,43984.86
2121,嘉兴市,南瓜,2019-03,330400,45.34,633,14350.11
2122,嘉兴市,茄子,2016-12,330400,22.17,1084,12011.89
2123,嘉兴市,茄子,2017-01,330400,33.84,1184,13294.85
2124,嘉兴市,茄子,2017-02,330400,34.67,1613,18538.11
2125,嘉兴市,茄子,2017-03,330400,44.68,2175,24294.75
2126,嘉兴市,茄子,2017-04,330400,67.02,2687,30013.79
2127,嘉兴市,茄子,2017-05,330400,44.68,1421,15872.57
2128,嘉兴市,茄子,2017-06,330400,34.5,1412,16238.0
2129,嘉兴市,茄子,2017-07,330400,34.5,1714,19711.0
2130,嘉兴市,茄子,2017-08,330400,36.17,1245,14958.27
2131,嘉兴市,茄子,2017-09,330400,32.49,1650,17869.5
2132,嘉兴市,茄子,2017-10,330400,31.83,1079,11337.42
2133,嘉兴市,茄子,2017-11,330400,31.5,1189,12484.5
2134,嘉兴市,茄子,2017-12,330400,31.83,1163,12490.68
2135,嘉兴市,茄子,2018-01,330400,31.83,1676,17665.32
2136,嘉兴市,茄子,2018-02,330400,34.16,1229,13998.53
2137,嘉兴市,茄子,2018-03,330400,34.83,1665,19227.36
2138,嘉兴市,茄子,2018-04,330400,34.0,2438,27619.6
2139,嘉兴市,茄子,2018-05,330400,33.01,1285,14292.45
2140,嘉兴市,茄子,2018-06,330400,32.34,789,8452.95
2141,嘉兴市,茄子,2018-07,330400,32.66,2107,22988.47
2142,嘉兴市,茄子,2018-08,330400,34.67,857,9797.19
2143,嘉兴市,茄子,2018-09,330400,35.0,1367,15870.74
2144,嘉兴市,茄子,2018-10,330400,35.01,2343,27342.81
2145,嘉兴市,茄子,2018-11,330400,35.01,510,5951.700000000002
2146,嘉兴市,茄子,2018-12,330400,35.01,1356,15824.52
2147,嘉兴市,茄子,2019-01,330400,35.67,2229,26441.43
2148,嘉兴市,茄子,2019-02,330400,36.33,1843,22410.36
2149,嘉兴市,茄子,2019-03,330400,24.0,438,5256.0
2150,嘉兴市,娃娃菜,2016-12,330400,7.46,140,522.2
2151,嘉兴市,娃娃菜,2017-01,330400,11.19,2062,7691.26
2152,嘉兴市,娃娃菜,2017-02,330400,11.19,1514,5647.22
2153,嘉兴市,娃娃菜,2017-03,330400,14.92,2229,8314.17
2154,嘉兴市,娃娃菜,2017-04,330400,22.38,2912,10861.76
2155,嘉兴市,娃娃菜,2017-05,330400,16.0,980,3920.0
2156,嘉兴市,娃娃菜,2017-06,330400,11.66,1773,6909.76
2157,嘉兴市,娃娃菜,2017-07,330400,11.49,2457,9410.31
2158,嘉兴市,娃娃菜,2017-08,330400,12.0,1705,6820.0
2159,嘉兴市,娃娃菜,2017-09,330400,11.93,2141,8511.08
2160,嘉兴市,娃娃菜,2017-10,330400,12.0,1869,7476.0
2161,嘉兴市,娃娃菜,2017-11,330400,12.0,1649,6596.0
2162,嘉兴市,娃娃菜,2017-12,330400,12.17,1798,7267.48
2163,嘉兴市,娃娃菜,2018-01,330400,12.51,2704,11275.68
2164,嘉兴市,娃娃菜,2018-02,330400,12.51,2184,9107.28
2165,嘉兴市,娃娃菜,2018-03,330400,12.34,560,2318.54
2166,嘉兴市,娃娃菜,2018-04,330400,11.79,1647,6472.710000000001
2167,嘉兴市,娃娃菜,2018-05,330400,12.0,1242,4968.0
2168,嘉兴市,娃娃菜,2018-06,330400,12.0,700,2800.0
2169,嘉兴市,娃娃菜,2018-07,330400,11.61,947,3664.89
2170,嘉兴市,娃娃菜,2018-08,330400,11.57,1243,4807.730000000001
2171,嘉兴市,娃娃菜,2018-09,330400,11.49,966,3699.78
2172,嘉兴市,娃娃菜,2018-10,330400,11.66,1088,4207.67
2173,嘉兴市,娃娃菜,2018-11,330400,11.37,1964,7448.26
2174,嘉兴市,娃娃菜,2018-12,330400,11.31,496,1869.92
2175,嘉兴市,娃娃菜,2019-01,330400,11.31,1192,4493.84
2176,嘉兴市,娃娃菜,2019-02,330400,11.31,2287,8621.99
2177,嘉兴市,娃娃菜,2019-03,330400,7.54,1409,5311.93
2178,宁波市,黄瓜,2016-12,330200,61.0,1166,35563.0
2179,宁波市,黄瓜,2017-01,330200,91.5,2592,79056.0
2180,宁波市,黄瓜,2017-02,330200,91.5,1783,54381.5
2181,宁波市,黄瓜,2017-03,330200,122.0,1635,49867.5
2182,宁波市,黄瓜,2017-04,330200,183.0,3476,106018.0
2183,宁波市,黄瓜,2017-05,330200,122.0,938,28609.0
2184,宁波市,黄瓜,2017-06,330200,91.16,1949,59244.06999999999
2185,宁波市,黄瓜,2017-07,330200,90.99,1742,52834.86
2186,宁波市,黄瓜,2017-08,330200,90.99,2116,64178.28
2187,宁波市,黄瓜,2017-09,330200,90.99,1547,46920.51
2188,宁波市,黄瓜,2017-10,330200,91.16,1294,39393.9
2189,宁波市,黄瓜,2017-11,330200,91.16,1314,40000.5
2190,宁波市,黄瓜,2017-12,330200,90.99,1544,46829.52
2191,宁波市,黄瓜,2018-01,330200,90.5,1728,52122.89
2192,宁波市,黄瓜,2018-02,330200,93.67,1432,44865.64
2193,宁波市,黄瓜,2018-03,330200,97.67,483,15718.75
2194,宁波市,黄瓜,2018-04,330200,96.99,2392,77333.36
2195,宁波市,黄瓜,2018-05,330200,97.34,1494,48586.97
2196,宁波市,黄瓜,2018-06,330200,97.59,1060,34481.8
2197,宁波市,黄瓜,2018-07,330200,97.19,1606,52061.38000000001
2198,宁波市,黄瓜,2018-08,330200,96.33,1303,42001.91
2199,宁波市,黄瓜,2018-09,330200,95.17,1455,46220.01
2200,宁波市,黄瓜,2018-10,330200,96.77,1712,55096.27
2201,宁波市,黄瓜,2018-11,330200,98.49,1399,45929.17
2202,宁波市,黄瓜,2018-12,330200,98.49,1093,35883.189999999995
2203,宁波市,黄瓜,2019-01,330200,100.5,268,8946.85
2204,宁波市,黄瓜,2019-02,330200,102.0,2517,85578.0
2205,宁波市,黄瓜,2019-03,330200,67.83,505,17158.61
2206,宁波市,菠菜,2016-12,330200,12.46,1224,7625.52
2207,宁波市,菠菜,2017-01,330200,19.57,1564,10235.72
2208,宁波市,菠菜,2017-02,330200,19.8,1854,12161.31
2209,宁波市,菠菜,2017-03,330200,27.0,1776,11929.15
2210,宁波市,菠菜,2017-04,330200,36.88,1745,10567.89
2211,宁波市,菠菜,2017-05,330200,21.18,1626,8580.92
2212,宁波市,菠菜,2017-06,330200,13.63,1571,7216.71
2213,宁波市,菠菜,2017-07,330200,14.23,1896,9005.060000000001
2214,宁波市,菠菜,2017-08,330200,15.53,1857,9633.06
2215,宁波市,菠菜,2017-09,330200,18.3,341,2096.3
2216,宁波市,菠菜,2017-10,330200,18.130000000000006,916,5531.67
2217,宁波市,菠菜,2017-11,330200,18.43,1360,8407.49
2218,宁波市,菠菜,2017-12,330200,18.2,712,4333.2
2219,宁波市,菠菜,2018-01,330200,17.490000000000002,1452,8465.16
2220,宁波市,菠菜,2018-02,330200,21.43,867,6200.06
2221,宁波市,菠菜,2018-03,330200,24.5,1537,12494.079999999998
2222,宁波市,菠菜,2018-04,330200,24.93,1957,16348.750000000002
2223,宁波市,菠菜,2018-05,330200,17.2,1540,8176.8
2224,宁波市,菠菜,2018-06,330200,16.84,2284,12846.5
2225,宁波市,菠菜,2018-07,330200,17.9,969,5866.02
2226,宁波市,菠菜,2018-08,330200,16.23,1894,10428.759999999998
2227,宁波市,菠菜,2018-09,330200,21.14,1445,10434.72
2228,宁波市,菠菜,2018-10,330200,21.83,704,5121.12
2229,宁波市,菠菜,2018-11,330200,21.46,2056,14532.14
2230,宁波市,菠菜,2018-12,330200,20.130000000000006,2135,14173.75
2231,宁波市,菠菜,2019-01,330200,22.37,1439,10378.76
2232,宁波市,菠菜,2019-02,330200,25.8,1702,14637.2
2233,宁波市,菠菜,2019-03,330200,17.34,1417,12285.39
2234,宁波市,韭菜,2016-12,330200,172.32999999999996,983,84814.54
2235,宁波市,韭菜,2017-01,330200,253.66,908,77197.70999999999
2236,宁波市,韭菜,2017-02,330200,249.0,1495,124085.0
2237,宁波市,韭菜,2017-03,330200,326.68,2574,210218.58
2238,宁波市,韭菜,2017-04,330200,489.34,942,76785.92
2239,宁波市,韭菜,2017-05,330200,324.33,1751,142066.95
2240,宁波市,韭菜,2017-06,330200,242.01,602,48563.34
2241,宁波市,韭菜,2017-07,330200,240.99,626,50286.58
2242,宁波市,韭菜,2017-08,330200,237.83,343,27179.02
2243,宁波市,韭菜,2017-09,330200,233.16,513,39945.8
2244,宁波市,韭菜,2017-10,330200,231.0,2226,171402.0
2245,宁波市,韭菜,2017-11,330200,231.0,1302,100254.0
2246,宁波市,韭菜,2017-12,330200,226.5,1817,137364.48
2247,宁波市,韭菜,2018-01,330200,222.99,2012,149551.96
2248,宁波市,韭菜,2018-02,330200,222.67,945,70098.01000000001
2249,宁波市,韭菜,2018-03,330200,222.99,1694,125915.02
2250,宁波市,韭菜,2018-04,330200,222.99,1476,109711.08
2251,宁波市,韭菜,2018-05,330200,220.99,929,68407.57
2252,宁波市,韭菜,2018-06,330200,219.99,396,29038.68
2253,宁波市,韭菜,2018-07,330200,219.83,1730,126771.78
2254,宁波市,韭菜,2018-08,330200,219.0,2041,148993.0
2255,宁波市,韭菜,2018-09,330200,219.0,1386,101178.0
2256,宁波市,韭菜,2018-10,330200,219.0,1509,110157.0
2257,宁波市,韭菜,2018-11,330200,219.0,1038,75774.0
2258,宁波市,韭菜,2018-12,330200,219.0,890,64970.0
2259,宁波市,韭菜,2019-01,330200,219.0,466,34018.0
2260,宁波市,韭菜,2019-02,330200,219.0,1959,143007.0
2261,宁波市,韭菜,2019-03,330200,147.0,738,54243.0
2262,宁波市,胡萝卜,2016-12,330200,6.14,1166,3579.62
2263,宁波市,胡萝卜,2017-01,330200,9.21,2800,8596.0
2264,宁波市,胡萝卜,2017-02,330200,9.53,706,2206.78
2265,宁波市,胡萝卜,2017-03,330200,13.26,831,2747.91
2266,宁波市,胡萝卜,2017-04,330200,20.52,4338,14944.35
2267,宁波市,胡萝卜,2017-05,330200,12.67,1694,5396.95
2268,宁波市,胡萝卜,2017-06,330200,8.870000000000003,1380,4096.95
2269,宁波市,胡萝卜,2017-07,330200,9.83,2102,6901.24
2270,宁波市,胡萝卜,2017-08,330200,9.4,1796,5598.42
2271,宁波市,胡萝卜,2017-09,330200,9.39,1844,5771.719999999998
2272,宁波市,胡萝卜,2017-10,330200,9.47,1343,4248.67
2273,宁波市,胡萝卜,2017-11,330200,9.51,1544,4894.48
2274,宁波市,胡萝卜,2017-12,330200,9.51,1838,5826.459999999999
2275,宁波市,胡萝卜,2018-01,330200,9.56,1156,3630.14
2276,宁波市,胡萝卜,2018-02,330200,10.03,1491,5010.41
2277,宁波市,胡萝卜,2018-03,330200,10.37,2167,7482.379999999999
2278,宁波市,胡萝卜,2018-04,330200,11.14,1012,3699.81
2279,宁波市,胡萝卜,2018-05,330200,10.67,2801,9965.92
2280,宁波市,胡萝卜,2018-06,330200,9.69,1151,3717.73
2281,宁波市,胡萝卜,2018-07,330200,10.03,2038,6808.16
2282,宁波市,胡萝卜,2018-08,330200,9.99,1976,6580.08
2283,宁波市,胡萝卜,2018-09,330200,9.99,2486,8278.380000000001
2284,宁波市,胡萝卜,2018-10,330200,9.99,1601,5331.33
2285,宁波市,胡萝卜,2018-11,330200,9.99,588,1958.04
2286,宁波市,胡萝卜,2018-12,330200,9.99,1763,5870.790000000001
2287,宁波市,胡萝卜,2019-01,330200,10.86,1227,4437.93
2288,宁波市,胡萝卜,2019-02,330200,10.97,1605,5865.549999999998
2289,宁波市,胡萝卜,2019-03,330200,7.439999999999999,1263,4694.91
2290,宁波市,西兰花,2016-12,330200,77.34,719,27803.730000000003
2291,宁波市,西兰花,2017-01,330200,116.01,1228,47486.76
2292,宁波市,西兰花,2017-02,330200,117.51,1334,52252.78
2293,宁波市,西兰花,2017-03,330200,154.84,2701,104477.75
2294,宁波市,西兰花,2017-04,330200,231.0,2552,98187.23
2295,宁波市,西兰花,2017-05,330200,153.32,1525,58453.25
2296,宁波市,西兰花,2017-06,330200,115.16,1608,61714.37
2297,宁波市,西兰花,2017-07,330200,114.99,1434,54965.22
2298,宁波市,西兰花,2017-08,330200,114.99,1084,41549.72
2299,宁波市,西兰花,2017-09,330200,116.16,1440,55448.67
2300,宁波市,西兰花,2017-10,330200,117.0,1330,51870.0
2301,宁波市,西兰花,2017-11,330200,117.0,1835,71565.0
2302,宁波市,西兰花,2017-12,330200,117.17,1454,56821.26
2303,宁波市,西兰花,2018-01,330200,121.34,1520,60997.74000000001
2304,宁波市,西兰花,2018-02,330200,126.0,1417,59175.65
2305,宁波市,西兰花,2018-03,330200,126.16,1703,71574.95999999999
2306,宁波市,西兰花,2018-04,330200,125.17,1175,49073.77
2307,宁波市,西兰花,2018-05,330200,123.83,270,11143.42
2308,宁波市,西兰花,2018-06,330200,127.84,2141,91294.93
2309,宁波市,西兰花,2018-07,330200,126.99,1689,71495.37
2310,宁波市,西兰花,2018-08,330200,127.33,979,41518.93
2311,宁波市,西兰花,2018-09,330200,127.84,1595,68030.43000000001
2312,宁波市,西兰花,2018-10,330200,129.99,1128,48876.24
2313,宁波市,西兰花,2018-11,330200,129.99,1725,74744.25
2314,宁波市,西兰花,2018-12,330200,129.99,1301,56372.33
2315,宁波市,西兰花,2019-01,330200,130.5,1285,55881.01
2316,宁波市,西兰花,2019-02,330200,131.32999999999998,2164,94774.7
2317,宁波市,西兰花,2019-03,330200,87.34,553,24149.51
2318,宁波市,油麦菜,2016-12,330200,16.14,1283,10353.81
2319,宁波市,油麦菜,2017-01,330200,24.37,1625,13173.75
2320,宁波市,油麦菜,2017-02,330200,24.77,862,7157.74
2321,宁波市,油麦菜,2017-03,330200,33.16,2751,22788.01
2322,宁波市,油麦菜,2017-04,330200,51.8,4115,35507.54
2323,宁波市,油麦菜,2017-05,330200,36.07,2578,23149.28
2324,宁波市,油麦菜,2017-06,330200,28.74,1413,13503.52
2325,宁波市,油麦菜,2017-07,330200,29.73,1539,15213.0
2326,宁波市,油麦菜,2017-08,330200,29.64,1444,14284.01
2327,宁波市,油麦菜,2017-09,330200,28.67,802,7638.64
2328,宁波市,油麦菜,2017-10,330200,29.67,1927,19255.77
2329,宁波市,油麦菜,2017-11,330200,31.17,1650,17162.97
2330,宁波市,油麦菜,2017-12,330200,30.93,892,9206.74
2331,宁波市,油麦菜,2018-01,330200,31.130000000000006,1912,19834.61
2332,宁波市,油麦菜,2018-02,330200,31.67,1605,16970.82
2333,宁波市,油麦菜,2018-03,330200,30.03,1769,17709.14
2334,宁波市,油麦菜,2018-04,330200,30.0,1306,13060.0
2335,宁波市,油麦菜,2018-05,330200,30.0,2079,20790.0
2336,宁波市,油麦菜,2018-06,330200,30.1,1149,11500.7
2337,宁波市,油麦菜,2018-07,330200,30.1,1238,12431.3
2338,宁波市,油麦菜,2018-08,330200,29.8,1437,14281.3
2339,宁波市,油麦菜,2018-09,330200,29.56,1294,12752.08
2340,宁波市,油麦菜,2018-10,330200,29.49,1928,18952.24
2341,宁波市,油麦菜,2018-11,330200,29.56,1488,14657.63
2342,宁波市,油麦菜,2018-12,330200,29.6,1743,17073.36
2343,宁波市,油麦菜,2019-01,330200,30.34,1529,15507.94
2344,宁波市,油麦菜,2019-02,330200,29.64,1869,18350.050000000007
2345,宁波市,油麦菜,2019-03,330200,19.07,1325,12611.79
2346,宁波市,蒜黄,2016-12,330200,12.6,1042,6517.8
2347,宁波市,蒜黄,2017-01,330200,14.51,1331,6113.17
2348,宁波市,蒜黄,2017-02,330200,12.8,2000,8803.3
2349,宁波市,蒜黄,2017-03,330200,15.13,1294,4936.41
2350,宁波市,蒜黄,2017-04,330200,21.4,3755,13270.68
2351,宁波市,蒜黄,2017-05,330200,15.33,1066,4210.39
2352,宁波市,蒜黄,2017-06,330200,15.5,1306,6642.68
2353,宁波市,蒜黄,2017-07,330200,18.47,2536,15556.57
2354,宁波市,蒜黄,2017-08,330200,18.4,1140,6925.88
2355,宁波市,蒜黄,2017-09,330200,20.53,2121,14535.67
2356,宁波市,蒜黄,2017-10,330200,19.44,1226,7968.43
2357,宁波市,蒜黄,2017-11,330200,19.23,1345,8617.98
2358,宁波市,蒜黄,2017-12,330200,18.1,2557,15424.1
2359,宁波市,蒜黄,2018-01,330200,17.3,1501,8728.51
2360,宁波市,蒜黄,2018-02,330200,19.4,763,4909.440000000001
2361,宁波市,蒜黄,2018-03,330200,15.47,1600,8268.27
2362,宁波市,蒜黄,2018-04,330200,13.73,1382,6308.440000000001
2363,宁波市,蒜黄,2018-05,330200,14.99,2020,10092.9
2364,宁波市,蒜黄,2018-06,330200,18.83,1439,8937.78
2365,宁波市,蒜黄,2018-07,330200,20.24,2476,16714.48
2366,宁波市,蒜黄,2018-08,330200,20.27,2266,15306.6
2367,宁波市,蒜黄,2018-09,330200,27.56,1275,11638.15
2368,宁波市,蒜黄,2018-10,330200,25.43,1122,8496.73
2369,宁波市,蒜黄,2018-11,330200,20.17,1707,11529.71
2370,宁波市,蒜黄,2018-12,330200,15.74,1394,7253.790000000001
2371,宁波市,蒜黄,2019-01,330200,16.27,1160,6396.73
2372,宁波市,蒜黄,2019-02,330200,19.57,1627,10470.99
2373,宁波市,蒜黄,2019-03,330200,12.03,498,2967.59
2374,宁波市,上海青,2016-12,330200,12.74,337,2146.69
2375,宁波市,上海青,2017-01,330200,19.54,1470,9623.9
2376,宁波市,上海青,2017-02,330200,19.74,654,4303.08
2377,宁波市,上海青,2017-03,330200,26.34,2149,14159.75
2378,宁波市,上海青,2017-04,330200,39.4,3904,25647.7
2379,宁波市,上海青,2017-05,330200,26.54,2166,14358.18
2380,宁波市,上海青,2017-06,330200,19.84,1362,8956.529999999999
2381,宁波市,上海青,2017-07,330200,19.5,1761,11446.5
2382,宁波市,上海青,2017-08,330200,19.1,1896,12003.36
2383,宁波市,上海青,2017-09,330200,19.13,1798,11438.1
2384,宁波市,上海青,2017-10,330200,19.33,2169,14029.65
2385,宁波市,上海青,2017-11,330200,19.33,1337,8536.310000000001
2386,宁波市,上海青,2017-12,330200,19.5,1563,10159.5
2387,宁波市,上海青,2018-01,330200,19.27,1349,8746.65
2388,宁波市,上海青,2018-02,330200,20.1,1017,6954.32
2389,宁波市,上海青,2018-03,330200,20.61,1231,8456.97
2390,宁波市,上海青,2018-04,330200,21.27,1657,11612.94
2391,宁波市,上海青,2018-05,330200,21.630000000000006,1653,11909.97
2392,宁波市,上海青,2018-06,330200,21.03,2028,14307.36
2393,宁波市,上海青,2018-07,330200,20.37,1295,8614.74
2394,宁波市,上海青,2018-08,330200,20.76,1296,8956.11
2395,宁波市,上海青,2018-09,330200,21.81,1479,10752.33
2396,宁波市,上海青,2018-10,330200,21.81,2204,16023.079999999998
2397,宁波市,上海青,2018-11,330200,21.81,993,7219.11
2398,宁波市,上海青,2018-12,330200,22.01,1724,12620.18
2399,宁波市,上海青,2019-01,330200,22.53,572,4286.219999999998
2400,宁波市,上海青,2019-02,330200,22.41,905,6760.35
2401,宁波市,上海青,2019-03,330200,14.94,1156,8635.32
2402,宁波市,香菜,2016-12,330200,9.34,1034,4828.78
2403,宁波市,香菜,2017-01,330200,14.6,2356,11454.76
2404,宁波市,香菜,2017-02,330200,16.0,443,2481.86
2405,宁波市,香菜,2017-03,330200,18.83,1656,7768.119999999999
2406,宁波市,香菜,2017-04,330200,25.34,2294,9152.75
2407,宁波市,香菜,2017-05,330200,14.49,2326,8491.55
2408,宁波市,香菜,2017-06,330200,9.9,739,2349.14
2409,宁波市,香菜,2017-07,330200,10.26,1950,6632.24
2410,宁波市,香菜,2017-08,330200,10.66,1471,5361.07
2411,宁波市,香菜,2017-09,330200,12.1,1273,5168.699999999999
2412,宁波市,香菜,2017-10,330200,12.7,1930,8157.6799999999985
2413,宁波市,香菜,2017-11,330200,12.51,1679,7001.4299999999985
2414,宁波市,香菜,2017-12,330200,12.99,1561,6759.13
2415,宁波市,香菜,2018-01,330200,13.17,1337,5897.37
2416,宁波市,香菜,2018-02,330200,16.9,1707,9462.57
2417,宁波市,香菜,2018-03,330200,16.87,1947,11010.53
2418,宁波市,香菜,2018-04,330200,16.03,710,3747.91
2419,宁波市,香菜,2018-05,330200,12.990000000000002,836,3607.880000000001
2420,宁波市,香菜,2018-06,330200,12.43,1094,4497.730000000001
2421,宁波市,香菜,2018-07,330200,12.63,1748,7391.199999999999
2422,宁波市,香菜,2018-08,330200,12.1,2732,11020.5
2423,宁波市,香菜,2018-09,330200,14.96,1577,7965.01
2424,宁波市,香菜,2018-10,330200,16.83,2187,12482.95
2425,宁波市,香菜,2018-11,330200,16.060000000000002,1211,6510.490000000002
2426,宁波市,香菜,2018-12,330200,15.760000000000002,1904,9799.12
2427,宁波市,香菜,2019-01,330200,15.93,1911,10206.48
2428,宁波市,香菜,2019-02,330200,18.66,1150,6964.35
2429,宁波市,香菜,2019-03,330200,12.27,1495,9177.53
2430,宁波市,豆角,2016-12,330200,7.14,1615,5765.549999999998
2431,宁波市,豆角,2017-01,330200,9.43,2450,7680.8
2432,宁波市,豆角,2017-02,330200,9.37,1323,4107.45
2433,宁波市,豆角,2017-03,330200,11.03,1752,4889.56
2434,宁波市,豆角,2017-04,330200,16.14,2983,8029.470000000001
2435,宁波市,豆角,2017-05,330200,10.44,1545,4014.25
2436,宁波市,豆角,2017-06,330200,8.93,2660,7939.61
2437,宁波市,豆角,2017-07,330200,10.3,860,3007.67
2438,宁波市,豆角,2017-08,330200,10.73,329,1183.89
2439,宁波市,豆角,2017-09,330200,11.83,478,1898.91
2440,宁波市,豆角,2017-10,330200,12.17,1812,7373.63
2441,宁波市,豆角,2017-11,330200,10.64,1314,4662.77
2442,宁波市,豆角,2017-12,330200,9.83,2159,6894.27
2443,宁波市,豆角,2018-01,330200,9.0,1820,5460.0
2444,宁波市,豆角,2018-02,330200,10.36,1341,4617.18
2445,宁波市,豆角,2018-03,330200,10.16,861,2957.7200000000007
2446,宁波市,豆角,2018-04,330200,8.96,1702,5124.59
2447,宁波市,豆角,2018-05,330200,9.74,1318,4345.1
2448,宁波市,豆角,2018-06,330200,10.83,1297,4474.57
2449,宁波市,豆角,2018-07,330200,11.83,1682,6671.9000000000015
2450,宁波市,豆角,2018-08,330200,12.0,1300,5341.27
2451,宁波市,豆角,2018-09,330200,12.510000000000002,447,1841.99
2452,宁波市,豆角,2018-10,330200,13.14,884,3947.12
2453,宁波市,豆角,2018-11,330200,11.5,1041,4017.76
2454,宁波市,豆角,2018-12,330200,9.49,2116,6677.58
2455,宁波市,豆角,2019-01,330200,9.83,1530,4996.18
2456,宁波市,豆角,2019-02,330200,9.57,1444,4602.86
2457,宁波市,豆角,2019-03,330200,6.4,1052,3366.4000000000005
2458,宁波市,西红柿,2016-12,330200,77.5,1304,50526.96
2459,宁波市,西红柿,2017-01,330200,118.83,1792,70625.29000000001
2460,宁波市,西红柿,2017-02,330200,125.0,2091,86664.56
2461,宁波市,西红柿,2017-03,330200,158.17000000000004,2482,98171.77
2462,宁波市,西红柿,2017-04,330200,241.98,2241,90379.53
2463,宁波市,西红柿,2017-05,330200,162.67000000000004,3106,126283.21
2464,宁波市,西红柿,2017-06,330200,120.83,2250,90486.68
2465,宁波市,西红柿,2017-07,330200,120.67,946,37902.16
2466,宁波市,西红柿,2017-08,330200,113.67,959,36014.79
2467,宁波市,西红柿,2017-09,330200,114.16,725,27622.31
2468,宁波市,西红柿,2017-10,330200,118.17,1109,43687.91
2469,宁波市,西红柿,2017-11,330200,117.67,1105,43289.97
2470,宁波市,西红柿,2017-12,330200,118.67,652,25798.88
2471,宁波市,西红柿,2018-01,330200,119.67,1830,72932.37
2472,宁波市,西红柿,2018-02,330200,129.17000000000002,2208,94822.56
2473,宁波市,西红柿,2018-03,330200,119.01,1021,39143.07
2474,宁波市,西红柿,2018-04,330200,114.99,971,37218.43
2475,宁波市,西红柿,2018-05,330200,113.67,1049,39577.87
2476,宁波市,西红柿,2018-06,330200,119.84,876,35807.210000000014
2477,宁波市,西红柿,2018-07,330200,128.16,1488,62903.07
2478,宁波市,西红柿,2018-08,330200,131.82999999999998,2086,91660.75
2479,宁波市,西红柿,2018-09,330200,134.17000000000002,1151,51626.14
2480,宁波市,西红柿,2018-10,330200,136.32999999999998,1846,84264.7
2481,宁波市,西红柿,2018-11,330200,131.0,1737,76192.14
2482,宁波市,西红柿,2018-12,330200,124.33,1744,72406.6
2483,宁波市,西红柿,2019-01,330200,123.67,2587,106631.11
2484,宁波市,西红柿,2019-02,330200,126.99,923,39070.59
2485,宁波市,西红柿,2019-03,330200,84.66,833,35260.89
2486,宁波市,茼蒿,2016-12,330200,7.34,547,2007.49
2487,宁波市,茼蒿,2017-01,330200,10.7,1466,5243.6
2488,宁波市,茼蒿,2017-02,330200,10.7,2614,9336.6
2489,宁波市,茼蒿,2017-03,330200,14.74,1480,5446.06
2490,宁波市,茼蒿,2017-04,330200,22.46,2328,8744.62
2491,宁波市,茼蒿,2017-05,330200,15.33,2024,7817.95
2492,宁波市,茼蒿,2017-06,330200,11.79,542,2130.06
2493,宁波市,茼蒿,2017-07,330200,11.59,1733,6644.690000000001
2494,宁波市,茼蒿,2017-08,330200,11.49,1161,4446.63
2495,宁波市,茼蒿,2017-09,330200,11.49,1170,4481.1
2496,宁波市,茼蒿,2017-10,330200,11.49,1723,6599.09
2497,宁波市,茼蒿,2017-11,330200,11.33,1239,4646.17
2498,宁波市,茼蒿,2017-12,330200,11.01,2078,7626.26
2499,宁波市,茼蒿,2018-01,330200,10.84,2224,8032.71
2500,宁波市,茼蒿,2018-02,330200,11.760000000000002,1874,7237.07
2501,宁波市,茼蒿,2018-03,330200,11.66,1580,6185.87
2502,宁波市,茼蒿,2018-04,330200,11.63,1206,4693.39
2503,宁波市,茼蒿,2018-05,330200,11.76,1997,7825.2
2504,宁波市,茼蒿,2018-06,330200,11.63,826,3189.7000000000007
2505,宁波市,茼蒿,2018-07,330200,12.47,1614,6748.980000000001
2506,宁波市,茼蒿,2018-08,330200,12.81,1711,7305.969999999998
2507,宁波市,茼蒿,2018-09,330200,12.81,1488,6353.759999999998
2508,宁波市,茼蒿,2018-10,330200,12.93,1823,7840.73
2509,宁波市,茼蒿,2018-11,330200,12.99,992,4295.36
2510,宁波市,茼蒿,2018-12,330200,12.87,1362,5821.02
2511,宁波市,茼蒿,2019-01,330200,12.87,1992,8554.5
2512,宁波市,茼蒿,2019-02,330200,12.51,1720,7172.4
2513,宁波市,茼蒿,2019-03,330200,8.34,1600,6672.0
2514,宁波市,香菇,2016-12,330200,9.3,1195,5587.4
2515,宁波市,香菇,2017-01,330200,14.7,1256,6154.4000000000015
2516,宁波市,香菇,2017-02,330200,15.1,1227,6096.1399999999985
2517,宁波市,香菇,2017-03,330200,18.27,1644,7508.75
2518,宁波市,香菇,2017-04,330200,25.28,2594,11075.07
2519,宁波市,香菇,2017-05,330200,15.91,2588,10295.27
2520,宁波市,香菇,2017-06,330200,11.67,1377,5440.530000000002
2521,宁波市,香菇,2017-07,330200,11.56,980,3778.67
2522,宁波市,香菇,2017-08,330200,11.8,552,2157.74
2523,宁波市,香菇,2017-09,330200,13.26,2471,11079.26
2524,宁波市,香菇,2017-10,330200,14.93,1798,8906.02
2525,宁波市,香菇,2017-11,330200,14.47,1986,9543.16
2526,宁波市,香菇,2017-12,330200,14.2,2032,9791.02
2527,宁波市,香菇,2018-01,330200,15.33,1759,8709.89
2528,宁波市,香菇,2018-02,330200,18.83,1734,10774.420000000002
2529,宁波市,香菇,2018-03,330200,18.24,1886,11483.83
2530,宁波市,香菇,2018-04,330200,16.87,2022,11404.25
2531,宁波市,香菇,2018-05,330200,13.53,1656,7437.34
2532,宁波市,香菇,2018-06,330200,13.37,1700,7536.8600000000015
2533,宁波市,香菇,2018-07,330200,14.170000000000002,1289,6030.14
2534,宁波市,香菇,2018-08,330200,14.53,1430,6976.16
2535,宁波市,香菇,2018-09,330200,16.67,868,4954.219999999998
2536,宁波市,香菇,2018-10,330200,16.7,752,4187.92
2537,宁波市,香菇,2018-11,330200,17.1,1275,7352.75
2538,宁波市,香菇,2018-12,330200,16.59,1944,10846.62
2539,宁波市,香菇,2019-01,330200,16.44,1366,7438.37
2540,宁波市,香菇,2019-02,330200,17.43,1009,5832.43
2541,宁波市,香菇,2019-03,330200,11.66,624,3637.92
2542,宁波市,木耳,2017-01,330200,64.45,1352,17351.8
2543,宁波市,木耳,2017-02,330200,49.74,975,12156.84
2544,宁波市,木耳,2017-03,330200,45.65,527,6054.940000000001
2545,宁波市,木耳,2017-04,330200,53.21,3141,33756.07
2546,宁波市,木耳,2017-05,330200,68.41,4876,47894.74
2547,宁波市,木耳,2017-06,330200,36.9,2685,24696.93
2548,宁波市,木耳,2017-07,330200,38.12,2400,22813.48
2549,宁波市,木耳,2017-08,330200,51.5,2261,23029.05
2550,宁波市,木耳,2017-09,330200,41.31,1804,18677.27
2551,宁波市,木耳,2017-10,330200,51.52,2286,23539.17
2552,宁波市,木耳,2017-11,330200,41.0,2064,21140.64
2553,宁波市,木耳,2017-12,330200,42.9,1591,17021.26
2554,宁波市,木耳,2018-01,330200,54.27,1732,18789.800000000007
2555,宁波市,木耳,2018-02,330200,39.49,2276,22147.86
2556,宁波市,木耳,2018-03,330200,32.18,770,6023.5
2557,宁波市,木耳,2018-04,330200,29.89,1270,9425.7
2558,宁波市,木耳,2018-05,330200,37.76,2630,19782.55
2559,宁波市,木耳,2018-06,330200,32.2,2675,21531.57
2560,宁波市,木耳,2018-07,330200,45.62000000000001,2699,24663.49
2561,宁波市,木耳,2018-08,330200,40.66,2532,25771.02
2562,宁波市,木耳,2018-09,330200,52.38,2600,34372.020000000004
2563,宁波市,木耳,2018-10,330200,62.88,2140,27401.23
2564,宁波市,木耳,2018-11,330200,46.42,1020,12179.59
2565,宁波市,木耳,2018-12,330200,45.84,2676,31063.37
2566,宁波市,木耳,2019-01,330200,55.92,2714,30450.67
2567,宁波市,木耳,2019-02,330200,42.5,2180,23354.75
2568,宁波市,木耳,2019-03,330200,32.78,1224,13296.62
2569,宁波市,蒜苔,2016-12,330200,10.34,554,2864.18
2570,宁波市,蒜苔,2017-01,330200,16.07,1357,7259.93
2571,宁波市,蒜苔,2017-02,330200,16.5,1806,9926.92
2572,宁波市,蒜苔,2017-03,330200,20.49,2074,10436.1
2573,宁波市,蒜苔,2017-04,330200,26.12,3580,15626.09
2574,宁波市,蒜苔,2017-05,330200,15.66,1719,6711.33
2575,宁波市,蒜苔,2017-06,330200,11.23,1970,7364.18
2576,宁波市,蒜苔,2017-07,330200,12.1,1017,4123.3
2577,宁波市,蒜苔,2017-08,330200,12.87,768,3278.8
2578,宁波市,蒜苔,2017-09,330200,13.23,1165,5053.230000000001
2579,宁波市,蒜苔,2017-10,330200,14.43,1841,8888.970000000001
2580,宁波市,蒜苔,2017-11,330200,14.43,1188,5725.68
2581,宁波市,蒜苔,2017-12,330200,13.97,1175,5535.3899999999985
2582,宁波市,蒜苔,2018-01,330200,13.59,1570,7112.1
2583,宁波市,蒜苔,2018-02,330200,16.4,1624,8934.04
2584,宁波市,蒜苔,2018-03,330200,14.13,1458,6855.629999999999
2585,宁波市,蒜苔,2018-04,330200,13.77,1387,6375.129999999999
2586,宁波市,蒜苔,2018-05,330200,13.8,748,3496.370000000001
2587,宁波市,蒜苔,2018-06,330200,13.26,733,3247.19
2588,宁波市,蒜苔,2018-07,330200,12.77,1099,4676.53
2589,宁波市,蒜苔,2018-08,330200,13.27,991,4425.23
2590,宁波市,蒜苔,2018-09,330200,15.63,1991,10371.4
2591,宁波市,蒜苔,2018-10,330200,17.73,1550,9133.28
2592,宁波市,蒜苔,2018-11,330200,19.03,1939,12023.53
2593,宁波市,蒜苔,2018-12,330200,18.07,2535,15237.21
2594,宁波市,蒜苔,2019-01,330200,17.46,1599,9387.3
2595,宁波市,蒜苔,2019-02,330200,17.36,1998,11698.56
2596,宁波市,蒜苔,2019-03,330200,10.97,82,451.13
2597,宁波市,芹菜,2016-12,330200,90.54,996,45088.92000000001
2598,宁波市,芹菜,2017-01,330200,135.81,1312,59394.24000000001
2599,宁波市,芹菜,2017-02,330200,138.63,1326,61491.66
2600,宁波市,芹菜,2017-03,330200,185.72,2310,107253.3
2601,宁波市,芹菜,2017-04,330200,278.58,2768,128518.24
2602,宁波市,芹菜,2017-05,330200,185.72,1907,88542.01
2603,宁波市,芹菜,2017-06,330200,138.63,959,44489.41
2604,宁波市,芹菜,2017-07,330200,134.31,1898,84973.46
2605,宁波市,芹菜,2017-08,330200,133.97,1727,77095.77
2606,宁波市,芹菜,2017-09,330200,133.29,1293,57447.99
2607,宁波市,芹菜,2017-10,330200,133.29,1694,75264.42000000001
2608,宁波市,芹菜,2017-11,330200,133.29,2369,105254.67
2609,宁波市,芹菜,2017-12,330200,133.29,2031,90237.33
2610,宁波市,芹菜,2018-01,330200,133.29,443,19682.49
2611,宁波市,芹菜,2018-02,330200,133.63,1031,45891.65
2612,宁波市,芹菜,2018-03,330200,123.99,1660,68607.79999999999
2613,宁波市,芹菜,2018-04,330200,123.99,1247,51538.51
2614,宁波市,芹菜,2018-05,330200,125.33,366,15337.16
2615,宁波市,芹菜,2018-06,330200,124.5,301,12491.5
2616,宁波市,芹菜,2018-07,330200,124.5,1545,64117.5
2617,宁波市,芹菜,2018-08,330200,124.5,1686,69969.0
2618,宁波市,芹菜,2018-09,330200,124.5,1734,71961.0
2619,宁波市,芹菜,2018-10,330200,124.5,1485,61627.5
2620,宁波市,芹菜,2018-11,330200,124.67,934,38766.1
2621,宁波市,芹菜,2018-12,330200,125.01,1808,75339.36
2622,宁波市,芹菜,2019-01,330200,125.01,1687,70297.29000000001
2623,宁波市,芹菜,2019-02,330200,125.01,624,26002.08
2624,宁波市,芹菜,2019-03,330200,83.34,1262,52587.54000000001
2625,宁波市,红薯,2016-12,330200,10.66,1597,8512.01
2626,宁波市,红薯,2017-01,330200,15.69,1148,6004.040000000001
2627,宁波市,红薯,2017-02,330200,15.69,1127,5894.210000000001
2628,宁波市,红薯,2017-03,330200,19.27,2202,10643.13
2629,宁波市,红薯,2017-04,330200,28.0,3453,16090.7
2630,宁波市,红薯,2017-05,330200,17.84,1822,8159.19
2631,宁波市,红薯,2017-06,330200,13.13,981,4266.77
2632,宁波市,红薯,2017-07,330200,13.54,1811,8118.13
2633,宁波市,红薯,2017-08,330200,15.21,651,3262.77
2634,宁波市,红薯,2017-09,330200,15.96,1945,10360.73
2635,宁波市,红薯,2017-10,330200,16.41,908,4966.76
2636,宁波市,红薯,2017-11,330200,16.509999999999998,1562,8614.24
2637,宁波市,红薯,2017-12,330200,17.53,1720,10080.83
2638,宁波市,红薯,2018-01,330200,18.67,1984,12369.33
2639,宁波市,红薯,2018-02,330200,18.8,2028,12711.330000000002
2640,宁波市,红薯,2018-03,330200,18.06,2223,13373.95
2641,宁波市,红薯,2018-04,330200,17.24,1412,8127.36
2642,宁波市,红薯,2018-05,330200,17.24,1343,7694.65
2643,宁波市,红薯,2018-06,330200,17.060000000000002,2635,15012.52
2644,宁波市,红薯,2018-07,330200,17.4,1354,7853.199999999999
2645,宁波市,红薯,2018-08,330200,18.37,1039,6215.87
2646,宁波市,红薯,2018-09,330200,19.66,1813,11859.75
2647,宁波市,红薯,2018-10,330200,19.26,1584,10286.76
2648,宁波市,红薯,2018-11,330200,18.6,1812,11234.4
2649,宁波市,红薯,2018-12,330200,18.23,864,5225.6
2650,宁波市,红薯,2019-01,330200,18.03,2790,16763.64
2651,宁波市,红薯,2019-02,330200,17.67,715,4191.62
2652,宁波市,红薯,2019-03,330200,11.4,1838,10476.6
2653,宁波市,大蒜,2016-12,330200,12.66,988,6254.04
2654,宁波市,大蒜,2017-01,330200,14.93,1908,9140.39
2655,宁波市,大蒜,2017-02,330200,14.27,1805,8724.929999999997
2656,宁波市,大蒜,2017-03,330200,17.74,2975,13157.47
2657,宁波市,大蒜,2017-04,330200,25.52,1965,8307.39
2658,宁波市,大蒜,2017-05,330200,17.2,1643,7065.469999999998
2659,宁波市,大蒜,2017-06,330200,13.64,957,4360.41
2660,宁波市,大蒜,2017-07,330200,15.84,1572,8610.65
2661,宁波市,大蒜,2017-08,330200,16.66,1605,8841.41
2662,宁波市,大蒜,2017-09,330200,15.89,260,1385.1
2663,宁波市,大蒜,2017-10,330200,15.27,1714,8746.48
2664,宁波市,大蒜,2017-11,330200,14.43,2469,11867.99
2665,宁波市,大蒜,2017-12,330200,14.27,2083,9875.61
2666,宁波市,大蒜,2018-01,330200,13.73,1561,7339.13
2667,宁波市,大蒜,2018-02,330200,16.33,1503,8302.619999999999
2668,宁波市,大蒜,2018-03,330200,16.29,1333,7122.39
2669,宁波市,大蒜,2018-04,330200,16.34,1108,5873.93
2670,宁波市,大蒜,2018-05,330200,14.83,587,2766.05
2671,宁波市,大蒜,2018-06,330200,16.93,2024,11418.8
2672,宁波市,大蒜,2018-07,330200,18.13,1101,6566.25
2673,宁波市,大蒜,2018-08,330200,18.83,1431,9047.31
2674,宁波市,大蒜,2018-09,330200,21.97,1023,7672.5
2675,宁波市,大蒜,2018-10,330200,22.9,2112,16196.77
2676,宁波市,大蒜,2018-11,330200,17.23,1560,9664.86
2677,宁波市,大蒜,2018-12,330200,13.1,2041,9242.76
2678,宁波市,大蒜,2019-01,330200,11.44,1627,6184.46
2679,宁波市,大蒜,2019-02,330200,13.6,1639,7428.2
2680,宁波市,大蒜,2019-03,330200,8.1,1005,4081.3
2681,宁波市,生姜,2016-12,330200,29.8,255,3799.5
2682,宁波市,生姜,2017-01,330200,44.93,1986,29860.1
2683,宁波市,生姜,2017-02,330200,45.77,1497,22868.89
2684,宁波市,生姜,2017-03,330200,62.0,2521,39075.5
2685,宁波市,生姜,2017-04,330200,90.98,3530,53336.4
2686,宁波市,生姜,2017-05,330200,58.4,1853,27137.32
2687,宁波市,生姜,2017-06,330200,43.5,2565,37192.5
2688,宁波市,生姜,2017-07,330200,43.4,2138,30954.08
2689,宁波市,生姜,2017-08,330200,42.99,756,10833.48
2690,宁波市,生姜,2017-09,330200,42.99,1263,18098.79
2691,宁波市,生姜,2017-10,330200,43.67,2036,29677.21
2692,宁波市,生姜,2017-11,330200,43.4,1871,27072.5
2693,宁波市,生姜,2017-12,330200,43.47,1119,16171.65
2694,宁波市,生姜,2018-01,330200,43.56,1225,17727.68
2695,宁波市,生姜,2018-02,330200,44.09,1491,22057.13
2696,宁波市,生姜,2018-03,330200,41.86,1418,19934.32
2697,宁波市,生姜,2018-04,330200,40.0,2205,29557.37
2698,宁波市,生姜,2018-05,330200,39.23,1202,15753.41
2699,宁波市,生姜,2018-06,330200,39.1,2251,29297.1
2700,宁波市,生姜,2018-07,330200,38.73,1785,23051.13
2701,宁波市,生姜,2018-08,330200,40.27,1983,26565.87
2702,宁波市,生姜,2018-09,330200,44.4,1738,25531.4
2703,宁波市,生姜,2018-10,330200,46.51,1678,25990.26
2704,宁波市,生姜,2018-11,330200,45.0,1961,29454.4
2705,宁波市,生姜,2018-12,330200,42.77,2422,34558.4
2706,宁波市,生姜,2019-01,330200,43.0,1730,24798.35
2707,宁波市,生姜,2019-02,330200,42.7,2026,28772.37
2708,宁波市,生姜,2019-03,330200,28.630000000000006,843,12076.260000000002
2709,宁波市,白菜,2016-12,330200,32.17,1231,19806.590000000004
2710,宁波市,白菜,2017-01,330200,49.01000000000001,1327,21679.590000000004
2711,宁波市,白菜,2017-02,330200,50.0,2637,43935.38
2712,宁波市,白菜,2017-03,330200,66.0,2469,40738.5
2713,宁波市,白菜,2017-04,330200,97.66,3505,57070.09
2714,宁波市,白菜,2017-05,330200,63.07,2418,38099.79
2715,宁波市,白菜,2017-06,330200,47.23,1455,22948.59
2716,宁波市,白菜,2017-07,330200,46.43,752,11615.61
2717,宁波市,白菜,2017-08,330200,45.73,2246,34191.06
2718,宁波市,白菜,2017-09,330200,45.17,1126,16911.93
2719,宁波市,白菜,2017-10,330200,45.67,977,14827.81
2720,宁波市,白菜,2017-11,330200,46.16,543,8329.12
2721,宁波市,白菜,2017-12,330200,46.09,1641,25223.43
2722,宁波市,白菜,2018-01,330200,46.17,1681,25910.3
2723,宁波市,白菜,2018-02,330200,46.34,1862,28842.51
2724,宁波市,白菜,2018-03,330200,45.0,1085,16275.0
2725,宁波市,白菜,2018-04,330200,45.16,2577,38721.42
2726,宁波市,白菜,2018-05,330200,44.49,1728,25626.24
2727,宁波市,白菜,2018-06,330200,44.2,1460,21526.840000000004
2728,宁波市,白菜,2018-07,330200,43.43,1471,21285.73
2729,宁波市,白菜,2018-08,330200,44.67,1820,27029.59
2730,宁波市,白菜,2018-09,330200,47.59,1470,23336.5
2731,宁波市,白菜,2018-10,330200,50.4,2075,34882.95
2732,宁波市,白菜,2018-11,330200,49.4,938,15466.76
2733,宁波市,白菜,2018-12,330200,46.13,1645,25273.29
2734,宁波市,白菜,2019-01,330200,45.99,1499,22979.67
2735,宁波市,白菜,2019-02,330200,45.6,1762,26840.08
2736,宁波市,白菜,2019-03,330200,30.27,772,11667.28
2737,宁波市,青椒,2016-12,330200,5.86,545,1596.85
2738,宁波市,青椒,2017-01,330200,8.790000000000001,640,1875.2000000000005
2739,宁波市,青椒,2017-02,330200,8.96,1115,3334.44
2740,宁波市,青椒,2017-03,330200,12.4,2176,6745.6
2741,宁波市,青椒,2017-04,330200,18.6,1481,4591.1
2742,宁波市,青椒,2017-05,330200,12.4,1393,4318.3
2743,宁波市,青椒,2017-06,330200,9.3,1941,6017.1
2744,宁波市,青椒,2017-07,330200,9.3,1627,5043.700000000002
2745,宁波市,青椒,2017-08,330200,9.81,1348,4407.96
2746,宁波市,青椒,2017-09,330200,9.81,2209,7223.43
2747,宁波市,青椒,2017-10,330200,9.81,2529,8269.83
2748,宁波市,青椒,2017-11,330200,9.81,1410,4610.7
2749,宁波市,青椒,2017-12,330200,9.81,1814,5931.780000000002
2750,宁波市,青椒,2018-01,330200,8.47,852,2414.86
2751,宁波市,青椒,2018-02,330200,7.800000000000002,1427,3710.2
2752,宁波市,青椒,2018-03,330200,7.800000000000002,1504,3910.4
2753,宁波市,青椒,2018-04,330200,8.790000000000001,2035,5962.55
2754,宁波市,青椒,2018-05,330200,8.790000000000001,1673,4901.89
2755,宁波市,青椒,2018-06,330200,8.790000000000001,975,2856.75
2756,宁波市,青椒,2018-07,330200,8.790000000000001,2028,5942.040000000001
2757,宁波市,青椒,2018-08,330200,8.790000000000001,1163,3407.59
2758,宁波市,青椒,2018-09,330200,8.790000000000001,1025,3003.25
2759,宁波市,青椒,2018-10,330200,8.790000000000001,826,2420.1800000000007
2760,宁波市,青椒,2018-11,330200,8.790000000000001,852,2496.36
2761,宁波市,青椒,2018-12,330200,8.790000000000001,668,1957.24
2762,宁波市,青椒,2019-01,330200,8.790000000000001,1255,3677.15
2763,宁波市,青椒,2019-02,330200,8.790000000000001,1766,5174.38
2764,宁波市,青椒,2019-03,330200,5.86,1039,3044.2700000000004
2765,宁波市,土豆,2016-12,330200,341.3300000000001,1136,194042.94
2766,宁波市,土豆,2017-01,330200,519.0,1773,306729.0
2767,宁波市,土豆,2017-02,330200,519.0,2329,402917.0
2768,宁波市,土豆,2017-03,330200,691.3399999999998,1050,181615.35
2769,宁波市,土豆,2017-04,330200,1042.6799999999996,2228,386253.88
2770,宁波市,土豆,2017-05,330200,704.0,2501,440176.0
2771,宁波市,土豆,2017-06,330200,529.33,2185,385501.64
2772,宁波市,土豆,2017-07,330200,529.99,1605,283534.65
2773,宁波市,土豆,2017-08,330200,524.33,2084,364605.86
2774,宁波市,土豆,2017-09,330200,525.99,1664,291749.12
2775,宁波市,土豆,2017-10,330200,525.99,1690,296307.7
2776,宁波市,土豆,2017-11,330200,536.01,1704,304453.68
2777,宁波市,土豆,2017-12,330200,536.01,1395,249244.65
2778,宁波市,土豆,2018-01,330200,536.01,1451,259250.17
2779,宁波市,土豆,2018-02,330200,536.01,931,166341.77
2780,宁波市,土豆,2018-03,330200,540.99,1544,278429.52
2781,宁波市,土豆,2018-04,330200,414.99,1291,178584.03000000003
2782,宁波市,土豆,2018-05,330200,414.99,1612,222987.96
2783,宁波市,土豆,2018-06,330200,414.99,1722,238204.26
2784,宁波市,土豆,2018-07,330200,414.99,1643,227276.19
2785,宁波市,土豆,2018-08,330200,414.99,1816,251207.28000000003
2786,宁波市,土豆,2018-09,330200,414.99,834,115367.22000000002
2787,宁波市,土豆,2018-10,330200,414.99,2134,295196.22000000003
2788,宁波市,土豆,2018-11,330200,414.99,1600,221328.00000000003
2789,宁波市,土豆,2018-12,330200,414.99,1083,149811.39
2790,宁波市,土豆,2019-01,330200,414.99,1736,240140.88
2791,宁波市,土豆,2019-02,330200,414.99,1372,189788.76
2792,宁波市,土豆,2019-03,330200,276.66,1486,205558.38
2793,宁波市,南瓜,2016-12,330200,55.66,874,24323.42
2794,宁波市,南瓜,2017-01,330200,83.83,2706,75632.34
2795,宁波市,南瓜,2017-02,330200,85.67,1172,33381.55
2796,宁波市,南瓜,2017-03,330200,113.17,1181,33502.880000000005
2797,宁波市,南瓜,2017-04,330200,165.66,4248,117155.94
2798,宁波市,南瓜,2017-05,330200,108.16,2153,58018.75
2799,宁波市,南瓜,2017-06,330200,78.67,2112,55379.4
2800,宁波市,南瓜,2017-07,330200,76.67,1796,45808.37
2801,宁波市,南瓜,2017-08,330200,75.67,1457,36704.21
2802,宁波市,南瓜,2017-09,330200,75.5,1707,43057.22
2803,宁波市,南瓜,2017-10,330200,77.33,1207,31131.85
2804,宁波市,南瓜,2017-11,330200,77.17,1566,40343.22
2805,宁波市,南瓜,2017-12,330200,77.01,2131,54702.77
2806,宁波市,南瓜,2018-01,330200,76.5,1363,34597.72
2807,宁波市,南瓜,2018-02,330200,76.6,2219,56799.28
2808,宁波市,南瓜,2018-03,330200,76.0,1976,50079.64
2809,宁波市,南瓜,2018-04,330200,74.67,1289,32150.1
2810,宁波市,南瓜,2018-05,330200,75.33,771,19345.29
2811,宁波市,南瓜,2018-06,330200,75.51,1188,29901.96
2812,宁波市,南瓜,2018-07,330200,76.36,1218,30939.85
2813,宁波市,南瓜,2018-08,330200,77.33,2103,54413.77
2814,宁波市,南瓜,2018-09,330200,79.3,930,24567.71
2815,宁波市,南瓜,2018-10,330200,84.36,561,15766.93
2816,宁波市,南瓜,2018-11,330200,84.66,1723,48607.64
2817,宁波市,南瓜,2018-12,330200,82.74000000000002,999,27638.55
2818,宁波市,南瓜,2019-01,330200,83.72999999999998,1320,36801.93
2819,宁波市,南瓜,2019-02,330200,83.54,1538,42756.8
2820,宁波市,南瓜,2019-03,330200,55.5,1542,42755.14
2821,宁波市,茄子,2016-12,330200,29.43,1967,28944.33
2822,宁波市,茄子,2017-01,330200,44.27,1690,24998.620000000006
2823,宁波市,茄子,2017-02,330200,44.34,2626,38897.5
2824,宁波市,茄子,2017-03,330200,58.0,2331,33799.5
2825,宁波市,茄子,2017-04,330200,87.0,3276,47502.0
2826,宁波市,茄子,2017-05,330200,58.0,1782,25839.0
2827,宁波市,茄子,2017-06,330200,43.2,1402,20198.49
2828,宁波市,茄子,2017-07,330200,43.27,1505,21692.86
2829,宁波市,茄子,2017-08,330200,44.49,868,12872.44
2830,宁波市,茄子,2017-09,330200,45.5,1578,24023.38
2831,宁波市,茄子,2017-10,330200,45.57,1172,17803.36
2832,宁波市,茄子,2017-11,330200,45.57,1556,23635.36
2833,宁波市,茄子,2017-12,330200,45.44,869,13142.2
2834,宁波市,茄子,2018-01,330200,45.34,1248,18898.67
2835,宁波市,茄子,2018-02,330200,46.4,523,8032.12
2836,宁波市,茄子,2018-03,330200,45.3,1436,21749.21
2837,宁波市,茄子,2018-04,330200,45.17,1667,25072.36
2838,宁波市,茄子,2018-05,330200,43.33,1527,22117.550000000007
2839,宁波市,茄子,2018-06,330200,41.34,2044,28215.3
2840,宁波市,茄子,2018-07,330200,40.56,1144,15460.8
2841,宁波市,茄子,2018-08,330200,43.34,1509,21755.2
2842,宁波市,茄子,2018-09,330200,43.16,2449,35268.130000000005
2843,宁波市,茄子,2018-10,330200,42.76,683,9765.45
2844,宁波市,茄子,2018-11,330200,42.71,1316,18771.12
2845,宁波市,茄子,2018-12,330200,42.47,1003,14194.55
2846,宁波市,茄子,2019-01,330200,42.06,1048,14665.36
2847,宁波市,茄子,2019-02,330200,41.66,1538,21302.67
2848,宁波市,茄子,2019-03,330200,27.67,1453,20100.54
2849,宁波市,生菜,2016-12,330200,65.66,751,24655.33
2850,宁波市,生菜,2017-01,330200,98.01,916,29925.72
2851,宁波市,生菜,2017-02,330200,99.99,973,32430.09
2852,宁波市,生菜,2017-03,330200,131.5,1440,47095.8
2853,宁波市,生菜,2017-04,330200,196.34,4065,133212.99
2854,宁波市,生菜,2017-05,330200,130.0,2624,85280.0
2855,宁波市,生菜,2017-06,330200,97.5,1766,57395.0
2856,宁波市,生菜,2017-07,330200,97.5,1363,44297.5
2857,宁波市,生菜,2017-08,330200,97.83,713,23283.71
2858,宁波市,生菜,2017-09,330200,98.66,1352,44459.6
2859,宁波市,生菜,2017-10,330200,99.83,1291,43149.71
2860,宁波市,生菜,2017-11,330200,100.67,1273,42777.59
2861,宁波市,生菜,2017-12,330200,101.66,1230,41671.08
2862,宁波市,生菜,2018-01,330200,106.67,1786,63557.65
2863,宁波市,生菜,2018-02,330200,111.0,1067,39541.7
2864,宁波市,生菜,2018-03,330200,104.67,1710,60160.37
2865,宁波市,生菜,2018-04,330200,102.0,2256,76704.0
2866,宁波市,生菜,2018-05,330200,99.0,1249,41217.0
2867,宁波市,生菜,2018-06,330200,101.0,2160,73111.0
2868,宁波市,生菜,2018-07,330200,102.99,618,21215.94
2869,宁波市,生菜,2018-08,330200,102.99,2043,70136.19
2870,宁波市,生菜,2018-09,330200,102.99,1652,56713.16
2871,宁波市,生菜,2018-10,330200,105.99,2199,77690.66999999997
2872,宁波市,生菜,2018-11,330200,106.84,1186,42181.88000000001
2873,宁波市,生菜,2018-12,330200,108.0,1532,55152.0
2874,宁波市,生菜,2019-01,330200,109.17,1400,50971.96
2875,宁波市,生菜,2019-02,330200,109.34,1466,53293.46
2876,宁波市,生菜,2019-03,330200,72.5,1206,43742.46
2877,宁波市,娃娃菜,2016-12,330200,9.23,1301,6001.25
2878,宁波市,娃娃菜,2017-01,330200,13.89,1977,9153.51
2879,宁波市,娃娃菜,2017-02,330200,13.89,1018,4713.34
2880,宁波市,娃娃菜,2017-03,330200,18.52,1957,9060.91
2881,宁波市,娃娃菜,2017-04,330200,27.78,3043,14089.09
2882,宁波市,娃娃菜,2017-05,330200,18.69,1607,7454.3499999999985
2883,宁波市,娃娃菜,2017-06,330200,14.4,2074,9955.2
2884,宁波市,娃娃菜,2017-07,330200,14.43,650,3123.8099999999995
2885,宁波市,娃娃菜,2017-08,330200,14.4,2278,10899.94
2886,宁波市,娃娃菜,2017-09,330200,14.44,1655,7897.5
2887,宁波市,娃娃菜,2017-10,330200,14.1,1060,4982.0
2888,宁波市,娃娃菜,2017-11,330200,14.1,1425,6697.5
2889,宁波市,娃娃菜,2017-12,330200,14.1,1172,5508.4
2890,宁波市,娃娃菜,2018-01,330200,14.1,1265,5945.5
2891,宁波市,娃娃菜,2018-02,330200,13.11,1570,6860.9
2892,宁波市,娃娃菜,2018-03,330200,13.59,1653,7488.09
2893,宁波市,娃娃菜,2018-04,330200,13.59,1529,6926.370000000001
2894,宁波市,娃娃菜,2018-05,330200,13.9,2562,11876.7
2895,宁波市,娃娃菜,2018-06,330200,13.8,1128,5188.8
2896,宁波市,娃娃菜,2018-07,330200,13.8,1634,7516.4
2897,宁波市,娃娃菜,2018-08,330200,13.8,2290,10533.999999999998
2898,宁波市,娃娃菜,2018-09,330200,13.71,897,4099.29
2899,宁波市,娃娃菜,2018-10,330200,13.57,1417,6394.07
2900,宁波市,娃娃菜,2018-11,330200,13.5,1588,7146.0
2901,宁波市,娃娃菜,2018-12,330200,13.5,959,4315.5
2902,宁波市,娃娃菜,2019-01,330200,13.77,2389,10950.91
2903,宁波市,娃娃菜,2019-02,330200,13.89,1329,6153.27
2904,宁波市,娃娃菜,2019-03,330200,9.26,1133,5245.79
2905,杭州市,黄瓜,2016-12,330100,71.34,969,34564.23
2906,杭州市,黄瓜,2017-01,330100,105.99,1450,51228.5
2907,杭州市,黄瓜,2017-02,330100,107.0,1160,41530.25
2908,杭州市,黄瓜,2017-03,330100,142.34,2004,71295.51
2909,杭州市,黄瓜,2017-04,330100,213.0,4733,168021.5
2910,杭州市,黄瓜,2017-05,330100,142.0,1642,58291.0
2911,杭州市,黄瓜,2017-06,330100,106.5,1435,50942.5
2912,杭州市,黄瓜,2017-07,330100,107.16,2428,86691.31
2913,杭州市,黄瓜,2017-08,330100,106.83,1684,59986.6
2914,杭州市,黄瓜,2017-09,330100,107.01,1811,64598.37000000001
2915,杭州市,黄瓜,2017-10,330100,107.01,838,29891.460000000006
2916,杭州市,黄瓜,2017-11,330100,108.81,2091,75840.57
2917,杭州市,黄瓜,2017-12,330100,108.51,1708,61778.36
2918,杭州市,黄瓜,2018-01,330100,108.51,2200,79574.0
2919,杭州市,黄瓜,2018-02,330100,108.51,1571,56823.07000000001
2920,杭州市,黄瓜,2018-03,330100,107.49,1285,46041.55
2921,杭州市,黄瓜,2018-04,330100,108.0,1348,48528.0
2922,杭州市,黄瓜,2018-05,330100,107.01,1214,43303.38000000001
2923,杭州市,黄瓜,2018-06,330100,107.01,1249,44551.83
2924,杭州市,黄瓜,2018-07,330100,107.01,2430,86678.1
2925,杭州市,黄瓜,2018-08,330100,107.01,1685,60103.95
2926,杭州市,黄瓜,2018-09,330100,108.34,973,34839.91
2927,杭州市,黄瓜,2018-10,330100,111.66,2127,79075.86
2928,杭州市,黄瓜,2018-11,330100,111.99,1784,66596.72
2929,杭州市,黄瓜,2018-12,330100,111.99,1169,43638.77
2930,杭州市,黄瓜,2019-01,330100,111.99,1533,57226.89
2931,杭州市,黄瓜,2019-02,330100,117.66,2319,90878.58
2932,杭州市,黄瓜,2019-03,330100,80.0,1044,41760.0
2933,杭州市,菠菜,2016-12,330100,13.0,317,2098.41
2934,杭州市,菠菜,2017-01,330100,18.34,1107,6821.52
2935,杭州市,菠菜,2017-02,330100,19.0,2302,14595.5
2936,杭州市,菠菜,2017-03,330100,26.83,1613,10836.93
2937,杭州市,菠菜,2017-04,330100,38.66,3334,21478.28
2938,杭州市,菠菜,2017-05,330100,23.94,2097,12559.13
2939,杭州市,菠菜,2017-06,330100,15.37,644,3266.78
2940,杭州市,菠菜,2017-07,330100,14.13,1726,8111.72
2941,杭州市,菠菜,2017-08,330100,16.03,1722,8986.09
2942,杭州市,菠菜,2017-09,330100,18.16,2709,16345.36
2943,杭州市,菠菜,2017-10,330100,16.5,960,5226.45
2944,杭州市,菠菜,2017-11,330100,18.0,1773,10579.01
2945,杭州市,菠菜,2017-12,330100,17.490000000000002,1547,9019.01
2946,杭州市,菠菜,2018-01,330100,18.17,1339,7984.410000000002
2947,杭州市,菠菜,2018-02,330100,25.66,1385,12358.38
2948,杭州市,菠菜,2018-03,330100,25.77,2061,17945.55
2949,杭州市,菠菜,2018-04,330100,22.3,926,6819.81
2950,杭州市,菠菜,2018-05,330100,17.0,1047,5973.88
2951,杭州市,菠菜,2018-06,330100,19.5,1143,7346.05
2952,杭州市,菠菜,2018-07,330100,18.0,1606,9656.97
2953,杭州市,菠菜,2018-08,330100,17.53,1635,9676.63
2954,杭州市,菠菜,2018-09,330100,18.66,1452,8863.47
2955,杭州市,菠菜,2018-10,330100,18.33,1236,7684.62
2956,杭州市,菠菜,2018-11,330100,18.0,838,4916.79
2957,杭州市,菠菜,2018-12,330100,18.0,1383,8329.85
2958,杭州市,菠菜,2019-01,330100,22.5,1574,11543.84
2959,杭州市,菠菜,2019-02,330100,31.66,1259,13365.330000000002
2960,杭州市,菠菜,2019-03,330100,23.0,1463,16809.37
2961,杭州市,韭菜,2016-12,330100,128.0,1536,98304.0
2962,杭州市,韭菜,2017-01,330100,192.0,1804,115456.0
2963,杭州市,韭菜,2017-02,330100,192.0,597,38208.0
2964,杭州市,韭菜,2017-03,330100,252.66,2117,134728.03
2965,杭州市,韭菜,2017-04,330100,371.34,2425,150288.95
2966,杭州市,韭菜,2017-05,330100,247.01,2639,163074.82
2967,杭州市,韭菜,2017-06,330100,186.0,1296,80352.0
2968,杭州市,韭菜,2017-07,330100,186.0,1752,108624.0
2969,杭州市,韭菜,2017-08,330100,188.01,1808,113307.36
2970,杭州市,韭菜,2017-09,330100,188.01,1527,95697.09
2971,杭州市,韭菜,2017-10,330100,188.01,2269,142198.23
2972,杭州市,韭菜,2017-11,330100,186.01,1156,71488.51999999999
2973,杭州市,韭菜,2017-12,330100,188.34,1233,77335.14
2974,杭州市,韭菜,2018-01,330100,188.01,1986,124462.62
2975,杭州市,韭菜,2018-02,330100,188.01,613,38416.71
2976,杭州市,韭菜,2018-03,330100,188.01,535,33528.45
2977,杭州市,韭菜,2018-04,330100,188.01,2145,134427.15
2978,杭州市,韭菜,2018-05,330100,188.01,1123,70378.41
2979,杭州市,韭菜,2018-06,330100,187.33,1962,122460.1
2980,杭州市,韭菜,2018-07,330100,186.99,1921,119735.93
2981,杭州市,韭菜,2018-08,330100,186.99,741,46186.53
2982,杭州市,韭菜,2018-09,330100,187.99,1886,117958.38
2983,杭州市,韭菜,2018-10,330100,189.99,1359,86065.47
2984,杭州市,韭菜,2018-11,330100,189.99,1458,92335.14
2985,杭州市,韭菜,2018-12,330100,189.99,1385,87712.04999999999
2986,杭州市,韭菜,2019-01,330100,189.99,1892,119820.36
2987,杭州市,韭菜,2019-02,330100,189.99,1741,110257.53
2988,杭州市,韭菜,2019-03,330100,126.66,1414,89548.62
2989,杭州市,胡萝卜,2016-12,330100,5.66,1250,3537.5
2990,杭州市,胡萝卜,2017-01,330100,8.66,1490,4259.2
2991,杭州市,胡萝卜,2017-02,330100,8.59,1899,5441.97
2992,杭州市,胡萝卜,2017-03,330100,11.4,1956,5571.200000000002
2993,杭州市,胡萝卜,2017-04,330100,17.34,1520,4369.72
2994,杭州市,胡萝卜,2017-05,330100,11.93,1742,5290.51
2995,杭州市,胡萝卜,2017-06,330100,8.0,860,2306.08
2996,杭州市,胡萝卜,2017-07,330100,7.370000000000001,2118,5204.8600000000015
2997,杭州市,胡萝卜,2017-08,330100,8.1,1162,3196.39
2998,杭州市,胡萝卜,2017-09,330100,7.84,1099,2923.28
2999,杭州市,胡萝卜,2017-10,330100,7.6,1520,3857.4
3000,杭州市,胡萝卜,2017-11,330100,8.49,1891,5351.530000000002
3001,杭州市,胡萝卜,2017-12,330100,8.49,1531,4332.73
3002,杭州市,胡萝卜,2018-01,330100,8.49,1473,4168.59
3003,杭州市,胡萝卜,2018-02,330100,7.9,1603,4218.6
3004,杭州市,胡萝卜,2018-03,330100,7.9700000000000015,747,1998.7200000000007
3005,杭州市,胡萝卜,2018-04,330100,8.36,1782,4970.78
3006,杭州市,胡萝卜,2018-05,330100,8.17,1503,4071.09
3007,杭州市,胡萝卜,2018-06,330100,7.87,1642,4320.65
3008,杭州市,胡萝卜,2018-07,330100,7.63,1459,3720.23
3009,杭州市,胡萝卜,2018-08,330100,7.729999999999999,1192,3112.64
3010,杭州市,胡萝卜,2018-09,330100,7.729999999999999,2445,6266.209999999999
3011,杭州市,胡萝卜,2018-10,330100,7.939999999999999,1547,4060.84
3012,杭州市,胡萝卜,2018-11,330100,7.939999999999999,855,2241.27
3013,杭州市,胡萝卜,2018-12,330100,8.16,1615,4400.5
3014,杭州市,胡萝卜,2019-01,330100,8.49,895,2532.85
3015,杭州市,胡萝卜,2019-02,330100,9.34,2365,7350.0
3016,杭州市,胡萝卜,2019-03,330100,6.17,240,726.97
3017,杭州市,西兰花,2016-12,330100,85.0,1515,64387.5
3018,杭州市,西兰花,2017-01,330100,125.49,531,22211.73
3019,杭州市,西兰花,2017-02,330100,114.83,1679,64185.71
3020,杭州市,西兰花,2017-03,330100,164.68,2531,104201.27
3021,杭州市,西兰花,2017-04,330100,247.02,3320,136684.40000000002
3022,杭州市,西兰花,2017-05,330100,163.34,2333,95293.18
3023,杭州市,西兰花,2017-06,330100,121.5,1347,54553.5
3024,杭州市,西兰花,2017-07,330100,120.84,1361,54910.62
3025,杭州市,西兰花,2017-08,330100,121.5,1290,52245.0
3026,杭州市,西兰花,2017-09,330100,121.5,1455,58927.5
3027,杭州市,西兰花,2017-10,330100,121.5,1753,70996.5
3028,杭州市,西兰花,2017-11,330100,126.3,1815,76411.5
3029,杭州市,西兰花,2017-12,330100,126.1,902,37884.4
3030,杭州市,西兰花,2018-01,330100,126.0,1776,74592.0
3031,杭州市,西兰花,2018-02,330100,127.0,446,18959.0
3032,杭州市,西兰花,2018-03,330100,126.0,1726,72492.0
3033,杭州市,西兰花,2018-04,330100,126.0,1269,53298.0
3034,杭州市,西兰花,2018-05,330100,126.0,1581,66402.0
3035,杭州市,西兰花,2018-06,330100,124.66,1435,59423.79
3036,杭州市,西兰花,2018-07,330100,123.99,2101,86834.33
3037,杭州市,西兰花,2018-08,330100,123.99,1229,50794.57
3038,杭州市,西兰花,2018-09,330100,124.66,946,39274.39
3039,杭州市,西兰花,2018-10,330100,128.0,1123,48253.0
3040,杭州市,西兰花,2018-11,330100,131.0,1936,84620.0
3041,杭州市,西兰花,2018-12,330100,135.66,1529,68992.77
3042,杭州市,西兰花,2019-01,330100,135.99,1176,53308.08
3043,杭州市,西兰花,2019-02,330100,137.67000000000002,1955,89715.17
3044,杭州市,西兰花,2019-03,330100,95.0,1341,63590.23
3045,杭州市,油麦菜,2016-12,330100,18.66,446,4161.18
3046,杭州市,油麦菜,2017-01,330100,26.66,1717,15242.37
3047,杭州市,油麦菜,2017-02,330100,26.0,1743,15308.48
3048,杭州市,油麦菜,2017-03,330100,33.66,2075,17470.22
3049,杭州市,油麦菜,2017-04,330100,51.0,3608,30668.0
3050,杭州市,油麦菜,2017-05,330100,34.47,2048,17594.899999999998
3051,杭州市,油麦菜,2017-06,330100,25.97,1038,9028.0
3052,杭州市,油麦菜,2017-07,330100,25.77,2265,19450.08
3053,杭州市,油麦菜,2017-08,330100,25.9,1688,14588.93
3054,杭州市,油麦菜,2017-09,330100,25.87,761,6557.27
3055,杭州市,油麦菜,2017-10,330100,25.07,681,5652.67
3056,杭州市,油麦菜,2017-11,330100,24.63,1267,10404.27
3057,杭州市,油麦菜,2017-12,330100,25.46,1720,14576.95
3058,杭州市,油麦菜,2018-01,330100,25.5,1787,15189.5
3059,杭州市,油麦菜,2018-02,330100,26.14,1404,12180.82
3060,杭州市,油麦菜,2018-03,330100,25.8,1594,13708.4
3061,杭州市,油麦菜,2018-04,330100,25.59,665,5672.449999999999
3062,杭州市,油麦菜,2018-05,330100,25.73,1502,12851.89
3063,杭州市,油麦菜,2018-06,330100,25.8,1199,10311.4
3064,杭州市,油麦菜,2018-07,330100,25.8,680,5848.0
3065,杭州市,油麦菜,2018-08,330100,25.8,1299,11171.4
3066,杭州市,油麦菜,2018-09,330100,25.97,1625,14074.62
3067,杭州市,油麦菜,2018-10,330100,25.97,708,6140.65
3068,杭州市,油麦菜,2018-11,330100,24.81,1402,11594.54
3069,杭州市,油麦菜,2018-12,330100,24.81,1032,8534.64
3070,杭州市,油麦菜,2019-01,330100,24.87,2285,18927.37
3071,杭州市,油麦菜,2019-02,330100,25.0,1046,8804.98
3072,杭州市,油麦菜,2019-03,330100,17.34,749,6493.83
3073,杭州市,蒜黄,2016-12,330100,9.66,785,4014.05
3074,杭州市,蒜黄,2017-01,330100,13.84,1683,7697.43
3075,杭州市,蒜黄,2017-02,330100,14.0,1066,5128.87
3076,杭州市,蒜黄,2017-03,330100,12.84,1327,4305.1500000000015
3077,杭州市,蒜黄,2017-04,330100,18.88,3635,11414.03
3078,杭州市,蒜黄,2017-05,330100,13.44,1766,6015.86
3079,杭州市,蒜黄,2017-06,330100,11.57,1156,4427.92
3080,杭州市,蒜黄,2017-07,330100,13.27,887,3933.57
3081,杭州市,蒜黄,2017-08,330100,17.8,1448,8706.529999999999
3082,杭州市,蒜黄,2017-09,330100,19.69,1683,10971.29
3083,杭州市,蒜黄,2017-10,330100,17.84,1480,8964.73
3084,杭州市,蒜黄,2017-11,330100,17.17,2032,11831.26
3085,杭州市,蒜黄,2017-12,330100,15.59,1109,5868.97
3086,杭州市,蒜黄,2018-01,330100,16.07,1968,10759.04
3087,杭州市,蒜黄,2018-02,330100,19.83,1057,7087.78
3088,杭州市,蒜黄,2018-03,330100,14.87,2047,10244.15
3089,杭州市,蒜黄,2018-04,330100,12.51,898,3744.66
3090,杭州市,蒜黄,2018-05,330100,12.6,1799,7739.5999999999985
3091,杭州市,蒜黄,2018-06,330100,15.87,1330,7073.66
3092,杭州市,蒜黄,2018-07,330100,16.63,1425,7887.16
3093,杭州市,蒜黄,2018-08,330100,18.93,1541,9700.23
3094,杭州市,蒜黄,2018-09,330100,22.33,1469,10678.51
3095,杭州市,蒜黄,2018-10,330100,22.33,658,4560.82
3096,杭州市,蒜黄,2018-11,330100,17.83,1623,10236.79
3097,杭州市,蒜黄,2018-12,330100,15.33,1545,7969.530000000002
3098,杭州市,蒜黄,2019-01,330100,16.0,1743,9280.44
3099,杭州市,蒜黄,2019-02,330100,18.17,1736,10575.97
3100,杭州市,蒜黄,2019-03,330100,11.33,638,3546.6
3101,杭州市,上海青,2016-12,330100,13.54,787,5327.99
3102,杭州市,上海青,2017-01,330100,20.31,1389,9403.53
3103,杭州市,上海青,2017-02,330100,20.31,2114,14311.78
3104,杭州市,上海青,2017-03,330100,26.4,2694,17655.28
3105,杭州市,上海青,2017-04,330100,40.02,1563,10425.21
3106,杭州市,上海青,2017-05,330100,26.98,2165,14613.25
3107,杭州市,上海青,2017-06,330100,20.01,2179,14533.93
3108,杭州市,上海青,2017-07,330100,20.01,2352,15687.84
3109,杭州市,上海青,2017-08,330100,20.17,1612,10636.39
3110,杭州市,上海青,2017-09,330100,21.0,1853,12971.0
3111,杭州市,上海青,2017-10,330100,20.67,1360,9214.75
3112,杭州市,上海青,2017-11,330100,20.01,1623,10825.41
3113,杭州市,上海青,2017-12,330100,19.6,2014,13145.68
3114,杭州市,上海青,2018-01,330100,19.57,1488,9678.37
3115,杭州市,上海青,2018-02,330100,19.84,589,3895.860000000001
3116,杭州市,上海青,2018-03,330100,19.71,1804,11852.28
3117,杭州市,上海青,2018-04,330100,19.630000000000006,1698,11107.58
3118,杭州市,上海青,2018-05,330100,19.14,1778,11333.0
3119,杭州市,上海青,2018-06,330100,19.200000000000006,2790,17856.0
3120,杭州市,上海青,2018-07,330100,19.23,675,4328.97
3121,杭州市,上海青,2018-08,330100,19.26,1295,8303.630000000001
3122,杭州市,上海青,2018-09,330100,19.200000000000006,1908,12211.2
3123,杭州市,上海青,2018-10,330100,19.200000000000006,1306,8358.400000000001
3124,杭州市,上海青,2018-11,330100,19.200000000000006,1966,12582.4
3125,杭州市,上海青,2018-12,330100,17.490000000000002,686,3999.38
3126,杭州市,上海青,2019-01,330100,17.490000000000002,1059,6173.969999999998
3127,杭州市,上海青,2019-02,330100,17.83,788,4605.94
3128,杭州市,上海青,2019-03,330100,13.54,793,5368.61
3129,杭州市,香菜,2016-12,330100,8.5,1323,5582.83
3130,杭州市,香菜,2017-01,330100,13.16,2161,9446.55
3131,杭州市,香菜,2017-02,330100,14.66,2592,12643.46
3132,杭州市,香菜,2017-03,330100,18.0,1693,7459.549999999998
3133,杭州市,香菜,2017-04,330100,24.74,3450,14284.16
3134,杭州市,香菜,2017-05,330100,14.74,1634,6014.75
3135,杭州市,香菜,2017-06,330100,10.54,1010,3559.2899999999995
3136,杭州市,香菜,2017-07,330100,10.26,844,2875.18
3137,杭州市,香菜,2017-08,330100,11.93,1581,6304.75
3138,杭州市,香菜,2017-09,330100,11.67,2143,8314.05
3139,杭州市,香菜,2017-10,330100,11.49,1602,6135.66
3140,杭州市,香菜,2017-11,330100,12.34,714,2949.84
3141,杭州市,香菜,2017-12,330100,12.0,994,3976.0
3142,杭州市,香菜,2018-01,330100,13.53,762,3457.5799999999995
3143,杭州市,香菜,2018-02,330100,15.87,1460,7598.76
3144,杭州市,香菜,2018-03,330100,15.03,473,2291.54
3145,杭州市,香菜,2018-04,330100,13.24,1462,6586.18
3146,杭州市,香菜,2018-05,330100,12.54,1488,6254.5999999999985
3147,杭州市,香菜,2018-06,330100,12.03,1959,7845.84
3148,杭州市,香菜,2018-07,330100,12.13,1837,7390.76
3149,杭州市,香菜,2018-08,330100,12.6,1552,6492.8
3150,杭州市,香菜,2018-09,330100,13.94,1489,6934.87
3151,杭州市,香菜,2018-10,330100,13.84,1972,9041.11
3152,杭州市,香菜,2018-11,330100,13.33,1099,4877.16
3153,杭州市,香菜,2018-12,330100,14.67,1357,6702.37
3154,杭州市,香菜,2019-01,330100,15.66,1409,7448.92
3155,杭州市,香菜,2019-02,330100,18.67,1002,6198.98
3156,杭州市,香菜,2019-03,330100,12.34,1308,8070.3600000000015
3157,杭州市,豆角,2016-12,330100,7.6,1112,4117.6
3158,杭州市,豆角,2017-01,330100,10.77,908,3191.5
3159,杭州市,豆角,2017-02,330100,10.33,1022,3415.84
3160,杭州市,豆角,2017-03,330100,13.0,2226,7164.74
3161,杭州市,豆角,2017-04,330100,18.6,3029,9364.63
3162,杭州市,豆角,2017-05,330100,12.12,1411,4275.33
3163,杭州市,豆角,2017-06,330100,9.47,1038,3286.71
3164,杭州市,豆角,2017-07,330100,9.7,1577,5059.7
3165,杭州市,豆角,2017-08,330100,9.9,2210,7293.0
3166,杭州市,豆角,2017-09,330100,10.63,1829,6655.47
3167,杭州市,豆角,2017-10,330100,13.5,1905,8572.5
3168,杭州市,豆角,2017-11,330100,12.99,2307,9989.31
3169,杭州市,豆角,2017-12,330100,12.99,1840,7967.200000000002
3170,杭州市,豆角,2018-01,330100,12.99,478,2069.74
3171,杭州市,豆角,2018-02,330100,13.5,1016,4692.3600000000015
3172,杭州市,豆角,2018-03,330100,13.17,1220,5615.08
3173,杭州市,豆角,2018-04,330100,11.34,1308,5036.04
3174,杭州市,豆角,2018-05,330100,10.8,1149,4136.4
3175,杭州市,豆角,2018-06,330100,11.14,1695,6268.09
3176,杭州市,豆角,2018-07,330100,11.54,1001,3890.61
3177,杭州市,豆角,2018-08,330100,12.09,1881,7580.43
3178,杭州市,豆角,2018-09,330100,12.44,1662,6913.18
3179,杭州市,豆角,2018-10,330100,12.34,819,3307.45
3180,杭州市,豆角,2018-11,330100,11.5,1425,5432.74
3181,杭州市,豆角,2018-12,330100,11.49,1112,4258.96
3182,杭州市,豆角,2019-01,330100,11.49,1845,7066.35
3183,杭州市,豆角,2019-02,330100,12.67,1413,5893.97
3184,杭州市,豆角,2019-03,330100,8.5,522,2233.86
3185,杭州市,小葱,2017-01,330100,19.5,2292,8779.0
3186,杭州市,小葱,2017-02,330100,14.8,1529,5596.999999999999
3187,杭州市,小葱,2017-03,330100,12.8,1445,4585.8
3188,杭州市,小葱,2017-04,330100,15.0,3504,10547.2
3189,杭州市,小葱,2017-05,330100,18.2,3161,8218.6
3190,杭州市,小葱,2017-06,330100,12.3,1325,4296.1
3191,杭州市,小葱,2017-07,330100,14.1,1127,3893.5
3192,杭州市,小葱,2017-08,330100,23.4,3246,14647.2
3193,杭州市,小葱,2017-09,330100,19.6,2337,11442.5
3194,杭州市,小葱,2017-10,330100,23.5,2232,10490.4
3195,杭州市,小葱,2017-11,330100,19.2,1790,8519.7
3196,杭州市,小葱,2017-12,330100,20.3,2176,11046.7
3197,杭州市,小葱,2018-01,330100,24.6,3206,15851.7
3198,杭州市,小葱,2018-02,330100,18.8,636,2989.2000000000007
3199,杭州市,小葱,2018-03,330100,16.4,1425,5745.9
3200,杭州市,小葱,2018-04,330100,15.8,1493,5984.799999999998
3201,杭州市,小葱,2018-05,330100,20.5,3279,13443.9
3202,杭州市,小葱,2018-06,330100,16.1,2319,9341.4
3203,杭州市,小葱,2018-07,330100,20.8,3433,13820.8
3204,杭州市,小葱,2018-08,330100,21.2,1955,10087.3
3205,杭州市,小葱,2018-09,330100,20.3,1950,9883.8
3206,杭州市,小葱,2018-10,330100,24.2,2539,12192.8
3207,杭州市,小葱,2018-11,330100,19.4,1533,7320.8
3208,杭州市,小葱,2018-12,330100,18.8,1889,8878.3
3209,杭州市,小葱,2019-01,330100,23.1,3020,14106.4
3210,杭州市,小葱,2019-02,330100,15.4,1788,6958.2
3211,杭州市,小葱,2019-03,330100,11.4,801,3043.8
3212,杭州市,西红柿,2016-12,330100,78.66,1276,50185.08
3213,杭州市,西红柿,2017-01,330100,117.51,1884,73796.28
3214,杭州市,西红柿,2017-02,330100,127.84,2533,106689.58
3215,杭州市,西红柿,2017-03,330100,155.32,1125,43683.75
3216,杭州市,西红柿,2017-04,330100,239.66,3036,121455.3
3217,杭州市,西红柿,2017-05,330100,158.99,2226,88500.20999999998
3218,杭州市,西红柿,2017-06,330100,118.17,732,28850.97
3219,杭州市,西红柿,2017-07,330100,117.0,2024,78936.0
3220,杭州市,西红柿,2017-08,330100,117.67,1961,76957.38
3221,杭州市,西红柿,2017-09,330100,117.0,1883,73437.0
3222,杭州市,西红柿,2017-10,330100,116.33,2154,83420.42
3223,杭州市,西红柿,2017-11,330100,115.33,1699,65310.69
3224,杭州市,西红柿,2017-12,330100,116.01,1115,43117.05
3225,杭州市,西红柿,2018-01,330100,116.01,1338,51740.46000000001
3226,杭州市,西红柿,2018-02,330100,122.34,1388,57202.2
3227,杭州市,西红柿,2018-03,330100,120.0,1389,55560.0
3228,杭州市,西红柿,2018-04,330100,117.99,1717,67529.61
3229,杭州市,西红柿,2018-05,330100,116.01,2191,84725.97
3230,杭州市,西红柿,2018-06,330100,116.67,913,35604.69
3231,杭州市,西红柿,2018-07,330100,117.99,1229,48336.56999999999
3232,杭州市,西红柿,2018-08,330100,117.99,1202,47274.66
3233,杭州市,西红柿,2018-09,330100,118.66,1584,62659.17999999999
3234,杭州市,西红柿,2018-10,330100,120.0,1162,46480.0
3235,杭州市,西红柿,2018-11,330100,120.0,2517,100680.0
3236,杭州市,西红柿,2018-12,330100,120.0,2158,86320.0
3237,杭州市,西红柿,2019-01,330100,120.0,1586,63440.0
3238,杭州市,西红柿,2019-02,330100,119.67,1564,62525.02
3239,杭州市,西红柿,2019-03,330100,79.34,1100,43637.0
3240,杭州市,茼蒿,2016-12,330100,7.06,1141,4027.73
3241,杭州市,茼蒿,2017-01,330100,10.59,893,3152.29
3242,杭州市,茼蒿,2017-02,330100,9.9,1434,4627.6
3243,杭州市,茼蒿,2017-03,330100,11.0,2235,6181.05
3244,杭州市,茼蒿,2017-04,330100,16.259999999999998,1951,5315.97
3245,杭州市,茼蒿,2017-05,330100,10.88,1804,4920.879999999999
3246,杭州市,茼蒿,2017-06,330100,8.61,1573,4514.51
3247,杭州市,茼蒿,2017-07,330100,8.21,2312,6360.44
3248,杭州市,茼蒿,2017-08,330100,8.66,2013,5859.1399999999985
3249,杭州市,茼蒿,2017-09,330100,8.01,1534,4095.78
3250,杭州市,茼蒿,2017-10,330100,8.01,1617,4317.3899999999985
3251,杭州市,茼蒿,2017-11,330100,8.01,2009,5364.03
3252,杭州市,茼蒿,2017-12,330100,8.34,1659,4612.02
3253,杭州市,茼蒿,2018-01,330100,9.0,1240,3720.0
3254,杭州市,茼蒿,2018-02,330100,9.93,893,3049.35
3255,杭州市,茼蒿,2018-03,330100,9.74,2175,7058.630000000001
3256,杭州市,茼蒿,2018-04,330100,9.6,575,1840.0
3257,杭州市,茼蒿,2018-05,330100,10.59,1639,5785.67
3258,杭州市,茼蒿,2018-06,330100,9.81,2143,7007.61
3259,杭州市,茼蒿,2018-07,330100,9.93,1708,5638.74
3260,杭州市,茼蒿,2018-08,330100,9.99,2252,7499.16
3261,杭州市,茼蒿,2018-09,330100,9.99,1707,5684.31
3262,杭州市,茼蒿,2018-10,330100,10.33,359,1239.67
3263,杭州市,茼蒿,2018-11,330100,11.01,1654,6070.18
3264,杭州市,茼蒿,2018-12,330100,11.01,1235,4532.45
3265,杭州市,茼蒿,2019-01,330100,11.01,1794,6583.980000000001
3266,杭州市,茼蒿,2019-02,330100,10.9,1126,4118.92
3267,杭州市,茼蒿,2019-03,330100,7.54,1906,7185.62
3268,杭州市,香菇,2016-12,330100,11.0,1818,10014.98
3269,杭州市,香菇,2017-01,330100,16.67,1154,6453.59
3270,杭州市,香菇,2017-02,330100,16.17,1033,5590.42
3271,杭州市,香菇,2017-03,330100,20.54,1928,9956.77
3272,杭州市,香菇,2017-04,330100,30.26,3218,16223.49
3273,杭州市,香菇,2017-05,330100,21.13,2175,11526.55
3274,杭州市,香菇,2017-06,330100,15.2,1907,9675.96
3275,杭州市,香菇,2017-07,330100,14.91,1417,7042.49
3276,杭州市,香菇,2017-08,330100,15.69,905,4651.65
3277,杭州市,香菇,2017-09,330100,16.33,1718,9340.2
3278,杭州市,香菇,2017-10,330100,16.009999999999998,1257,6501.19
3279,杭州市,香菇,2017-11,330100,16.5,1846,10287.98
3280,杭州市,香菇,2017-12,330100,15.73,2182,11459.84
3281,杭州市,香菇,2018-01,330100,17.47,1807,10323.81
3282,杭州市,香菇,2018-02,330100,19.53,2141,13911.19
3283,杭州市,香菇,2018-03,330100,19.33,2149,13830.8
3284,杭州市,香菇,2018-04,330100,18.51,1534,9464.78
3285,杭州市,香菇,2018-05,330100,17.6,2197,12890.22
3286,杭州市,香菇,2018-06,330100,16.259999999999998,1019,5530.09
3287,杭州市,香菇,2018-07,330100,16.43,1676,9036.04
3288,杭州市,香菇,2018-08,330100,17.21,2222,12758.64
3289,杭州市,香菇,2018-09,330100,16.59,1916,10595.48
3290,杭州市,香菇,2018-10,330100,17.17,1976,11318.64
3291,杭州市,香菇,2018-11,330100,17.009999999999998,1440,8164.799999999998
3292,杭州市,香菇,2018-12,330100,16.16,1733,9367.45
3293,杭州市,香菇,2019-01,330100,16.33,2270,12342.71
3294,杭州市,香菇,2019-02,330100,18.83,1958,12150.13
3295,杭州市,香菇,2019-03,330100,13.0,996,6474.0
3296,杭州市,木耳,2017-01,330100,56.12,3510,39574.87
3297,杭州市,木耳,2017-02,330100,44.53,1285,13986.14
3298,杭州市,木耳,2017-03,330100,41.29,3043,31429.98
3299,杭州市,木耳,2017-04,330100,49.67,2835,28060.76
3300,杭州市,木耳,2017-05,330100,62.84,3427,30882.32
3301,杭州市,木耳,2017-06,330100,34.99,2851,24987.21
3302,杭州市,木耳,2017-07,330100,36.16,1362,12358.04
3303,杭州市,木耳,2017-08,330100,47.77,2318,22336.59
3304,杭州市,木耳,2017-09,330100,38.36,2150,20558.5
3305,杭州市,木耳,2017-10,330100,46.0,2580,23736.76
3306,杭州市,木耳,2017-11,330100,36.8,2785,25733.3
3307,杭州市,木耳,2017-12,330100,39.19,1449,14146.51
3308,杭州市,木耳,2018-01,330100,50.21,3035,30522.39
3309,杭州市,木耳,2018-02,330100,38.57,1640,14751.48
3310,杭州市,木耳,2018-03,330100,28.72,2465,17578.07
3311,杭州市,木耳,2018-04,330100,27.23,1967,13348.13
3312,杭州市,木耳,2018-05,330100,34.910000000000004,2649,18259.22
3313,杭州市,木耳,2018-06,330100,30.68,2064,16017.14
3314,杭州市,木耳,2018-07,330100,42.85,1845,16284.62
3315,杭州市,木耳,2018-08,330100,38.97,1711,16887.53
3316,杭州市,木耳,2018-09,330100,47.7,1074,13388.499999999998
3317,杭州市,木耳,2018-10,330100,60.75,2916,35813.57
3318,杭州市,木耳,2018-11,330100,46.83,1758,20567.12
3319,杭州市,木耳,2018-12,330100,43.62000000000001,2051,23080.86
3320,杭州市,木耳,2019-01,330100,52.24,1704,17961.58
3321,杭州市,木耳,2019-02,330100,39.75,2082,20621.44
3322,杭州市,木耳,2019-03,330100,31.96,1295,13960.39
3323,杭州市,蒜苔,2016-12,330100,9.84,1320,6616.9000000000015
3324,杭州市,蒜苔,2017-01,330100,14.83,1256,6277.79
3325,杭州市,蒜苔,2017-02,330100,15.83,1804,9579.85
3326,杭州市,蒜苔,2017-03,330100,19.200000000000006,1894,9101.0
3327,杭州市,蒜苔,2017-04,330100,27.82,2705,12501.15
3328,杭州市,蒜苔,2017-05,330100,18.68,1346,6338.52
3329,杭州市,蒜苔,2017-06,330100,13.14,1848,8028.69
3330,杭州市,蒜苔,2017-07,330100,12.63,1471,6198.75
3331,杭州市,蒜苔,2017-08,330100,13.260000000000002,2344,10305.15
3332,杭州市,蒜苔,2017-09,330100,13.5,856,3852.0
3333,杭州市,蒜苔,2017-10,330100,13.67,1573,7178.46
3334,杭州市,蒜苔,2017-11,330100,14.0,1246,5747.08
3335,杭州市,蒜苔,2017-12,330100,13.5,1869,8410.5
3336,杭州市,蒜苔,2018-01,330100,13.5,1654,7443.0
3337,杭州市,蒜苔,2018-02,330100,14.16,1290,6114.58
3338,杭州市,蒜苔,2018-03,330100,13.77,1659,7576.5999999999985
3339,杭州市,蒜苔,2018-04,330100,13.09,1199,5227.77
3340,杭州市,蒜苔,2018-05,330100,13.06,695,3036.16
3341,杭州市,蒜苔,2018-06,330100,11.93,2020,7968.2
3342,杭州市,蒜苔,2018-07,330100,11.67,1214,4816.73
3343,杭州市,蒜苔,2018-08,330100,12.36,2108,8719.04
3344,杭州市,蒜苔,2018-09,330100,14.07,1516,7003.16
3345,杭州市,蒜苔,2018-10,330100,15.99,1727,9204.91
3346,杭州市,蒜苔,2018-11,330100,15.33,1188,6008.97
3347,杭州市,蒜苔,2018-12,330100,15.0,1333,6665.0
3348,杭州市,蒜苔,2019-01,330100,16.43,1201,6497.87
3349,杭州市,蒜苔,2019-02,330100,17.84,1620,9682.1
3350,杭州市,蒜苔,2019-03,330100,11.33,1062,6013.26
3351,杭州市,芹菜,2016-12,330100,92.66,1292,59858.36
3352,杭州市,芹菜,2017-01,330100,138.99,2070,95903.1
3353,杭州市,芹菜,2017-02,330100,137.0,1083,48926.76
3354,杭州市,芹菜,2017-03,330100,182.0,1686,76602.0
3355,杭州市,芹菜,2017-04,330100,276.0,3804,174984.0
3356,杭州市,芹菜,2017-05,330100,184.0,2442,112332.0
3357,杭州市,芹菜,2017-06,330100,138.0,1486,68356.0
3358,杭州市,芹菜,2017-07,330100,138.0,1388,63848.0
3359,杭州市,芹菜,2017-08,330100,138.0,1142,52532.0
3360,杭州市,芹菜,2017-09,330100,138.0,1761,81006.0
3361,杭州市,芹菜,2017-10,330100,138.0,1106,50876.0
3362,杭州市,芹菜,2017-11,330100,138.0,1475,67850.0
3363,杭州市,芹菜,2017-12,330100,138.0,591,27186.0
3364,杭州市,芹菜,2018-01,330100,138.99,918,42530.94
3365,杭州市,芹菜,2018-02,330100,139.32999999999998,1638,76168.36
3366,杭州市,芹菜,2018-03,330100,138.99,2136,98960.88
3367,杭州市,芹菜,2018-04,330100,138.99,1513,70097.29
3368,杭州市,芹菜,2018-05,330100,138.0,1764,81144.0
3369,杭州市,芹菜,2018-06,330100,138.0,2054,94484.0
3370,杭州市,芹菜,2018-07,330100,138.0,994,45724.0
3371,杭州市,芹菜,2018-08,330100,138.0,979,45034.0
3372,杭州市,芹菜,2018-09,330100,138.67000000000002,1419,65621.73
3373,杭州市,芹菜,2018-10,330100,140.01,1529,71358.43000000001
3374,杭州市,芹菜,2018-11,330100,140.01,1183,55210.61
3375,杭州市,芹菜,2018-12,330100,140.01,510,23801.7
3376,杭州市,芹菜,2019-01,330100,140.01,1754,81859.18
3377,杭州市,芹菜,2019-02,330100,140.01,1816,84752.72
3378,杭州市,芹菜,2019-03,330100,93.34,1021,47650.07
3379,杭州市,红薯,2016-12,330100,9.4,1008,4737.6
3380,杭州市,红薯,2017-01,330100,14.61,820,3993.4
3381,杭州市,红薯,2017-02,330100,14.44,1241,5994.2
3382,杭州市,红薯,2017-03,330100,17.4,2209,9472.53
3383,杭州市,红薯,2017-04,330100,25.8,2182,9428.56
3384,杭州市,红薯,2017-05,330100,16.68,1598,6663.66
3385,杭州市,红薯,2017-06,330100,11.49,1103,4224.49
3386,杭州市,红薯,2017-07,330100,11.37,1367,5175.55
3387,杭州市,红薯,2017-08,330100,13.94,2316,10617.28
3388,杭州市,红薯,2017-09,330100,16.53,1052,5792.12
3389,杭州市,红薯,2017-10,330100,15.84,2044,10795.91
3390,杭州市,红薯,2017-11,330100,16.09,2531,13562.13
3391,杭州市,红薯,2017-12,330100,16.759999999999998,1300,7294.3
3392,杭州市,红薯,2018-01,330100,16.73,1541,8583.47
3393,杭州市,红薯,2018-02,330100,16.740000000000002,2225,12405.76
3394,杭州市,红薯,2018-03,330100,16.16,2322,12501.38
3395,杭州市,红薯,2018-04,330100,15.71,2210,11572.8
3396,杭州市,红薯,2018-05,330100,15.81,1983,10450.41
3397,杭州市,红薯,2018-06,330100,15.81,2355,12410.85
3398,杭州市,红薯,2018-07,330100,15.81,1642,8653.34
3399,杭州市,红薯,2018-08,330100,16.63,1627,9106.35
3400,杭州市,红薯,2018-09,330100,17.31,1491,8603.07
3401,杭州市,红薯,2018-10,330100,17.009999999999998,749,4246.83
3402,杭州市,红薯,2018-11,330100,17.009999999999998,1897,10755.99
3403,杭州市,红薯,2018-12,330100,16.8,1594,8969.94
3404,杭州市,红薯,2019-01,330100,16.59,1522,8416.66
3405,杭州市,红薯,2019-02,330100,16.7,2321,12922.1
3406,杭州市,红薯,2019-03,330100,11.0,1574,8657.0
3407,杭州市,大蒜,2016-12,330100,12.34,895,5522.15
3408,杭州市,大蒜,2017-01,330100,17.34,1597,9375.42
3409,杭州市,大蒜,2017-02,330100,13.5,1126,5052.5
3410,杭州市,大蒜,2017-03,330100,15.4,1616,6227.56
3411,杭州市,大蒜,2017-04,330100,22.66,2201,8258.95
3412,杭州市,大蒜,2017-05,330100,14.87,1819,6814.43
3413,杭州市,大蒜,2017-06,330100,12.07,1249,4803.690000000001
3414,杭州市,大蒜,2017-07,330100,12.87,847,3623.529999999999
3415,杭州市,大蒜,2017-08,330100,14.76,1324,6489.440000000001
3416,杭州市,大蒜,2017-09,330100,15.34,2258,11554.01
3417,杭州市,大蒜,2017-10,330100,15.17,924,4651.45
3418,杭州市,大蒜,2017-11,330100,15.17,1736,8758.54
3419,杭州市,大蒜,2017-12,330100,14.66,791,3863.37
3420,杭州市,大蒜,2018-01,330100,14.53,1872,8880.7
3421,杭州市,大蒜,2018-02,330100,15.56,1927,10170.92
3422,杭州市,大蒜,2018-03,330100,15.7,1072,5612.81
3423,杭州市,大蒜,2018-04,330100,15.99,717,3821.61
3424,杭州市,大蒜,2018-05,330100,15.34,1213,6217.49
3425,杭州市,大蒜,2018-06,330100,15.81,1594,8428.18
3426,杭州市,大蒜,2018-07,330100,15.64,1485,7722.86
3427,杭州市,大蒜,2018-08,330100,17.17,2019,11600.05
3428,杭州市,大蒜,2018-09,330100,20.84,1604,11152.9
3429,杭州市,大蒜,2018-10,330100,21.17,1262,8822.42
3430,杭州市,大蒜,2018-11,330100,16.17,766,4064.72
3431,杭州市,大蒜,2018-12,330100,15.34,1553,8019.32
3432,杭州市,大蒜,2019-01,330100,14.16,1367,6373.59
3433,杭州市,大蒜,2019-02,330100,16.66,1601,9088.71
3434,杭州市,大蒜,2019-03,330100,11.16,1202,6582.16
3435,杭州市,生姜,2016-12,330100,32.66,951,15529.829999999998
3436,杭州市,生姜,2017-01,330100,48.33,1129,18163.0
3437,杭州市,生姜,2017-02,330100,48.33,1318,21251.68
3438,杭州市,生姜,2017-03,330100,64.0,2709,43344.0
3439,杭州市,生姜,2017-04,330100,96.0,2625,42000.0
3440,杭州市,生姜,2017-05,330100,63.34,1830,28946.370000000006
3441,杭州市,生姜,2017-06,330100,47.01,772,12097.24
3442,杭州市,生姜,2017-07,330100,47.01,1395,21859.65
3443,杭州市,生姜,2017-08,330100,47.01,1631,25557.77
3444,杭州市,生姜,2017-09,330100,46.01,1864,28333.88
3445,杭州市,生姜,2017-10,330100,44.0,1980,28983.61
3446,杭州市,生姜,2017-11,330100,42.99,1961,28101.13
3447,杭州市,生姜,2017-12,330100,42.99,593,8497.69
3448,杭州市,生姜,2018-01,330100,42.99,1051,15060.83
3449,杭州市,生姜,2018-02,330100,43.83,1454,21303.7
3450,杭州市,生姜,2018-03,330100,45.51,1673,25379.41
3451,杭州市,生姜,2018-04,330100,42.99,2238,32070.54
3452,杭州市,生姜,2018-05,330100,42.99,740,10604.2
3453,杭州市,生姜,2018-06,330100,44.59,2112,31334.560000000005
3454,杭州市,生姜,2018-07,330100,45.39,1469,22225.97
3455,杭州市,生姜,2018-08,330100,45.06,1227,18562.2
3456,杭州市,生姜,2018-09,330100,45.07,1391,20919.12
3457,杭州市,生姜,2018-10,330100,46.41,860,13304.2
3458,杭州市,生姜,2018-11,330100,44.99,1894,28068.02
3459,杭州市,生姜,2018-12,330100,42.99,2002,28688.660000000003
3460,杭州市,生姜,2019-01,330100,42.99,1736,24876.88
3461,杭州市,生姜,2019-02,330100,43.66,2251,32907.4
3462,杭州市,生姜,2019-03,330100,29.0,1403,20418.13
3463,杭州市,白菜,2016-12,330100,34.66,1235,21402.55
3464,杭州市,白菜,2017-01,330100,52.16,1685,29279.59
3465,杭州市,白菜,2017-02,330100,52.5,957,16747.5
3466,杭州市,白菜,2017-03,330100,70.86,2089,37021.04
3467,杭州市,白菜,2017-04,330100,107.58,2451,43946.429999999986
3468,杭州市,白菜,2017-05,330100,71.06,2380,42311.06
3469,杭州市,白菜,2017-06,330100,51.99,863,14955.79
3470,杭州市,白菜,2017-07,330100,51.0,1528,25976.0
3471,杭州市,白菜,2017-08,330100,51.0,1158,19686.0
3472,杭州市,白菜,2017-09,330100,51.33,177,3030.12
3473,杭州市,白菜,2017-10,330100,52.33,2333,40676.61
3474,杭州市,白菜,2017-11,330100,51.0,2316,39372.0
3475,杭州市,白菜,2017-12,330100,51.0,2347,39899.0
3476,杭州市,白菜,2018-01,330100,51.0,1574,26758.0
3477,杭州市,白菜,2018-02,330100,51.5,1501,25571.0
3478,杭州市,白菜,2018-03,330100,52.5,1033,18077.5
3479,杭州市,白菜,2018-04,330100,48.67,1146,18590.66
3480,杭州市,白菜,2018-05,330100,48.51000000000001,580,9378.6
3481,杭州市,白菜,2018-06,330100,48.17,1763,28359.300000000007
3482,杭州市,白菜,2018-07,330100,48.0,1907,30512.0
3483,杭州市,白菜,2018-08,330100,48.0,673,10768.0
3484,杭州市,白菜,2018-09,330100,49.33,1119,18374.82
3485,杭州市,白菜,2018-10,330100,55.33,523,9611.75
3486,杭州市,白菜,2018-11,330100,52.5,2324,40346.67
3487,杭州市,白菜,2018-12,330100,50.49,1674,28173.42
3488,杭州市,白菜,2019-01,330100,49.84,1317,21847.46
3489,杭州市,白菜,2019-02,330100,50.67,1036,17353.280000000002
3490,杭州市,白菜,2019-03,330100,33.34,1029,17153.43
3491,杭州市,青椒,2016-12,330100,5.16,866,2234.28
3492,杭州市,青椒,2017-01,330100,7.74,1902,4907.16
3493,杭州市,青椒,2017-02,330100,7.93,1624,4347.219999999998
3494,杭州市,青椒,2017-03,330100,10.9,1840,5011.0
3495,杭州市,青椒,2017-04,330100,16.799999999999994,2607,7299.5999999999985
3496,杭州市,青椒,2017-05,330100,11.27,2474,6971.37
3497,杭州市,青椒,2017-06,330100,8.61,2492,7152.04
3498,杭州市,青椒,2017-07,330100,8.61,1062,3047.94
3499,杭州市,青椒,2017-08,330100,8.61,1768,5074.160000000002
3500,杭州市,青椒,2017-09,330100,8.61,819,2350.53
3501,杭州市,青椒,2017-10,330100,8.61,2089,5995.43
3502,杭州市,青椒,2017-11,330100,8.870000000000003,1602,4712.66
3503,杭州市,青椒,2017-12,330100,9.0,1785,5355.0
3504,杭州市,青椒,2018-01,330100,9.0,1444,4332.0
3505,杭州市,青椒,2018-02,330100,9.0,1204,3612.0
3506,杭州市,青椒,2018-03,330100,9.17,1396,4221.49
3507,杭州市,青椒,2018-04,330100,9.0,1008,3024.0
3508,杭州市,青椒,2018-05,330100,9.0,772,2316.0
3509,杭州市,青椒,2018-06,330100,9.0,1267,3801.0
3510,杭州市,青椒,2018-07,330100,9.0,640,1920.0
3511,杭州市,青椒,2018-08,330100,9.0,1419,4257.0
3512,杭州市,青椒,2018-09,330100,9.0,1473,4419.0
3513,杭州市,青椒,2018-10,330100,9.0,2097,6291.0
3514,杭州市,青椒,2018-11,330100,9.0,1661,4983.0
3515,杭州市,青椒,2018-12,330100,9.0,2133,6399.0
3516,杭州市,青椒,2019-01,330100,9.0,1368,4104.0
3517,杭州市,青椒,2019-02,330100,9.0,474,1422.0
3518,杭州市,青椒,2019-03,330100,6.0,1361,4083.0
3519,杭州市,南瓜,2016-12,330100,45.0,1303,29317.5
3520,杭州市,南瓜,2017-01,330100,66.51,2113,46845.21000000001
3521,杭州市,南瓜,2017-02,330100,65.84,1763,38649.54
3522,杭州市,南瓜,2017-03,330100,86.0,1625,35034.85
3523,杭州市,南瓜,2017-04,330100,125.68,2899,60794.29
3524,杭州市,南瓜,2017-05,330100,82.0,1571,32205.5
3525,杭州市,南瓜,2017-06,330100,59.5,2416,47922.0
3526,杭州市,南瓜,2017-07,330100,60.0,380,7600.0
3527,杭州市,南瓜,2017-08,330100,60.0,1583,31660.0
3528,杭州市,南瓜,2017-09,330100,60.0,1330,26600.0
3529,杭州市,南瓜,2017-10,330100,62.99,1240,26252.2
3530,杭州市,南瓜,2017-11,330100,63.99,1577,33637.41
3531,杭州市,南瓜,2017-12,330100,63.99,1453,30992.49
3532,杭州市,南瓜,2018-01,330100,63.99,1383,29499.39
3533,杭州市,南瓜,2018-02,330100,64.99,1517,32829.61
3534,杭州市,南瓜,2018-03,330100,66.99,1208,26974.64
3535,杭州市,南瓜,2018-04,330100,60.99,1762,35821.46
3536,杭州市,南瓜,2018-05,330100,60.99,1569,31897.77
3537,杭州市,南瓜,2018-06,330100,59.99,895,18088.35
3538,杭州市,南瓜,2018-07,330100,59.49,1225,24291.75
3539,杭州市,南瓜,2018-08,330100,59.49,497,9855.509999999998
3540,杭州市,南瓜,2018-09,330100,61.83,1711,35092.11
3541,杭州市,南瓜,2018-10,330100,66.51,1891,41923.47
3542,杭州市,南瓜,2018-11,330100,67.67,2145,48295.65000000001
3543,杭州市,南瓜,2018-12,330100,68.01,1143,25911.81
3544,杭州市,南瓜,2019-01,330100,68.01,537,12173.79
3545,杭州市,南瓜,2019-02,330100,69.0,1630,37459.64
3546,杭州市,南瓜,2019-03,330100,46.66,240,5599.2
3547,杭州市,茄子,2016-12,330100,19.34,731,7068.77
3548,杭州市,茄子,2017-01,330100,30.66,2014,20614.21
3549,杭州市,茄子,2017-02,330100,33.99,1127,12768.91
3550,杭州市,茄子,2017-03,330100,41.32,1492,15412.36
3551,杭州市,茄子,2017-04,330100,61.98,2951,30483.83
3552,杭州市,茄子,2017-05,330100,41.66,2610,27201.68
3553,杭州市,茄子,2017-06,330100,31.5,858,9009.0
3554,杭州市,茄子,2017-07,330100,31.5,1876,19698.0
3555,杭州市,茄子,2017-08,330100,31.5,633,6646.5
3556,杭州市,茄子,2017-09,330100,31.5,1859,19519.5
3557,杭州市,茄子,2017-10,330100,34.129999999999995,1385,15473.05
3558,杭州市,茄子,2017-11,330100,34.8,1989,23072.4
3559,杭州市,茄子,2017-12,330100,34.89,851,9897.13
3560,杭州市,茄子,2018-01,330100,34.89,1774,20631.620000000006
3561,杭州市,茄子,2018-02,330100,37.96,1813,23289.7
3562,杭州市,茄子,2018-03,330100,33.67,1027,11820.94
3563,杭州市,茄子,2018-04,330100,33.0,814,8954.0
3564,杭州市,茄子,2018-05,330100,32.01,1626,17349.42
3565,杭州市,茄子,2018-06,330100,32.01,1625,17338.75
3566,杭州市,茄子,2018-07,330100,32.01,1674,17861.579999999998
3567,杭州市,茄子,2018-08,330100,32.01,1594,17007.98
3568,杭州市,茄子,2018-09,330100,32.67,1848,20292.36
3569,杭州市,茄子,2018-10,330100,33.99,1801,20405.33
3570,杭州市,茄子,2018-11,330100,35.01,1518,17715.059999999998
3571,杭州市,茄子,2018-12,330100,35.01,1651,19267.17
3572,杭州市,茄子,2019-01,330100,35.34,324,3781.41
3573,杭州市,茄子,2019-02,330100,36.0,1345,16140.0
3574,杭州市,茄子,2019-03,330100,21.83,940,10185.47
3575,杭州市,生菜,2016-12,330100,66.0,796,26268.0
3576,杭州市,生菜,2017-01,330100,99.0,1422,46926.0
3577,杭州市,生菜,2017-02,330100,99.0,1554,51282.0
3578,杭州市,生菜,2017-03,330100,132.0,1552,51216.0
3579,杭州市,生菜,2017-04,330100,198.0,3609,119097.0
3580,杭州市,生菜,2017-05,330100,132.0,1632,53856.0
3581,杭州市,生菜,2017-06,330100,99.0,1558,51414.0
3582,杭州市,生菜,2017-07,330100,99.0,641,21153.0
3583,杭州市,生菜,2017-08,330100,99.0,1538,50754.0
3584,杭州市,生菜,2017-09,330100,99.0,1286,42438.0
3585,杭州市,生菜,2017-10,330100,99.0,1567,51711.0
3586,杭州市,生菜,2017-11,330100,103.0,1673,58299.0
3587,杭州市,生菜,2017-12,330100,105.0,1280,44800.0
3588,杭州市,生菜,2018-01,330100,104.01,1881,65214.27
3589,杭州市,生菜,2018-02,330100,104.67,2253,78557.01000000001
3590,杭州市,生菜,2018-03,330100,105.99,668,23600.44
3591,杭州市,生菜,2018-04,330100,105.99,1719,60732.27
3592,杭州市,生菜,2018-05,330100,105.99,685,24201.05
3593,杭州市,生菜,2018-06,330100,105.99,771,27239.43
3594,杭州市,生菜,2018-07,330100,105.99,1789,63205.37
3595,杭州市,生菜,2018-08,330100,105.99,1583,55927.39
3596,杭州市,生菜,2018-09,330100,106.66,837,29715.26
3597,杭州市,生菜,2018-10,330100,108.0,1801,64836.0
3598,杭州市,生菜,2018-11,330100,108.0,2357,84852.0
3599,杭州市,生菜,2018-12,330100,108.0,1344,48384.0
3600,杭州市,生菜,2019-01,330100,108.0,1580,56880.0
3601,杭州市,生菜,2019-02,330100,108.0,2090,75240.0
3602,杭州市,生菜,2019-03,330100,72.0,1006,36216.0
3603,杭州市,娃娃菜,2016-12,330100,8.34,1830,7631.1
3604,杭州市,娃娃菜,2017-01,330100,12.51,1879,7835.43
3605,杭州市,娃娃菜,2017-02,330100,12.51,1251,5216.67
3606,杭州市,娃娃菜,2017-03,330100,17.0,1819,7727.15
3607,杭州市,娃娃菜,2017-04,330100,25.62,1164,4970.28
3608,杭州市,娃娃菜,2017-05,330100,17.08,971,4146.17
3609,杭州市,娃娃菜,2017-06,330100,12.81,1958,8360.66
3610,杭州市,娃娃菜,2017-07,330100,12.81,1692,7224.839999999998
3611,杭州市,娃娃菜,2017-08,330100,12.93,1198,5169.61
3612,杭州市,娃娃菜,2017-09,330100,12.81,1680,7173.5999999999985
3613,杭州市,娃娃菜,2017-10,330100,12.81,1335,5700.45
3614,杭州市,娃娃菜,2017-11,330100,13.21,1357,5890.99
3615,杭州市,娃娃菜,2017-12,330100,13.41,1438,6427.86
3616,杭州市,娃娃菜,2018-01,330100,13.5,1318,5931.0
3617,杭州市,娃娃菜,2018-02,330100,13.5,602,2709.0
3618,杭州市,娃娃菜,2018-03,330100,13.41,855,3821.85
3619,杭州市,娃娃菜,2018-04,330100,13.41,1280,5721.5999999999985
3620,杭州市,娃娃菜,2018-05,330100,13.44,1720,7703.6399999999985
3621,杭州市,娃娃菜,2018-06,330100,13.53,504,2269.23
3622,杭州市,娃娃菜,2018-07,330100,13.5,2154,9693.0
3623,杭州市,娃娃菜,2018-08,330100,13.5,1296,5832.0
3624,杭州市,娃娃菜,2018-09,330100,13.5,1182,5319.0
3625,杭州市,娃娃菜,2018-10,330100,13.5,2306,10377.0
3626,杭州市,娃娃菜,2018-11,330100,13.5,1639,7375.5
3627,杭州市,娃娃菜,2018-12,330100,13.5,813,3658.5
3628,杭州市,娃娃菜,2019-01,330100,13.5,1299,5845.5
3629,杭州市,娃娃菜,2019-02,330100,13.67,556,2511.35
3630,杭州市,娃娃菜,2019-03,330100,9.34,781,3647.27
3631,温州市,黄瓜,2016-12,330300,84.66,784,33186.72
3632,温州市,黄瓜,2017-01,330300,126.99,1381,58457.73
3633,温州市,黄瓜,2017-02,330300,127.99,1792,76069.36
3634,温州市,黄瓜,2017-03,330300,174.34,2893,126076.87
3635,温州市,黄瓜,2017-04,330300,262.02,2829,123542.43
3636,温州市,黄瓜,2017-05,330300,176.0,2238,98472.0
3637,温州市,黄瓜,2017-06,330300,130.0,1131,49020.0
3638,温州市,黄瓜,2017-07,330300,129.66,1287,55483.89
3639,温州市,黄瓜,2017-08,330300,129.0,1513,65059.0
3640,温州市,黄瓜,2017-09,330300,129.99,2358,102172.13999999998
3641,温州市,黄瓜,2017-10,330300,132.66,1082,47143.87
3642,温州市,黄瓜,2017-11,330300,129.99,1992,86313.36
3643,温州市,黄瓜,2017-12,330300,130.0,1583,68677.18
3644,温州市,黄瓜,2018-01,330300,129.0,1067,45881.0
3645,温州市,黄瓜,2018-02,330300,130.67000000000002,445,19382.15
3646,温州市,黄瓜,2018-03,330300,129.01,1483,63898.61
3647,温州市,黄瓜,2018-04,330300,128.01,1137,48515.79
3648,温州市,黄瓜,2018-05,330300,124.0,1868,77005.0
3649,温州市,黄瓜,2018-06,330300,123.0,1753,71873.0
3650,温州市,黄瓜,2018-07,330300,125.0,1060,43976.0
3651,温州市,黄瓜,2018-08,330300,127.34,980,41594.16
3652,温州市,黄瓜,2018-09,330300,129.67000000000002,1608,69503.12
3653,温州市,黄瓜,2018-10,330300,136.66,1023,46259.75
3654,温州市,黄瓜,2018-11,330300,144.0,1240,59520.0
3655,温州市,黄瓜,2018-12,330300,144.0,1007,48336.0
3656,温州市,黄瓜,2019-01,330300,144.0,2276,109248.0
3657,温州市,黄瓜,2019-02,330300,144.0,2119,101712.0
3658,温州市,黄瓜,2019-03,330300,96.0,219,10512.0
3659,温州市,菠菜,2016-12,330300,13.84,654,4437.18
3660,温州市,菠菜,2017-01,330300,18.66,1463,8945.64
3661,温州市,菠菜,2017-02,330300,19.0,732,4668.68
3662,温州市,菠菜,2017-03,330300,26.0,2774,17610.0
3663,温州市,菠菜,2017-04,330300,40.68,2477,16710.35
3664,温州市,菠菜,2017-05,330300,25.34,1484,9319.04
3665,温州市,菠菜,2017-06,330300,14.33,1993,9128.69
3666,温州市,菠菜,2017-07,330300,15.51,1982,10397.44
3667,温州市,菠菜,2017-08,330300,18.5,1434,8650.0
3668,温州市,菠菜,2017-09,330300,18.33,1370,8285.52
3669,温州市,菠菜,2017-10,330300,18.17,747,4578.56
3670,温州市,菠菜,2017-11,330300,19.33,1163,7506.97
3671,温州市,菠菜,2017-12,330300,18.66,1258,7706.73
3672,温州市,菠菜,2018-01,330300,18.66,1673,10271.64
3673,温州市,菠菜,2018-02,330300,25.0,725,6430.980000000001
3674,温州市,菠菜,2018-03,330300,24.5,1725,14005.59
3675,温州市,菠菜,2018-04,330300,21.67,1453,10385.09
3676,温州市,菠菜,2018-05,330300,19.83,1060,7352.92
3677,温州市,菠菜,2018-06,330300,17.33,1237,7184.190000000001
3678,温州市,菠菜,2018-07,330300,18.16,1157,7144.07
3679,温州市,菠菜,2018-08,330300,19.5,2144,13936.0
3680,温州市,菠菜,2018-09,330300,20.66,1024,7121.25
3681,温州市,菠菜,2018-10,330300,20.0,1605,10745.49
3682,温州市,菠菜,2018-11,330300,18.5,1982,12211.37
3683,温州市,菠菜,2018-12,330300,20.0,739,4725.5
3684,温州市,菠菜,2019-01,330300,23.17,2038,15691.66
3685,温州市,菠菜,2019-02,330300,32.33,1392,13170.5
3686,温州市,菠菜,2019-03,330300,23.5,708,8312.76
3687,温州市,韭菜,2016-12,330300,120.0,140,8400.0
3688,温州市,韭菜,2017-01,330300,180.0,432,25920.0
3689,温州市,韭菜,2017-02,330300,180.0,2141,128460.0
3690,温州市,韭菜,2017-03,330300,240.0,476,28560.0
3691,温州市,韭菜,2017-04,330300,360.0,3682,220920.0
3692,温州市,韭菜,2017-05,330300,240.0,2124,127440.0
3693,温州市,韭菜,2017-06,330300,180.0,1713,102780.0
3694,温州市,韭菜,2017-07,330300,180.0,1525,91500.0
3695,温州市,韭菜,2017-08,330300,180.0,1298,77880.0
3696,温州市,韭菜,2017-09,330300,180.0,1930,115800.0
3697,温州市,韭菜,2017-10,330300,180.0,2274,136440.0
3698,温州市,韭菜,2017-11,330300,180.0,2290,137400.0
3699,温州市,韭菜,2017-12,330300,180.0,2160,129600.0
3700,温州市,韭菜,2018-01,330300,180.0,1818,109080.0
3701,温州市,韭菜,2018-02,330300,180.0,1789,107340.0
3702,温州市,韭菜,2018-03,330300,180.0,1683,100980.0
3703,温州市,韭菜,2018-04,330300,180.0,1310,78600.0
3704,温州市,韭菜,2018-05,330300,180.0,2118,127080.0
3705,温州市,韭菜,2018-06,330300,180.0,245,14700.0
3706,温州市,韭菜,2018-07,330300,180.0,1333,79980.0
3707,温州市,韭菜,2018-08,330300,180.0,1758,105480.0
3708,温州市,韭菜,2018-09,330300,180.0,2163,129780.0
3709,温州市,韭菜,2018-10,330300,180.0,2139,128340.0
3710,温州市,韭菜,2018-11,330300,180.0,1626,97560.0
3711,温州市,韭菜,2018-12,330300,180.0,2033,121980.0
3712,温州市,韭菜,2019-01,330300,180.0,1860,111600.0
3713,温州市,韭菜,2019-02,330300,180.0,1798,107880.0
3714,温州市,韭菜,2019-03,330300,120.0,315,18900.0
3715,温州市,胡萝卜,2016-12,330300,5.83,729,2144.84
3716,温州市,胡萝卜,2017-01,330300,8.84,1261,3785.1
3717,温州市,胡萝卜,2017-02,330300,8.5,903,2616.79
3718,温州市,胡萝卜,2017-03,330300,11.16,1686,4702.26
3719,温州市,胡萝卜,2017-04,330300,18.0,3170,9510.0
3720,温州市,胡萝卜,2017-05,330300,10.16,2368,6165.04
3721,温州市,胡萝卜,2017-06,330300,8.67,1734,4990.8
3722,温州市,胡萝卜,2017-07,330300,8.0,1672,4376.69
3723,温州市,胡萝卜,2017-08,330300,8.83,1000,2916.19
3724,温州市,胡萝卜,2017-09,330300,9.17,1162,3504.7
3725,温州市,胡萝卜,2017-10,330300,9.67,2436,7870.28
3726,温州市,胡萝卜,2017-11,330300,9.17,1284,3913.54
3727,温州市,胡萝卜,2017-12,330300,9.17,632,1900.93
3728,温州市,胡萝卜,2018-01,330300,9.0,1032,3096.0
3729,温州市,胡萝卜,2018-02,330300,9.34,2058,6395.68
3730,温州市,胡萝卜,2018-03,330300,9.67,1537,4873.89
3731,温州市,胡萝卜,2018-04,330300,9.51,792,2510.640000000001
3732,温州市,胡萝卜,2018-05,330300,9.34,2113,6540.79
3733,温州市,胡萝卜,2018-06,330300,8.83,778,2268.7200000000007
3734,温州市,胡萝卜,2018-07,330300,9.34,1726,5377.58
3735,温州市,胡萝卜,2018-08,330300,9.0,1183,3549.0
3736,温州市,胡萝卜,2018-09,330300,9.34,1010,3196.6
3737,温州市,胡萝卜,2018-10,330300,9.34,1018,3189.32
3738,温州市,胡萝卜,2018-11,330300,8.66,1723,4934.74
3739,温州市,胡萝卜,2018-12,330300,8.49,816,2309.28
3740,温州市,胡萝卜,2019-01,330300,8.83,1860,5465.76
3741,温州市,胡萝卜,2019-02,330300,9.17,1556,4715.77
3742,温州市,胡萝卜,2019-03,330300,6.84,1665,5686.549999999998
3743,温州市,西兰花,2016-12,330300,95.34,324,15445.080000000002
3744,温州市,西兰花,2017-01,330300,140.01,436,20348.12
3745,温州市,西兰花,2017-02,330300,141.34,1329,62770.56
3746,温州市,西兰花,2017-03,330300,191.01,1586,75762.03
3747,温州市,西兰花,2017-04,330300,286.02,2827,134763.09
3748,温州市,西兰花,2017-05,330300,189.32,1807,85525.31
3749,温州市,西兰花,2017-06,330300,139.99,738,34316.54
3750,温州市,西兰花,2017-07,330300,137.67000000000002,1731,79179.51000000001
3751,温州市,西兰花,2017-08,330300,137.01,2155,98418.85
3752,温州市,西兰花,2017-09,330300,137.01,2142,97825.14
3753,温州市,西兰花,2017-10,330300,142.67000000000004,1370,65865.06
3754,温州市,西兰花,2017-11,330300,140.01,1651,77052.17
3755,温州市,西兰花,2017-12,330300,140.67000000000002,1721,80526.97
3756,温州市,西兰花,2018-01,330300,141.0,2287,107489.0
3757,温州市,西兰花,2018-02,330300,141.0,1482,69723.01000000001
3758,温州市,西兰花,2018-03,330300,141.34,1722,81280.04000000001
3759,温州市,西兰花,2018-04,330300,141.01,794,37284.98
3760,温州市,西兰花,2018-05,330300,143.01,1936,92289.12
3761,温州市,西兰花,2018-06,330300,140.01,1671,77985.56999999999
3762,温州市,西兰花,2018-07,330300,140.01,1196,55817.32
3763,温州市,西兰花,2018-08,330300,142.01,1294,61375.98
3764,温州市,西兰花,2018-09,330300,144.01,1254,60100.18
3765,温州市,西兰花,2018-10,330300,149.32999999999996,889,44172.33
3766,温州市,西兰花,2018-11,330300,146.01,892,43413.64
3767,温州市,西兰花,2018-12,330300,147.67000000000004,700,34347.880000000005
3768,温州市,西兰花,2019-01,330300,150.99,1249,62862.17
3769,温州市,西兰花,2019-02,330300,152.32999999999996,795,40356.73
3770,温州市,西兰花,2019-03,330300,102.0,939,47889.0
3771,温州市,油麦菜,2016-12,330300,18.66,956,8919.48
3772,温州市,油麦菜,2017-01,330300,27.67,2267,20871.27
3773,温州市,油麦菜,2017-02,330300,27.0,2043,18387.0
3774,温州市,油麦菜,2017-03,330300,36.66,1554,14114.04
3775,温州市,油麦菜,2017-04,330300,56.66,1838,17306.64
3776,温州市,油麦菜,2017-05,330300,39.34,2416,24010.18
3777,温州市,油麦菜,2017-06,330300,32.33,2106,22592.48
3778,温州市,油麦菜,2017-07,330300,29.5,1222,12004.09
3779,温州市,油麦菜,2017-08,330300,27.33,1830,16664.7
3780,温州市,油麦菜,2017-09,330300,26.83,2193,19624.8
3781,温州市,油麦菜,2017-10,330300,29.01,1143,11052.81
3782,温州市,油麦菜,2017-11,330300,29.01,1218,11778.06
3783,温州市,油麦菜,2017-12,330300,26.83,1531,13870.87
3784,温州市,油麦菜,2018-01,330300,27.17,790,7177.660000000002
3785,温州市,油麦菜,2018-02,330300,27.51,836,7666.12
3786,温州市,油麦菜,2018-03,330300,28.17,1311,12305.01
3787,温州市,油麦菜,2018-04,330300,27.84,274,2540.96
3788,温州市,油麦菜,2018-05,330300,27.0,1911,17199.0
3789,温州市,油麦菜,2018-06,330300,27.0,2141,19269.0
3790,温州市,油麦菜,2018-07,330300,27.0,1822,16398.0
3791,温州市,油麦菜,2018-08,330300,27.0,2749,24741.0
3792,温州市,油麦菜,2018-09,330300,27.0,1360,12240.0
3793,温州市,油麦菜,2018-10,330300,27.99,1056,9852.48
3794,温州市,油麦菜,2018-11,330300,27.99,1058,9871.14
3795,温州市,油麦菜,2018-12,330300,27.99,1613,15049.29
3796,温州市,油麦菜,2019-01,330300,27.99,1888,17615.04
3797,温州市,油麦菜,2019-02,330300,27.99,1172,10934.76
3798,温州市,油麦菜,2019-03,330300,18.66,1243,11597.19
3799,温州市,蒜黄,2016-12,330300,8.84,1393,6048.81
3800,温州市,蒜黄,2017-01,330300,10.33,1659,5607.42
3801,温州市,蒜黄,2017-02,330300,10.5,1506,5320.98
3802,温州市,蒜黄,2017-03,330300,13.01,2197,7173.71
3803,温州市,蒜黄,2017-04,330300,18.0,3569,10769.73
3804,温州市,蒜黄,2017-05,330300,13.32,2248,7485.84
3805,温州市,蒜黄,2017-06,330300,10.67,1411,4963.49
3806,温州市,蒜黄,2017-07,330300,11.33,2293,8635.47
3807,温州市,蒜黄,2017-08,330300,12.33,1803,7469.33
3808,温州市,蒜黄,2017-09,330300,13.83,1419,6491.48
3809,温州市,蒜黄,2017-10,330300,13.34,1648,7150.65
3810,温州市,蒜黄,2017-11,330300,11.99,871,3338.9300000000007
3811,温州市,蒜黄,2017-12,330300,12.54,1846,7769.37
3812,温州市,蒜黄,2018-01,330300,12.83,1928,8321.2
3813,温州市,蒜黄,2018-02,330300,14.33,1231,5691.05
3814,温州市,蒜黄,2018-03,330300,13.5,1112,5436.89
3815,温州市,蒜黄,2018-04,330300,12.17,1827,7505.37
3816,温州市,蒜黄,2018-05,330300,13.34,1560,6820.35
3817,温州市,蒜黄,2018-06,330300,13.17,1861,8195.869999999999
3818,温州市,蒜黄,2018-07,330300,13.5,1549,6745.65
3819,温州市,蒜黄,2018-08,330300,15.5,1033,5343.0
3820,温州市,蒜黄,2018-09,330300,18.16,1735,10399.06
3821,温州市,蒜黄,2018-10,330300,16.509999999999998,2066,11244.22
3822,温州市,蒜黄,2018-11,330300,12.51,1725,7193.25
3823,温州市,蒜黄,2018-12,330300,11.84,1897,7556.37
3824,温州市,蒜黄,2019-01,330300,12.99,2085,9028.05
3825,温州市,蒜黄,2019-02,330300,14.66,1757,8760.369999999999
3826,温州市,蒜黄,2019-03,330300,10.33,1335,7144.940000000001
3827,温州市,上海青,2016-12,330300,14.83,271,2010.91
3828,温州市,上海青,2017-01,330300,21.99,1693,12409.69
3829,温州市,上海青,2017-02,330300,24.84,2837,23485.19
3830,温州市,上海青,2017-03,330300,34.0,2161,18368.5
3831,温州市,上海青,2017-04,330300,49.66,3180,26237.39
3832,温州市,上海青,2017-05,330300,31.32,2416,18917.28
3833,温州市,上海青,2017-06,330300,23.66,1618,12750.71
3834,温州市,上海青,2017-07,330300,21.01,1041,7647.47
3835,温州市,上海青,2017-08,330300,20.17,1593,10720.509999999998
3836,温州市,上海青,2017-09,330300,19.33,1466,9434.48
3837,温州市,上海青,2017-10,330300,19.67,1688,11051.56
3838,温州市,上海青,2017-11,330300,19.5,1883,12239.5
3839,温州市,上海青,2017-12,330300,19.0,1161,7121.32
3840,温州市,上海青,2018-01,330300,19.5,1585,10302.5
3841,温州市,上海青,2018-02,330300,20.33,1854,12612.9
3842,温州市,上海青,2018-03,330300,19.49,673,4474.09
3843,温州市,上海青,2018-04,330300,19.33,676,4435.82
3844,温州市,上海青,2018-05,330300,21.0,1531,10717.0
3845,温州市,上海青,2018-06,330300,22.34,1742,13373.63
3846,温州市,上海青,2018-07,330300,20.67,680,4714.46
3847,温州市,上海青,2018-08,330300,20.01,1794,11965.98
3848,温州市,上海青,2018-09,330300,20.0,1564,10646.61
3849,温州市,上海青,2018-10,330300,21.66,1934,13896.71
3850,温州市,上海青,2018-11,330300,22.33,2232,16695.12
3851,温州市,上海青,2018-12,330300,21.0,1161,8376.81
3852,温州市,上海青,2019-01,330300,20.67,2103,14309.49
3853,温州市,上海青,2019-02,330300,21.66,1261,9050.41
3854,温州市,上海青,2019-03,330300,14.66,971,7117.43
3855,温州市,香菜,2016-12,330300,7.33,1680,6107.700000000002
3856,温州市,香菜,2017-01,330300,11.34,998,3899.12
3857,温州市,香菜,2017-02,330300,13.17,1898,8566.74
3858,温州市,香菜,2017-03,330300,17.0,2227,9299.0
3859,温州市,香菜,2017-04,330300,24.66,2966,12256.240000000002
3860,温州市,香菜,2017-05,330300,15.66,2240,8676.44
3861,温州市,香菜,2017-06,330300,10.83,1375,4961.0
3862,温州市,香菜,2017-07,330300,11.0,1752,6396.63
3863,温州市,香菜,2017-08,330300,14.17,908,4205.98
3864,温州市,香菜,2017-09,330300,14.33,1280,6289.24
3865,温州市,香菜,2017-10,330300,14.01,1524,7117.08
3866,温州市,香菜,2017-11,330300,14.17,1768,8378.960000000001
3867,温州市,香菜,2017-12,330300,13.84,1133,5121.28
3868,温州市,香菜,2018-01,330300,13.84,757,3449.0
3869,温州市,香菜,2018-02,330300,16.0,1566,8101.7
3870,温州市,香菜,2018-03,330300,15.33,843,4225.23
3871,温州市,香菜,2018-04,330300,14.5,1106,5378.73
3872,温州市,香菜,2018-05,330300,11.5,2144,8338.66
3873,温州市,香菜,2018-06,330300,12.33,1897,7820.98
3874,温州市,香菜,2018-07,330300,11.83,1876,7399.62
3875,温州市,香菜,2018-08,330300,14.33,590,2726.140000000001
3876,温州市,香菜,2018-09,330300,16.83,1809,10091.81
3877,温州市,香菜,2018-10,330300,14.83,1931,9001.39
3878,温州市,香菜,2018-11,330300,12.34,1205,4931.52
3879,温州市,香菜,2018-12,330300,13.83,2063,9798.2
3880,温州市,香菜,2019-01,330300,16.5,533,3057.4
3881,温州市,香菜,2019-02,330300,19.0,1819,11504.99
3882,温州市,香菜,2019-03,330300,12.27,1083,6556.32
3883,温州市,豆角,2016-12,330300,7.17,537,1936.11
3884,温州市,豆角,2017-01,330300,9.33,1329,4289.450000000002
3885,温州市,豆角,2017-02,330300,9.67,1336,4202.23
3886,温州市,豆角,2017-03,330300,11.66,2836,8214.75
3887,温州市,豆角,2017-04,330300,18.34,3497,10735.12
3888,温州市,豆角,2017-05,330300,11.83,1715,5004.41
3889,温州市,豆角,2017-06,330300,9.34,726,2276.43
3890,温州市,豆角,2017-07,330300,10.0,1443,4919.0
3891,温州市,豆角,2017-08,330300,11.67,690,2909.74
3892,温州市,豆角,2017-09,330300,13.84,1206,5618.93
3893,温州市,豆角,2017-10,330300,14.67,1974,9780.68
3894,温州市,豆角,2017-11,330300,14.0,1326,6303.45
3895,温州市,豆角,2017-12,330300,13.5,1000,4630.73
3896,温州市,豆角,2018-01,330300,12.99,807,3494.31
3897,温州市,豆角,2018-02,330300,13.0,1187,5213.5
3898,温州市,豆角,2018-03,330300,12.33,1994,7973.1100000000015
3899,温州市,豆角,2018-04,330300,11.66,2539,9858.33
3900,温州市,豆角,2018-05,330300,10.33,1916,6642.93
3901,温州市,豆角,2018-06,330300,9.83,2442,7940.84
3902,温州市,豆角,2018-07,330300,11.5,1697,6442.0
3903,温州市,豆角,2018-08,330300,12.33,1002,4156.83
3904,温州市,豆角,2018-09,330300,13.67,1776,8005.94
3905,温州市,豆角,2018-10,330300,12.33,943,3549.91
3906,温州市,豆角,2018-11,330300,9.67,2540,8190.04
3907,温州市,豆角,2018-12,330300,9.17,1522,4571.95
3908,温州市,豆角,2019-01,330300,9.5,950,3027.51
3909,温州市,豆角,2019-02,330300,9.99,1130,3762.9
3910,温州市,豆角,2019-03,330300,7.16,422,1600.76
3911,温州市,小葱,2017-01,330300,19.0,1706,6482.799999999998
3912,温州市,小葱,2017-02,330300,14.2,2407,8285.8
3913,温州市,小葱,2017-03,330300,11.7,1773,5214.0
3914,温州市,小葱,2017-04,330300,14.5,1456,4259.1
3915,温州市,小葱,2017-05,330300,19.52,3600,10001.86
3916,温州市,小葱,2017-06,330300,11.33,1732,4886.0
3917,温州市,小葱,2017-07,330300,13.05,2307,7462.700000000002
3918,温州市,小葱,2017-08,330300,20.2,1425,5799.05
3919,温州市,小葱,2017-09,330300,18.49,3013,13919.86
3920,温州市,小葱,2017-10,330300,20.92,2716,11408.73
3921,温州市,小葱,2017-11,330300,17.14,1583,6758.950000000002
3922,温州市,小葱,2017-12,330300,18.62,1374,6470.47
3923,温州市,小葱,2018-01,330300,23.65,1901,8991.95
3924,温州市,小葱,2018-02,330300,18.75,2682,12619.7
3925,温州市,小葱,2018-03,330300,16.1,2855,11639.5
3926,温州市,小葱,2018-04,330300,14.58,2137,7804.269999999998
3927,温州市,小葱,2018-05,330300,19.7,3485,13875.0
3928,温州市,小葱,2018-06,330300,16.2,1894,7713.450000000002
3929,温州市,小葱,2018-07,330300,20.25,2379,9647.6
3930,温州市,小葱,2018-08,330300,19.25,2681,12879.85
3931,温州市,小葱,2018-09,330300,20.18,2038,10278.28
3932,温州市,小葱,2018-10,330300,23.9,2887,13774.35
3933,温州市,小葱,2018-11,330300,18.5,2842,13111.05
3934,温州市,小葱,2018-12,330300,16.650000000000002,2444,10172.95
3935,温州市,小葱,2019-01,330300,20.5,2509,10309.6
3936,温州市,小葱,2019-02,330300,15.0,2670,10110.3
3937,温州市,小葱,2019-03,330300,10.21,1636,5525.15
3938,温州市,西红柿,2016-12,330300,80.66,1051,43427.83
3939,温州市,西红柿,2017-01,330300,141.0,903,41798.13000000001
3940,温州市,西红柿,2017-02,330300,158.32999999999996,1112,58556.3
3941,温州市,西红柿,2017-03,330300,198.33,2322,114977.76
3942,温州市,西红柿,2017-04,330300,296.66,2425,118472.79
3943,温州市,西红柿,2017-05,330300,215.0,2112,112813.91
3944,温州市,西红柿,2017-06,330300,145.0,2401,116191.46
3945,温州市,西红柿,2017-07,330300,128.66,1256,53982.23
3946,温州市,西红柿,2017-08,330300,114.01,1273,50084.91
3947,温州市,西红柿,2017-09,330300,111.33,1476,54600.12
3948,温州市,西红柿,2017-10,330300,108.0,1241,43965.14
3949,温州市,西红柿,2017-11,330300,106.67,1847,64778.13000000001
3950,温州市,西红柿,2017-12,330300,106.34,583,20637.49
3951,温州市,西红柿,2018-01,330300,126.66,1482,63276.0
3952,温州市,西红柿,2018-02,330300,155.0,839,45484.94
3953,温州市,西红柿,2018-03,330300,169.99,1206,67940.98
3954,温州市,西红柿,2018-04,330300,142.67000000000004,1628,78783.77
3955,温州市,西红柿,2018-05,330300,173.34,1315,70655.07
3956,温州市,西红柿,2018-06,330300,166.67000000000004,1506,83292.34
3957,温州市,西红柿,2018-07,330300,133.32999999999998,2238,99223.7
3958,温州市,西红柿,2018-08,330300,114.0,2610,98693.64
3959,温州市,西红柿,2018-09,330300,103.66,744,25818.9
3960,温州市,西红柿,2018-10,330300,119.67,1429,58878.31
3961,温州市,西红柿,2018-11,330300,116.33,1336,51653.4
3962,温州市,西红柿,2018-12,330300,121.34,1633,65221.16
3963,温州市,西红柿,2019-01,330300,133.67000000000002,1958,89249.89
3964,温州市,西红柿,2019-02,330300,166.67000000000004,1131,60350.87
3965,温州市,西红柿,2019-03,330300,96.67,494,23964.07
3966,温州市,茼蒿,2016-12,330300,7.0,592,2072.0
3967,温州市,茼蒿,2017-01,330300,9.83,1134,3718.23
3968,温州市,茼蒿,2017-02,330300,12.0,2211,8844.0
3969,温州市,茼蒿,2017-03,330300,13.67,2423,8085.370000000001
3970,温州市,茼蒿,2017-04,330300,19.34,2734,8843.26
3971,温州市,茼蒿,2017-05,330300,13.32,2465,8208.45
3972,温州市,茼蒿,2017-06,330300,10.5,1315,4602.5
3973,温州市,茼蒿,2017-07,330300,9.5,1537,4836.51
3974,温州市,茼蒿,2017-08,330300,9.34,1037,3281.51
3975,温州市,茼蒿,2017-09,330300,9.34,1350,4250.26
3976,温州市,茼蒿,2017-10,330300,9.51,1150,3645.5
3977,温州市,茼蒿,2017-11,330300,9.41,1594,5026.68
3978,温州市,茼蒿,2017-12,330300,9.67,1043,3353.35
3979,温州市,茼蒿,2018-01,330300,9.51,1904,6035.68
3980,温州市,茼蒿,2018-02,330300,9.84,1162,3973.28
3981,温州市,茼蒿,2018-03,330300,10.16,1957,6685.62
3982,温州市,茼蒿,2018-04,330300,10.33,1175,3983.64
3983,温州市,茼蒿,2018-05,330300,10.5,1358,4753.0
3984,温州市,茼蒿,2018-06,330300,10.16,1982,6754.25
3985,温州市,茼蒿,2018-07,330300,11.16,1158,4256.940000000001
3986,温州市,茼蒿,2018-08,330300,11.16,1488,5654.49
3987,温州市,茼蒿,2018-09,330300,11.01,2523,9259.41
3988,温州市,茼蒿,2018-10,330300,11.33,861,3287.71
3989,温州市,茼蒿,2018-11,330300,11.17,2056,7679.76
3990,温州市,茼蒿,2018-12,330300,11.49,2212,8471.960000000001
3991,温州市,茼蒿,2019-01,330300,11.33,1629,6083.870000000001
3992,温州市,茼蒿,2019-02,330300,11.01,1158,4249.86
3993,温州市,茼蒿,2019-03,330300,7.34,1603,5883.01
3994,温州市,香菇,2016-12,330300,10.0,789,3945.0
3995,温州市,香菇,2017-01,330300,13.84,1917,8869.09
3996,温州市,香菇,2017-02,330300,13.83,2055,9350.13
3997,温州市,香菇,2017-03,330300,18.34,2698,12458.9
3998,温州市,香菇,2017-04,330300,27.34,4278,19414.88
3999,温州市,香菇,2017-05,330300,17.16,1741,7481.57
4000,温州市,香菇,2017-06,330300,12.17,1159,4713.35
4001,温州市,香菇,2017-07,330300,12.33,1337,5596.67
4002,温州市,香菇,2017-08,330300,14.17,824,4092.21
4003,温州市,香菇,2017-09,330300,13.84,1782,8111.809999999998
4004,温州市,香菇,2017-10,330300,14.67,1698,8453.04
4005,温州市,香菇,2017-11,330300,13.66,1535,7144.37
4006,温州市,香菇,2017-12,330300,13.67,1510,6831.89
4007,温州市,香菇,2018-01,330300,16.34,1259,6831.0
4008,温州市,香菇,2018-02,330300,20.66,307,2195.3
4009,温州市,香菇,2018-03,330300,19.67,1666,10725.82
4010,温州市,香菇,2018-04,330300,18.0,1764,10459.6
4011,温州市,香菇,2018-05,330300,15.17,1104,5965.12
4012,温州市,香菇,2018-06,330300,15.33,1188,6299.16
4013,温州市,香菇,2018-07,330300,15.0,1519,7595.0
4014,温州市,香菇,2018-08,330300,14.84,1748,8501.16
4015,温州市,香菇,2018-09,330300,17.0,663,3766.95
4016,温州市,香菇,2018-10,330300,21.34,1957,13735.58
4017,温州市,香菇,2018-11,330300,18.0,1897,11382.0
4018,温州市,香菇,2018-12,330300,16.84,2078,11721.23
4019,温州市,香菇,2019-01,330300,16.67,1257,6944.440000000001
4020,温州市,香菇,2019-02,330300,20.17,2026,13614.33
4021,温州市,香菇,2019-03,330300,12.5,1321,8164.5
4022,温州市,木耳,2017-01,330300,58.35,2945,34553.4
4023,温州市,木耳,2017-02,330300,43.06,2349,25303.69
4024,温州市,木耳,2017-03,330300,41.29,1350,13923.51
4025,温州市,木耳,2017-04,330300,51.93,2818,29515.98
4026,温州市,木耳,2017-05,330300,64.96,3773,34243.55
4027,温州市,木耳,2017-06,330300,33.77,705,5886.1399999999985
4028,温州市,木耳,2017-07,330300,34.66,1719,15016.11
4029,温州市,木耳,2017-08,330300,46.05,3647,33598.270000000004
4030,温州市,木耳,2017-09,330300,37.19,2148,20006.97
4031,温州市,木耳,2017-10,330300,46.37000000000001,3137,29008.36
4032,温州市,木耳,2017-11,330300,36.53,1934,17583.12
4033,温州市,木耳,2017-12,330300,37.98,1483,14413.51
4034,温州市,木耳,2018-01,330300,50.15000000000001,2942,29632.01
4035,温州市,木耳,2018-02,330300,35.51,2876,25693.37
4036,温州市,木耳,2018-03,330300,29.14,2647,19124.58
4037,温州市,木耳,2018-04,330300,27.63,2179,15204.6
4038,温州市,木耳,2018-05,330300,33.12,2449,16527.93
4039,温州市,木耳,2018-06,330300,28.55,2316,16530.260000000002
4040,温州市,木耳,2018-07,330300,40.78,2041,16497.64
4041,温州市,木耳,2018-08,330300,36.59,2751,25114.74
4042,温州市,木耳,2018-09,330300,47.25,1930,22142.05
4043,温州市,木耳,2018-10,330300,57.55,2850,32219.16
4044,温州市,木耳,2018-11,330300,38.0,2154,20074.78
4045,温州市,木耳,2018-12,330300,38.35,2069,19897.75
4046,温州市,木耳,2019-01,330300,45.48,2472,22707.46
4047,温州市,木耳,2019-02,330300,34.57,1907,16439.02
4048,温州市,木耳,2019-03,330300,28.6,2002,19655.63
4049,温州市,蒜苔,2016-12,330300,10.84,794,4208.48
4050,温州市,蒜苔,2017-01,330300,14.84,1432,7112.49
4051,温州市,蒜苔,2017-02,330300,15.0,1863,9427.53
4052,温州市,蒜苔,2017-03,330300,18.33,3060,13935.18
4053,温州市,蒜苔,2017-04,330300,29.34,2355,11722.2
4054,温州市,蒜苔,2017-05,330300,20.0,1462,7310.0
4055,温州市,蒜苔,2017-06,330300,13.67,1298,5937.9
4056,温州市,蒜苔,2017-07,330300,13.84,901,4172.99
4057,温州市,蒜苔,2017-08,330300,14.33,1402,6737.42
4058,温州市,蒜苔,2017-09,330300,14.66,1428,7002.81
4059,温州市,蒜苔,2017-10,330300,14.83,1776,8737.54
4060,温州市,蒜苔,2017-11,330300,14.51,1804,8611.18
4061,温州市,蒜苔,2017-12,330300,15.0,1878,9481.46
4062,温州市,蒜苔,2018-01,330300,15.0,1234,6170.0
4063,温州市,蒜苔,2018-02,330300,16.17,1751,9603.23
4064,温州市,蒜苔,2018-03,330300,15.33,2134,10761.08
4065,温州市,蒜苔,2018-04,330300,14.5,988,4791.5
4066,温州市,蒜苔,2018-05,330300,14.16,1345,6358.41
4067,温州市,蒜苔,2018-06,330300,13.67,1655,7613.21
4068,温州市,蒜苔,2018-07,330300,14.5,1560,7446.5
4069,温州市,蒜苔,2018-08,330300,14.5,2143,10434.08
4070,温州市,蒜苔,2018-09,330300,17.0,1536,8286.14
4071,温州市,蒜苔,2018-10,330300,23.33,1685,13545.61
4072,温州市,蒜苔,2018-11,330300,20.33,1428,10061.37
4073,温州市,蒜苔,2018-12,330300,16.5,2221,12137.82
4074,温州市,蒜苔,2019-01,330300,17.83,1661,9877.6
4075,温州市,蒜苔,2019-02,330300,18.17,1605,9744.07
4076,温州市,蒜苔,2019-03,330300,10.83,959,5137.65
4077,温州市,芹菜,2016-12,330300,93.34,753,35142.51
4078,温州市,芹菜,2017-01,330300,140.67000000000002,1566,73308.95999999999
4079,温州市,芹菜,2017-02,330300,141.0,1223,57481.0
4080,温州市,芹菜,2017-03,330300,187.01,1184,55299.85
4081,温州市,芹菜,2017-04,330300,280.02,2374,110794.58000000002
4082,温州市,芹菜,2017-05,330300,186.68,2427,113268.09
4083,温州市,芹菜,2017-06,330300,140.01,1778,82979.26000000001
4084,温州市,芹菜,2017-07,330300,140.01,1014,47323.38000000001
4085,温州市,芹菜,2017-08,330300,140.01,1779,83025.93
4086,温州市,芹菜,2017-09,330300,140.01,997,46529.99
4087,温州市,芹菜,2017-10,330300,140.01,2019,94226.73
4088,温州市,芹菜,2017-11,330300,140.01,2308,107714.36
4089,温州市,芹菜,2017-12,330300,140.01,737,34395.79
4090,温州市,芹菜,2018-01,330300,140.01,699,32622.33
4091,温州市,芹菜,2018-02,330300,146.67000000000004,2562,124929.84
4092,温州市,芹菜,2018-03,330300,150.32999999999996,309,15463.53
4093,温州市,芹菜,2018-04,330300,150.99,955,48065.15
4094,温州市,芹菜,2018-05,330300,150.99,1946,97942.18
4095,温州市,芹菜,2018-06,330300,150.99,860,43283.8
4096,温州市,芹菜,2018-07,330300,152.99,1113,56466.28999999999
4097,温州市,芹菜,2018-08,330300,153.99,319,16374.27
4098,温州市,芹菜,2018-09,330300,153.99,1485,76225.05
4099,温州市,芹菜,2018-10,330300,153.99,1566,80382.78
4100,温州市,芹菜,2018-11,330300,153.99,723,37111.59
4101,温州市,芹菜,2018-12,330300,153.99,1363,69962.79
4102,温州市,芹菜,2019-01,330300,153.99,1368,70219.43999999999
4103,温州市,芹菜,2019-02,330300,153.99,1603,82281.98999999999
4104,温州市,芹菜,2019-03,330300,102.66,490,25151.7
4105,温州市,红薯,2016-12,330300,9.7,939,4542.33
4106,温州市,红薯,2017-01,330300,14.53,1075,5208.33
4107,温州市,红薯,2017-02,330300,13.83,2601,11967.42
4108,温州市,红薯,2017-03,330300,17.61,2434,10713.93
4109,温州市,红薯,2017-04,330300,26.0,2231,9758.2
4110,温州市,红薯,2017-05,330300,16.53,2146,8869.06
4111,温州市,红薯,2017-06,330300,11.86,912,3652.85
4112,温州市,红薯,2017-07,330300,12.51,1063,4424.01
4113,温州市,红薯,2017-08,330300,13.93,803,3631.09
4114,温州市,红薯,2017-09,330300,17.17,744,4284.41
4115,温州市,红薯,2017-10,330300,17.11,2107,11983.39
4116,温州市,红薯,2017-11,330300,16.37,1407,7703.73
4117,温州市,红薯,2017-12,330300,16.7,1186,6537.2
4118,温州市,红薯,2018-01,330300,17.03,1456,8301.6
4119,温州市,红薯,2018-02,330300,17.330000000000002,1932,11145.4
4120,温州市,红薯,2018-03,330300,17.17,735,4229.49
4121,温州市,红薯,2018-04,330300,15.13,2355,11896.71
4122,温州市,红薯,2018-05,330300,15.17,2463,12470.89
4123,温州市,红薯,2018-06,330300,16.33,1818,9787.52
4124,温州市,红薯,2018-07,330300,15.93,923,4917.55
4125,温州市,红薯,2018-08,330300,16.77,1913,10721.59
4126,温州市,红薯,2018-09,330300,18.34,2064,12584.09
4127,温州市,红薯,2018-10,330300,18.51,648,3998.16
4128,温州市,红薯,2018-11,330300,18.51,2382,14696.94
4129,温州市,红薯,2018-12,330300,18.51,1790,11044.3
4130,温州市,红薯,2019-01,330300,17.96,2577,15447.87
4131,温州市,红薯,2019-02,330300,17.14,2192,12548.73
4132,温州市,红薯,2019-03,330300,11.0,364,2002.0
4133,温州市,大蒜,2016-12,330300,11.0,1088,5810.42
4134,温州市,大蒜,2017-01,330300,9.5,2116,6342.18
4135,温州市,大蒜,2017-02,330300,8.83,1758,5093.46
4136,温州市,大蒜,2017-03,330300,12.34,1387,4204.8600000000015
4137,温州市,大蒜,2017-04,330300,21.68,3623,13129.98
4138,温州市,大蒜,2017-05,330300,16.5,1862,7823.26
4139,温州市,大蒜,2017-06,330300,12.17,1251,5009.1
4140,温州市,大蒜,2017-07,330300,13.0,668,2933.56
4141,温州市,大蒜,2017-08,330300,14.5,2189,10575.0
4142,温州市,大蒜,2017-09,330300,16.33,978,5410.28
4143,温州市,大蒜,2017-10,330300,15.66,1727,8944.54
4144,温州市,大蒜,2017-11,330300,14.5,2202,10612.19
4145,温州市,大蒜,2017-12,330300,14.0,2475,11539.87
4146,温州市,大蒜,2018-01,330300,12.99,2121,9183.93
4147,温州市,大蒜,2018-02,330300,16.83,1819,10283.52
4148,温州市,大蒜,2018-03,330300,15.5,987,4966.0
4149,温州市,大蒜,2018-04,330300,15.0,1963,10169.43
4150,温州市,大蒜,2018-05,330300,16.33,409,2223.83
4151,温州市,大蒜,2018-06,330300,16.16,1518,8100.290000000001
4152,温州市,大蒜,2018-07,330300,16.67,1265,7109.27
4153,温州市,大蒜,2018-08,330300,17.83,1537,9070.87
4154,温州市,大蒜,2018-09,330300,19.67,1364,8707.16
4155,温州市,大蒜,2018-10,330300,23.0,1451,10001.0
4156,温州市,大蒜,2018-11,330300,12.84,1567,6801.69
4157,温州市,大蒜,2018-12,330300,9.5,1228,3936.29
4158,温州市,大蒜,2019-01,330300,11.34,999,3642.38
4159,温州市,大蒜,2019-02,330300,14.17,1625,7620.3600000000015
4160,温州市,大蒜,2019-03,330300,9.33,182,903.56
4161,温州市,生姜,2016-12,330300,35.0,418,7265.36
4162,温州市,生姜,2017-01,330300,52.0,2199,38133.36
4163,温州市,生姜,2017-02,330300,51.67,2181,37520.54
4164,温州市,生姜,2017-03,330300,66.68,2721,45359.07000000001
4165,温州市,生姜,2017-04,330300,100.02,2882,48042.94
4166,温州市,生姜,2017-05,330300,64.0,1808,28928.0
4167,温州市,生姜,2017-06,330300,48.0,2045,32720.0
4168,温州市,生姜,2017-07,330300,46.67,519,8096.35
4169,温州市,生姜,2017-08,330300,48.99,1348,22012.84
4170,温州市,生姜,2017-09,330300,49.0,1146,18603.33
4171,温州市,生姜,2017-10,330300,47.34,1601,25212.41
4172,温州市,生姜,2017-11,330300,48.33,1377,22126.71
4173,温州市,生姜,2017-12,330300,51.33,2210,38134.96
4174,温州市,生姜,2018-01,330300,51.99,1251,21679.83
4175,温州市,生姜,2018-02,330300,52.66,845,14813.85
4176,温州市,生姜,2018-03,330300,50.34,1259,21297.73
4177,温州市,生姜,2018-04,330300,45.33,1105,16739.67
4178,温州市,生姜,2018-05,330300,45.33,232,3517.29
4179,温州市,生姜,2018-06,330300,45.0,1975,29625.0
4180,温州市,生姜,2018-07,330300,45.66,1737,26391.6
4181,温州市,生姜,2018-08,330300,45.99,1398,21431.34
4182,温州市,生姜,2018-09,330300,53.33,1463,26303.75
4183,温州市,生姜,2018-10,330300,62.0,1647,33770.0
4184,温州市,生姜,2018-11,330300,61.34,466,9626.190000000002
4185,温州市,生姜,2018-12,330300,59.33,1667,33434.91
4186,温州市,生姜,2019-01,330300,55.33,2200,40547.34
4187,温州市,生姜,2019-02,330300,58.99,2087,40883.709999999985
4188,温州市,生姜,2019-03,330300,37.34,846,15794.82
4189,温州市,白菜,2016-12,330300,36.0,1188,21384.0
4190,温州市,白菜,2017-01,330300,53.0,2015,35721.13
4191,温州市,白菜,2017-02,330300,52.83,1876,33309.92
4192,温州市,白菜,2017-03,330300,69.49,2040,35393.83
4193,温州市,白菜,2017-04,330300,102.66,2766,47307.12
4194,温州市,白菜,2017-05,330300,68.0,3177,54033.75
4195,温州市,白菜,2017-06,330300,50.67,1584,26791.38
4196,温州市,白菜,2017-07,330300,49.67,1390,22920.04
4197,温州市,白菜,2017-08,330300,50.67,1497,25230.54
4198,温州市,白菜,2017-09,330300,51.17,2204,37490.22
4199,温州市,白菜,2017-10,330300,50.67,2382,40105.26
4200,温州市,白菜,2017-11,330300,52.66,1385,24500.53
4201,温州市,白菜,2017-12,330300,55.34,1851,34024.18
4202,温州市,白菜,2018-01,330300,54.99,792,14517.36
4203,温州市,白菜,2018-02,330300,55.67,1563,29177.47
4204,温州市,白菜,2018-03,330300,54.33,1418,25569.2
4205,温州市,白菜,2018-04,330300,48.33,1195,19213.72
4206,温州市,白菜,2018-05,330300,48.33,2050,33258.7
4207,温州市,白菜,2018-06,330300,49.66,1739,28924.49
4208,温州市,白菜,2018-07,330300,49.67,1771,29289.33
4209,温州市,白菜,2018-08,330300,51.0,1199,20383.0
4210,温州市,白菜,2018-09,330300,57.33,1403,27134.86
4211,温州市,白菜,2018-10,330300,64.67,1305,28237.870000000006
4212,温州市,白菜,2018-11,330300,66.33,929,20542.28
4213,温州市,白菜,2018-12,330300,63.0,1166,25079.97
4214,温州市,白菜,2019-01,330300,61.0,2108,42989.0
4215,温州市,白菜,2019-02,330300,65.01,947,20521.490000000005
4216,温州市,白菜,2019-03,330300,40.33,1194,23978.67
4217,温州市,青椒,2016-12,330300,4.5,542,1250.06
4218,温州市,青椒,2017-01,330300,6.51,1416,3072.7200000000007
4219,温州市,青椒,2017-02,330300,6.51,2266,4917.219999999998
4220,温州市,青椒,2017-03,330300,8.68,1642,3563.14
4221,温州市,青椒,2017-04,330300,13.02,2570,5576.9
4222,温州市,青椒,2017-05,330300,8.68,550,1193.5
4223,温州市,青椒,2017-06,330300,6.51,1861,4038.37
4224,温州市,青椒,2017-07,330300,6.83,2253,5109.81
4225,温州市,青椒,2017-08,330300,6.99,1542,3592.860000000001
4226,温州市,青椒,2017-09,330300,6.99,1195,2784.350000000001
4227,温州市,青椒,2017-10,330300,6.99,1342,3126.86
4228,温州市,青椒,2017-11,330300,6.99,1757,4093.81
4229,温州市,青椒,2017-12,330300,6.99,1681,3916.7300000000014
4230,温州市,青椒,2018-01,330300,6.99,2355,5487.15
4231,温州市,青椒,2018-02,330300,6.99,1599,3725.67
4232,温州市,青椒,2018-03,330300,6.99,1449,3376.17
4233,温州市,青椒,2018-04,330300,6.99,1690,3937.7
4234,温州市,青椒,2018-05,330300,6.99,2274,5298.42
4235,温州市,青椒,2018-06,330300,6.99,1582,3686.06
4236,温州市,青椒,2018-07,330300,7.33,1511,3772.06
4237,温州市,青椒,2018-08,330300,7.5,2087,5217.5
4238,温州市,青椒,2018-09,330300,7.5,1358,3395.0
4239,温州市,青椒,2018-10,330300,7.5,1669,4172.5
4240,温州市,青椒,2018-11,330300,7.5,1059,2647.5
4241,温州市,青椒,2018-12,330300,7.5,1301,3252.5
4242,温州市,青椒,2019-01,330300,7.5,1639,4097.5
4243,温州市,青椒,2019-02,330300,7.5,1468,3670.0
4244,温州市,青椒,2019-03,330300,5.0,532,1330.0
4245,温州市,土豆,2016-12,330300,126.0,784,49392.0
4246,温州市,土豆,2017-01,330300,189.0,1466,92358.0
4247,温州市,土豆,2017-02,330300,189.0,1880,118440.0
4248,温州市,土豆,2017-03,330300,252.0,2713,170919.0
4249,温州市,土豆,2017-04,330300,378.0,2092,131796.0
4250,温州市,土豆,2017-05,330300,252.0,2476,155988.0
4251,温州市,土豆,2017-06,330300,189.0,1521,95823.0
4252,温州市,土豆,2017-07,330300,189.0,1735,109305.0
4253,温州市,土豆,2017-08,330300,189.0,1838,115794.0
4254,温州市,土豆,2017-09,330300,189.0,897,56511.0
4255,温州市,土豆,2017-10,330300,189.0,1947,122661.0
4256,温州市,土豆,2017-11,330300,189.0,1781,112203.0
4257,温州市,土豆,2017-12,330300,189.0,1589,100107.0
4258,温州市,土豆,2018-01,330300,189.0,1826,115038.0
4259,温州市,土豆,2018-02,330300,189.0,997,62811.0
4260,温州市,土豆,2018-03,330300,189.0,1895,119385.0
4261,温州市,土豆,2018-04,330300,189.0,1728,108864.0
4262,温州市,土豆,2018-05,330300,189.0,839,52857.0
4263,温州市,土豆,2018-06,330300,189.0,1651,104013.0
4264,温州市,土豆,2018-07,330300,189.0,1574,99162.0
4265,温州市,土豆,2018-08,330300,189.0,531,33453.0
4266,温州市,土豆,2018-09,330300,189.0,2012,126756.0
4267,温州市,土豆,2018-10,330300,189.0,2089,131607.0
4268,温州市,土豆,2018-11,330300,189.0,846,53298.0
4269,温州市,土豆,2018-12,330300,189.0,1886,118818.0
4270,温州市,土豆,2019-01,330300,189.0,1161,73143.0
4271,温州市,土豆,2019-02,330300,189.0,787,49581.0
4272,温州市,土豆,2019-03,330300,126.0,940,59220.0
4273,温州市,南瓜,2016-12,330300,51.0,857,21862.51
4274,温州市,南瓜,2017-01,330300,77.67,1072,27852.2
4275,温州市,南瓜,2017-02,330300,78.0,622,16135.04
4276,温州市,南瓜,2017-03,330300,102.33,2134,54589.42
4277,温州市,南瓜,2017-04,330300,151.98,1799,45568.67
4278,温州市,南瓜,2017-05,330300,97.32,2514,61165.62
4279,温州市,南瓜,2017-06,330300,72.99,605,14719.649999999998
4280,温州市,南瓜,2017-07,330300,72.33,1497,36062.31
4281,温州市,南瓜,2017-08,330300,75.33,1608,40388.43
4282,温州市,南瓜,2017-09,330300,73.67,1377,34093.75
4283,温州市,南瓜,2017-10,330300,75.0,2219,55475.0
4284,温州市,南瓜,2017-11,330300,74.67,2156,53688.47
4285,温州市,南瓜,2017-12,330300,76.01,1188,30220.960000000006
4286,温州市,南瓜,2018-01,330300,77.01,1274,32703.58
4287,温州市,南瓜,2018-02,330300,78.66,1774,46529.57
4288,温州市,南瓜,2018-03,330300,76.67,1705,43747.03
4289,温州市,南瓜,2018-04,330300,69.67,1503,34812.60000000001
4290,温州市,南瓜,2018-05,330300,69.0,2223,51129.0
4291,温州市,南瓜,2018-06,330300,69.67,692,15962.23
4292,温州市,南瓜,2018-07,330300,72.33,675,16284.15
4293,温州市,南瓜,2018-08,330300,74.99,516,12734.28
4294,温州市,南瓜,2018-09,330300,81.66,1236,33308.38
4295,温州市,南瓜,2018-10,330300,93.67,1960,61065.52
4296,温州市,南瓜,2018-11,330300,91.34,2244,68280.78
4297,温州市,南瓜,2018-12,330300,88.34,2272,67054.47
4298,温州市,南瓜,2019-01,330300,85.0,2092,59134.38
4299,温州市,南瓜,2019-02,330300,92.66,317,9741.23
4300,温州市,南瓜,2019-03,330300,56.34,937,26651.79
4301,温州市,茄子,2016-12,330300,29.34,1542,22621.14
4302,温州市,茄子,2017-01,330300,44.34,1913,28292.73
4303,温州市,茄子,2017-02,330300,45.0,2159,32385.0
4304,温州市,茄子,2017-03,330300,59.01,2338,34441.02
4305,温州市,茄子,2017-04,330300,88.02,3303,48455.01
4306,温州市,茄子,2017-05,330300,58.68,2079,30498.93
4307,温州市,茄子,2017-06,330300,44.01,1953,28650.51
4308,温州市,茄子,2017-07,330300,44.67,632,9447.66
4309,温州市,茄子,2017-08,330300,44.01,1284,18836.28
4310,温州市,茄子,2017-09,330300,44.01,1267,18586.89
4311,温州市,茄子,2017-10,330300,44.67,1143,17002.77
4312,温州市,茄子,2017-11,330300,44.01,1921,28181.07
4313,温州市,茄子,2017-12,330300,43.67,1954,28378.9
4314,温州市,茄子,2018-01,330300,44.01,1919,28151.73
4315,温州市,茄子,2018-02,330300,45.0,1360,20400.0
4316,温州市,茄子,2018-03,330300,44.34,1359,20090.97
4317,温州市,茄子,2018-04,330300,43.33,1308,18862.3
4318,温州市,茄子,2018-05,330300,42.99,241,3453.53
4319,温州市,茄子,2018-06,330300,46.33,1345,20992.28
4320,温州市,茄子,2018-07,330300,45.66,1775,26901.21
4321,温州市,茄子,2018-08,330300,45.99,970,14870.1
4322,温州市,茄子,2018-09,330300,45.99,1222,18733.26
4323,温州市,茄子,2018-10,330300,45.99,2014,30874.62
4324,温州市,茄子,2018-11,330300,45.99,1257,19269.81
4325,温州市,茄子,2018-12,330300,45.99,1221,18717.93
4326,温州市,茄子,2019-01,330300,44.01,1632,23941.44
4327,温州市,茄子,2019-02,330300,45.99,1382,21186.06
4328,温州市,茄子,2019-03,330300,30.66,460,7051.8
4329,温州市,生菜,2016-12,330300,96.0,1498,71904.0
4330,温州市,生菜,2017-01,330300,144.0,1780,85440.0
4331,温州市,生菜,2017-02,330300,144.0,1053,50544.0
4332,温州市,生菜,2017-03,330300,192.0,1931,92688.0
4333,温州市,生菜,2017-04,330300,288.0,3308,158784.0
4334,温州市,生菜,2017-05,330300,192.0,1457,69936.0
4335,温州市,生菜,2017-06,330300,144.0,1588,76224.0
4336,温州市,生菜,2017-07,330300,144.0,1978,94944.0
4337,温州市,生菜,2017-08,330300,144.0,1986,95328.0
4338,温州市,生菜,2017-09,330300,144.0,1021,49008.0
4339,温州市,生菜,2017-10,330300,144.0,1797,86256.0
4340,温州市,生菜,2017-11,330300,144.0,1852,88896.0
4341,温州市,生菜,2017-12,330300,144.0,947,45456.0
4342,温州市,生菜,2018-01,330300,129.0,869,37367.0
4343,温州市,生菜,2018-02,330300,133.0,1311,58237.0
4344,温州市,生菜,2018-03,330300,135.0,1483,66735.0
4345,温州市,生菜,2018-04,330300,135.0,1619,72855.0
4346,温州市,生菜,2018-05,330300,135.0,2549,114705.0
4347,温州市,生菜,2018-06,330300,141.0,1640,76584.0
4348,温州市,生菜,2018-07,330300,144.0,1315,63120.0
4349,温州市,生菜,2018-08,330300,144.0,1448,69504.0
4350,温州市,生菜,2018-09,330300,144.0,1327,63696.0
4351,温州市,生菜,2018-10,330300,146.0,1995,96672.0
4352,温州市,生菜,2018-11,330300,150.0,564,28200.0
4353,温州市,生菜,2018-12,330300,144.0,2029,97392.0
4354,温州市,生菜,2019-01,330300,144.0,1719,82512.0
4355,温州市,生菜,2019-02,330300,142.0,1323,62864.0
4356,温州市,生菜,2019-03,330300,92.0,1705,78430.0
4357,温州市,娃娃菜,2016-12,330300,7.66,1248,4779.84
4358,温州市,娃娃菜,2017-01,330300,11.49,1240,4749.200000000002
4359,温州市,娃娃菜,2017-02,330300,11.49,2315,8866.45
4360,温州市,娃娃菜,2017-03,330300,15.32,1385,5304.55
4361,温州市,娃娃菜,2017-04,330300,22.98,3060,11719.8
4362,温州市,娃娃菜,2017-05,330300,15.49,1321,5209.88
4363,温州市,娃娃菜,2017-06,330300,12.0,2272,9088.0
4364,温州市,娃娃菜,2017-07,330300,12.66,1385,5737.67
4365,温州市,娃娃菜,2017-08,330300,12.99,2047,8863.51
4366,温州市,娃娃菜,2017-09,330300,12.99,1217,5269.61
4367,温州市,娃娃菜,2017-10,330300,12.99,1886,8166.379999999999
4368,温州市,娃娃菜,2017-11,330300,12.99,1442,6243.86
4369,温州市,娃娃菜,2017-12,330300,12.66,694,2928.79
4370,温州市,娃娃菜,2018-01,330300,12.34,826,3431.33
4371,温州市,娃娃菜,2018-02,330300,13.17,2063,8977.59
4372,温州市,娃娃菜,2018-03,330300,13.5,1838,8271.0
4373,温州市,娃娃菜,2018-04,330300,13.5,1633,7348.5
4374,温州市,娃娃菜,2018-05,330300,13.5,2001,9004.5
4375,温州市,娃娃菜,2018-06,330300,13.0,1528,6681.57
4376,温州市,娃娃菜,2018-07,330300,13.67,1240,5479.02
4377,温州市,娃娃菜,2018-08,330300,14.01,1371,6402.57
4378,温州市,娃娃菜,2018-09,330300,14.01,2339,10923.13
4379,温州市,娃娃菜,2018-10,330300,14.01,1245,5814.15
4380,温州市,娃娃菜,2018-11,330300,14.01,1047,4889.49
4381,温州市,娃娃菜,2018-12,330300,14.01,1896,8854.32
4382,温州市,娃娃菜,2019-01,330300,14.01,1848,8630.16
4383,温州市,娃娃菜,2019-02,330300,14.01,1389,6486.629999999999
4384,温州市,娃娃菜,2019-03,330300,9.34,481,2246.27
4385,湖州市,黄瓜,2016-12,330500,68.0,550,18700.0
4386,湖州市,黄瓜,2017-01,330500,102.0,1743,59262.0
4387,湖州市,黄瓜,2017-02,330500,102.0,1497,50898.0
4388,湖州市,黄瓜,2017-03,330500,136.0,1899,64566.0
4389,湖州市,黄瓜,2017-04,330500,204.0,2716,92344.0
4390,湖州市,黄瓜,2017-05,330500,136.0,3114,105876.0
4391,湖州市,黄瓜,2017-06,330500,102.0,1627,55318.0
4392,湖州市,黄瓜,2017-07,330500,102.0,1646,55964.0
4393,湖州市,黄瓜,2017-08,330500,102.0,1239,42126.0
4394,湖州市,黄瓜,2017-09,330500,102.0,1388,47192.0
4395,湖州市,黄瓜,2017-10,330500,102.0,1072,36448.0
4396,湖州市,黄瓜,2017-11,330500,102.0,1855,63070.0
4397,湖州市,黄瓜,2017-12,330500,102.0,1762,59908.0
4398,湖州市,黄瓜,2018-01,330500,102.0,790,26860.0
4399,湖州市,黄瓜,2018-02,330500,103.34,1664,57171.63000000001
4400,湖州市,黄瓜,2018-03,330500,104.01,570,19761.9
4401,湖州市,黄瓜,2018-04,330500,104.01,1107,38379.69
4402,湖州市,黄瓜,2018-05,330500,104.01,1876,65040.92000000001
4403,湖州市,黄瓜,2018-06,330500,104.01,814,28221.38
4404,湖州市,黄瓜,2018-07,330500,104.01,1708,59216.36
4405,湖州市,黄瓜,2018-08,330500,104.01,718,24893.06
4406,湖州市,黄瓜,2018-09,330500,104.67,692,24191.29
4407,湖州市,黄瓜,2018-10,330500,109.0,2388,86514.0
4408,湖州市,黄瓜,2018-11,330500,109.66,1721,62728.95
4409,湖州市,黄瓜,2018-12,330500,108.99,920,33423.6
4410,湖州市,黄瓜,2019-01,330500,108.99,1157,42033.81
4411,湖州市,黄瓜,2019-02,330500,111.0,1916,70892.0
4412,湖州市,黄瓜,2019-03,330500,73.67,973,35771.32
4413,湖州市,菠菜,2016-12,330500,11.17,809,4556.6
4414,湖州市,菠菜,2017-01,330500,19.34,963,6114.94
4415,湖州市,菠菜,2017-02,330500,22.5,1089,8091.69
4416,湖州市,菠菜,2017-03,330500,25.99,2007,13252.37
4417,湖州市,菠菜,2017-04,330500,36.34,3340,19992.62
4418,湖州市,菠菜,2017-05,330500,20.01,1346,6833.45
4419,湖州市,菠菜,2017-06,330500,11.83,1556,6124.04
4420,湖州市,菠菜,2017-07,330500,11.34,2081,7934.27
4421,湖州市,菠菜,2017-08,330500,14.0,815,3727.8
4422,湖州市,菠菜,2017-09,330500,14.49,1138,5496.540000000001
4423,湖州市,菠菜,2017-10,330500,15.16,1665,8226.24
4424,湖州市,菠菜,2017-11,330500,15.5,1383,7135.0
4425,湖州市,菠菜,2017-12,330500,15.0,1679,8395.0
4426,湖州市,菠菜,2018-01,330500,16.66,1140,6303.33
4427,湖州市,菠菜,2018-02,330500,22.0,2679,19556.88
4428,湖州市,菠菜,2018-03,330500,21.83,1268,8883.47
4429,湖州市,菠菜,2018-04,330500,18.0,1464,8767.23
4430,湖州市,菠菜,2018-05,330500,14.83,1152,5758.81
4431,湖州市,菠菜,2018-06,330500,15.0,2490,12613.65
4432,湖州市,菠菜,2018-07,330500,14.0,1269,5821.0
4433,湖州市,菠菜,2018-08,330500,15.5,1623,8362.17
4434,湖州市,菠菜,2018-09,330500,16.67,1954,10909.18
4435,湖州市,菠菜,2018-10,330500,15.33,1660,8537.93
4436,湖州市,菠菜,2018-11,330500,15.0,1382,6910.0
4437,湖州市,菠菜,2018-12,330500,16.0,2121,11514.39
4438,湖州市,菠菜,2019-01,330500,19.01,2218,13974.06
4439,湖州市,菠菜,2019-02,330500,26.84,960,8635.0
4440,湖州市,菠菜,2019-03,330500,18.33,714,6591.33
4441,湖州市,韭菜,2016-12,330500,113.34,666,37742.22
4442,湖州市,韭菜,2017-01,330500,170.01,1731,98095.77
4443,湖州市,韭菜,2017-02,330500,170.67000000000004,1591,90641.46
4444,湖州市,韭菜,2017-03,330500,226.68,1655,93788.85
4445,湖州市,韭菜,2017-04,330500,342.02,2928,166572.76
4446,湖州市,韭菜,2017-05,330500,230.68,2003,115513.01
4447,湖州市,韭菜,2017-06,330500,173.01,1421,81949.07
4448,湖州市,韭菜,2017-07,330500,173.01,1241,71568.47
4449,湖州市,韭菜,2017-08,330500,173.01,2456,141637.52000000002
4450,湖州市,韭菜,2017-09,330500,173.01,1677,96712.59
4451,湖州市,韭菜,2017-10,330500,173.01,1418,81776.06
4452,湖州市,韭菜,2017-11,330500,173.01,1240,71510.8
4453,湖州市,韭菜,2017-12,330500,173.01,1828,105420.76
4454,湖州市,韭菜,2018-01,330500,173.01,1522,87773.74
4455,湖州市,韭菜,2018-02,330500,173.01,761,43886.87
4456,湖州市,韭菜,2018-03,330500,173.01,1122,64705.74000000001
4457,湖州市,韭菜,2018-04,330500,173.01,2649,152767.83000000002
4458,湖州市,韭菜,2018-05,330500,173.01,1729,99711.43
4459,湖州市,韭菜,2018-06,330500,173.01,2212,127566.04
4460,湖州市,韭菜,2018-07,330500,173.01,845,48731.15
4461,湖州市,韭菜,2018-08,330500,173.01,1792,103344.64
4462,湖州市,韭菜,2018-09,330500,173.01,1090,62860.3
4463,湖州市,韭菜,2018-10,330500,173.01,1939,111822.13
4464,湖州市,韭菜,2018-11,330500,173.01,1014,58477.38000000001
4465,湖州市,韭菜,2018-12,330500,173.01,2023,116666.41
4466,湖州市,韭菜,2019-01,330500,173.01,1363,78604.21
4467,湖州市,韭菜,2019-02,330500,173.01,1384,79815.28
4468,湖州市,韭菜,2019-03,330500,115.34,1554,89619.18
4469,湖州市,胡萝卜,2016-12,330500,6.66,1459,4858.469999999998
4470,湖州市,胡萝卜,2017-01,330500,9.99,829,2760.57
4471,湖州市,胡萝卜,2017-02,330500,10.33,1408,4906.92
4472,湖州市,胡萝卜,2017-03,330500,13.49,1402,4792.76
4473,湖州市,胡萝卜,2017-04,330500,19.98,3675,12237.75
4474,湖州市,胡萝卜,2017-05,330500,13.32,2824,9403.92
4475,湖州市,胡萝卜,2017-06,330500,9.51,1901,6026.17
4476,湖州市,胡萝卜,2017-07,330500,9.51,2334,7398.78
4477,湖州市,胡萝卜,2017-08,330500,9.51,968,3068.56
4478,湖州市,胡萝卜,2017-09,330500,9.51,2192,6948.6399999999985
4479,湖州市,胡萝卜,2017-10,330500,9.51,1823,5778.91
4480,湖州市,胡萝卜,2017-11,330500,9.51,1068,3385.5600000000004
4481,湖州市,胡萝卜,2017-12,330500,9.51,1665,5278.049999999998
4482,湖州市,胡萝卜,2018-01,330500,9.51,981,3109.77
4483,湖州市,胡萝卜,2018-02,330500,9.51,1624,5148.08
4484,湖州市,胡萝卜,2018-03,330500,9.51,927,2938.59
4485,湖州市,胡萝卜,2018-04,330500,9.51,957,3033.69
4486,湖州市,胡萝卜,2018-05,330500,9.51,2388,7569.96
4487,湖州市,胡萝卜,2018-06,330500,9.51,2045,6482.65
4488,湖州市,胡萝卜,2018-07,330500,9.51,2295,7275.15
4489,湖州市,胡萝卜,2018-08,330500,9.51,2325,7370.25
4490,湖州市,胡萝卜,2018-09,330500,9.51,1562,4951.54
4491,湖州市,胡萝卜,2018-10,330500,9.51,1107,3509.19
4492,湖州市,胡萝卜,2018-11,330500,9.51,1183,3750.11
4493,湖州市,胡萝卜,2018-12,330500,9.51,663,2101.71
4494,湖州市,胡萝卜,2019-01,330500,9.51,1305,4136.85
4495,湖州市,胡萝卜,2019-02,330500,9.51,1240,3930.8
4496,湖州市,胡萝卜,2019-03,330500,6.34,1046,3315.82
4497,湖州市,西兰花,2016-12,330500,76.66,812,31123.96
4498,湖州市,西兰花,2017-01,330500,114.99,2449,93870.16999999998
4499,湖州市,西兰花,2017-02,330500,114.99,890,34113.7
4500,湖州市,西兰花,2017-03,330500,153.32,2207,84594.31
4501,湖州市,西兰花,2017-04,330500,229.98,3324,127408.92
4502,湖州市,西兰花,2017-05,330500,153.32,657,25182.81
4503,湖州市,西兰花,2017-06,330500,114.99,1519,58223.27
4504,湖州市,西兰花,2017-07,330500,114.99,1299,49790.67
4505,湖州市,西兰花,2017-08,330500,114.99,2599,99619.66999999998
4506,湖州市,西兰花,2017-09,330500,114.99,1673,64126.09
4507,湖州市,西兰花,2017-10,330500,114.99,987,37831.71
4508,湖州市,西兰花,2017-11,330500,114.99,1571,60216.42999999999
4509,湖州市,西兰花,2017-12,330500,114.99,1216,46609.28
4510,湖州市,西兰花,2018-01,330500,114.99,560,21464.8
4511,湖州市,西兰花,2018-02,330500,116.33,1535,59643.23
4512,湖州市,西兰花,2018-03,330500,117.0,1635,63765.0
4513,湖州市,西兰花,2018-04,330500,119.01,1382,54823.94
4514,湖州市,西兰花,2018-05,330500,119.01,1431,56767.77
4515,湖州市,西兰花,2018-06,330500,119.01,418,16582.06
4516,湖州市,西兰花,2018-07,330500,119.01,2445,96993.15
4517,湖州市,西兰花,2018-08,330500,119.01,2064,81878.88
4518,湖州市,西兰花,2018-09,330500,119.01,1190,47207.3
4519,湖州市,西兰花,2018-10,330500,119.01,1669,66209.23000000001
4520,湖州市,西兰花,2018-11,330500,119.01,1286,51015.62
4521,湖州市,西兰花,2018-12,330500,119.01,1523,60417.41
4522,湖州市,西兰花,2019-01,330500,119.01,1244,49349.48
4523,湖州市,西兰花,2019-02,330500,120.99,2174,87677.42
4524,湖州市,西兰花,2019-03,330500,80.0,224,8960.0
4525,湖州市,油麦菜,2016-12,330500,15.5,635,4873.97
4526,湖州市,油麦菜,2017-01,330500,23.01,1979,15178.93
4527,湖州市,油麦菜,2017-02,330500,23.83,1279,10088.35
4528,湖州市,油麦菜,2017-03,330500,32.0,2294,18352.0
4529,湖州市,油麦菜,2017-04,330500,50.34,3451,28306.87
4530,湖州市,油麦菜,2017-05,330500,35.66,1812,16201.58
4531,湖州市,油麦菜,2017-06,330500,27.99,1634,15245.22
4532,湖州市,油麦菜,2017-07,330500,27.99,2288,21347.04
4533,湖州市,油麦菜,2017-08,330500,27.99,1509,14078.97
4534,湖州市,油麦菜,2017-09,330500,27.67,1557,14325.85
4535,湖州市,油麦菜,2017-10,330500,26.83,1418,12663.74
4536,湖州市,油麦菜,2017-11,330500,26.33,1082,9466.86
4537,湖州市,油麦菜,2017-12,330500,26.01,2271,19689.57
4538,湖州市,油麦菜,2018-01,330500,26.16,1364,11962.61
4539,湖州市,油麦菜,2018-02,330500,27.99,937,8742.210000000001
4540,湖州市,油麦菜,2018-03,330500,27.99,1266,11811.78
4541,湖州市,油麦菜,2018-04,330500,28.67,1158,11069.34
4542,湖州市,油麦菜,2018-05,330500,29.01,2079,20103.93
4543,湖州市,油麦菜,2018-06,330500,29.01,1844,17831.48
4544,湖州市,油麦菜,2018-07,330500,29.01,1486,14369.62
4545,湖州市,油麦菜,2018-08,330500,29.01,1755,16970.85
4546,湖州市,油麦菜,2018-09,330500,29.01,1867,18053.89
4547,湖州市,油麦菜,2018-10,330500,29.01,1669,16139.23
4548,湖州市,油麦菜,2018-11,330500,27.67,1688,15600.4
4549,湖州市,油麦菜,2018-12,330500,27.51,932,8546.44
4550,湖州市,油麦菜,2019-01,330500,27.51,1258,11535.86
4551,湖州市,油麦菜,2019-02,330500,27.51,817,7491.89
4552,湖州市,油麦菜,2019-03,330500,18.34,618,5667.06
4553,湖州市,蒜黄,2016-12,330500,8.84,836,3732.12
4554,湖州市,蒜黄,2017-01,330500,11.33,1511,5630.17
4555,湖州市,蒜黄,2017-02,330500,10.16,2034,6919.48
4556,湖州市,蒜黄,2017-03,330500,12.17,2780,8402.22
4557,湖州市,蒜黄,2017-04,330500,19.02,1987,6298.79
4558,湖州市,蒜黄,2017-05,330500,18.66,1669,7137.51
4559,湖州市,蒜黄,2017-06,330500,13.83,1166,5920.46
4560,湖州市,蒜黄,2017-07,330500,16.34,1223,6617.8899999999985
4561,湖州市,蒜黄,2017-08,330500,21.0,2219,15346.37
4562,湖州市,蒜黄,2017-09,330500,21.83,1027,7894.47
4563,湖州市,蒜黄,2017-10,330500,20.5,1346,9153.0
4564,湖州市,蒜黄,2017-11,330500,14.51,1940,9559.3
4565,湖州市,蒜黄,2017-12,330500,14.84,1043,4744.65
4566,湖州市,蒜黄,2018-01,330500,16.83,1647,9469.21
4567,湖州市,蒜黄,2018-02,330500,18.33,2203,13640.41
4568,湖州市,蒜黄,2018-03,330500,11.67,1500,5982.6
4569,湖州市,蒜黄,2018-04,330500,11.51,1493,5807.81
4570,湖州市,蒜黄,2018-05,330500,14.16,1397,6949.91
4571,湖州市,蒜黄,2018-06,330500,17.33,1047,6040.41
4572,湖州市,蒜黄,2018-07,330500,15.83,1251,6556.63
4573,湖州市,蒜黄,2018-08,330500,17.33,1909,11322.28
4574,湖州市,蒜黄,2018-09,330500,21.84,1686,12287.32
4575,湖州市,蒜黄,2018-10,330500,19.0,1243,8045.769999999998
4576,湖州市,蒜黄,2018-11,330500,14.33,2426,11548.53
4577,湖州市,蒜黄,2018-12,330500,13.0,1373,5842.469999999998
4578,湖州市,蒜黄,2019-01,330500,13.84,1088,5034.21
4579,湖州市,蒜黄,2019-02,330500,16.34,1243,6863.8899999999985
4580,湖州市,蒜黄,2019-03,330500,9.34,920,4296.4
4581,湖州市,上海青,2016-12,330500,10.66,280,1492.4
4582,湖州市,上海青,2017-01,330500,15.99,1618,8623.94
4583,湖州市,上海青,2017-02,330500,15.99,452,2409.16
4584,湖州市,上海青,2017-03,330500,21.32,2665,14204.45
4585,湖州市,上海青,2017-04,330500,31.98,3264,17397.12
4586,湖州市,上海青,2017-05,330500,21.32,967,5154.11
4587,湖州市,上海青,2017-06,330500,17.009999999999998,1645,9327.15
4588,湖州市,上海青,2017-07,330500,17.009999999999998,1787,10132.29
4589,湖州市,上海青,2017-08,330500,17.009999999999998,1751,9928.17
4590,湖州市,上海青,2017-09,330500,17.009999999999998,1393,7898.309999999998
4591,湖州市,上海青,2017-10,330500,17.009999999999998,1356,7688.519999999998
4592,湖州市,上海青,2017-11,330500,17.009999999999998,1927,10926.09
4593,湖州市,上海青,2017-12,330500,17.009999999999998,1896,10750.32
4594,湖州市,上海青,2018-01,330500,17.009999999999998,688,3900.96
4595,湖州市,上海青,2018-02,330500,17.009999999999998,1262,7155.54
4596,湖州市,上海青,2018-03,330500,17.009999999999998,2054,11646.18
4597,湖州市,上海青,2018-04,330500,17.009999999999998,1546,8765.82
4598,湖州市,上海青,2018-05,330500,17.009999999999998,2256,12791.52
4599,湖州市,上海青,2018-06,330500,17.009999999999998,1608,9117.36
4600,湖州市,上海青,2018-07,330500,17.009999999999998,2495,14146.65
4601,湖州市,上海青,2018-08,330500,17.009999999999998,1770,10035.9
4602,湖州市,上海青,2018-09,330500,17.009999999999998,1707,9678.69
4603,湖州市,上海青,2018-10,330500,17.009999999999998,814,4615.38
4604,湖州市,上海青,2018-11,330500,17.009999999999998,1336,7575.12
4605,湖州市,上海青,2018-12,330500,17.009999999999998,725,4110.75
4606,湖州市,上海青,2019-01,330500,17.009999999999998,1509,8556.03
4607,湖州市,上海青,2019-02,330500,17.009999999999998,704,3991.68
4608,湖州市,上海青,2019-03,330500,11.34,847,4802.49
4609,湖州市,香菜,2016-12,330500,8.67,1901,8252.55
4610,湖州市,香菜,2017-01,330500,14.83,1687,8960.689999999999
4611,湖州市,香菜,2017-02,330500,15.84,1159,6758.03
4612,湖州市,香菜,2017-03,330500,17.490000000000002,2483,10860.53
4613,湖州市,香菜,2017-04,330500,23.32,1970,7665.46
4614,湖州市,香菜,2017-05,330500,14.17,2174,7531.14
4615,湖州市,香菜,2017-06,330500,9.51,926,2935.42
4616,湖州市,香菜,2017-07,330500,10.01,2069,7008.23
4617,湖州市,香菜,2017-08,330500,12.34,1656,6793.15
4618,湖州市,香菜,2017-09,330500,11.34,1171,4574.11
4619,湖州市,香菜,2017-10,330500,12.0,1544,6176.0
4620,湖州市,香菜,2017-11,330500,12.0,1155,4620.0
4621,湖州市,香菜,2017-12,330500,12.34,1385,5743.83
4622,湖州市,香菜,2018-01,330500,15.84,1431,7506.2
4623,湖州市,香菜,2018-02,330500,18.0,904,5442.04
4624,湖州市,香菜,2018-03,330500,15.34,1588,8095.21
4625,湖州市,香菜,2018-04,330500,14.67,1213,5969.59
4626,湖州市,香菜,2018-05,330500,12.0,1416,5850.45
4627,湖州市,香菜,2018-06,330500,10.67,2085,7358.53
4628,湖州市,香菜,2018-07,330500,10.84,2646,9563.43
4629,湖州市,香菜,2018-08,330500,12.99,2633,11204.89
4630,湖州市,香菜,2018-09,330500,16.33,2388,12976.92
4631,湖州市,香菜,2018-10,330500,14.5,1344,6162.74
4632,湖州市,香菜,2018-11,330500,12.84,1446,6120.24
4633,湖州市,香菜,2018-12,330500,14.33,1206,5548.940000000001
4634,湖州市,香菜,2019-01,330500,15.33,1942,9930.11
4635,湖州市,香菜,2019-02,330500,19.5,1360,8840.0
4636,湖州市,香菜,2019-03,330500,12.0,1298,7914.719999999998
4637,湖州市,豆角,2016-12,330500,7.83,957,3788.05
4638,湖州市,豆角,2017-01,330500,11.17,1212,4575.88
4639,湖州市,豆角,2017-02,330500,11.16,2098,7764.41
4640,湖州市,豆角,2017-03,330500,14.0,2925,10237.5
4641,湖州市,豆角,2017-04,330500,19.66,1512,4924.0
4642,湖州市,豆角,2017-05,330500,11.32,2404,6803.32
4643,湖州市,豆角,2017-06,330500,9.83,1198,3779.61
4644,湖州市,豆角,2017-07,330500,10.83,1477,5341.43
4645,湖州市,豆角,2017-08,330500,14.33,1056,5091.68
4646,湖州市,豆角,2017-09,330500,14.49,1795,8669.85
4647,湖州市,豆角,2017-10,330500,15.67,1929,10055.490000000002
4648,湖州市,豆角,2017-11,330500,12.0,924,3792.9
4649,湖州市,豆角,2017-12,330500,10.5,1361,4763.5
4650,湖州市,豆角,2018-01,330500,12.17,1585,6453.3899999999985
4651,湖州市,豆角,2018-02,330500,13.0,1901,8133.450000000002
4652,湖州市,豆角,2018-03,330500,12.5,496,2091.02
4653,湖州市,豆角,2018-04,330500,10.67,2279,8029.71
4654,湖州市,豆角,2018-05,330500,9.99,711,2367.63
4655,湖州市,豆角,2018-06,330500,10.84,1811,6481.6399999999985
4656,湖州市,豆角,2018-07,330500,12.34,1972,7819.73
4657,湖州市,豆角,2018-08,330500,14.0,1693,7842.0
4658,湖州市,豆角,2018-09,330500,16.17,2345,12758.27
4659,湖州市,豆角,2018-10,330500,14.83,1889,9194.73
4660,湖州市,豆角,2018-11,330500,10.66,514,1849.64
4661,湖州市,豆角,2018-12,330500,9.99,1798,5987.34
4662,湖州市,豆角,2019-01,330500,11.67,2083,8188.78
4663,湖州市,豆角,2019-02,330500,12.17,730,2922.89
4664,湖州市,豆角,2019-03,330500,8.34,1474,6146.58
4665,湖州市,小葱,2017-01,330500,17.5,1871,6279.7
4666,湖州市,小葱,2017-02,330500,12.5,1632,5159.5
4667,湖州市,小葱,2017-03,330500,12.0,1189,3567.0
4668,湖州市,小葱,2017-04,330500,13.9,3092,8487.4
4669,湖州市,小葱,2017-05,330500,17.4,2838,7011.0
4670,湖州市,小葱,2017-06,330500,12.7,2294,7584.9
4671,湖州市,小葱,2017-07,330500,13.5,2934,9854.5
4672,湖州市,小葱,2017-08,330500,23.5,3211,14512.9
4673,湖州市,小葱,2017-09,330500,20.1,1496,7425.3
4674,湖州市,小葱,2017-10,330500,21.8,1935,8354.9
4675,湖州市,小葱,2017-11,330500,18.9,2191,10334.7
4676,湖州市,小葱,2017-12,330500,20.7,926,4761.5
4677,湖州市,小葱,2018-01,330500,25.9,1524,7841.200000000002
4678,湖州市,小葱,2018-02,330500,19.5,1300,6456.5
4679,湖州市,小葱,2018-03,330500,16.8,2133,9088.7
4680,湖州市,小葱,2018-04,330500,15.0,2176,8075.1
4681,湖州市,小葱,2018-05,330500,20.0,3570,14280.0
4682,湖州市,小葱,2018-06,330500,16.0,1216,4864.0
4683,湖州市,小葱,2018-07,330500,21.0,1805,7346.0
4684,湖州市,小葱,2018-08,330500,21.8,1536,8299.8
4685,湖州市,小葱,2018-09,330500,22.0,2828,15554.0
4686,湖州市,小葱,2018-10,330500,24.6,3219,15718.2
4687,湖州市,小葱,2018-11,330500,20.0,1154,5770.0
4688,湖州市,小葱,2018-12,330500,20.0,949,4745.0
4689,湖州市,小葱,2019-01,330500,24.9,1209,6018.6
4690,湖州市,小葱,2019-02,330500,18.5,1519,6755.5
4691,湖州市,小葱,2019-03,330500,11.4,1196,4544.8
4692,湖州市,西红柿,2016-12,330500,60.0,764,22920.0
4693,湖州市,西红柿,2017-01,330500,95.0,2144,68740.0
4694,湖州市,西红柿,2017-02,330500,105.0,1454,50890.0
4695,湖州市,西红柿,2017-03,330500,140.0,1693,59255.0
4696,湖州市,西红柿,2017-04,330500,210.0,3139,109865.0
4697,湖州市,西红柿,2017-05,330500,140.0,614,21490.0
4698,湖州市,西红柿,2017-06,330500,105.0,1355,47425.0
4699,湖州市,西红柿,2017-07,330500,105.0,1797,62895.0
4700,湖州市,西红柿,2017-08,330500,105.0,1332,46620.0
4701,湖州市,西红柿,2017-09,330500,105.0,1728,60480.0
4702,湖州市,西红柿,2017-10,330500,105.0,1698,59430.0
4703,湖州市,西红柿,2017-11,330500,105.0,1600,56000.0
4704,湖州市,西红柿,2017-12,330500,105.0,2203,77105.0
4705,湖州市,西红柿,2018-01,330500,105.0,1586,55510.0
4706,湖州市,西红柿,2018-02,330500,105.0,1066,37310.0
4707,湖州市,西红柿,2018-03,330500,105.0,927,32445.0
4708,湖州市,西红柿,2018-04,330500,105.0,1755,61425.0
4709,湖州市,西红柿,2018-05,330500,105.0,1543,54005.0
4710,湖州市,西红柿,2018-06,330500,105.0,1501,52535.0
4711,湖州市,西红柿,2018-07,330500,105.0,1886,66010.0
4712,湖州市,西红柿,2018-08,330500,105.0,1535,53725.0
4713,湖州市,西红柿,2018-09,330500,105.0,2166,75810.0
4714,湖州市,西红柿,2018-10,330500,105.0,566,19810.0
4715,湖州市,西红柿,2018-11,330500,105.0,2197,76895.0
4716,湖州市,西红柿,2018-12,330500,105.0,1575,55125.0
4717,湖州市,西红柿,2019-01,330500,105.0,1438,50330.0
4718,湖州市,西红柿,2019-02,330500,105.0,952,33320.0
4719,湖州市,西红柿,2019-03,330500,70.0,371,12985.0
4720,湖州市,茼蒿,2016-12,330500,8.5,1101,4603.5
4721,湖州市,茼蒿,2017-01,330500,11.66,1679,6486.5
4722,湖州市,茼蒿,2017-02,330500,12.66,1343,5567.03
4723,湖州市,茼蒿,2017-03,330500,17.14,2371,10141.69
4724,湖州市,茼蒿,2017-04,330500,25.02,2696,11242.32
4725,湖州市,茼蒿,2017-05,330500,17.32,2341,10136.53
4726,湖州市,茼蒿,2017-06,330500,12.99,1998,8651.34
4727,湖州市,茼蒿,2017-07,330500,12.99,2268,9820.44
4728,湖州市,茼蒿,2017-08,330500,12.51,2449,10212.33
4729,湖州市,茼蒿,2017-09,330500,12.67,593,2521.61
4730,湖州市,茼蒿,2017-10,330500,12.0,1299,5196.0
4731,湖州市,茼蒿,2017-11,330500,11.66,1579,6131.89
4732,湖州市,茼蒿,2017-12,330500,12.0,1211,4844.0
4733,湖州市,茼蒿,2018-01,330500,12.0,704,2816.0
4734,湖州市,茼蒿,2018-02,330500,12.0,2464,9856.0
4735,湖州市,茼蒿,2018-03,330500,13.33,1829,8216.39
4736,湖州市,茼蒿,2018-04,330500,14.01,1504,7023.68
4737,湖州市,茼蒿,2018-05,330500,14.01,1654,7724.1799999999985
4738,湖州市,茼蒿,2018-06,330500,13.67,924,4130.46
4739,湖州市,茼蒿,2018-07,330500,12.51,2241,9344.97
4740,湖州市,茼蒿,2018-08,330500,12.0,1137,4548.0
4741,湖州市,茼蒿,2018-09,330500,12.33,2096,8595.86
4742,湖州市,茼蒿,2018-10,330500,12.99,2184,9456.72
4743,湖州市,茼蒿,2018-11,330500,13.5,1434,6453.0
4744,湖州市,茼蒿,2018-12,330500,13.5,1044,4698.0
4745,湖州市,茼蒿,2019-01,330500,13.5,1579,7105.5
4746,湖州市,茼蒿,2019-02,330500,13.5,2183,9823.5
4747,湖州市,茼蒿,2019-03,330500,9.0,1885,8482.5
4748,湖州市,香菇,2016-12,330500,14.0,808,5656.0
4749,湖州市,香菇,2017-01,330500,22.0,923,6683.0
4750,湖州市,香菇,2017-02,330500,23.01,978,7501.26
4751,湖州市,香菇,2017-03,330500,30.68,1848,14174.16
4752,湖州市,香菇,2017-04,330500,44.68,1887,14015.74
4753,湖州市,香菇,2017-05,330500,28.51,2786,19835.54
4754,湖州市,香菇,2017-06,330500,20.01,2491,16614.97
4755,湖州市,香菇,2017-07,330500,20.01,1227,8184.09
4756,湖州市,香菇,2017-08,330500,20.01,1743,11625.81
4757,湖州市,香菇,2017-09,330500,22.66,1248,9413.16
4758,湖州市,香菇,2017-10,330500,21.99,1340,9822.2
4759,湖州市,香菇,2017-11,330500,21.99,688,5043.04
4760,湖州市,香菇,2017-12,330500,21.99,2199,16118.67
4761,湖州市,香菇,2018-01,330500,29.33,371,3737.97
4762,湖州市,香菇,2018-02,330500,31.67,1709,18016.07
4763,湖州市,香菇,2018-03,330500,26.0,1771,14877.16
4764,湖州市,香菇,2018-04,330500,22.67,1599,12036.7
4765,湖州市,香菇,2018-05,330500,20.01,1305,8704.349999999999
4766,湖州市,香菇,2018-06,330500,18.99,969,6133.77
4767,湖州市,香菇,2018-07,330500,18.99,1443,9134.19
4768,湖州市,香菇,2018-08,330500,19.66,1620,10619.08
4769,湖州市,香菇,2018-09,330500,21.33,1429,10115.53
4770,湖州市,香菇,2018-10,330500,20.67,1107,7761.209999999999
4771,湖州市,香菇,2018-11,330500,18.67,403,2571.4300000000007
4772,湖州市,香菇,2018-12,330500,18.0,850,5100.0
4773,湖州市,香菇,2019-01,330500,18.0,1103,6618.0
4774,湖州市,香菇,2019-02,330500,20.01,1590,10605.3
4775,湖州市,香菇,2019-03,330500,13.34,1409,9398.03
4776,湖州市,木耳,2017-01,330500,59.05,3305,39034.35
4777,湖州市,木耳,2017-02,330500,46.3,1686,19376.2
4778,湖州市,木耳,2017-03,330500,44.0,1188,13084.0
4779,湖州市,木耳,2017-04,330500,51.7,2861,29541.5
4780,湖州市,木耳,2017-05,330500,68.95,3507,34504.2
4781,湖州市,木耳,2017-06,330500,36.55,1625,14898.9
4782,湖州市,木耳,2017-07,330500,37.5,2156,20207.6
4783,湖州市,木耳,2017-08,330500,48.6,2351,22783.4
4784,湖州市,木耳,2017-09,330500,39.4,2476,24414.9
4785,湖州市,木耳,2017-10,330500,47.8,2340,22308.7
4786,湖州市,木耳,2017-11,330500,37.8,2368,22385.7
4787,湖州市,木耳,2017-12,330500,39.7,1532,15123.3
4788,湖州市,木耳,2018-01,330500,51.7,1583,16258.0
4789,湖州市,木耳,2018-02,330500,39.9,2252,22190.4
4790,湖州市,木耳,2018-03,330500,34.4,3032,26454.4
4791,湖州市,木耳,2018-04,330500,30.4,2789,21205.4
4792,湖州市,木耳,2018-05,330500,36.4,3003,21903.4
4793,湖州市,木耳,2018-06,330500,31.3,779,6042.5
4794,湖州市,木耳,2018-07,330500,41.8,2913,24601.4
4795,湖州市,木耳,2018-08,330500,38.1,2583,24582.6
4796,湖州市,木耳,2018-09,330500,46.5,3186,36463.5
4797,湖州市,木耳,2018-10,330500,53.5,2750,30361.9
4798,湖州市,木耳,2018-11,330500,35.8,1798,16235.3
4799,湖州市,木耳,2018-12,330500,37.1,2409,22302.8
4800,湖州市,木耳,2019-01,330500,43.0,3259,28389.9
4801,湖州市,木耳,2019-02,330500,37.5,1894,17658.3
4802,湖州市,木耳,2019-03,330500,28.9,877,8957.5
4803,湖州市,蒜苔,2016-12,330500,9.83,273,1345.28
4804,湖州市,蒜苔,2017-01,330500,16.5,1300,6926.59
4805,湖州市,蒜苔,2017-02,330500,17.490000000000002,1862,10855.46
4806,湖州市,蒜苔,2017-03,330500,23.0,1394,7993.9
4807,湖州市,蒜苔,2017-04,330500,30.02,3432,16980.44
4808,湖州市,蒜苔,2017-05,330500,17.32,1633,7070.89
4809,湖州市,蒜苔,2017-06,330500,11.34,725,2688.4700000000007
4810,湖州市,蒜苔,2017-07,330500,11.34,1568,5755.219999999998
4811,湖州市,蒜苔,2017-08,330500,12.67,1621,6913.65
4812,湖州市,蒜苔,2017-09,330500,13.33,1999,9106.68
4813,湖州市,蒜苔,2017-10,330500,14.66,1719,8406.470000000001
4814,湖州市,蒜苔,2017-11,330500,14.17,1649,7732.669999999999
4815,湖州市,蒜苔,2017-12,330500,13.33,1293,5763.93
4816,湖州市,蒜苔,2018-01,330500,14.01,1064,4968.879999999999
4817,湖州市,蒜苔,2018-02,330500,14.83,1855,9130.33
4818,湖州市,蒜苔,2018-03,330500,14.66,1124,5564.58
4819,湖州市,蒜苔,2018-04,330500,14.49,1477,7133.91
4820,湖州市,蒜苔,2018-05,330500,14.17,1394,6529.34
4821,湖州市,蒜苔,2018-06,330500,11.67,1570,5928.34
4822,湖州市,蒜苔,2018-07,330500,12.34,585,2423.47
4823,湖州市,蒜苔,2018-08,330500,13.17,2395,10534.95
4824,湖州市,蒜苔,2018-09,330500,14.67,2520,12364.24
4825,湖州市,蒜苔,2018-10,330500,17.84,1321,8054.83
4826,湖州市,蒜苔,2018-11,330500,17.5,2383,13886.5
4827,湖州市,蒜苔,2018-12,330500,16.17,615,3346.17
4828,湖州市,蒜苔,2019-01,330500,16.5,1713,9421.5
4829,湖州市,蒜苔,2019-02,330500,19.5,1728,11232.0
4830,湖州市,蒜苔,2019-03,330500,13.0,1159,7533.5
4831,湖州市,芹菜,2016-12,330500,79.0,1229,48372.0
4832,湖州市,芹菜,2017-01,330500,120.0,866,34640.0
4833,湖州市,芹菜,2017-02,330500,120.0,2218,88720.0
4834,湖州市,芹菜,2017-03,330500,160.0,2064,82560.0
4835,湖州市,芹菜,2017-04,330500,234.66,1987,77512.47
4836,湖州市,芹菜,2017-05,330500,154.68,2142,82831.14000000001
4837,湖州市,芹菜,2017-06,330500,113.01,1228,46258.76
4838,湖州市,芹菜,2017-07,330500,113.01,1225,46145.75
4839,湖州市,芹菜,2017-08,330500,113.01,1291,48631.97
4840,湖州市,芹菜,2017-09,330500,113.01,1385,52172.95
4841,湖州市,芹菜,2017-10,330500,113.01,951,35824.17
4842,湖州市,芹菜,2017-11,330500,113.01,1560,58765.2
4843,湖州市,芹菜,2017-12,330500,113.01,1462,55073.54
4844,湖州市,芹菜,2018-01,330500,113.01,1699,64001.33
4845,湖州市,芹菜,2018-02,330500,113.01,740,27875.800000000007
4846,湖州市,芹菜,2018-03,330500,113.01,1770,66675.9
4847,湖州市,芹菜,2018-04,330500,112.34,1551,57981.29
4848,湖州市,芹菜,2018-05,330500,111.0,1641,60717.0
4849,湖州市,芹菜,2018-06,330500,111.0,1869,69153.0
4850,湖州市,芹菜,2018-07,330500,109.66,1511,55362.96
4851,湖州市,芹菜,2018-08,330500,108.99,2457,89262.81
4852,湖州市,芹菜,2018-09,330500,108.99,1733,62959.89
4853,湖州市,芹菜,2018-10,330500,108.99,2084,75711.72
4854,湖州市,芹菜,2018-11,330500,108.99,958,34804.14
4855,湖州市,芹菜,2018-12,330500,108.99,1490,54131.7
4856,湖州市,芹菜,2019-01,330500,108.99,2321,84321.93
4857,湖州市,芹菜,2019-02,330500,108.99,2215,80470.95
4858,湖州市,芹菜,2019-03,330500,72.66,850,30880.5
4859,湖州市,红薯,2016-12,330500,10.0,1236,6180.0
4860,湖州市,红薯,2017-01,330500,15.0,1265,6325.0
4861,湖州市,红薯,2017-02,330500,15.0,1642,8210.0
4862,湖州市,红薯,2017-03,330500,19.0,1982,9404.26
4863,湖州市,红薯,2017-04,330500,27.34,3157,14332.3
4864,湖州市,红薯,2017-05,330500,17.66,2324,10225.44
4865,湖州市,红薯,2017-06,330500,12.99,1071,4637.43
4866,湖州市,红薯,2017-07,330500,14.01,1409,6580.03
4867,湖州市,红薯,2017-08,330500,15.83,1986,10784.39
4868,湖州市,红薯,2017-09,330500,17.67,1532,9002.91
4869,湖州市,红薯,2017-10,330500,17.009999999999998,2394,13573.98
4870,湖州市,红薯,2017-11,330500,17.009999999999998,2059,11674.53
4871,湖州市,红薯,2017-12,330500,17.33,1154,6701.9
4872,湖州市,红薯,2018-01,330500,17.490000000000002,1452,8465.16
4873,湖州市,红薯,2018-02,330500,17.490000000000002,1677,9776.91
4874,湖州市,红薯,2018-03,330500,16.33,1738,9464.82
4875,湖州市,红薯,2018-04,330500,15.99,2392,12749.36
4876,湖州市,红薯,2018-05,330500,15.99,1456,7760.48
4877,湖州市,红薯,2018-06,330500,15.99,2068,11022.44
4878,湖州市,红薯,2018-07,330500,15.99,1088,5799.04
4879,湖州市,红薯,2018-08,330500,17.5,1138,6803.0
4880,湖州市,红薯,2018-09,330500,18.0,739,4434.0
4881,湖州市,红薯,2018-10,330500,17.17,1434,8243.74
4882,湖州市,红薯,2018-11,330500,16.5,1340,7370.0
4883,湖州市,红薯,2018-12,330500,16.5,1815,9875.4
4884,湖州市,红薯,2019-01,330500,17.009999999999998,692,3923.64
4885,湖州市,红薯,2019-02,330500,16.5,1650,9075.0
4886,湖州市,红薯,2019-03,330500,11.17,1538,8566.1
4887,湖州市,大蒜,2016-12,330500,11.0,854,4810.219999999998
4888,湖州市,大蒜,2017-01,330500,14.67,1788,8867.04
4889,湖州市,大蒜,2017-02,330500,14.0,1556,7204.52
4890,湖州市,大蒜,2017-03,330500,16.68,2734,11400.78
4891,湖州市,大蒜,2017-04,330500,23.66,3746,14741.24
4892,湖州市,大蒜,2017-05,330500,16.34,1615,6576.96
4893,湖州市,大蒜,2017-06,330500,14.5,2353,11280.3
4894,湖州市,大蒜,2017-07,330500,16.33,814,4427.3600000000015
4895,湖州市,大蒜,2017-08,330500,17.009999999999998,1876,10636.92
4896,湖州市,大蒜,2017-09,330500,16.509999999999998,1813,10091.71
4897,湖州市,大蒜,2017-10,330500,14.83,421,2062.67
4898,湖州市,大蒜,2017-11,330500,13.34,1960,8682.9
4899,湖州市,大蒜,2017-12,330500,12.17,2202,8924.96
4900,湖州市,大蒜,2018-01,330500,14.0,1741,8269.68
4901,湖州市,大蒜,2018-02,330500,16.83,1532,8909.56
4902,湖州市,大蒜,2018-03,330500,16.83,2085,11562.33
4903,湖州市,大蒜,2018-04,330500,17.16,1520,8556.64
4904,湖州市,大蒜,2018-05,330500,13.5,1235,5508.54
4905,湖州市,大蒜,2018-06,330500,16.84,1955,11154.67
4906,湖州市,大蒜,2018-07,330500,16.67,1140,6280.2
4907,湖州市,大蒜,2018-08,330500,17.5,1888,11016.91
4908,湖州市,大蒜,2018-09,330500,19.33,1609,10440.65
4909,湖州市,大蒜,2018-10,330500,20.34,2116,14271.23
4910,湖州市,大蒜,2018-11,330500,10.34,1828,6268.49
4911,湖州市,大蒜,2018-12,330500,10.0,1577,5110.0
4912,湖州市,大蒜,2019-01,330500,12.5,518,2146.98
4913,湖州市,大蒜,2019-02,330500,14.67,1699,8354.42
4914,湖州市,大蒜,2019-03,330500,10.0,1094,5622.46
4915,湖州市,生姜,2016-12,330500,30.66,346,5304.18
4916,湖州市,生姜,2017-01,330500,45.99,1434,21983.22
4917,湖州市,生姜,2017-02,330500,45.33,912,13732.14
4918,湖州市,生姜,2017-03,330500,59.66,2347,34995.05
4919,湖州市,生姜,2017-04,330500,88.98,2707,40144.81
4920,湖州市,生姜,2017-05,330500,58.66,3204,46942.8
4921,湖州市,生姜,2017-06,330500,42.66,2078,29605.48
4922,湖州市,生姜,2017-07,330500,42.0,1692,23688.0
4923,湖州市,生姜,2017-08,330500,42.0,1712,23968.0
4924,湖州市,生姜,2017-09,330500,42.0,2121,29694.0
4925,湖州市,生姜,2017-10,330500,42.0,1832,25648.0
4926,湖州市,生姜,2017-11,330500,42.51,950,13461.5
4927,湖州市,生姜,2017-12,330500,42.51,2369,33568.73
4928,湖州市,生姜,2018-01,330500,42.51,1458,20659.86
4929,湖州市,生姜,2018-02,330500,42.51,1827,25888.59
4930,湖州市,生姜,2018-03,330500,41.83,690,9564.46
4931,湖州市,生姜,2018-04,330500,39.5,2480,32683.120000000006
4932,湖州市,生姜,2018-05,330500,38.01,1660,21032.2
4933,湖州市,生姜,2018-06,330500,38.01,2051,25986.17
4934,湖州市,生姜,2018-07,330500,36.99,1877,23143.41
4935,湖州市,生姜,2018-08,330500,37.67,2194,27516.8
4936,湖州市,生姜,2018-09,330500,45.0,1173,18359.42
4937,湖州市,生姜,2018-10,330500,45.34,2240,33609.87
4938,湖州市,生姜,2018-11,330500,40.84,2077,28250.3
4939,湖州市,生姜,2018-12,330500,39.99,954,12716.82
4940,湖州市,生姜,2019-01,330500,40.33,687,9194.77
4941,湖州市,生姜,2019-02,330500,39.99,1135,15129.55
4942,湖州市,生姜,2019-03,330500,27.16,1484,20124.72
4943,湖州市,白菜,2016-12,330500,34.0,862,14654.0
4944,湖州市,白菜,2017-01,330500,51.0,1077,18309.0
4945,湖州市,白菜,2017-02,330500,51.0,1613,27421.0
4946,湖州市,白菜,2017-03,330500,67.34,2099,35368.840000000004
4947,湖州市,白菜,2017-04,330500,100.02,5252,87550.84000000001
4948,湖州市,白菜,2017-05,330500,66.34,1313,21767.01
4949,湖州市,白菜,2017-06,330500,48.66,1199,19397.51
4950,湖州市,白菜,2017-07,330500,48.0,1529,24464.0
4951,湖州市,白菜,2017-08,330500,48.0,989,15824.0
4952,湖州市,白菜,2017-09,330500,48.0,1070,17120.0
4953,湖州市,白菜,2017-10,330500,48.0,640,10240.0
4954,湖州市,白菜,2017-11,330500,48.99,1429,23335.57
4955,湖州市,白菜,2017-12,330500,48.99,1001,16346.329999999998
4956,湖州市,白菜,2018-01,330500,48.99,1268,20706.439999999995
4957,湖州市,白菜,2018-02,330500,48.99,1054,17211.82
4958,湖州市,白菜,2018-03,330500,48.33,1192,19257.13
4959,湖州市,白菜,2018-04,330500,46.0,1493,22916.43
4960,湖州市,白菜,2018-05,330500,45.0,391,5865.0
4961,湖州市,白菜,2018-06,330500,45.0,1067,16005.0
4962,湖州市,白菜,2018-07,330500,45.0,282,4230.0
4963,湖州市,白菜,2018-08,330500,45.0,804,12060.0
4964,湖州市,白菜,2018-09,330500,50.34,1097,18895.06
4965,湖州市,白菜,2018-10,330500,49.66,2071,34212.18
4966,湖州市,白菜,2018-11,330500,47.67,463,7398.1
4967,湖州市,白菜,2018-12,330500,47.01,628,9840.76
4968,湖州市,白菜,2019-01,330500,47.01,1798,28174.66
4969,湖州市,白菜,2019-02,330500,47.01,2262,35445.54
4970,湖州市,白菜,2019-03,330500,32.0,1308,21044.16
4971,湖州市,青椒,2016-12,330500,7.22,1406,5075.66
4972,湖州市,青椒,2017-01,330500,11.11,1417,5135.53
4973,湖州市,青椒,2017-02,330500,11.67,1207,4695.23
4974,湖州市,青椒,2017-03,330500,15.56,2145,8344.05
4975,湖州市,青椒,2017-04,330500,23.34,2563,9970.07
4976,湖州市,青椒,2017-05,330500,15.56,2168,8433.52
4977,湖州市,青椒,2017-06,330500,11.67,2045,7955.05
4978,湖州市,青椒,2017-07,330500,11.67,1106,4302.34
4979,湖州市,青椒,2017-08,330500,11.67,2076,8075.64
4980,湖州市,青椒,2017-09,330500,11.67,1022,3975.58
4981,湖州市,青椒,2017-10,330500,11.67,1144,4450.16
4982,湖州市,青椒,2017-11,330500,11.67,1088,4232.32
4983,湖州市,青椒,2017-12,330500,11.67,2432,9460.48
4984,湖州市,青椒,2018-01,330500,11.67,1095,4259.55
4985,湖州市,青椒,2018-02,330500,11.67,1750,6807.5
4986,湖州市,青椒,2018-03,330500,11.67,1587,6173.43
4987,湖州市,青椒,2018-04,330500,11.67,903,3512.67
4988,湖州市,青椒,2018-05,330500,11.67,1171,4555.190000000001
4989,湖州市,青椒,2018-06,330500,11.67,988,3843.32
4990,湖州市,青椒,2018-07,330500,11.67,2456,9553.84
4991,湖州市,青椒,2018-08,330500,11.67,1957,7612.73
4992,湖州市,青椒,2018-09,330500,11.67,1650,6418.5
4993,湖州市,青椒,2018-10,330500,11.67,857,3333.7300000000005
4994,湖州市,青椒,2018-11,330500,11.67,1965,7643.85
4995,湖州市,青椒,2018-12,330500,11.67,1552,6037.280000000002
4996,湖州市,青椒,2019-01,330500,11.67,1129,4391.81
4997,湖州市,青椒,2019-02,330500,11.67,1129,4391.81
4998,湖州市,青椒,2019-03,330500,7.78,1131,4399.59
4999,湖州市,土豆,2016-12,330500,154.0,1057,81389.0
5000,湖州市,土豆,2017-01,330500,231.0,2339,180103.0
5001,湖州市,土豆,2017-02,330500,231.0,1431,110187.0
5002,湖州市,土豆,2017-03,330500,308.0,1884,145068.0
5003,湖州市,土豆,2017-04,330500,462.0,3274,252098.0
5004,湖州市,土豆,2017-05,330500,308.0,1697,130669.0
5005,湖州市,土豆,2017-06,330500,231.0,1960,150920.0
5006,湖州市,土豆,2017-07,330500,231.0,2008,154616.0
5007,湖州市,土豆,2017-08,330500,231.0,940,72380.0
5008,湖州市,土豆,2017-09,330500,231.0,1166,89782.0
5009,湖州市,土豆,2017-10,330500,231.0,2096,161392.0
5010,湖州市,土豆,2017-11,330500,231.0,1983,152691.0
5011,湖州市,土豆,2017-12,330500,222.6,1473,109296.6
5012,湖州市,土豆,2018-01,330500,222.6,1673,124136.6
5013,湖州市,土豆,2018-02,330500,222.6,1316,97647.2
5014,湖州市,土豆,2018-03,330500,220.7,1487,108973.1
5015,湖州市,土豆,2018-04,330500,217.2,1458,105573.5
5016,湖州市,土豆,2018-05,330500,216.9,1383,99990.9
5017,湖州市,土豆,2018-06,330500,217.2,929,67197.9
5018,湖州市,土豆,2018-07,330500,217.2,650,47163.6
5019,湖州市,土豆,2018-08,330500,216.0,786,56592.0
5020,湖州市,土豆,2018-09,330500,216.6,696,50203.8
5021,湖州市,土豆,2018-10,330500,217.6,1181,85475.2
5022,湖州市,土豆,2018-11,330500,219.0,2176,158848.0
5023,湖州市,土豆,2018-12,330500,216.6,1342,96970.2
5024,湖州市,土豆,2019-01,330500,218.2,604,44016.4
5025,湖州市,土豆,2019-02,330500,218.3,1819,132194.8
5026,湖州市,土豆,2019-03,330500,145.3,453,33039.6
5027,湖州市,南瓜,2016-12,330500,40.0,1344,26880.0
5028,湖州市,南瓜,2017-01,330500,60.0,1907,38140.0
5029,湖州市,南瓜,2017-02,330500,58.66,1720,33723.3
5030,湖州市,南瓜,2017-03,330500,74.68,1848,34502.16
5031,湖州市,南瓜,2017-04,330500,112.02,4335,80934.45000000001
5032,湖州市,南瓜,2017-05,330500,74.01,1559,28924.960000000006
5033,湖州市,南瓜,2017-06,330500,54.0,1847,33246.0
5034,湖州市,南瓜,2017-07,330500,54.0,1225,22050.0
5035,湖州市,南瓜,2017-08,330500,55.33,1848,33915.32
5036,湖州市,南瓜,2017-09,330500,56.01000000000001,2190,40887.3
5037,湖州市,南瓜,2017-10,330500,56.01000000000001,1622,30282.74
5038,湖州市,南瓜,2017-11,330500,56.01000000000001,1522,28415.74
5039,湖州市,南瓜,2017-12,330500,57.33,1046,20039.0
5040,湖州市,南瓜,2018-01,330500,56.34,1546,29097.79
5041,湖州市,南瓜,2018-02,330500,56.01000000000001,1012,18894.04
5042,湖州市,南瓜,2018-03,330500,54.67,1096,19931.68
5043,湖州市,南瓜,2018-04,330500,53.67,1449,25828.56
5044,湖州市,南瓜,2018-05,330500,53.01000000000001,973,17192.910000000003
5045,湖州市,南瓜,2018-06,330500,53.01000000000001,600,10602.0
5046,湖州市,南瓜,2018-07,330500,53.01000000000001,2650,46825.5
5047,湖州市,南瓜,2018-08,330500,53.67,1603,28846.410000000003
5048,湖州市,南瓜,2018-09,330500,66.0,1521,33392.259999999995
5049,湖州市,南瓜,2018-10,330500,61.66,1363,27809.9
5050,湖州市,南瓜,2018-11,330500,57.99,1936,37422.87999999998
5051,湖州市,南瓜,2018-12,330500,57.99,877,16952.41
5052,湖州市,南瓜,2019-01,330500,56.67,702,13133.4
5053,湖州市,南瓜,2019-02,330500,56.01000000000001,2232,41671.44000000002
5054,湖州市,南瓜,2019-03,330500,38.0,1042,19740.58
5055,湖州市,茄子,2016-12,330500,34.66,1571,27225.43
5056,湖州市,茄子,2017-01,330500,52.33,2156,37677.64
5057,湖州市,茄子,2017-02,330500,53.01000000000001,1489,26310.630000000005
5058,湖州市,茄子,2017-03,330500,69.32,1975,34226.75
5059,湖州市,茄子,2017-04,330500,103.98,1722,29842.259999999995
5060,湖州市,茄子,2017-05,330500,69.32,1718,29772.939999999995
5061,湖州市,茄子,2017-06,330500,51.99,1230,21315.9
5062,湖州市,茄子,2017-07,330500,51.99,1638,28386.54
5063,湖州市,茄子,2017-08,330500,51.99,1661,28785.13
5064,湖州市,茄子,2017-09,330500,51.99,1716,29738.28
5065,湖州市,茄子,2017-10,330500,51.99,911,15787.63
5066,湖州市,茄子,2017-11,330500,51.0,2008,34136.0
5067,湖州市,茄子,2017-12,330500,51.0,1352,22984.0
5068,湖州市,茄子,2018-01,330500,50.83,1759,29745.41
5069,湖州市,茄子,2018-02,330500,50.49,1668,28072.439999999995
5070,湖州市,茄子,2018-03,330500,50.66,1414,23861.03
5071,湖州市,茄子,2018-04,330500,51.0,1196,20332.0
5072,湖州市,茄子,2018-05,330500,51.0,1215,20655.0
5073,湖州市,茄子,2018-06,330500,51.0,2032,34544.0
5074,湖州市,茄子,2018-07,330500,51.0,1523,25891.0
5075,湖州市,茄子,2018-08,330500,51.0,887,15079.0
5076,湖州市,茄子,2018-09,330500,51.33,1636,28074.35
5077,湖州市,茄子,2018-10,330500,51.99,2314,40101.62
5078,湖州市,茄子,2018-11,330500,51.99,1864,32303.119999999995
5079,湖州市,茄子,2018-12,330500,51.99,2490,43151.7
5080,湖州市,茄子,2019-01,330500,51.99,873,15129.09
5081,湖州市,茄子,2019-02,330500,51.99,2291,39703.03
5082,湖州市,茄子,2019-03,330500,34.66,1426,24712.58
5083,湖州市,生菜,2016-12,330500,0.0,1021,0.0
5084,湖州市,生菜,2017-01,330500,0.0,1795,0.0
5085,湖州市,生菜,2017-02,330500,0.0,2120,0.0
5086,湖州市,生菜,2017-03,330500,0.0,1875,0.0
5087,湖州市,生菜,2017-04,330500,0.0,1969,0.0
5088,湖州市,生菜,2017-05,330500,0.0,2018,0.0
5089,湖州市,生菜,2017-06,330500,0.0,1366,0.0
5090,湖州市,生菜,2017-07,330500,0.0,1815,0.0
5091,湖州市,生菜,2017-08,330500,0.0,2230,0.0
5092,湖州市,生菜,2017-09,330500,0.0,1370,0.0
5093,湖州市,生菜,2017-10,330500,0.0,1479,0.0
5094,湖州市,生菜,2017-11,330500,0.0,2134,0.0
5095,湖州市,生菜,2017-12,330500,0.0,1104,0.0
5096,湖州市,生菜,2018-01,330500,0.0,1009,0.0
5097,湖州市,生菜,2018-02,330500,0.0,1424,0.0
5098,湖州市,生菜,2018-03,330500,0.0,1773,0.0
5099,湖州市,生菜,2018-04,330500,0.0,1595,0.0
5100,湖州市,生菜,2018-05,330500,0.0,1214,0.0
5101,湖州市,生菜,2018-06,330500,0.0,1896,0.0
5102,湖州市,生菜,2018-07,330500,0.0,1604,0.0
5103,湖州市,生菜,2018-08,330500,0.0,1173,0.0
5104,湖州市,生菜,2018-09,330500,0.0,1608,0.0
5105,湖州市,生菜,2018-10,330500,0.0,1473,0.0
5106,湖州市,生菜,2018-11,330500,0.0,1622,0.0
5107,湖州市,生菜,2018-12,330500,0.0,1602,0.0
5108,湖州市,生菜,2019-01,330500,0.0,1058,0.0
5109,湖州市,生菜,2019-02,330500,0.0,1809,0.0
5110,湖州市,生菜,2019-03,330500,0.0,344,0.0
5111,湖州市,娃娃菜,2016-12,330500,7.0,661,2313.5
5112,湖州市,娃娃菜,2017-01,330500,10.5,1761,6163.5
5113,湖州市,娃娃菜,2017-02,330500,10.6,353,1235.5
5114,湖州市,娃娃菜,2017-03,330500,14.4,855,3078.0
5115,湖州市,娃娃菜,2017-04,330500,21.6,2329,8384.400000000001
5116,湖州市,娃娃菜,2017-05,330500,14.4,1558,5608.8
5117,湖州市,娃娃菜,2017-06,330500,10.8,1901,6843.6
5118,湖州市,娃娃菜,2017-07,330500,10.8,1511,5439.6
5119,湖州市,娃娃菜,2017-08,330500,10.8,1439,5180.4000000000015
5120,湖州市,娃娃菜,2017-09,330500,10.8,1478,5320.8
5121,湖州市,娃娃菜,2017-10,330500,10.8,2093,7534.8
5122,湖州市,娃娃菜,2017-11,330500,10.8,1818,6544.8
5123,湖州市,娃娃菜,2017-12,330500,11.61,1733,6706.71
5124,湖州市,娃娃菜,2018-01,330500,11.61,1009,3904.83
5125,湖州市,娃娃菜,2018-02,330500,11.61,1883,7287.21
5126,湖州市,娃娃菜,2018-03,330500,11.61,1983,7674.210000000001
5127,湖州市,娃娃菜,2018-04,330500,11.61,781,3022.4700000000007
5128,湖州市,娃娃菜,2018-05,330500,11.61,1065,4121.55
5129,湖州市,娃娃菜,2018-06,330500,11.61,1683,6513.210000000001
5130,湖州市,娃娃菜,2018-07,330500,11.61,1405,5437.35
5131,湖州市,娃娃菜,2018-08,330500,11.31,1132,4267.64
5132,湖州市,娃娃菜,2018-09,330500,11.31,1193,4497.6100000000015
5133,湖州市,娃娃菜,2018-10,330500,11.31,1718,6476.8600000000015
5134,湖州市,娃娃菜,2018-11,330500,11.31,1633,6156.41
5135,湖州市,娃娃菜,2018-12,330500,11.31,1691,6375.07
5136,湖州市,娃娃菜,2019-01,330500,11.31,871,3283.67
5137,湖州市,娃娃菜,2019-02,330500,11.31,1556,5866.12
5138,湖州市,娃娃菜,2019-03,330500,7.54,642,2420.34
5139,绍兴市,黄瓜,2016-12,330600,69.34,1010,35016.7
5140,绍兴市,黄瓜,2017-01,330600,101.01,778,26195.26
5141,绍兴市,黄瓜,2017-02,330600,100.34,2226,74439.55
5142,绍兴市,黄瓜,2017-03,330600,134.01,1408,47281.4
5143,绍兴市,黄瓜,2017-04,330600,200.0,2551,84787.11
5144,绍兴市,黄瓜,2017-05,330600,132.0,1604,52932.0
5145,绍兴市,黄瓜,2017-06,330600,100.34,1863,62058.55
5146,绍兴市,黄瓜,2017-07,330600,100.34,1661,55650.5
5147,绍兴市,黄瓜,2017-08,330600,100.67,1318,44045.56
5148,绍兴市,黄瓜,2017-09,330600,100.67,831,27856.01
5149,绍兴市,黄瓜,2017-10,330600,99.33,1716,56808.18
5150,绍兴市,黄瓜,2017-11,330600,101.0,2112,71144.97
5151,绍兴市,黄瓜,2017-12,330600,102.66,1156,39393.43
5152,绍兴市,黄瓜,2018-01,330600,103.67,1646,56975.02
5153,绍兴市,黄瓜,2018-02,330600,105.34,1343,47052.27
5154,绍兴市,黄瓜,2018-03,330600,104.34,1315,45621.08
5155,绍兴市,黄瓜,2018-04,330600,102.99,1108,38037.64
5156,绍兴市,黄瓜,2018-05,330600,102.99,1331,45693.23
5157,绍兴市,黄瓜,2018-06,330600,102.33,1302,44497.02
5158,绍兴市,黄瓜,2018-07,330600,102.0,1136,38624.0
5159,绍兴市,黄瓜,2018-08,330600,105.33,284,9992.14
5160,绍兴市,黄瓜,2018-09,330600,107.99,1338,48390.53999999999
5161,绍兴市,黄瓜,2018-10,330600,108.99,1610,58491.3
5162,绍兴市,黄瓜,2018-11,330600,108.99,762,27683.46
5163,绍兴市,黄瓜,2018-12,330600,111.0,1249,46206.92000000001
5164,绍兴市,黄瓜,2019-01,330600,111.0,2329,86173.0
5165,绍兴市,黄瓜,2019-02,330600,120.33,1797,72139.04999999999
5166,绍兴市,黄瓜,2019-03,330600,80.0,570,22702.980000000003
5167,绍兴市,菠菜,2016-12,330600,12.17,1241,7569.76
5168,绍兴市,菠菜,2017-01,330600,18.5,1383,8482.529999999999
5169,绍兴市,菠菜,2017-02,330600,20.16,1539,10187.22
5170,绍兴市,菠菜,2017-03,330600,25.83,1576,10145.4
5171,绍兴市,菠菜,2017-04,330600,31.34,3922,20198.52
5172,绍兴市,菠菜,2017-05,330600,18.67,2390,11038.15
5173,绍兴市,菠菜,2017-06,330600,10.01,694,2407.48
5174,绍兴市,菠菜,2017-07,330600,12.17,1062,4506.76
5175,绍兴市,菠菜,2017-08,330600,14.17,1101,5152.01
5176,绍兴市,菠菜,2017-09,330600,13.67,855,3904.79
5177,绍兴市,菠菜,2017-10,330600,14.67,1197,5775.73
5178,绍兴市,菠菜,2017-11,330600,15.16,1441,7187.83
5179,绍兴市,菠菜,2017-12,330600,15.5,1555,7957.29
5180,绍兴市,菠菜,2018-01,330600,17.17,1938,11052.15
5181,绍兴市,菠菜,2018-02,330600,26.0,2042,18624.96
5182,绍兴市,菠菜,2018-03,330600,21.33,1737,12749.75
5183,绍兴市,菠菜,2018-04,330600,16.84,1312,7374.95
5184,绍兴市,菠菜,2018-05,330600,15.01,1529,7854.93
5185,绍兴市,菠菜,2018-06,330600,14.83,1239,6086.85
5186,绍兴市,菠菜,2018-07,330600,11.83,1467,5436.68
5187,绍兴市,菠菜,2018-08,330600,13.33,1119,4790.190000000001
5188,绍兴市,菠菜,2018-09,330600,14.17,1119,5238.37
5189,绍兴市,菠菜,2018-10,330600,15.0,1105,5563.42
5190,绍兴市,菠菜,2018-11,330600,14.49,1345,6496.35
5191,绍兴市,菠菜,2018-12,330600,16.16,2088,11502.94
5192,绍兴市,菠菜,2019-01,330600,21.66,1814,12280.95
5193,绍兴市,菠菜,2019-02,330600,29.5,1502,15082.78
5194,绍兴市,菠菜,2019-03,330600,18.5,824,7587.44
5195,绍兴市,韭菜,2016-12,330600,120.0,1185,71100.0
5196,绍兴市,韭菜,2017-01,330600,186.0,1062,65844.0
5197,绍兴市,韭菜,2017-02,330600,186.0,2018,125116.0
5198,绍兴市,韭菜,2017-03,330600,248.0,2968,184016.0
5199,绍兴市,韭菜,2017-04,330600,360.0,3049,183011.0
5200,绍兴市,韭菜,2017-05,330600,236.0,2118,124962.0
5201,绍兴市,韭菜,2017-06,330600,177.0,643,37937.0
5202,绍兴市,韭菜,2017-07,330600,175.67000000000004,1776,103653.5
5203,绍兴市,韭菜,2017-08,330600,173.01,847,48846.49000000001
5204,绍兴市,韭菜,2017-09,330600,173.01,1697,97865.99
5205,绍兴市,韭菜,2017-10,330600,173.01,1337,77104.79000000001
5206,绍兴市,韭菜,2017-11,330600,173.01,1432,82583.44
5207,绍兴市,韭菜,2017-12,330600,173.01,1535,88523.45
5208,绍兴市,韭菜,2018-01,330600,173.01,2130,122837.1
5209,绍兴市,韭菜,2018-02,330600,173.01,1544,89042.48000000003
5210,绍兴市,韭菜,2018-03,330600,173.01,1592,91810.64
5211,绍兴市,韭菜,2018-04,330600,173.01,2216,127796.72
5212,绍兴市,韭菜,2018-05,330600,173.01,978,56401.26
5213,绍兴市,韭菜,2018-06,330600,173.01,1440,83044.8
5214,绍兴市,韭菜,2018-07,330600,173.01,815,47001.05
5215,绍兴市,韭菜,2018-08,330600,173.01,1366,78777.22
5216,绍兴市,韭菜,2018-09,330600,173.01,1669,96251.23
5217,绍兴市,韭菜,2018-10,330600,173.01,1618,93310.06
5218,绍兴市,韭菜,2018-11,330600,173.01,1364,78661.88
5219,绍兴市,韭菜,2018-12,330600,173.01,614,35409.380000000005
5220,绍兴市,韭菜,2019-01,330600,173.01,430,24798.1
5221,绍兴市,韭菜,2019-02,330600,173.01,1099,63379.33
5222,绍兴市,韭菜,2019-03,330600,115.34,1662,95847.54
5223,绍兴市,胡萝卜,2016-12,330600,5.0,1443,3607.5
5224,绍兴市,胡萝卜,2017-01,330600,7.84,1926,5062.35
5225,绍兴市,胡萝卜,2017-02,330600,7.5,1899,4747.5
5226,绍兴市,胡萝卜,2017-03,330600,10.68,1581,4221.27
5227,绍兴市,胡萝卜,2017-04,330600,15.0,2297,5742.5
5228,绍兴市,胡萝卜,2017-05,330600,10.17,2358,5989.86
5229,绍兴市,胡萝卜,2017-06,330600,7.5,1827,4584.33
5230,绍兴市,胡萝卜,2017-07,330600,7.33,2033,4913.01
5231,绍兴市,胡萝卜,2017-08,330600,7.0,819,1859.15
5232,绍兴市,胡萝卜,2017-09,330600,6.84,1977,4550.13
5233,绍兴市,胡萝卜,2017-10,330600,6.51,1160,2517.2
5234,绍兴市,胡萝卜,2017-11,330600,6.67,2762,6138.02
5235,绍兴市,胡萝卜,2017-12,330600,7.19,1774,4245.92
5236,绍兴市,胡萝卜,2018-01,330600,7.19,1061,2523.53
5237,绍兴市,胡萝卜,2018-02,330600,7.0600000000000005,1650,3855.0
5238,绍兴市,胡萝卜,2018-03,330600,7.5299999999999985,1332,3203.07
5239,绍兴市,胡萝卜,2018-04,330600,7.91,610,1591.6
5240,绍兴市,胡萝卜,2018-05,330600,8.17,1114,3107.5
5241,绍兴市,胡萝卜,2018-06,330600,8.03,2634,7014.78
5242,绍兴市,胡萝卜,2018-07,330600,7.67,1502,3882.16
5243,绍兴市,胡萝卜,2018-08,330600,7.5,1901,4798.74
5244,绍兴市,胡萝卜,2018-09,330600,7.0,1077,2461.62
5245,绍兴市,胡萝卜,2018-10,330600,7.5,1239,3097.5
5246,绍兴市,胡萝卜,2018-11,330600,7.5,2446,6115.0
5247,绍兴市,胡萝卜,2018-12,330600,7.5,1249,3122.5
5248,绍兴市,胡萝卜,2019-01,330600,7.5,2423,6057.5
5249,绍兴市,胡萝卜,2019-02,330600,7.5,345,862.5
5250,绍兴市,胡萝卜,2019-03,330600,5.0,1818,4545.0
5251,绍兴市,西兰花,2016-12,330600,88.33,743,32735.27
5252,绍兴市,西兰花,2017-01,330600,132.32999999999998,2658,117261.89
5253,绍兴市,西兰花,2017-02,330600,133.32999999999998,1529,67973.34
5254,绍兴市,西兰花,2017-03,330600,174.32999999999996,2737,119424.32
5255,绍兴市,西兰花,2017-04,330600,250.0,3550,147967.56
5256,绍兴市,西兰花,2017-05,330600,158.32999999999996,1864,74274.43
5257,绍兴市,西兰花,2017-06,330600,117.0,1882,73398.0
5258,绍兴市,西兰花,2017-07,330600,115.66,2205,84920.98999999999
5259,绍兴市,西兰花,2017-08,330600,114.99,889,34075.369999999995
5260,绍兴市,西兰花,2017-09,330600,113.67,1414,53283.86
5261,绍兴市,西兰花,2017-10,330600,114.99,1848,70833.84
5262,绍兴市,西兰花,2017-11,330600,114.99,832,31890.56
5263,绍兴市,西兰花,2017-12,330600,114.99,686,26294.38
5264,绍兴市,西兰花,2018-01,330600,118.34,834,32895.840000000004
5265,绍兴市,西兰花,2018-02,330600,120.67,1073,43150.23
5266,绍兴市,西兰花,2018-03,330600,119.01,1259,49944.53
5267,绍兴市,西兰花,2018-04,330600,128.34,2022,86334.47
5268,绍兴市,西兰花,2018-05,330600,126.0,1857,77994.0
5269,绍兴市,西兰花,2018-06,330600,126.67,1485,62532.81
5270,绍兴市,西兰花,2018-07,330600,126.0,1404,58968.0
5271,绍兴市,西兰花,2018-08,330600,130.0,1795,77224.0
5272,绍兴市,西兰花,2018-09,330600,133.0,1641,72954.0
5273,绍兴市,西兰花,2018-10,330600,136.0,1981,90033.0
5274,绍兴市,西兰花,2018-11,330600,138.0,1393,64078.0
5275,绍兴市,西兰花,2018-12,330600,138.0,1578,72588.0
5276,绍兴市,西兰花,2019-01,330600,138.0,1590,73140.0
5277,绍兴市,西兰花,2019-02,330600,149.66,1243,62771.76
5278,绍兴市,西兰花,2019-03,330600,97.0,695,33650.23
5279,绍兴市,油麦菜,2016-12,330600,14.34,938,6725.46
5280,绍兴市,油麦菜,2017-01,330600,20.83,1454,10011.57
5281,绍兴市,油麦菜,2017-02,330600,22.84,1923,14702.66
5282,绍兴市,油麦菜,2017-03,330600,31.17,2414,19276.48
5283,绍兴市,油麦菜,2017-04,330600,50.98,3697,31353.01
5284,绍兴市,油麦菜,2017-05,330600,35.49,1366,12068.75
5285,绍兴市,油麦菜,2017-06,330600,27.83,1342,12561.68
5286,绍兴市,油麦菜,2017-07,330600,27.33,1327,11996.46
5287,绍兴市,油麦菜,2017-08,330600,28.09,898,8434.14
5288,绍兴市,油麦菜,2017-09,330600,27.37,2335,21236.07
5289,绍兴市,油麦菜,2017-10,330600,25.77,1651,14079.45
5290,绍兴市,油麦菜,2017-11,330600,24.1,1920,15404.6
5291,绍兴市,油麦菜,2017-12,330600,24.17,1669,13402.49
5292,绍兴市,油麦菜,2018-01,330600,24.83,1698,13991.38
5293,绍兴市,油麦菜,2018-02,330600,25.83,2119,18335.89
5294,绍兴市,油麦菜,2018-03,330600,24.67,1660,13698.2
5295,绍兴市,油麦菜,2018-04,330600,24.51,2216,18104.72
5296,绍兴市,油麦菜,2018-05,330600,24.34,941,7607.39
5297,绍兴市,油麦菜,2018-06,330600,24.0,1908,15264.0
5298,绍兴市,油麦菜,2018-07,330600,24.0,1013,8104.0
5299,绍兴市,油麦菜,2018-08,330600,24.0,1431,11448.0
5300,绍兴市,油麦菜,2018-09,330600,24.17,1029,8248.49
5301,绍兴市,油麦菜,2018-10,330600,24.0,544,4352.0
5302,绍兴市,油麦菜,2018-11,330600,23.33,2565,19935.63
5303,绍兴市,油麦菜,2018-12,330600,22.94,1240,9505.97
5304,绍兴市,油麦菜,2019-01,330600,23.01,2218,17012.059999999998
5305,绍兴市,油麦菜,2019-02,330600,23.49,1075,8417.25
5306,绍兴市,油麦菜,2019-03,330600,15.66,548,4290.84
5307,绍兴市,蒜黄,2016-12,330600,7.17,1128,4011.24
5308,绍兴市,蒜黄,2017-01,330600,9.83,1089,3757.65
5309,绍兴市,蒜黄,2017-02,330600,9.67,1350,4198.82
5310,绍兴市,蒜黄,2017-03,330600,10.17,2127,5442.96
5311,绍兴市,蒜黄,2017-04,330600,16.66,2189,6021.75
5312,绍兴市,蒜黄,2017-05,330600,15.99,1733,7429.42
5313,绍兴市,蒜黄,2017-06,330600,12.67,1338,5614.82
5314,绍兴市,蒜黄,2017-07,330600,13.83,1840,8388.49
5315,绍兴市,蒜黄,2017-08,330600,15.83,1548,7950.29
5316,绍兴市,蒜黄,2017-09,330600,15.5,897,4546.799999999998
5317,绍兴市,蒜黄,2017-10,330600,16.0,796,4131.87
5318,绍兴市,蒜黄,2017-11,330600,13.17,2078,9714.31
5319,绍兴市,蒜黄,2017-12,330600,13.0,955,3845.63
5320,绍兴市,蒜黄,2018-01,330600,13.33,2236,9946.26
5321,绍兴市,蒜黄,2018-02,330600,16.5,1463,8504.0
5322,绍兴市,蒜黄,2018-03,330600,10.17,1360,4499.5
5323,绍兴市,蒜黄,2018-04,330600,8.99,2105,6358.15
5324,绍兴市,蒜黄,2018-05,330600,11.67,1623,6359.690000000001
5325,绍兴市,蒜黄,2018-06,330600,16.0,287,1571.9
5326,绍兴市,蒜黄,2018-07,330600,15.01,1906,9537.52
5327,绍兴市,蒜黄,2018-08,330600,16.33,2402,13208.54
5328,绍兴市,蒜黄,2018-09,330600,19.67,1440,9526.259999999998
5329,绍兴市,蒜黄,2018-10,330600,16.67,1623,8259.91
5330,绍兴市,蒜黄,2018-11,330600,12.0,1660,6611.49
5331,绍兴市,蒜黄,2018-12,330600,12.17,1986,8216.0
5332,绍兴市,蒜黄,2019-01,330600,13.16,510,2281.84
5333,绍兴市,蒜黄,2019-02,330600,14.67,791,3931.24
5334,绍兴市,蒜黄,2019-03,330600,9.34,815,3806.05
5335,绍兴市,上海青,2016-12,330600,8.54,835,3565.45
5336,绍兴市,上海青,2017-01,330600,13.04,1713,7335.209999999999
5337,绍兴市,上海青,2017-02,330600,12.83,1187,5107.39
5338,绍兴市,上海青,2017-03,330600,16.68,1886,7864.62
5339,绍兴市,上海青,2017-04,330600,24.66,4141,16769.03
5340,绍兴市,上海青,2017-05,330600,17.32,2243,9712.19
5341,绍兴市,上海青,2017-06,330600,13.67,1034,4656.91
5342,绍兴市,上海青,2017-07,330600,14.33,1289,6048.1
5343,绍兴市,上海青,2017-08,330600,13.67,697,3152.82
5344,绍兴市,上海青,2017-09,330600,12.16,1127,4694.57
5345,绍兴市,上海青,2017-10,330600,11.37,1455,5508.690000000001
5346,绍兴市,上海青,2017-11,330600,12.24,1046,4190.6
5347,绍兴市,上海青,2017-12,330600,12.61,1057,4489.79
5348,绍兴市,上海青,2018-01,330600,12.97,1254,5489.459999999999
5349,绍兴市,上海青,2018-02,330600,12.83,1025,4419.85
5350,绍兴市,上海青,2018-03,330600,11.83,2426,9580.92
5351,绍兴市,上海青,2018-04,330600,11.01,1529,5611.43
5352,绍兴市,上海青,2018-05,330600,11.17,1896,7090.16
5353,绍兴市,上海青,2018-06,330600,11.83,1416,5535.82
5354,绍兴市,上海青,2018-07,330600,12.99,1301,5633.33
5355,绍兴市,上海青,2018-08,330600,12.83,746,3118.35
5356,绍兴市,上海青,2018-09,330600,14.17,1103,5162.690000000001
5357,绍兴市,上海青,2018-10,330600,14.34,2137,10271.38
5358,绍兴市,上海青,2018-11,330600,15.5,950,4851.71
5359,绍兴市,上海青,2018-12,330600,16.0,402,2143.05
5360,绍兴市,上海青,2019-01,330600,16.33,1699,9292.31
5361,绍兴市,上海青,2019-02,330600,16.16,1518,8124.09
5362,绍兴市,上海青,2019-03,330600,10.5,1497,7882.530000000002
5363,绍兴市,香菜,2016-12,330600,7.34,915,3358.05
5364,绍兴市,香菜,2017-01,330600,14.5,1396,6287.5
5365,绍兴市,香菜,2017-02,330600,15.83,1438,8074.4
5366,绍兴市,香菜,2017-03,330600,15.67,2067,8198.05
5367,绍兴市,香菜,2017-04,330600,20.66,3417,11690.39
5368,绍兴市,香菜,2017-05,330600,12.01,1896,5650.53
5369,绍兴市,香菜,2017-06,330600,7.33,1207,2962.25
5370,绍兴市,香菜,2017-07,330600,8.84,1091,3307.7200000000007
5371,绍兴市,香菜,2017-08,330600,10.5,1398,4871.75
5372,绍兴市,香菜,2017-09,330600,10.83,512,1800.86
5373,绍兴市,香菜,2017-10,330600,11.0,1290,4914.05
5374,绍兴市,香菜,2017-11,330600,11.33,1919,7263.21
5375,绍兴市,香菜,2017-12,330600,11.17,1626,6016.54
5376,绍兴市,香菜,2018-01,330600,12.33,1292,5223.440000000001
5377,绍兴市,香菜,2018-02,330600,16.34,1955,10674.27
5378,绍兴市,香菜,2018-03,330600,14.51,1513,7381.21
5379,绍兴市,香菜,2018-04,330600,12.16,1786,7107.71
5380,绍兴市,香菜,2018-05,330600,10.0,1006,3373.23
5381,绍兴市,香菜,2018-06,330600,8.83,1122,3312.79
5382,绍兴市,香菜,2018-07,330600,9.5,1818,5737.76
5383,绍兴市,香菜,2018-08,330600,11.0,1440,5118.99
5384,绍兴市,香菜,2018-09,330600,13.0,2042,8950.3
5385,绍兴市,香菜,2018-10,330600,12.84,542,2306.91
5386,绍兴市,香菜,2018-11,330600,11.66,435,1670.47
5387,绍兴市,香菜,2018-12,330600,12.84,857,3721.24
5388,绍兴市,香菜,2019-01,330600,14.34,1882,8832.5
5389,绍兴市,香菜,2019-02,330600,20.67,729,5065.05
5390,绍兴市,香菜,2019-03,330600,10.67,1809,9676.14
5391,绍兴市,豆角,2016-12,330600,7.34,231,847.77
5392,绍兴市,豆角,2017-01,330600,10.33,1596,5429.6
5393,绍兴市,豆角,2017-02,330600,10.67,844,3054.98
5394,绍兴市,豆角,2017-03,330600,10.33,1717,4312.3
5395,绍兴市,豆角,2017-04,330600,15.34,2070,5322.9
5396,绍兴市,豆角,2017-05,330600,9.49,3708,8794.51
5397,绍兴市,豆角,2017-06,330600,7.84,1358,3509.75
5398,绍兴市,豆角,2017-07,330600,8.49,1930,5461.9000000000015
5399,绍兴市,豆角,2017-08,330600,10.5,1648,5787.8899999999985
5400,绍兴市,豆角,2017-09,330600,11.17,1503,5543.05
5401,绍兴市,豆角,2017-10,330600,11.66,1379,5330.36
5402,绍兴市,豆角,2017-11,330600,10.17,1211,4274.47
5403,绍兴市,豆角,2017-12,330600,9.0,999,2997.0
5404,绍兴市,豆角,2018-01,330600,10.34,1816,6012.36
5405,绍兴市,豆角,2018-02,330600,11.83,760,3050.88
5406,绍兴市,豆角,2018-03,330600,10.67,2232,8040.28
5407,绍兴市,豆角,2018-04,330600,8.83,1166,3373.39
5408,绍兴市,豆角,2018-05,330600,8.49,1351,3823.33
5409,绍兴市,豆角,2018-06,330600,10.16,764,2591.55
5410,绍兴市,豆角,2018-07,330600,11.0,2173,7928.07
5411,绍兴市,豆角,2018-08,330600,11.66,2676,10408.71
5412,绍兴市,豆角,2018-09,330600,12.34,1738,7134.58
5413,绍兴市,豆角,2018-10,330600,11.0,1244,4600.66
5414,绍兴市,豆角,2018-11,330600,8.34,1608,4470.57
5415,绍兴市,豆角,2018-12,330600,8.17,836,2248.6
5416,绍兴市,豆角,2019-01,330600,9.34,2172,6739.8899999999985
5417,绍兴市,豆角,2019-02,330600,9.51,1293,4098.81
5418,绍兴市,豆角,2019-03,330600,7.16,980,3410.4
5419,绍兴市,小葱,2017-01,330600,18.9,2507,9524.4
5420,绍兴市,小葱,2017-02,330600,14.9,1577,5874.0999999999985
5421,绍兴市,小葱,2017-03,330600,13.0,1499,4843.2
5422,绍兴市,小葱,2017-04,330600,15.4,1963,5837.6
5423,绍兴市,小葱,2017-05,330600,21.2,4008,12052.2
5424,绍兴市,小葱,2017-06,330600,11.8,1936,5607.6
5425,绍兴市,小葱,2017-07,330600,12.8,2056,6548.3
5426,绍兴市,小葱,2017-08,330600,19.200000000000006,2187,8310.400000000001
5427,绍兴市,小葱,2017-09,330600,18.1,1328,6145.6
5428,绍兴市,小葱,2017-10,330600,23.6,1563,7285.5
5429,绍兴市,小葱,2017-11,330600,18.2,898,4116.7
5430,绍兴市,小葱,2017-12,330600,19.2,1930,9266.6
5431,绍兴市,小葱,2018-01,330600,25.75,2157,11231.8
5432,绍兴市,小葱,2018-02,330600,20.3,1634,8153.2
5433,绍兴市,小葱,2018-03,330600,18.3,2488,11236.7
5434,绍兴市,小葱,2018-04,330600,14.3,1357,4793.2
5435,绍兴市,小葱,2018-05,330600,19.7,1964,7610.3
5436,绍兴市,小葱,2018-06,330600,16.5,833,3396.0999999999995
5437,绍兴市,小葱,2018-07,330600,20.7,2386,10036.0
5438,绍兴市,小葱,2018-08,330600,20.3,2503,12878.5
5439,绍兴市,小葱,2018-09,330600,21.0,2225,11642.3
5440,绍兴市,小葱,2018-10,330600,24.8,3315,16352.8
5441,绍兴市,小葱,2018-11,330600,17.2,1858,8067.1
5442,绍兴市,小葱,2018-12,330600,16.6,1137,4726.2
5443,绍兴市,小葱,2019-01,330600,20.4,3082,12631.0
5444,绍兴市,小葱,2019-02,330600,15.8,1240,4888.4
5445,绍兴市,小葱,2019-03,330600,11.2,1880,7037.9
5446,绍兴市,西红柿,2016-12,330600,78.0,1462,57295.68
5447,绍兴市,西红柿,2017-01,330600,140.66,2126,96800.34
5448,绍兴市,西红柿,2017-02,330600,161.0,1615,84725.6
5449,绍兴市,西红柿,2017-03,330600,205.34,1761,90386.25
5450,绍兴市,西红柿,2017-04,330600,312.02,2569,133690.23
5451,绍兴市,西红柿,2017-05,330600,186.99,2185,103956.13
5452,绍兴市,西红柿,2017-06,330600,102.67,1791,61205.0
5453,绍兴市,西红柿,2017-07,330600,92.34,677,21389.58
5454,绍兴市,西红柿,2017-08,330600,89.67,1069,31889.49
5455,绍兴市,西红柿,2017-09,330600,91.67,1737,53236.19
5456,绍兴市,西红柿,2017-10,330600,98.67,683,22480.26
5457,绍兴市,西红柿,2017-11,330600,102.0,1800,61382.49000000001
5458,绍兴市,西红柿,2017-12,330600,107.66,916,33209.79
5459,绍兴市,西红柿,2018-01,330600,125.66,948,40098.25
5460,绍兴市,西红柿,2018-02,330600,171.67000000000004,869,53795.89
5461,绍兴市,西红柿,2018-03,330600,175.32999999999996,1294,75137.8
5462,绍兴市,西红柿,2018-04,330600,164.67000000000004,2159,118404.32
5463,绍兴市,西红柿,2018-05,330600,146.32999999999996,887,39394.45
5464,绍兴市,西红柿,2018-06,330600,124.67,1405,58397.87
5465,绍兴市,西红柿,2018-07,330600,108.67,1341,48542.66
5466,绍兴市,西红柿,2018-08,330600,110.67,2586,95333.52
5467,绍兴市,西红柿,2018-09,330600,111.33,1539,57006.03
5468,绍兴市,西红柿,2018-10,330600,111.33,1420,52914.22
5469,绍兴市,西红柿,2018-11,330600,118.0,2348,92536.0
5470,绍兴市,西红柿,2018-12,330600,130.32999999999998,1793,78281.4
5471,绍兴市,西红柿,2019-01,330600,140.01,1477,68931.59
5472,绍兴市,西红柿,2019-02,330600,160.0,1504,81167.3
5473,绍兴市,西红柿,2019-03,330600,96.67,1467,71788.23
5474,绍兴市,茼蒿,2016-12,330600,5.17,695,1771.16
5475,绍兴市,茼蒿,2017-01,330600,7.3,1216,3014.9
5476,绍兴市,茼蒿,2017-02,330600,8.21,1673,4572.81
5477,绍兴市,茼蒿,2017-03,330600,10.88,882,2383.04
5478,绍兴市,茼蒿,2017-04,330600,16.2,2308,6212.85
5479,绍兴市,茼蒿,2017-05,330600,11.0,2016,5562.08
5480,绍兴市,茼蒿,2017-06,330600,8.47,2076,5816.120000000001
5481,绍兴市,茼蒿,2017-07,330600,7.5,1452,3630.0
5482,绍兴市,茼蒿,2017-08,330600,7.87,1162,3099.25
5483,绍兴市,茼蒿,2017-09,330600,7.800000000000002,1498,3894.8
5484,绍兴市,茼蒿,2017-10,330600,7.6,1349,3407.0
5485,绍兴市,茼蒿,2017-11,330600,7.5,884,2210.0
5486,绍兴市,茼蒿,2017-12,330600,7.67,694,1763.56
5487,绍兴市,茼蒿,2018-01,330600,8.83,1469,4389.32
5488,绍兴市,茼蒿,2018-02,330600,9.47,1890,5971.58
5489,绍兴市,茼蒿,2018-03,330600,9.41,1032,3220.34
5490,绍兴市,茼蒿,2018-04,330600,9.17,1112,3441.4
5491,绍兴市,茼蒿,2018-05,330600,9.6,1227,3912.12
5492,绍兴市,茼蒿,2018-06,330600,9.61,750,2406.100000000001
5493,绍兴市,茼蒿,2018-07,330600,8.76,524,1546.22
5494,绍兴市,茼蒿,2018-08,330600,9.53,816,2602.23
5495,绍兴市,茼蒿,2018-09,330600,9.37,1039,3222.37
5496,绍兴市,茼蒿,2018-10,330600,9.99,1395,4645.35
5497,绍兴市,茼蒿,2018-11,330600,10.99,2180,7907.9
5498,绍兴市,茼蒿,2018-12,330600,11.49,1267,4852.6100000000015
5499,绍兴市,茼蒿,2019-01,330600,11.5,496,1924.96
5500,绍兴市,茼蒿,2019-02,330600,12.17,2355,9519.79
5501,绍兴市,茼蒿,2019-03,330600,8.0,291,1164.0
5502,绍兴市,香菇,2016-12,330600,8.34,1171,4883.07
5503,绍兴市,香菇,2017-01,330600,13.34,2143,9414.7
5504,绍兴市,香菇,2017-02,330600,13.17,752,3269.78
5505,绍兴市,香菇,2017-03,330600,16.17,3223,13042.11
5506,绍兴市,香菇,2017-04,330600,22.98,2833,10850.39
5507,绍兴市,香菇,2017-05,330600,14.66,969,3583.71
5508,绍兴市,香菇,2017-06,330600,10.0,637,2089.42
5509,绍兴市,香菇,2017-07,330600,10.84,1346,4927.24
5510,绍兴市,香菇,2017-08,330600,10.67,1637,5764.86
5511,绍兴市,香菇,2017-09,330600,11.17,1883,7012.37
5512,绍兴市,香菇,2017-10,330600,11.17,1374,5160.980000000001
5513,绍兴市,香菇,2017-11,330600,10.67,1128,4041.16
5514,绍兴市,香菇,2017-12,330600,11.01,400,1468.0
5515,绍兴市,香菇,2018-01,330600,15.0,2019,9983.13
5516,绍兴市,香菇,2018-02,330600,19.16,752,4927.75
5517,绍兴市,香菇,2018-03,330600,16.17,1646,8834.46
5518,绍兴市,香菇,2018-04,330600,13.5,1829,8230.5
5519,绍兴市,香菇,2018-05,330600,12.51,1555,6484.35
5520,绍兴市,香菇,2018-06,330600,12.5,1670,6963.47
5521,绍兴市,香菇,2018-07,330600,11.99,1611,6392.63
5522,绍兴市,香菇,2018-08,330600,12.33,1418,5923.2
5523,绍兴市,香菇,2018-09,330600,14.0,1732,7911.37
5524,绍兴市,香菇,2018-10,330600,15.83,1454,7674.82
5525,绍兴市,香菇,2018-11,330600,14.34,1548,7305.3899999999985
5526,绍兴市,香菇,2018-12,330600,14.17,1200,5644.6399999999985
5527,绍兴市,香菇,2019-01,330600,13.33,1188,5378.3
5528,绍兴市,香菇,2019-02,330600,15.0,1742,8710.0
5529,绍兴市,香菇,2019-03,330600,9.84,1048,4935.66
5530,绍兴市,木耳,2017-01,330600,61.23,2929,35958.399999999994
5531,绍兴市,木耳,2017-02,330600,47.11,2487,28865.67
5532,绍兴市,木耳,2017-03,330600,44.24,2624,29120.32
5533,绍兴市,木耳,2017-04,330600,51.83,1929,19907.31
5534,绍兴市,木耳,2017-05,330600,68.27,3131,30570.93
5535,绍兴市,木耳,2017-06,330600,36.56,1669,15180.48
5536,绍兴市,木耳,2017-07,330600,37.66,2462,23175.16
5537,绍兴市,木耳,2017-08,330600,49.29,2592,25529.61
5538,绍兴市,木耳,2017-09,330600,39.24,2094,20756.74
5539,绍兴市,木耳,2017-10,330600,48.35,1499,14491.18
5540,绍兴市,木耳,2017-11,330600,38.25,2682,25614.46
5541,绍兴市,木耳,2017-12,330600,38.59,2190,21254.54
5542,绍兴市,木耳,2018-01,330600,50.35,1955,19638.49
5543,绍兴市,木耳,2018-02,330600,39.45,1772,17650.8
5544,绍兴市,木耳,2018-03,330600,34.8,1413,12217.8
5545,绍兴市,木耳,2018-04,330600,28.15,1984,13959.85
5546,绍兴市,木耳,2018-05,330600,34.99,2861,20064.13
5547,绍兴市,木耳,2018-06,330600,30.4,1286,9756.15
5548,绍兴市,木耳,2018-07,330600,43.88,2803,24339.34
5549,绍兴市,木耳,2018-08,330600,39.06,673,6549.96
5550,绍兴市,木耳,2018-09,330600,47.25,2370,28090.1
5551,绍兴市,木耳,2018-10,330600,64.3,2427,30974.4
5552,绍兴市,木耳,2018-11,330600,51.25,1429,18319.95
5553,绍兴市,木耳,2018-12,330600,52.0,1789,23358.0
5554,绍兴市,木耳,2019-01,330600,62.6,3720,46683.5
5555,绍兴市,木耳,2019-02,330600,41.5,2392,25136.9
5556,绍兴市,木耳,2019-03,330600,33.15,2571,28392.05
5557,绍兴市,蒜苔,2016-12,330600,8.34,556,2318.52
5558,绍兴市,蒜苔,2017-01,330600,14.5,1858,8840.11
5559,绍兴市,蒜苔,2017-02,330600,15.33,1613,8289.07
5560,绍兴市,蒜苔,2017-03,330600,17.5,862,3855.16
5561,绍兴市,蒜苔,2017-04,330600,23.66,2473,9700.24
5562,绍兴市,蒜苔,2017-05,330600,16.0,2728,10912.0
5563,绍兴市,蒜苔,2017-06,330600,11.16,1992,7410.57
5564,绍兴市,蒜苔,2017-07,330600,10.84,2073,7438.25
5565,绍兴市,蒜苔,2017-08,330600,11.83,1376,5382.96
5566,绍兴市,蒜苔,2017-09,330600,11.33,1095,4188.25
5567,绍兴市,蒜苔,2017-10,330600,11.5,750,2967.93
5568,绍兴市,蒜苔,2017-11,330600,11.66,1596,6220.12
5569,绍兴市,蒜苔,2017-12,330600,11.33,994,3797.74
5570,绍兴市,蒜苔,2018-01,330600,11.34,1015,3743.86
5571,绍兴市,蒜苔,2018-02,330600,13.67,1602,7189.96
5572,绍兴市,蒜苔,2018-03,330600,11.67,2057,8014.469999999998
5573,绍兴市,蒜苔,2018-04,330600,11.0,1866,6748.72
5574,绍兴市,蒜苔,2018-05,330600,11.33,2057,7797.67
5575,绍兴市,蒜苔,2018-06,330600,10.17,1344,4447.0
5576,绍兴市,蒜苔,2018-07,330600,9.0,2815,8441.77
5577,绍兴市,蒜苔,2018-08,330600,10.67,530,1802.0
5578,绍兴市,蒜苔,2018-09,330600,12.83,1038,4324.58
5579,绍兴市,蒜苔,2018-10,330600,16.5,990,5445.0
5580,绍兴市,蒜苔,2018-11,330600,15.33,727,3683.05
5581,绍兴市,蒜苔,2018-12,330600,14.33,1856,8816.96
5582,绍兴市,蒜苔,2019-01,330600,14.83,2451,12121.38
5583,绍兴市,蒜苔,2019-02,330600,16.67,1567,8759.26
5584,绍兴市,蒜苔,2019-03,330600,10.67,1415,7624.43
5585,绍兴市,芹菜,2016-12,330600,101.34,431,21838.77
5586,绍兴市,芹菜,2017-01,330600,156.0,1054,54808.0
5587,绍兴市,芹菜,2017-02,330600,156.0,522,27144.0
5588,绍兴市,芹菜,2017-03,330600,208.0,1826,94952.0
5589,绍兴市,芹菜,2017-04,330600,314.66,2887,151568.38
5590,绍兴市,芹菜,2017-05,330600,205.33,2744,140873.34
5591,绍兴市,芹菜,2017-06,330600,150.99,1285,64674.05
5592,绍兴市,芹菜,2017-07,330600,149.99,1245,62289.85
5593,绍兴市,芹菜,2017-08,330600,147.99,1487,73353.71
5594,绍兴市,芹菜,2017-09,330600,147.99,1863,91901.79
5595,绍兴市,芹菜,2017-10,330600,147.99,1781,87856.73
5596,绍兴市,芹菜,2017-11,330600,147.99,1444,71232.52
5597,绍兴市,芹菜,2017-12,330600,147.99,964,47554.12
5598,绍兴市,芹菜,2018-01,330600,147.99,1795,88547.34999999998
5599,绍兴市,芹菜,2018-02,330600,147.99,1176,58012.08
5600,绍兴市,芹菜,2018-03,330600,147.99,1940,95700.2
5601,绍兴市,芹菜,2018-04,330600,147.99,1219,60133.27
5602,绍兴市,芹菜,2018-05,330600,147.99,1854,91457.82
5603,绍兴市,芹菜,2018-06,330600,147.99,1464,72219.12
5604,绍兴市,芹菜,2018-07,330600,147.99,1283,63290.38999999999
5605,绍兴市,芹菜,2018-08,330600,147.99,935,46123.55
5606,绍兴市,芹菜,2018-09,330600,147.99,1227,60527.91
5607,绍兴市,芹菜,2018-10,330600,147.99,806,39759.98
5608,绍兴市,芹菜,2018-11,330600,147.99,660,32557.800000000007
5609,绍兴市,芹菜,2018-12,330600,147.99,2098,103494.34
5610,绍兴市,芹菜,2019-01,330600,147.99,1256,61958.48
5611,绍兴市,芹菜,2019-02,330600,147.99,1946,95996.18
5612,绍兴市,芹菜,2019-03,330600,98.66,1077,53128.41
5613,绍兴市,红薯,2016-12,330600,10.34,1527,7894.59
5614,绍兴市,红薯,2017-01,330600,15.17,1231,6247.65
5615,绍兴市,红薯,2017-02,330600,14.5,1493,7240.75
5616,绍兴市,红薯,2017-03,330600,18.68,1910,8919.7
5617,绍兴市,红薯,2017-04,330600,27.68,2389,11104.44
5618,绍兴市,红薯,2017-05,330600,17.619999999999994,2126,9367.28
5619,绍兴市,红薯,2017-06,330600,13.27,1690,7473.879999999999
5620,绍兴市,红薯,2017-07,330600,14.01,502,2344.34
5621,绍兴市,红薯,2017-08,330600,15.84,2035,10913.01
5622,绍兴市,红薯,2017-09,330600,17.009999999999998,610,3458.7
5623,绍兴市,红薯,2017-10,330600,16.84,602,3365.74
5624,绍兴市,红薯,2017-11,330600,16.5,2013,11071.5
5625,绍兴市,红薯,2017-12,330600,16.67,1365,7533.85
5626,绍兴市,红薯,2018-01,330600,17.17,1043,5948.8499999999985
5627,绍兴市,红薯,2018-02,330600,17.83,1651,9844.8
5628,绍兴市,红薯,2018-03,330600,17.0,1463,8300.0
5629,绍兴市,红薯,2018-04,330600,15.84,1312,6920.32
5630,绍兴市,红薯,2018-05,330600,15.51,1519,7853.23
5631,绍兴市,红薯,2018-06,330600,15.51,1277,6602.09
5632,绍兴市,红薯,2018-07,330600,15.51,2114,10929.38
5633,绍兴市,红薯,2018-08,330600,16.83,1141,6625.77
5634,绍兴市,红薯,2018-09,330600,18.5,1082,6629.01
5635,绍兴市,红薯,2018-10,330600,18.0,876,5345.25
5636,绍兴市,红薯,2018-11,330600,17.490000000000002,2674,15589.42
5637,绍兴市,红薯,2018-12,330600,17.490000000000002,2179,12703.57
5638,绍兴市,红薯,2019-01,330600,17.490000000000002,2133,12435.39
5639,绍兴市,红薯,2019-02,330600,17.33,1869,10763.15
5640,绍兴市,红薯,2019-03,330600,11.34,1363,7728.210000000001
5641,绍兴市,大蒜,2016-12,330600,10.17,1079,5429.17
5642,绍兴市,大蒜,2017-01,330600,10.17,1424,4696.51
5643,绍兴市,大蒜,2017-02,330600,9.99,1971,6154.43
5644,绍兴市,大蒜,2017-03,330600,10.84,1831,5019.65
5645,绍兴市,大蒜,2017-04,330600,17.32,3149,9104.45
5646,绍兴市,大蒜,2017-05,330600,11.83,2105,6273.690000000001
5647,绍兴市,大蒜,2017-06,330600,12.17,705,2920.81
5648,绍兴市,大蒜,2017-07,330600,13.16,1358,5956.3
5649,绍兴市,大蒜,2017-08,330600,13.33,1791,7998.3
5650,绍兴市,大蒜,2017-09,330600,13.67,1025,4641.06
5651,绍兴市,大蒜,2017-10,330600,13.33,2253,9996.72
5652,绍兴市,大蒜,2017-11,330600,11.83,958,4021.14
5653,绍兴市,大蒜,2017-12,330600,11.83,1790,7022.3
5654,绍兴市,大蒜,2018-01,330600,11.0,1628,5932.42
5655,绍兴市,大蒜,2018-02,330600,15.49,866,4361.280000000002
5656,绍兴市,大蒜,2018-03,330600,14.5,464,2273.35
5657,绍兴市,大蒜,2018-04,330600,15.51,1719,8685.23
5658,绍兴市,大蒜,2018-05,330600,12.66,1816,7538.0
5659,绍兴市,大蒜,2018-06,330600,14.16,1109,5345.58
5660,绍兴市,大蒜,2018-07,330600,14.16,1269,6235.27
5661,绍兴市,大蒜,2018-08,330600,16.17,1807,9583.04
5662,绍兴市,大蒜,2018-09,330600,16.5,1656,9240.52
5663,绍兴市,大蒜,2018-10,330600,18.0,2462,14565.64
5664,绍兴市,大蒜,2018-11,330600,11.34,1700,5895.16
5665,绍兴市,大蒜,2018-12,330600,9.34,948,2977.45
5666,绍兴市,大蒜,2019-01,330600,10.34,2579,9011.09
5667,绍兴市,大蒜,2019-02,330600,14.5,2076,9955.14
5668,绍兴市,大蒜,2019-03,330600,9.83,1673,8229.85
5669,绍兴市,生姜,2016-12,330600,29.34,948,13907.16
5670,绍兴市,生姜,2017-01,330600,44.51,1186,17671.12
5671,绍兴市,生姜,2017-02,330600,45.0,1854,27810.0
5672,绍兴市,生姜,2017-03,330600,57.84,2351,34149.19
5673,绍兴市,生姜,2017-04,330600,84.68,1646,23261.09
5674,绍兴市,生姜,2017-05,330600,54.99,2357,32286.78
5675,绍兴市,生姜,2017-06,330600,40.5,1398,18873.0
5676,绍兴市,生姜,2017-07,330600,39.66,1398,18606.63
5677,绍兴市,生姜,2017-08,330600,39.99,981,13076.73
5678,绍兴市,生姜,2017-09,330600,39.99,1929,25713.57
5679,绍兴市,生姜,2017-10,330600,39.99,1243,16569.19
5680,绍兴市,生姜,2017-11,330600,40.5,2483,33520.5
5681,绍兴市,生姜,2017-12,330600,40.67,661,8931.49
5682,绍兴市,生姜,2018-01,330600,41.49,766,10593.78
5683,绍兴市,生姜,2018-02,330600,41.83,1492,20668.02
5684,绍兴市,生姜,2018-03,330600,39.17,720,9239.93
5685,绍兴市,生姜,2018-04,330600,37.5,2162,27025.0
5686,绍兴市,生姜,2018-05,330600,36.99,2643,32588.19
5687,绍兴市,生姜,2018-06,330600,37.67,1102,13878.02
5688,绍兴市,生姜,2018-07,330600,37.16,1146,14254.96
5689,绍兴市,生姜,2018-08,330600,39.0,1229,15977.0
5690,绍兴市,生姜,2018-09,330600,44.17,2297,33748.630000000005
5691,绍兴市,生姜,2018-10,330600,46.66,560,8812.51
5692,绍兴市,生姜,2018-11,330600,45.83,1720,26337.84
5693,绍兴市,生姜,2018-12,330600,45.5,1481,22411.88
5694,绍兴市,生姜,2019-01,330600,45.0,1966,29490.0
5695,绍兴市,生姜,2019-02,330600,45.67,2347,35889.29
5696,绍兴市,生姜,2019-03,330600,29.0,313,4525.07
5697,绍兴市,白菜,2016-12,330600,32.0,484,7744.0
5698,绍兴市,白菜,2017-01,330600,48.0,683,10928.0
5699,绍兴市,白菜,2017-02,330600,48.0,1839,29424.0
5700,绍兴市,白菜,2017-03,330600,62.66,2171,34017.76
5701,绍兴市,白菜,2017-04,330600,91.66,2971,45354.71
5702,绍兴市,白菜,2017-05,330600,59.67,2815,41933.94
5703,绍兴市,白菜,2017-06,330600,43.17,835,11976.16
5704,绍兴市,白菜,2017-07,330600,42.34,314,4445.81
5705,绍兴市,白菜,2017-08,330600,42.0,2676,37464.0
5706,绍兴市,白菜,2017-09,330600,42.0,2377,33278.0
5707,绍兴市,白菜,2017-10,330600,42.0,2156,30184.0
5708,绍兴市,白菜,2017-11,330600,42.0,1731,24234.0
5709,绍兴市,白菜,2017-12,330600,42.17,1583,22174.41
5710,绍兴市,白菜,2018-01,330600,44.01,1717,25188.39
5711,绍兴市,白菜,2018-02,330600,44.01,1524,22357.08
5712,绍兴市,白菜,2018-03,330600,41.0,407,5624.34
5713,绍兴市,白菜,2018-04,330600,39.83,1838,24402.3
5714,绍兴市,白菜,2018-05,330600,38.34,1145,14626.61
5715,绍兴市,白菜,2018-06,330600,38.67,744,9631.08
5716,绍兴市,白菜,2018-07,330600,38.33,2095,26766.05
5717,绍兴市,白菜,2018-08,330600,41.01,1311,17921.370000000006
5718,绍兴市,白菜,2018-09,330600,45.67,2519,38220.67
5719,绍兴市,白菜,2018-10,330600,48.67,1520,24799.46
5720,绍兴市,白菜,2018-11,330600,46.17,779,11998.93
5721,绍兴市,白菜,2018-12,330600,45.83,1855,28300.19
5722,绍兴市,白菜,2019-01,330600,47.01,1932,30274.44
5723,绍兴市,白菜,2019-02,330600,46.67,1843,28471.9
5724,绍兴市,白菜,2019-03,330600,29.67,1450,21505.8
5725,绍兴市,青椒,2016-12,330600,5.12,1511,3868.16
5726,绍兴市,青椒,2017-01,330600,7.68,847,2168.32
5727,绍兴市,青椒,2017-02,330600,7.68,2294,5872.64
5728,绍兴市,青椒,2017-03,330600,10.5,1296,3368.07
5729,绍兴市,青椒,2017-04,330600,15.16,3919,9940.39
5730,绍兴市,青椒,2017-05,330600,8.93,1818,4040.81
5731,绍兴市,青椒,2017-06,330600,6.99,2085,4858.05
5732,绍兴市,青椒,2017-07,330600,6.99,1609,3748.97
5733,绍兴市,青椒,2017-08,330600,6.99,1330,3098.9
5734,绍兴市,青椒,2017-09,330600,6.99,2472,5759.76
5735,绍兴市,青椒,2017-10,330600,6.99,1562,3639.46
5736,绍兴市,青椒,2017-11,330600,6.99,685,1596.0500000000004
5737,绍兴市,青椒,2017-12,330600,6.99,1316,3066.28
5738,绍兴市,青椒,2018-01,330600,6.99,434,1011.22
5739,绍兴市,青椒,2018-02,330600,6.99,1248,2907.84
5740,绍兴市,青椒,2018-03,330600,6.99,1858,4329.14
5741,绍兴市,青椒,2018-04,330600,6.99,2262,5270.46
5742,绍兴市,青椒,2018-05,330600,6.99,1628,3793.24
5743,绍兴市,青椒,2018-06,330600,7.16,1069,2570.67
5744,绍兴市,青椒,2018-07,330600,7.5,2407,6017.5
5745,绍兴市,青椒,2018-08,330600,6.99,1458,3397.140000000001
5746,绍兴市,青椒,2018-09,330600,6.99,1617,3767.61
5747,绍兴市,青椒,2018-10,330600,6.99,1994,4646.02
5748,绍兴市,青椒,2018-11,330600,6.99,1476,3439.08
5749,绍兴市,青椒,2018-12,330600,6.99,725,1689.25
5750,绍兴市,青椒,2019-01,330600,6.99,2531,5897.230000000001
5751,绍兴市,青椒,2019-02,330600,6.99,1358,3164.140000000001
5752,绍兴市,青椒,2019-03,330600,4.66,1205,2807.65
5753,绍兴市,土豆,2016-12,330600,132.0,202,13332.0
5754,绍兴市,土豆,2017-01,330600,198.0,1976,130416.0
5755,绍兴市,土豆,2017-02,330600,198.0,582,38412.0
5756,绍兴市,土豆,2017-03,330600,264.0,2281,150546.0
5757,绍兴市,土豆,2017-04,330600,396.0,3119,205854.0
5758,绍兴市,土豆,2017-05,330600,264.0,1412,93192.0
5759,绍兴市,土豆,2017-06,330600,198.0,1216,80256.0
5760,绍兴市,土豆,2017-07,330600,198.0,1389,91674.0
5761,绍兴市,土豆,2017-08,330600,198.0,1233,81378.0
5762,绍兴市,土豆,2017-09,330600,198.0,1098,72468.0
5763,绍兴市,土豆,2017-10,330600,198.0,852,56232.0
5764,绍兴市,土豆,2017-11,330600,198.0,1755,115830.0
5765,绍兴市,土豆,2017-12,330600,198.0,1171,77286.0
5766,绍兴市,土豆,2018-01,330600,198.0,898,59268.0
5767,绍兴市,土豆,2018-02,330600,198.0,1977,130482.0
5768,绍兴市,土豆,2018-03,330600,198.0,1529,100914.0
5769,绍兴市,土豆,2018-04,330600,198.0,1864,123024.0
5770,绍兴市,土豆,2018-05,330600,198.0,818,53988.0
5771,绍兴市,土豆,2018-06,330600,198.0,337,22242.0
5772,绍兴市,土豆,2018-07,330600,198.0,1044,68904.0
5773,绍兴市,土豆,2018-08,330600,198.0,1656,109296.0
5774,绍兴市,土豆,2018-09,330600,198.0,1557,102762.0
5775,绍兴市,土豆,2018-10,330600,198.0,1910,126060.0
5776,绍兴市,土豆,2018-11,330600,198.0,1087,71742.0
5777,绍兴市,土豆,2018-12,330600,198.0,2139,141174.0
5778,绍兴市,土豆,2019-01,330600,198.0,1553,102498.0
5779,绍兴市,土豆,2019-02,330600,198.0,1134,74844.0
5780,绍兴市,土豆,2019-03,330600,132.0,1233,81378.0
5781,绍兴市,南瓜,2016-12,330600,51.0,695,17661.81
5782,绍兴市,南瓜,2017-01,330600,77.0,1608,41130.68
5783,绍兴市,南瓜,2017-02,330600,79.34,2031,53518.88000000001
5784,绍兴市,南瓜,2017-03,330600,101.99,2151,54583.98999999999
5785,绍兴市,南瓜,2017-04,330600,150.66,4051,101499.73
5786,绍兴市,南瓜,2017-05,330600,97.67,2528,62028.75
5787,绍兴市,南瓜,2017-06,330600,72.17,1999,48111.66
5788,绍兴市,南瓜,2017-07,330600,72.33,733,17691.989999999998
5789,绍兴市,南瓜,2017-08,330600,72.67,1120,27079.36
5790,绍兴市,南瓜,2017-09,330600,72.83,1001,24264.73
5791,绍兴市,南瓜,2017-10,330600,72.66,1076,26116.71
5792,绍兴市,南瓜,2017-11,330600,72.33,1561,37644.51
5793,绍兴市,南瓜,2017-12,330600,72.84,278,6748.06
5794,绍兴市,南瓜,2018-01,330600,73.67,1524,37308.08
5795,绍兴市,南瓜,2018-02,330600,74.84,2669,66494.40000000001
5796,绍兴市,南瓜,2018-03,330600,73.33,1867,45694.41
5797,绍兴市,南瓜,2018-04,330600,71.67,1812,43255.68
5798,绍兴市,南瓜,2018-05,330600,69.66,2125,49257.8
5799,绍兴市,南瓜,2018-06,330600,69.33,1057,24411.98
5800,绍兴市,南瓜,2018-07,330600,70.67,1786,42088.3
5801,绍兴市,南瓜,2018-08,330600,74.01,1217,30023.390000000007
5802,绍兴市,南瓜,2018-09,330600,75.67,924,23110.72
5803,绍兴市,南瓜,2018-10,330600,76.67,2344,60063.3
5804,绍兴市,南瓜,2018-11,330600,74.34,2136,52947.57
5805,绍兴市,南瓜,2018-12,330600,74.01,2371,58492.57000000001
5806,绍兴市,南瓜,2019-01,330600,73.67,1652,40668.14
5807,绍兴市,南瓜,2019-02,330600,76.0,1001,25050.0
5808,绍兴市,南瓜,2019-03,330600,49.67,1084,26808.61
5809,绍兴市,茄子,2016-12,330600,19.34,1358,13131.86
5810,绍兴市,茄子,2017-01,330600,29.01,2183,21109.61
5811,绍兴市,茄子,2017-02,330600,29.01,1931,18672.77
5812,绍兴市,茄子,2017-03,330600,39.0,3103,30288.41
5813,绍兴市,茄子,2017-04,330600,58.34,2901,28159.39
5814,绍兴市,茄子,2017-05,330600,38.68,931,9002.77
5815,绍兴市,茄子,2017-06,330600,29.01,451,4361.17
5816,绍兴市,茄子,2017-07,330600,29.01,2256,21815.52
5817,绍兴市,茄子,2017-08,330600,30.0,645,6465.6399999999985
5818,绍兴市,茄子,2017-09,330600,29.84,740,7287.280000000002
5819,绍兴市,茄子,2017-10,330600,28.5,1170,11115.0
5820,绍兴市,茄子,2017-11,330600,29.0,1988,19104.28
5821,绍兴市,茄子,2017-12,330600,29.49,1909,18765.47
5822,绍兴市,茄子,2018-01,330600,29.49,2785,27376.550000000007
5823,绍兴市,茄子,2018-02,330600,30.33,1940,19681.16
5824,绍兴市,茄子,2018-03,330600,30.17,1204,12249.36
5825,绍兴市,茄子,2018-04,330600,28.5,734,6973.0
5826,绍兴市,茄子,2018-05,330600,28.5,1113,10573.5
5827,绍兴市,茄子,2018-06,330600,28.5,1858,17651.0
5828,绍兴市,茄子,2018-07,330600,28.5,976,9272.0
5829,绍兴市,茄子,2018-08,330600,28.5,1796,17062.0
5830,绍兴市,茄子,2018-09,330600,29.5,769,7672.5
5831,绍兴市,茄子,2018-10,330600,30.0,1627,16270.0
5832,绍兴市,茄子,2018-11,330600,30.0,1790,17900.0
5833,绍兴市,茄子,2018-12,330600,30.0,1019,10190.0
5834,绍兴市,茄子,2019-01,330600,30.0,2675,26750.0
5835,绍兴市,茄子,2019-02,330600,31.33,1575,16534.61
5836,绍兴市,茄子,2019-03,330600,20.33,669,6774.48
5837,绍兴市,生菜,2016-12,330600,69.34,1586,54986.62
5838,绍兴市,生菜,2017-01,330600,97.33,1321,42532.33
5839,绍兴市,生菜,2017-02,330600,99.0,1981,65373.0
5840,绍兴市,生菜,2017-03,330600,137.99,468,16238.24
5841,绍兴市,生菜,2017-04,330600,228.0,3029,115102.0
5842,绍兴市,生菜,2017-05,330600,151.67000000000004,2737,103820.87
5843,绍兴市,生菜,2017-06,330600,113.01,1769,66638.23000000001
5844,绍兴市,生菜,2017-07,330600,113.01,2127,80124.09
5845,绍兴市,生菜,2017-08,330600,113.01,1585,59706.95
5846,绍兴市,生菜,2017-09,330600,113.01,1369,51570.23
5847,绍兴市,生菜,2017-10,330600,111.01,2151,79752.17
5848,绍兴市,生菜,2017-11,330600,110.01,1955,71689.85
5849,绍兴市,生菜,2017-12,330600,110.01,1204,44150.68000000001
5850,绍兴市,生菜,2018-01,330600,110.01,852,31242.840000000004
5851,绍兴市,生菜,2018-02,330600,112.01,2717,101532.39
5852,绍兴市,生菜,2018-03,330600,109.67,838,30675.74
5853,绍兴市,生菜,2018-04,330600,110.01,1347,49394.49000000001
5854,绍兴市,生菜,2018-05,330600,110.01,1917,70296.39
5855,绍兴市,生菜,2018-06,330600,110.01,2063,75650.21
5856,绍兴市,生菜,2018-07,330600,110.01,1041,38173.47
5857,绍兴市,生菜,2018-08,330600,111.99,1586,59205.38000000001
5858,绍兴市,生菜,2018-09,330600,114.33,1611,61706.49
5859,绍兴市,生菜,2018-10,330600,117.34,1147,44035.48
5860,绍兴市,生菜,2018-11,330600,114.0,716,27208.0
5861,绍兴市,生菜,2018-12,330600,117.99,558,21946.14
5862,绍兴市,生菜,2019-01,330600,120.0,1056,42240.0
5863,绍兴市,生菜,2019-02,330600,130.32999999999998,1509,65604.42
5864,绍兴市,生菜,2019-03,330600,84.0,748,31388.28
5865,绍兴市,娃娃菜,2016-12,330600,8.34,639,2664.63
5866,绍兴市,娃娃菜,2017-01,330600,12.83,1211,5183.789999999999
5867,绍兴市,娃娃菜,2017-02,330600,12.96,1404,6063.66
5868,绍兴市,娃娃菜,2017-03,330600,17.29,2786,12039.32
5869,绍兴市,娃娃菜,2017-04,330600,25.98,3038,13154.54
5870,绍兴市,娃娃菜,2017-05,330600,17.490000000000002,2201,9588.64
5871,绍兴市,娃娃菜,2017-06,330600,13.5,1335,6007.5
5872,绍兴市,娃娃菜,2017-07,330600,13.5,1332,5994.0
5873,绍兴市,娃娃菜,2017-08,330600,13.5,1275,5737.5
5874,绍兴市,娃娃菜,2017-09,330600,13.5,1110,4995.0
5875,绍兴市,娃娃菜,2017-10,330600,13.5,1266,5697.0
5876,绍兴市,娃娃菜,2017-11,330600,13.5,1845,8302.5
5877,绍兴市,娃娃菜,2017-12,330600,13.5,1251,5629.5
5878,绍兴市,娃娃菜,2018-01,330600,14.01,489,2283.63
5879,绍兴市,娃娃菜,2018-02,330600,14.01,1063,4964.21
5880,绍兴市,娃娃菜,2018-03,330600,14.01,828,3866.76
5881,绍兴市,娃娃菜,2018-04,330600,14.01,1980,9246.6
5882,绍兴市,娃娃菜,2018-05,330600,14.01,1509,7047.03
5883,绍兴市,娃娃菜,2018-06,330600,14.01,1120,5230.4
5884,绍兴市,娃娃菜,2018-07,330600,14.01,1234,5762.78
5885,绍兴市,娃娃菜,2018-08,330600,14.01,1433,6692.1100000000015
5886,绍兴市,娃娃菜,2018-09,330600,14.01,1561,7289.87
5887,绍兴市,娃娃菜,2018-10,330600,14.01,1542,7201.1399999999985
5888,绍兴市,娃娃菜,2018-11,330600,14.01,1035,4833.45
5889,绍兴市,娃娃菜,2018-12,330600,14.01,2426,11329.42
5890,绍兴市,娃娃菜,2019-01,330600,14.01,2217,10353.39
5891,绍兴市,娃娃菜,2019-02,330600,14.49,1888,9119.04
5892,绍兴市,娃娃菜,2019-03,330600,9.66,1039,5018.370000000001
5893,舟山市,黄瓜,2016-12,330900,68.66,742,25472.86
5894,舟山市,黄瓜,2017-01,330900,104.99,2135,74678.55
5895,舟山市,黄瓜,2017-02,330900,105.33,1075,38230.69
5896,舟山市,黄瓜,2017-03,330900,134.68,2213,74511.71
5897,舟山市,黄瓜,2017-04,330900,202.02,2998,100942.66
5898,舟山市,黄瓜,2017-05,330900,134.68,1741,58619.47
5899,舟山市,黄瓜,2017-06,330900,101.01,1486,50033.62
5900,舟山市,黄瓜,2017-07,330900,101.01,1597,53770.99000000001
5901,舟山市,黄瓜,2017-08,330900,101.01,1217,40976.39
5902,舟山市,黄瓜,2017-09,330900,101.01,1342,45185.14
5903,舟山市,黄瓜,2017-10,330900,101.01,1172,39461.24000000001
5904,舟山市,黄瓜,2017-11,330900,101.01,1121,37744.07
5905,舟山市,黄瓜,2017-12,330900,101.01,1014,34141.38
5906,舟山市,黄瓜,2018-01,330900,102.99,1862,63922.45999999999
5907,舟山市,黄瓜,2018-02,330900,104.99,1792,63175.35999999999
5908,舟山市,黄瓜,2018-03,330900,102.99,2086,71612.38
5909,舟山市,黄瓜,2018-04,330900,102.99,1468,50396.44
5910,舟山市,黄瓜,2018-05,330900,102.99,411,14109.63
5911,舟山市,黄瓜,2018-06,330900,102.99,1378,47306.74
5912,舟山市,黄瓜,2018-07,330900,102.99,2321,79679.93
5913,舟山市,黄瓜,2018-08,330900,102.99,1379,47341.07
5914,舟山市,黄瓜,2018-09,330900,102.99,1745,59905.85
5915,舟山市,黄瓜,2018-10,330900,110.33,1482,54306.71
5916,舟山市,黄瓜,2018-11,330900,111.67,1359,50686.34
5917,舟山市,黄瓜,2018-12,330900,113.01,1286,48443.62
5918,舟山市,黄瓜,2019-01,330900,114.33,1581,60045.33
5919,舟山市,黄瓜,2019-02,330900,117.33,1372,53531.10000000001
5920,舟山市,黄瓜,2019-03,330900,76.66,1554,59564.81999999999
5921,舟山市,菠菜,2016-12,330900,13.0,1434,9243.14
5922,舟山市,菠菜,2017-01,330900,18.84,2229,14105.7
5923,舟山市,菠菜,2017-02,330900,18.51,1612,9505.54
5924,舟山市,菠菜,2017-03,330900,28.34,2497,17705.1
5925,舟山市,菠菜,2017-04,330900,32.0,4268,22193.88
5926,舟山市,菠菜,2017-05,330900,20.34,2392,12130.17
5927,舟山市,菠菜,2017-06,330900,13.84,1958,9035.74
5928,舟山市,菠菜,2017-07,330900,14.17,2013,10113.07
5929,舟山市,菠菜,2017-08,330900,18.0,2416,14393.0
5930,舟山市,菠菜,2017-09,330900,17.67,2195,13160.75
5931,舟山市,菠菜,2017-10,330900,16.34,1533,8906.16
5932,舟山市,菠菜,2017-11,330900,16.67,1627,9065.63
5933,舟山市,菠菜,2017-12,330900,17.83,1496,8779.28
5934,舟山市,菠菜,2018-01,330900,18.5,1520,9419.0
5935,舟山市,菠菜,2018-02,330900,22.66,1472,10323.05
5936,舟山市,菠菜,2018-03,330900,20.0,1462,9962.73
5937,舟山市,菠菜,2018-04,330900,18.67,2151,13305.32
5938,舟山市,菠菜,2018-05,330900,16.33,803,4326.57
5939,舟山市,菠菜,2018-06,330900,19.34,1431,8745.74
5940,舟山市,菠菜,2018-07,330900,16.83,1358,7709.94
5941,舟山市,菠菜,2018-08,330900,17.84,1757,10472.28
5942,舟山市,菠菜,2018-09,330900,17.33,1710,9153.84
5943,舟山市,菠菜,2018-10,330900,15.5,2098,10875.9
5944,舟山市,菠菜,2018-11,330900,15.99,1744,9295.52
5945,舟山市,菠菜,2018-12,330900,17.17,1541,8775.76
5946,舟山市,菠菜,2019-01,330900,19.5,2161,14223.78
5947,舟山市,菠菜,2019-02,330900,23.66,1747,13712.32
5948,舟山市,菠菜,2019-03,330900,20.34,496,4906.32
5949,舟山市,韭菜,2016-12,330900,103.2,1646,84933.6
5950,舟山市,韭菜,2017-01,330900,154.8,2152,111043.2
5951,舟山市,韭菜,2017-02,330900,154.8,875,45150.0
5952,舟山市,韭菜,2017-03,330900,206.4,2178,112384.8
5953,舟山市,韭菜,2017-04,330900,309.6,3742,193087.2
5954,舟山市,韭菜,2017-05,330900,206.4,1934,99794.4
5955,舟山市,韭菜,2017-06,330900,154.8,1583,81682.8
5956,舟山市,韭菜,2017-07,330900,152.2,1659,84654.1
5957,舟山市,韭菜,2017-08,330900,150.89999999999995,1782,89634.6
5958,舟山市,韭菜,2017-09,330900,150.89999999999995,1385,69665.5
5959,舟山市,韭菜,2017-10,330900,150.89999999999995,1097,55179.1
5960,舟山市,韭菜,2017-11,330900,150.89999999999995,2202,110760.6
5961,舟山市,韭菜,2017-12,330900,150.89999999999995,2373,119361.9
5962,舟山市,韭菜,2018-01,330900,150.89999999999995,2101,105680.3
5963,舟山市,韭菜,2018-02,330900,147.89999999999995,1265,62364.49999999999
5964,舟山市,韭菜,2018-03,330900,150.89999999999995,1748,87924.4
5965,舟山市,韭菜,2018-04,330900,150.89999999999995,385,19365.5
5966,舟山市,韭菜,2018-05,330900,150.89999999999995,2192,110257.6
5967,舟山市,韭菜,2018-06,330900,150.89999999999995,1311,65943.3
5968,舟山市,韭菜,2018-07,330900,150.89999999999995,814,40944.2
5969,舟山市,韭菜,2018-08,330900,150.89999999999995,1603,80630.9
5970,舟山市,韭菜,2018-09,330900,150.89999999999995,967,48640.1
5971,舟山市,韭菜,2018-10,330900,150.89999999999995,1867,93910.1
5972,舟山市,韭菜,2018-11,330900,150.89999999999995,1284,64585.2
5973,舟山市,韭菜,2018-12,330900,150.89999999999995,2281,114734.3
5974,舟山市,韭菜,2019-01,330900,150.89999999999995,1023,51456.9
5975,舟山市,韭菜,2019-02,330900,150.89999999999995,1855,93306.5
5976,舟山市,韭菜,2019-03,330900,100.6,1186,59655.8
5977,舟山市,胡萝卜,2016-12,330900,5.34,1246,3326.82
5978,舟山市,胡萝卜,2017-01,330900,8.34,2057,5881.95
5979,舟山市,胡萝卜,2017-02,330900,9.66,1567,5021.43
5980,舟山市,胡萝卜,2017-03,330900,12.17,2005,6069.06
5981,舟山市,胡萝卜,2017-04,330900,19.32,3390,10835.28
5982,舟山市,胡萝卜,2017-05,330900,12.17,3029,9139.36
5983,舟山市,胡萝卜,2017-06,330900,8.33,1406,3845.7
5984,舟山市,胡萝卜,2017-07,330900,8.33,1273,3526.11
5985,舟山市,胡萝卜,2017-08,330900,7.84,1802,4682.48
5986,舟山市,胡萝卜,2017-09,330900,8.17,1443,3861.45
5987,舟山市,胡萝卜,2017-10,330900,8.33,2133,5930.63
5988,舟山市,胡萝卜,2017-11,330900,8.33,1611,4469.690000000001
5989,舟山市,胡萝卜,2017-12,330900,8.33,1957,5391.59
5990,舟山市,胡萝卜,2018-01,330900,7.67,1501,3840.39
5991,舟山市,胡萝卜,2018-02,330900,10.5,1664,6043.95
5992,舟山市,胡萝卜,2018-03,330900,9.67,2373,7677.129999999999
5993,舟山市,胡萝卜,2018-04,330900,9.67,349,1114.17
5994,舟山市,胡萝卜,2018-05,330900,9.51,1930,6118.1
5995,舟山市,胡萝卜,2018-06,330900,8.5,1630,4614.87
5996,舟山市,胡萝卜,2018-07,330900,8.33,2249,6274.91
5997,舟山市,胡萝卜,2018-08,330900,8.49,627,1774.41
5998,舟山市,胡萝卜,2018-09,330900,8.43,1374,3871.38
5999,舟山市,胡萝卜,2018-10,330900,8.17,1746,4739.9
6000,舟山市,胡萝卜,2018-11,330900,7.6,670,1588.37
6001,舟山市,胡萝卜,2018-12,330900,7.5,1787,4467.5
6002,舟山市,胡萝卜,2019-01,330900,8.33,2138,5917.26
6003,舟山市,胡萝卜,2019-02,330900,9.0,1232,3562.04
6004,舟山市,胡萝卜,2019-03,330900,5.83,1315,3827.02
6005,舟山市,西兰花,2016-12,330900,81.34,1247,50715.49
6006,舟山市,西兰花,2017-01,330900,123.67,1986,82083.68000000001
6007,舟山市,西兰花,2017-02,330900,123.99,1955,80941.15
6008,舟山市,西兰花,2017-03,330900,162.0,1793,72486.79
6009,舟山市,西兰花,2017-04,330900,240.02,2118,84668.06
6010,舟山市,西兰花,2017-05,330900,158.68,2302,91320.34
6011,舟山市,西兰花,2017-06,330900,119.01,2028,80450.76000000001
6012,舟山市,西兰花,2017-07,330900,119.01,1019,40423.73
6013,舟山市,西兰花,2017-08,330900,119.01,784,31101.28
6014,舟山市,西兰花,2017-09,330900,119.01,1566,62123.22
6015,舟山市,西兰花,2017-10,330900,119.01,1069,42407.23
6016,舟山市,西兰花,2017-11,330900,122.01,926,37660.42
6017,舟山市,西兰花,2017-12,330900,122.01,1679,68284.93
6018,舟山市,西兰花,2018-01,330900,125.01,1875,78131.25
6019,舟山市,西兰花,2018-02,330900,129.32999999999998,1981,85228.20999999999
6020,舟山市,西兰花,2018-03,330900,125.67,1605,67402.08
6021,舟山市,西兰花,2018-04,330900,125.34,2062,86005.05
6022,舟山市,西兰花,2018-05,330900,125.01,1103,45962.01
6023,舟山市,西兰花,2018-06,330900,125.01,1743,72630.81
6024,舟山市,西兰花,2018-07,330900,124.67,1508,62575.54
6025,舟山市,西兰花,2018-08,330900,123.66,1376,56612.35
6026,舟山市,西兰花,2018-09,330900,123.0,2106,86346.0
6027,舟山市,西兰花,2018-10,330900,129.99,948,41076.84
6028,舟山市,西兰花,2018-11,330900,129.0,1501,64543.0
6029,舟山市,西兰花,2018-12,330900,129.0,1044,44892.0
6030,舟山市,西兰花,2019-01,330900,133.34,1461,65128.87
6031,舟山市,西兰花,2019-02,330900,136.32999999999998,624,28834.16
6032,舟山市,西兰花,2019-03,330900,85.67,797,34071.020000000004
6033,舟山市,油麦菜,2016-12,330900,28.66,316,4528.280000000002
6034,舟山市,油麦菜,2017-01,330900,40.33,1590,21670.16
6035,舟山市,油麦菜,2017-02,330900,33.67,1169,13055.98
6036,舟山市,油麦菜,2017-03,330900,44.0,2150,23650.0
6037,舟山市,油麦菜,2017-04,330900,66.0,3622,39842.0
6038,舟山市,油麦菜,2017-05,330900,45.32,1890,21413.7
6039,舟山市,油麦菜,2017-06,330900,33.99,1651,18705.83
6040,舟山市,油麦菜,2017-07,330900,34.67,1020,11889.8
6041,舟山市,油麦菜,2017-08,330900,35.01,2011,23468.37
6042,舟山市,油麦菜,2017-09,330900,35.01,1910,22289.7
6043,舟山市,油麦菜,2017-10,330900,35.01,1019,11891.73
6044,舟山市,油麦菜,2017-11,330900,35.01,1031,12031.77
6045,舟山市,油麦菜,2017-12,330900,34.67,2301,26575.23
6046,舟山市,油麦菜,2018-01,330900,33.99,1552,17584.16
6047,舟山市,油麦菜,2018-02,330900,35.0,1934,22628.81
6048,舟山市,油麦菜,2018-03,330900,35.67,2059,24382.95
6049,舟山市,油麦菜,2018-04,330900,35.01,638,7445.46
6050,舟山市,油麦菜,2018-05,330900,35.01,2149,25078.83
6051,舟山市,油麦菜,2018-06,330900,35.34,2005,23564.67
6052,舟山市,油麦菜,2018-07,330900,34.67,304,3501.78
6053,舟山市,油麦菜,2018-08,330900,35.01,1935,22581.45
6054,舟山市,油麦菜,2018-09,330900,35.01,2052,23946.84
6055,舟山市,油麦菜,2018-10,330900,35.01,1285,14995.95
6056,舟山市,油麦菜,2018-11,330900,35.01,1265,14762.55
6057,舟山市,油麦菜,2018-12,330900,35.01,1725,20130.75
6058,舟山市,油麦菜,2019-01,330900,35.01,1882,21962.94
6059,舟山市,油麦菜,2019-02,330900,34.34,1397,15746.89
6060,舟山市,油麦菜,2019-03,330900,21.67,395,4270.09
6061,舟山市,蒜黄,2016-12,330900,8.17,871,3596.03
6062,舟山市,蒜黄,2017-01,330900,10.33,2071,7103.32
6063,舟山市,蒜黄,2017-02,330900,9.67,2213,7173.93
6064,舟山市,蒜黄,2017-03,330900,12.16,2634,8194.8
6065,舟山市,蒜黄,2017-04,330900,20.0,2103,7073.92
6066,舟山市,蒜黄,2017-05,330900,13.0,2742,8963.66
6067,舟山市,蒜黄,2017-06,330900,11.17,1391,5128.24
6068,舟山市,蒜黄,2017-07,330900,13.33,1042,4428.16
6069,舟山市,蒜黄,2017-08,330900,14.83,1970,9741.03
6070,舟山市,蒜黄,2017-09,330900,15.33,1812,9330.6
6071,舟山市,蒜黄,2017-10,330900,14.67,1108,5410.31
6072,舟山市,蒜黄,2017-11,330900,13.5,1545,7182.1799999999985
6073,舟山市,蒜黄,2017-12,330900,12.0,1990,7909.17
6074,舟山市,蒜黄,2018-01,330900,13.0,1301,5748.65
6075,舟山市,蒜黄,2018-02,330900,14.83,1167,5859.629999999999
6076,舟山市,蒜黄,2018-03,330900,11.33,937,3456.4500000000007
6077,舟山市,蒜黄,2018-04,330900,10.66,944,3488.98
6078,舟山市,蒜黄,2018-05,330900,12.83,1721,7384.49
6079,舟山市,蒜黄,2018-06,330900,14.33,1412,7121.08
6080,舟山市,蒜黄,2018-07,330900,14.0,1622,7815.92
6081,舟山市,蒜黄,2018-08,330900,14.83,1704,8410.86
6082,舟山市,蒜黄,2018-09,330900,16.5,2510,13815.03
6083,舟山市,蒜黄,2018-10,330900,15.67,1953,10165.4
6084,舟山市,蒜黄,2018-11,330900,14.17,1070,5164.37
6085,舟山市,蒜黄,2018-12,330900,11.83,1326,5217.64
6086,舟山市,蒜黄,2019-01,330900,14.5,2012,9807.43
6087,舟山市,蒜黄,2019-02,330900,16.34,961,5336.31
6088,舟山市,蒜黄,2019-03,330900,9.83,1048,5153.13
6089,舟山市,上海青,2016-12,330900,15.0,1120,8400.0
6090,舟山市,上海青,2017-01,330900,22.5,2058,15435.0
6091,舟山市,上海青,2017-02,330900,22.17,1231,9216.0
6092,舟山市,上海青,2017-03,330900,29.01,2092,15082.8
6093,舟山市,上海青,2017-04,330900,43.02,2885,20685.45
6094,舟山市,上海青,2017-05,330900,30.0,1775,13312.5
6095,舟山市,上海青,2017-06,330900,22.5,1975,14812.5
6096,舟山市,上海青,2017-07,330900,22.5,1672,12540.0
6097,舟山市,上海青,2017-08,330900,22.33,1247,9306.6
6098,舟山市,上海青,2017-09,330900,22.33,1418,10598.62
6099,舟山市,上海青,2017-10,330900,21.99,1212,8883.96
6100,舟山市,上海青,2017-11,330900,22.5,2173,16297.5
6101,舟山市,上海青,2017-12,330900,22.84,1624,12394.03
6102,舟山市,上海青,2018-01,330900,22.34,1923,14559.13
6103,舟山市,上海青,2018-02,330900,22.51,2305,17252.85
6104,舟山市,上海青,2018-03,330900,23.01,1454,11152.18
6105,舟山市,上海青,2018-04,330900,23.17,2231,17222.81
6106,舟山市,上海青,2018-05,330900,21.99,2253,16514.489999999998
6107,舟山市,上海青,2018-06,330900,21.99,1210,8869.3
6108,舟山市,上海青,2018-07,330900,21.99,839,6149.870000000001
6109,舟山市,上海青,2018-08,330900,23.51,2186,17147.12
6110,舟山市,上海青,2018-09,330900,24.51,1276,10424.92
6111,舟山市,上海青,2018-10,330900,24.51,2718,22206.06
6112,舟山市,上海青,2018-11,330900,24.5,1500,12401.65
6113,舟山市,上海青,2018-12,330900,25.17,1447,12227.89
6114,舟山市,上海青,2019-01,330900,24.84,1227,10112.7
6115,舟山市,上海青,2019-02,330900,24.51,1522,12434.74
6116,舟山市,上海青,2019-03,330900,16.34,643,5253.31
6117,舟山市,香菜,2016-12,330900,8.34,968,4036.56
6118,舟山市,香菜,2017-01,330900,16.0,1430,7718.09
6119,舟山市,香菜,2017-02,330900,17.34,1682,10146.06
6120,舟山市,香菜,2017-03,330900,17.0,2474,10351.5
6121,舟山市,香菜,2017-04,330900,22.0,2513,9468.79
6122,舟山市,香菜,2017-05,330900,13.34,2320,7829.93
6123,舟山市,香菜,2017-06,330900,8.83,1762,5218.34
6124,舟山市,香菜,2017-07,330900,10.67,1916,6672.48
6125,舟山市,香菜,2017-08,330900,13.33,1200,5443.52
6126,舟山市,香菜,2017-09,330900,12.83,2272,9567.34
6127,舟山市,香菜,2017-10,330900,11.17,1347,4965.73
6128,舟山市,香菜,2017-11,330900,12.33,1684,6955.450000000002
6129,舟山市,香菜,2017-12,330900,12.5,945,3889.81
6130,舟山市,香菜,2018-01,330900,12.67,1327,5592.95
6131,舟山市,香菜,2018-02,330900,16.17,1570,8092.62
6132,舟山市,香菜,2018-03,330900,14.0,1547,7225.86
6133,舟山市,香菜,2018-04,330900,13.33,2339,10445.43
6134,舟山市,香菜,2018-05,330900,11.83,943,3654.19
6135,舟山市,香菜,2018-06,330900,10.67,2012,7206.559999999998
6136,舟山市,香菜,2018-07,330900,11.17,2263,8286.74
6137,舟山市,香菜,2018-08,330900,14.17,1318,6734.99
6138,舟山市,香菜,2018-09,330900,16.33,1924,10608.9
6139,舟山市,香菜,2018-10,330900,14.16,1938,8708.33
6140,舟山市,香菜,2018-11,330900,11.17,1872,6985.92
6141,舟山市,香菜,2018-12,330900,14.17,648,3254.56
6142,舟山市,香菜,2019-01,330900,15.83,2151,11362.35
6143,舟山市,香菜,2019-02,330900,20.66,1786,12335.52
6144,舟山市,香菜,2019-03,330900,11.16,1123,6403.59
6145,舟山市,豆角,2016-12,330900,8.17,1650,6716.62
6146,舟山市,豆角,2017-01,330900,10.99,1740,6631.200000000002
6147,舟山市,豆角,2017-02,330900,10.0,975,3664.35
6148,舟山市,豆角,2017-03,330900,12.67,2144,6662.58
6149,舟山市,豆角,2017-04,330900,16.34,2096,5712.74
6150,舟山市,豆角,2017-05,330900,11.0,2257,6312.43
6151,舟山市,豆角,2017-06,330900,9.83,1108,3645.67
6152,舟山市,豆角,2017-07,330900,11.17,1663,6169.57
6153,舟山市,豆角,2017-08,330900,14.0,1007,4726.5
6154,舟山市,豆角,2017-09,330900,15.0,1272,6306.79
6155,舟山市,豆角,2017-10,330900,14.33,809,3850.35
6156,舟山市,豆角,2017-11,330900,10.67,1638,6042.6
6157,舟山市,豆角,2017-12,330900,10.33,1971,6801.77
6158,舟山市,豆角,2018-01,330900,10.99,1149,4159.67
6159,舟山市,豆角,2018-02,330900,12.33,2425,9897.67
6160,舟山市,豆角,2018-03,330900,10.01,2255,7494.85
6161,舟山市,豆角,2018-04,330900,9.84,1142,3651.49
6162,舟山市,豆角,2018-05,330900,10.0,2455,8203.28
6163,舟山市,豆角,2018-06,330900,11.66,1123,4350.22
6164,舟山市,豆角,2018-07,330900,13.0,1983,8721.36
6165,舟山市,豆角,2018-08,330900,14.0,1859,8725.0
6166,舟山市,豆角,2018-09,330900,15.0,1483,7415.0
6167,舟山市,豆角,2018-10,330900,15.01,1948,9836.66
6168,舟山市,豆角,2018-11,330900,12.34,1731,7168.63
6169,舟山市,豆角,2018-12,330900,10.5,546,1960.81
6170,舟山市,豆角,2019-01,330900,8.83,2019,5983.9
6171,舟山市,豆角,2019-02,330900,10.33,1470,5076.15
6172,舟山市,豆角,2019-03,330900,7.67,847,3346.42
6173,舟山市,小葱,2017-01,330900,20.0,2556,10224.0
6174,舟山市,小葱,2017-02,330900,16.0,1332,5328.0
6175,舟山市,小葱,2017-03,330900,13.4,1974,6602.0
6176,舟山市,小葱,2017-04,330900,17.5,1829,6401.5
6177,舟山市,小葱,2017-05,330900,22.0,3370,10656.5
6178,舟山市,小葱,2017-06,330900,12.5,1668,5329.0
6179,舟山市,小葱,2017-07,330900,12.5,1717,5323.5
6180,舟山市,小葱,2017-08,330900,21.6,2608,10984.0
6181,舟山市,小葱,2017-09,330900,20.0,2036,10180.0
6182,舟山市,小葱,2017-10,330900,25.0,2850,14250.0
6183,舟山市,小葱,2017-11,330900,20.0,2514,12570.0
6184,舟山市,小葱,2017-12,330900,20.0,1708,8540.0
6185,舟山市,小葱,2018-01,330900,24.4,2393,11797.0
6186,舟山市,小葱,2018-02,330900,19.2,2795,13416.0
6187,舟山市,小葱,2018-03,330900,19.2,1274,6115.2
6188,舟山市,小葱,2018-04,330900,17.8,2210,9640.2
6189,舟山市,小葱,2018-05,330900,22.5,2071,9319.5
6190,舟山市,小葱,2018-06,330900,17.8,2475,10969.1
6191,舟山市,小葱,2018-07,330900,21.9,1525,6740.1
6192,舟山市,小葱,2018-08,330900,19.7,2645,13420.5
6193,舟山市,小葱,2018-09,330900,20.9,3251,16939.9
6194,舟山市,小葱,2018-10,330900,26.0,1611,8377.2
6195,舟山市,小葱,2018-11,330900,19.2,2518,12086.4
6196,舟山市,小葱,2018-12,330900,19.1,1882,8983.1
6197,舟山市,小葱,2019-01,330900,23.8,2906,13801.0
6198,舟山市,小葱,2019-02,330900,18.4,1372,6311.2
6199,舟山市,小葱,2019-03,330900,13.5,1039,4675.5
6200,舟山市,西红柿,2016-12,330900,81.33,754,30860.91
6201,舟山市,西红柿,2017-01,330900,125.0,2178,90969.5
6202,舟山市,西红柿,2017-02,330900,125.0,1907,78320.28
6203,舟山市,西红柿,2017-03,330900,176.99,2343,101716.06
6204,舟山市,西红柿,2017-04,330900,297.32,2541,125506.18
6205,舟山市,西红柿,2017-05,330900,200.0,2229,112680.79
6206,舟山市,西红柿,2017-06,330900,139.0,1227,55672.0
6207,舟山市,西红柿,2017-07,330900,133.34,1479,66273.25
6208,舟山市,西红柿,2017-08,330900,136.32999999999998,2362,107201.7
6209,舟山市,西红柿,2017-09,330900,131.0,1598,68902.14
6210,舟山市,西红柿,2017-10,330900,130.32999999999998,1836,80383.64
6211,舟山市,西红柿,2017-11,330900,127.0,1853,79777.0
6212,舟山市,西红柿,2017-12,330900,139.0,237,11391.61
6213,舟山市,西红柿,2018-01,330900,138.67000000000002,2153,99460.55
6214,舟山市,西红柿,2018-02,330900,160.0,678,36930.0
6215,舟山市,西红柿,2018-03,330900,141.67000000000004,1594,75354.78
6216,舟山市,西红柿,2018-04,330900,140.01,2671,124655.57
6217,舟山市,西红柿,2018-05,330900,125.0,2425,100988.62
6218,舟山市,西红柿,2018-06,330900,114.33,1466,56044.6
6219,舟山市,西红柿,2018-07,330900,108.0,1528,54989.91
6220,舟山市,西红柿,2018-08,330900,105.99,2140,75606.2
6221,舟山市,西红柿,2018-09,330900,105.99,1551,54796.83
6222,舟山市,西红柿,2018-10,330900,108.99,1766,64936.78
6223,舟山市,西红柿,2018-11,330900,110.67,826,30793.0
6224,舟山市,西红柿,2018-12,330900,110.01,1608,58965.36
6225,舟山市,西红柿,2019-01,330900,123.34,1793,73637.16
6226,舟山市,西红柿,2019-02,330900,136.67000000000002,1626,72712.42
6227,舟山市,西红柿,2019-03,330900,90.0,314,14130.0
6228,舟山市,茼蒿,2016-12,330900,8.34,914,3811.38
6229,舟山市,茼蒿,2017-01,330900,12.51,2682,11183.94
6230,舟山市,茼蒿,2017-02,330900,12.83,1851,7855.15
6231,舟山市,茼蒿,2017-03,330900,16.68,1094,4561.98
6232,舟山市,茼蒿,2017-04,330900,25.66,3757,16052.13
6233,舟山市,茼蒿,2017-05,330900,16.68,2093,8727.810000000001
6234,舟山市,茼蒿,2017-06,330900,12.51,743,3098.31
6235,舟山市,茼蒿,2017-07,330900,12.17,1835,7489.6
6236,舟山市,茼蒿,2017-08,330900,12.0,1529,6116.0
6237,舟山市,茼蒿,2017-09,330900,11.83,1129,4385.950000000002
6238,舟山市,茼蒿,2017-10,330900,11.33,1603,6081.73
6239,舟山市,茼蒿,2017-11,330900,11.01,698,2561.66
6240,舟山市,茼蒿,2017-12,330900,10.67,2094,7437.969999999998
6241,舟山市,茼蒿,2018-01,330900,11.0,1213,4438.87
6242,舟山市,茼蒿,2018-02,330900,13.0,1128,4867.41
6243,舟山市,茼蒿,2018-03,330900,13.5,2233,10032.35
6244,舟山市,茼蒿,2018-04,330900,12.99,1830,7923.9
6245,舟山市,茼蒿,2018-05,330900,13.67,1036,4715.04
6246,舟山市,茼蒿,2018-06,330900,13.33,2448,10875.07
6247,舟山市,茼蒿,2018-07,330900,12.84,2061,8856.72
6248,舟山市,茼蒿,2018-08,330900,13.5,2029,9130.5
6249,舟山市,茼蒿,2018-09,330900,13.5,653,2938.5
6250,舟山市,茼蒿,2018-10,330900,13.94,889,4111.38
6251,舟山市,茼蒿,2018-11,330900,13.46,1405,6328.02
6252,舟山市,茼蒿,2018-12,330900,13.29,2134,9453.62
6253,舟山市,茼蒿,2019-01,330900,13.43,1237,5523.17
6254,舟山市,茼蒿,2019-02,330900,13.5,860,3870.0
6255,舟山市,茼蒿,2019-03,330900,9.34,1775,8289.25
6256,舟山市,香菇,2016-12,330900,8.66,1325,5737.25
6257,舟山市,香菇,2017-01,330900,15.34,1889,9984.05
6258,舟山市,香菇,2017-02,330900,16.990000000000002,2052,11725.16
6259,舟山市,香菇,2017-03,330900,20.0,2333,11665.0
6260,舟山市,香菇,2017-04,330900,27.34,4425,20074.17
6261,舟山市,香菇,2017-05,330900,17.33,1595,7032.25
6262,舟山市,香菇,2017-06,330900,11.17,1645,6255.86
6263,舟山市,香菇,2017-07,330900,12.84,884,3572.1
6264,舟山市,香菇,2017-08,330900,13.67,847,3851.62
6265,舟山市,香菇,2017-09,330900,14.83,1356,6689.9
6266,舟山市,香菇,2017-10,330900,14.5,1387,6819.06
6267,舟山市,香菇,2017-11,330900,12.66,1065,4608.81
6268,舟山市,香菇,2017-12,330900,12.5,1999,8353.0
6269,舟山市,香菇,2018-01,330900,17.0,1436,8491.0
6270,舟山市,香菇,2018-02,330900,19.3,2061,13308.24
6271,舟山市,香菇,2018-03,330900,17.17,885,4958.79
6272,舟山市,香菇,2018-04,330900,16.67,879,4922.39
6273,舟山市,香菇,2018-05,330900,15.0,1884,9420.0
6274,舟山市,香菇,2018-06,330900,14.17,1939,9222.59
6275,舟山市,香菇,2018-07,330900,14.17,1755,8053.049999999998
6276,舟山市,香菇,2018-08,330900,15.0,1824,9339.12
6277,舟山市,香菇,2018-09,330900,17.67,1498,8894.779999999999
6278,舟山市,香菇,2018-10,330900,19.0,1050,6003.88
6279,舟山市,香菇,2018-11,330900,17.34,1112,6441.66
6280,舟山市,香菇,2018-12,330900,15.67,2148,11025.42
6281,舟山市,香菇,2019-01,330900,13.17,1192,5312.52
6282,舟山市,香菇,2019-02,330900,15.5,1207,6263.34
6283,舟山市,香菇,2019-03,330900,12.0,1465,8790.0
6284,舟山市,木耳,2017-01,330900,61.40000000000001,2845,34776.5
6285,舟山市,木耳,2017-02,330900,48.0,1081,12910.2
6286,舟山市,木耳,2017-03,330900,45.8,2833,32583.0
6287,舟山市,木耳,2017-04,330900,55.6,2950,32701.5
6288,舟山市,木耳,2017-05,330900,72.0,3564,37153.2
6289,舟山市,木耳,2017-06,330900,37.7,1474,14052.5
6290,舟山市,木耳,2017-07,330900,38.45,1707,16430.550000000007
6291,舟山市,木耳,2017-08,330900,51.4,3047,31188.0
6292,舟山市,木耳,2017-09,330900,42.35,1550,16426.15
6293,舟山市,木耳,2017-10,330900,50.15,2159,21433.35
6294,舟山市,木耳,2017-11,330900,39.35,1936,19052.35
6295,舟山市,木耳,2017-12,330900,41.3,3133,32466.5
6296,舟山市,木耳,2018-01,330900,53.5,2505,26874.9
6297,舟山市,木耳,2018-02,330900,40.6,2624,26286.4
6298,舟山市,木耳,2018-03,330900,35.2,2460,21974.9
6299,舟山市,木耳,2018-04,330900,32.5,2511,20530.0
6300,舟山市,木耳,2018-05,330900,40.5,2288,18794.5
6301,舟山市,木耳,2018-06,330900,34.90000000000001,1845,16147.5
6302,舟山市,木耳,2018-07,330900,46.8,1738,16022.6
6303,舟山市,木耳,2018-08,330900,41.6,1510,15778.5
6304,舟山市,木耳,2018-09,330900,51.3,2689,34138.5
6305,舟山市,木耳,2018-10,330900,65.8,1987,25896.0
6306,舟山市,木耳,2018-11,330900,46.5,2887,33444.0
6307,舟山市,木耳,2018-12,330900,44.6,975,10638.7
6308,舟山市,木耳,2019-01,330900,55.1,2404,26070.1
6309,舟山市,木耳,2019-02,330900,39.4,746,7289.0
6310,舟山市,木耳,2019-03,330900,32.3,2494,26753.1
6311,舟山市,蒜苔,2016-12,330900,9.5,1260,5941.64
6312,舟山市,蒜苔,2017-01,330900,16.0,2017,10345.75
6313,舟山市,蒜苔,2017-02,330900,16.67,2148,11849.36
6314,舟山市,蒜苔,2017-03,330900,20.17,2007,10051.15
6315,舟山市,蒜苔,2017-04,330900,26.66,2744,12389.82
6316,舟山市,蒜苔,2017-05,330900,17.32,2073,8976.09
6317,舟山市,蒜苔,2017-06,330900,11.99,1750,7194.5
6318,舟山市,蒜苔,2017-07,330900,12.83,625,2724.16
6319,舟山市,蒜苔,2017-08,330900,14.0,1583,7452.27
6320,舟山市,蒜苔,2017-09,330900,15.33,1678,8562.26
6321,舟山市,蒜苔,2017-10,330900,14.0,2213,10437.75
6322,舟山市,蒜苔,2017-11,330900,12.51,2202,9182.34
6323,舟山市,蒜苔,2017-12,330900,12.83,1393,5975.85
6324,舟山市,蒜苔,2018-01,330900,13.17,595,2581.8
6325,舟山市,蒜苔,2018-02,330900,14.5,1445,7141.38
6326,舟山市,蒜苔,2018-03,330900,13.5,785,3490.85
6327,舟山市,蒜苔,2018-04,330900,12.99,2124,9196.92
6328,舟山市,蒜苔,2018-05,330900,14.17,1993,9369.71
6329,舟山市,蒜苔,2018-06,330900,12.49,1358,5853.64
6330,舟山市,蒜苔,2018-07,330900,11.0,2227,8172.02
6331,舟山市,蒜苔,2018-08,330900,12.83,1108,5105.13
6332,舟山市,蒜苔,2018-09,330900,15.99,1382,7101.06
6333,舟山市,蒜苔,2018-10,330900,18.67,923,5935.31
6334,舟山市,蒜苔,2018-11,330900,17.17,1656,9620.55
6335,舟山市,蒜苔,2018-12,330900,15.5,1409,7339.58
6336,舟山市,蒜苔,2019-01,330900,16.67,1002,5514.57
6337,舟山市,蒜苔,2019-02,330900,16.33,2031,10963.95
6338,舟山市,蒜苔,2019-03,330900,10.0,1299,6495.0
6339,舟山市,芹菜,2016-12,330900,87.26,297,12958.11
6340,舟山市,芹菜,2017-01,330900,130.89,1371,59816.73
6341,舟山市,芹菜,2017-02,330900,130.89,1812,79057.56
6342,舟山市,芹菜,2017-03,330900,174.52,2615,114092.45
6343,舟山市,芹菜,2017-04,330900,261.78000000000003,1386,60471.18
6344,舟山市,芹菜,2017-05,330900,174.52,1161,50654.43
6345,舟山市,芹菜,2017-06,330900,130.89,880,38394.4
6346,舟山市,芹菜,2017-07,330900,133.57,1663,74040.07
6347,舟山市,芹菜,2017-08,330900,134.91,1178,52974.66
6348,舟山市,芹菜,2017-09,330900,134.91,1075,48342.75
6349,舟山市,芹菜,2017-10,330900,134.91,1550,69703.5
6350,舟山市,芹菜,2017-11,330900,134.91,888,39933.36
6351,舟山市,芹菜,2017-12,330900,134.91,1174,52794.78
6352,舟山市,芹菜,2018-01,330900,134.91,1106,49736.82
6353,舟山市,芹菜,2018-02,330900,134.91,2300,103431.0
6354,舟山市,芹菜,2018-03,330900,134.91,1597,71817.09
6355,舟山市,芹菜,2018-04,330900,134.91,1659,74605.23
6356,舟山市,芹菜,2018-05,330900,134.91,1481,66600.56999999999
6357,舟山市,芹菜,2018-06,330900,134.91,877,39438.69
6358,舟山市,芹菜,2018-07,330900,134.91,1070,48117.9
6359,舟山市,芹菜,2018-08,330900,134.91,2181,98079.57
6360,舟山市,芹菜,2018-09,330900,134.91,2023,90974.31
6361,舟山市,芹菜,2018-10,330900,134.24,2050,91893.03
6362,舟山市,芹菜,2018-11,330900,132.89999999999998,918,40667.4
6363,舟山市,芹菜,2018-12,330900,132.89999999999998,1973,87403.9
6364,舟山市,芹菜,2019-01,330900,132.89999999999998,541,23966.3
6365,舟山市,芹菜,2019-02,330900,132.89999999999998,1490,66007.0
6366,舟山市,芹菜,2019-03,330900,88.6,1137,50369.1
6367,舟山市,红薯,2016-12,330900,10.66,497,2649.01
6368,舟山市,红薯,2017-01,330900,15.83,1338,7095.86
6369,舟山市,红薯,2017-02,330900,15.51,2390,12356.3
6370,舟山市,红薯,2017-03,330900,18.68,1795,8382.65
6371,舟山市,红薯,2017-04,330900,27.0,4109,18490.5
6372,舟山市,红薯,2017-05,330900,17.34,2234,9605.85
6373,舟山市,红薯,2017-06,330900,12.67,1243,5306.51
6374,舟山市,红薯,2017-07,330900,13.16,1862,8228.720000000001
6375,舟山市,红薯,2017-08,330900,15.0,1519,7664.0
6376,舟山市,红薯,2017-09,330900,15.99,1890,10073.7
6377,舟山市,红薯,2017-10,330900,15.66,977,5148.01
6378,舟山市,红薯,2017-11,330900,15.83,2573,13577.77
6379,舟山市,红薯,2017-12,330900,15.99,501,2670.33
6380,舟山市,红薯,2018-01,330900,15.67,955,4955.1100000000015
6381,舟山市,红薯,2018-02,330900,17.009999999999998,2117,12003.39
6382,舟山市,红薯,2018-03,330900,16.5,2271,12461.09
6383,舟山市,红薯,2018-04,330900,15.67,2294,11963.34
6384,舟山市,红薯,2018-05,330900,15.67,1934,10068.86
6385,舟山市,红薯,2018-06,330900,15.84,1066,5521.12
6386,舟山市,红薯,2018-07,330900,16.16,1270,6865.32
6387,舟山市,红薯,2018-08,330900,17.5,1983,11243.68
6388,舟山市,红薯,2018-09,330900,18.5,1127,6971.8200000000015
6389,舟山市,红薯,2018-10,330900,18.0,202,1237.33
6390,舟山市,红薯,2018-11,330900,17.009999999999998,1831,10381.77
6391,舟山市,红薯,2018-12,330900,17.009999999999998,2533,14362.11
6392,舟山市,红薯,2019-01,330900,17.009999999999998,1895,10744.65
6393,舟山市,红薯,2019-02,330900,16.67,1182,6557.95
6394,舟山市,红薯,2019-03,330900,11.17,673,3710.85
6395,舟山市,大蒜,2016-12,330900,9.5,1004,4791.08
6396,舟山市,大蒜,2017-01,330900,10.17,1103,3486.8100000000004
6397,舟山市,大蒜,2017-02,330900,7.83,2007,5193.63
6398,舟山市,大蒜,2017-03,330900,11.5,2035,5921.0
6399,舟山市,大蒜,2017-04,330900,17.34,2799,7867.969999999998
6400,舟山市,大蒜,2017-05,330900,14.16,1973,6960.09
6401,舟山市,大蒜,2017-06,330900,14.51,2157,10472.19
6402,舟山市,大蒜,2017-07,330900,16.67,1209,6713.59
6403,舟山市,大蒜,2017-08,330900,17.33,927,5327.29
6404,舟山市,大蒜,2017-09,330900,16.66,1210,6860.91
6405,舟山市,大蒜,2017-10,330900,15.5,1508,7856.16
6406,舟山市,大蒜,2017-11,330900,13.99,1213,5571.29
6407,舟山市,大蒜,2017-12,330900,12.99,1519,6577.27
6408,舟山市,大蒜,2018-01,330900,12.17,1985,7994.4
6409,舟山市,大蒜,2018-02,330900,14.33,1907,9175.88
6410,舟山市,大蒜,2018-03,330900,15.0,1593,7965.0
6411,舟山市,大蒜,2018-04,330900,16.34,1150,6158.030000000002
6412,舟山市,大蒜,2018-05,330900,13.16,2501,10981.14
6413,舟山市,大蒜,2018-06,330900,17.0,1061,6031.6399999999985
6414,舟山市,大蒜,2018-07,330900,18.67,1409,8999.43
6415,舟山市,大蒜,2018-08,330900,18.67,643,3939.37
6416,舟山市,大蒜,2018-09,330900,21.0,1861,12733.79
6417,舟山市,大蒜,2018-10,330900,20.67,1677,11823.76
6418,舟山市,大蒜,2018-11,330900,13.0,1982,8624.81
6419,舟山市,大蒜,2018-12,330900,8.34,812,2123.79
6420,舟山市,大蒜,2019-01,330900,10.66,1383,4684.7
6421,舟山市,大蒜,2019-02,330900,13.34,1453,6215.34
6422,舟山市,大蒜,2019-03,330900,9.73,1416,6905.58
6423,舟山市,生姜,2016-12,330900,34.0,1115,18955.0
6424,舟山市,生姜,2017-01,330900,50.0,852,14142.0
6425,舟山市,生姜,2017-02,330900,48.0,1886,30176.0
6426,舟山市,生姜,2017-03,330900,64.0,1636,26176.0
6427,舟山市,生姜,2017-04,330900,96.0,1610,25760.0
6428,舟山市,生姜,2017-05,330900,62.0,1466,22798.48
6429,舟山市,生姜,2017-06,330900,45.99,1320,20235.6
6430,舟山市,生姜,2017-07,330900,45.99,1949,29878.17
6431,舟山市,生姜,2017-08,330900,45.99,712,10914.96
6432,舟山市,生姜,2017-09,330900,45.99,1062,16280.46
6433,舟山市,生姜,2017-10,330900,45.99,2135,32729.550000000007
6434,舟山市,生姜,2017-11,330900,45.99,936,14348.88
6435,舟山市,生姜,2017-12,330900,45.0,1207,18105.0
6436,舟山市,生姜,2018-01,330900,45.0,1310,19650.0
6437,舟山市,生姜,2018-02,330900,47.0,1287,20570.0
6438,舟山市,生姜,2018-03,330900,46.17,1041,15813.75
6439,舟山市,生姜,2018-04,330900,44.83,2150,32209.88
6440,舟山市,生姜,2018-05,330900,44.0,1713,25059.51
6441,舟山市,生姜,2018-06,330900,42.34,2066,29504.95
6442,舟山市,生姜,2018-07,330900,40.99,882,12186.56
6443,舟山市,生姜,2018-08,330900,42.51,1245,17641.65
6444,舟山市,生姜,2018-09,330900,44.84,1532,22973.06
6445,舟山市,生姜,2018-10,330900,45.51,1361,20646.37
6446,舟山市,生姜,2018-11,330900,45.66,1812,27663.78
6447,舟山市,生姜,2018-12,330900,44.5,2324,34286.54
6448,舟山市,生姜,2019-01,330900,44.0,595,8785.58
6449,舟山市,生姜,2019-02,330900,41.99,1907,26525.31
6450,舟山市,生姜,2019-03,330900,28.67,998,14032.35
6451,舟山市,白菜,2016-12,330900,34.66,1819,31523.27
6452,舟山市,白菜,2017-01,330900,50.33,1333,21552.11
6453,舟山市,白菜,2017-02,330900,47.67,1816,28904.2
6454,舟山市,白菜,2017-03,330900,63.01,1516,23810.5
6455,舟山市,白菜,2017-04,330900,94.02,1589,24899.63
6456,舟山市,白菜,2017-05,330900,61.34,2378,36683.71
6457,舟山市,白菜,2017-06,330900,45.33,1454,22083.9
6458,舟山市,白菜,2017-07,330900,45.66,1468,22202.49
6459,舟山市,白菜,2017-08,330900,45.0,1735,26025.0
6460,舟山市,白菜,2017-09,330900,45.33,1684,25323.36
6461,舟山市,白菜,2017-10,330900,45.99,1078,16525.74
6462,舟山市,白菜,2017-11,330900,45.99,1941,29755.53
6463,舟山市,白菜,2017-12,330900,45.99,1163,17828.79
6464,舟山市,白菜,2018-01,330900,45.99,1558,23884.14
6465,舟山市,白菜,2018-02,330900,46.67,580,8943.08
6466,舟山市,白菜,2018-03,330900,45.16,1791,27100.55
6467,舟山市,白菜,2018-04,330900,43.49,1133,16611.89
6468,舟山市,白菜,2018-05,330900,42.99,1591,22799.03
6469,舟山市,白菜,2018-06,330900,41.33,1738,24508.17
6470,舟山市,白菜,2018-07,330900,39.67,1443,19048.63
6471,舟山市,白菜,2018-08,330900,42.0,901,12614.0
6472,舟山市,白菜,2018-09,330900,44.66,918,13743.4
6473,舟山市,白菜,2018-10,330900,46.33,1930,29871.48
6474,舟山市,白菜,2018-11,330900,45.84,1962,29966.16
6475,舟山市,白菜,2018-12,330900,45.33,739,11191.26
6476,舟山市,白菜,2019-01,330900,44.33,917,13193.54
6477,舟山市,白菜,2019-02,330900,39.67,715,9767.35
6478,舟山市,白菜,2019-03,330900,26.67,990,13483.05
6479,舟山市,青椒,2016-12,330900,6.2,323,1001.3
6480,舟山市,青椒,2017-01,330900,9.3,1029,3189.9
6481,舟山市,青椒,2017-02,330900,9.3,1298,4023.8
6482,舟山市,青椒,2017-03,330900,12.4,2625,8137.5
6483,舟山市,青椒,2017-04,330900,18.6,4012,12437.2
6484,舟山市,青椒,2017-05,330900,12.4,1274,3949.4
6485,舟山市,青椒,2017-06,330900,9.3,1536,4761.6
6486,舟山市,青椒,2017-07,330900,9.3,1667,5167.700000000002
6487,舟山市,青椒,2017-08,330900,9.3,1004,3112.4
6488,舟山市,青椒,2017-09,330900,9.3,1662,5152.200000000002
6489,舟山市,青椒,2017-10,330900,9.3,1784,5530.4000000000015
6490,舟山市,青椒,2017-11,330900,9.99,2327,7748.91
6491,舟山市,青椒,2017-12,330900,9.99,878,2923.74
6492,舟山市,青椒,2018-01,330900,9.99,1601,5331.33
6493,舟山市,青椒,2018-02,330900,9.99,1209,4025.97
6494,舟山市,青椒,2018-03,330900,9.99,1431,4765.23
6495,舟山市,青椒,2018-04,330900,9.99,1952,6500.16
6496,舟山市,青椒,2018-05,330900,9.99,2136,7112.88
6497,舟山市,青椒,2018-06,330900,9.99,1384,4608.72
6498,舟山市,青椒,2018-07,330900,9.99,2232,7432.559999999998
6499,舟山市,青椒,2018-08,330900,9.99,751,2500.83
6500,舟山市,青椒,2018-09,330900,9.99,2125,7076.25
6501,舟山市,青椒,2018-10,330900,9.99,1283,4272.39
6502,舟山市,青椒,2018-11,330900,9.99,1492,4968.3600000000015
6503,舟山市,青椒,2018-12,330900,9.99,1910,6360.3
6504,舟山市,青椒,2019-01,330900,9.99,950,3163.5
6505,舟山市,青椒,2019-02,330900,9.99,1384,4608.72
6506,舟山市,青椒,2019-03,330900,6.66,637,2121.21
6507,舟山市,南瓜,2016-12,330900,50.33,1341,33809.789999999986
6508,舟山市,南瓜,2017-01,330900,77.0,1017,26173.25
6509,舟山市,南瓜,2017-02,330900,77.67,625,16239.11
6510,舟山市,南瓜,2017-03,330900,103.34,2719,70171.61
6511,舟山市,南瓜,2017-04,330900,154.02,2476,63558.92
6512,舟山市,南瓜,2017-05,330900,101.34,1063,27003.050000000007
6513,舟山市,南瓜,2017-06,330900,74.67,1884,47088.45
6514,舟山市,南瓜,2017-07,330900,73.0,731,17836.74
6515,舟山市,南瓜,2017-08,330900,72.67,2065,50191.81
6516,舟山市,南瓜,2017-09,330900,75.0,2037,51214.41
6517,舟山市,南瓜,2017-10,330900,75.99,1281,32447.73
6518,舟山市,南瓜,2017-11,330900,74.34,848,20927.42
6519,舟山市,南瓜,2017-12,330900,75.0,1096,27307.93
6520,舟山市,南瓜,2018-01,330900,76.33,1199,30399.57
6521,舟山市,南瓜,2018-02,330900,76.34,1783,45001.98
6522,舟山市,南瓜,2018-03,330900,73.67,695,16924.989999999998
6523,舟山市,南瓜,2018-04,330900,72.33,1309,31598.82
6524,舟山市,南瓜,2018-05,330900,70.66,1979,46645.77
6525,舟山市,南瓜,2018-06,330900,68.99,1231,27787.23
6526,舟山市,南瓜,2018-07,330900,68.0,1352,30514.1
6527,舟山市,南瓜,2018-08,330900,71.0,2060,48803.18
6528,舟山市,南瓜,2018-09,330900,73.66,1619,40024.09
6529,舟山市,南瓜,2018-10,330900,72.99,931,22651.23
6530,舟山市,南瓜,2018-11,330900,73.66,2335,57718.73
6531,舟山市,南瓜,2018-12,330900,75.99,906,22948.98
6532,舟山市,南瓜,2019-01,330900,72.99,1847,44771.51
6533,舟山市,南瓜,2019-02,330900,67.67,1627,36718.85
6534,舟山市,南瓜,2019-03,330900,45.34,1294,29334.98
6535,舟山市,茄子,2016-12,330900,26.66,1001,13343.33
6536,舟山市,茄子,2017-01,330900,41.0,1512,20730.5
6537,舟山市,茄子,2017-02,330900,41.67,1440,20025.69
6538,舟山市,茄子,2017-03,330900,54.68,2282,31194.94
6539,舟山市,茄子,2017-04,330900,82.02,2565,35063.55
6540,舟山市,茄子,2017-05,330900,54.68,1756,24004.52
6541,舟山市,茄子,2017-06,330900,41.01,1313,17948.71
6542,舟山市,茄子,2017-07,330900,40.33,908,12132.2
6543,舟山市,茄子,2017-08,330900,39.99,1224,16315.92
6544,舟山市,茄子,2017-09,330900,40.33,1163,15606.15
6545,舟山市,茄子,2017-10,330900,41.01,1460,19958.2
6546,舟山市,茄子,2017-11,330900,41.67,1756,24270.17
6547,舟山市,茄子,2017-12,330900,42.0,1877,26278.0
6548,舟山市,茄子,2018-01,330900,42.0,1169,16366.0
6549,舟山市,茄子,2018-02,330900,42.67,2167,30936.98
6550,舟山市,茄子,2018-03,330900,41.34,1492,20467.58
6551,舟山市,茄子,2018-04,330900,41.34,2100,28987.17
6552,舟山市,茄子,2018-05,330900,42.0,568,7952.0
6553,舟山市,茄子,2018-06,330900,42.0,1563,21882.0
6554,舟山市,茄子,2018-07,330900,42.01,2365,33053.55
6555,舟山市,茄子,2018-08,330900,41.01,1421,19425.07
6556,舟山市,茄子,2018-09,330900,41.67,1690,23388.74
6557,舟山市,茄子,2018-10,330900,42.0,1152,16128.0
6558,舟山市,茄子,2018-11,330900,41.01,2498,34147.66
6559,舟山市,茄子,2018-12,330900,41.01,2093,28611.31
6560,舟山市,茄子,2019-01,330900,41.01,738,10088.46
6561,舟山市,茄子,2019-02,330900,42.5,1178,16385.6
6562,舟山市,茄子,2019-03,330900,32.0,1289,20624.0
6563,舟山市,娃娃菜,2016-12,330900,10.0,595,2975.0
6564,舟山市,娃娃菜,2017-01,330900,15.0,2306,11530.0
6565,舟山市,娃娃菜,2017-02,330900,15.0,1003,5015.0
6566,舟山市,娃娃菜,2017-03,330900,20.0,1788,8940.0
6567,舟山市,娃娃菜,2017-04,330900,30.0,2315,11575.0
6568,舟山市,娃娃菜,2017-05,330900,20.0,1529,7645.0
6569,舟山市,娃娃菜,2017-06,330900,15.0,1670,8350.0
6570,舟山市,娃娃菜,2017-07,330900,12.66,2038,8348.42
6571,舟山市,娃娃菜,2017-08,330900,11.49,2081,7970.23
6572,舟山市,娃娃菜,2017-09,330900,11.49,1777,6805.91
6573,舟山市,娃娃菜,2017-10,330900,11.49,584,2236.7200000000007
6574,舟山市,娃娃菜,2017-11,330900,11.49,550,2106.5
6575,舟山市,娃娃菜,2017-12,330900,11.49,1902,7284.66
6576,舟山市,娃娃菜,2018-01,330900,11.49,2032,7782.56
6577,舟山市,娃娃菜,2018-02,330900,11.49,2190,8387.7
6578,舟山市,娃娃菜,2018-03,330900,11.49,1256,4810.480000000001
6579,舟山市,娃娃菜,2018-04,330900,11.49,1803,6905.49
6580,舟山市,娃娃菜,2018-05,330900,11.49,932,3569.56
6581,舟山市,娃娃菜,2018-06,330900,11.99,1901,7604.330000000001
6582,舟山市,娃娃菜,2018-07,330900,12.99,2315,10023.95
6583,舟山市,娃娃菜,2018-08,330900,12.99,2495,10803.35
6584,舟山市,娃娃菜,2018-09,330900,12.99,2295,9937.35
6585,舟山市,娃娃菜,2018-10,330900,13.33,1784,7934.16
6586,舟山市,娃娃菜,2018-11,330900,14.01,796,3717.32
6587,舟山市,娃娃菜,2018-12,330900,14.01,1269,5926.23
6588,舟山市,娃娃菜,2019-01,330900,13.27,1458,6288.6399999999985
6589,舟山市,娃娃菜,2019-02,330900,12.9,1982,8522.6
6590,舟山市,娃娃菜,2019-03,330900,8.6,1671,7185.299999999998
6591,衢州市,黄瓜,2016-12,330800,74.66,474,17694.42
6592,衢州市,黄瓜,2017-01,330800,113.33,1666,62281.56
6593,衢州市,黄瓜,2017-02,330800,113.33,2381,90096.11
6594,衢州市,黄瓜,2017-03,330800,146.68,1149,42133.83
6595,衢州市,黄瓜,2017-04,330800,218.66,1958,71455.09999999999
6596,衢州市,黄瓜,2017-05,330800,144.0,1593,57348.0
6597,衢州市,黄瓜,2017-06,330800,107.67,1737,62503.95
6598,衢州市,黄瓜,2017-07,330800,107.01,1642,58570.14
6599,衢州市,黄瓜,2017-08,330800,107.01,1625,57963.75
6600,衢州市,黄瓜,2017-09,330800,108.33,1878,67743.3
6601,衢州市,黄瓜,2017-10,330800,108.99,1688,61325.04
6602,衢州市,黄瓜,2017-11,330800,108.99,1175,42687.75
6603,衢州市,黄瓜,2017-12,330800,108.99,1554,56456.82
6604,衢州市,黄瓜,2018-01,330800,109.67,634,23097.48
6605,衢州市,黄瓜,2018-02,330800,117.67,1216,48509.52
6606,衢州市,黄瓜,2018-03,330800,109.33,730,26663.02
6607,衢州市,黄瓜,2018-04,330800,107.67,874,31177.56
6608,衢州市,黄瓜,2018-05,330800,107.01,616,21972.72
6609,衢州市,黄瓜,2018-06,330800,107.01,1649,58819.83
6610,衢州市,黄瓜,2018-07,330800,105.67,1592,55967.9
6611,衢州市,黄瓜,2018-08,330800,107.01,1696,60496.32000000001
6612,衢州市,黄瓜,2018-09,330800,107.67,2321,83030.97
6613,衢州市,黄瓜,2018-10,330800,113.33,957,36158.3
6614,衢州市,黄瓜,2018-11,330800,114.0,1870,71060.0
6615,衢州市,黄瓜,2018-12,330800,114.0,1263,47994.0
6616,衢州市,黄瓜,2019-01,330800,116.0,1816,70536.0
6617,衢州市,黄瓜,2019-02,330800,122.0,946,37890.0
6618,衢州市,黄瓜,2019-03,330800,75.33,884,33441.25
6619,衢州市,菠菜,2016-12,330800,12.33,836,5257.56
6620,衢州市,菠菜,2017-01,330800,17.17,1616,9091.27
6621,衢州市,菠菜,2017-02,330800,16.0,705,3670.39
6622,衢州市,菠菜,2017-03,330800,23.68,910,5314.2
6623,衢州市,菠菜,2017-04,330800,32.34,2160,12225.52
6624,衢州市,菠菜,2017-05,330800,22.33,2064,11575.33
6625,衢州市,菠菜,2017-06,330800,12.83,1933,8271.970000000001
6626,衢州市,菠菜,2017-07,330800,13.67,1741,7676.59
6627,衢州市,菠菜,2017-08,330800,14.5,2502,12126.54
6628,衢州市,菠菜,2017-09,330800,13.67,1391,6395.84
6629,衢州市,菠菜,2017-10,330800,15.17,1071,5196.91
6630,衢州市,菠菜,2017-11,330800,15.0,1257,6186.57
6631,衢州市,菠菜,2017-12,330800,14.66,565,2738.47
6632,衢州市,菠菜,2018-01,330800,16.17,401,2175.93
6633,衢州市,菠菜,2018-02,330800,21.0,856,6746.0
6634,衢州市,菠菜,2018-03,330800,16.84,480,2695.03
6635,衢州市,菠菜,2018-04,330800,15.0,1323,6356.280000000002
6636,衢州市,菠菜,2018-05,330800,13.17,1449,6388.13
6637,衢州市,菠菜,2018-06,330800,13.84,2185,9696.59
6638,衢州市,菠菜,2018-07,330800,11.0,1561,5503.6399999999985
6639,衢州市,菠菜,2018-08,330800,13.67,1647,7355.530000000002
6640,衢州市,菠菜,2018-09,330800,14.66,415,1899.5
6641,衢州市,菠菜,2018-10,330800,14.66,1175,5782.69
6642,衢州市,菠菜,2018-11,330800,14.83,994,4802.040000000001
6643,衢州市,菠菜,2018-12,330800,16.5,548,2956.03
6644,衢州市,菠菜,2019-01,330800,18.67,1919,11821.11
6645,衢州市,菠菜,2019-02,330800,21.66,1735,12437.71
6646,衢州市,菠菜,2019-03,330800,16.0,413,3357.79
6647,衢州市,韭菜,2016-12,330800,132.0,1228,81048.0
6648,衢州市,韭菜,2017-01,330800,198.0,1334,88044.0
6649,衢州市,韭菜,2017-02,330800,198.0,1381,91146.0
6650,衢州市,韭菜,2017-03,330800,264.0,2578,170148.0
6651,衢州市,韭菜,2017-04,330800,396.0,3927,259182.0
6652,衢州市,韭菜,2017-05,330800,264.0,3963,261558.0
6653,衢州市,韭菜,2017-06,330800,198.0,1083,71478.0
6654,衢州市,韭菜,2017-07,330800,198.0,1380,91080.0
6655,衢州市,韭菜,2017-08,330800,201.33,1060,70539.41
6656,衢州市,韭菜,2017-09,330800,204.0,1935,131580.0
6657,衢州市,韭菜,2017-10,330800,204.0,1190,80920.0
6658,衢州市,韭菜,2017-11,330800,203.33,1405,95334.31
6659,衢州市,韭菜,2017-12,330800,207.0,1223,84387.0
6660,衢州市,韭菜,2018-01,330800,207.0,1034,71346.0
6661,衢州市,韭菜,2018-02,330800,207.0,1310,90390.0
6662,衢州市,韭菜,2018-03,330800,206.33,1186,81193.48
6663,衢州市,韭菜,2018-04,330800,204.99,683,46669.39
6664,衢州市,韭菜,2018-05,330800,204.99,1590,108644.7
6665,衢州市,韭菜,2018-06,330800,204.99,1769,120875.77
6666,衢州市,韭菜,2018-07,330800,207.67,780,54122.84
6667,衢州市,韭菜,2018-08,330800,209.01,2015,140385.05
6668,衢州市,韭菜,2018-09,330800,210.99,1405,98813.65
6669,衢州市,韭菜,2018-10,330800,208.33,1741,121322.01
6670,衢州市,韭菜,2018-11,330800,207.0,1427,98463.0
6671,衢州市,韭菜,2018-12,330800,207.0,2025,139725.0
6672,衢州市,韭菜,2019-01,330800,212.01,2202,155615.34
6673,衢州市,韭菜,2019-02,330800,212.01,1546,109255.82
6674,衢州市,韭菜,2019-03,330800,141.34,1173,82895.91
6675,衢州市,胡萝卜,2016-12,330800,5.66,733,2074.39
6676,衢州市,胡萝卜,2017-01,330800,7.67,1785,4465.56
6677,衢州市,胡萝卜,2017-02,330800,9.01,207,564.6899999999998
6678,衢州市,胡萝卜,2017-03,330800,12.19,2802,8595.400000000001
6679,衢州市,胡萝卜,2017-04,330800,18.0,2431,7470.309999999998
6680,衢州市,胡萝卜,2017-05,330800,11.49,1925,5522.55
6681,衢州市,胡萝卜,2017-06,330800,7.67,1760,4496.3899999999985
6682,衢州市,胡萝卜,2017-07,330800,8.17,578,1544.69
6683,衢州市,胡萝卜,2017-08,330800,7.67,2942,7515.48
6684,衢州市,胡萝卜,2017-09,330800,8.0,979,2625.45
6685,衢州市,胡萝卜,2017-10,330800,7.84,1030,2599.14
6686,衢州市,胡萝卜,2017-11,330800,8.5,936,2707.890000000001
6687,衢州市,胡萝卜,2017-12,330800,8.01,1137,3035.79
6688,衢州市,胡萝卜,2018-01,330800,8.0,1129,2868.0
6689,衢州市,胡萝卜,2018-02,330800,8.33,2374,6690.52
6690,衢州市,胡萝卜,2018-03,330800,8.66,1912,5557.33
6691,衢州市,胡萝卜,2018-04,330800,7.84,2085,5469.88
6692,衢州市,胡萝卜,2018-05,330800,7.84,1757,4625.4
6693,衢州市,胡萝卜,2018-06,330800,7.33,1520,3676.92
6694,衢州市,胡萝卜,2018-07,330800,7.16,2116,5080.9
6695,衢州市,胡萝卜,2018-08,330800,7.5,1692,4230.0
6696,衢州市,胡萝卜,2018-09,330800,7.16,1437,3370.48
6697,衢州市,胡萝卜,2018-10,330800,6.83,1126,2601.9800000000005
6698,衢州市,胡萝卜,2018-11,330800,7.5,873,2106.850000000001
6699,衢州市,胡萝卜,2018-12,330800,8.17,2196,5937.08
6700,衢州市,胡萝卜,2019-01,330800,8.33,506,1424.46
6701,衢州市,胡萝卜,2019-02,330800,9.34,2358,7365.719999999998
6702,衢州市,胡萝卜,2019-03,330800,6.34,196,621.3199999999998
6703,衢州市,西兰花,2016-12,330800,78.66,1123,44167.59
6704,衢州市,西兰花,2017-01,330800,119.33,948,37322.36
6705,衢州市,西兰花,2017-02,330800,119.33,1319,53168.03000000001
6706,衢州市,西兰花,2017-03,330800,157.32,2580,101471.4
6707,衢州市,西兰花,2017-04,330800,233.34,2426,94439.76
6708,衢州市,西兰花,2017-05,330800,153.32,2335,89500.55
6709,衢州市,西兰花,2017-06,330800,114.66,1433,54689.95
6710,衢州市,西兰花,2017-07,330800,114.0,1193,45334.0
6711,衢州市,西兰花,2017-08,330800,114.0,880,33440.0
6712,衢州市,西兰花,2017-09,330800,114.66,1875,71672.73
6713,衢州市,西兰花,2017-10,330800,115.67,1342,51869.64
6714,衢州市,西兰花,2017-11,330800,116.01,776,30007.92
6715,衢州市,西兰花,2017-12,330800,116.01,1164,45011.88000000001
6716,衢州市,西兰花,2018-01,330800,117.33,1357,52893.63
6717,衢州市,西兰花,2018-02,330800,127.33,1325,55311.2
6718,衢州市,西兰花,2018-03,330800,119.34,1747,70394.08
6719,衢州市,西兰花,2018-04,330800,114.67,860,32828.74
6720,衢州市,西兰花,2018-05,330800,114.0,1888,71744.0
6721,衢州市,西兰花,2018-06,330800,114.0,1460,55480.0
6722,衢州市,西兰花,2018-07,330800,114.0,505,19190.0
6723,衢州市,西兰花,2018-08,330800,114.0,1842,69996.0
6724,衢州市,西兰花,2018-09,330800,114.67,2277,87133.02
6725,衢州市,西兰花,2018-10,330800,121.33,1723,69761.23999999999
6726,衢州市,西兰花,2018-11,330800,123.0,2373,97293.0
6727,衢州市,西兰花,2018-12,330800,123.0,956,39196.0
6728,衢州市,西兰花,2019-01,330800,127.33,1652,69914.32
6729,衢州市,西兰花,2019-02,330800,133.67000000000002,2334,103367.06
6730,衢州市,西兰花,2019-03,330800,82.67,1677,69219.3
6731,衢州市,油麦菜,2016-12,330800,15.66,1139,8918.369999999999
6732,衢州市,油麦菜,2017-01,330800,23.83,1410,11321.82
6733,衢州市,油麦菜,2017-02,330800,24.34,1842,14994.91
6734,衢州市,油麦菜,2017-03,330800,32.34,1713,13886.75
6735,衢州市,油麦菜,2017-04,330800,57.0,3670,34865.0
6736,衢州市,油麦菜,2017-05,330800,38.68,1600,15472.0
6737,衢州市,油麦菜,2017-06,330800,29.01,1637,15829.79
6738,衢州市,油麦菜,2017-07,330800,29.01,1205,11652.35
6739,衢州市,油麦菜,2017-08,330800,28.67,1804,17297.629999999994
6740,衢州市,油麦菜,2017-09,330800,28.16,1137,10687.43
6741,衢州市,油麦菜,2017-10,330800,28.33,1628,15319.12
6742,衢州市,油麦菜,2017-11,330800,28.5,1622,15409.0
6743,衢州市,油麦菜,2017-12,330800,26.49,2338,20644.54
6744,衢州市,油麦菜,2018-01,330800,26.33,957,8404.07
6745,衢州市,油麦菜,2018-02,330800,27.33,707,6326.37
6746,衢州市,油麦菜,2018-03,330800,26.01,2143,18579.81
6747,衢州市,油麦菜,2018-04,330800,26.01,2066,17912.22
6748,衢州市,油麦菜,2018-05,330800,26.33,1551,13667.17
6749,衢州市,油麦菜,2018-06,330800,26.49,1801,15902.83
6750,衢州市,油麦菜,2018-07,330800,26.49,876,7735.08
6751,衢州市,油麦菜,2018-08,330800,26.49,1905,16821.15
6752,衢州市,油麦菜,2018-09,330800,27.5,1914,17570.21
6753,衢州市,油麦菜,2018-10,330800,26.83,1715,15233.89
6754,衢州市,油麦菜,2018-11,330800,25.66,879,7487.530000000002
6755,衢州市,油麦菜,2018-12,330800,25.5,1288,10948.0
6756,衢州市,油麦菜,2019-01,330800,26.83,2082,18551.76
6757,衢州市,油麦菜,2019-02,330800,28.5,1168,11132.21
6758,衢州市,油麦菜,2019-03,330800,18.66,770,7184.1
6759,衢州市,蒜黄,2016-12,330800,7.84,1086,4281.12
6760,衢州市,蒜黄,2017-01,330800,8.67,1199,3543.21
6761,衢州市,蒜黄,2017-02,330800,8.33,2130,5777.04
6762,衢州市,蒜黄,2017-03,330800,10.0,2094,5235.0
6763,衢州市,蒜黄,2017-04,330800,16.0,3519,9614.56
6764,衢州市,蒜黄,2017-05,330800,11.49,2511,7214.59
6765,衢州市,蒜黄,2017-06,330800,10.33,1027,3967.81
6766,衢州市,蒜黄,2017-07,330800,12.83,1163,4880.59
6767,衢州市,蒜黄,2017-08,330800,12.33,1973,8150.210000000001
6768,衢州市,蒜黄,2017-09,330800,11.33,2290,8610.86
6769,衢州市,蒜黄,2017-10,330800,16.33,1899,10282.83
6770,衢州市,蒜黄,2017-11,330800,11.67,2095,7856.3899999999985
6771,衢州市,蒜黄,2017-12,330800,10.51,1107,3977.69
6772,衢州市,蒜黄,2018-01,330800,11.66,586,2269.03
6773,衢州市,蒜黄,2018-02,330800,13.33,768,3051.76
6774,衢州市,蒜黄,2018-03,330800,9.67,763,2443.03
6775,衢州市,蒜黄,2018-04,330800,10.0,1043,3272.49
6776,衢州市,蒜黄,2018-05,330800,11.16,1406,5076.76
6777,衢州市,蒜黄,2018-06,330800,14.33,1712,8454.77
6778,衢州市,蒜黄,2018-07,330800,13.01,1139,4883.63
6779,衢州市,蒜黄,2018-08,330800,12.33,1758,7341.21
6780,衢州市,蒜黄,2018-09,330800,16.83,928,5242.719999999998
6781,衢州市,蒜黄,2018-10,330800,14.84,1786,9001.2
6782,衢州市,蒜黄,2018-11,330800,12.33,506,2090.45
6783,衢州市,蒜黄,2018-12,330800,11.33,1190,4535.940000000001
6784,衢州市,蒜黄,2019-01,330800,11.99,1921,7610.43
6785,衢州市,蒜黄,2019-02,330800,14.5,971,4140.6500000000015
6786,衢州市,蒜黄,2019-03,330800,8.0,190,760.0
6787,衢州市,上海青,2016-12,330800,9.66,973,4699.59
6788,衢州市,上海青,2017-01,330800,14.16,1370,6367.29
6789,衢州市,上海青,2017-02,330800,13.67,1734,7847.2
6790,衢州市,上海青,2017-03,330800,18.68,1975,9223.25
6791,衢州市,上海青,2017-04,330800,28.02,2662,12431.54
6792,衢州市,上海青,2017-05,330800,20.0,2022,10110.0
6793,衢州市,上海青,2017-06,330800,16.17,1673,8868.89
6794,衢州市,上海青,2017-07,330800,15.16,1492,7426.59
6795,衢州市,上海青,2017-08,330800,15.16,2062,10411.33
6796,衢州市,上海青,2017-09,330800,19.17,2338,14904.7
6797,衢州市,上海青,2017-10,330800,16.0,1367,6670.89
6798,衢州市,上海青,2017-11,330800,14.01,1376,6425.92
6799,衢州市,上海青,2017-12,330800,14.34,2543,12145.09
6800,衢州市,上海青,2018-01,330800,15.99,1072,5713.76
6801,衢州市,上海青,2018-02,330800,16.17,2169,11697.84
6802,衢州市,上海青,2018-03,330800,14.67,1892,9096.8
6803,衢州市,上海青,2018-04,330800,14.53,663,3265.82
6804,衢州市,上海青,2018-05,330800,15.16,1567,7907.8600000000015
6805,衢州市,上海青,2018-06,330800,15.99,1140,6076.2
6806,衢州市,上海青,2018-07,330800,15.99,1732,9231.56
6807,衢州市,上海青,2018-08,330800,15.66,1350,7122.9
6808,衢州市,上海青,2018-09,330800,15.66,915,4833.72
6809,衢州市,上海青,2018-10,330800,15.99,1845,9833.85
6810,衢州市,上海青,2018-11,330800,16.0,606,3205.37
6811,衢州市,上海青,2018-12,330800,15.67,1731,9042.11
6812,衢州市,上海青,2019-01,330800,15.67,1011,5313.62
6813,衢州市,上海青,2019-02,330800,15.67,2165,11149.28
6814,衢州市,上海青,2019-03,330800,11.34,944,5352.480000000001
6815,衢州市,香菜,2016-12,330800,7.0,560,1960.0
6816,衢州市,香菜,2017-01,330800,13.0,1705,7729.38
6817,衢州市,香菜,2017-02,330800,16.34,1521,8265.289999999999
6818,衢州市,香菜,2017-03,330800,16.490000000000002,2047,8494.55
6819,衢州市,香菜,2017-04,330800,22.0,2853,10439.38
6820,衢州市,香菜,2017-05,330800,13.16,2593,8593.810000000001
6821,衢州市,香菜,2017-06,330800,8.34,2259,6366.18
6822,衢州市,香菜,2017-07,330800,9.34,1835,5713.42
6823,衢州市,香菜,2017-08,330800,10.66,1345,4770.440000000001
6824,衢州市,香菜,2017-09,330800,11.51,1831,7110.27
6825,衢州市,香菜,2017-10,330800,11.5,887,3511.83
6826,衢州市,香菜,2017-11,330800,11.5,822,3139.36
6827,衢州市,香菜,2017-12,330800,11.17,1023,3813.77
6828,衢州市,香菜,2018-01,330800,12.17,1285,5203.24
6829,衢州市,香菜,2018-02,330800,18.66,1323,8132.07
6830,衢州市,香菜,2018-03,330800,12.84,845,3553.6
6831,衢州市,香菜,2018-04,330800,10.84,1670,6038.12
6832,衢州市,香菜,2018-05,330800,8.16,1925,5375.31
6833,衢州市,香菜,2018-06,330800,7.0,1696,4142.16
6834,衢州市,香菜,2018-07,330800,8.66,1162,3616.09
6835,衢州市,香菜,2018-08,330800,10.84,2003,7057.629999999999
6836,衢州市,香菜,2018-09,330800,13.67,2203,10023.49
6837,衢州市,香菜,2018-10,330800,13.67,928,4121.34
6838,衢州市,香菜,2018-11,330800,12.34,1708,7284.309999999998
6839,衢州市,香菜,2018-12,330800,13.33,1492,6528.32
6840,衢州市,香菜,2019-01,330800,15.0,1187,5935.0
6841,衢州市,香菜,2019-02,330800,19.5,962,6510.41
6842,衢州市,香菜,2019-03,330800,11.33,1459,8344.630000000001
6843,衢州市,豆角,2016-12,330800,6.0,723,2169.0
6844,衢州市,豆角,2017-01,330800,8.01,1871,4995.57
6845,衢州市,豆角,2017-02,330800,8.84,994,3119.82
6846,衢州市,豆角,2017-03,330800,10.34,1210,3114.08
6847,衢州市,豆角,2017-04,330800,13.32,4187,9285.79
6848,衢州市,豆角,2017-05,330800,9.0,1826,4194.0
6849,衢州市,豆角,2017-06,330800,8.67,1531,4675.6
6850,衢州市,豆角,2017-07,330800,10.5,1945,6780.469999999998
6851,衢州市,豆角,2017-08,330800,13.17,1837,7999.2
6852,衢州市,豆角,2017-09,330800,15.0,1340,6700.0
6853,衢州市,豆角,2017-10,330800,12.49,1246,5145.18
6854,衢州市,豆角,2017-11,330800,9.66,1594,5149.7
6855,衢州市,豆角,2017-12,330800,8.49,1179,3336.57
6856,衢州市,豆角,2018-01,330800,8.83,713,2051.45
6857,衢州市,豆角,2018-02,330800,11.33,1671,6101.77
6858,衢州市,豆角,2018-03,330800,8.17,1593,4406.09
6859,衢州市,豆角,2018-04,330800,6.83,638,1452.7800000000002
6860,衢州市,豆角,2018-05,330800,7.0,1312,3181.44
6861,衢州市,豆角,2018-06,330800,8.16,2342,6315.35
6862,衢州市,豆角,2018-07,330800,9.17,955,2857.69
6863,衢州市,豆角,2018-08,330800,9.84,1068,3479.61
6864,衢州市,豆角,2018-09,330800,11.0,1429,5466.5
6865,衢州市,豆角,2018-10,330800,10.83,1702,6267.94
6866,衢州市,豆角,2018-11,330800,8.33,2259,6138.98
6867,衢州市,豆角,2018-12,330800,8.66,1399,4109.28
6868,衢州市,豆角,2019-01,330800,9.17,335,1007.55
6869,衢州市,豆角,2019-02,330800,11.16,2089,7899.89
6870,衢州市,豆角,2019-03,330800,7.33,952,3352.46
6871,衢州市,小葱,2017-01,330800,18.95,2321,8791.05
6872,衢州市,小葱,2017-02,330800,13.55,1311,4760.6
6873,衢州市,小葱,2017-03,330800,10.55,1720,4533.7
6874,衢州市,小葱,2017-04,330800,13.0,1829,4755.4000000000015
6875,衢州市,小葱,2017-05,330800,17.95,4715,12060.65
6876,衢州市,小葱,2017-06,330800,10.0,1894,4735.0
6877,衢州市,小葱,2017-07,330800,11.6,1544,4418.6
6878,衢州市,小葱,2017-08,330800,21.8,2634,11684.6
6879,衢州市,小葱,2017-09,330800,18.95,1870,8749.65
6880,衢州市,小葱,2017-10,330800,21.95,3262,14355.45
6881,衢州市,小葱,2017-11,330800,18.75,2046,9600.55
6882,衢州市,小葱,2017-12,330800,19.75,1995,9809.75
6883,衢州市,小葱,2018-01,330800,24.15,2450,11867.3
6884,衢州市,小葱,2018-02,330800,18.3,2294,10471.4
6885,衢州市,小葱,2018-03,330800,15.9,3604,14254.0
6886,衢州市,小葱,2018-04,330800,15.05,1981,7428.75
6887,衢州市,小葱,2018-05,330800,19.65,2323,9178.85
6888,衢州市,小葱,2018-06,330800,15.6,2628,10244.8
6889,衢州市,小葱,2018-07,330800,20.35,3604,14845.249999999998
6890,衢州市,小葱,2018-08,330800,20.75,899,4516.4000000000015
6891,衢州市,小葱,2018-09,330800,20.7,2486,12820.15
6892,衢州市,小葱,2018-10,330800,23.6,2486,11821.7
6893,衢州市,小葱,2018-11,330800,19.2,2650,12705.0
6894,衢州市,小葱,2018-12,330800,18.700000000000006,1492,7002.200000000002
6895,衢州市,小葱,2019-01,330800,22.65,1299,5877.85
6896,衢州市,小葱,2019-02,330800,14.9,1100,4272.1
6897,衢州市,小葱,2019-03,330800,10.6,2293,8083.4
6898,衢州市,西红柿,2016-12,330800,51.34,198,5082.660000000002
6899,衢州市,西红柿,2017-01,330800,79.01,2650,69815.5
6900,衢州市,西红柿,2017-02,330800,81.01,215,5912.05
6901,衢州市,西红柿,2017-03,330800,106.68,2561,68301.87000000001
6902,衢州市,西红柿,2017-04,330800,160.02,3805,101479.35
6903,衢州市,西红柿,2017-05,330800,106.68,2432,64861.44
6904,衢州市,西红柿,2017-06,330800,80.01,1425,38004.75
6905,衢州市,西红柿,2017-07,330800,76.67,1657,42378.39
6906,衢州市,西红柿,2017-08,330800,72.67,1260,30120.74
6907,衢州市,西红柿,2017-09,330800,69.33,1657,38512.61
6908,衢州市,西红柿,2017-10,330800,68.01,1268,28745.56
6909,衢州市,西红柿,2017-11,330800,68.01,1964,44523.88000000001
6910,衢州市,西红柿,2017-12,330800,68.01,1227,27816.090000000004
6911,衢州市,西红柿,2018-01,330800,68.01,1043,23644.81
6912,衢州市,西红柿,2018-02,330800,71.01,1715,40594.05
6913,衢州市,西红柿,2018-03,330800,72.99,1577,38368.41
6914,衢州市,西红柿,2018-04,330800,71.67,2082,49878.24
6915,衢州市,西红柿,2018-05,330800,74.33,886,21595.78
6916,衢州市,西红柿,2018-06,330800,74.99,1287,32510.709999999995
6917,衢州市,西红柿,2018-07,330800,72.99,2194,53380.02
6918,衢州市,西红柿,2018-08,330800,72.0,1301,31224.0
6919,衢州市,西红柿,2018-09,330800,73.0,2175,52877.0
6920,衢州市,西红柿,2018-10,330800,77.0,1723,44407.0
6921,衢州市,西红柿,2018-11,330800,76.0,1980,51005.0
6922,衢州市,西红柿,2018-12,330800,72.0,1690,40560.0
6923,衢州市,西红柿,2019-01,330800,72.0,1123,26952.0
6924,衢州市,西红柿,2019-02,330800,77.33,1171,30094.92
6925,衢州市,西红柿,2019-03,330800,48.66,1560,37954.8
6926,衢州市,茼蒿,2016-12,330800,5.17,749,1975.52
6927,衢州市,茼蒿,2017-01,330800,6.84,1043,2286.41
6928,衢州市,茼蒿,2017-02,330800,7.17,1547,3813.05
6929,衢州市,茼蒿,2017-03,330800,10.18,1579,4000.43
6930,衢州市,茼蒿,2017-04,330800,18.0,2183,6549.0
6931,衢州市,茼蒿,2017-05,330800,13.66,3172,10809.94
6932,衢州市,茼蒿,2017-06,330800,9.51,1571,4980.07
6933,衢州市,茼蒿,2017-07,330800,8.83,735,2152.13
6934,衢州市,茼蒿,2017-08,330800,7.67,1628,4204.3
6935,衢州市,茼蒿,2017-09,330800,7.67,1146,2832.7
6936,衢州市,茼蒿,2017-10,330800,7.17,1719,3985.98
6937,衢州市,茼蒿,2017-11,330800,7.5,1701,4252.5
6938,衢州市,茼蒿,2017-12,330800,7.7,1253,3215.7
6939,衢州市,茼蒿,2018-01,330800,8.530000000000001,974,2822.58
6940,衢州市,茼蒿,2018-02,330800,9.51,1281,4060.77
6941,衢州市,茼蒿,2018-03,330800,8.51,1582,4620.94
6942,衢州市,茼蒿,2018-04,330800,8.34,2084,5679.45
6943,衢州市,茼蒿,2018-05,330800,8.01,1103,2945.01
6944,衢州市,茼蒿,2018-06,330800,8.01,145,387.15
6945,衢州市,茼蒿,2018-07,330800,8.01,1315,3511.05
6946,衢州市,茼蒿,2018-08,330800,8.01,1867,4984.8899999999985
6947,衢州市,茼蒿,2018-09,330800,8.01,1455,3884.85
6948,衢州市,茼蒿,2018-10,330800,7.84,1317,3498.03
6949,衢州市,茼蒿,2018-11,330800,9.0,1570,4757.77
6950,衢州市,茼蒿,2018-12,330800,9.99,1901,6330.33
6951,衢州市,茼蒿,2019-01,330800,9.66,1751,5610.72
6952,衢州市,茼蒿,2019-02,330800,9.0,1639,4917.0
6953,衢州市,茼蒿,2019-03,330800,5.67,575,1616.76
6954,衢州市,香菇,2016-12,330800,16.67,1232,10098.54
6955,衢州市,香菇,2017-01,330800,19.67,1192,7549.53
6956,衢州市,香菇,2017-02,330800,19.66,1231,7882.009999999998
6957,衢州市,香菇,2017-03,330800,25.49,2237,14257.11
6958,衢州市,香菇,2017-04,330800,41.0,3334,23118.62
6959,衢州市,香菇,2017-05,330800,25.17,926,5916.8899999999985
6960,衢州市,香菇,2017-06,330800,18.16,1872,11097.18
6961,衢州市,香菇,2017-07,330800,18.99,1506,9532.98
6962,衢州市,香菇,2017-08,330800,19.0,1873,11780.5
6963,衢州市,香菇,2017-09,330800,22.34,1778,12814.43
6964,衢州市,香菇,2017-10,330800,22.67,1439,10947.71
6965,衢州市,香菇,2017-11,330800,21.67,1354,9860.57
6966,衢州市,香菇,2017-12,330800,21.67,1297,9244.49
6967,衢州市,香菇,2018-01,330800,26.17,1903,16646.510000000002
6968,衢州市,香菇,2018-02,330800,29.34,2072,19707.91
6969,衢州市,香菇,2018-03,330800,21.17,2503,17744.97
6970,衢州市,香菇,2018-04,330800,16.66,1821,10290.17
6971,衢州市,香菇,2018-05,330800,15.66,1007,5342.230000000001
6972,衢州市,香菇,2018-06,330800,16.33,2427,13274.55
6973,衢州市,香菇,2018-07,330800,16.0,1110,6014.26
6974,衢州市,香菇,2018-08,330800,17.84,1986,11848.259999999998
6975,衢州市,香菇,2018-09,330800,20.83,1556,10837.54
6976,衢州市,香菇,2018-10,330800,21.0,575,3822.85
6977,衢州市,香菇,2018-11,330800,19.01,741,4725.469999999998
6978,衢州市,香菇,2018-12,330800,18.51,2036,12562.12
6979,衢州市,香菇,2019-01,330800,21.67,2721,19836.55
6980,衢州市,香菇,2019-02,330800,28.67,1246,13255.6
6981,衢州市,香菇,2019-03,330800,14.34,1200,8604.0
6982,衢州市,木耳,2017-01,330800,60.9,1137,13891.7
6983,衢州市,木耳,2017-02,330800,48.1,2149,25497.7
6984,衢州市,木耳,2017-03,330800,43.0,1631,17641.399999999998
6985,衢州市,木耳,2017-04,330800,52.3,2223,23648.0
6986,衢州市,木耳,2017-05,330800,69.55,3026,30046.6
6987,衢州市,木耳,2017-06,330800,36.6,1444,13158.2
6988,衢州市,木耳,2017-07,330800,36.3,1758,15929.8
6989,衢州市,木耳,2017-08,330800,45.8,2219,20289.5
6990,衢州市,木耳,2017-09,330800,38.1,2108,20091.4
6991,衢州市,木耳,2017-10,330800,46.6,1702,15826.4
6992,衢州市,木耳,2017-11,330800,36.2,2113,19127.3
6993,衢州市,木耳,2017-12,330800,36.9,2293,21298.1
6994,衢州市,木耳,2018-01,330800,49.4,3580,35431.9
6995,衢州市,木耳,2018-02,330800,37.3,1528,14209.6
6996,衢州市,木耳,2018-03,330800,29.58,2461,18178.54
6997,衢州市,木耳,2018-04,330800,28.0,1074,7538.0
6998,衢州市,木耳,2018-05,330800,33.4,3693,24564.6
6999,衢州市,木耳,2018-06,330800,29.6,1929,14389.9
7000,衢州市,木耳,2018-07,330800,40.3,2908,23753.9
7001,衢州市,木耳,2018-08,330800,39.0,2463,24004.6
7002,衢州市,木耳,2018-09,330800,46.2,1037,11412.0
7003,衢州市,木耳,2018-10,330800,64.2,2893,36328.9
7004,衢州市,木耳,2018-11,330800,44.63,3115,35026.87
7005,衢州市,木耳,2018-12,330800,46.77,365,4247.53
7006,衢州市,木耳,2019-01,330800,57.94,3323,39757.6
7007,衢州市,木耳,2019-02,330800,40.74,2803,28370.06
7008,衢州市,木耳,2019-03,330800,34.5,1484,17300.88
7009,衢州市,蒜苔,2016-12,330800,9.34,819,3824.73
7010,衢州市,蒜苔,2017-01,330800,15.33,2033,10485.73
7011,衢州市,蒜苔,2017-02,330800,15.83,718,3992.14
7012,衢州市,蒜苔,2017-03,330800,17.82,2178,9567.24
7013,衢州市,蒜苔,2017-04,330800,25.0,3852,16158.41
7014,衢州市,蒜苔,2017-05,330800,16.33,812,3316.9700000000007
7015,衢州市,蒜苔,2017-06,330800,12.67,975,4129.11
7016,衢州市,蒜苔,2017-07,330800,11.83,1638,6442.8600000000015
7017,衢州市,蒜苔,2017-08,330800,12.5,1545,6362.25
7018,衢州市,蒜苔,2017-09,330800,12.67,1566,6686.38
7019,衢州市,蒜苔,2017-10,330800,12.66,2020,8623.51
7020,衢州市,蒜苔,2017-11,330800,12.49,1530,6371.9
7021,衢州市,蒜苔,2017-12,330800,11.66,1267,4925.54
7022,衢州市,蒜苔,2018-01,330800,12.0,433,1726.73
7023,衢州市,蒜苔,2018-02,330800,12.67,1845,7880.86
7024,衢州市,蒜苔,2018-03,330800,11.17,2387,8983.09
7025,衢州市,蒜苔,2018-04,330800,11.16,1388,5126.95
7026,衢州市,蒜苔,2018-05,330800,10.5,2667,9334.5
7027,衢州市,蒜苔,2018-06,330800,10.34,2071,7189.93
7028,衢州市,蒜苔,2018-07,330800,9.83,1031,3577.05
7029,衢州市,蒜苔,2018-08,330800,10.83,1563,5775.42
7030,衢州市,蒜苔,2018-09,330800,13.84,2083,9628.8
7031,衢州市,蒜苔,2018-10,330800,16.83,2114,11903.19
7032,衢州市,蒜苔,2018-11,330800,15.17,1974,10207.75
7033,衢州市,蒜苔,2018-12,330800,15.33,2175,11204.01
7034,衢州市,蒜苔,2019-01,330800,14.84,1483,7278.66
7035,衢州市,蒜苔,2019-02,330800,16.83,1387,8172.41
7036,衢州市,蒜苔,2019-03,330800,10.0,1738,8690.0
7037,衢州市,芹菜,2016-12,330800,76.66,38,1456.54
7038,衢州市,芹菜,2017-01,330800,114.99,1953,74858.49
7039,衢州市,芹菜,2017-02,330800,120.33,1830,73321.2
7040,衢州市,芹菜,2017-03,330800,160.01,1836,73862.20999999999
7041,衢州市,芹菜,2017-04,330800,229.98,3984,152706.71999999994
7042,衢州市,芹菜,2017-05,330800,153.32,1743,66809.19
7043,衢州市,芹菜,2017-06,330800,114.99,1473,56460.09
7044,衢州市,芹菜,2017-07,330800,114.99,1241,47567.53
7045,衢州市,芹菜,2017-08,330800,114.99,796,30510.68
7046,衢州市,芹菜,2017-09,330800,114.33,931,35453.57
7047,衢州市,芹菜,2017-10,330800,114.99,1390,53278.7
7048,衢州市,芹菜,2017-11,330800,114.33,1489,56535.47
7049,衢州市,芹菜,2017-12,330800,113.01,1198,45128.66
7050,衢州市,芹菜,2018-01,330800,113.67,1402,53443.64000000001
7051,衢州市,芹菜,2018-02,330800,115.63,2024,78053.51999999999
7052,衢州市,芹菜,2018-03,330800,114.99,697,26716.01
7053,衢州市,芹菜,2018-04,330800,114.33,468,17840.1
7054,衢州市,芹菜,2018-05,330800,112.34,1700,63626.28
7055,衢州市,芹菜,2018-06,330800,111.0,2176,80512.0
7056,衢州市,芹菜,2018-07,330800,112.34,1876,70169.77
7057,衢州市,芹菜,2018-08,330800,108.99,2417,87809.61
7058,衢州市,芹菜,2018-09,330800,108.99,1344,48827.52
7059,衢州市,芹菜,2018-10,330800,110.33,1255,45913.07
7060,衢州市,芹菜,2018-11,330800,110.33,1423,52498.91
7061,衢州市,芹菜,2018-12,330800,108.99,1456,52896.48
7062,衢州市,芹菜,2019-01,330800,111.0,749,27713.0
7063,衢州市,芹菜,2019-02,330800,111.0,1629,60273.0
7064,衢州市,芹菜,2019-03,330800,74.0,1457,53909.0
7065,衢州市,红薯,2016-12,330800,10.0,997,4985.0
7066,衢州市,红薯,2017-01,330800,15.0,1417,7085.0
7067,衢州市,红薯,2017-02,330800,14.0,717,3417.38
7068,衢州市,红薯,2017-03,330800,16.54,2292,9464.26
7069,衢州市,红薯,2017-04,330800,25.28,3026,12788.55
7070,衢州市,红薯,2017-05,330800,16.74,2083,8699.25
7071,衢州市,红薯,2017-06,330800,12.33,2527,10381.9
7072,衢州市,红薯,2017-07,330800,12.73,1111,4734.190000000001
7073,衢州市,红薯,2017-08,330800,15.7,689,3257.79
7074,衢州市,红薯,2017-09,330800,17.5,1256,7289.61
7075,衢州市,红薯,2017-10,330800,16.310000000000002,796,4372.32
7076,衢州市,红薯,2017-11,330800,16.37,1413,7692.85
7077,衢州市,红薯,2017-12,330800,17.009999999999998,2781,15768.27
7078,衢州市,红薯,2018-01,330800,17.17,748,4283.88
7079,衢州市,红薯,2018-02,330800,17.490000000000002,1997,11642.51
7080,衢州市,红薯,2018-03,330800,15.94,1494,7802.94
7081,衢州市,红薯,2018-04,330800,13.84,2323,10763.58
7082,衢州市,红薯,2018-05,330800,13.84,1395,6345.84
7083,衢州市,红薯,2018-06,330800,14.67,2295,11213.97
7084,衢州市,红薯,2018-07,330800,15.0,930,4650.0
7085,衢州市,红薯,2018-08,330800,16.66,1418,8069.71
7086,衢州市,红薯,2018-09,330800,18.99,1445,9146.85
7087,衢州市,红薯,2018-10,330800,18.0,1676,10056.0
7088,衢州市,红薯,2018-11,330800,18.0,961,5766.0
7089,衢州市,红薯,2018-12,330800,18.0,2330,13980.0
7090,衢州市,红薯,2019-01,330800,18.0,893,5358.0
7091,衢州市,红薯,2019-02,330800,17.66,1103,6803.87
7092,衢州市,红薯,2019-03,330800,10.33,196,1026.2
7093,衢州市,大蒜,2016-12,330800,11.34,829,4314.93
7094,衢州市,大蒜,2017-01,330800,11.34,1047,4250.469999999998
7095,衢州市,大蒜,2017-02,330800,11.34,1135,4220.56
7096,衢州市,大蒜,2017-03,330800,14.0,1355,4688.95
7097,衢州市,大蒜,2017-04,330800,22.66,3768,14281.04
7098,衢州市,大蒜,2017-05,330800,15.67,2361,9214.32
7099,衢州市,大蒜,2017-06,330800,14.5,1724,8102.5
7100,衢州市,大蒜,2017-07,330800,15.99,2435,12978.55
7101,衢州市,大蒜,2017-08,330800,16.16,1251,6772.98
7102,衢州市,大蒜,2017-09,330800,15.16,614,3047.120000000001
7103,衢州市,大蒜,2017-10,330800,15.0,2107,10535.0
7104,衢州市,大蒜,2017-11,330800,13.5,465,2137.05
7105,衢州市,大蒜,2017-12,330800,11.17,980,3605.72
7106,衢州市,大蒜,2018-01,330800,11.67,877,3314.95
7107,衢州市,大蒜,2018-02,330800,18.49,1094,6398.52
7108,衢州市,大蒜,2018-03,330800,14.33,1847,8518.35
7109,衢州市,大蒜,2018-04,330800,14.17,780,3667.76
7110,衢州市,大蒜,2018-05,330800,14.33,2329,11074.0
7111,衢州市,大蒜,2018-06,330800,15.66,1023,5319.72
7112,衢州市,大蒜,2018-07,330800,15.67,2006,10499.7
7113,衢州市,大蒜,2018-08,330800,17.0,1524,8828.86
7114,衢州市,大蒜,2018-09,330800,18.34,1212,7866.59
7115,衢州市,大蒜,2018-10,330800,18.83,1985,12292.18
7116,衢州市,大蒜,2018-11,330800,12.83,2275,10095.95
7117,衢州市,大蒜,2018-12,330800,10.5,1248,4368.0
7118,衢州市,大蒜,2019-01,330800,12.0,1037,4098.14
7119,衢州市,大蒜,2019-02,330800,14.5,767,3666.37
7120,衢州市,大蒜,2019-03,330800,10.17,1047,5702.89
7121,衢州市,生姜,2016-12,330800,31.34,631,9887.77
7122,衢州市,生姜,2017-01,330800,48.34,1191,19129.65
7123,衢州市,生姜,2017-02,330800,48.67,1728,27697.58
7124,衢州市,生姜,2017-03,330800,60.66,2616,39593.76
7125,衢州市,生姜,2017-04,330800,87.34,4188,62202.88000000001
7126,衢州市,生姜,2017-05,330800,54.01,2306,30932.75
7127,衢州市,生姜,2017-06,330800,38.34,2750,35142.8
7128,衢州市,生姜,2017-07,330800,38.01,1570,19891.9
7129,衢州市,生姜,2017-08,330800,40.34,601,8162.07
7130,衢州市,生姜,2017-09,330800,39.67,900,11754.94
7131,衢州市,生姜,2017-10,330800,39.67,1391,18340.95
7132,衢州市,生姜,2017-11,330800,39.0,1636,21268.0
7133,衢州市,生姜,2017-12,330800,39.67,1986,26431.05
7134,衢州市,生姜,2018-01,330800,41.34,1745,24000.67
7135,衢州市,生姜,2018-02,330800,42.0,861,12054.0
7136,衢州市,生姜,2018-03,330800,39.34,168,2240.28
7137,衢州市,生姜,2018-04,330800,35.67,928,10705.26
7138,衢州市,生姜,2018-05,330800,35.01,1489,17376.63
7139,衢州市,生姜,2018-06,330800,33.0,1037,11407.0
7140,衢州市,生姜,2018-07,330800,35.0,2010,23221.91
7141,衢州市,生姜,2018-08,330800,39.0,942,12295.5
7142,衢州市,生姜,2018-09,330800,45.5,1042,15488.31
7143,衢州市,生姜,2018-10,330800,51.0,914,15679.239999999998
7144,衢州市,生姜,2018-11,330800,47.67,1135,17950.78
7145,衢州市,生姜,2018-12,330800,48.66,1717,27823.78
7146,衢州市,生姜,2019-01,330800,48.99,2104,34358.319999999985
7147,衢州市,生姜,2019-02,330800,49.0,869,14186.59
7148,衢州市,生姜,2019-03,330800,30.66,1242,19039.86
7149,衢州市,白菜,2016-12,330800,38.0,1369,26011.0
7150,衢州市,白菜,2017-01,330800,58.34,1423,27808.17
7151,衢州市,白菜,2017-02,330800,59.67,2571,51105.18
7152,衢州市,白菜,2017-03,330800,75.66,2401,44971.35
7153,衢州市,白菜,2017-04,330800,109.32,2695,49045.92
7154,衢州市,白菜,2017-05,330800,71.34,2900,51738.99000000001
7155,衢州市,白菜,2017-06,330800,52.33,2367,41264.91
7156,衢州市,白菜,2017-07,330800,51.99,1765,30587.45
7157,衢州市,白菜,2017-08,330800,53.66,1582,27903.81
7158,衢州市,白菜,2017-09,330800,55.33,1907,35039.97
7159,衢州市,白菜,2017-10,330800,54.99,2182,39996.06
7160,衢州市,白菜,2017-11,330800,54.99,2099,38474.67
7161,衢州市,白菜,2017-12,330800,55.66,1829,34063.58
7162,衢州市,白菜,2018-01,330800,57.01000000000001,1165,22154.550000000007
7163,衢州市,白菜,2018-02,330800,59.67,1300,25902.98
7164,衢州市,白菜,2018-03,330800,54.67,1564,28454.36
7165,衢州市,白菜,2018-04,330800,51.66,1286,22131.5
7166,衢州市,白菜,2018-05,330800,48.33,1852,29851.78
7167,衢州市,白菜,2018-06,330800,47.67,1930,30613.69
7168,衢州市,白菜,2018-07,330800,50.33,1006,16935.629999999994
7169,衢州市,白菜,2018-08,330800,57.66,1876,35967.73
7170,衢州市,白菜,2018-09,330800,63.66,1252,26371.619999999995
7171,衢州市,白菜,2018-10,330800,68.67,1996,45722.54
7172,衢州市,白菜,2018-11,330800,67.01,772,17565.24
7173,衢州市,白菜,2018-12,330800,63.99,2430,51831.9
7174,衢州市,白菜,2019-01,330800,63.99,861,18365.13
7175,衢州市,白菜,2019-02,330800,67.67,1508,34146.270000000004
7176,衢州市,白菜,2019-03,330800,42.0,539,11306.13
7177,衢州市,青椒,2016-12,330800,7.14,826,2948.82
7178,衢州市,青椒,2017-01,330800,9.64,646,1903.9
7179,衢州市,青椒,2017-02,330800,7.5,1607,4017.5
7180,衢州市,青椒,2017-03,330800,10.0,1715,4287.5
7181,衢州市,青椒,2017-04,330800,18.42,4078,12519.46
7182,衢州市,青椒,2017-05,330800,12.24,1697,5192.82
7183,衢州市,青椒,2017-06,330800,9.18,2055,6288.3
7184,衢州市,青椒,2017-07,330800,9.18,1011,3093.66
7185,衢州市,青椒,2017-08,330800,9.18,1717,5254.02
7186,衢州市,青椒,2017-09,330800,9.18,625,1912.5
7187,衢州市,青椒,2017-10,330800,9.18,1028,3145.68
7188,衢州市,青椒,2017-11,330800,9.18,1170,3580.2000000000007
7189,衢州市,青椒,2017-12,330800,9.18,1012,3096.7200000000007
7190,衢州市,青椒,2018-01,330800,9.18,979,2995.74
7191,衢州市,青椒,2018-02,330800,9.18,1094,3347.64
7192,衢州市,青椒,2018-03,330800,9.18,1469,4495.14
7193,衢州市,青椒,2018-04,330800,9.18,1732,5299.92
7194,衢州市,青椒,2018-05,330800,9.18,2037,6233.22
7195,衢州市,青椒,2018-06,330800,9.18,1313,4017.78
7196,衢州市,青椒,2018-07,330800,9.18,1944,5948.64
7197,衢州市,青椒,2018-08,330800,9.18,1158,3543.48
7198,衢州市,青椒,2018-09,330800,9.18,1816,5556.96
7199,衢州市,青椒,2018-10,330800,9.18,1487,4550.219999999998
7200,衢州市,青椒,2018-11,330800,9.18,961,2940.66
7201,衢州市,青椒,2018-12,330800,9.18,1902,5820.12
7202,衢州市,青椒,2019-01,330800,9.18,1273,3895.38
7203,衢州市,青椒,2019-02,330800,9.18,1474,4510.440000000001
7204,衢州市,青椒,2019-03,330800,6.12,1575,4819.5
7205,衢州市,土豆,2016-12,330800,155.34,622,48310.74000000001
7206,衢州市,土豆,2017-01,330800,233.01,1541,119689.47
7207,衢州市,土豆,2017-02,330800,233.01,1168,90718.56
7208,衢州市,土豆,2017-03,330800,310.68,2309,179340.03
7209,衢州市,土豆,2017-04,330800,466.02,2487,193165.29
7210,衢州市,土豆,2017-05,330800,310.68,2099,163029.33000000002
7211,衢州市,土豆,2017-06,330800,233.01,1239,96233.13
7212,衢州市,土豆,2017-07,330800,233.01,1957,152000.19
7213,衢州市,土豆,2017-08,330800,264.21,1581,146742.27
7214,衢州市,土豆,2017-09,330800,279.81,947,88326.69
7215,衢州市,土豆,2017-10,330800,279.81,787,73403.49
7216,衢州市,土豆,2017-11,330800,279.81,1212,113043.24
7217,衢州市,土豆,2017-12,330800,279.81,2182,203515.14
7218,衢州市,土豆,2018-01,330800,279.81,2083,194281.41
7219,衢州市,土豆,2018-02,330800,280.54,1233,115604.16
7220,衢州市,土豆,2018-03,330800,279.81,1682,156880.13999999998
7221,衢州市,土豆,2018-04,330800,281.13,890,83482.86
7222,衢州市,土豆,2018-05,330800,261.13,559,47517.48
7223,衢州市,土豆,2018-06,330800,258.81,1544,133200.88
7224,衢州市,土豆,2018-07,330800,258.81,1865,160893.55
7225,衢州市,土豆,2018-08,330800,258.81,705,60820.35
7226,衢州市,土豆,2018-09,330800,258.81,2376,204977.52
7227,衢州市,土豆,2018-10,330800,256.14,1943,165988.57
7228,衢州市,土豆,2018-11,330800,256.14,1590,136192.08
7229,衢州市,土豆,2018-12,330800,258.81,2146,185135.42
7230,衢州市,土豆,2019-01,330800,258.81,1815,156580.05
7231,衢州市,土豆,2019-02,330800,258.81,668,57628.36
7232,衢州市,土豆,2019-03,330800,172.54,1265,109131.55
7233,衢州市,南瓜,2016-12,330800,44.66,833,18600.89
7234,衢州市,南瓜,2017-01,330800,70.33,1889,44950.69
7235,衢州市,南瓜,2017-02,330800,71.67,1003,23781.93
7236,衢州市,南瓜,2017-03,330800,95.01,1520,36195.87
7237,衢州市,南瓜,2017-04,330800,138.68,1727,39886.72
7238,衢州市,南瓜,2017-05,330800,88.66,2356,52193.02
7239,衢州市,南瓜,2017-06,330800,63.99,1331,28390.23
7240,衢州市,南瓜,2017-07,330800,64.66,1980,42636.07
7241,衢州市,南瓜,2017-08,330800,64.34,613,13268.3
7242,衢州市,南瓜,2017-09,330800,65.01,1088,23576.960000000006
7243,衢州市,南瓜,2017-10,330800,65.01,2287,49559.29000000001
7244,衢州市,南瓜,2017-11,330800,65.01,1295,28062.65
7245,衢州市,南瓜,2017-12,330800,68.0,1108,25025.48
7246,衢州市,南瓜,2018-01,330800,69.33,2223,51373.53
7247,衢州市,南瓜,2018-02,330800,71.99,695,16785.35
7248,衢州市,南瓜,2018-03,330800,66.33,1149,25585.79
7249,衢州市,南瓜,2018-04,330800,61.99,1373,28016.09
7250,衢州市,南瓜,2018-05,330800,60.0,1301,26020.0
7251,衢州市,南瓜,2018-06,330800,57.66,1596,30750.03
7252,衢州市,南瓜,2018-07,330800,62.0,1470,30663.0
7253,衢州市,南瓜,2018-08,330800,67.67,1486,32990.31
7254,衢州市,南瓜,2018-09,330800,74.67,2154,52983.32000000001
7255,衢州市,南瓜,2018-10,330800,76.34,1631,41793.63000000001
7256,衢州市,南瓜,2018-11,330800,75.34,1141,28966.460000000006
7257,衢州市,南瓜,2018-12,330800,74.67,1139,28299.77
7258,衢州市,南瓜,2019-01,330800,76.33,1749,44425.25
7259,衢州市,南瓜,2019-02,330800,76.67,1346,33831.06
7260,衢州市,南瓜,2019-03,330800,49.0,485,11853.43
7261,衢州市,茄子,2016-12,330800,23.34,170,1983.9
7262,衢州市,茄子,2017-01,330800,33.0,2187,24057.0
7263,衢州市,茄子,2017-02,330800,32.67,1817,19367.39
7264,衢州市,茄子,2017-03,330800,42.0,1088,11424.0
7265,衢州市,茄子,2017-04,330800,63.0,3262,34251.0
7266,衢州市,茄子,2017-05,330800,40.66,1544,15509.17
7267,衢州市,茄子,2017-06,330800,29.49,1397,13732.51
7268,衢州市,茄子,2017-07,330800,30.16,893,9039.49
7269,衢州市,茄子,2017-08,330800,32.5,1350,14749.5
7270,衢州市,茄子,2017-09,330800,35.01,509,5940.03
7271,衢州市,茄子,2017-10,330800,35.01,1429,16676.43
7272,衢州市,茄子,2017-11,330800,35.01,1660,19372.2
7273,衢州市,茄子,2017-12,330800,35.01,732,8542.439999999999
7274,衢州市,茄子,2018-01,330800,35.01,2222,25930.74
7275,衢州市,茄子,2018-02,330800,37.67,1742,21366.54
7276,衢州市,茄子,2018-03,330800,33.66,2102,23684.32
7277,衢州市,茄子,2018-04,330800,31.99,902,10185.660000000002
7278,衢州市,茄子,2018-05,330800,31.67,456,4759.1
7279,衢州市,茄子,2018-06,330800,33.16,2092,22943.74
7280,衢州市,茄子,2018-07,330800,34.01,1647,18673.49
7281,衢州市,茄子,2018-08,330800,35.01,1780,20772.6
7282,衢州市,茄子,2018-09,330800,35.34,637,7482.96
7283,衢州市,茄子,2018-10,330800,36.0,1430,17160.0
7284,衢州市,茄子,2018-11,330800,33.99,1277,14468.41
7285,衢州市,茄子,2018-12,330800,33.99,2057,23305.81
7286,衢州市,茄子,2019-01,330800,33.99,1663,18841.79
7287,衢州市,茄子,2019-02,330800,38.0,1128,14478.08
7288,衢州市,茄子,2019-03,330800,22.0,934,10274.0
7289,衢州市,生菜,2016-12,330800,68.67,775,26609.29
7290,衢州市,生菜,2017-01,330800,107.67,570,20236.17
7291,衢州市,生菜,2017-02,330800,106.33,1104,40532.43
7292,衢州市,生菜,2017-03,330800,133.32999999999998,570,18851.23
7293,衢州市,生菜,2017-04,330800,195.32,2174,70416.74
7294,衢州市,生菜,2017-05,330800,129.32,1876,60651.08
7295,衢州市,生菜,2017-06,330800,95.01,1790,56689.3
7296,衢州市,生菜,2017-07,330800,95.01,1989,62991.63000000001
7297,衢州市,生菜,2017-08,330800,96.33,1754,56438.2
7298,衢州市,生菜,2017-09,330800,96.99,2528,81730.23999999999
7299,衢州市,生菜,2017-10,330800,99.0,1108,36564.0
7300,衢州市,生菜,2017-11,330800,105.0,1397,48895.0
7301,衢州市,生菜,2017-12,330800,105.0,1675,58625.0
7302,衢州市,生菜,2018-01,330800,105.0,1319,46165.0
7303,衢州市,生菜,2018-02,330800,118.99,1101,44349.33
7304,衢州市,生菜,2018-03,330800,104.0,1615,56075.07000000001
7305,衢州市,生菜,2018-04,330800,101.01,2482,83568.94
7306,衢州市,生菜,2018-05,330800,99.0,819,27027.0
7307,衢州市,生菜,2018-06,330800,96.99,2117,68442.60999999999
7308,衢州市,生菜,2018-07,330800,96.99,2147,69412.51
7309,衢州市,生菜,2018-08,330800,96.99,1933,62493.89
7310,衢州市,生菜,2018-09,330800,99.67,1230,40715.96
7311,衢州市,生菜,2018-10,330800,103.66,1840,63281.1
7312,衢州市,生菜,2018-11,330800,103.66,1565,53944.2
7313,衢州市,生菜,2018-12,330800,105.67,1853,65393.01
7314,衢州市,生菜,2019-01,330800,107.67,1730,62037.12
7315,衢州市,生菜,2019-02,330800,114.67,1699,64401.39
7316,衢州市,生菜,2019-03,330800,69.0,1379,47657.27
7317,衢州市,娃娃菜,2016-12,330800,8.66,217,939.61
7318,衢州市,娃娃菜,2017-01,330800,12.99,2209,9564.97
7319,衢州市,娃娃菜,2017-02,330800,12.99,532,2303.56
7320,衢州市,娃娃菜,2017-03,330800,17.32,3535,15306.55
7321,衢州市,娃娃菜,2017-04,330800,25.98,2705,11712.65
7322,衢州市,娃娃菜,2017-05,330800,17.32,1466,6347.78
7323,衢州市,娃娃菜,2017-06,330800,12.99,2493,10794.69
7324,衢州市,娃娃菜,2017-07,330800,12.99,1452,6287.16
7325,衢州市,娃娃菜,2017-08,330800,13.33,1816,8096.01
7326,衢州市,娃娃菜,2017-09,330800,13.5,752,3384.0
7327,衢州市,娃娃菜,2017-10,330800,13.5,1261,5674.5
7328,衢州市,娃娃菜,2017-11,330800,13.5,1199,5395.5
7329,衢州市,娃娃菜,2017-12,330800,14.01,1245,5814.15
7330,衢州市,娃娃菜,2018-01,330800,14.01,1591,7429.969999999998
7331,衢州市,娃娃菜,2018-02,330800,14.01,1701,7943.67
7332,衢州市,娃娃菜,2018-03,330800,14.01,1401,6542.67
7333,衢州市,娃娃菜,2018-04,330800,14.01,2047,9559.49
7334,衢州市,娃娃菜,2018-05,330800,14.67,1102,5419.25
7335,衢州市,娃娃菜,2018-06,330800,15.0,763,3815.0
7336,衢州市,娃娃菜,2018-07,330800,15.0,697,3485.0
7337,衢州市,娃娃菜,2018-08,330800,15.0,628,3140.0
7338,衢州市,娃娃菜,2018-09,330800,15.0,718,3590.0
7339,衢州市,娃娃菜,2018-10,330800,15.0,2205,11025.0
7340,衢州市,娃娃菜,2018-11,330800,15.0,1151,5755.0
7341,衢州市,娃娃菜,2018-12,330800,15.0,1754,8770.0
7342,衢州市,娃娃菜,2019-01,330800,15.0,1687,8435.0
7343,衢州市,娃娃菜,2019-02,330800,15.0,1683,8415.0
7344,衢州市,娃娃菜,2019-03,330800,10.0,1284,6420.0
7345,金华市,黄瓜,2016-12,330700,70.66,788,27840.04
7346,金华市,黄瓜,2017-01,330700,107.33,2604,93212.69
7347,金华市,黄瓜,2017-02,330700,107.67,1051,37754.82
7348,金华市,黄瓜,2017-03,330700,141.32,1615,57057.95
7349,金华市,黄瓜,2017-04,330700,211.98,3475,122771.75
7350,金华市,黄瓜,2017-05,330700,140.66,2367,83119.23
7351,金华市,黄瓜,2017-06,330700,103.66,1328,46083.36
7352,金华市,黄瓜,2017-07,330700,103.33,1027,35271.189999999995
7353,金华市,黄瓜,2017-08,330700,102.99,2069,71028.77
7354,金华市,黄瓜,2017-09,330700,102.99,524,17988.92
7355,金华市,黄瓜,2017-10,330700,102.99,2551,87575.82999999999
7356,金华市,黄瓜,2017-11,330700,102.99,1296,44491.68
7357,金华市,黄瓜,2017-12,330700,101.99,1923,65053.59
7358,金华市,黄瓜,2018-01,330700,102.99,1830,62823.9
7359,金华市,黄瓜,2018-02,330700,108.66,1128,40304.31
7360,金华市,黄瓜,2018-03,330700,105.34,1121,39671.05
7361,金华市,黄瓜,2018-04,330700,102.99,1936,66462.87999999999
7362,金华市,黄瓜,2018-05,330700,102.99,1498,51426.34
7363,金华市,黄瓜,2018-06,330700,102.99,1106,37968.98
7364,金华市,黄瓜,2018-07,330700,102.99,2125,72951.25
7365,金华市,黄瓜,2018-08,330700,108.33,1276,46678.0
7366,金华市,黄瓜,2018-09,330700,108.0,1832,65952.0
7367,金华市,黄瓜,2018-10,330700,109.34,1246,45043.60000000001
7368,金华市,黄瓜,2018-11,330700,110.01,1421,52108.07000000001
7369,金华市,黄瓜,2018-12,330700,110.34,1159,42706.78
7370,金华市,黄瓜,2019-01,330700,113.34,1690,64348.5
7371,金华市,黄瓜,2019-02,330700,116.0,1461,55703.81000000001
7372,金华市,黄瓜,2019-03,330700,75.34,967,36426.89
7373,金华市,菠菜,2016-12,330700,10.5,1267,6641.43
7374,金华市,菠菜,2017-01,330700,18.5,1200,7091.43
7375,金华市,菠菜,2017-02,330700,18.33,1116,6287.38
7376,金华市,菠菜,2017-03,330700,28.34,907,6691.34
7377,金华市,菠菜,2017-04,330700,34.32,3454,19565.78
7378,金华市,菠菜,2017-05,330700,19.16,2824,13834.82
7379,金华市,菠菜,2017-06,330700,12.5,1272,5062.8600000000015
7380,金华市,菠菜,2017-07,330700,14.34,1461,7067.4
7381,金华市,菠菜,2017-08,330700,16.0,995,5446.41
7382,金华市,菠菜,2017-09,330700,13.67,1604,7317.62
7383,金华市,菠菜,2017-10,330700,15.66,1618,8367.2
7384,金华市,菠菜,2017-11,330700,13.0,1532,6521.16
7385,金华市,菠菜,2017-12,330700,14.67,1275,6229.25
7386,金华市,菠菜,2018-01,330700,17.67,2124,12631.04
7387,金华市,菠菜,2018-02,330700,27.0,1196,10539.21
7388,金华市,菠菜,2018-03,330700,21.0,1548,10836.0
7389,金华市,菠菜,2018-04,330700,16.0,2246,12024.2
7390,金华市,菠菜,2018-05,330700,13.17,1487,6633.42
7391,金华市,菠菜,2018-06,330700,15.5,2407,12489.18
7392,金华市,菠菜,2018-07,330700,13.33,1578,6742.6399999999985
7393,金华市,菠菜,2018-08,330700,14.67,1226,6054.1
7394,金华市,菠菜,2018-09,330700,16.17,1488,8075.3
7395,金华市,菠菜,2018-10,330700,16.84,735,3990.48
7396,金华市,菠菜,2018-11,330700,14.5,1148,5602.82
7397,金华市,菠菜,2018-12,330700,16.009999999999998,1945,10360.15
7398,金华市,菠菜,2019-01,330700,20.17,1729,12136.31
7399,金华市,菠菜,2019-02,330700,30.33,1921,19275.05
7400,金华市,菠菜,2019-03,330700,21.0,1173,12236.0
7401,金华市,韭菜,2016-12,330700,136.34,1331,90734.27
7402,金华市,韭菜,2017-01,330700,204.51,2213,150860.21000000002
7403,金华市,韭菜,2017-02,330700,204.51,1212,82622.04000000001
7404,金华市,韭菜,2017-03,330700,272.68,1656,112889.52
7405,金华市,韭菜,2017-04,330700,409.02,3257,222029.69
7406,金华市,韭菜,2017-05,330700,272.68,1777,121138.09
7407,金华市,韭菜,2017-06,330700,204.51,1427,97278.59
7408,金华市,韭菜,2017-07,330700,204.51,983,67011.11
7409,金华市,韭菜,2017-08,330700,204.51,1490,101573.3
7410,金华市,韭菜,2017-09,330700,204.51,460,31358.2
7411,金华市,韭菜,2017-10,330700,204.51,1484,101164.28
7412,金华市,韭菜,2017-11,330700,204.51,1666,113571.22
7413,金华市,韭菜,2017-12,330700,204.51,1852,126250.84
7414,金华市,韭菜,2018-01,330700,206.21,604,41490.88000000001
7415,金华市,韭菜,2018-02,330700,206.61,1598,110054.26
7416,金华市,韭菜,2018-03,330700,206.61,1945,133952.15
7417,金华市,韭菜,2018-04,330700,206.61,1708,117629.96
7418,金华市,韭菜,2018-05,330700,206.61,779,53649.73
7419,金华市,韭菜,2018-06,330700,206.61,896,61707.52
7420,金华市,韭菜,2018-07,330700,206.61,1661,114393.07
7421,金华市,韭菜,2018-08,330700,206.61,1464,100825.68
7422,金华市,韭菜,2018-09,330700,206.61,2258,155508.46000000002
7423,金华市,韭菜,2018-10,330700,207.93,1878,130383.96
7424,金华市,韭菜,2018-11,330700,206.61,1558,107299.46
7425,金华市,韭菜,2018-12,330700,206.61,1049,72244.63
7426,金华市,韭菜,2019-01,330700,206.61,1761,121280.07
7427,金华市,韭菜,2019-02,330700,206.61,1176,80991.12
7428,金华市,韭菜,2019-03,330700,137.74,1106,76170.22
7429,金华市,胡萝卜,2016-12,330700,4.17,1208,2579.71
7430,金华市,胡萝卜,2017-01,330700,7.0,1503,3587.23
7431,金华市,胡萝卜,2017-02,330700,8.67,1089,3165.51
7432,金华市,胡萝卜,2017-03,330700,10.68,2085,5566.95
7433,金华市,胡萝卜,2017-04,330700,17.32,1523,4333.21
7434,金华市,胡萝卜,2017-05,330700,10.68,1412,3770.04
7435,金华市,胡萝卜,2017-06,330700,7.5,2065,5162.5
7436,金华市,胡萝卜,2017-07,330700,6.99,1510,3518.3
7437,金华市,胡萝卜,2017-08,330700,7.33,2257,5547.64
7438,金华市,胡萝卜,2017-09,330700,6.99,1083,2523.39
7439,金华市,胡萝卜,2017-10,330700,6.99,1916,4464.280000000002
7440,金华市,胡萝卜,2017-11,330700,6.99,547,1274.5100000000002
7441,金华市,胡萝卜,2017-12,330700,7.33,2243,5452.63
7442,金华市,胡萝卜,2018-01,330700,6.99,498,1160.34
7443,金华市,胡萝卜,2018-02,330700,8.83,1505,4730.51
7444,金华市,胡萝卜,2018-03,330700,8.5,2058,5834.18
7445,金华市,胡萝卜,2018-04,330700,7.67,1220,3087.06
7446,金华市,胡萝卜,2018-05,330700,7.6,2006,5089.5
7447,金华市,胡萝卜,2018-06,330700,7.67,1713,4413.74
7448,金华市,胡萝卜,2018-07,330700,7.84,836,2181.46
7449,金华市,胡萝卜,2018-08,330700,8.01,1669,4456.23
7450,金华市,胡萝卜,2018-09,330700,7.57,1238,3102.84
7451,金华市,胡萝卜,2018-10,330700,7.57,1449,3664.22
7452,金华市,胡萝卜,2018-11,330700,7.5,1874,4685.0
7453,金华市,胡萝卜,2018-12,330700,8.01,1665,4445.549999999998
7454,金华市,胡萝卜,2019-01,330700,8.01,2069,5524.23
7455,金华市,胡萝卜,2019-02,330700,9.34,1031,3266.57
7456,金华市,胡萝卜,2019-03,330700,6.5,1211,3877.43
7457,金华市,西兰花,2016-12,330700,81.34,598,24320.66
7458,金华市,西兰花,2017-01,330700,126.67,404,17319.4
7459,金华市,西兰花,2017-02,330700,126.01,656,27479.52
7460,金华市,西兰花,2017-03,330700,166.01,2884,119643.63
7461,金华市,西兰花,2017-04,330700,250.02,4061,169221.87
7462,金华市,西兰花,2017-05,330700,166.68,2626,109425.42
7463,金华市,西兰花,2017-06,330700,120.0,2452,98080.0
7464,金华市,西兰花,2017-07,330700,120.0,1309,52360.0
7465,金华市,西兰花,2017-08,330700,120.0,1742,69680.0
7466,金华市,西兰花,2017-09,330700,120.0,1079,43160.0
7467,金华市,西兰花,2017-10,330700,122.01,675,27452.25
7468,金华市,西兰花,2017-11,330700,122.34,1537,62614.4
7469,金华市,西兰花,2017-12,330700,123.0,925,37925.0
7470,金华市,西兰花,2018-01,330700,123.67,1319,54734.93
7471,金华市,西兰花,2018-02,330700,131.0,2284,99119.2
7472,金华市,西兰花,2018-03,330700,125.33,2698,112803.54
7473,金华市,西兰花,2018-04,330700,123.0,1559,63919.0
7474,金华市,西兰花,2018-05,330700,123.0,1372,56252.0
7475,金华市,西兰花,2018-06,330700,123.0,1394,57154.0
7476,金华市,西兰花,2018-07,330700,123.0,1412,57892.0
7477,金华市,西兰花,2018-08,330700,125.0,861,35962.0
7478,金华市,西兰花,2018-09,330700,125.0,1272,53094.0
7479,金华市,西兰花,2018-10,330700,123.67,1969,81155.79000000001
7480,金华市,西兰花,2018-11,330700,123.0,945,38745.0
7481,金华市,西兰花,2018-12,330700,124.34,1022,42472.84
7482,金华市,西兰花,2019-01,330700,131.0,1276,54741.28
7483,金华市,西兰花,2019-02,330700,135.0,1713,76283.0
7484,金华市,西兰花,2019-03,330700,83.34,1258,52420.86
7485,金华市,油麦菜,2016-12,330700,14.0,415,2905.0
7486,金华市,油麦菜,2017-01,330700,21.17,1043,7309.67
7487,金华市,油麦菜,2017-02,330700,21.5,1938,13949.84
7488,金华市,油麦菜,2017-03,330700,28.83,2642,19193.76
7489,金华市,油麦菜,2017-04,330700,45.32,3468,26551.4
7490,金华市,油麦菜,2017-05,330700,33.0,2388,19678.76
7491,金华市,油麦菜,2017-06,330700,25.17,1232,10356.83
7492,金华市,油麦菜,2017-07,330700,25.5,1707,14509.5
7493,金华市,油麦菜,2017-08,330700,25.5,288,2448.0
7494,金华市,油麦菜,2017-09,330700,24.5,1604,13251.0
7495,金华市,油麦菜,2017-10,330700,24.0,661,5288.0
7496,金华市,油麦菜,2017-11,330700,23.34,2207,17237.23
7497,金华市,油麦菜,2017-12,330700,22.49,1483,11139.89
7498,金华市,油麦菜,2018-01,330700,21.99,1810,13267.3
7499,金华市,油麦菜,2018-02,330700,23.33,951,7182.43
7500,金华市,油麦菜,2018-03,330700,23.49,1592,12465.36
7501,金华市,油麦菜,2018-04,330700,23.83,1118,8835.2
7502,金华市,油麦菜,2018-05,330700,23.49,1636,12809.88
7503,金华市,油麦菜,2018-06,330700,23.49,1251,9795.33
7504,金华市,油麦菜,2018-07,330700,23.33,1086,8432.34
7505,金华市,油麦菜,2018-08,330700,22.5,966,7245.0
7506,金华市,油麦菜,2018-09,330700,23.01,1957,15010.19
7507,金华市,油麦菜,2018-10,330700,23.33,2659,20679.01
7508,金华市,油麦菜,2018-11,330700,23.33,1974,15448.74
7509,金华市,油麦菜,2018-12,330700,23.01,1785,13690.95
7510,金华市,油麦菜,2019-01,330700,22.33,1456,10884.81
7511,金华市,油麦菜,2019-02,330700,22.67,1688,12744.15
7512,金华市,油麦菜,2019-03,330700,14.83,1777,13184.53
7513,金华市,蒜黄,2016-12,330700,5.5,799,2315.0
7514,金华市,蒜黄,2017-01,330700,6.5,1858,4133.99
7515,金华市,蒜黄,2017-02,330700,7.67,1612,4183.85
7516,金华市,蒜黄,2017-03,330700,8.33,1965,3987.42
7517,金华市,蒜黄,2017-04,330700,14.32,2518,5987.3
7518,金华市,蒜黄,2017-05,330700,10.84,1539,4230.26
7519,金华市,蒜黄,2017-06,330700,11.17,1567,6066.8899999999985
7520,金华市,蒜黄,2017-07,330700,14.17,819,3837.41
7521,金华市,蒜黄,2017-08,330700,13.33,1972,8921.3
7522,金华市,蒜黄,2017-09,330700,11.17,985,3695.59
7523,金华市,蒜黄,2017-10,330700,12.17,1168,4690.87
7524,金华市,蒜黄,2017-11,330700,11.0,773,2866.41
7525,金华市,蒜黄,2017-12,330700,11.34,405,1610.17
7526,金华市,蒜黄,2018-01,330700,11.83,2000,7961.75
7527,金华市,蒜黄,2018-02,330700,14.34,1254,5928.8
7528,金华市,蒜黄,2018-03,330700,8.84,1448,3919.0
7529,金华市,蒜黄,2018-04,330700,10.17,1616,5354.049999999998
7530,金华市,蒜黄,2018-05,330700,12.17,741,3075.69
7531,金华市,蒜黄,2018-06,330700,14.17,1672,8147.1
7532,金华市,蒜黄,2018-07,330700,13.33,957,4590.04
7533,金华市,蒜黄,2018-08,330700,14.0,1557,7191.73
7534,金华市,蒜黄,2018-09,330700,18.67,1216,7516.43
7535,金华市,蒜黄,2018-10,330700,15.17,1491,7930.69
7536,金华市,蒜黄,2018-11,330700,10.17,1540,5216.42
7537,金华市,蒜黄,2018-12,330700,9.83,1773,5773.35
7538,金华市,蒜黄,2019-01,330700,11.5,1453,5338.5
7539,金华市,蒜黄,2019-02,330700,12.34,2236,8952.25
7540,金华市,蒜黄,2019-03,330700,7.67,1105,4110.13
7541,金华市,上海青,2016-12,330700,10.1,301,1533.61
7542,金华市,上海青,2017-01,330700,16.0,1237,6596.38
7543,金华市,上海青,2017-02,330700,16.0,1433,7574.91
7544,金华市,上海青,2017-03,330700,21.32,1192,6353.3600000000015
7545,金华市,上海青,2017-04,330700,33.34,2452,13540.06
7546,金华市,上海青,2017-05,330700,23.34,2528,14839.32
7547,金华市,上海青,2017-06,330700,18.17,1877,11346.49
7548,金华市,上海青,2017-07,330700,18.84,1999,12572.42
7549,金华市,上海青,2017-08,330700,19.33,1224,7926.76
7550,金华市,上海青,2017-09,330700,18.17,1562,9481.82
7551,金华市,上海青,2017-10,330700,18.34,1488,9110.58
7552,金华市,上海青,2017-11,330700,18.33,1679,10182.490000000002
7553,金华市,上海青,2017-12,330700,17.33,2078,11989.78
7554,金华市,上海青,2018-01,330700,18.34,2130,13000.32
7555,金华市,上海青,2018-02,330700,18.5,989,6087.5
7556,金华市,上海青,2018-03,330700,17.5,1112,6598.0
7557,金华市,上海青,2018-04,330700,17.34,1198,6832.92
7558,金华市,上海青,2018-05,330700,17.17,1811,10519.8
7559,金华市,上海青,2018-06,330700,17.17,1371,7908.29
7560,金华市,上海青,2018-07,330700,16.84,528,2971.15
7561,金华市,上海青,2018-08,330700,17.33,2124,12238.92
7562,金华市,上海青,2018-09,330700,17.33,1396,8177.74
7563,金华市,上海青,2018-10,330700,18.51,1729,10667.93
7564,金华市,上海青,2018-11,330700,18.0,2375,14250.0
7565,金华市,上海青,2018-12,330700,18.83,1770,11085.6
7566,金华市,上海青,2019-01,330700,19.33,1469,9422.53
7567,金华市,上海青,2019-02,330700,19.67,990,6514.22
7568,金华市,上海青,2019-03,330700,12.66,663,4196.79
7569,金华市,香菜,2016-12,330700,6.0,459,1306.45
7570,金华市,香菜,2017-01,330700,14.67,1402,7285.08
7571,金华市,香菜,2017-02,330700,14.84,1322,6636.66
7572,金华市,香菜,2017-03,330700,13.5,2278,7247.309999999998
7573,金华市,香菜,2017-04,330700,19.0,3006,9456.53
7574,金华市,香菜,2017-05,330700,12.0,1176,3468.84
7575,金华市,香菜,2017-06,330700,7.5,929,2322.5
7576,金华市,香菜,2017-07,330700,8.67,1214,3440.1
7577,金华市,香菜,2017-08,330700,10.67,2449,8698.15
7578,金华市,香菜,2017-09,330700,10.5,2157,7719.09
7579,金华市,香菜,2017-10,330700,9.67,2223,7140.190000000001
7580,金华市,香菜,2017-11,330700,9.84,1882,6153.3899999999985
7581,金华市,香菜,2017-12,330700,10.34,1467,4905.25
7582,金华市,香菜,2018-01,330700,10.5,2025,7026.13
7583,金华市,香菜,2018-02,330700,18.34,2096,12951.19
7584,金华市,香菜,2018-03,330700,13.0,1321,5585.33
7585,金华市,香菜,2018-04,330700,11.33,979,3654.53
7586,金华市,香菜,2018-05,330700,8.49,1412,3995.96
7587,金华市,香菜,2018-06,330700,7.17,1139,2640.15
7588,金华市,香菜,2018-07,330700,9.0,918,2485.34
7589,金华市,香菜,2018-08,330700,10.99,1588,5303.04
7590,金华市,香菜,2018-09,330700,13.0,1992,8607.529999999999
7591,金华市,香菜,2018-10,330700,10.5,1263,4214.5
7592,金华市,香菜,2018-11,330700,8.84,830,2491.86
7593,金华市,香菜,2018-12,330700,12.83,1177,5199.41
7594,金华市,香菜,2019-01,330700,14.17,1463,7023.6500000000015
7595,金华市,香菜,2019-02,330700,20.0,1555,10136.07
7596,金华市,香菜,2019-03,330700,10.67,1222,6490.99
7597,金华市,豆角,2016-12,330700,5.0,1389,3481.17
7598,金华市,豆角,2017-01,330700,5.83,1463,2825.53
7599,金华市,豆角,2017-02,330700,6.83,1264,2943.6800000000007
7600,金华市,豆角,2017-03,330700,8.51,2270,4839.2
7601,金华市,豆角,2017-04,330700,11.02,4298,7791.16
7602,金华市,豆角,2017-05,330700,5.99,983,1417.61
7603,金华市,豆角,2017-06,330700,7.5,946,2365.0
7604,金华市,豆角,2017-07,330700,7.83,2356,6062.92
7605,金华市,豆角,2017-08,330700,10.67,1777,6604.21
7606,金华市,豆角,2017-09,330700,11.5,1166,4250.5
7607,金华市,豆角,2017-10,330700,11.17,1428,5247.77
7608,金华市,豆角,2017-11,330700,8.5,2385,6768.32
7609,金华市,豆角,2017-12,330700,6.5,536,1169.38
7610,金华市,豆角,2018-01,330700,8.33,1360,3654.07
7611,金华市,豆角,2018-02,330700,9.84,1352,4302.93
7612,金华市,豆角,2018-03,330700,7.33,2521,6062.9
7613,金华市,豆角,2018-04,330700,6.83,1444,3350.44
7614,金华市,豆角,2018-05,330700,7.5,1035,2497.74
7615,金华市,豆角,2018-06,330700,9.17,952,2878.27
7616,金华市,豆角,2018-07,330700,9.5,1461,4747.25
7617,金华市,豆角,2018-08,330700,10.67,1731,6137.55
7618,金华市,豆角,2018-09,330700,12.67,981,4130.9299999999985
7619,金华市,豆角,2018-10,330700,10.67,1997,7051.67
7620,金华市,豆角,2018-11,330700,8.16,1032,2759.52
7621,金华市,豆角,2018-12,330700,6.17,1608,3257.99
7622,金华市,豆角,2019-01,330700,6.99,1235,2877.55
7623,金华市,豆角,2019-02,330700,8.17,1917,4839.41
7624,金华市,豆角,2019-03,330700,5.83,1651,4800.0
7625,金华市,小葱,2017-01,330700,17.6,1853,6289.0
7626,金华市,小葱,2017-02,330700,11.8,1805,5343.6
7627,金华市,小葱,2017-03,330700,10.7,2714,7317.5
7628,金华市,小葱,2017-04,330700,13.2,2096,5471.0
7629,金华市,小葱,2017-05,330700,17.5,3019,7547.5
7630,金华市,小葱,2017-06,330700,11.8,1498,5013.6
7631,金华市,小葱,2017-07,330700,13.2,1651,5548.6
7632,金华市,小葱,2017-08,330700,22.4,2781,12065.6
7633,金华市,小葱,2017-09,330700,18.3,1789,8267.9
7634,金华市,小葱,2017-10,330700,21.6,2414,10396.2
7635,金华市,小葱,2017-11,330700,18.2,2913,13286.0
7636,金华市,小葱,2017-12,330700,19.0,2195,10379.0
7637,金华市,小葱,2018-01,330700,23.2,3403,15724.499999999998
7638,金华市,小葱,2018-02,330700,17.2,2037,8599.199999999999
7639,金华市,小葱,2018-03,330700,15.2,1868,7050.5
7640,金华市,小葱,2018-04,330700,15.1,1137,4270.1
7641,金华市,小葱,2018-05,330700,18.7,2485,9406.5
7642,金华市,小葱,2018-06,330700,15.1,1645,6163.3
7643,金华市,小葱,2018-07,330700,19.6,1170,4691.8
7644,金华市,小葱,2018-08,330700,19.7,2358,11637.6
7645,金华市,小葱,2018-09,330700,19.0,1716,8080.5999999999985
7646,金华市,小葱,2018-10,330700,22.3,2961,13215.0
7647,金华市,小葱,2018-11,330700,17.8,1329,5890.6
7648,金华市,小葱,2018-12,330700,17.4,2238,9772.2
7649,金华市,小葱,2019-01,330700,21.7,3337,14315.3
7650,金华市,小葱,2019-02,330700,14.5,2105,7649.5
7651,金华市,小葱,2019-03,330700,10.8,1698,6048.3
7652,金华市,茼蒿,2016-12,330700,5.17,1286,3310.54
7653,金华市,茼蒿,2017-01,330700,7.23,1083,2622.25
7654,金华市,茼蒿,2017-02,330700,7.43,1613,3986.79
7655,金华市,茼蒿,2017-03,330700,10.0,2380,5950.0
7656,金华市,茼蒿,2017-04,330700,17.4,2606,7617.97
7657,金华市,茼蒿,2017-05,330700,12.87,2884,9095.26
7658,金华市,茼蒿,2017-06,330700,10.67,2194,7821.799999999998
7659,金华市,茼蒿,2017-07,330700,9.53,2547,8102.6100000000015
7660,金华市,茼蒿,2017-08,330700,8.33,1866,5253.9000000000015
7661,金华市,茼蒿,2017-09,330700,8.17,1104,3055.84
7662,金华市,茼蒿,2017-10,330700,7.37,1212,3002.96
7663,金华市,茼蒿,2017-11,330700,7.33,885,2182.92
7664,金华市,茼蒿,2017-12,330700,8.23,1985,5634.06
7665,金华市,茼蒿,2018-01,330700,9.17,2593,7958.01
7666,金华市,茼蒿,2018-02,330700,9.67,1486,4801.63
7667,金华市,茼蒿,2018-03,330700,10.17,644,2189.98
7668,金华市,茼蒿,2018-04,330700,10.4,1849,6419.78
7669,金华市,茼蒿,2018-05,330700,9.51,2270,7195.9
7670,金华市,茼蒿,2018-06,330700,9.0,1257,3864.5
7671,金华市,茼蒿,2018-07,330700,8.67,1544,4637.96
7672,金华市,茼蒿,2018-08,330700,8.690000000000001,1957,5636.910000000002
7673,金华市,茼蒿,2018-09,330700,9.93,2515,8310.01
7674,金华市,茼蒿,2018-10,330700,10.57,995,3505.67
7675,金华市,茼蒿,2018-11,330700,10.94,2043,7450.84
7676,金华市,茼蒿,2018-12,330700,10.84,914,3343.67
7677,金华市,茼蒿,2019-01,330700,10.33,1633,5634.92
7678,金华市,茼蒿,2019-02,330700,10.4,967,3358.8
7679,金华市,茼蒿,2019-03,330700,6.86,699,2397.57
7680,金华市,香菇,2016-12,330700,10.67,1805,9615.98
7681,金华市,香菇,2017-01,330700,16.66,2056,11668.11
7682,金华市,香菇,2017-02,330700,18.33,1161,7125.05
7683,金华市,香菇,2017-03,330700,21.99,2658,14518.75
7684,金华市,香菇,2017-04,330700,33.0,2558,14080.05
7685,金华市,香菇,2017-05,330700,21.83,1821,9932.97
7686,金华市,香菇,2017-06,330700,13.0,1353,5786.5
7687,金华市,香菇,2017-07,330700,16.17,1168,6303.22
7688,金华市,香菇,2017-08,330700,17.67,1306,7694.76
7689,金华市,香菇,2017-09,330700,16.990000000000002,1952,10963.16
7690,金华市,香菇,2017-10,330700,18.34,700,4276.33
7691,金华市,香菇,2017-11,330700,18.51,1719,10606.23
7692,金华市,香菇,2017-12,330700,20.66,988,6770.21
7693,金华市,香菇,2018-01,330700,23.67,1647,13183.86
7694,金华市,香菇,2018-02,330700,28.0,823,7607.32
7695,金华市,香菇,2018-03,330700,20.51,591,4048.47
7696,金华市,香菇,2018-04,330700,19.67,1696,11070.92
7697,金华市,香菇,2018-05,330700,17.34,2227,12803.11
7698,金华市,香菇,2018-06,330700,16.33,1221,7021.68
7699,金华市,香菇,2018-07,330700,14.5,1473,7136.0
7700,金华市,香菇,2018-08,330700,16.67,1521,8443.45
7701,金华市,香菇,2018-09,330700,20.66,1545,10900.36
7702,金华市,香菇,2018-10,330700,21.17,1753,12230.66
7703,金华市,香菇,2018-11,330700,20.67,1352,9153.88
7704,金华市,香菇,2018-12,330700,15.83,2203,11900.87
7705,金华市,香菇,2019-01,330700,17.5,965,5636.38
7706,金华市,香菇,2019-02,330700,22.0,1224,7926.219999999998
7707,金华市,香菇,2019-03,330700,13.67,1691,11526.47
7708,金华市,木耳,2017-01,330700,62.2,2816,35039.8
7709,金华市,木耳,2017-02,330700,47.9,2342,28148.9
7710,金华市,木耳,2017-03,330700,44.6,2177,24014.7
7711,金华市,木耳,2017-04,330700,54.3,3180,34520.9
7712,金华市,木耳,2017-05,330700,69.9,3062,30378.6
7713,金华市,木耳,2017-06,330700,37.0,1088,10073.2
7714,金华市,木耳,2017-07,330700,36.8,956,8820.0
7715,金华市,木耳,2017-08,330700,47.7,2980,28410.6
7716,金华市,木耳,2017-09,330700,38.6,2267,21861.4
7717,金华市,木耳,2017-10,330700,48.1,2699,25867.4
7718,金华市,木耳,2017-11,330700,38.5,1717,16589.0
7719,金华市,木耳,2017-12,330700,39.6,1479,14653.6
7720,金华市,木耳,2018-01,330700,51.2,1620,16610.2
7721,金华市,木耳,2018-02,330700,40.4,1991,20125.6
7722,金华市,木耳,2018-03,330700,35.4,2289,20826.7
7723,金华市,木耳,2018-04,330700,30.4,2265,16942.4
7724,金华市,木耳,2018-05,330700,35.7,2437,17502.6
7725,金华市,木耳,2018-06,330700,30.5,1255,9591.8
7726,金华市,木耳,2018-07,330700,41.3,2107,17789.3
7727,金华市,木耳,2018-08,330700,36.3,2398,21701.6
7728,金华市,木耳,2018-09,330700,43.8,1079,11503.1
7729,金华市,木耳,2018-10,330700,56.1,1748,19138.9
7730,金华市,木耳,2018-11,330700,41.7,1606,16721.8
7731,金华市,木耳,2018-12,330700,41.8,1146,11888.5
7732,金华市,木耳,2019-01,330700,55.3,3125,34626.8
7733,金华市,木耳,2019-02,330700,42.3,2113,22539.3
7734,金华市,木耳,2019-03,330700,30.6,1788,18049.6
7735,金华市,蒜苔,2016-12,330700,8.33,1024,4206.22
7736,金华市,蒜苔,2017-01,330700,14.0,1397,6423.0
7737,金华市,蒜苔,2017-02,330700,14.17,2002,9471.42
7738,金华市,蒜苔,2017-03,330700,16.0,2000,7907.269999999998
7739,金华市,蒜苔,2017-04,330700,22.66,3229,12106.59
7740,金华市,蒜苔,2017-05,330700,14.84,1888,6938.24
7741,金华市,蒜苔,2017-06,330700,10.33,1048,3635.19
7742,金华市,蒜苔,2017-07,330700,11.33,1427,5383.17
7743,金华市,蒜苔,2017-08,330700,11.5,1765,6647.9
7744,金华市,蒜苔,2017-09,330700,12.0,1484,5990.06
7745,金华市,蒜苔,2017-10,330700,11.83,1627,6441.3600000000015
7746,金华市,蒜苔,2017-11,330700,11.49,1077,4124.91
7747,金华市,蒜苔,2017-12,330700,11.01,1789,6565.63
7748,金华市,蒜苔,2018-01,330700,10.67,1052,3761.9
7749,金华市,蒜苔,2018-02,330700,13.17,1052,4445.8
7750,金华市,蒜苔,2018-03,330700,12.0,1276,4976.5
7751,金华市,蒜苔,2018-04,330700,10.16,2004,6808.81
7752,金华市,蒜苔,2018-05,330700,11.0,1167,4309.54
7753,金华市,蒜苔,2018-06,330700,9.5,990,3157.57
7754,金华市,蒜苔,2018-07,330700,10.0,1070,3591.77
7755,金华市,蒜苔,2018-08,330700,10.17,1597,5251.37
7756,金华市,蒜苔,2018-09,330700,14.33,1426,6454.59
7757,金华市,蒜苔,2018-10,330700,17.83,979,5852.75
7758,金华市,蒜苔,2018-11,330700,15.5,1360,7222.3899999999985
7759,金华市,蒜苔,2018-12,330700,15.33,1769,8747.17
7760,金华市,蒜苔,2019-01,330700,14.67,1415,6842.6500000000015
7761,金华市,蒜苔,2019-02,330700,16.009999999999998,736,3864.12
7762,金华市,蒜苔,2019-03,330700,9.5,940,4512.200000000002
7763,金华市,芹菜,2016-12,330700,89.34,1792,80048.64000000001
7764,金华市,芹菜,2017-01,330700,134.01,318,14205.06
7765,金华市,芹菜,2017-02,330700,134.01,371,16572.57
7766,金华市,芹菜,2017-03,330700,178.68,2646,118196.82
7767,金华市,芹菜,2017-04,330700,268.02,2430,108548.1
7768,金华市,芹菜,2017-05,330700,178.68,1870,83532.90000000001
7769,金华市,芹菜,2017-06,330700,134.01,1216,54318.72
7770,金华市,芹菜,2017-07,330700,131.34,2039,88764.57
7771,金华市,芹菜,2017-08,330700,126.0,1664,69888.0
7772,金华市,芹菜,2017-09,330700,125.0,817,34284.0
7773,金华市,芹菜,2017-10,330700,123.0,998,40918.0
7774,金华市,芹菜,2017-11,330700,122.0,1608,65087.0
7775,金华市,芹菜,2017-12,330700,120.0,2489,99560.0
7776,金华市,芹菜,2018-01,330700,121.67,1444,58731.94
7777,金华市,芹菜,2018-02,330700,120.51,1525,61259.25
7778,金华市,芹菜,2018-03,330700,120.51,1508,60576.36
7779,金华市,芹菜,2018-04,330700,120.51,1524,61219.08
7780,金华市,芹菜,2018-05,330700,120.51,1726,69333.42
7781,金华市,芹菜,2018-06,330700,120.51,2278,91507.26
7782,金华市,芹菜,2018-07,330700,120.51,1369,54992.73
7783,金华市,芹菜,2018-08,330700,120.51,1493,59973.81
7784,金华市,芹菜,2018-09,330700,120.51,1309,52582.53
7785,金华市,芹菜,2018-10,330700,126.34,1089,45920.58
7786,金华市,芹菜,2018-11,330700,126.0,1622,68124.0
7787,金华市,芹菜,2018-12,330700,126.0,2710,113820.0
7788,金华市,芹菜,2019-01,330700,126.0,2036,85512.0
7789,金华市,芹菜,2019-02,330700,126.0,727,30534.0
7790,金华市,芹菜,2019-03,330700,84.0,612,25704.0
7791,金华市,红薯,2016-12,330700,9.7,1189,5782.31
7792,金华市,红薯,2017-01,330700,14.49,1662,8027.460000000001
7793,金华市,红薯,2017-02,330700,14.27,2282,10850.84
7794,金华市,红薯,2017-03,330700,17.67,2068,9265.41
7795,金华市,红薯,2017-04,330700,24.4,2542,10290.1
7796,金华市,红薯,2017-05,330700,15.11,1401,5264.730000000001
7797,金华市,红薯,2017-06,330700,11.27,1291,4837.55
7798,金华市,红薯,2017-07,330700,12.54,1634,6916.91
7799,金华市,红薯,2017-08,330700,14.26,1533,6809.79
7800,金华市,红薯,2017-09,330700,16.36,1096,5892.24
7801,金华市,红薯,2017-10,330700,15.77,1944,10130.82
7802,金华市,红薯,2017-11,330700,14.83,1342,6552.92
7803,金华市,红薯,2017-12,330700,15.07,762,3809.09
7804,金华市,红薯,2018-01,330700,15.2,1662,8451.7
7805,金华市,红薯,2018-02,330700,17.0,968,5448.469999999998
7806,金华市,红薯,2018-03,330700,16.2,2606,14000.4
7807,金华市,红薯,2018-04,330700,15.17,1324,6686.98
7808,金华市,红薯,2018-05,330700,14.31,1490,7107.299999999998
7809,金华市,红薯,2018-06,330700,14.8,2357,11643.57
7810,金华市,红薯,2018-07,330700,14.54,615,3001.58
7811,金华市,红薯,2018-08,330700,15.87,1771,9527.81
7812,金华市,红薯,2018-09,330700,17.4,1628,9487.74
7813,金华市,红薯,2018-10,330700,16.97,2213,12525.66
7814,金华市,红薯,2018-11,330700,16.259999999999998,1415,7607.83
7815,金华市,红薯,2018-12,330700,15.93,782,4163.8
7816,金华市,红薯,2019-01,330700,15.87,1922,10159.48
7817,金华市,红薯,2019-02,330700,15.93,2433,12942.99
7818,金华市,红薯,2019-03,330700,9.83,1014,4969.3600000000015
7819,金华市,大蒜,2016-12,330700,8.67,1462,6655.6399999999985
7820,金华市,大蒜,2017-01,330700,8.17,1313,3738.38
7821,金华市,大蒜,2017-02,330700,8.67,1906,5470.88
7822,金华市,大蒜,2017-03,330700,10.84,2615,7101.8899999999985
7823,金华市,大蒜,2017-04,330700,17.98,2953,8928.99
7824,金华市,大蒜,2017-05,330700,13.16,2513,8354.53
7825,金华市,大蒜,2017-06,330700,13.16,1792,7346.6399999999985
7826,金华市,大蒜,2017-07,330700,14.5,1225,5834.4
7827,金华市,大蒜,2017-08,330700,13.17,1560,6981.06
7828,金华市,大蒜,2017-09,330700,12.67,2036,8400.89
7829,金华市,大蒜,2017-10,330700,13.33,2564,11381.6
7830,金华市,大蒜,2017-11,330700,10.66,1286,4866.62
7831,金华市,大蒜,2017-12,330700,10.0,1037,3471.42
7832,金华市,大蒜,2018-01,330700,9.67,1094,3555.58
7833,金华市,大蒜,2018-02,330700,16.67,710,4451.52
7834,金华市,大蒜,2018-03,330700,13.83,569,2484.32
7835,金华市,大蒜,2018-04,330700,13.33,716,3184.600000000001
7836,金华市,大蒜,2018-05,330700,11.17,1444,5844.07
7837,金华市,大蒜,2018-06,330700,14.84,1185,5825.68
7838,金华市,大蒜,2018-07,330700,16.0,2192,11954.0
7839,金华市,大蒜,2018-08,330700,16.67,1634,9315.22
7840,金华市,大蒜,2018-09,330700,17.17,1006,5690.299999999998
7841,金华市,大蒜,2018-10,330700,19.83,1252,8126.69
7842,金华市,大蒜,2018-11,330700,9.17,1996,6273.26
7843,金华市,大蒜,2018-12,330700,8.0,865,2398.640000000001
7844,金华市,大蒜,2019-01,330700,10.5,918,3160.53
7845,金华市,大蒜,2019-02,330700,12.83,1499,6418.61
7846,金华市,大蒜,2019-03,330700,9.33,596,2782.35
7847,金华市,生姜,2016-12,330700,28.66,120,1719.6
7848,金华市,生姜,2017-01,330700,44.83,576,8559.18
7849,金华市,生姜,2017-02,330700,44.83,690,10251.4
7850,金华市,生姜,2017-03,330700,57.83,2179,31556.23
7851,金华市,生姜,2017-04,330700,85.34,3149,44824.85
7852,金华市,生姜,2017-05,330700,55.17,2243,30877.16
7853,金华市,生姜,2017-06,330700,39.16,2359,30776.42
7854,金华市,生姜,2017-07,330700,38.33,1561,19881.71
7855,金华市,生姜,2017-08,330700,38.49,915,11739.45
7856,金华市,生姜,2017-09,330700,37.83,2283,28797.870000000006
7857,金华市,生姜,2017-10,330700,37.83,1134,14387.52
7858,金华市,生姜,2017-11,330700,37.5,1051,13137.5
7859,金华市,生姜,2017-12,330700,38.17,2109,26857.51
7860,金华市,生姜,2018-01,330700,38.49,938,12034.54
7861,金华市,生姜,2018-02,330700,39.0,2017,26075.47
7862,金华市,生姜,2018-03,330700,37.5,1725,21707.5
7863,金华市,生姜,2018-04,330700,31.33,1734,18061.65
7864,金华市,生姜,2018-05,330700,30.0,1599,15990.0
7865,金华市,生姜,2018-06,330700,31.0,1388,14415.3
7866,金华市,生姜,2018-07,330700,32.33,2096,22650.1
7867,金华市,生姜,2018-08,330700,34.17,1248,14078.1
7868,金华市,生姜,2018-09,330700,39.83,1113,14275.3
7869,金华市,生姜,2018-10,330700,44.33,1570,23272.38
7870,金华市,生姜,2018-11,330700,42.5,1097,15400.0
7871,金华市,生姜,2018-12,330700,43.16,896,12950.86
7872,金华市,生姜,2019-01,330700,41.84,1441,20275.32
7873,金华市,生姜,2019-02,330700,42.84,1451,20526.8
7874,金华市,生姜,2019-03,330700,27.67,1123,15418.73
7875,金华市,白菜,2016-12,330700,31.5,720,11341.12
7876,金华市,白菜,2017-01,330700,48.66,1745,28163.29
7877,金华市,白菜,2017-02,330700,48.83,620,10114.73
7878,金华市,白菜,2017-03,330700,63.32,1022,16178.26
7879,金华市,白菜,2017-04,330700,94.34,1706,26824.54
7880,金华市,白菜,2017-05,330700,62.0,1907,29700.45
7881,金华市,白菜,2017-06,330700,45.17,721,10895.24
7882,金华市,白菜,2017-07,330700,44.5,2292,34044.53
7883,金华市,白菜,2017-08,330700,44.49,1313,19471.79
7884,金华市,白菜,2017-09,330700,45.0,1636,24540.0
7885,金华市,白菜,2017-10,330700,45.33,1453,22038.54
7886,金华市,白菜,2017-11,330700,45.0,1219,18285.0
7887,金华市,白菜,2017-12,330700,44.99,2467,37010.11
7888,金华市,白菜,2018-01,330700,44.33,1053,15612.79
7889,金华市,白菜,2018-02,330700,46.0,902,13796.57
7890,金华市,白菜,2018-03,330700,42.5,1836,26077.17
7891,金华市,白菜,2018-04,330700,38.67,1878,24117.33
7892,金华市,白菜,2018-05,330700,38.16,1735,22162.37
7893,金华市,白菜,2018-06,330700,38.33,1356,17394.56
7894,金华市,白菜,2018-07,330700,39.83,1660,22239.14
7895,金华市,白菜,2018-08,330700,41.01,1554,21243.18
7896,金华市,白菜,2018-09,330700,45.33,1066,16564.55
7897,金华市,白菜,2018-10,330700,50.17,1929,32306.03
7898,金华市,白菜,2018-11,330700,49.16,2157,35295.55
7899,金华市,白菜,2018-12,330700,48.99,1452,23711.16
7900,金华市,白菜,2019-01,330700,48.5,1149,18431.37
7901,金华市,白菜,2019-02,330700,48.16,1045,16524.86
7902,金华市,白菜,2019-03,330700,31.66,1620,25644.6
7903,金华市,青椒,2016-12,330700,5.8,1260,3654.0
7904,金华市,青椒,2017-01,330700,8.7,496,1438.4
7905,金华市,青椒,2017-02,330700,8.7,2079,6029.1
7906,金华市,青椒,2017-03,330700,15.6,2289,8927.099999999999
7907,金华市,青椒,2017-04,330700,23.4,3656,14258.4
7908,金华市,青椒,2017-05,330700,15.6,2022,7885.799999999998
7909,金华市,青椒,2017-06,330700,11.7,1464,5709.5999999999985
7910,金华市,青椒,2017-07,330700,11.7,869,3389.1
7911,金华市,青椒,2017-08,330700,11.7,1203,4691.7
7912,金华市,青椒,2017-09,330700,11.7,1602,6247.799999999998
7913,金华市,青椒,2017-10,330700,11.7,1379,5378.0999999999985
7914,金华市,青椒,2017-11,330700,11.7,2703,10541.7
7915,金华市,青椒,2017-12,330700,11.7,834,3252.6
7916,金华市,青椒,2018-01,330700,11.7,1037,4044.3
7917,金华市,青椒,2018-02,330700,11.7,741,2889.9
7918,金华市,青椒,2018-03,330700,11.7,2241,8739.9
7919,金华市,青椒,2018-04,330700,11.7,1466,5717.4
7920,金华市,青椒,2018-05,330700,11.63,1127,4368.98
7921,金华市,青椒,2018-06,330700,11.1,1089,4029.3
7922,金华市,青椒,2018-07,330700,11.1,1539,5694.3
7923,金华市,青椒,2018-08,330700,11.1,1906,7052.200000000002
7924,金华市,青椒,2018-09,330700,11.1,2276,8421.2
7925,金华市,青椒,2018-10,330700,11.1,1813,6708.1
7926,金华市,青椒,2018-11,330700,11.1,1227,4539.9000000000015
7927,金华市,青椒,2018-12,330700,11.1,994,3677.8
7928,金华市,青椒,2019-01,330700,11.1,2108,7799.6
7929,金华市,青椒,2019-02,330700,11.1,1588,5875.6
7930,金华市,青椒,2019-03,330700,7.4,1473,5450.1
7931,金华市,南瓜,2016-12,330700,39.67,1477,29355.2
7932,金华市,南瓜,2017-01,330700,60.49,897,18158.01
7933,金华市,南瓜,2017-02,330700,63.0,949,19608.07
7934,金华市,南瓜,2017-03,330700,81.32,1759,35760.47
7935,金华市,南瓜,2017-04,330700,122.0,3638,74494.95000000001
7936,金华市,南瓜,2017-05,330700,82.0,2899,59523.17000000001
7937,金华市,南瓜,2017-06,330700,60.33,1778,35741.83
7938,金华市,南瓜,2017-07,330700,61.34,690,14212.72
7939,金华市,南瓜,2017-08,330700,62.01000000000001,1786,36916.62
7940,金华市,南瓜,2017-09,330700,61.33,1666,34185.64
7941,金华市,南瓜,2017-10,330700,60.99,1456,29600.48
7942,金华市,南瓜,2017-11,330700,59.99,1761,34828.130000000005
7943,金华市,南瓜,2017-12,330700,56.83,1057,20217.37
7944,金华市,南瓜,2018-01,330700,54.99,1626,29804.58
7945,金华市,南瓜,2018-02,330700,58.33,969,19076.07
7946,金华市,南瓜,2018-03,330700,58.0,2092,40307.22
7947,金华市,南瓜,2018-04,330700,54.83,1278,23393.1
7948,金华市,南瓜,2018-05,330700,53.33,1758,31266.36
7949,金华市,南瓜,2018-06,330700,52.67,2366,41559.02
7950,金华市,南瓜,2018-07,330700,55.84,1693,30923.26
7951,金华市,南瓜,2018-08,330700,60.67,2125,42909.69
7952,金华市,南瓜,2018-09,330700,64.34,1413,30296.93
7953,金华市,南瓜,2018-10,330700,66.99,1996,44570.67999999999
7954,金华市,南瓜,2018-11,330700,64.0,1851,39777.0
7955,金华市,南瓜,2018-12,330700,63.66,1763,37401.84
7956,金华市,南瓜,2019-01,330700,61.33,1098,22859.02
7957,金华市,南瓜,2019-02,330700,62.0,2502,51689.79
7958,金华市,南瓜,2019-03,330700,41.34,925,19119.75
7959,金华市,茄子,2016-12,330700,24.66,681,8396.73
7960,金华市,茄子,2017-01,330700,36.99,1545,19049.85
7961,金华市,茄子,2017-02,330700,36.99,1474,18174.42
7962,金华市,茄子,2017-03,330700,49.32,3337,41145.21
7963,金华市,茄子,2017-04,330700,73.98,3074,37902.42
7964,金华市,茄子,2017-05,330700,49.32,2658,32773.14
7965,金华市,茄子,2017-06,330700,36.99,1801,22206.33
7966,金华市,茄子,2017-07,330700,36.99,1637,20184.21
7967,金华市,茄子,2017-08,330700,36.99,1527,18827.91
7968,金华市,茄子,2017-09,330700,36.99,1007,12416.31
7969,金华市,茄子,2017-10,330700,36.99,984,12132.72
7970,金华市,茄子,2017-11,330700,36.99,1441,17767.53
7971,金华市,茄子,2017-12,330700,36.99,1465,18063.45
7972,金华市,茄子,2018-01,330700,37.67,796,9976.52
7973,金华市,茄子,2018-02,330700,38.67,2021,26030.78
7974,金华市,茄子,2018-03,330700,38.0,1335,16716.38
7975,金华市,茄子,2018-04,330700,36.99,2831,34906.23
7976,金华市,茄子,2018-05,330700,37.67,1419,17798.53
7977,金华市,茄子,2018-06,330700,37.33,1847,23013.550000000007
7978,金华市,茄子,2018-07,330700,36.99,1801,22206.33
7979,金华市,茄子,2018-08,330700,36.99,1771,21836.43
7980,金华市,茄子,2018-09,330700,38.67,1866,24035.25
7981,金华市,茄子,2018-10,330700,39.33,1941,25335.63
7982,金华市,茄子,2018-11,330700,39.0,1222,15886.0
7983,金华市,茄子,2018-12,330700,39.33,1517,20040.44
7984,金华市,茄子,2019-01,330700,38.67,1011,12888.9
7985,金华市,茄子,2019-02,330700,41.0,1361,18644.32
7986,金华市,茄子,2019-03,330700,26.0,1215,15642.21
7987,金华市,娃娃菜,2016-12,330700,8.46,1291,5460.93
7988,金华市,娃娃菜,2017-01,330700,12.57,1965,8231.01
7989,金华市,娃娃菜,2017-02,330700,12.51,2121,8844.57
7990,金华市,娃娃菜,2017-03,330700,16.68,1240,5170.8
7991,金华市,娃娃菜,2017-04,330700,25.02,2464,10274.88
7992,金华市,娃娃菜,2017-05,330700,16.509999999999998,1358,5612.539999999999
7993,金华市,娃娃菜,2017-06,330700,11.49,2270,8694.1
7994,金华市,娃娃菜,2017-07,330700,11.59,734,2838.120000000001
7995,金华市,娃娃菜,2017-08,330700,12.0,1615,6460.0
7996,金华市,娃娃菜,2017-09,330700,12.0,1598,6392.0
7997,金华市,娃娃菜,2017-10,330700,12.2,2024,8227.3
7998,金华市,娃娃菜,2017-11,330700,12.2,920,3766.4
7999,金华市,娃娃菜,2017-12,330700,12.44,1589,6588.33
8000,金华市,娃娃菜,2018-01,330700,12.51,1126,4695.42
8001,金华市,娃娃菜,2018-02,330700,12.37,2488,10268.42
8002,金华市,娃娃菜,2018-03,330700,12.0,1519,6076.0
8003,金华市,娃娃菜,2018-04,330700,12.2,2074,8456.099999999999
8004,金华市,娃娃菜,2018-05,330700,12.1,2432,9818.5
8005,金华市,娃娃菜,2018-06,330700,12.1,1639,6616.1
8006,金华市,娃娃菜,2018-07,330700,11.93,933,3703.23
8007,金华市,娃娃菜,2018-08,330700,11.73,1601,6283.17
8008,金华市,娃娃菜,2018-09,330700,11.83,1454,5730.02
8009,金华市,娃娃菜,2018-10,330700,12.21,1664,6772.480000000001
8010,金华市,娃娃菜,2018-11,330700,11.79,812,3191.1600000000008
8011,金华市,娃娃菜,2018-12,330700,11.79,736,2892.48
8012,金华市,娃娃菜,2019-01,330700,11.79,1843,7242.99
8013,金华市,娃娃菜,2019-02,330700,11.79,1037,4075.41
8014,金华市,娃娃菜,2019-03,330700,7.86,948,3725.64
